,sig1,sig2,sig3,sig4,sig5,sig6,sig7,sig8,price,return,news_sent,twit_sent,news_heat,neutral_news,news_heat_z,news_sent_z,delta_news,delta_twit,delta_ntr,gap,z_diff,rsi,macd,macd_signal,macd_hist,sma_20
2015-02-18,0,1,1,0,0,0,0,0,28.67544,0.69231987,0.1096,0.0086,0.9583,326.0,-1.15620286558908,-0.582905403629976,0.0374,0.0054,95.0,-0.101,0.2465801643892872,75.85643132594394,1.2038672295895623,1.0671427181432707,0.1367245114462916,26.666394599999997
2015-02-19,0,0,1,0,0,0,0,0,28.616396,-0.2058804,0.1824,0.0061,0.9583,304.0,-1.118268543720566,-0.11928489874709218,0.0728,-0.0024999999999999996,-22.0,-0.1763,0.4636205048828838,74.79984852858472,1.200101347839496,1.0937344440825156,0.10636690375698032,26.850099399999994
2015-02-20,0,0,1,0,0,0,0,0,28.849194,0.8135438,0.1387,0.0082,1.0,291.0,-1.0116075114168932,-0.39431745078872327,-0.04370000000000002,0.0021000000000000003,-13.0,-0.13049999999999998,-0.2750325520416311,76.20702337292173,1.2020452826753214,1.1153966118010767,0.08664867087424466,27.039008599999995
2015-02-23,0,0,0,0,0,0,0,0,29.630056,2.7066708,0.0249,0.002,1.5,138.0,-0.08843616263430669,-1.1014495645745415,-0.11379999999999998,-0.006200000000000001,-153.0,-0.022899999999999997,-0.7071321137858182,80.20071207767823,1.2521607725589412,1.1427494439526495,0.10941132860629166,27.265629899999993
2015-02-24,0,1,1,0,1,0,0,0,29.445148,-0.62406063,0.2982,0.0178,1.5833,331.0,0.06645493024825963,0.6608878075305834,0.27330000000000004,0.0158,193.0,-0.28040000000000004,1.762337372105125,76.90865945016581,1.2624049110995657,1.1666805373820328,0.09572437371753284,27.526943099999993
2015-02-25,0,0,1,0,0,0,0,0,28.692148,-2.5573134,0.1878,-0.0102,1.5833,328.0,0.06561632153292014,-0.060844204603443496,-0.11040000000000003,-0.028,-3.0,-0.198,-0.7217320121340269,65.17591433871662,1.1959761887470712,1.1725396676550406,0.02343652109203065,27.682148049999995
2015-02-26,0,0,1,0,0,0,1,0,29.054163,1.2617469,0.1055,-0.0321,1.25,265.0,-0.5651922914008821,-0.5964129974519482,-0.0823,-0.021899999999999996,-63.0,-0.1376,-0.5355687928485047,67.72512233548989,1.159180224639023,1.169867779051837,-0.010687554412813993,27.81562145
2015-02-27,0,1,1,0,1,0,1,0,28.618626,-1.4990509,0.22,-0.0251,1.7083,361.0,0.318637228762473,0.167184646642245,0.1145,0.006999999999999996,96.0,-0.2451,0.7635976440941932,61.858253527105965,1.0823977544730141,1.1523737741360724,-0.06997601966305833,27.946624099999998
2015-03-02,0,0,0,0,0,0,0,0,28.75897,0.4904151,0.0,-0.0023,0.5417,208.0,-1.8590040505815537,-1.2797419896350686,-0.22,0.0228,-153.0,-0.0023,-1.4469266362773137,62.97138764512297,1.0211010641210372,1.1261192321330653,-0.10501816801202812,28.068333899999992
2015-03-03,0,1,1,0,1,0,0,0,28.819124,0.20916462,0.5088,0.0095,0.8333,300.0,-1.2655624111998136,2.0050171758623447,0.5088,0.0118,92.0,-0.4993,3.2847591654974133,63.463572609599396,0.9662387219464534,1.094143130095743,-0.1279044081492895,28.192829199999995
2015-03-04,0,1,1,0,0,0,0,0,28.636444,-0.6338954,0.2004,0.013,0.4583,354.0,-1.8666895744194907,0.014971273677445697,-0.3084,0.0034999999999999996,54.0,-0.18739999999999998,-1.990045902184899,60.81966599754999,0.8976713744085707,1.0548487789583085,-0.15717740454973783,28.29809414999999
2015-03-05,0,0,1,0,0,0,0,0,28.161917,-1.6570628,0.4805,0.004,0.7917,312.0,-1.2231624557200307,1.7568736168121473,0.2801,-0.009,-42.0,-0.4765,1.7419023431347016,54.471535827308536,0.795866639164835,1.0030523509996139,-0.20718571183477885,28.370164299999992
2015-03-06,0,1,1,0,0,0,0,0,28.204247,0.15029907,-0.4467,-0.003,0.9583,394.0,-0.9029283490049084,-3.486834063615865,-0.9272,-0.007,82.0,0.4437,-5.243707680428012,54.92352060165355,0.7104121413053299,0.9445243090607571,-0.2341121677554272,28.455601699999995
2015-03-09,0,0,0,0,0,0,0,0,28.324545,0.42654276,0.0272,0.0016,2.0833,352.0,1.1121251087849848,-0.8756016835568602,0.4739,0.0046,-42.0,-0.025599999999999998,2.611232380059005,56.2527097426711,0.6449611684375647,0.8846116809361186,-0.23965051249855396,28.538253899999994
2015-03-10,0,1,1,0,0,0,0,0,27.73863,-2.0685852,0.134,0.0014,1.5417,2106.0,0.13029666597143433,-0.28630209431192105,0.1068,-0.0002000000000000001,1754.0,-0.1326,0.5892995892449391,48.71769028000838,0.5395922732455816,0.8156077993980112,-0.27601552615242964,28.565990049999993
2015-03-11,0,0,1,0,0,0,0,0,27.232912,-1.8231511,0.0814,-0.0037,4.0,871.0,3.809369276890263,-0.5700292276235486,-0.05260000000000001,-0.0051,-1235.0,-0.0851,-0.2837271333116275,43.323536645937644,0.41054691919778463,0.7345956233579659,-0.3240487041601813,28.53658254999999
2015-03-12,0,0,1,0,0,0,1,0,27.72526,1.8079162,0.0929,-0.0272,4.0,664.0,3.312901003707969,-0.4995618147292494,0.011499999999999996,-0.0235,-207.0,-0.1201,0.0704674128942992,49.21861537712017,0.3440400358931228,0.6564845058649973,-0.31244446997187447,28.514192499999996
2015-03-13,0,0,1,0,0,0,0,0,27.533672,-0.69103837,0.0801,-0.0051,4.0,445.0,2.970896975911734,-0.5641956944897317,-0.012799999999999992,0.022099999999999998,-219.0,-0.0852,-0.06463387976048235,47.16287644267037,0.2727294460003762,0.5797334938920731,-0.3070040478916969,28.475316999999997
2015-03-16,0,0,1,0,0,0,0,0,27.83665,1.100409,0.0327,-0.0015,1.0,138.0,-0.7610288851474047,-0.8191870674971354,-0.047400000000000005,0.0036000000000000003,-307.0,-0.0342,-0.2549913730074037,50.67170499217982,0.23792048302457403,0.5113708917185733,-0.2734504086939993,28.451590399999994
2015-03-17,0,1,1,0,0,0,0,0,28.30227,1.6726732,0.1019,-0.0054,1.5833,334.0,-0.029875659312161407,-0.4213724324420632,0.06920000000000001,-0.0039000000000000003,196.0,-0.1073,0.39781463505507225,55.556399743411745,0.2450806347327088,0.4581128403214004,-0.21303220558869163,28.442790599999995
2015-03-18,0,0,1,0,0,0,0,0,28.62085,1.1256337,0.1613,0.0056,1.3333,306.0,-0.34263153212436975,-0.08048133392499283,0.059399999999999994,0.011,-28.0,-0.1557,0.34089109851707033,58.578693556856976,0.273311287669479,0.42115252979101614,-0.14784124212153715,28.440061099999998
2015-03-19,0,0,1,0,1,0,0,0,28.403633,-0.75892806,0.2341,0.0076,1.125,245.0,-0.6008868684960467,0.33694772587417815,0.0728,0.002,-61.0,-0.2265,0.417429059799171,55.79279343449473,0.2749868101963564,0.3919193858720842,-0.11693257567572779,28.429422949999996
2015-03-20,0,0,1,0,0,0,0,0,28.0483,-1.25103,0.1796,-0.0062,1.0833,222.0,-0.6461337807356464,0.01910766939325911,-0.05449999999999999,-0.0138,-23.0,-0.18580000000000002,-0.31784005648091906,51.479705348032155,0.24482013627643084,0.36249953595295353,-0.11767939967652269,28.38937825
2015-03-23,0,0,1,0,0,0,0,0,28.340141,1.0405064,0.0968,0.004,0.7083,129.0,-1.1076494616859616,-0.4630107134263148,-0.08280000000000001,0.0102,-93.0,-0.0928,-0.48211838281957387,54.585014525584874,0.24167606826194543,0.3383348424147519,-0.09665877415280649,28.3248825
2015-03-24,0,1,1,0,1,0,0,0,28.224297,-0.40876865,0.2488,0.0097,0.75,268.0,-1.0349627936384156,0.4330165910273988,0.152,0.0057,139.0,-0.23909999999999998,0.8960273044537136,53.131415161293425,0.2272175070738207,0.3161113753465657,-0.08889386827274498,28.263839949999998
2015-03-25,0,0,1,0,0,0,0,0,27.48689,-2.6126802,0.1606,0.0056,1.125,253.0,-0.5465336354345963,-0.09247047409364985,-0.0882,-0.0041,-15.0,-0.155,-0.5254870651210487,44.929404157012506,0.1544757111905426,0.28378424251536105,-0.12930853132481845,28.20357705
2015-03-26,0,1,1,0,0,0,0,0,27.67849,0.69702864,0.1358,-0.0064,1.2917,303.0,-0.3277734461846118,-0.23962184037863588,-0.02479999999999999,-0.012,50.0,-0.1422,-0.14715136628498604,47.20972431425273,0.11100819918865668,0.24922903385002018,-0.1382208346613635,28.1347934
2015-03-27,0,1,1,0,0,0,0,0,27.45793,-0.7968426,0.1089,0.0046,1.4167,332.0,-0.1584584084395064,-0.4027103330022013,-0.026900000000000007,0.011,29.0,-0.1043,-0.16308849262356545,44.90465824431495,0.058092875549697,0.21100180218995554,-0.15290892664025854,28.076758600000005
2015-03-30,0,0,1,0,0,0,0,0,28.153006,2.531445,0.0631,-0.0025,1.25,227.0,-0.35961289122948437,-0.6816568879018862,-0.045799999999999993,-0.0071,-105.0,-0.0656,-0.27894655489968484,52.736563621986186,0.07142063195165704,0.18308556814229585,-0.1116649361906388,28.046460400000008
2015-03-31,0,0,1,0,0,0,0,0,27.72081,-1.5351772,0.0762,0.0123,1.5417,454.0,0.030086291349137904,-0.5888036225292704,0.0131,0.0148,227.0,-0.0639,0.09285326537261573,48.15294440187518,0.04657152221585292,0.15578275895700727,-0.10921123674115435,27.99154470000001
2015-04-01,0,0,1,0,0,0,0,0,27.680704,-0.14466047,0.1018,0.0085,1.2083,434.0,-0.39483756127601577,-0.4308680062517402,0.025599999999999998,-0.0037999999999999996,-20.0,-0.0933,0.15793561627753022,47.73829892345749,0.023372777867674444,0.1293007627391407,-0.10592798487146626,27.94375770000001
2015-04-02,0,0,1,0,0,0,0,0,27.91909,0.8611679,0.1352,0.0069,0.9167,335.0,-0.7555271301590025,-0.23350087423392268,0.033399999999999985,-0.0016000000000000007,-99.0,-0.1283,0.19736713201781753,50.46848220260157,0.02394731402944572,0.1082300729972017,-0.08428275896775599,27.931616350000006
2015-04-03,0,0,1,0,0,0,0,0,27.91909,0.0,0.1401,0.0034,0.0417,309.0,-1.8079269893540257,-0.1940701077315662,0.0049000000000000155,-0.0035,-26.0,-0.13670000000000002,0.039430766502356496,50.46848220260157,0.02412454533534003,0.09140896746482938,-0.06728442212948935,27.917358500000006
2015-04-06,0,0,1,0,0,0,0,0,28.371334,1.6198516,0.1302,-0.0185,0.75,125.0,-0.8828469650723535,-0.26362029631879647,-0.009899999999999992,-0.0219,-184.0,-0.1487,-0.06955018858723028,55.57470768985634,0.06006492262246255,0.085140158496356,-0.02507523587389346,27.919697950000007
2015-04-07,0,1,1,0,0,0,0,0,28.072811,-1.0522127,0.1479,0.0141,1.375,245.0,-0.07933509277133287,-0.1586107308954462,0.017699999999999994,0.0326,120.0,-0.1338,0.10500956542335027,51.7800672564219,0.06372503676339747,0.0808571341497643,-0.017132097386366826,27.93640700000001
2015-04-08,0,1,1,0,0,0,0,0,27.981468,-0.3253758,0.1075,-0.0079,1.7917,387.0,0.4627460948311039,-0.38775230486447276,-0.040400000000000005,-0.022,142.0,-0.1154,-0.22914157396902657,50.64067032430864,0.05857981522978761,0.07640167036576896,-0.01782185513598135,27.97383480000001
2015-04-09,0,1,1,0,0,0,0,0,28.195333,0.7643342,0.0434,-0.0039,2.125,556.0,0.8858814594061428,-0.7647380261234246,-0.06409999999999999,0.004000000000000001,169.0,-0.0473,-0.3769857212589518,53.23532454071738,0.07094153835610939,0.07530964396383705,-0.004368105607727657,27.997338450000008
2015-04-10,0,0,1,0,0,0,0,0,28.315643,0.4266739,0.0541,-0.0056,2.0,659.0,0.7305216863377194,-0.6908163453416687,0.010700000000000001,-0.0017000000000000001,103.0,-0.0597,0.07392168078175587,54.678635490523,0.08941557740543615,0.07813083065215687,0.011284746753279284,28.036437000000006
2015-04-13,0,0,1,0,0,0,0,0,28.259947,-0.19669533,0.0699,0.016,1.875,158.0,0.5452263972915836,-0.6009952964357187,0.0158,0.0216,-501.0,-0.0539,0.08982104890595,53.850054263271495,0.09842757292949145,0.08219017910762379,0.01623739382186766,28.057601850000008
2015-04-14,0,1,1,0,1,0,0,0,28.137417,-0.43358207,0.2305,0.0113,1.5417,379.0,0.10077439747165513,0.36064564283755685,0.16060000000000002,-0.004700000000000001,221.0,-0.2192,0.9616409392732755,51.98372639756964,0.09459209850612282,0.08467056298732359,0.009921535518799235,28.04935920000001
2015-04-15,0,1,1,0,0,0,0,0,28.24435,0.38003922,0.1276,0.017,1.0833,433.0,-0.48906175109775185,-0.2614614423940494,-0.10290000000000002,0.005700000000000002,54.0,-0.11059999999999999,-0.6221070852316062,53.498415657557445,0.09903939235098846,0.08754432886005656,0.011495063490931906,28.030534200000012
2015-04-16,0,0,1,0,1,0,0,0,28.108452,-0.48114657,0.2238,0.0219,1.25,358.0,-0.26520211561497464,0.3416831922170086,0.09620000000000001,0.004899999999999998,-75.0,-0.2019,0.603144634611058,51.28427448996913,0.09055421923968865,0.08814630693598298,0.00240791230370567,28.015775150000014
2015-04-17,0,1,1,0,0,0,0,0,27.792103,-1.1254668,0.0894,0.0082,1.3333,378.0,-0.1485960340095203,-0.46870038835151856,-0.13440000000000002,-0.013699999999999999,20.0,-0.0812,-0.8103835805685271,46.46352438546543,0.0576385170101581,0.08204474895081801,-0.02440623194065991,28.00296530000001
2015-04-20,0,0,1,0,0,0,0,0,28.427023,2.2845626,0.0837,0.0023,1.2083,149.0,-0.294838611419675,-0.47906129015912474,-0.005699999999999997,-0.005900000000000001,-229.0,-0.0814,-0.010360901807606182,55.5039536459435,0.08184190110941358,0.08200417938253712,-0.00016227827312353948,28.007309400000008
2015-04-21,0,1,1,0,0,0,0,0,28.273312,-0.5407512,0.1089,0.0189,0.75,241.0,-0.865690683420444,-0.30072638383666533,0.0252,0.0166,92.0,-0.09,0.1783349063224594,53.163379110454144,0.08761014903778275,0.08312537331358624,0.004484775724196505,28.009760150000012
2015-04-22,0,0,1,0,0,0,0,0,28.654264,1.3474107,0.0961,0.0128,1.0833,301.0,-0.4098149467925176,-0.3533200168873227,-0.012799999999999992,-0.0060999999999999995,60.0,-0.0833,-0.05259363305065734,57.90158859040354,0.12152035867923772,0.09080437038671654,0.030715988292521174,28.06812885000001
2015-04-23,0,1,1,0,0,0,0,0,28.888191,0.81635714,0.0984,-0.0117,1.8333,328.0,0.5805564688920526,-0.31191195875932504,0.0022999999999999965,-0.0245,27.0,-0.1101,0.04140805812799764,60.54135584722668,0.16536418265839004,0.10571633284105124,0.0596478498173388,28.128613900000012
2015-04-24,0,1,1,0,0,0,0,0,29.024076,0.4704237,0.0501,0.0158,1.8333,585.0,0.5805564688920526,-0.6698995449314225,-0.0483,0.027500000000000004,257.0,-0.0343,-0.3579875861720974,62.03074391048863,0.2086700939507935,0.1263070850629997,0.0823630088877938,28.20692120000001
2015-04-27,1,0,1,0,1,0,0,1,29.552078,1.8191576,0.212,0.0282,2.4167,205.0,1.3148597353583646,0.6452051225921198,0.1619,0.012399999999999998,-380.0,-0.1838,1.3151046675235423,67.20988129711043,0.2823410376248887,0.1575138755753775,0.12482716204951122,28.276874800000012
2015-04-28,1,1,1,0,0,0,0,0,29.086464,-1.5755713,0.6356,0.1515,2.375,588.0,1.2371815786130063,3.5847757606023833,0.4236000000000001,0.12329999999999999,383.0,-0.4841000000000001,2.9395706380102635,59.502046587000464,0.2996998791060186,0.1859510762815057,0.11374880282451288,28.34515750000001
2015-04-29,0,0,1,0,0,0,0,0,28.658724,-1.4705896,0.6611,0.053,1.2917,346.0,-0.14765686016194873,3.3365568360830578,0.025499999999999967,-0.0985,-242.0,-0.6081,-0.2482189245193256,53.43893479851999,0.2757630183962938,0.2039134647044633,0.07184955369183049,28.39405850000001
2015-04-30,0,1,1,0,0,0,0,0,27.881208,-2.7129948,0.1585,-0.0137,1.9583,443.0,0.6871345727442996,0.05532420563799413,-0.5026,-0.0667,97.0,-0.1722,-3.2812326304450634,44.552118802766124,0.19184240082148207,0.20149925192786705,-0.009656851106384978,28.392164400000013
2015-05-01,0,0,1,0,0,0,0,0,28.72778,3.036356,0.2158,-0.0164,1.5417,431.0,0.13277813088614693,0.4260401877423679,0.05729999999999999,-0.002700000000000001,-12.0,-0.2322,0.3707159821043738,53.599977949526675,0.19143920014809268,0.19948724157191217,-0.008048041423819485,28.432598900000016
2015-05-04,0,0,1,0,0,0,0,0,28.672096,-0.19387603,0.1753,0.0111,1.25,96.0,-0.2524797272543289,0.14942957449562125,-0.04049999999999998,0.027500000000000004,-335.0,-0.1642,-0.27661061324674663,52.98750689357543,0.1844996303880535,0.19648971933514042,-0.011990088947086919,28.447637000000014
2015-05-05,0,1,1,0,0,0,0,0,28.02602,-2.2533,0.0694,0.0062,1.5,313.0,0.0807229593292368,-0.5328003449446505,-0.10590000000000001,-0.004900000000000001,217.0,-0.0632,-0.6822299194402717,46.3673123929537,0.12542125943203075,0.18227602735451848,-0.056854767922487726,28.445297450000016
2015-05-06,0,1,1,0,0,0,0,0,27.850023,-0.6279826,0.0511,-0.0178,1.25,350.0,-0.2411199810032486,-0.6266754667882285,-0.018300000000000004,-0.024,37.0,-0.0689,-0.09387512184357805,44.72792222156172,0.06366583763535161,0.1585539894106851,-0.0948881517753335,28.438725200000015
2015-05-07,0,0,1,0,1,0,0,0,28.022278,0.6159544,0.1525,-0.0193,1.4167,307.0,-0.02807485578190064,0.050337166985430434,0.10139999999999999,-0.0015000000000000013,-43.0,-0.1718,0.677012633773659,46.71372899663234,0.02829756314923415,0.1325027041583949,-0.10420514100916076,28.43007245000002
2015-05-08,0,0,1,0,0,0,1,0,28.55025,1.884079,0.1308,-0.0301,1.3333,226.0,-0.13071840674204305,-0.09189244760745842,-0.021699999999999997,-0.010799999999999997,-81.0,-0.1609,-0.14222961459288885,52.36308058098162,0.04238232173533163,0.11447862767378225,-0.07209630593845062,28.441802800000016
2015-05-11,0,0,1,0,0,0,0,0,28.259418,-1.0186493,0.1451,0.0091,1.0,165.0,-0.6027339420560783,-0.00413974283797811,0.014300000000000007,0.0392,-61.0,-0.136,0.08775270476948031,49.26469773814183,0.029734126077883616,0.09752972735460252,-0.06779560127671891,28.441776350000016
2015-05-12,0,1,1,0,1,0,0,0,28.15763,-0.36019683,0.1808,0.0225,1.375,255.0,-0.09321447968067068,0.22069271848908223,0.03569999999999998,0.013399999999999999,90.0,-0.1583,0.22483246132706033,48.18995266047958,0.011365880180132848,0.08029695791970859,-0.06893107773957574,28.442787000000017
2015-05-13,0,0,1,0,0,0,0,0,28.190067,0.11520386,0.1847,0.006,0.8333,206.0,-0.8158782072070674,0.23827626823276207,0.0039000000000000146,-0.0165,-49.0,-0.1787,0.017583549743679844,48.57496356787045,-0.0005671544141740981,0.06412413545293205,-0.06469128986710615,28.440072850000014
2015-05-14,0,1,1,0,0,0,0,0,28.847784,2.3331404,0.1128,0.0135,1.5417,213.0,0.12047521122881917,-0.23105921905919805,-0.0719,0.0075,7.0,-0.0993,-0.4693354872919601,55.75471075988676,0.042557518247427595,0.05981081201183116,-0.017253293764403564,28.477039450000017
2015-05-15,0,0,1,0,0,0,0,0,28.807514,-0.13958216,0.0964,0.015,0.8333,267.0,-0.8258357012416019,-0.33487448417337284,-0.016399999999999998,0.0014999999999999996,54.0,-0.0814,-0.1038152651141748,55.246125677785194,0.0726472473327604,0.062378099076017005,0.010269148256743396,28.527810000000017
2015-05-18,0,0,1,0,0,0,0,0,29.125187,1.1027455,0.0982,0.032,1.5417,185.0,0.12292992359968143,-0.33260576964530236,0.001799999999999996,0.017,-82.0,-0.0662,0.0022687145280704812,58.464832182859524,0.12073536844140875,0.07404955294909535,0.046685815492313404,28.562718200000017
2015-05-19,0,1,1,0,0,0,0,0,29.098343,-0.09216666,0.1192,0.0086,1.8333,474.0,0.5072506815161748,-0.17434660331921706,0.021000000000000005,-0.0234,289.0,-0.1106,0.1582591663260853,58.084674380840525,0.15489394345882346,0.09021843105104096,0.06467551240778249,28.603969750000015
2015-05-20,0,0,1,0,0,0,0,0,29.096107,-0.0076949596,0.0991,0.0035,1.0417,402.0,-0.5385495819542943,-0.2993894652538225,-0.020100000000000007,-0.0051,-72.0,-0.09559999999999999,-0.12504286193460543,58.05081439518083,0.17971281626780566,0.1081173080943939,0.07159550817341176,28.626061900000014
2015-05-21,0,0,1,0,0,0,0,0,29.39364,1.0226011,0.0976,0.0133,0.8333,247.0,-0.8034381515515703,-0.30850019238119686,-0.0014999999999999875,0.0098,-155.0,-0.08430000000000001,-0.009110727127374374,61.28491450287754,0.2208446189954394,0.130662770274603,0.0901818487208364,28.651334350000013
2015-05-22,0,1,1,0,0,0,0,0,29.650908,0.8752465,0.1262,0.0132,1.0417,259.0,-0.5112902775451276,-0.1062200297568587,0.0286,-9.99999999999994e-05,12.0,-0.113,0.20228016262433818,63.87811247540975,0.2710764459872266,0.1587455054171277,0.11233094057009888,28.68267595000001
2015-05-25,0,0,0,0,0,0,0,0,29.650908,0.0,0.0249,0.0017,0.0833,82.0,-1.74634543474642,-0.7925730063375483,-0.1013,-0.0115,-177.0,-0.0232,-0.6863529765806896,63.87811247540975,0.3073426757273765,0.18846493947917747,0.11887773624819903,28.687617450000005
2015-05-26,0,0,1,0,0,0,0,0,28.997673,-2.2031069,0.0376,0.0011,1.5,216.0,0.09122329268475232,-0.6885102133406119,0.012700000000000003,-0.0005999999999999998,134.0,-0.036500000000000005,0.10406279299693644,53.35420246949083,0.28014399332176865,0.2068007502476957,0.07334324307407294,28.683177900000004
2015-05-27,0,1,1,0,0,0,0,0,29.540174,1.8708587,0.0595,-0.0085,1.2917,301.0,-0.2034481992828972,-0.5160899555389707,0.021899999999999996,-0.009600000000000001,85.0,-0.068,0.17242025780164116,59.344641187366385,0.29891839322253944,0.22522427884266444,0.073694114379875,28.727250400000003
2015-05-28,0,1,1,0,0,0,0,0,29.480888,-0.20068884,0.0933,0.0039,1.0,464.0,-0.5986726191721874,-0.243398912574238,0.0338,0.012400000000000001,163.0,-0.0894,0.27269104296473273,58.461054745215705,0.3054918359570742,0.24127779026554638,0.0642140456915278,28.807234400000006
2015-05-29,0,0,1,0,0,0,0,0,29.145325,-1.138258,0.1139,-0.0099,0.7917,315.0,-0.8708631529519687,-0.19239737579226987,0.020600000000000007,-0.0138,-149.0,-0.12380000000000001,0.05100153678196814,53.59683402102786,0.2803920223051364,0.24910063667346438,0.031291385631672,28.82811165
2015-06-01,0,0,1,0,0,0,0,0,29.202372,0.19574165,-0.0667,0.002,0.625,214.0,-1.0569866251971625,-1.7823001849331297,-0.18059999999999998,0.0119,-101.0,0.0687,-1.5899028091408598,54.293094701141655,0.26208233329230524,0.25169697599723256,0.010385357295072672,28.854625449999997
2015-06-02,0,1,1,0,0,0,0,0,29.073742,-0.44049025,0.0657,0.0054,0.8333,395.0,-0.7609949324997836,-0.5918160472994853,0.1324,0.0034000000000000002,181.0,-0.06029999999999999,1.1904841376336444,52.384468243920125,0.23448935946980498,0.24825545269174704,-0.013766093221942055,28.90701155
2015-06-03,0,0,1,0,0,0,0,0,29.109526,0.12310743,0.082,-0.006,1.25,290.0,-0.16746516382812696,-0.44726732584695394,0.01630000000000001,-0.0114,-105.0,-0.08800000000000001,0.1445487214525314,52.880724783699996,0.21305325337559466,0.24121501282851657,-0.028161759452921903,28.9699867
2015-06-04,0,1,1,0,0,0,0,0,28.939508,-0.5840719,0.1101,-0.0125,0.9583,375.0,-0.6081682309000178,-0.20056870187255016,0.0281,-0.006500000000000001,85.0,-0.1226,0.24669862397440379,50.20351483932208,0.18026793659664975,0.2290255975821432,-0.048757660985493445,29.0158482
2015-06-05,0,0,1,0,0,0,0,0,28.78067,-0.5488634,0.1201,-0.0034,0.7917,325.0,-0.9998417020827978,-0.11788452890273723,0.009999999999999995,0.0091,-50.0,-0.1235,0.08268417296981292,47.77026410437997,0.13985626178013533,0.2111917304217416,-0.07133546864160628,29.0273692
2015-06-08,0,0,1,0,1,0,0,1,28.590513,-0.6606996,0.1794,0.0005,2.1667,247.0,1.848448771666408,0.3901476577321487,0.059300000000000005,0.0039,-78.0,-0.1789,0.5080321866348859,44.960764245926306,0.09143167026542898,0.1872397183904791,-0.09580804812505012,29.04392395
2015-06-09,0,1,1,0,0,0,0,0,28.505505,-0.29734373,0.0989,0.001,4.0,1713.0,4.511444987960359,-0.3296163569352937,-0.0805,0.0005,1466.0,-0.0979,-0.7197640146674424,43.722790571075045,0.045668954175386745,0.15892556554746062,-0.11325661137207388,29.061317699999996
2015-06-10,0,0,1,0,0,0,0,0,28.832123,1.1458278,0.1043,-0.0031,4.0,564.0,3.833735417118521,-0.2727570016081598,0.005400000000000002,-0.0040999999999999995,-1149.0,-0.10740000000000001,0.056859355327133876,49.478739149174714,0.03534952756152876,0.13421035795027425,-0.09886083038874549,29.093420499999997
2015-06-11,0,0,1,0,1,0,0,1,28.767252,-0.22501945,0.1656,0.0023,4.0,349.0,3.377316990846126,0.2874989892793217,0.06129999999999999,0.0054,-215.0,-0.1633,0.5602559908874816,48.41948618355566,0.021686768504384446,0.11170564006109629,-0.09001887155671184,29.089393899999994
2015-06-12,0,0,1,0,0,0,0,0,28.449572,-1.1042833,0.1104,-0.0039,0.9583,262.0,-0.5871710952390934,-0.19911110464953238,-0.0552,-0.0062,-87.0,-0.1143,-0.4866100939288541,43.50737782576216,-0.014606809315363734,0.08644315018580429,-0.10104995950116802,29.071496799999995
2015-06-15,0,0,1,0,1,0,0,0,28.39365,-0.19658804,0.1646,0.0037,0.625,116.0,-1.017750756063285,0.2790874079316724,0.0542,0.0076,-146.0,-0.1609,0.4781985125812048,42.68643084499486,-0.04733650351242602,0.05968721944615822,-0.10702372295858424,29.034919949999995
2015-06-16,0,0,1,0,0,0,0,0,28.54577,0.53577423,0.175,-0.0035,0.75,217.0,-0.8551998456729261,0.38700523370574663,0.010399999999999993,-0.0072,101.0,-0.1785,0.10791782577407422,45.688576056691446,-0.06030505020799026,0.03568876551532853,-0.09599381572331879,29.00729129999999
2015-06-17,0,1,1,0,0,0,0,0,28.478655,-0.23510456,0.1142,-0.0064,0.8333,236.0,-0.7379298152038277,-0.1583701966599148,-0.06079999999999999,-0.0029000000000000002,19.0,-0.1206,-0.5453754303656615,44.57908613212025,-0.07513225858533445,0.01352456069519593,-0.08865681928053039,28.976418699999993
2015-06-18,0,1,1,0,0,0,0,0,28.608402,0.4556179,0.0794,0.025,0.875,263.0,-0.6723809915020105,-0.4652189704486004,-0.0348,0.031400000000000004,27.0,-0.0544,-0.3068487737886856,47.24614355732962,-0.07554262117630017,-0.004288875679103292,-0.07125374549719687,28.93715679999999
2015-06-19,0,0,1,0,0,0,0,0,28.322054,-1.0009348,0.0875,0.0209,0.5,211.0,-1.124325844793572,-0.38813486765964517,0.008099999999999996,-0.004100000000000003,-52.0,-0.06659999999999999,0.07708410278895522,42.39689697644675,-0.09784582125553243,-0.02300026479438912,-0.07484555646114331,28.870714099999994
2015-06-22,0,1,1,0,0,0,0,0,28.548004,0.7977843,0.0676,-0.0005,1.4583,300.0,0.09485035866573524,-0.5693846337027894,-0.0199,-0.0214,89.0,-0.0681,-0.1812497660431442,47.01793614500543,-0.09618028489304109,-0.037636268814119515,-0.058544016078921575,28.815568899999995
2015-06-23,0,0,1,0,0,0,0,0,28.418251,-0.45450926,0.0655,-0.0019,0.875,478.0,-0.6338755155038771,-0.5862868498666671,-0.0020999999999999908,-0.0014,178.0,-0.0674,-0.01690221616387777,44.79555551626851,-0.10412997253048673,-0.050935009557392955,-0.05319496297309377,28.7865978
2015-06-24,0,0,1,0,0,0,0,0,28.659868,0.85018873,0.0449,0.0033,1.5417,377.0,0.20780073089508916,-0.7609011860096297,-0.0206,0.0052,-101.0,-0.041600000000000005,-0.17461433614296262,49.57518224860514,-0.0898974033287061,-0.058727488311655585,-0.03116991501705052,28.742582499999997
2015-06-25,0,0,1,0,0,0,0,0,28.523397,-0.4761517,0.0653,0.0093,1.0417,290.0,-0.43197956733894477,-0.5648878077886299,0.020399999999999995,0.005999999999999999,-87.0,-0.055999999999999994,0.19601337822099985,47.09495272777659,-0.08860863368823857,-0.06470371738697218,-0.023904916301266385,28.694707949999998
2015-06-26,0,0,1,0,0,0,0,0,28.355616,-0.58823824,0.0503,0.0015,1.125,380.0,-0.3575107964472561,-0.6836235003692346,-0.015,-0.0078,90.0,-0.048799999999999996,-0.11873569258060468,44.169221762266844,-0.0999733682013968,-0.07175764754985711,-0.028215720651539683,28.6552225
2015-06-29,0,0,1,0,1,0,0,0,27.858974,-1.7514825,0.1486,-0.0027,1.4583,123.0,0.06295742620900846,0.19411221786358113,0.09830000000000001,-0.004200000000000001,-257.0,-0.15130000000000002,0.8777357182328157,36.86800826296175,-0.14735623007693377,-0.08687736405527244,-0.06047886602166133,28.588052600000005
2015-06-30,0,1,1,0,0,0,0,0,28.059196,0.7187009,0.2193,0.009,1.75,270.0,0.4375410274779252,0.8121586862958351,0.07069999999999999,0.011699999999999999,147.0,-0.2103,0.618046468432254,41.09544588509335,-0.1668281562748355,-0.10286752249918504,-0.06396063377565045,28.537325300000003
2015-07-01,0,1,1,0,0,0,0,0,28.322054,0.9368062,0.1525,0.0036,1.4583,514.0,0.06207227853055609,0.21050192249096278,-0.0668,-0.005399999999999999,244.0,-0.1489,-0.6016567638048723,46.189770860195786,-0.1592140339937096,-0.11413682479808995,-0.04507720919561964,28.497951700000005
2015-07-02,0,0,1,0,0,0,0,0,28.286259,-0.12637973,0.0956,0.0049,0.4167,241.0,-1.262573165216278,-0.3052660988553861,-0.05689999999999999,0.0013,-273.0,-0.0907,-0.5157680213463489,45.6112808125195,-0.1542895902236694,-0.12216737788320584,-0.03212221234046356,28.46528925
2015-07-03,0,0,1,0,0,0,0,0,28.286259,0.0,0.0806,0.0038,0.0417,175.0,-1.6775250084352493,-0.4443667405247711,-0.015,-0.0010999999999999998,-66.0,-0.07680000000000001,-0.13910064166938502,45.6112808125195,-0.14867312185428005,-0.12746852667742067,-0.02120459517685938,28.4405687
2015-07-06,0,0,1,0,0,0,0,0,28.18783,-0.34799576,0.0592,-0.0087,0.4167,98.0,-1.1565400385705318,-0.6339825597890137,-0.021400000000000002,-0.012499999999999999,-77.0,-0.0679,-0.18961581926424265,43.85948422105549,-0.1504303603471584,-0.13206089341136823,-0.01836946693579017,28.42043455
2015-07-07,0,1,1,0,0,0,0,0,28.118479,-0.24603009,0.1044,0.0061,1.125,222.0,-0.24654330726399953,-0.21179957516996334,0.045200000000000004,0.0148,124.0,-0.09830000000000001,0.4221829846190504,42.61750656112106,-0.15562508155556998,-0.13677373104020857,-0.01885135051536141,28.40108325
2015-07-08,0,1,1,0,1,0,1,0,27.420492,-2.482301,0.1645,-0.048,1.5833,227.0,0.32598946340086316,0.32414393059580154,0.0601,-0.0541,5.0,-0.21250000000000002,0.5359435057657649,32.60903956802461,-0.2136013892652322,-0.1521392626852133,-0.0614621265800189,28.330501699999996
2015-07-09,0,1,1,0,0,0,0,0,26.861214,-2.039653,0.1764,-0.0175,1.5833,300.0,0.31866895452388766,0.4405077774047627,0.011899999999999994,0.0305,73.0,-0.19390000000000002,0.11636384680896117,27.1143431981755,-0.30120498773559135,-0.18195240769528892,-0.11925258004030242,28.235199799999997
2015-07-10,0,0,1,0,0,0,1,0,27.579329,2.6734352,0.1758,-0.0294,1.8333,268.0,0.6237979058311377,0.42183733763621006,-0.0005999999999999894,-0.011899999999999997,-32.0,-0.20520000000000002,-0.01867043976855265,40.88756358262362,-0.3091222231441577,-0.20738637078506267,-0.10173585235909505,28.19168765
2015-07-13,0,0,0,0,0,0,0,0,28.11177,1.9305706,0.075,0.0542,1.1667,131.0,-0.21988909698395076,-0.48824797619573285,-0.10080000000000001,0.0836,-137.0,-0.0208,-0.9100853138319429,48.63755605464648,-0.2693284990552094,-0.219774796439092,-0.049553702616117384,28.17759365
2015-07-14,0,1,1,0,1,0,0,0,28.100578,-0.03979206,0.2689,0.0352,1.125,287.0,-0.28180190890404455,1.2245477379974552,0.19389999999999996,-0.018999999999999996,156.0,-0.23369999999999996,1.712795714193188,48.493633770321736,-0.23597461836950728,-0.22301476082517507,-0.01295985754433221,28.155334050000004
2015-07-15,0,0,1,0,0,0,0,0,28.371277,0.9632945,0.1106,0.0116,1.2083,271.0,-0.17861057648998707,-0.19039724595954546,-0.15829999999999997,-0.023600000000000003,-16.0,-0.099,-1.4149449839570007,52.17945647080986,-0.18555926890498853,-0.21552366244113777,0.029964393536149242,28.149965150000003
2015-07-16,0,0,1,0,1,0,0,0,28.74935,1.332593,0.2172,0.0098,1.0417,270.0,-0.37467146953656383,0.7408068262933599,0.1066,-0.0017999999999999995,-1.0,-0.2074,0.9312040722529054,56.8263815777064,-0.11378575842531902,-0.195176081637974,0.08139032321265499,28.157012550000008
2015-07-17,0,0,1,0,0,0,0,0,28.997673,0.8637428,0.2172,0.0177,1.25,216.0,-0.09688780037703865,0.7163023083620232,0.0,0.0079,-54.0,-0.1995,-0.024504517931336678,59.603060091753136,-0.03644700510449539,-0.16343026633127827,0.12698326122678288,28.190793500000005
2015-07-20,0,0,1,0,0,0,0,0,29.545773,1.8901467,0.4048,0.0271,1.6667,94.0,0.45944165904642986,2.259448957440883,0.1876,0.009399999999999999,-122.0,-0.3777,1.5431466490788597,64.9598075559044,0.0682844626551784,-0.11708732053398693,0.18537178318916533,28.24068195000001
2015-07-21,0,1,1,0,0,0,0,0,29.250463,-0.9994745,0.3681,0.0139,1.7917,293.0,0.6429115355642293,2.2766860998970757,-0.03670000000000001,-0.0132,199.0,-0.35419999999999996,0.01723714245619279,60.31883813547657,0.12600336802067602,-0.06846918282305434,0.19447255084373036,28.282292550000005
2015-07-22,0,1,1,0,0,0,0,0,28.013334,-4.2294445,0.5839,0.0548,2.4167,420.0,1.4161149590677313,4.6974074291771695,0.2158,0.040900000000000006,127.0,-0.5291,2.4207213292800938,45.61596112696789,0.07110044352901923,-0.040555257552639626,0.11165570108165886,28.249965850000006
2015-07-23,0,0,1,0,0,0,1,0,27.999908,-0.047916174,0.4046,-0.0321,2.2083,337.0,1.1349859936795144,2.614310393118029,-0.17929999999999996,-0.0869,-83.0,-0.43670000000000003,-2.0830970360591405,45.48637841774804,0.026204050340069784,-0.027203395974097745,0.05340744631416753,28.223791400000003
2015-07-24,0,0,1,0,0,0,0,0,27.85226,-0.52732825,0.2768,0.0165,1.3333,259.0,0.013371801970597291,1.3356627159928276,-0.12780000000000002,0.0486,-78.0,-0.2603,-1.2786476771252013,44.005884626009774,-0.021047996179365924,-0.025972316015151382,0.004924319835785458,28.1986236
2015-07-27,0,0,1,0,0,0,0,0,27.465235,-1.3895631,0.1315,-0.0157,0.9167,142.0,-0.514836820883043,-0.06849159124758654,-0.14529999999999998,-0.0322,-117.0,-0.1472,-1.4041543072404141,40.30285507733305,-0.08870275631647928,-0.038518404075416963,-0.05018435224106232,28.178936650000004
2015-07-28,0,1,1,0,0,0,0,0,27.601704,0.49686432,0.1231,0.0106,0.875,289.0,-0.5538286592660039,-0.15944507770458477,-0.008400000000000005,0.026299999999999997,147.0,-0.1125,-0.09095348645699823,42.15135437767421,-0.12981134894451785,-0.05677699304923714,-0.0730343558952807,28.156062050000003
2015-07-29,0,0,1,0,0,0,0,0,27.514452,-0.31609535,0.1231,0.0084,1.0417,186.0,-0.3353289563866542,-0.17221730767189866,0.0,-0.0022000000000000006,-103.0,-0.1147,-0.012772229967313892,41.271438011502745,-0.1674998776537251,-0.07892156997013473,-0.08857830768359036,28.115681950000003
2015-07-30,0,0,1,0,0,0,1,0,27.375755,-0.5041003,0.1231,-0.0369,1.125,154.0,-0.22234030993188952,-0.16738535487276932,0.0,-0.0453,-32.0,-0.16,0.0048319527991293465,39.84744865978881,-0.2061832448457963,-0.10437390494526705,-0.10180933990052926,28.070156750000006
2015-07-31,0,1,1,0,1,0,0,0,27.136381,-0.8743942,0.1507,0.0058,1.25,209.0,-0.06047691603774496,0.10031526167154733,0.0276,0.0427,55.0,-0.1449,0.26770061654431665,37.446083866061585,-0.25323642147952086,-0.13414640825211782,-0.11909001322740304,28.01266285000001
2015-08-03,0,0,1,0,0,0,0,0,26.496557,-2.3577929,0.1605,0.0199,1.7083,102.0,0.5108173286268743,0.19394445952486797,0.009800000000000003,0.014100000000000001,-107.0,-0.1406,0.09362919785332063,31.91054315842465,-0.3382556519306732,-0.1749682569878289,-0.1632873949428443,27.928099200000013
2015-08-04,0,1,1,0,0,0,1,0,25.64645,-3.208381,0.237,-0.031,2.0,221.0,0.8651026565980162,0.9297795298596001,0.07649999999999998,-0.0509,119.0,-0.268,0.7358350703347322,26.33926286161256,-0.4688261982735362,-0.23373984524497035,-0.23508635302856587,27.804497750000014
2015-08-05,0,0,1,0,0,0,1,0,25.816475,0.6629467,0.2218,-0.0485,2.5,309.0,1.4435783919041805,0.7726641859449216,-0.015199999999999991,-0.0175,88.0,-0.2703,-0.15711534391467852,29.008878418815108,-0.5522190628068522,-0.2974356887573467,-0.25478337404950546,27.724296900000013
2015-08-06,0,1,1,0,0,0,1,0,25.872654,0.21663904,0.0999,-0.0259,1.5,559.0,0.1922238020566701,-0.40959581674381074,-0.1219,0.022600000000000002,250.0,-0.1258,-1.1822600026887322,29.912731212151762,-0.6067807422810247,-0.3593046994620823,-0.24747604281894242,27.674868900000014
2015-08-07,0,0,1,0,1,0,0,0,25.960299,0.33874512,0.1734,0.0139,0.7083,269.0,-0.7952563095578673,0.29198485068511904,0.0735,0.0398,-290.0,-0.1595,0.7015806674289298,31.38057078645232,-0.6356219926692681,-0.4145681581035195,-0.22105383456574862,27.59391740000001
2015-08-10,0,0,1,0,0,0,0,0,26.904146,3.6357403,0.1329,0.0078,1.375,108.0,0.04169182992838469,-0.10748127490256337,-0.04050000000000001,-0.0060999999999999995,-161.0,-0.1251,-0.3994661255876824,44.79015027230191,-0.5756822202649623,-0.4467909705358081,-0.12889124972915422,27.533536200000007
2015-08-11,0,1,1,0,1,0,0,0,25.5041,-5.2038136,0.2206,0.0334,1.4167,230.0,0.10285910273428292,0.7269117811240552,0.0877,0.025599999999999998,122.0,-0.18719999999999998,0.8343930560266186,34.1343684738743,-0.6338449601731,-0.48420176846326646,-0.14964319170983353,27.403712300000006
2015-08-12,0,1,1,0,0,0,1,0,25.897379,1.5419841,0.2352,-0.0292,1.625,266.0,0.3520567170715839,0.8427623851045942,0.014600000000000002,-0.0626,36.0,-0.26439999999999997,0.11585060398053904,38.55640715361008,-0.6408180702416075,-0.5155250288189347,-0.12529304142267284,27.28001740000001
2015-08-13,0,0,1,0,0,0,1,0,25.877153,-0.078094006,0.1722,-0.0259,1.125,188.0,-0.28228233040635337,0.2229505826753916,-0.063,0.003300000000000001,-78.0,-0.1981,-0.6198118024292026,38.41356964297424,-0.6405920331700194,-0.5405384296891517,-0.10005360348086778,27.13640755000001
2015-08-14,0,1,1,0,0,0,0,0,26.059174,0.7034302,0.1196,-0.0032,1.0,376.0,-0.43855491737554636,-0.28449631803509096,-0.052599999999999994,0.022699999999999998,188.0,-0.12279999999999999,-0.5074469007104826,40.54812511988944,-0.6185945507558692,-0.5561496539024952,-0.062444896853374066,26.98948260000001
2015-08-17,0,0,1,0,1,0,0,0,26.328852,1.0348439,0.2825,0.0056,0.5,109.0,-1.0892822550134984,1.2473661305043313,0.1629,0.0088,-267.0,-0.2769,1.5318624485394223,43.66357252083858,-0.5727977705082488,-0.5594792772236459,-0.013318493284602884,26.82863655000001
2015-08-18,0,1,1,0,0,0,0,0,26.180523,-0.5633354,0.1045,-0.0126,0.625,264.0,-0.9053682520346591,-0.48652065194099875,-0.178,-0.0182,155.0,-0.1171,-1.7338867824453301,42.34906249671012,-0.5422220051232642,-0.5560278228035695,0.01380581768030531,26.67513955000001
2015-08-19,0,0,1,0,1,0,0,0,25.845688,-1.2789667,0.181,0.0245,1.1667,258.0,-0.21765742279485517,0.24068421104249238,0.0765,0.0371,-6.0,-0.1565,0.7272048629834911,39.461027275724945,-0.5387979495638255,-0.5525818481556207,0.013783898591795185,26.566757250000013
2015-08-20,0,0,1,0,0,0,0,0,25.315336,-2.0519972,0.1468,-0.0136,1.2083,241.0,-0.16968767256389486,-0.10389383780620011,-0.03419999999999998,-0.0381,-17.0,-0.16040000000000001,-0.3445780488486925,35.34901800931372,-0.5722824194296336,-0.5565219624104233,-0.01576045701921036,26.432528650000013
2015-08-21,0,0,1,0,1,0,1,0,23.766977,-6.116289,0.2413,-0.0205,1.125,189.0,-0.2831482487800476,0.802023592578661,0.09449999999999997,-0.006900000000000002,-52.0,-0.2618,0.905917430384861,26.62574293134852,-0.7155107713822808,-0.5883197242047948,-0.12719104717748597,26.228264500000012
2015-08-24,0,1,1,0,0,0,1,0,23.173704,-2.4962187,0.042,-0.0314,2.0,195.0,0.8005783683423126,-1.2068165584957655,-0.19929999999999998,-0.010899999999999996,6.0,-0.07339999999999999,-2.0088401510744265,24.165049512281612,-0.8668993688223061,-0.6440356531282971,-0.22286371569400898,26.013687950000012
2015-08-25,0,1,1,1,0,0,0,0,23.313028,0.60123205,-0.3184,-0.0257,2.2917,314.0,1.1327120292468913,-4.07728640649175,-0.3604,0.005699999999999997,119.0,0.2927,-2.870469847995984,25.897047250861437,-0.9645153084824685,-0.7081315841991314,-0.2563837242833371,25.799254150000014
2015-08-26,0,0,1,0,1,1,0,0,24.65015,5.7354927,0.2326,-0.014,1.9583,273.0,0.6938853954050607,0.6476893105597766,0.551,0.0117,-41.0,-0.2466,4.724975717051526,40.048677270173,-0.9233384029913445,-0.7511729479575739,-0.17216545503377056,25.656039050000015
2015-08-27,0,0,1,0,0,0,0,0,25.376017,2.9446602,0.1107,0.011,1.375,214.0,-0.04907743612799178,-0.40232234774746795,-0.1219,0.025,-59.0,-0.09970000000000001,-1.0500116583072445,46.069752671884025,-0.8226509995097935,-0.7654685582680179,-0.05718244124177563,25.556052150000014
2015-08-28,0,1,1,0,0,0,0,0,25.459152,0.32767057,0.1524,0.0023,1.0417,385.0,-0.4765535084465835,-0.0478305245409619,0.0417,-0.0087,171.0,-0.1501,0.3544918232065061,46.72964400934568,-0.7277580651637372,-0.7579264596471618,0.030168394483424565,25.472190700000017
2015-08-31,0,0,1,0,0,0,0,0,25.340055,-0.46782494,0.1023,0.0029,1.25,130.0,-0.1949042432920212,-0.467902894841726,-0.050100000000000006,0.0005999999999999998,-255.0,-0.0994,-0.42007237030076405,45.86385479097723,-0.6546188252611138,-0.7372649327699522,0.08264610750883838,25.414365600000018
2015-09-01,0,1,1,0,0,0,0,0,24.207434,-4.469669,0.1421,0.0034,2.0,466.0,0.8872911316031998,-0.13180437295871747,0.0398,0.0005,336.0,-0.13870000000000002,0.3360985218830085,38.54906258627412,-0.6802074911463976,-0.7258534444452412,0.04564595329884369,25.342414800000014
2015-09-02,0,0,1,0,0,0,0,0,25.245665,4.288888,0.1136,-0.0169,1.4583,245.0,0.21118709419170129,-0.3791424767786315,-0.028499999999999998,-0.0203,-221.0,-0.1305,-0.24733810381991403,46.90805849563595,-0.6096820927243662,-0.7026191741010662,0.09293708137669998,25.313874300000013
2015-09-03,0,1,1,0,0,0,0,0,24.80296,-1.7535985,0.1554,0.0062,1.2083,334.0,-0.14089471171684678,-0.01698535169984707,0.041800000000000004,0.0231,89.0,-0.1492,0.36215712507878445,44.150251310991365,-0.5827947054395928,-0.6786542803687715,0.09585957492917874,25.26038960000001
2015-09-04,0,1,1,0,0,0,0,0,24.555761,-0.9966552,-0.1243,0.0034,0.9167,420.0,-0.7075027392853654,-2.2892726960735676,-0.2797,-0.0028,86.0,0.12769999999999998,-2.2722873443737206,42.6426798872327,-0.5748071318638921,-0.6578848506677957,0.08307771880390358,25.19016270000001
2015-09-07,0,0,1,0,1,0,0,0,24.555761,0.0,0.1843,0.0069,0.0,164.0,-2.382649061258318,0.25138613878957694,0.3086,0.0035,-256.0,-0.1774,2.5406588348631445,42.6426798872327,-0.5619985527733675,-0.6387075910889101,0.07670903831554254,25.07274345000001
2015-09-08,0,1,1,0,0,0,0,0,25.238932,2.7820945,0.2068,-0.0044,1.7917,252.0,0.9480744780477339,0.4317959277175448,0.02250000000000002,-0.011300000000000001,88.0,-0.2112,0.18040978892796788,48.300899309932184,-0.4910608278132891,-0.6091782384337858,0.11811741062049674,25.05948505000001
2015-09-09,0,1,1,0,0,0,0,0,24.753517,-1.9232452,0.1371,-0.0014,2.25,536.0,1.7290988147951405,-0.1448782592434149,-0.06970000000000001,0.003,284.0,-0.1385,-0.5766741869609597,44.910816278184846,-0.4686092674848723,-0.5810644442440032,0.11245517675913086,25.002291950000007
2015-09-10,0,1,1,0,1,0,0,0,25.297358,2.1970034,0.184,-0.0013,1.2083,1910.0,-0.1991872150693995,0.22756285015168526,0.0469,0.00010000000000000005,1374.0,-0.1853,0.37244110939510017,49.21174136030192,-0.4022954094784481,-0.5453106372908921,0.14301522781244402,24.973302200000006
2015-09-11,0,0,1,0,0,0,0,0,25.665905,1.4568686,0.2196,0.0026,1.3333,575.0,0.0064893524498170025,0.5036397138223435,0.03559999999999999,0.0039,-1335.0,-0.217,0.27607686367065826,51.94952332729071,-0.3163557838668254,-0.49951966660607877,0.18316388273925338,24.953638750000007
2015-09-14,0,0,1,0,0,0,0,0,25.913101,0.96313953,0.271,0.0758,1.4167,199.0,0.16524807194309274,0.8984068483243932,0.05140000000000003,0.0732,-376.0,-0.1952,0.3947671345020497,53.75037120887346,-0.2256996352096614,-0.4447556603267953,0.2190560251171339,24.93285120000001
2015-09-15,0,1,1,0,0,0,0,0,26.131094,0.8412123,0.5978,0.0995,0.5417,315.0,-1.4581151617340968,3.209478918359685,0.3268,0.0237,116.0,-0.49829999999999997,2.3110720700352916,55.3399580121326,-0.1347109075129147,-0.3827467097640192,0.2480358022511045,24.930379750000007
2015-09-16,0,1,1,0,0,0,0,0,26.160307,0.11180639,0.1399,0.0041,1.0833,367.0,-0.43380470310016067,-0.24677930104472778,-0.4579,-0.0954,52.0,-0.1358,-3.456258219404413,55.5603849055167,-0.05955789398967326,-0.31810894660915,0.25855105261947675,24.94611070000001
2015-09-17,0,1,1,0,0,0,0,0,25.600737,-2.1389961,0.0654,0.0022,1.4583,587.0,0.2528450047208673,-0.8109899531422832,-0.0745,-0.0019000000000000002,220.0,-0.0632,-0.5642106520975554,50.42627363856563,-0.04463666807841804,-0.2634144909030036,0.21877782282458558,24.960380750000006
2015-09-18,0,0,1,0,0,0,0,0,25.495121,-0.41257143,0.099,-0.0114,1.125,433.0,-0.36963368596088925,-0.5653161728185457,0.033600000000000005,-0.013600000000000001,-154.0,-0.1104,0.24567378032373743,49.49658979262945,-0.040862776916284815,-0.21890414810565986,0.17804137118937505,25.046787950000006
2015-09-21,0,0,1,0,0,0,1,0,25.890633,1.551342,0.099,-0.198,1.7083,311.0,0.7092664028264102,-0.5576957349494688,0.0,-0.18660000000000002,-122.0,-0.29700000000000004,0.007620437869076957,52.9917502831179,-0.0058895370950544645,-0.17630122590353878,0.1704116888084843,25.182634400000005
2015-09-22,0,1,1,0,0,0,0,0,25.48388,-1.5710413,0.0658,-0.0056,1.6667,700.0,0.6356389378408471,-0.7869083089959448,-0.03320000000000001,0.19240000000000002,389.0,-0.07139999999999999,-0.229212574046476,49.21918616515647,-0.010869266157111923,-0.1432148339542534,0.1323455677971415,25.29117700000001
2015-09-23,0,0,1,0,0,0,1,0,25.690632,0.81129074,0.0643,-0.0342,0.4583,448.0,-1.5532672261814362,-0.7830810586550986,-0.0015000000000000013,-0.0286,-252.0,-0.0985,0.003827250340846189,51.1238949846567,0.0018461400325264776,-0.11420263915689743,0.11604877918942391,25.34320110000001
2015-09-24,0,0,1,0,0,0,0,0,25.843441,0.5948186,0.0734,-0.0026,1.1667,379.0,-0.28917570903269,-0.7106096997712061,0.00910000000000001,0.0316,-69.0,-0.07600000000000001,0.07247135888389244,52.54077626993643,0.023977205964207826,-0.08656667013267638,0.11054387609688421,25.36657230000001
2015-09-25,0,1,1,0,0,0,0,0,25.778269,-0.25217533,0.1372,-0.0067,0.7917,407.0,-1.056498623688959,-0.2395950119985139,0.06379999999999998,-0.0041,28.0,-0.1439,0.47101468777269223,51.85040011092964,0.035844209688868034,-0.0620844941683675,0.09792870385723554,25.382528150000006
2015-09-28,0,0,1,0,1,0,0,0,25.268143,-1.978898,0.2202,0.1005,1.5,238.0,0.296202917665164,0.3669418940737408,0.08300000000000002,0.1072,-169.0,-0.1197,0.6065369060722547,46.68003119932112,0.004039426741645258,-0.04885970998636494,0.0528991367280102,25.37893255000001
2015-09-29,0,1,1,0,0,0,0,0,24.508574,-3.006053,0.5809,0.1494,1.3333,315.0,-0.04464447274278644,2.825628658732539,0.36069999999999997,0.0489,77.0,-0.4315,2.4586867646587987,40.244934205374136,-0.08151728270978253,-0.05539122453104846,-0.026126058178734077,25.393989550000008
2015-09-30,0,1,1,0,0,0,0,0,24.78723,1.1369944,0.0833,0.0055,1.375,428.0,0.046053882491585235,-0.6664148354724622,-0.4976,-0.1439,113.0,-0.0778,-3.492043494205001,43.33133816417519,-0.12539095213514884,-0.06939117005186854,-0.0559997820832803,25.371067800000013
2015-10-01,0,0,1,0,0,0,0,0,24.625425,-0.6527662,0.0876,-0.008,1.375,364.0,0.053128286924436496,-0.6237632641389115,0.004299999999999998,-0.0135,-64.0,-0.09559999999999999,0.042651571333550686,41.97557776742497,-0.1712434743101774,-0.08976163090353032,-0.08148184340664708,25.362191050000014
2015-10-02,0,0,1,0,0,0,0,0,24.805206,0.73006153,0.0841,-0.0044,0.8333,430.0,-1.0034533908531054,-0.6353278901519024,-0.003500000000000003,0.0036,66.0,-0.0885,-0.011564626012990908,44.06952571630746,-0.19087481818736762,-0.10998426836029777,-0.08089054982706985,25.374663300000012
2015-10-05,0,0,1,0,1,0,0,0,24.895098,0.36238432,0.2318,-0.002,1.1667,150.0,-0.3325324741479839,0.3767234941861392,0.1477,0.0024000000000000002,-280.0,-0.2338,1.0120513843380416,45.13564854187454,-0.19690941731408174,-0.12736929815105458,-0.06954011916302716,25.39163015000001
2015-10-06,0,1,1,0,0,0,0,0,25.014206,0.47842264,0.1766,0.0073,0.625,335.0,-1.3845094679305896,0.001706532366075042,-0.0552,0.0093,185.0,-0.1693,-0.37501696182006417,46.58842468435045,-0.1898919047516614,-0.13987381947117594,-0.05001808528048546,25.38039385000001
2015-10-07,0,0,1,0,0,0,0,0,24.895098,-0.47614574,0.0808,0.0056,0.5,330.0,-1.5747874826495372,-0.6653420169228355,-0.09580000000000001,-0.0017000000000000001,-5.0,-0.0752,-0.6670485492889104,45.296729677385486,-0.1917313361656987,-0.1502453228100805,-0.04148601335561822,25.387472900000013
2015-10-08,0,0,1,0,0,0,0,0,24.607449,-1.155442,0.0595,-0.0071,1.1667,287.0,-0.28600345565802027,-0.7922822010859741,-0.0213,-0.0127,-43.0,-0.06659999999999999,-0.12694018416313868,42.25012193475835,-0.21393387261640484,-0.16298303277134535,-0.05095083984505949,25.352977450000015
2015-10-09,0,1,1,0,0,0,0,0,25.196224,2.3926973,0.1274,-0.007,0.875,332.0,-0.8356944737762233,-0.3088441132733567,0.06790000000000002,0.00010000000000000026,45.0,-0.13440000000000002,0.48343808781261743,49.70657190567404,-0.18192322313913323,-0.16677107084490292,-0.015152152294230309,25.32949340000001
2015-10-12,0,0,1,0,0,0,0,0,25.079372,-0.4637897,0.1152,0.0013,0.4167,117.0,-1.6477586270982962,-0.3682494909181227,-0.012200000000000016,0.0083,-215.0,-0.1139,-0.059405377644766,48.371687237072436,-0.16409198240179634,-0.1662352531562816,0.0021432707544852547,25.28780695000001
2015-10-13,0,1,1,0,1,0,0,0,25.122072,0.1702547,0.1733,0.0124,0.5,224.0,-1.4346498195557396,0.06988572532389098,0.05810000000000001,0.011099999999999999,107.0,-0.16090000000000002,0.4381352162420137,48.91160621113128,-0.1448453751870531,-0.1619572775624359,0.017111902375382793,25.23735585000001
2015-10-14,0,1,1,0,0,0,0,0,24.766998,-1.4133632,0.1123,-0.0112,0.7917,345.0,-0.8671406927670651,-0.3438101089790139,-0.06100000000000001,-0.0236,121.0,-0.1235,-0.41369583430290485,44.72319635040148,-0.15644045642693172,-0.16085391333533505,0.004413456908403335,25.167690400000012
2015-10-15,0,1,1,0,0,0,1,0,25.13781,1.4971375,0.0981,-0.1093,0.4583,357.0,-1.476221898271094,-0.4295643836692534,-0.01419999999999999,-0.09809999999999999,12.0,-0.2074,-0.08575427469023955,49.57907319605707,-0.1341616801171277,-0.15551546669169358,0.02135378657456588,25.144544050000015
2015-10-16,0,0,1,0,0,0,0,0,24.953522,-0.73305964,0.1309,0.0064,0.5417,254.0,-1.268959266185549,-0.14309347705875194,0.03279999999999998,0.1157,-103.0,-0.12449999999999999,0.28647090661050145,47.3527025272426,-0.12987892739443652,-0.15038815883224216,0.02050923143780564,25.117464100000014
2015-10-19,0,0,1,0,0,0,0,0,25.108583,0.62140226,0.0779,-0.005,0.5417,123.0,-1.2431283426057118,-0.5710351385536089,-0.05299999999999999,-0.0114,-131.0,-0.0829,-0.4279416614948569,49.41116955005659,-0.11267385415136388,-0.1428452978960665,0.030171443744702625,25.078361600000015
2015-10-20,0,1,1,0,1,0,0,0,25.567028,1.8258214,0.1753,0.0037,1.5833,370.0,0.7317013978096447,0.2224304474399586,0.09740000000000001,0.0087,247.0,-0.1716,0.7934655859935675,55.01178709371032,-0.061338952275438174,-0.12654402877194085,0.06520507649650267,25.082519000000016
2015-10-21,0,0,1,0,0,0,0,0,25.56478,-0.008785725,0.1343,0.007,0.8333,342.0,-0.6962067243336245,-0.1161281536591305,-0.04100000000000001,0.0033,-28.0,-0.1273,-0.3385586010990891,54.979644793230555,-0.020599608044722828,-0.10535514462649724,0.08475553658177441,25.076226400000017
2015-10-22,0,0,1,0,0,0,0,0,25.955801,1.5295386,0.1353,0.005,0.875,344.0,-0.6067949387313019,-0.1096080005016382,0.0010000000000000009,-0.002,2.0,-0.1303,0.006520153157492298,59.4209584646668,0.04274599336731555,-0.07573491702773467,0.11848091039505022,25.081844400000016
2015-10-23,0,0,1,0,0,0,0,0,26.760326,3.0995727,0.1139,-0.0118,1.4583,273.0,0.4960012233401865,-0.2803615646278677,-0.021400000000000002,-0.0168,-71.0,-0.1257,-0.1707535641262295,66.69995475932053,0.156067236714442,-0.02937448627929934,0.18544172299374134,25.130947250000016
2015-10-26,0,0,1,0,0,0,0,0,25.906364,-3.1911373,0.135,-0.0105,1.625,134.0,0.817298737189482,-0.10346612016465025,0.021100000000000008,0.001299999999999999,-139.0,-0.14550000000000002,0.17689544446321748,55.35050111122071,0.17495081783581767,0.01149057454372407,0.1634602432920936,25.162858300000018
2015-10-27,0,1,1,0,1,0,0,1,25.742313,-0.63323975,0.2943,-0.0155,2.375,313.0,2.184462959632141,1.188699302473561,0.1593,-0.004999999999999999,179.0,-0.3098,1.2921654226382113,53.468279960787925,0.17466521537722812,0.04412550271042488,0.13053971266680325,25.224545250000016
2015-10-28,1,1,1,0,0,0,0,0,26.803022,4.120469,0.7629,0.2232,2.5833,407.0,2.5531336150151067,4.151747691062589,0.4686,0.23870000000000002,94.0,-0.5397000000000001,2.9630483885890277,62.37682184775471,0.25706592894525926,0.08671358795739176,0.1703523409878675,25.325334850000015
2015-10-29,1,0,1,0,0,0,0,0,27.08617,1.0564327,0.4025,0.039,1.6667,350.0,0.8488807365008089,1.6103090397967288,-0.3604,-0.1842,-57.0,-0.36350000000000005,-2.54143865126586,64.33949052437184,0.34128267115445254,0.13762740459680392,0.20365526655764862,25.448372100000014
2015-10-30,0,0,1,0,0,0,0,0,26.85471,-0.85455775,0.2539,0.0043,0.5,241.0,-1.2864004527263124,0.6019486873073876,-0.1486,-0.0347,-109.0,-0.24960000000000002,-1.0083603524893412,61.514505292293364,0.38491114244479263,0.18708415216640167,0.19782699027839096,25.550847300000015
2015-11-02,0,0,1,0,0,0,0,0,27.232248,1.405859,0.0762,-0.0024,0.6667,97.0,-0.9529325955120169,-0.5794128238545687,-0.17770000000000002,-0.006699999999999999,-144.0,-0.0786,-1.1813615111619562,64.27024390330446,0.4448235328580843,0.2386320283047382,0.2061915045533461,25.667704800000013
2015-11-03,0,1,1,0,0,0,0,0,27.544615,1.1470556,0.1591,0.0035,1.0833,198.0,-0.18582439607667994,-0.01923735371492736,0.08289999999999999,0.0059,101.0,-0.1556,0.5601754701396413,66.41313256526496,0.5116123910695443,0.2932281008576994,0.21838429021184486,25.79422525000001
2015-11-04,0,1,1,0,0,0,0,0,27.416515,-0.4650414,0.075,0.0065,0.5,249.0,-1.2045461026160336,-0.563096657025148,-0.0841,0.0029999999999999996,51.0,-0.06849999999999999,-0.5438593033102206,64.69941758471323,0.5478907000264499,0.3441606206914495,0.20373007933500042,25.92029610000001
2015-11-05,0,1,1,0,0,0,0,0,27.290136,-0.45902133,0.1126,0.0138,0.9167,265.0,-0.44463412670669944,-0.30510562947929987,0.03760000000000001,0.0073,16.0,-0.0988,0.25799102754584813,62.972985961380765,0.559988592228855,0.3873262149989306,0.1726623772299244,26.054430450000005
2015-11-06,0,0,1,0,0,0,0,0,27.32173,0.11577606,0.148,0.0187,0.2917,239.0,-1.5206493571147257,-0.07204045686375095,0.03539999999999999,0.004900000000000002,-26.0,-0.1293,0.23306517261554893,63.23708893278567,0.5656056805101812,0.42298210810118075,0.14262357240900048,26.160705750000005
2015-11-09,0,0,1,0,0,0,0,0,27.211142,-0.40475726,0.1,0.0391,1.0833,145.0,-0.1392149841217219,-0.3740125866315096,-0.04799999999999999,0.0204,-94.0,-0.0609,-0.30197212976775867,61.581349945595896,0.5547390496136693,0.4493334964036785,0.10540555320999079,26.26729425000001
2015-11-10,0,1,1,0,0,0,0,0,26.353529,-3.151697,0.0458,-0.0049,1.9583,426.0,1.3746890310408353,-0.72847582896703,-0.054200000000000005,-0.044000000000000004,281.0,-0.0507,-0.3544632423355204,50.531628384162765,0.4714899222774953,0.45376478157844186,0.017725140699053454,26.328867100000007
2015-11-11,0,1,1,0,1,0,0,1,26.204578,-0.56521297,0.2115,-0.0145,1.9167,427.0,1.261084456788336,0.3755071031442362,0.1657,-0.009600000000000001,1.0,-0.226,1.1039829321112662,48.8907895304072,0.3890110114326042,0.44081402754927435,-0.05180301611667015,26.40074610000001
2015-11-12,0,1,1,0,0,0,0,0,26.11656,-0.33589005,0.0624,-0.0033,0.9583,441.0,-0.40766826381180693,-0.6089754009746045,-0.1491,0.011200000000000002,14.0,-0.0657,-0.9844825041188406,47.900961775764635,0.3129362293013358,0.41523846789968666,-0.10230223859835086,26.449683600000007
2015-11-13,0,0,1,0,0,0,0,0,25.353725,-2.9208481,0.0985,-0.009,0.875,287.0,-0.5445729303961598,-0.3534425032551162,0.03610000000000001,-0.005699999999999999,-154.0,-0.1075,0.25553289771948823,40.28802308872713,0.18891432046001455,0.36997363841175224,-0.18105931795173769,26.469693750000012
2015-11-16,0,0,1,0,0,0,1,0,25.76788,1.6334414,0.0915,-0.0207,0.9167,164.0,-0.44748036795726676,-0.4069305610533447,-0.007000000000000006,-0.0117,-123.0,-0.1122,-0.05348805779822846,45.364902013133424,0.1226312942115726,0.3205051695717163,-0.19787387536014373,26.50265860000001
2015-11-17,0,1,1,0,0,0,0,0,25.65841,-0.42478442,0.096,0.0147,0.4167,278.0,-1.3036816933072162,-0.463756913187724,0.004500000000000004,0.0354,114.0,-0.0813,-0.05682635213437931,44.292922258887906,0.060569991091433906,0.2685181338756598,-0.2079481427842259,26.50722770000001
2015-11-18,0,1,1,0,1,0,0,0,26.470884,3.1665087,0.1594,0.019,1.125,281.0,0.0012771998514121863,0.01028304837678543,0.06339999999999998,0.0043,3.0,-0.1404,0.47403996156450945,53.14288065590813,0.07606894743786086,0.23002829658810003,-0.15395934915023918,26.55253290000001
2015-11-19,0,0,1,0,0,0,0,0,26.80716,1.2703538,0.215,0.0275,0.625,257.0,-0.8922217930625396,0.406215886398549,0.05560000000000001,0.0085,-24.0,-0.1875,0.39593283802176354,56.24147424703659,0.1141705577099863,0.2068567488124773,-0.09268619110249099,26.595100850000012
2015-11-20,0,0,1,0,0,0,0,0,26.924519,0.4377842,0.1414,0.0044,0.5,190.0,-1.0934869810222725,-0.1334523949472413,-0.0736,-0.0231,-67.0,-0.137,-0.5396682813457903,57.3026687081545,0.15208312920284683,0.1959020248905512,-0.04381889568770436,26.60331050000001
2015-11-23,0,0,1,0,0,0,0,0,26.574703,-1.2992501,0.1232,-0.0005,0.5,97.0,-1.061023388124456,-0.27002644221802286,-0.018199999999999994,-0.0049,-93.0,-0.1237,-0.13657404727078157,53.164024481183894,0.15214801992571125,0.1871512238975832,-0.035003203971871955,26.636727450000013
2015-11-24,0,1,1,0,0,0,0,0,26.829733,0.9596586,0.0889,0.0041,0.5,225.0,-1.0307729103285874,-0.5147340936228726,-0.0343,0.0046,128.0,-0.0848,-0.24470765140484974,55.67733087796628,0.17080925317096884,0.18388282975226033,-0.01307357658129149,26.69109845000001
2015-11-25,0,0,1,0,0,0,0,0,26.637892,-0.7150054,0.0978,0.0063,0.4167,228.0,-1.1430494613350577,-0.44712360246932065,0.008899999999999991,0.0021999999999999997,3.0,-0.0915,0.06761049115355194,53.35780785735498,0.16817977775718518,0.1807422193532453,-0.012562441596060125,26.68284195000001
2015-11-26,0,0,1,0,0,0,0,0,26.637892,0.0,0.1134,0.0072,0.0417,189.0,-1.7408813200754785,-0.3272573442406907,0.015600000000000003,0.0008999999999999998,-39.0,-0.1062,0.11986625822862995,53.35780785735496,0.16420306878334046,0.17743438923926433,-0.013231320455923873,26.660428050000014
2015-11-27,0,0,1,0,0,0,0,0,26.58825,-0.18639565,0.1095,-0.0194,0.2083,125.0,-1.4022290569646527,-0.39886941350539007,-0.0039000000000000007,-0.0266,-64.0,-0.12890000000000001,-0.07161206926469937,52.69893843308597,0.15525610797724454,0.17299873298686036,-0.01774262500961582,26.64710505000001
2015-11-30,0,0,1,0,1,0,0,0,26.698833,0.41593313,0.2395,-0.0028,0.5,96.0,-0.9291359051596806,0.5811671951183102,0.13,0.0166,-29.0,-0.2423,0.9800366086237002,54.05981244301147,0.15529851637158743,0.16945868966380578,-0.014160173292218359,26.62043430000001
2015-12-01,0,1,1,0,0,0,0,0,26.482172,-0.81149936,0.1257,0.0067,0.875,252.0,-0.24218349404010817,-0.2717543788899912,-0.11379999999999998,0.0095,156.0,-0.11900000000000001,-0.8529215740083014,50.965928409968065,0.13627846008371947,0.16282264374778851,-0.02654418366406905,26.56731215000001
2015-12-02,0,0,1,0,1,0,0,0,26.242943,-0.9033561,0.1726,-0.0048,0.5833,247.0,-0.745842634058032,0.07959068557142585,0.0469,-0.0115,-5.0,-0.1774,0.35134506446141706,47.71853879118946,0.1007398808258877,0.15040609116340836,-0.049666210337520666,26.508633550000006
2015-12-03,0,0,1,0,0,0,0,0,25.999207,-0.92879534,0.1915,0.0067,0.875,200.0,-0.1899298683622772,0.22202315279186888,0.0189,0.0115,-47.0,-0.1848,0.14243246722044303,44.6004784611316,0.052304904132988383,0.13078585375732438,-0.078480949624336,26.444087100000008
2015-12-04,0,1,1,0,0,0,0,0,26.863588,3.3246517,0.1511,-0.0046,1.0,235.0,0.05484391130475447,-0.07595315039797798,-0.04039999999999999,-0.011300000000000001,35.0,-0.1557,-0.29797630318984686,55.664626230427075,0.08271467562279256,0.12117161813041802,-0.03845694250762546,26.42118000000001
2015-12-07,0,0,1,0,0,0,0,0,26.694323,-0.6300926,0.1386,0.0027,0.75,77.0,-0.39625239632274023,-0.15507646418289936,-0.012500000000000011,0.0073,-158.0,-0.1359,-0.07912331378492138,53.41494305646594,0.09209475669744904,0.11535624584382423,-0.023261489146375186,26.39533905000001
2015-12-08,0,1,1,0,0,0,0,0,26.683035,-0.042271614,0.0518,0.0062,1.0417,284.0,0.13987265199991464,-0.8293095886904318,-0.0868,0.0034999999999999996,207.0,-0.0456,-0.6742331245075325,53.26035333145567,0.09749384293317931,0.11178376526169524,-0.014289922328515933,26.411814350000014
2015-12-09,0,0,1,0,0,0,0,0,26.09399,-2.2075593,0.0329,-0.001,1.375,488.0,0.760184965232686,-0.9663601753261022,-0.0189,-0.0072,204.0,-0.0339,-0.13705058663567038,45.80974275711169,0.05362351057731729,0.10015171432481965,-0.046528203747502356,26.406284950000014
2015-12-10,0,0,1,0,0,0,0,0,26.218115,0.47569275,0.076,-0.0127,1.0833,387.0,0.22203014236724689,-0.6065935488474599,0.0431,-0.011699999999999999,-101.0,-0.0887,0.3597666264786423,47.4771123875365,0.02854278282754308,0.08582992802536434,-0.05728714519782126,26.411362700000012
2015-12-11,0,0,1,0,1,0,0,0,25.543314,-2.573812,0.2308,0.0079,1.5,229.0,0.9955701377396058,0.6741807778017898,0.1548,0.0206,-158.0,-0.22290000000000001,1.2807743266492495,40.230044541764755,-0.04526291307701058,0.05961135980488935,-0.10487427288189993,26.42084215000001
2015-12-14,0,0,1,0,0,0,0,0,25.385332,-0.61848164,0.1594,0.0136,1.9583,134.0,1.8297634393419373,0.06729539064310269,-0.07140000000000002,0.0056999999999999985,-95.0,-0.14579999999999999,-0.606885387158687,38.73915738381006,-0.11517462453411653,0.02465416293708817,-0.1398287874712047,26.401714750000007
2015-12-15,0,1,1,0,0,0,1,0,24.93621,-1.7692089,0.1908,-0.025,2.1667,275.0,2.1445203176952337,0.31457905075534087,0.03140000000000001,-0.0386,141.0,-0.2158,0.24728366011223818,34.79175007833546,-0.20446362211978197,-0.021169394074285856,-0.1832942280454961,26.365604750000006
2015-12-16,0,0,1,0,0,0,0,0,25.12804,0.7692933,0.1432,-0.0103,1.9167,270.0,1.6216389218709064,-0.09807841793773574,-0.0476,0.014700000000000001,-5.0,-0.1535,-0.4126574686930766,37.711248709126636,-0.25678664162855114,-0.06829284358513892,-0.1884937980434122,26.298462550000004
2015-12-17,0,0,1,0,0,0,1,0,24.595425,-2.1196246,0.1113,-0.0314,2.0417,224.0,1.7704409526925236,-0.37461474465784,-0.0319,-0.021099999999999997,-46.0,-0.1427,-0.27653632672010425,33.25884582828945,-0.3373419231054662,-0.12210265948920437,-0.2152392636162618,26.187875800000008
2015-12-18,0,1,1,0,0,0,0,0,23.929646,-2.706921,0.0994,-0.0016,2.375,476.0,2.2086330058544874,-0.46951950040671425,-0.011899999999999994,0.029799999999999997,252.0,-0.101,-0.09490475574887425,28.697717597564953,-0.4497212584722199,-0.18762637928580747,-0.2620948791864124,26.038132150000006
2015-12-21,0,0,1,0,1,0,0,1,24.223047,1.2260675,0.3641,-0.0055,2.0417,160.0,1.6085742493375963,1.7136865278236904,0.2647,-0.0039,-316.0,-0.3696,2.1832060282304044,33.05484670719159,-0.5092375097313848,-0.2519486053749229,-0.2572889043564619,25.920549350000005
2015-12-22,0,1,1,0,0,0,0,0,24.200476,-0.09316802,0.2264,-0.0152,1.25,373.0,0.3142409620709544,0.69806783322604,-0.1377,-0.0097,213.0,-0.24159999999999998,-1.0156186945976504,32.888347204677345,-0.5518643104645626,-0.3119317463928509,-0.23993256407171176,25.789086500000007
2015-12-23,0,0,1,0,0,0,0,0,24.511923,1.2869477,0.0818,-0.0157,1.3333,237.0,0.4522091961444202,-0.6452379378737316,-0.1446,-0.0004999999999999987,-136.0,-0.0975,-1.3433057710997716,37.56188351166773,-0.5541275496661733,-0.36037090704751534,-0.19375664261865794,25.682788050000006
2015-12-24,0,0,1,0,0,0,0,0,24.38102,-0.53402185,0.1414,0.013,0.25,190.0,-1.2787746708760062,-0.10013749201710921,0.0596,0.028699999999999996,-47.0,-0.1284,0.5451004458566224,36.414080998192496,-0.5600283034604168,-0.4003023863300956,-0.15972591713032114,25.56994445
2015-12-25,0,0,0,0,0,0,0,0,24.38102,0.0,0.0322,0.0073,0.0833,110.0,-1.5002202815657606,-1.101758174511573,-0.10919999999999999,-0.005699999999999999,-80.0,-0.0249,-1.0016206824944638,36.414080998192496,-0.5582693122341311,-0.43189577151090275,-0.12637354072322837,25.45958295
2015-12-28,0,0,1,0,0,0,0,0,24.10794,-1.1200607,0.0917,0.0052,1.0833,72.0,0.09277086006414897,-0.5309103694665407,0.059500000000000004,-0.0021000000000000003,-38.0,-0.08650000000000001,0.5708478050450323,33.907266214799115,-0.572313301304888,-0.4599792774696998,-0.1123340238351882,25.330038300000002
2015-12-29,0,1,1,0,1,1,0,0,24.541254,1.7974138,0.2206,0.0273,1.0833,124.0,0.0808943021641703,0.6556485388528916,0.1289,0.0221,52.0,-0.1933,1.1865589083194323,40.86395648958482,-0.5422279787671087,-0.47642901772918156,-0.06579896103792715,25.2329924
2015-12-30,0,1,1,0,0,0,0,0,24.220785,-1.3058662,-0.1525,-0.1178,1.375,205.0,0.5254356565814502,-2.6010156055315057,-0.3731,-0.1451,81.0,0.034699999999999995,-3.2566641443843976,37.70317237845277,-0.5380420995279103,-0.4887516340889273,-0.04929046543898297,25.131884499999998
2015-12-31,0,0,1,0,0,0,0,0,23.755869,-1.9194901,-0.2892,-0.1042,1.625,185.0,0.9077223419754267,-3.3720957986891515,-0.13670000000000002,0.013600000000000001,-20.0,0.185,-0.7710801931576459,33.63817728026447,-0.5657183468530071,-0.5041449766417433,-0.061573370211263856,25.0197176
2016-01-01,0,0,1,0,0,0,0,0,23.755869,0.0,-0.0166,-0.0607,0.0,42.0,-1.6195108669795895,-1.196464582774373,0.2726,0.043500000000000004,-143.0,-0.0441,2.1756312159147786,33.63817728026447,-0.5809550836820385,-0.5195069980498024,-0.06144808563223614,24.86433165
2016-01-04,0,1,0,0,0,0,0,0,23.776175,0.0854969,-0.0015,-0.0222,2.2083,133.0,1.739267807390056,-1.0542240706553305,0.0151,0.03849999999999999,91.0,-0.0207,0.14224051211904243,33.99863497934669,-0.584652275400714,-0.5325360535199847,-0.052116221880729285,24.71842425
2016-01-05,0,0,0,0,0,0,0,0,23.18036,-2.5059342,-0.0074,-0.0089,2.0,354.0,1.3692154014784057,-1.0665932121591801,-0.005900000000000001,0.013300000000000001,221.0,-0.0014999999999999996,-0.012369141503849601,29.018093024027436,-0.6284156332953934,-0.5517119694750664,-0.076703663820327,24.5432905
2016-01-06,0,1,1,1,0,0,0,0,22.72673,-1.9569695,-0.0646,-0.2232,2.1667,459.0,1.556146110213933,-1.4529682175722403,-0.0572,-0.21430000000000002,105.0,-0.15860000000000002,-0.38637500541306014,25.906397047708868,-0.691728741238002,-0.5797153238276536,-0.11201341741034843,24.3749275
2016-01-07,0,0,0,1,0,0,0,0,21.767553,-4.220456,-0.0986,-0.0847,1.9583,456.0,1.2045584155113938,-1.643867058082671,-0.03399999999999999,0.1385,-3.0,0.013899999999999996,-0.19089884051043082,20.822066379342676,-0.809965623629072,-0.6257653837879372,-0.18420023984113476,24.1523994
2016-01-08,0,0,1,1,0,0,0,0,21.88266,0.52877665,-0.0512,-0.1255,2.2917,418.0,1.6270075564578221,-1.257879761537091,0.04739999999999999,-0.0408,-38.0,-0.0743,0.38598729654558017,22.7806432097405,-0.8841886554325704,-0.6774500381168639,-0.20673861731570653,23.9693667
2016-01-11,0,1,1,0,0,0,0,0,22.23699,1.6192198,-0.0005,0.0739,2.25,450.0,1.5058602484787533,-0.8780482269532954,0.0507,0.1994,32.0,0.0744,0.3798315345837955,28.63292487057648,-0.9039987384075872,-0.7227597781750086,-0.18123896023257857,23.8119496
2016-01-12,0,1,0,0,0,0,0,0,22.559725,1.4513373,-0.0033,0.0184,1.3333,511.0,0.1967297885016605,-0.8721108298392988,-0.0028,-0.055499999999999994,61.0,0.0217,0.005937397113996656,33.571231650323206,-0.8834722365970471,-0.7549022698594163,-0.12856996673763077,23.693125349999995
2016-01-13,0,0,0,0,0,0,0,0,21.979708,-2.5710285,0.0067,0.025,1.25,416.0,0.0670800519149423,-0.7816234768295837,0.01,0.006600000000000002,-95.0,0.0183,0.09048735300971511,29.60623608996851,-0.9035913222258607,-0.7846400803327052,-0.11895124189315553,23.535708749999998
2016-01-14,0,0,1,0,0,0,0,0,22.460417,2.1870852,0.0018,0.0475,1.4167,352.0,0.29474552284288336,-0.7963166632732962,-0.0049,0.0225,-64.0,0.0457,-0.014693186443712536,36.3191418691205,-0.8707096449011296,-0.8018539932463901,-0.0688556516547395,23.42895835
2016-01-15,0,1,1,0,0,0,0,0,21.921026,-2.4015248,-0.0047,-0.0407,1.25,380.0,0.05920162688696582,-0.8233607184633329,-0.006500000000000001,-0.0882,28.0,-0.036,-0.02704405519003672,32.566372490972995,-0.8780533718415668,-0.8170938689654255,-0.06095950287614138,23.328527349999998
2016-01-18,0,0,0,0,0,0,0,0,21.921026,0.0,0.0012,-0.0204,0.0,155.0,-1.6714264912220043,-0.7626753776179519,0.0059,0.0203,-225.0,-0.0216,0.06068534084538102,32.566372490973,-0.8738006978280488,-0.8284352347379501,-0.0453654630900987,23.2134263
2016-01-19,0,1,1,0,0,0,0,0,21.814957,-0.48388243,-0.002,-0.2276,1.4167,269.0,0.3631786222473622,-0.7576366261326253,-0.0031999999999999997,-0.2072,114.0,-0.2256,0.00503875148532662,31.816608924528367,-0.8689723327424907,-0.8365426543388582,-0.032429678403632534,23.09415035
2016-01-20,0,1,1,0,0,0,0,0,21.8443,0.13449192,-0.0038,-0.0747,1.875,509.0,1.073433849382358,-0.8513196745610686,-0.0018,0.15289999999999998,240.0,-0.0709,-0.09368304842844333,32.28108745534414,-0.8529458548806765,-0.8398232944472219,-0.013122560433454611,22.960769199999994
2016-01-21,0,0,0,0,0,0,0,0,21.733706,-0.5062461,-0.0021,-0.0177,0.9583,404.0,-0.27530384906728084,-0.8272442167611057,0.0017000000000000001,0.057,-105.0,-0.015600000000000001,0.024075457799962896,31.41252387439788,-0.8394916302894444,-0.8397569616156664,0.00026533132622197364,22.828403499999997
2016-01-22,0,0,0,0,0,0,0,0,22.889223,5.3167105,-0.009,-0.0068,1.75,403.0,0.8788510904764061,-0.8640543967383925,-0.0069,0.0109,-1.0,0.0021999999999999997,-0.03681017997728675,47.35173939671463,-0.7272057206491418,-0.8172467134223614,0.09004099277321964,22.753813649999998
2016-01-25,0,0,1,0,0,0,0,0,22.442356,-1.9522727,-0.0109,0.0552,0.9583,167.0,-0.31538473473833384,-0.8627584471508257,-0.0019000000000000006,0.062,-236.0,0.06609999999999999,0.001295949587566736,43.17321326398639,-0.6665926949121612,-0.7871159097203214,0.1205232148081602,22.670534449999998
2016-01-26,0,1,0,0,0,0,0,0,22.566496,0.55309534,-0.0146,-0.0257,2.1667,532.0,1.4477247724262932,-0.8688841059657119,-0.0037,-0.0809,365.0,-0.0111,-0.006125658814886137,44.634857728589935,-0.6016044531534206,-0.7500136184069413,0.14840916525352066,22.57179655
2016-01-27,0,1,1,0,1,0,1,1,21.08373,-6.570655,0.1662,-0.1683,2.125,616.0,1.337145916262328,0.8207616253319281,0.1808,-0.1426,84.0,-0.3345,1.6896457312976398,33.53855003641594,-0.6621151759560782,-0.7324339299167686,0.07031875396069043,22.4149438
2016-01-28,0,0,1,1,0,0,0,0,21.234936,0.7171869,-0.2422,-0.0876,2.0417,505.0,1.175188654543739,-2.762021882572248,-0.4084,0.08070000000000001,-111.0,0.15460000000000002,-3.582783507904176,35.30482105733847,-0.6899163727278896,-0.7239304184789928,0.03401404575110312,22.28889715
2016-01-29,0,0,0,0,0,0,0,0,21.968412,3.4541368,-0.023,-0.0193,1.1667,486.0,-0.11774507414327075,-0.8142380316051748,0.2192,0.0683,-19.0,0.0036999999999999984,1.947783850967073,43.19163169476866,-0.6453247363214416,-0.7082092820474826,0.06288454572604096,22.1995243
2016-02-01,0,0,0,0,0,0,0,0,21.763048,-0.9348631,-0.0139,0.003,1.0,138.0,-0.3613496685143699,-0.7152852832607995,0.0091,0.0223,-348.0,0.0169,0.09895274834437529,41.66028059061429,-0.6194164543924998,-0.690450716516486,0.07103426212398622,22.09886795
2016-02-02,0,1,1,0,0,0,0,0,21.322954,-2.022189,0.0662,0.1639,1.0833,419.0,-0.21907098078746987,-0.020308877329643947,0.08009999999999999,0.1609,281.0,0.0977,0.6949764059311556,38.50929411517766,-0.6271662796117887,-0.6777938291355465,0.05062754952375781,22.005997649999998
2016-02-03,0,1,0,0,0,0,0,0,21.744991,1.9792438,0.0119,0.0279,0.625,452.0,-0.8710054828016394,-0.4700535675553121,-0.054299999999999994,-0.13599999999999998,33.0,0.016,-0.44974469022566815,42.96441993921524,-0.5924241166968542,-0.6607198866478081,0.06829576995095388,21.956910699999998
2016-02-04,0,0,0,0,0,0,0,0,21.919712,0.79916716,-0.0061,-0.0226,0.875,371.0,-0.4956373297217659,-0.6166902109020598,-0.018000000000000002,-0.0505,-81.0,-0.016499999999999997,-0.1466366433467477,44.74913480673458,-0.5445153438524244,-0.6374789780887313,0.09296363423630694,21.964518649999995
2016-02-05,0,0,0,0,0,0,0,0,21.334278,-2.6708066,-0.0089,-0.0071,0.5,335.0,-1.0375369143212547,-0.623958087030567,-0.0027999999999999995,0.015499999999999998,-36.0,0.0017999999999999995,-0.007267876128507211,40.209046772014915,-0.5474759651982168,-0.6194783755106285,0.07200241031241161,21.937099549999996
2016-02-08,0,0,0,0,0,0,0,0,21.558922,1.0529757,-0.009,-0.0335,0.6667,120.0,-0.7818317411403137,-0.6085441659898332,-9.99999999999994e-05,-0.0264,-215.0,-0.0245,0.015413921040733802,42.61495960484553,-0.5256361788999229,-0.6007099361884873,0.07507375728856447,21.903196149999996
2016-02-09,0,1,0,0,0,0,0,0,21.554382,-0.02105236,-0.0052,0.0155,0.3333,323.0,-1.2679208270908753,-0.5595172796106447,0.0037999999999999996,0.049,203.0,0.0207,0.049026886379188506,42.57767135246105,-0.5028972445761895,-0.5811473978660278,0.07825015328983831,21.852928999999996
2016-02-10,0,0,0,0,0,0,0,0,21.391003,-0.7579744,-0.0063,-0.0034,0.25,273.0,-1.3474688391793068,-0.5472463865165982,-0.0011000000000000003,-0.0189,-50.0,0.0029000000000000002,0.012270893094046498,41.18119384502927,-0.4923839000823662,-0.5633946983092954,0.07101079822692924,21.823493749999994
2016-02-11,0,0,0,0,0,0,0,0,21.261671,-0.6046474,-0.0016,-0.005,0.3333,281.0,-1.2111634479396378,-0.48158603340932055,0.0047,-0.0016000000000000003,8.0,-0.0034000000000000002,0.06566035310727764,40.061062509712755,-0.4888528193526511,-0.5484863225179666,0.05963350316531546,21.763556449999992
2016-02-12,0,0,0,0,0,0,0,0,21.327477,0.30950308,-0.0055,-0.0182,0.5,264.0,-0.9716856390447165,-0.4961280631769945,-0.0039,-0.0132,-17.0,-0.012700000000000001,-0.014542029767673936,40.94129644169269,-0.4752658493296238,-0.533842227880298,0.05857637855067421,21.733878999999995
2016-02-15,0,0,0,0,0,0,0,0,21.327477,0.0,-0.0007,-0.0275,0.0,227.0,-1.651576742783702,-0.4357490875927793,0.0048,-0.0093,-37.0,-0.0268,0.06037897558421518,40.9412964416927,-0.45920465231067453,-0.5189147127663734,0.05971006045569882,21.704201549999993
2016-02-16,0,0,0,0,0,0,0,0,21.928787,2.8194547,-0.0003,-0.0099,1.375,241.0,0.2739293258584052,-0.41872563701476856,0.0004,0.017599999999999998,14.0,-0.009600000000000001,0.017023450578010746,48.89476796423594,-0.3934202426541127,-0.4938158187439212,0.10039557608980854,21.709893049999994
2016-02-17,0,0,0,0,0,0,0,0,22.264618,1.5314579,-0.004,-0.004,2.2083,811.0,1.40812353069806,-0.43670792204957776,-0.0037,0.005900000000000001,570.0,0.0,-0.017982285034809198,52.724072603242135,-0.31060639186729944,-0.45717393336859685,0.14656754150129742,21.730908949999993
2016-02-18,0,0,0,0,0,0,0,0,21.84256,-1.8956363,-0.0028,0.0006,2.2917,1687.0,1.4803332799544118,-0.40939929628266813,0.0012000000000000001,0.0046,876.0,0.0034,0.027308625766909622,47.869515412206034,-0.2758525157025069,-0.4209096498353789,0.14505713413287197,21.736351649999996
2016-02-19,0,0,0,0,0,0,0,0,21.792643,-0.22854805,-0.0024,-0.0004,2.0417,1310.0,1.091291122739252,-0.38979807645911096,0.0004000000000000002,-0.001,-377.0,0.0019999999999999996,0.01960121982355717,47.31463778367793,-0.24946205983889058,-0.38662013183608124,0.13715807199719066,21.681522649999994
2016-02-22,0,0,0,0,0,0,0,0,21.98325,0.87462664,-0.0032,-0.0004,1.6667,478.0,0.5302348451690022,-0.370522097613083,-0.0008000000000000004,0.0,-832.0,0.0028,0.01927597884602794,49.71170466370696,-0.21073778746895044,-0.35144366296265506,0.1407058754937046,21.65856734999999
2016-02-23,0,0,0,0,0,0,0,0,21.486305,-2.260524,-0.0015,-0.0005,1.7917,1092.0,0.6883137188435369,-0.3369278070632452,0.0017000000000000001,-9.999999999999999e-05,614.0,0.001,0.03359429054983781,44.08062021689565,-0.2176390237891539,-0.3246827351279548,0.10704371133880092,21.60455779999999
2016-02-24,0,0,0,0,0,0,0,0,21.806257,1.4890671,-0.0046,-0.0012,1.2917,869.0,-0.051621534341200925,-0.34278542903389336,-0.0031,-0.0006999999999999999,-223.0,0.0034000000000000002,-0.0058576219706481525,48.15273858561449,-0.19504252205952355,-0.29875469251426856,0.10371217045474501,21.64068414999999
2016-02-25,0,0,0,0,0,0,0,0,21.95602,0.68678856,-0.002,-0.0002,2.0833,967.0,1.0672432151655364,-0.293631790407557,0.0026,0.0009999999999999998,98.0,0.0018,0.04915363862633637,49.988565549541406,-0.16316909737608398,-0.27163757348663164,0.10846847611054766,21.676738349999994
2016-02-26,0,0,0,0,0,0,0,0,21.990059,0.15501976,-0.0022,-0.0003,1.1667,1073.0,-0.2661902296543082,-0.2741879632567579,-0.0002000000000000001,-9.999999999999996e-05,106.0,0.0019000000000000002,0.019443827150799065,50.418284412061396,-0.13362220228363242,-0.2440344992460318,0.11041229696239938,21.67782069999999
2016-02-29,0,0,0,0,0,0,0,0,21.940134,-0.22701621,-0.0008,-0.0085,1.0417,209.0,-0.4569555749598324,-0.24051442071510806,0.0014000000000000002,-0.0082,-864.0,-0.0077,0.033673542541649865,49.743174372264875,-0.11293278644443205,-0.21781415668571186,0.1048813702412798,21.68667499999999
2016-03-01,0,0,0,0,0,0,0,0,22.811478,3.9714456,-0.0099,0.0004,1.75,800.0,0.5588415078208344,-0.3192973881840837,-0.0091,0.0089,591.0,0.0103,-0.07878296746897565,59.84839254490327,-0.025927223761932794,-0.17943677010095604,0.15350954633902325,21.76110119999999
2016-03-02,0,0,0,0,0,0,0,0,22.861399,0.21884441,-0.0035,0.0015,0.5,785.0,-1.2260193173504164,-0.2507453467898942,0.006400000000000001,0.0011,-15.0,0.005,0.06855204139418952,60.340406268294124,0.04651729655924797,-0.13424595676891524,0.1807632533281632,21.816921599999993
2016-03-03,0,0,0,0,0,0,0,0,23.031582,0.7444143,-0.0012,0.0005,1.2083,541.0,-0.2100732280103902,-0.21615685192511527,0.0023,-0.001,-244.0,0.0017,0.03458849486477891,62.04778169744017,0.11632156408656513,-0.08413245259781915,0.20045401668438428,21.872515099999994
2016-03-04,0,0,0,0,0,0,0,0,23.374218,1.4876842,-0.0006,-0.0004,0.7917,769.0,-0.7890744271373601,-0.17914476145701894,0.0006,-0.0009,228.0,0.00019999999999999993,0.03701209046809634,65.28791560335067,0.19701870173233615,-0.027902221731788086,0.22492092346412423,21.974512099999995
2016-03-07,0,0,0,0,0,0,0,0,23.11553,-1.1066854,-0.0009,-0.0093,0.75,224.0,-0.8207259328541184,-0.15789613937226665,-0.00030000000000000003,-0.0089,-545.0,-0.0084,0.021248622084752283,61.050117405197334,0.2373616477313618,0.025150552160841895,0.21221109557051993,22.052342499999995
2016-03-08,0,1,1,0,0,0,0,0,22.92493,-0.8245826,-0.089,-0.0586,0.4167,517.0,-1.2557148143642562,-1.0414836194297032,-0.0881,-0.0493,293.0,0.030399999999999996,-0.8835874800574366,58.05981956688888,0.25105983450858815,0.07033240863039114,0.180727425878197,22.120869899999995
2016-03-09,0,0,0,0,0,0,0,0,22.945362,0.0890851,-0.0045,-0.0009,0.1667,415.0,-1.549951913318186,-0.1260669341739101,0.08449999999999999,0.0577,-102.0,0.0036,0.9154166852557931,58.29564034480042,0.26056085452483657,0.10837809780928023,0.15218275671555634,22.198587849999996
2016-03-10,0,0,0,0,0,0,0,0,22.956696,0.049436092,-0.0014,-0.0012,1.4583,347.0,0.29120237495983126,-0.07341399595688995,0.0030999999999999995,-0.0002999999999999999,-68.0,0.0002000000000000001,0.05265293821702015,58.43525592826916,0.2659394559105017,0.13989036942952454,0.12604908648097718,22.2833391
2016-03-11,0,0,0,0,0,0,0,0,23.204033,1.0774016,-0.0044,-0.0006,0.8333,747.0,-0.574933121547596,-0.08798345689204416,-0.003,0.0006,400.0,0.0038000000000000004,-0.01456946093515421,61.46689184557344,0.2868533976695211,0.16928297507752385,0.11757042259199726,22.3771669
2016-03-14,0,0,0,0,1,0,0,0,23.263035,0.25424957,-0.0023,0.001,0.5417,136.0,-0.9667541482427395,0.00219788435763416,0.0021000000000000003,0.0015999999999999999,-611.0,0.0033,0.09018134124967832,62.17563024124305,0.3046766922366224,0.19636171850934356,0.10831497372727886,22.473944799999998
2016-03-15,0,0,0,0,0,0,0,0,23.730474,2.009368,-0.0003,-0.0084,1.3333,421.0,0.18758020124958463,0.08252607195649685,0.002,-0.009399999999999999,285.0,-0.0081,0.08032818759886269,67.30614505046904,0.35245729405145454,0.22758083361776577,0.12487646043368877,22.56402915
2016-03-16,0,0,0,0,0,0,0,0,24.045881,1.329124,-0.006,-0.0069,0.9167,473.0,-0.4102389408312718,0.024075158297916188,-0.0057,0.0014999999999999996,52.0,-0.0008999999999999998,-0.058450913658580655,70.23947490000916,0.41103630351832976,0.26427192759787854,0.14676437592045122,22.6530923
2016-03-17,0,0,0,0,0,0,0,0,24.007305,-0.16041994,-0.0011,-0.0046,0.9583,498.0,-0.37252581870332446,0.1313496137694926,0.0049,0.0023,25.0,-0.0034999999999999996,0.10727445547157642,69.4191150594736,0.4491700767072686,0.30125155741975657,0.14791851928751204,22.76132955
2016-03-18,0,0,0,0,0,0,0,0,24.03453,0.11341572,-0.0014,-0.0019,0.5,580.0,-1.0773699845732567,0.13557461650256195,-0.0002999999999999999,0.0027,82.0,-0.0005,0.004225002733069333,69.68818823850617,0.47610001209225317,0.3362212483542559,0.1398787637379973,22.8734239
2016-03-21,0,0,0,0,0,0,0,0,24.032267,-0.009435415,0.0004,-0.0157,2.25,404.0,1.49504845614967,0.18789328889428714,0.0018,-0.013799999999999998,-176.0,-0.0161,0.05231867239172519,69.6333429967056,0.4915927989369848,0.36729555847080164,0.12429724046618318,22.97587475
2016-03-22,0,0,0,0,0,0,0,0,24.216059,0.7647991,-0.0006,-0.0008,1.9583,2765.0,1.0342017067799862,0.2562182666849956,-0.001,0.014899999999999998,2361.0,-0.0002000000000000001,0.06832497779070845,71.58900146372348,0.5127902951949714,0.3963945058156356,0.11639578937933581,23.11236245
2016-03-23,0,0,0,0,0,0,0,0,24.082188,-0.55285096,-0.0004,0.0018,0.6667,888.0,-0.8315282110093642,0.22747698193233684,0.00019999999999999993,0.0026,-1877.0,0.0022,-0.028741284752658747,68.14642426110586,0.5128750880444493,0.41969062226139836,0.0931844657830509,23.226159
2016-03-24,0,0,0,0,0,0,0,0,23.977804,-0.4334271,-0.0006,-0.006,0.375,575.0,-1.2128251074827097,0.18074849173798052,-0.00019999999999999993,-0.0078,-313.0,-0.0054,-0.04672849019435632,65.50145609772319,0.49876986206561114,0.4355064702222409,0.06326339184337021,23.327248199999996
2016-03-25,0,0,0,0,0,0,0,0,23.977804,0.0,-0.0014,-0.0004,0.0,518.0,-1.752300725388963,0.15669718941273778,-0.0008,0.0056,-57.0,0.001,-0.024051302325242746,65.5014560977232,0.48203477205865397,0.4448121305895235,0.03722264146913046,23.42663545
2016-03-28,0,0,0,0,0,0,0,0,23.86889,-0.45424104,-0.0007,0.0002,0.8333,130.0,-0.5286185380440541,0.17237722242811096,0.0007,0.0006000000000000001,-388.0,0.0009,0.015680033015373185,62.563033117104126,0.4547416642519657,0.44679803732201195,0.007943626929953762,23.52307325
2016-03-29,0,1,0,0,0,0,0,0,24.4339,2.3671389,-0.0434,-0.0253,1.3333,802.0,0.22062335217197726,-0.7852584562632766,-0.0427,-0.0255,672.0,0.0181,-0.9576356786913875,70.06533960648198,0.4732479568335961,0.4520880212243288,0.021159935609267322,23.604194349999997
2016-03-30,0,0,0,0,0,0,0,0,24.860489,1.7459154,-0.0192,-0.0041,1.0,706.0,-0.24767490610807374,-0.25593454719065745,0.024200000000000003,0.0212,-96.0,0.015099999999999999,0.5293239090726192,74.25953564603222,0.5163839415418963,0.4649472052878423,0.05143673625405398,23.704148849999996
2016-03-31,0,0,0,0,0,0,0,0,24.731152,-0.5202651,-0.0085,0.0034,0.5417,608.0,-0.9066211704859527,-0.045818528947879134,0.010699999999999998,0.0075,-98.0,0.0119,0.2101160182427783,71.01092706719096,0.5339777421932226,0.47875331266891835,0.05522442952430423,23.789127349999994
2016-04-01,0,0,0,0,1,0,0,0,24.958069,0.91751814,-0.0014,-0.0033,0.5833,641.0,-0.8176259690719306,0.10536051195150778,0.0071,-0.006699999999999999,33.0,-0.0019,0.1511790408993869,73.22411326594289,0.5597784835332256,0.4949583468417798,0.06482013669144576,23.868319899999996
2016-04-04,0,0,0,0,0,0,0,0,25.214476,1.0273695,-0.0071,0.0021,0.8333,144.0,-0.4052669165761028,-0.02983054407919259,-0.0057,0.0054,-497.0,0.0092,-0.13519105603070036,75.5002234278926,0.594067617249376,0.514780200923299,0.07928741632607694,23.9732672
2016-04-05,0,0,0,0,1,0,0,0,24.917217,-1.1789083,0.0025,0.0022,0.4583,372.0,-0.9700512376429046,0.19996359175213488,0.009600000000000001,0.00010000000000000026,228.0,-0.0002999999999999999,0.22979413583132746,68.25617746996703,0.5904493531551971,0.5299140313696786,0.06053532178551846,24.072881549999998
2016-04-06,0,0,0,0,0,0,0,0,25.178173,1.0472655,-0.001,0.001,0.4583,388.0,-0.9425977462968627,0.11851729033261561,-0.0035,-0.0012000000000000001,16.0,0.002,-0.08144630141951927,70.89615531274343,0.6017027661508649,0.5442717783259159,0.05743098782494904,24.1845221
2016-04-07,0,0,0,0,0,0,0,0,24.629047,-2.1809638,-0.0055,-0.0117,0.7083,351.0,-0.533333030758413,0.012585371028684506,-0.0045,-0.0127,-37.0,-0.006200000000000001,-0.1059319193039311,59.65355451979401,0.5598576080574347,0.5473889442722196,0.01246866378521505,24.26813965
2016-04-08,0,0,1,0,0,0,0,0,24.65627,0.110566616,-0.017,0.0202,0.625,348.0,-0.6455421949450735,-0.2606329863572334,-0.011500000000000002,0.0319,-3.0,0.0372,-0.27321835738591793,59.99227126076141,0.5228644316815867,0.542484041754093,-0.019619610072506344,24.3407515
2016-04-11,0,0,0,0,1,0,0,0,24.73796,0.33130646,-0.0019,-0.0079,0.6667,122.0,-0.609873813660086,0.10588498267656483,0.0151,-0.0281,-226.0,-0.006000000000000001,0.36651796903379824,61.04900964628502,0.49443918601183157,0.5328750706056408,-0.0384358845938092,24.41449775
2016-04-12,0,0,0,0,0,0,0,0,25.060179,1.3025165,-0.007,0.0054,0.5417,263.0,-0.7836928077743991,-0.015484958522553337,-0.0051,0.013300000000000001,141.0,0.012400000000000001,-0.12136994119911818,64.9784108022645,0.49223813956388085,0.5247476843972888,-0.032509544833407955,24.480983
2016-04-13,0,0,0,0,1,0,0,0,25.423239,1.4487505,0.0038,0.0102,0.5417,306.0,-0.7563880437332836,0.24264379947376635,0.0108,0.0048000000000000004,43.0,0.006400000000000001,0.2581287579963197,68.79788702206739,0.513866172807635,0.522571382079358,-0.008705209271723025,24.5498509
2016-04-14,0,0,0,0,0,0,0,0,25.436852,0.053548813,-0.0027,0.0026,0.625,312.0,-0.6119007903500644,0.0856931054400158,-0.006500000000000001,-0.007600000000000001,6.0,0.0053,-0.15695069403375056,68.93469257989179,0.5260411256589208,0.5232653307952706,0.002775794863650205,24.621328249999998
2016-04-15,0,0,0,0,0,0,0,0,24.926298,-2.0071387,-0.0008,-0.002,1.125,448.0,0.20678645707097362,0.12832482289001615,0.0019000000000000002,-0.0046,136.0,-0.0012000000000000001,0.042631717450000356,58.56369103564663,0.48885718130413025,0.5163837008970426,-0.027526519592912302,24.665916649999996
2016-04-18,0,0,0,0,0,0,0,0,24.388514,-2.1574855,-0.0041,-0.0032,1.375,180.0,0.5982989743340191,0.045788708181203175,-0.0033000000000000004,-0.0012000000000000001,-268.0,0.0009000000000000002,-0.08253611470881297,50.02618341743599,0.41125329121072696,0.4953576189597794,-0.08410432774905247,24.683728999999996
2016-04-19,0,0,0,0,0,0,0,0,24.259178,-0.5303323,-0.0038,-0.0034,1.5,489.0,0.83875472700769,0.048708003778937865,0.00030000000000000035,-0.00019999999999999966,309.0,0.0004000000000000002,0.0029192955977346904,48.206061232645574,0.3354484737163439,0.4633757899110923,-0.1279273161947484,24.685884949999995
2016-04-20,0,1,0,0,0,0,0,0,24.309097,0.20577908,-0.0093,0.02,0.8333,595.0,-0.235833813892264,-0.016223617963986314,-0.0055,0.0234,106.0,0.0293,-0.06493162174292418,48.97766552049316,0.2762166027595896,0.42594395248079175,-0.14972734972120216,24.6972304
2016-04-21,0,0,0,0,0,0,0,0,24.045881,-1.0827959,-0.007,-0.007,1.0417,331.0,0.15257509112845893,-0.135513095430977,0.002299999999999999,-0.027,-264.0,0.0,-0.11928947746699069,45.15754464537483,0.20566481095290712,0.38188812417521484,-0.17622331322230772,24.70063425
2016-04-22,0,1,0,0,0,0,0,0,23.980074,-0.2736628,-0.0138,-0.0365,1.3333,406.0,0.6583545085820205,-0.5721365822562382,-0.0068,-0.0295,75.0,-0.022699999999999998,-0.4366234868252612,44.22873224258001,0.14279587080860878,0.33406967350189365,-0.19127380269328487,24.700747749999998
2016-04-25,0,0,0,0,0,0,0,0,23.843922,-0.5677521,-0.0247,-0.0109,4.0,174.0,4.319550785996023,-1.2307561029103384,-0.0109,0.025599999999999998,-232.0,0.0138,-0.6586195206541002,42.29062243518169,0.08105114709659489,0.2834659682208339,-0.20241482112423903,24.69949935
2016-04-26,0,1,1,0,0,0,0,0,23.678278,-0.69471,-0.0416,-0.1236,4.0,399.0,3.7112316851293934,-2.507804929736718,-0.0169,-0.1127,225.0,-0.082,-1.2770488268263795,39.994422572866746,0.01853822513308856,0.23048041960328486,-0.2119421944701963,24.66171825
2016-04-27,0,1,1,1,0,0,0,0,22.196552,-6.2577844,-0.5725,-0.2911,4.0,505.0,3.291311646147606,-7.485737978733015,-0.5309,-0.16750000000000004,106.0,0.2814,-4.977933048996297,26.25944347856545,-0.14885076187687218,0.15461418330725346,-0.30346494518412565,24.5285214
2016-04-28,0,1,1,1,0,0,0,0,21.518074,-3.0566335,-0.355,-0.1049,4.0,599.0,2.9767862395544733,-3.8619004644399397,0.21750000000000003,0.18620000000000003,94.0,0.2501,3.623837514293075,22.456475121329696,-0.3324232757806662,0.05720669148966952,-0.3896299672703357,24.3678675
2016-04-29,0,0,1,1,0,0,0,0,21.270748,-1.1494279,-0.1807,-0.0717,4.0,456.0,2.7329052302187393,-1.7576853599344264,0.17429999999999998,0.03319999999999999,-143.0,0.109,2.1042151045055135,21.24843112677704,-0.4921893048986732,-0.05267250778799902,-0.43951679711067415,24.18350145
2016-05-02,0,0,0,1,1,1,0,1,21.248055,-0.10667443,-0.0214,-0.014,4.0,103.0,2.5324218151565296,0.0436789975812171,0.1593,0.0577,-353.0,0.007399999999999999,1.8013643575156435,21.13608128742732,-0.613563392613365,-0.16485068475307224,-0.44871270786029277,23.9851804
2016-05-03,0,1,0,0,0,0,0,0,21.597494,1.6445994,-0.0591,-0.0371,4.0,324.0,2.3686567167094292,-0.3717646483137798,-0.0377,-0.023100000000000002,221.0,0.022,-0.41544364589499694,27.493578813084547,-0.6737893998814215,-0.26663842777874214,-0.40715097210267936,23.819194250000002
2016-05-04,0,0,0,0,0,0,0,0,21.372862,-1.0401309,-0.0414,-0.0294,4.0,485.0,2.2298347409962287,-0.16539938961864617,0.0177,0.007700000000000002,161.0,0.012,0.20636525869513364,26.040332260769844,-0.7312158682551804,-0.3595539158740298,-0.3716619523811506,23.6289287
2016-05-05,0,0,0,0,0,0,0,0,21.2861,-0.40344596,-0.0317,-0.0306,4.0,429.0,2.1077013442251644,-0.0502557922390405,0.0097,-0.0011999999999999997,-56.0,0.0011000000000000003,0.11514359737960567,25.480120631466924,-0.7747963563741642,-0.4426024039740567,-0.3321939524001075,23.46178135
2016-05-06,0,1,0,0,1,0,0,1,21.167385,-0.5576968,-0.0134,-0.003,4.0,509.0,1.9981733740855343,0.15802731773144904,0.018299999999999997,0.0276,80.0,0.0104,0.20828310997048954,24.697206455927613,-0.809581167790757,-0.5159981567373968,-0.29358301105336015,23.2873371
2016-05-09,0,0,0,0,0,0,0,0,21.183374,0.07549524,-0.0043,-0.004,4.0,168.0,1.9073716171600559,0.2615963626487737,0.0091,-0.001,-341.0,0.0002999999999999999,0.10356904491732463,25.031319118287303,-0.8263327531708136,-0.5780650760240802,-0.24826767714673337,23.1096078
2016-05-10,0,0,0,0,0,0,0,0,21.327192,0.6789446,-0.0063,0.0082,4.0,312.0,1.8190288117335647,0.24019558227928228,-0.002,0.0122,144.0,0.0145,-0.02140078036949139,28.120637645272566,-0.8185676562102202,-0.6261655920613082,-0.19240206414891203,22.922958450000003
2016-05-11,0,0,0,0,0,0,0,0,21.119453,-0.9740889,-0.0057,0.0045,4.0,301.0,1.750950469764473,0.2473207533556844,0.0005999999999999998,-0.003700000000000001,-11.0,0.0102,0.00712517107640212,26.426634717759175,-0.8197272565264484,-0.6648779249543362,-0.15484933157211223,22.70776915
2016-05-12,0,0,0,0,0,0,0,0,20.624046,-2.345699,-0.009,0.0158,4.0,284.0,1.6897733115927094,0.21123510612902469,-0.003299999999999999,0.011300000000000001,-17.0,0.024800000000000003,-0.03608564722665972,22.885953770054044,-0.850813800859374,-0.7020651001353437,-0.14874870072403024,22.46712885
2016-05-13,0,1,1,1,0,0,1,0,20.665146,0.1992464,-0.1107,0.1719,4.0,552.0,1.6283118213621721,-0.9127125946235896,-0.10170000000000001,0.1561,268.0,0.2826,-1.1239477007526142,23.798122065250304,-0.8621948392870564,-0.7340910479656862,-0.12810379132137018,22.254071250000003
2016-05-16,0,0,1,0,1,0,0,1,21.432209,3.7118912,-0.0049,0.0543,4.0,181.0,1.566319272675368,0.2765626136543423,0.1058,-0.1176,-371.0,0.0592,1.1892752082779319,38.435022071581606,-0.800095814245644,-0.7472920012216778,-0.052803813023966195,22.106256000000005
2016-05-17,0,1,1,0,0,0,1,0,21.34317,-0.41542053,-0.0552,0.0908,4.0,595.0,1.5099925537568095,-0.2787306720941493,-0.0503,0.036500000000000005,414.0,0.14600000000000002,-0.5552932857484916,37.53378364565177,-0.7494276571420251,-0.7477191324057473,-0.0017085247362778055,21.960455600000003
2016-05-18,0,1,0,0,1,0,0,1,21.587454,1.1445045,-0.002,0.003,4.0,609.0,1.4533718886882296,0.3187367984505153,0.0532,-0.0878,14.0,0.005,0.5974674705446645,41.58108449614785,-0.6817028542016743,-0.7345158767649327,0.05281302256325837,21.824373450000003
2016-05-19,0,0,0,0,0,0,0,0,21.505266,-0.38071275,-0.0033,0.0013,4.0,540.0,1.4074980713514382,0.3043931516561494,-0.0013,-0.0017000000000000001,-69.0,0.0046,-0.014343646794365894,40.62732990648287,-0.6274297253543715,-0.7130986464828204,0.08566892112844893,21.6973427
2016-05-20,0,0,0,0,0,0,0,0,21.73813,1.0828018,-0.0019,0.0034,4.0,584.0,1.3567837751170742,0.32006688084573065,0.0014,0.0021,44.0,0.0053,0.015673729189581265,44.51086645296027,-0.5591818013246659,-0.6823152774511895,0.12313347612652359,21.585245500000003
2016-05-23,0,0,0,0,0,0,0,0,22.014353,1.2707353,0.0066,-0.0027,4.0,143.0,1.3086238122984204,0.4139995992804993,0.0085,-0.0060999999999999995,-441.0,-0.0093,0.09393271843476864,48.78983559077495,-0.477303880203678,-0.6413129980016872,0.1640091177980092,21.493767050000002
2016-05-24,0,1,0,0,0,0,0,0,22.349953,1.5244246,0.0068,0.0199,4.0,396.0,1.2667603346115934,0.4126987592238807,0.00019999999999999966,0.022600000000000002,253.0,0.0131,-0.0013008400566185685,53.48323498362907,-0.38094364137437253,-0.5892391266762242,0.2082954853018517,21.427350800000006
2016-05-25,0,1,0,0,0,0,0,0,22.74262,1.7568946,-0.0008,-0.0015,4.0,419.0,1.223441473405843,0.32685218194891996,-0.0076,-0.021400000000000002,23.0,-0.0007,-0.08584657727496076,58.29899662387732,-0.2697826264354646,-0.5253478266280723,0.25556520019260776,21.454654200000004
2016-05-26,0,0,0,0,0,0,0,0,22.92297,0.79301596,-0.0022,0.0012,4.0,428.0,1.182524549795674,0.3113492985639638,-0.0014000000000000002,0.0027,9.0,0.0034000000000000002,-0.015502883384956145,60.330371326045494,-0.16522932269204205,-0.4533241258408663,0.28809480314882424,21.524899000000005
2016-05-27,0,0,0,0,0,0,0,0,22.909271,-0.059759617,-0.0013,0.0025,4.0,362.0,1.1427821811555425,0.3215931739502051,0.0009000000000000002,0.0013000000000000002,-66.0,0.0038,0.010243875386241275,60.090924094560435,-0.08252418360312319,-0.37916413739331767,0.2966399537901945,21.606825150000002
2016-05-30,0,0,0,0,0,0,0,0,22.909271,0.0,-0.0086,0.0156,4.0,128.0,1.1047415067673134,0.24121560006148593,-0.0073,0.013099999999999999,-234.0,0.0242,-0.08037757388871916,60.090924094560435,-0.016786263421170844,-0.3066885625988883,0.2899022991777175,21.68988595
2016-05-31,0,0,0,0,0,0,0,0,22.797405,-0.4882872,-0.0037,0.0005,4.0,189.0,1.0687261522761793,0.2811352432633568,0.0049,-0.015099999999999999,61.0,0.004200000000000001,0.039919643201870886,57.91403522913071,0.0259853180709122,-0.24015378646492822,0.26613910453584044,21.749881500000004
2016-06-01,0,0,0,0,0,0,0,0,22.477798,-1.4019668,-0.0036,0.0005,4.0,364.0,1.0350002984409712,0.2820790159572937,0.00010000000000000026,0.0,175.0,0.0040999999999999995,0.0009437726939368618,52.10613566099832,0.03370397231033806,-0.18538223470987494,0.219086207020213,21.805128300000003
2016-06-02,0,0,0,0,0,0,0,0,22.308865,-0.75157285,-0.0021,-0.0166,4.0,400.0,1.0023913659874617,0.2991134568689542,0.0015,-0.0171,36.0,-0.0145,0.01703444091166051,49.29230906631341,0.025891123383274817,-0.143127563091245,0.1690186864745198,21.856266550000008
2016-06-03,0,0,0,0,0,0,0,0,22.354515,0.20465851,-0.0045,-0.0263,4.0,461.0,0.9695266226381196,0.2721070129795308,-0.0024,-0.0097,61.0,-0.0218,-0.02700644388942336,50.07686032811861,0.02311648535343025,-0.10987875340230994,0.1329952387557402,21.915623050000004
2016-06-06,0,0,0,0,0,0,0,0,22.516603,0.7250786,-0.0009,-0.0069,4.0,113.0,0.9379218716946754,0.312358980747849,0.0036,0.0194,-348.0,-0.006,0.040251967768318186,52.86543185124185,0.033609284784709814,-0.08118114576490598,0.1147904305496158,21.982284500000002
2016-06-07,0,0,0,0,0,0,0,0,22.607922,0.40556192,0.0004,0.003,4.0,305.0,0.9078250156951921,0.32685181627764365,0.0013,0.009899999999999999,192.0,0.0026,0.014492835529794634,54.41047265764378,0.04873183380027157,-0.05519854985187047,0.10393038365214205,22.046321
2016-06-08,0,0,0,0,0,0,0,0,22.587376,-0.0908792,-0.001,-0.0027,4.0,294.0,0.8777732734292033,0.3100662886236096,-0.0014,-0.0057,-11.0,-0.0017000000000000001,-0.01678552765403407,53.98172868280474,0.05838563905405891,-0.03248171207068459,0.0908673511247435,22.11971715
2016-06-09,0,1,0,0,0,0,0,0,22.749464,0.71760416,-0.0081,-0.03,4.0,471.0,0.8485169474094425,0.2315404460185186,-0.0070999999999999995,-0.027299999999999998,177.0,-0.0219,-0.07852584260509099,56.86916030111719,0.07821389514686672,-0.010342590627174329,0.08855648577404104,22.225988049999998
2016-06-10,0,0,0,0,0,0,0,0,22.56226,-0.8228779,-0.0011,0.0021,4.0,396.0,0.8201211689461516,0.31030413229805154,0.006999999999999999,0.0321,-75.0,0.0031999999999999997,0.07876368627953295,52.752250574152214,0.07792387476206386,0.00731070245067331,0.07061317231139055,22.320843749999998
2016-06-13,0,0,0,0,0,0,0,0,22.222103,-1.5076458,-0.0003,-0.0002,1.9583,271.0,-0.4677307128748415,0.3194577716143997,0.0008000000000000001,-0.0023,-125.0,9.999999999999996e-05,0.009153639316348161,46.20667002423791,0.04967359811001515,0.015783281582541678,0.03389031652747347,22.360338449999997
2016-06-14,0,0,0,0,0,0,0,0,22.249504,0.12328625,-0.0003,0.0002,1.2083,1646.0,-0.9284765487125588,0.319395655326389,0.0,0.0004,1375.0,0.0005,-6.211628801067182e-05,46.77954185965149,0.029159944344335997,0.01845861413490054,0.010701330209435457,22.405655149999998
2016-06-15,0,0,0,0,0,0,0,0,22.176453,-0.32833815,-0.0002,-0.0003,0.5,622.0,-1.3685376705437127,0.3204802984915378,9.999999999999996e-05,-0.0005,-1024.0,-9.999999999999996e-05,0.0010846431651487798,45.39166916607978,0.006928256130834143,0.01615254253408726,-0.009224286403253117,22.435105099999998
2016-06-16,0,0,0,0,0,0,0,0,22.270052,0.4220724,0.0004,0.0008,0.5833,442.0,-1.322553337704021,0.3270289889437537,0.0006000000000000001,0.0011,-180.0,0.0004,0.0065486904522158995,47.53928975930655,-0.0031021008014633367,0.01230161386697714,-0.015403714668440477,22.4733444
2016-06-17,0,0,0,0,0,0,0,0,21.763233,-2.275759,-0.0036,-0.0037,1.25,366.0,-0.9328039826577337,0.2824366467858521,-0.004,-0.0045000000000000005,-76.0,-0.00010000000000000026,-0.04459234215790159,38.67082478975096,-0.05135529667945704,-0.0004297682423096971,-0.050925528437147344,22.47459955
2016-06-20,0,0,0,0,0,0,0,0,21.710726,-0.24127364,-0.0137,-0.021,0.7917,136.0,-1.2249763455238483,0.17123951868022158,-0.010100000000000001,-0.017300000000000003,-230.0,-0.007300000000000001,-0.11119712810563054,37.88236090701139,-0.09276385417156874,-0.018896585428161507,-0.07386726874340724,22.459418199999998
2016-06-21,0,0,0,0,0,0,0,0,21.895643,0.85173845,-0.0116,-0.0064,0.4167,444.0,-1.438471041670837,0.18891600764661184,0.002100000000000001,0.014600000000000002,308.0,0.005199999999999999,0.017676488966390264,42.34107121168651,-0.10939810458081212,-0.03699688925869163,-0.07240121532212049,22.436702699999998
2016-06-22,0,0,0,0,0,0,0,0,21.813465,-0.3753543,-0.0167,0.0003,0.1667,390.0,-1.5692539513395556,0.13097569286604807,-0.0051,0.0067,-54.0,0.017,-0.05794031478056377,40.93485849828804,-0.12773944487772937,-0.05514540038249918,-0.07259404449523019,22.39024495
2016-06-23,0,0,0,0,0,0,0,0,21.939016,0.575614,-0.0013,-0.0005,0.0,282.0,-1.6536042909196753,0.3030216131337852,0.0154,-0.0007999999999999999,-108.0,0.0007999999999999999,0.1720459202677371,43.995158772330086,-0.13063825627984116,-0.07024397156196757,-0.060394284717873586,22.341047249999995
2016-06-24,0,0,0,0,0,0,0,0,21.322632,-2.8095722,-0.0065,-0.0166,0.125,278.0,-1.5607006762588662,0.24547856378629865,-0.0052,-0.0161,-4.0,-0.010100000000000001,-0.057543049347486525,34.53483428501583,-0.18059088337517437,-0.09231335392460893,-0.08827752945056544,22.2617153
2016-06-27,0,0,0,0,0,0,0,0,21.012154,-1.4561057,-0.0012,0.0002,0.1667,99.0,-1.5142991816660512,0.30398580283749727,0.0053,0.0168,-179.0,0.0014,0.05850723905119862,30.927323491322294,-0.24243701704387988,-0.12233808654846312,-0.12009893049541676,22.166859449999997
2016-06-28,0,0,0,0,0,0,0,0,21.366003,1.6840458,-0.0047,0.001,0.1667,259.0,-1.5048912738773066,0.2660313623869708,-0.0035000000000000005,0.0008,160.0,0.0057,-0.03795444045052648,38.77675863592724,-0.2599018794105987,-0.14985084512089025,-0.11005103428970847,22.095289349999994
2016-06-29,0,0,0,0,0,0,0,0,21.550924,0.8654833,-0.0109,-0.0032,0.25,340.0,-1.4478961224194038,0.19813009042275423,-0.0062,-0.004200000000000001,81.0,0.0077,-0.06790127196421655,42.457010055167075,-0.25587179859352105,-0.17105503581541642,-0.08481676277810463,22.048945649999997
2016-06-30,0,0,0,0,0,0,0,0,21.824875,1.2711883,-0.0033,-0.0081,0.8333,305.0,-1.0976289530975305,0.28335422666730703,0.0076,-0.0049,-35.0,-0.0048,0.0852241362445528,47.492628210851926,-0.22794476890955906,-0.18243298243424494,-0.04551178647531412,22.024746149999995
2016-07-01,0,0,0,0,0,0,0,0,21.891079,0.30335188,-0.0046,0.0009,0.8333,457.0,-1.1024788302504398,0.26624787740727407,-0.0013,0.009,152.0,0.0055,-0.01710634926003296,48.66184922165301,-0.19818572549437974,-0.1855835310462719,-0.01260219444810784,22.001574349999995
2016-07-04,0,0,0,0,0,0,0,0,21.891079,0.0,-0.001,-0.0014,0.0417,97.0,-1.5633379027731984,0.30661979569928016,0.0036,-0.0023,-360.0,-0.00039999999999999996,0.04037191829200609,48.66184922165301,-0.17261170885292287,-0.1829891666076021,0.010377457754679215,21.970298149999998
2016-07-05,0,0,0,0,0,0,0,0,21.68562,-0.93857646,-0.004,-0.0011,0.9583,121.0,-1.0202989017604174,0.27222109530662125,-0.003,0.0002999999999999999,24.0,0.0029,-0.03439870039265891,45.051140715202024,-0.16699789286485256,-0.1797909118590522,0.012793018994199629,21.92418305
2016-07-06,0,0,0,0,0,0,0,0,21.808897,0.56848526,-0.0084,-0.0054,0.4167,362.0,-1.3446423320307892,0.22510516745754636,-0.004399999999999999,-0.0043,241.0,0.002999999999999999,-0.047115927849074896,47.56514195450128,-0.1508624314170497,-0.1740052157706517,0.02314278435360201,21.8852591
2016-07-07,0,0,0,0,0,0,0,0,21.902493,0.4291892,-0.0142,-0.0052,0.7917,230.0,-1.121935052034198,0.16197268118849287,-0.005800000000000001,0.00020000000000000052,-132.0,0.009000000000000001,-0.06313248626905349,49.45590517075834,-0.12903511055148087,-0.16501119472681752,0.03597608417533665,21.84291055
2016-07-08,0,0,0,0,0,0,0,0,22.071436,0.77130795,-0.0025,0.0017,0.7917,299.0,-1.1146910179761533,0.29425998442782936,0.0117,0.0069,69.0,0.0042,0.1322873032393365,52.766704740734326,-0.09698651317188833,-0.1514062584158317,0.05441974524394336,21.81836935
2016-07-11,0,0,0,0,0,0,0,0,22.139921,0.31030178,-0.0079,-0.0129,0.5833,85.0,-1.2226508976559027,0.23411682553381555,-0.0054,-0.0146,-214.0,-0.004999999999999999,-0.06014315889401381,54.079829235771335,-0.06530876293805576,-0.13418675932027652,0.06887799638222075,21.81426025
2016-07-12,0,1,1,0,0,0,0,0,22.240372,0.45369864,0.0308,-0.0091,0.25,213.0,-1.3914394131406793,0.6620836726657965,0.0387,0.0037999999999999996,128.0,-0.039900000000000005,0.42796684713198097,56.01153063983018,-0.031732568162965435,-0.1136959210888143,0.08196335292584886,21.81380365
2016-07-13,0,1,0,0,0,0,0,0,22.114813,-0.5645633,-0.0053,-0.0127,0.7917,232.0,-1.070478196562176,0.2553460554238817,-0.0361,-0.003599999999999999,19.0,-0.0073999999999999995,-0.40673761724191476,53.0098051318863,-0.01508091051110938,-0.09397291897327331,0.07889200846216393,21.81072165
2016-07-14,0,0,0,0,0,0,0,0,22.553133,1.9820333,-0.0028,-0.0026,0.5833,259.0,-1.1833308647742626,0.28260773841866343,0.0025,0.0101,27.0,0.0002000000000000001,0.02726168299478171,60.88958495030368,0.03310282024759559,-0.06855777112909953,0.10166059137669511,21.8248757
2016-07-15,0,0,0,0,0,0,0,0,22.550846,-0.010126829,0.0028,0.0159,0.125,226.0,-1.4223030795968759,0.3421740723738467,0.0056,0.018500000000000003,-33.0,0.0131,0.05956633395518329,60.832265714842535,0.07029392759133302,-0.04078743138501302,0.11108135897634604,21.864256349999998
2016-07-18,0,0,0,0,0,0,0,0,22.79056,1.0629654,0.0007,0.0256,0.75,95.0,-1.0249412219913272,0.3135696662409081,-0.0021,0.0097,-131.0,0.024900000000000002,-0.02860440613293863,64.59445448793433,0.11775367348638355,-0.009079210410733708,0.12683288389711725,21.91824805
2016-07-19,0,1,0,0,0,0,0,0,22.799688,0.040066242,0.0017,0.0047,0.7917,304.0,-0.9681470930587733,0.31649052747063366,0.001,-0.020900000000000002,209.0,0.003,0.0029208612297255687,64.73336753603995,0.15432347242425593,0.023601326156264216,0.13072214626799172,21.963450299999998
2016-07-20,0,0,0,0,0,0,0,0,22.820236,0.0901103,0.0012,0.0006,1.125,281.0,-0.7495081480649016,0.3420581927629134,-0.0005,-0.0041,-23.0,-0.0006,0.025567665292279718,65.06564666874841,0.18285550894339764,0.055452162713690904,0.12740334622970673,22.01378885
2016-07-21,0,0,0,0,0,0,0,0,22.699242,-0.5302131,0.009,-0.0057,1.25,279.0,-0.6530149008775126,0.6801821834625067,0.0078,-0.0063,-2.0,-0.0147,0.3381239906995933,61.397324394216504,0.1934739021257066,0.08305651059609404,0.11041739152961255,22.051800150000002
2016-07-22,0,0,1,0,0,0,0,0,22.523457,-0.77441335,-0.0304,-0.1551,0.7917,272.0,-0.8887754593456512,-1.1497290628800534,-0.0394,-0.14939999999999998,-7.0,-0.12469999999999999,-1.8299112463425602,56.42046832249301,0.18556559020727903,0.10355832651833104,0.08200726368894799,22.111841400000003
2016-07-25,0,0,0,0,1,0,0,0,22.222103,-1.3379335,-0.0065,0.0091,1.5417,120.0,-0.43211419410769575,0.08590536288273044,0.0239,0.16419999999999998,-152.0,0.0156,1.2356344257627838,49.07608440535164,0.1532152764226744,0.11348971649919971,0.03972555992347469,22.172338850000003
2016-07-26,0,1,0,0,0,0,0,0,22.069149,-0.6883085,-0.0378,-0.0176,2.6667,296.0,0.24081591046934195,-1.6412532078352295,-0.0313,-0.0267,176.0,0.0202,-1.72715857071796,45.816171187098206,0.11392208725897746,0.11357619065115526,0.00034589660782219367,22.207496150000004
2016-07-27,0,1,1,0,0,0,0,0,23.502836,6.496322,-0.2728,-0.1542,2.7917,458.0,0.32910630732093277,-6.764334942524857,-0.235,-0.1366,162.0,0.11859999999999998,-5.123081734689627,67.5647707686984,0.19620676142122306,0.13010230480516882,0.06610445661605424,22.305091750000003
2016-07-28,0,0,1,0,0,0,1,0,23.820156,1.3501644,-0.0964,0.0916,2.2917,419.0,0.04920705637385907,-2.0891899009597816,0.1764,0.24580000000000002,-39.0,0.188,4.6751450415650755,70.39698043589928,0.2837521128426843,0.16083226641267193,0.12291984643001239,22.4048558
2016-07-29,0,0,0,0,0,0,0,0,23.79049,-0.12459159,-0.0155,0.005,0.5833,379.0,-0.9443083133127442,-0.06857045610925262,0.0809,-0.0866,-40.0,0.0205,2.020619444850529,69.78349063253458,0.3467416148071578,0.1980141360915691,0.14872747871558872,22.49982635
2016-08-01,0,0,1,0,0,0,0,0,24.21054,1.7656684,-0.0161,0.048,1.2083,104.0,-0.5447172864495697,-0.07866566710967203,-0.0005999999999999998,0.043000000000000003,-275.0,0.0641,-0.010095211000419407,73.32785196965949,0.4256491549239705,0.24354113985804937,0.1821080150659211,22.6157994
2016-08-02,0,1,0,0,0,0,0,0,23.852127,-1.4804363,-0.0348,-0.0078,1.2917,367.0,-0.47123961962965066,-0.5326226750405787,-0.018699999999999998,-0.0558,263.0,0.026999999999999996,-0.45395700793090665,66.19317435358056,0.45402924869157246,0.285638761624754,0.16839048706681847,22.724124749999998
2016-08-03,0,0,0,0,1,0,0,0,24.151197,1.2538314,-0.006,-0.0024,0.6667,285.0,-0.8252685365365846,0.18514531709685578,0.0288,0.0054,-82.0,0.0036000000000000003,0.7177679921374345,68.91137024774936,0.4949476782964837,0.3275005449590999,0.16744713333738376,22.84123975
2016-08-04,0,0,0,0,0,0,0,0,24.300388,0.6144285,-0.0034,0.0052,0.9167,281.0,-0.6456574007701661,0.24750322047255904,0.0026000000000000003,0.007599999999999999,-4.0,0.0086,0.062357903375703266,70.19863242853627,0.5332671239607727,0.36865386075943446,0.16461326320133823,22.9611345
2016-08-05,0,0,0,0,0,0,0,0,24.66993,1.5207291,0.0007,-0.0079,1.0833,390.0,-0.5178246649653675,0.3197528724874934,0.0040999999999999995,-0.0131,109.0,-0.0086,0.07224965201493436,73.16283530307784,0.5866914973563198,0.4122613880788115,0.17443010927750824,23.0910592
2016-08-08,0,0,0,0,0,0,0,0,24.874203,0.8280635,-0.0006,0.006,1.4167,136.0,-0.28485625801285475,0.28361965518933274,-0.0013,0.013900000000000001,-254.0,0.0066,-0.03613321729816066,74.66306465678804,0.6381575392205612,0.45744061830716143,0.18071692091339975,23.227773300000003
2016-08-09,0,0,0,0,0,0,0,0,24.975199,0.40601492,-0.0022,-0.0046,1.2083,361.0,-0.39415562952696825,0.22089133028756233,-0.0016000000000000003,-0.0106,225.0,-0.0024,-0.06272832490177041,75.39540856781318,0.6792641470717982,0.5018053240600888,0.17745882301170934,23.36451465
2016-08-10,0,0,0,0,0,0,0,0,24.78928,-0.7444143,-0.0031,0.0009,0.75,306.0,-0.6653877592056755,0.19751833475010053,-0.0008999999999999998,0.0055,-55.0,0.004,-0.023372995537461805,71.30928622494375,0.6888981316039988,0.5392238855688708,0.14967424603512802,23.498238
2016-08-11,0,0,0,0,0,0,0,0,24.773212,-0.06481409,-0.0014,0.0071,1.75,393.0,0.01721879397749552,0.24174486077382978,0.0017,0.006200000000000001,87.0,0.0085,0.04422652602372926,70.95139574866269,0.6873136564471345,0.5688418397445235,0.11847181670261098,23.60924195
2016-08-12,0,0,0,0,0,0,0,0,24.830595,0.23163557,0.0007,0.0026,0.125,768.0,-1.040086935561958,0.29622015126959444,0.0021,-0.0045000000000000005,375.0,0.0018999999999999998,0.05447529049576466,71.50148404758548,0.682817185524268,0.5916369089004724,0.09118027662379558,23.7232294
2016-08-15,0,0,0,0,0,0,0,0,25.128994,1.2017012,-0.0012,0.0001,1.625,131.0,0.0033651301898634605,0.2495814112349593,-0.0018999999999999998,-0.0025,-637.0,0.0013,-0.04663874003463514,74.23394442747151,0.6953168258493783,0.6123728922902536,0.08294393355912466,23.8401511
2016-08-16,0,0,0,0,0,0,0,0,25.106031,-0.09134412,0.009,0.0127,1.7083,398.0,0.08966808949517284,0.5192258444023639,0.010199999999999999,0.0126,267.0,0.0037,0.26964443316740455,73.64873292474557,0.6953543466072389,0.6289691831536507,0.06638516345358825,23.955468250000003
2016-08-17,0,0,0,0,0,0,0,0,25.06931,-0.14627576,-0.0024,0.0043,1.5833,402.0,0.030322926344070272,0.217380430595637,-0.011399999999999999,-0.0084,4.0,0.006699999999999999,-0.30184541380672686,72.6622496796363,0.6845301666128876,0.6400813798454981,0.0444487867673895,24.06792195
2016-08-18,0,0,0,0,0,0,0,0,25.037178,-0.12817979,-0.0176,-0.0178,0.4167,259.0,-0.793941629602013,-0.1793558469700331,-0.015200000000000002,-0.0221,-143.0,-0.0001999999999999988,-0.3967362775656701,71.75652999864334,0.6656855336644583,0.6452022106092901,0.0204833230551682,24.184818749999998
2016-08-19,0,0,0,0,1,0,0,0,25.101442,0.25669336,-0.007,-0.0047,0.5,235.0,-0.7072101524207474,0.10466125486822195,0.010600000000000002,0.0131,-24.0,0.0023,0.284017101838255,72.49496429172537,0.6484615331075467,0.6458540751089414,0.0026074579986052893,24.313717999999998
2016-08-22,0,0,0,0,0,0,0,0,24.906342,-0.7772505,-0.0038,0.0083,1.1667,127.0,-0.16619432614117766,0.18748963737091015,0.0032,0.013000000000000001,-108.0,0.0121,0.0828283825026882,66.78604711607143,0.6120135379919311,0.6390859676855394,-0.027072429693608235,24.447929949999995
2016-08-23,0,0,0,0,0,0,0,0,24.984379,0.3133297,-0.0008,0.0042,0.7083,388.0,-0.5041047684525194,0.2657967889078771,0.003,-0.0041,261.0,0.005,0.07830715153696696,67.87574703483561,0.5827080769983084,0.6278103895480932,-0.045102312549784807,24.593691449999998
2016-08-24,0,0,0,0,0,0,0,0,24.796171,-0.7533312,0.0011,0.0012,1.0417,295.0,-0.19788798131823646,0.31399184430337346,0.0019000000000000002,-0.003,-93.0,9.999999999999983e-05,0.048195055395496345,62.54598309539321,0.538093666510445,0.6098670449405635,-0.07177337843011855,24.6583582
2016-08-25,0,0,0,0,0,0,0,0,24.69058,-0.42580962,-0.0024,-0.0077,1.5417,397.0,0.27986386271106195,0.2212604116956759,-0.0034999999999999996,-0.0089,102.0,-0.005300000000000001,-0.09273143260769756,59.713051278451424,0.48858402106827015,0.5856104401661049,-0.09702641909783472,24.7018794
2016-08-26,0,0,0,0,0,0,0,0,24.545986,-0.5856633,-0.0015,-0.0049,1.3333,527.0,0.1397540999711477,0.243748136556,0.0008999999999999998,0.0028000000000000004,130.0,-0.0034,0.022487724860324104,55.974244737582055,0.43269193964128405,0.5550267400611407,-0.12233480041985667,24.7396542
2016-08-29,0,0,0,0,0,0,0,0,24.518435,-0.112217665,-0.0012,0.0017,2.0,143.0,0.857456386728664,0.2518478659261861,0.00030000000000000014,0.0066,-384.0,0.0029,0.008099729370186076,55.26421019739974,0.3817730845102716,0.5203760089509669,-0.13860292444069533,24.755048950000003
2016-08-30,0,1,1,0,0,0,0,0,24.330221,-0.7676482,-0.0439,-0.0944,2.875,801.0,1.847593265840524,-0.856526001084979,-0.0427,-0.09609999999999999,658.0,-0.050499999999999996,-1.1083738670111651,50.54699373127206,0.3225144819488186,0.48080370355053725,-0.15828922160171865,24.778953650000002
2016-08-31,0,1,0,0,0,0,0,0,24.353176,0.09434223,-0.0849,-0.0568,2.125,905.0,1.168940776547728,-1.845770123623857,-0.041,0.037599999999999995,104.0,0.0281,-0.9892441225388781,51.09527413362762,0.2742425912588047,0.4394914810921907,-0.16524888983338604,24.7890526
2016-09-01,0,0,0,0,1,0,0,1,24.497778,0.5937815,-0.0078,-0.0066,2.125,653.0,1.31784908505033,0.12869216035425657,0.0771,0.0502,-252.0,0.0011999999999999997,1.9744622839781136,54.51623508795483,0.244832664464532,0.400559717766659,-0.155727053302127,24.798922100000002
2016-09-02,0,0,0,0,0,0,0,0,24.727312,0.93694925,-0.0079,-0.0009,1.7083,609.0,0.9552218983924092,0.1291154663681164,-0.00010000000000000113,0.0057,-44.0,0.007000000000000001,0.0004233060138598421,59.37422247649554,0.23731098775147785,0.3679099717636228,-0.13059898401214493,24.8017912
2016-09-05,0,0,0,0,0,0,0,0,24.727312,0.0,-0.0017,0.0,0.8333,196.0,-0.26155125423013853,0.28865223826904235,0.006200000000000001,0.0009,-413.0,0.0017,0.15953677190092594,59.374222476495554,0.22871353747484946,0.3400706849058681,-0.11135714743101865,24.794446649999998
2016-09-06,0,0,0,0,0,0,0,0,24.720425,-0.02785325,-0.0005,-0.0001,1.75,304.0,1.0340210061675086,0.31950429092626254,0.0012,-0.0001,108.0,0.0004,0.030852052657220186,59.15436602919429,0.21882183099059915,0.3158209141228143,-0.09699908313221517,24.781707949999998
2016-09-07,0,0,0,0,0,0,0,0,24.871918,0.6128192,-0.0025,-0.0002,2.75,823.0,2.3038991702607436,0.26930288638865024,-0.002,-0.0001,519.0,0.0023,-0.05020140453761229,62.448321966544896,0.2206631341041856,0.2967893581190886,-0.07612622401490299,24.785839849999995
2016-09-08,0,0,0,0,0,0,0,0,24.220049,-2.6208997,-0.0004,0.0001,4.0,3126.0,3.504162506022657,0.32352575511529014,0.0021,0.00030000000000000003,2303.0,0.0005,0.054222868726639895,45.459899248003296,0.16759012504384074,0.270949511504039,-0.10335938646019827,24.758181699999998
2016-09-09,0,0,0,0,0,0,0,0,23.67147,-2.2649705,-0.0081,-0.004,4.0,1063.0,3.1420380602714637,0.1280462239584512,-0.007699999999999999,-0.0041,-2063.0,0.0040999999999999995,-0.19547953115683894,36.46872524969935,0.08033756096472544,0.23282712139617628,-0.15248956043145084,24.700225449999998
2016-09-12,0,0,0,0,0,0,0,0,24.201689,2.2398949,-0.0008,-0.0005,4.0,209.0,2.861227219789266,0.30953537130202,0.007299999999999999,0.0035,-854.0,0.00030000000000000003,0.18148914734356883,47.31489867268463,0.05335843456695599,0.19693338403033223,-0.14357494946337623,24.653860199999997
2016-09-13,0,0,0,0,0,0,0,0,24.777807,2.3804903,-0.0011,0.0024,4.0,485.0,2.641552259769972,0.29713710430785606,-0.00030000000000000003,0.0029,276.0,0.0034999999999999996,-0.012398266994163964,56.087324664980684,0.07757100010070772,0.1730609072444073,-0.09548990714369959,24.637448999999997
2016-09-14,0,0,0,0,0,0,0,0,25.654613,3.53868,0.0026,0.0054,4.0,844.0,2.4655061501249755,0.38321035481978516,0.0037,0.0030000000000000005,359.0,0.0028000000000000004,0.0860732505119291,65.50195257546599,0.1656015970277096,0.17156904520106778,-0.005967448173358175,24.666714149999994
2016-09-15,0,0,0,0,0,0,0,0,26.526825,3.399837,0.0087,0.0136,4.0,714.0,2.320581109356734,0.534046994210792,0.0060999999999999995,0.008199999999999999,-130.0,0.0049,0.1508366393910069,71.94542754479649,0.3022624054801746,0.19770771725688913,0.10455468822328545,24.741196499999994
2016-09-16,0,0,0,0,0,0,0,0,26.377632,-0.5624294,0.0238,0.0098,4.0,735.0,2.192108807079424,0.9005531349201803,0.015100000000000002,-0.0037999999999999996,21.0,-0.014000000000000002,0.36650614070938825,69.55239399836735,0.39398681773802835,0.23696353735311698,0.15702328038491137,24.80500599999999
2016-09-19,0,0,0,0,0,0,0,0,26.070063,-1.1660278,0.0031,0.0008,4.0,197.0,2.0787089966748553,0.3735265559042594,-0.020700000000000003,-0.009,-538.0,-0.0023,-0.5270265790159209,64.76945718592584,0.4368253764273682,0.27693590516796723,0.15988947125940095,24.86319204999999
2016-09-20,0,0,0,0,0,0,0,0,26.067766,-0.008803606,-0.0031,0.0026,4.0,368.0,1.9782369080060742,0.21567179474156528,-0.0062,0.0018,171.0,0.0057,-0.15785476116269415,64.73365448392121,0.4652270463244008,0.31459413339925396,0.15063291292514686,24.917361399999994
2016-09-21,0,0,0,0,0,0,0,0,26.063179,-0.017607212,-0.0004,-0.002,4.0,493.0,1.8869257660860486,0.27947618271766556,0.0026999999999999997,-0.0046,125.0,-0.0016,0.06380438797610027,64.65679240437578,0.481811419647439,0.34803759064889095,0.13377382899854806,24.98071179999999
2016-09-22,0,0,0,0,0,0,0,0,26.308773,0.9423137,0.0004,0.0006,4.0,590.0,1.7990991771069518,0.2980561458398636,0.0008,0.0026,97.0,0.00019999999999999993,0.018579963122198062,66.92144812795033,0.5089056902606757,0.3802112105712479,0.12869447968942777,25.06162144999999
2016-09-23,0,0,0,0,0,0,0,0,25.87037,-1.666379,-0.0024,0.0011,4.0,375.0,1.7193429578489765,0.2262000461728363,-0.0028,0.0005000000000000001,-215.0,0.0034999999999999996,-0.07185609966702733,59.582175323767686,0.4893615810230614,0.4020412846616106,0.08732029636145078,25.12784064999999
2016-09-26,0,0,0,0,0,0,0,0,25.909386,0.1508236,-0.0045,-0.001,4.0,118.0,1.6541308695728143,0.1745796657471042,-0.0021,-0.0021000000000000003,-257.0,0.0034999999999999996,-0.05162038042573208,60.002585795285526,0.47158486203606387,0.41595000013650124,0.055634861899562627,25.19738819999999
2016-09-27,0,0,0,0,0,0,0,0,25.957596,0.18603802,-0.003,-0.005,4.0,294.0,1.5861297967288903,0.21211911568601305,0.0014999999999999996,-0.004,176.0,-0.002,0.03753944993890884,60.54864729842527,0.45612885870395914,0.4239857718499928,0.03214308685396633,25.27875694999999
2016-09-28,0,0,0,0,0,0,0,0,26.154985,0.7604599,-0.0002,-0.0005,4.0,284.0,1.526125390561504,0.2793738564166383,0.0028,0.0045000000000000005,-10.0,-0.00030000000000000003,0.06725474073062526,62.788684188806506,0.45456753576622333,0.43010212463323894,0.024465411132984394,25.36884739999999
2016-09-29,0,0,0,0,0,0,0,0,25.748718,-1.553309,0.0008,-0.0009,4.0,503.0,1.467863153132649,0.2981359568336852,0.001,-0.00039999999999999996,219.0,-0.0017000000000000001,0.0187621004170469,55.769834941289986,0.4157552567037115,0.42723275104733344,-0.011477494343621941,25.43139439999999
2016-09-30,0,0,0,0,0,0,0,0,25.948418,0.7755399,-0.0016,-0.003,4.0,364.0,1.4134103536435028,0.2370553756968891,-0.0024000000000000002,-0.0021000000000000003,-139.0,-0.0014,-0.061080581136796125,58.24091441873572,0.39653930864386666,0.42109406256664006,-0.024554753922773398,25.49244969999999
2016-10-03,0,0,0,0,0,0,0,0,25.826761,-0.4688263,-0.0052,-0.001,4.0,118.0,1.363344375490108,0.14488596519371483,-0.0036,0.002,-246.0,0.0042,-0.09216941050317426,56.18167630310029,0.367260280293344,0.41032730611198087,-0.04306702581863686,25.547422149999992
2016-10-04,0,0,0,0,0,0,0,0,25.936934,0.42659044,-0.0078,0.0009,4.0,340.0,1.3189493749628067,0.0963458806040543,-0.0026,0.0019,222.0,0.0087,-0.048540084589660526,57.6422842875606,0.3489242976222151,0.39804670441402773,-0.04912240679181262,25.60824759999999
2016-10-05,0,0,0,0,0,0,0,0,25.948418,0.04425049,0.0016,0.0001,4.0,439.0,1.2732795345828056,0.3330732619951004,0.0094,-0.0007999999999999999,99.0,-0.0015,0.2367273813910461,57.800187557491526,0.33149825652520803,0.38473701483626377,-0.053238758311055734,25.662072599999995
2016-10-06,0,0,0,0,0,0,0,0,26.141218,0.7430315,0.0047,0.001,4.0,377.0,1.231030894261955,0.408528764171785,0.0031000000000000003,0.0009,-62.0,-0.0037,0.07545550217668462,60.46484029539114,0.3294476743947854,0.3736791467479681,-0.0442314723531827,25.758131049999992
2016-10-07,0,0,0,0,0,0,0,0,26.180235,0.14926195,0.0047,0.015,4.0,281.0,1.1949419675266177,0.40759361437874875,0.0,0.013999999999999999,-96.0,0.0103,-0.0009351497930362718,61.00151284956981,0.3271991707382469,0.36438315154602385,-0.03718398080777696,25.883569299999994
2016-10-10,0,0,0,0,0,0,0,0,26.637005,1.7446995,-0.0242,0.0004,4.0,117.0,1.155750292724077,-0.3178784351615615,-0.0289,-0.0146,-164.0,0.0246,-0.7254720495403102,66.70043618969483,0.35814624997328437,0.36313577123147595,-0.004989521258191576,26.005335099999996
2016-10-11,0,1,0,0,1,0,0,1,26.694391,0.2154231,0.0088,0.0272,4.0,299.0,1.118111799055843,0.5188552678147919,0.033,0.026799999999999997,182.0,0.0184,0.8367337029763533,67.34605150400242,0.38288889894690925,0.3670863967745626,0.015802502172346633,26.1011643
2016-10-12,0,1,0,0,0,0,0,0,26.933092,0.89423656,-0.0046,-0.0052,4.0,419.0,1.0811303117727955,0.18061149888825245,-0.0134,-0.0324,120.0,-0.0005999999999999998,-0.3382437689265394,69.95541430156204,0.41695243419465555,0.3770596042585812,0.03989282993607435,26.165088250000004
2016-10-13,0,0,0,0,0,0,0,0,26.85046,-0.30679703,0.0055,0.0054,4.0,345.0,1.0455143201093242,0.43946352763576696,0.0101,0.0106,-74.0,-9.99999999999994e-05,0.2588520287475145,67.9316965866297,0.4322970679734368,0.3881070970015523,0.044189970971884485,26.181270000000005
2016-10-14,0,0,0,0,0,0,0,0,26.999662,0.5556464,0.0032,-0.0062,4.0,282.0,1.012128763648733,0.3669109949508257,-0.0022999999999999995,-0.0116,-63.0,-0.0094,-0.07255253268494127,69.63953985981017,0.4512949084784843,0.4007446592969387,0.0505502491815456,26.212371500000007
2016-10-17,0,0,0,0,0,0,0,0,26.981297,-0.06800294,0.0004,-0.0003,4.0,118.0,0.979300674964734,0.29243156097579487,-0.0028,0.0059,-164.0,-0.0007,-0.07447943397503082,69.15136684419758,0.4595712802875269,0.41250998349505635,0.047061296792470564,26.257933200000007
2016-10-18,0,0,0,0,0,0,0,0,26.962936,-0.06805658,-0.0002,0.0049,4.0,428.0,0.9556622148531329,0.2620783353808408,-0.0006000000000000001,0.0052,310.0,0.0050999999999999995,-0.03035322559495407,68.63335086000546,0.45935364247082333,0.42187871529020976,0.03747492718061357,26.302691700000008
2016-10-19,0,0,0,0,0,0,0,0,26.882595,-0.29794574,0.0004,-0.0024,4.0,450.0,0.9342107927254865,0.3391827645408545,0.0006000000000000001,-0.007299999999999999,22.0,-0.0028,0.0771044291600137,66.293235883741,0.4475393605065001,0.4270108443334678,0.020528516173032307,26.34366250000001
2016-10-20,0,0,0,0,0,0,0,0,26.868837,-0.051236153,-0.0035,-0.0009,4.0,382.0,0.9080794711830218,0.05965236352294469,-0.0039000000000000003,0.0014999999999999998,-68.0,0.0026,-0.2795304010179098,65.87899618076095,0.4320854887623007,0.4280257732192344,0.004059715543066278,26.371665700000012
2016-10-21,0,0,0,0,0,0,0,0,26.763239,-0.3929615,-0.0055,-0.0075,4.0,275.0,0.8793818128152915,-0.09258611549294328,-0.0019999999999999996,-0.0066,-107.0,-0.002,-0.15223847901588797,62.643480889716166,0.4066299312560204,0.4237466048265916,-0.017116673570571173,26.41630915000001
2016-10-24,0,0,0,0,1,0,0,0,27.004248,0.9005189,-0.003,0.0002,1.4167,133.0,-0.972792872156697,0.06847459871192588,0.0024999999999999996,0.007699999999999999,-142.0,0.0032,0.16106071420486917,66.66722377337388,0.40127794823821006,0.41925287350891527,-0.01797492527070521,26.471052250000014
2016-10-25,0,0,0,0,0,0,0,0,27.14197,0.50998926,-0.0125,-0.0151,2.375,406.0,-0.3014278963403646,-0.6559963800932576,-0.009500000000000001,-0.015300000000000001,273.0,-0.0026,-0.7244709788051834,68.73935161009791,0.40349820144946236,0.4161019390970247,-0.01260373764756234,26.53027095000001
2016-10-26,0,1,0,0,0,0,0,0,26.53142,-2.2494733,-0.1925,-0.207,2.9167,519.0,0.06465209998519286,-6.656074477484987,-0.18,-0.1919,113.0,-0.014499999999999985,-6.00007809739173,53.00735650379759,0.3519346026668302,0.4032684718109858,-0.05133386914415561,26.54909270000001
2016-10-27,0,1,1,0,0,0,0,0,26.276642,-0.9602845,-0.1694,-0.0434,1.875,539.0,-0.7258740086786777,-4.579042584208371,0.02310000000000001,0.1636,20.0,0.126,2.077031893276616,48.06398222433812,0.2872009500289643,0.3800549674545815,-0.09285401742561722,26.57548890000001
2016-10-28,0,1,0,0,1,1,0,0,26.102196,-0.6638706,-0.0018,0.002,1.0833,1068.0,-1.3182374200865787,0.22086551575936583,0.1676,0.0454,529.0,0.0038,4.799908099967737,44.971491447455264,0.2192948352838684,0.3479029410204389,-0.1286081057365705,26.58317780000001
2016-10-31,0,0,0,0,0,0,0,0,26.060883,-0.1582861,-0.0026,0.0017,0.5833,134.0,-1.6580246531719451,0.19895171081758706,-0.0007999999999999999,-0.00030000000000000014,-934.0,0.0043,-0.021913804941778775,44.245439693794694,0.16029732845755262,0.3103818185078616,-0.150084490050309,26.594883900000013
2016-11-01,0,0,0,0,0,0,0,0,25.590342,-1.805532,-0.0014,-0.0034,0.375,374.0,-1.773925404856808,0.232925804052721,0.0012,-0.0050999999999999995,240.0,-0.002,0.03397409323513395,36.9319036905469,0.07471142620380178,0.26324774004704965,-0.18853631384324787,26.577554300000013
2016-11-02,0,0,0,0,0,0,0,0,25.613298,0.08969307,-0.004,-0.0047,0.5833,354.0,-1.6154488479817484,0.1588922299957224,-0.0026,-0.0013000000000000004,-20.0,-0.0007000000000000001,-0.07403357405699862,37.47489979404814,0.008636779979877218,0.21232554803361517,-0.20368876805373795,26.560798300000016
2016-11-03,0,0,0,0,0,0,0,0,25.338753,-1.0663986,0.0002,-0.0006,0.2917,339.0,-1.7686077182136801,0.27838801612616265,0.0042,0.0041,-15.0,-0.0007999999999999999,0.11949578613044026,33.73414916217965,-0.06513055572239779,0.1568343272824126,-0.22196488300481038,26.520675050000015
2016-11-04,0,0,0,0,0,0,0,0,25.11035,-0.9013951,-0.0021,0.0005,0.2083,236.0,-1.8320290754497233,0.21392453560420957,-0.0023,0.0010999999999999998,-103.0,0.0026,-0.06446348052195308,30.964906584140145,-0.1404034306376012,0.09738677569840984,-0.23779020633601103,26.467180800000015
2016-11-07,0,0,0,0,0,0,0,0,25.472574,1.442492,-0.0019,-0.0028,0.4583,137.0,-1.6132651092414385,0.22000610415054858,0.00019999999999999987,-0.0033,-99.0,-0.0009,0.006081568546339011,39.45357974185013,-0.16888250436731767,0.04413291968526434,-0.213015424052582,26.408959250000017
2016-11-08,0,0,0,0,0,0,0,0,25.622522,0.5887151,-0.002,-0.0023,0.0,262.0,-1.8636561938656881,0.222843518045407,-0.00010000000000000005,0.0005,125.0,-0.0002999999999999999,0.0028374138948584204,42.60009064234486,-0.17730891820835026,-0.0001554478934585879,-0.17715347031489168,26.355365800000015
2016-11-09,0,0,0,0,0,0,0,0,25.581,-0.16207695,-0.0012,-0.0013,0.125,258.0,-1.725683988760334,0.24520524060775994,0.0008000000000000001,0.001,-4.0,-0.00010000000000000005,0.022361722562352943,41.949968911633356,-0.18520249123812604,-0.03716485656239208,-0.14803763467573397,26.287761200000016
2016-11-10,0,0,0,0,0,0,0,0,24.868107,-2.7867913,-0.007,-0.0009,0.7083,236.0,-1.347313536978955,0.07366221026356759,-0.0058000000000000005,0.00039999999999999996,-22.0,0.0061,-0.17154303034419235,32.71787824153391,-0.2461453021162896,-0.07896094567317158,-0.16718435644311802,26.188643550000016
2016-11-11,0,0,0,0,0,0,0,0,25.015755,0.5937457,-0.0028,-0.0017,0.125,310.0,-1.7212319693334783,0.19221617766240795,0.004200000000000001,-0.0007999999999999999,74.0,0.0011,0.11855396739884036,35.86595250190619,-0.2793092559140966,-0.1190306077213566,-0.16027864819274001,26.089448200000014
2016-11-14,0,0,0,0,0,0,0,0,24.388233,-2.508533,0.0001,-0.0006,1.125,100.0,-1.056467828369299,0.2734967650104635,0.0029,0.0010999999999999998,-210.0,-0.0007,0.08128058734805554,29.53980894526671,-0.3521681341783136,-0.165658113012748,-0.18651002116556561,25.959795000000014
2016-11-15,0,0,0,0,0,0,0,0,24.71122,1.3243794,-0.0024,-0.0158,1.7083,414.0,-0.6883661110731825,0.2025512790320233,-0.0024999999999999996,-0.015200000000000002,314.0,-0.013400000000000002,-0.07094548597844019,35.81505312932706,-0.37947264410978576,-0.20842101923215556,-0.1710516248776302,25.847209200000016
2016-11-16,0,0,0,0,0,0,0,0,25.375668,2.6888251,-0.0024,-0.0011,1.0417,362.0,-1.1357227121518174,0.20431390421367202,0.0,0.014700000000000001,-52.0,0.0012999999999999997,0.0017626251816487137,46.39234040645886,-0.34353619298361693,-0.23544405398244783,-0.1080921390011691,25.771862850000012
2016-11-17,0,0,0,0,0,0,0,0,25.36644,-0.036370754,-0.0014,-0.0028,1.0417,290.0,-1.123977402604919,0.23252652459111064,0.0009999999999999998,-0.0017,-72.0,-0.0014,0.02821262037743863,46.278276154205855,-0.3122020481641563,-0.2507956528187895,-0.06140639534536679,25.696743000000016
2016-11-18,0,0,0,0,0,0,0,0,25.391815,0.100040436,-0.0041,0.0004,0.4167,353.0,-1.511774066270201,0.15628411686739788,-0.0027,0.0032,63.0,0.0045000000000000005,-0.07624240772371277,46.66659257420043,-0.2820704298792336,-0.25705060823087833,-0.025019821648355256,25.62817180000001
2016-11-21,0,0,0,0,0,0,0,0,25.777096,1.5173554,-0.0011,-0.002,1.0417,162.0,-1.0803438729177708,0.2423931038726839,0.003,-0.0024000000000000002,-191.0,-0.0009,0.08610898700528602,52.30393702916661,-0.22451389213601303,-0.25054326501190527,0.026029372875892243,25.56681420000001
2016-11-22,0,0,0,0,0,0,0,0,25.793247,0.0626564,0.0022,-0.0014,0.6667,359.0,-1.282970579678677,0.3175034348502534,0.0033,0.0006000000000000001,197.0,-0.0036,0.0751103309775695,52.530451966025026,-0.17557277689974526,-0.23554916738947326,0.059976390489728,25.49937805000001
2016-11-23,0,0,0,0,0,0,0,0,25.661749,-0.50984025,0.0016,0.002,0.7083,289.0,-1.2260124308729952,0.2697895714020636,-0.0006000000000000001,0.0034000000000000002,-70.0,0.00039999999999999996,-0.047713863448189786,50.430487742914465,-0.14571763787532177,-0.21758286148664296,0.0718652236113212,25.455894500000007
2016-11-24,0,0,0,0,0,0,0,0,25.661749,0.0,0.0015,0.0012,0.0,281.0,-1.6181060978492743,0.26193105789700766,-0.00010000000000000005,-0.0008000000000000001,-8.0,-0.00030000000000000014,-0.007858513505055953,50.430487742914465,-0.12066625957555388,-0.19819954110442514,0.07753328152887126,25.425149850000007
2016-11-25,0,0,0,0,0,0,0,0,25.790947,0.5034566,0.0008,0.001,0.25,174.0,-1.425509885651965,0.23630448737763618,-0.0007,-0.00019999999999999987,-107.0,0.00019999999999999998,-0.025626570519371478,52.59010011369286,-0.08935760410336613,-0.17643115370421333,0.0870735496008472,25.40958740000001
2016-11-28,0,0,0,0,0,0,0,0,25.740189,-0.19679666,-0.0001,0.0005,0.7083,91.0,-1.1415155783350672,0.20830680043706515,-0.0009000000000000001,-0.0005,-83.0,0.0006000000000000001,-0.02799768694057103,51.63825537031287,-0.06785878167810822,-0.1547166792989923,0.08685789762088408,25.393552700000008
2016-11-29,0,0,0,0,0,0,0,0,25.714811,-0.09859204,-0.0006,-0.0016,0.75,347.0,-1.096648483193204,0.19327160978737049,-0.0004999999999999999,-0.0021000000000000003,256.0,-0.001,-0.015035190649694663,51.13987678770634,-0.052266111325803166,-0.13422656570435448,0.08196045437855132,25.399776150000008
2016-11-30,0,0,0,0,0,0,0,0,25.497942,-0.8433521,-0.0025,0.0029,0.4167,265.0,-1.2580989489462753,0.13593889181765872,-0.0019000000000000002,0.0045,-82.0,0.0054,-0.05733271796971176,46.968148472528604,-0.05675409767285089,-0.11873207209805377,0.06197797442520288,25.39400835000001
2016-12-01,0,0,0,0,0,0,0,0,25.260311,-0.9319544,-0.0004,-0.0007,0.75,283.0,-1.0236496005962283,0.1993066327315507,0.0021,-0.0036,18.0,-0.0003,0.06336774091389197,42.843979550767145,-0.07857987503680164,-0.11070163268580334,0.0321217576490017,25.39008625000001
2016-12-02,0,0,0,0,0,0,0,0,25.354906,0.37447214,-0.0005,-0.0084,0.4167,291.0,-1.181445058686533,0.1924073338097018,-9.999999999999999e-05,-0.007699999999999999,8.0,-0.007899999999999999,-0.006899298921848901,44.917445221246936,-0.08723830601953608,-0.10600896735254989,0.018770661333013805,25.40231405000001
2016-12-05,0,0,0,0,0,0,0,0,25.172644,-0.718838,-0.0002,-0.0008,0.625,167.0,-1.0227880027290002,0.2011435441745581,0.00030000000000000003,0.007599999999999999,-124.0,-0.0006000000000000001,0.008736210364856306,41.77300584195589,-0.10756722709125555,-0.10632061930029102,-0.0012466077909645268,25.387317550000013
2016-12-06,0,0,0,0,0,0,0,0,25.36644,0.7698655,-0.0086,-0.0056,2.125,316.0,-0.11398677023087062,-0.048475146252871734,-0.0084,-0.0048,149.0,0.003,-0.24961869042742985,46.09413787534456,-0.1068090971378588,-0.10641831486780458,-0.0003907822700542213,25.374513450000013
2016-12-07,0,0,1,0,0,0,0,0,25.615604,0.9822607,-0.0208,0.0115,1.875,678.0,-0.24456480412470416,-0.4045185479189877,-0.012199999999999999,0.0171,362.0,0.032299999999999995,-0.356043401666116,51.11705168614756,-0.08512159250613394,-0.10215897039547045,0.017037377889336514,25.376243650000013
2016-12-08,0,0,1,0,1,0,0,0,25.867079,0.98172426,-0.005,0.0299,0.5833,463.0,-0.991287025621428,0.07889875721768953,0.015799999999999998,0.0184,-215.0,0.0349,0.48341730513667724,55.61251515504247,-0.04709922742422634,-0.09114702180122163,0.04404779437699528,25.42619225000001
2016-12-09,0,0,0,0,0,0,0,0,26.289276,1.6321778,-0.0012,0.0024,0.625,258.0,-0.9343704514109403,0.2078271552361436,0.0038000000000000004,-0.0275,-205.0,0.0036,0.12892839801845407,61.94074660791106,0.016906650943923296,-0.06953628725219264,0.08644293819611594,25.489868300000012
2016-12-12,0,0,0,0,0,0,0,0,26.139313,-0.5704224,-0.0032,0.0012,1.8333,114.0,-0.18205584701523675,0.15027035282382986,-0.002,-0.0012,-144.0,0.0044,-0.05755680241231373,58.737496074450156,0.05489817785978346,-0.044649394229797426,0.09954757208958089,25.577422300000013
2016-12-13,0,0,0,0,0,0,0,0,26.575352,1.6681314,0.0,0.0047,2.0833,378.0,-0.009484472209056587,0.24609057943031218,0.0032,0.0035000000000000005,264.0,0.0047,0.09582022660648232,64.48810937144374,0.11882173680685426,-0.011955168022467093,0.13077690482932136,25.670628900000008
2016-12-14,0,0,0,0,0,0,0,0,26.575352,0.0,0.0014,0.0026,1.375,478.0,-0.4256321892870486,0.287738007355281,0.0014,-0.0021000000000000003,100.0,0.0012,0.04164742792496881,64.48810937144376,0.1675502033687266,0.02394590625577165,0.14360429711295497,25.730613100000006
2016-12-15,0,0,0,0,0,0,0,0,26.720701,0.5469203,-0.0003,0.0004,1.0833,409.0,-0.5836283746973409,0.2363609835276779,-0.0017,-0.0021999999999999997,-69.0,0.0007,-0.05137702382760309,66.30361649707862,0.21541316488166018,0.06223935798094936,0.1531738069007108,25.79832615
2016-12-16,0,0,0,0,0,0,0,0,26.755304,0.12950897,-0.0018,-0.0118,0.5833,285.0,-0.8701427082026317,0.19037711555431788,-0.0015,-0.012199999999999999,-124.0,-0.01,-0.045983867973360015,66.73956825543382,0.2532181385469876,0.10043511409415701,0.1527830244528306,25.866500600000002
2016-12-19,0,0,1,0,0,0,0,0,26.909887,0.5777359,-0.0488,-0.0007,1.625,177.0,-0.18404010711303628,-1.2028552982708778,-0.047,0.0111,-108.0,0.048100000000000004,-1.3932324138251957,68.68847907632522,0.2922831505235628,0.13880472138003816,0.15347842914352464,25.923140150000002
2016-12-20,0,1,0,0,1,0,0,0,26.981398,0.2657771,-0.0083,0.0004,1.125,379.0,-0.4829630633763973,0.017442281612503985,0.0405,0.0011,202.0,0.0087,1.2202975798833817,69.57659112474505,0.3252633604707533,0.17609644919818118,0.14916691127257214,25.982547699999998
2016-12-21,0,0,0,0,0,0,0,0,27.006777,0.09405613,-0.0001,-0.0011,1.7083,379.0,-0.0768918876156672,0.26398640239666843,0.0082,-0.0015,0.0,-0.001,0.24654412078416443,69.90285964245298,0.3494203869482284,0.21076123674819064,0.13865915020003777,26.049799099999994
2016-12-22,0,0,1,0,0,0,0,0,26.82914,-0.657779,-0.0359,-0.2406,1.7083,317.0,-0.052380438419916145,-0.7905031610842425,-0.0358,-0.23950000000000002,-62.0,-0.2047,-1.0544895634809108,64.67473913955423,0.3501943605479809,0.2386478615081487,0.11154649903983221,26.10816865
2016-12-23,0,1,0,0,0,0,0,0,26.882193,0.19778013,-0.0296,-0.0499,0.125,333.0,-1.0943005340399798,-0.5864999014324295,0.0063,0.1907,16.0,-0.0203,0.20400325965181298,65.50453982603473,0.35104207934496046,0.26112670507551106,0.0899153742694494,26.162730949999997
2016-12-26,0,0,0,0,1,0,0,0,26.882193,0.0,-0.0054,-0.0051,0.0,82.0,-1.1457732062080181,0.13615190224443188,0.0242,0.0448,-251.0,0.0002999999999999999,0.7226518036768613,65.50453982603474,0.3477057669568957,0.278442517451788,0.0692632495051077,26.219831149999997
2016-12-27,0,0,0,0,0,0,0,0,27.052921,0.6350875,0.0,-0.0008,0.0417,114.0,-1.0852457207069381,0.29329573642928064,0.0054,0.0043,32.0,-0.0008,0.15714383418484876,68.28500365860538,0.3547487157473661,0.29370375711090363,0.061044958636462476,26.28673665
2016-12-28,0,0,0,0,0,0,0,0,26.937572,-0.42640567,0.0008,0.0059,0.125,184.0,-0.9979567515128352,0.3176053150672889,0.0008,0.0067,70.0,0.0050999999999999995,0.024309578638008256,64.50211937641363,0.3470223455319541,0.3043674747951137,0.04265487073684038,26.358718149999998
2016-12-29,0,0,0,0,0,0,0,0,26.930647,-0.025695562,-0.0014,-0.0009,0.1667,219.0,-0.9412215473009232,0.2552608634581096,-0.0022,-0.0068,35.0,0.0005,-0.062344451609179286,64.27191710684389,0.33646182931723345,0.31078634569953767,0.025675483617695782,26.44223495
2016-12-30,0,0,0,0,0,0,0,0,26.720701,-0.77958107,-0.0038,-0.0011,0.3333,209.0,-0.7950122726538396,0.18805190328500865,-0.0024000000000000002,-0.0002000000000000001,-10.0,0.0027,-0.06720896017310096,57.5643955737082,0.30760576870094525,0.3101502302998192,-0.0025444615988739483,26.510524699999998
2017-01-02,0,0,1,0,0,0,0,0,26.720701,0.0,0.4442,-0.0156,0.0,43.0,-1.0187077375012454,6.618951461066613,0.448,-0.014499999999999999,-166.0,-0.4598,6.430899557781605,57.5643955737082,0.281492265155979,0.3044186372710512,-0.022926372115072147,26.587927549999996
2017-01-03,0,1,1,0,0,0,0,0,26.796835,0.28492212,-0.1021,-0.0183,0.4167,109.0,-0.6764693558848461,-1.4270193032885927,-0.5463,-0.002700000000000001,66.0,0.0838,-8.045970764355205,59.34864772165417,0.2638984459665501,0.29631459901015095,-0.03241615304360085,26.659447299999993
2017-01-04,0,1,1,0,1,0,0,0,26.766844,-0.1119256,0.1401,-0.0059,1.3333,179.0,0.08699516755153773,1.993638499509223,0.2422,0.012400000000000001,70.0,-0.146,3.4206578027978156,58.30859490518022,0.24471428055071343,0.28599453531826347,-0.04128025476755004,26.717009299999994
2017-01-05,0,1,1,0,0,0,0,0,26.90296,0.5085349,0.236,0.009,1.5,298.0,0.27110066638870584,3.0188044941937404,0.09589999999999999,0.0149,119.0,-0.22699999999999998,1.0251659946845175,61.59788812421836,0.2377534412015443,0.27634631649491964,-0.03859287529337535,26.768803349999995
2017-01-06,0,0,1,0,0,0,0,0,27.202887,1.1148334,0.3115,0.0127,1.9167,235.0,0.6945307125298902,3.490429762863886,0.07550000000000001,0.0037,-63.0,-0.2988,0.47162526867014565,67.6536924979768,0.2535161517832307,0.2717802835525819,-0.018264131769351155,26.8144839
2017-01-09,0,0,1,0,0,0,1,0,27.452051,0.9159446,0.1447,-0.0652,2.625,210.0,1.4185588652103729,1.5181803780345442,-0.1668,-0.0779,-25.0,-0.20989999999999998,-1.9722493848293419,71.6529471311625,0.28285311133545576,0.27399484910915667,0.008858262226299096,26.880120799999997
2017-01-10,0,1,1,0,0,0,0,0,27.479734,0.10085106,0.1151,0.0018,1.2917,371.0,0.21139460497955356,1.1505463570812573,-0.0296,0.06699999999999999,161.0,-0.1133,-0.3676340209532869,72.06618221239178,0.3048228419095871,0.28016044766924275,0.024662394240344332,26.925339899999994
2017-01-11,0,0,1,0,0,0,0,0,27.627386,0.53731203,0.0926,0.0016,1.2917,319.0,0.2789239318082707,0.87760511393884,-0.022499999999999992,-0.00019999999999999987,-52.0,-0.091,-0.2729412431424173,74.22446259492035,0.33034033632624826,0.29019642540064383,0.04014391092560443,26.977941599999998
2017-01-12,0,0,1,0,0,0,0,0,27.512035,-0.4175365,0.1276,-0.0116,1.4583,247.0,0.561430307973314,1.2242087788294618,0.03499999999999999,-0.0132,-72.0,-0.1392,0.3466036648906218,69.69402818494392,0.33736632384555776,0.29963040508962663,0.03773591875593113,27.017508299999996
2017-01-13,0,1,1,0,0,0,0,0,27.463585,-0.17610192,0.1643,-0.0091,0.375,261.0,-0.770961666581671,1.5603699093907726,0.03670000000000001,0.0024999999999999988,14.0,-0.1734,0.3361611305613108,67.8215465154364,0.33516142718580255,0.30673660950886183,0.028424817676940717,27.052922349999996
2017-01-16,0,0,1,0,0,0,0,0,27.463585,0.0,0.1188,-0.0007,0.0833,56.0,-1.1332626599491236,1.0434757117329156,-0.0455,0.008400000000000001,-205.0,-0.11950000000000001,-0.5168941976578569,67.8215465154364,0.3296144406041073,0.3113121757279109,0.01830226487619635,27.080607249999993
2017-01-17,0,1,1,0,0,0,0,0,27.685062,0.80645084,0.307,0.0571,0.9167,121.0,0.039355691740701054,2.776251022220821,0.18819999999999998,0.0578,65.0,-0.2499,1.7327753104879053,71.83352604652565,0.33917990193635106,0.31688572096959894,0.02229418096675212,27.11579044999999
2017-01-18,0,1,1,0,0,0,0,0,27.682758,-0.008332729,0.2366,0.0351,0.7917,240.0,-0.09434791438994146,2.0214855829729306,-0.07039999999999999,-0.022,119.0,-0.2015,-0.7547654392478904,71.7333294302286,0.3426251163483798,0.3220336000453551,0.020591516303024693,27.149589499999998
2017-01-19,0,1,1,0,0,0,0,0,27.634308,-0.17501116,0.0938,-0.0017,2.0833,261.0,1.8560445485368908,0.5814463077002413,-0.1428,-0.0368,21.0,-0.09549999999999999,-1.4400392752726892,69.53680227956501,0.3375548414136631,0.3251378483190167,0.012416993094646389,27.189847899999997
2017-01-20,0,0,1,0,0,0,0,0,27.685062,0.18366575,0.1577,0.0021,1.2083,184.0,0.5278770236616667,1.1953997477804812,0.06390000000000001,0.0037999999999999996,-77.0,-0.15560000000000002,0.6139534400802399,70.5539947793349,0.3337843771039708,0.3268671540760075,0.006917223027963271,27.229991349999995
2017-01-23,0,0,1,0,0,0,0,0,27.703522,0.066673756,0.1749,-0.0116,1.5417,114.0,1.0003898697665188,1.3214439115387762,0.017199999999999993,-0.013699999999999999,-70.0,-0.1865,0.12604416375829497,70.9341464001313,0.32849909165217284,0.3271935415912406,0.001305550060932248,27.271057799999994
2017-01-24,0,1,1,0,0,0,0,0,27.678139,-0.09160638,0.1226,-0.0123,1.8333,245.0,1.3848438267108696,0.7754569827961703,-0.0523,-0.000700000000000001,131.0,-0.1349,-0.5459869287426059,69.60351559327046,0.31858976439902875,0.32547278615279823,-0.0068830217537694804,27.302318699999994
2017-01-25,0,1,1,0,0,0,0,0,28.118792,1.5920639,0.0981,-0.0191,2.1667,356.0,1.7918055372119723,0.5144399333088645,-0.024499999999999994,-0.006799999999999999,111.0,-0.1172,-0.26101704948730575,77.49582076822,0.3423472001477137,0.3288476689517813,0.01349953119593239,27.361379699999993
2017-01-26,0,0,1,0,0,0,0,0,28.13264,0.049233437,0.1702,-0.0128,0.375,269.0,-0.7985083336376517,1.1913021357607994,0.07209999999999998,0.006299999999999998,-87.0,-0.183,0.6768622024519348,77.69184921167168,0.3581638669006999,0.33471090854156504,0.023452958359134857,27.42147934999999
2017-01-27,0,0,1,0,0,0,0,0,28.13494,0.008201599,0.2912,0.0111,0.7083,130.0,-0.3312792409614776,2.236951746527933,0.12100000000000002,0.0239,-139.0,-0.2801,1.0456496107671338,77.72655235575395,0.3666576785516078,0.3411002625435736,0.025557416008034184,27.492191299999995
2017-01-30,0,1,1,0,0,0,0,0,28.061111,-0.2624035,0.2142,-0.0057,1.5833,152.0,0.9148652712933318,1.452773718324341,-0.07700000000000001,-0.016800000000000002,22.0,-0.2199,-0.7841780282035922,73.76002771446785,0.36324444632879604,0.3455290993006181,0.017715347028177952,27.559211799999996
2017-01-31,0,1,1,0,0,0,0,0,27.996513,-0.23020506,0.2488,-0.0159,2.0,247.0,1.4692743765710363,1.6961707741005392,0.03459999999999999,-0.0102,95.0,-0.2647,0.2433970557761982,70.37593911555552,0.35127760687982956,0.3466788008164604,0.004598806063369154,27.6191957
2017-02-01,1,1,1,0,0,0,0,0,29.703766,6.0980678,0.3281,0.2627,2.9583,461.0,2.652678206396255,2.2654553055481013,0.07930000000000001,0.2786,214.0,-0.06540000000000001,0.5692845314475621,87.15249729252879,0.4740898368627775,0.3721610080257238,0.10192882883705368,27.7660418
2017-02-02,1,0,1,0,0,0,0,0,29.65301,-0.1708746,0.2278,0.1758,1.875,419.0,1.1215789697139025,1.3433467527579679,-0.1003,-0.08689999999999998,-42.0,-0.05199999999999999,-0.9221085527901334,85.60043750279243,0.5608586001045417,0.4099005264414874,0.1509580736630543,27.9035443
2017-02-03,0,0,0,0,0,0,0,0,29.779902,0.42791367,0.0099,0.0193,1.0417,380.0,-0.03844550044965822,-0.5297250616982394,-0.2179,-0.1565,-39.0,0.0094,-1.8730718144562073,86.25926267783268,0.6325707126147044,0.4544345636761308,0.17813614893857366,28.032395049999998
2017-02-06,0,0,0,0,0,0,0,0,30.059055,0.93740225,0.0022,0.0046,1.375,180.0,0.4170478976558478,-0.5963124879687403,-0.0077,-0.014700000000000001,-200.0,0.0024,-0.06658742627050085,87.60304424774108,0.7038152484831812,0.5043107006375409,0.1995045478456403,28.16274525
2017-02-07,0,0,0,0,0,0,0,0,30.345137,0.9517312,0.0028,0.005,1.1667,334.0,0.14222774118666678,-0.5921753925743536,0.0005999999999999998,0.0004000000000000002,154.0,0.0022,0.0041370953943866695,88.81072842142595,0.7744342865740599,0.5583354178248447,0.21609886874921513,28.3060154
2017-02-08,0,0,0,0,0,0,0,0,30.4628,0.38774014,-0.0047,0.0035,1.125,314.0,0.08221038996977277,-0.6562028099373378,-0.0075,-0.0015,-20.0,0.0082,-0.06402741736298423,89.2735651247551,0.8303233530375813,0.612733004867392,0.2175903481701893,28.447786100000002
2017-02-09,0,0,0,0,0,0,0,0,30.682924,0.71948767,0.0016,0.0039,0.5833,264.0,-0.6591145472034008,-0.6026271169810596,0.0063,0.00039999999999999975,-50.0,0.0023,0.053575692956278176,90.09870949654591,0.8822084580669767,0.666628095507309,0.21558036255966773,28.606330550000003
2017-02-10,0,0,0,0,0,0,0,0,30.613413,-0.2265513,-0.0007,0.0021,0.4583,308.0,-0.8342199100513159,-0.6230921241772767,-0.0023,-0.0018,44.0,0.0028,-0.020465007196217022,87.80177473916004,0.9072604867017802,0.7147545737462032,0.19250591295557695,28.763821950000004
2017-02-13,0,0,0,0,0,0,0,0,30.884504,0.8855581,-0.0011,0.0023,2.0,158.0,1.2666615184275798,-0.6265333546127182,-0.0004000000000000001,0.0002000000000000001,-150.0,0.0034000000000000002,-0.0034412304354415335,88.98154400247232,0.9381744864959778,0.7594385562961581,0.1787359301998197,28.934867900000008
2017-02-14,1,1,1,0,0,0,0,0,31.285368,1.2979269,0.0284,0.2261,1.75,378.0,0.8957718629615112,-0.3772021928552034,0.029500000000000002,0.2238,220.0,0.1977,0.2493311617575148,90.45208052528784,0.9836811645513066,0.8042870779471878,0.17939408660411882,29.1148832
2017-02-15,0,1,1,0,0,0,0,0,31.398909,0.36289692,0.0291,0.13,1.125,395.0,0.03417372571375877,-0.3758623653731624,0.0006999999999999992,-0.09609999999999999,17.0,0.1009,0.0013398274820409783,90.825566810368,1.0171819047422161,0.8468660433061934,0.17031586143602273,29.30069075
2017-02-16,0,0,0,0,0,0,0,0,31.36067,-0.12175441,0.0094,0.0046,0.5833,291.0,-0.730546553887087,-0.5475006140127807,-0.019700000000000002,-0.1254,-104.0,-0.0048000000000000004,-0.1716382486396183,89.555009411195,1.0287867022736457,0.8832501750996838,0.14553652717396182,29.487008850000002
2017-02-17,0,0,0,0,0,0,0,0,31.447565,0.27706623,0.0023,0.001,0.125,309.0,-1.358572605061836,-0.6091573653568957,-0.0071,-0.0036,18.0,-0.0013,-0.06165675134411497,89.90074836284737,1.033086510000281,0.9132174420798033,0.1198690679204778,29.675134000000003
2017-02-20,0,0,0,0,0,0,0,0,31.447565,0.0,0.0112,0.0004,0.125,75.0,-1.3280219852561133,-0.5343757875102034,0.0089,-0.0006000000000000001,-234.0,-0.0108,0.07478157784669226,89.90074836284737,1.0246822395866744,0.9355104015811775,0.08917183800549688,29.862336150000004
2017-02-21,0,0,0,0,0,0,0,0,31.674635,0.7220745,-0.0018,0.0021,0.5833,177.0,-0.6970765818118506,-0.6465995745532225,-0.013,0.0017,102.0,0.0039,-0.11222378704301905,90.82150734015902,1.024534252914055,0.953315171847753,0.07121908106630204,30.062160950000003
2017-02-22,0,0,0,0,0,0,0,0,31.769634,0.29993057,0.0031,0.0174,1.0417,293.0,-0.08760181888212612,-0.6053319021062774,0.0049,0.0153,116.0,0.014299999999999998,0.04126767244694507,91.1836578987764,1.0203209727242353,0.9667163320230495,0.05360464070118576,30.244703050000005
2017-02-23,0,0,0,0,0,0,0,0,31.635254,-0.42302012,0.001,-0.0002,0.5417,360.0,-0.7664887908489597,-0.6237900603321386,-0.0021,-0.017599999999999998,67.0,-0.0012000000000000001,-0.018458158225861165,86.01371455012048,0.994672608213989,0.9723075872612374,0.022365020952751502,30.419833750000002
2017-02-24,0,0,0,0,0,0,0,0,31.66538,0.09522438,0.0005,-0.001,0.0417,271.0,-1.4271562325677554,-0.6283207080938675,-0.0005,-0.0008,-89.0,-0.0015,-0.0045306477617289564,86.20258242795954,0.9656456490311598,0.9709751996152219,-0.005329550584062148,30.596355750000004
2017-02-27,0,0,1,0,0,0,0,0,31.727928,0.19756556,0.0114,0.0465,1.4583,123.0,0.4726832421962868,-0.536167868888324,0.0109,0.0475,-148.0,0.0351,0.09215283920554351,86.60696402887211,0.936888804668186,0.9641579206258147,-0.02726911595762871,30.779696600000005
2017-02-28,0,0,0,0,0,0,0,0,31.74183,0.043833256,0.01,0.0357,0.9583,251.0,-0.18190334365449998,-0.5519370913384057,-0.0014000000000000002,-0.010799999999999997,128.0,0.0257,-0.01576922245008172,86.70026477442117,0.9047907094588119,0.9522844783924141,-0.04749376893360224,30.966962450000004
2017-03-01,0,1,0,0,0,0,0,0,32.390617,2.0439386,0.0043,0.0029,0.5833,298.0,-0.673309181447145,-0.6066450436153766,-0.0057,-0.0328,47.0,-0.0014000000000000002,-0.054707952276970895,90.1492122403871,0.9210867122496573,0.9460449251638627,-0.024958212914205413,31.101305000000007
2017-03-02,0,0,0,0,0,0,0,0,32.198303,-0.59373975,-0.0065,0.0041,0.4167,183.0,-0.8977684777751681,-0.7003171922606726,-0.0108,0.0012000000000000005,-115.0,0.0106,-0.09367214864529594,83.25701253686606,0.908016233384938,0.9384391868080778,-0.03042295342313983,31.228569650000008
2017-03-03,0,1,1,0,0,0,0,0,32.388298,0.5900979,-0.0058,-0.0869,0.0833,193.0,-1.3298787889170478,-0.6932416682926008,0.0007000000000000001,-0.09100000000000001,10.0,-0.0811,0.007075523968071762,84.51646556631512,0.902584362668879,0.9312682219802381,-0.028683859311359083,31.358989450000006
2017-03-06,0,0,0,0,0,0,0,0,32.28636,-0.31478405,0.0022,0.0007,0.3333,74.0,-0.9560245914947698,-0.6247615383790629,0.008,0.08760000000000001,-119.0,-0.0015,0.06848012991353791,80.99606902916446,0.8799109555532318,0.9209967686948368,-0.04108581314160498,31.47035470000001
2017-03-07,0,0,0,0,0,0,0,0,32.32806,0.1291871,0.0036,0.004,0.0833,193.0,-1.2579567075101208,-0.613304737873736,0.0013999999999999998,0.0033,119.0,0.0004000000000000002,0.011456800505326936,81.33850650400653,0.8554459105987711,0.9078865970756237,-0.05244068647685263,31.569500850000008
2017-03-08,0,0,0,0,0,0,0,0,32.20757,-0.37270784,0.0015,0.0041,0.5,234.0,-0.6642195491838337,-0.6316067547328015,-0.0021,0.00010000000000000026,41.0,0.0026000000000000003,-0.018302016859065517,77.01993022203642,0.8169177310977105,0.889692823880041,-0.07277509278233052,31.65673935000001
2017-03-09,0,0,0,0,0,0,0,0,32.133415,-0.23022294,0.0016,-0.0012,0.125,253.0,-1.1439704294602044,-0.6311249689688145,0.00010000000000000005,-0.0053,19.0,-0.0028,0.0004817857639869416,74.40173758120993,0.771506733128529,0.8660556057297386,-0.09454887260120959,31.729263900000014
2017-03-10,0,0,0,0,0,0,0,0,32.239998,0.33169985,0.0018,-0.0007,0.1667,189.0,-1.0697952010487521,-0.6301220376003986,0.00019999999999999987,0.0004999999999999999,-64.0,-0.0025,0.0010029313684158936,75.6813267039124,0.7356385639717224,0.8399721973781353,-0.10433363340641288,31.81059315000001
2017-03-13,0,0,0,0,0,0,0,0,32.2539,0.043118,-0.0011,0.0001,0.4167,51.0,-0.7078492957001729,-0.666385123113284,-0.0029,0.0008,-138.0,0.0012000000000000001,-0.036263085512885374,75.85089130262168,0.7002623680343802,0.8120302315093844,-0.11176786347500411,31.879062950000012
2017-03-14,0,0,0,0,0,0,0,0,32.205254,-0.1508534,0.0019,0.0001,0.4583,220.0,-0.6348028746064728,-0.642250976847491,0.003,0.0,169.0,-0.0018,0.02413414626579302,73.90890304628913,0.6606851846870683,0.7817612221449212,-0.12107603745785289,31.925057250000016
2017-03-15,0,0,0,0,0,0,0,0,32.545856,1.0576367,-0.0025,0.0014,0.7083,228.0,-0.27828338983064566,-0.6803382304224272,-0.0044,0.0013,8.0,0.0039,-0.03808725357493625,78.13076675436093,0.6493187739769297,0.7552727325113229,-0.10595395853439316,31.982404600000013
2017-03-16,0,0,0,0,0,0,0,0,32.599148,0.16374588,0.0105,-0.0024,0.5,186.0,-0.5379452372888929,-0.5761814550618032,0.013000000000000001,-0.0037999999999999996,-42.0,-0.0129,0.10415677536062407,78.71121337674077,0.6372650359678182,0.731671193202622,-0.09440615723480372,32.04432850000001
2017-03-17,0,0,0,0,0,0,0,0,32.43696,-0.4975438,0.0019,-0.0016,0.8333,222.0,-0.09887485933132888,-0.6591114976994277,-0.0086,0.0007999999999999997,36.0,-0.0035,-0.08293004263762449,72.41207555949485,0.6076208704510755,0.7068611286523127,-0.09924025820123716,32.093798250000006
2017-03-20,0,0,0,0,0,0,0,0,32.777565,1.0500789,0.0102,0.0016,1.5833,116.0,0.906858899230786,-0.5888531930352842,0.0083,0.0032,-106.0,-0.0086,0.07025830466414351,76.64005859454029,0.6046416995140156,0.6864172428246532,-0.08177554331063763,32.160298250000004
2017-03-21,0,0,0,0,0,0,0,0,32.40219,-1.1452079,0.0085,0.0033,2.5417,358.0,2.1235197974223734,-0.6056760145464075,-0.0017000000000000001,0.0017,242.0,-0.005200000000000001,-0.016822821511123354,64.84523876095815,0.5654726430873822,0.662228322877199,-0.0967556797898168,32.19667600000001
2017-03-22,0,0,0,0,0,0,0,0,32.768307,1.1298656,0.0028,0.0017,1.6667,834.0,0.9082514272510839,-0.6566734918435092,-0.0057,-0.0016,476.0,-0.0011,-0.05099747729710169,69.73720792147884,0.5575464177606797,0.6412919418538952,-0.08374552409321545,32.24660965000001
2017-03-23,0,0,0,0,0,0,0,0,32.65245,-0.35355687,-0.0007,-0.015,1.5,330.0,0.6562699468688972,-0.68788523832136,-0.0035,-0.0167,-504.0,-0.0143,-0.031211746477850744,66.579810988388,0.5357404529860723,0.6201816440803306,-0.0844411910942583,32.29746945000001
2017-03-24,0,0,0,0,0,0,0,0,32.587566,-0.19869208,-0.0013,-0.0027,1.3333,380.0,0.4076780642645141,-0.6937634629120369,-0.0006,0.012299999999999998,50.0,-0.0014000000000000002,-0.005878224590676995,64.81008019993706,0.5073747717183785,0.5976202696079402,-0.09024549788956171,32.34357875000001
2017-03-27,0,0,0,0,0,0,0,0,32.64318,0.1706481,-0.0025,0.0005,1.5,119.0,0.6118997893610447,-0.703310143670021,-0.0012000000000000001,0.0032,-261.0,0.003,-0.009546680757984038,65.65280755663196,0.4838053431272371,0.5748572843117996,-0.0910519411845625,32.38934135000001
2017-03-28,0,0,0,0,0,0,0,0,33.319775,2.07268,-0.0013,-0.0032,1.375,387.0,0.417054825976421,-0.7225515722965713,0.0012000000000000001,-0.0037,268.0,-0.0019000000000000002,-0.019241428626550316,73.85581719181272,0.5137992057053822,0.5626456685905161,-0.048846462885133946,32.468238600000014
2017-03-29,0,0,0,0,0,0,0,0,33.393906,0.22252798,0.0042,0.0105,1.5417,262.0,0.6450155735386843,-0.6453710057693748,0.0055,0.0137,-125.0,0.006300000000000001,0.07718056652719651,74.57236264602616,0.5373569931303592,0.5575879334984848,-0.02023094036812556,32.51840305000001
2017-03-30,0,0,0,0,0,0,0,0,33.349895,-0.13183355,0.001,0.0044,1.1667,292.0,0.12706425204995647,-0.6517207837949398,-0.0031999999999999997,-0.0061,30.0,0.0034000000000000002,-0.006349778025565023,73.28811642949988,0.5461793736698084,0.5553062215327496,-0.009126847862941156,32.57598265000001
2017-03-31,0,0,0,0,0,0,0,0,33.287334,-0.18758178,0.0074,-0.0023,1.25,289.0,0.262926191077671,-0.5649747437557,0.0064,-0.0067,-3.0,-0.0097,0.0867460400392398,71.40563793119317,0.5418766077258539,0.5526202987713704,-0.010743691045516535,32.62093445000001
2017-04-03,0,0,1,0,1,0,1,1,33.2966,0.02783537,0.4568,-0.3228,1.9583,0.0,1.3247967299088061,3.712312224375046,0.44939999999999997,-0.32049999999999995,-289.0,-0.7796,4.2772869681307455,71.52231203898403,0.5330694309010937,0.5487101251973151,-0.01564069429622139,32.67144645000001
2017-04-04,0,0,1,0,0,0,1,0,33.54454,0.744617,0.2472,-0.0426,1.7083,0.0,0.9420112321144515,1.6671612674222434,-0.20959999999999998,0.2802,0.0,-0.2898,-2.045150956952803,74.51843207111888,0.5398730452873792,0.546942709215328,-0.007069663927948722,32.73227045000001
2017-04-05,0,0,1,0,0,0,0,0,33.37074,-0.5180657,0.2041,-0.006,1.4583,0.0,0.5730162098993218,1.234702933814536,-0.0431,0.0366,0.0,-0.2101,-0.43245833360770725,69.03547720235218,0.5251867255582567,0.5425915124839137,-0.017404786925656945,32.790428950000006
2017-04-06,0,0,1,0,0,0,0,0,33.287334,-0.249964,-0.2283,-0.1524,1.0833,0.0,0.03739455160537561,-2.521698494719627,-0.4324,-0.1464,0.0,0.0759,-3.756401428534163,66.50648683702501,0.5010418457071424,0.5342815791285594,-0.03323973342141706,32.8481249
2017-04-07,0,0,1,0,1,0,0,0,33.21319,-0.22275448,0.1671,-0.0083,0.6667,0.0,-0.5799369180899114,0.89843589020672,0.3954,0.1441,0.0,-0.1754,3.420134384926347,64.2531171535475,0.4705004173826808,0.5215253467793837,-0.05102492939670289,32.8967845
2017-04-10,0,0,1,0,0,0,0,0,33.173786,-0.11859536,-0.0786,-0.0079,1.125,0.0,0.06734911620756709,-1.1858055342054588,-0.2457,0.0003999999999999993,0.0,0.0707,-2.0842414244121787,63.03083772939267,0.43806678074804495,0.504833633573116,-0.066766852825071,32.9427788
2017-04-11,0,0,1,0,1,0,1,1,32.816975,-1.0756373,0.2882,-0.0344,2.5417,0.0,2.061663314314467,1.9676875625436323,0.3668,-0.0265,0.0,-0.3226,3.153493096749091,53.16785933608861,0.37920004229358284,0.4797069153172093,-0.10050687302362649,32.973364849999996
2017-04-12,0,0,1,0,0,0,0,0,32.856346,0.12003183,0.1517,-0.0185,0.9583,0.0,-0.21787318612205261,0.816731853163746,-0.1365,0.0159,0.0,-0.1702,-1.1509557093798863,54.02276993284936,0.33189871681166494,0.45014527561610046,-0.11824655880443552,32.98888935
2017-04-13,0,0,1,0,0,0,0,0,32.68257,-0.52891374,0.2353,0.0014,1.625,0.0,0.7616525739996288,1.4978193307499545,0.08360000000000001,0.019899999999999998,0.0,-0.2339,0.6810874775862086,49.7094316277574,0.2771944792766945,0.4155551163482193,-0.1383606370715248,32.993060449999994
2017-04-14,0,0,1,0,0,0,0,0,32.68257,0.0,0.3222,-0.0034,1.7917,0.0,0.9822284538031829,2.142431478904433,0.08689999999999998,-0.0048,0.0,-0.3256,0.6446121481544786,49.7094316277574,0.23117612246979036,0.3786793175725335,-0.14750319510274312,33.00534094999999
2017-04-17,0,0,1,0,0,0,0,0,32.8633,0.553,0.1278,0.0002,0.9167,0.0,-0.26753499407102693,0.5428833886069145,-0.1944,0.0036,0.0,-0.1276,-1.5995480902975188,54.12718887383586,0.20690457656728967,0.3443243693714847,-0.13741979280419503,33.009627699999996
2017-04-18,0,0,1,0,0,0,0,0,32.71733,-0.44419765,0.3485,0.002,1.7917,0.0,1.0020511870351856,2.247164045503442,0.22069999999999998,0.0018,0.0,-0.3465,1.7042806568965276,50.28505678309264,0.17388619072838196,0.31023673364286414,-0.13635054291448218,33.02538469999999
2017-04-19,0,0,1,0,0,0,0,0,32.596836,-0.36827326,0.1591,0.0002,1.6667,0.0,0.845316525061908,0.7280449169152766,-0.18939999999999999,-0.0018,0.0,-0.15889999999999999,-1.5191191285881653,47.30031122414825,0.13642341902293253,0.2754740707188778,-0.13905065169594527,33.01681114999999
2017-04-20,0,0,1,0,0,0,0,0,33.004642,1.2510777,0.2518,-0.0012,1.7083,0.0,0.8764940401292437,1.4346641097890704,0.09270000000000003,-0.0014,0.0,-0.253,0.7066191928737938,56.673632833512386,0.1380490945354964,0.24798907548220153,-0.10993998094670512,33.03442074999999
2017-04-21,0,0,1,0,0,0,0,0,32.965267,-0.11934638,0.312,-0.0009,0.8333,0.0,-0.4189898588554319,1.894010862087744,0.060199999999999976,0.0002999999999999999,0.0,-0.3129,0.4593467522986736,55.644528112074,0.13460853723582034,0.2253129678329253,-0.09070443059710495,33.05330579999999
2017-04-24,0,0,0,0,0,0,0,0,33.282692,0.9629488,0.0188,-0.0011,1.25,0.0,0.20614185187672526,-0.36957640071835096,-0.2932,-0.0002000000000000001,0.0,-0.0199,-2.263587262806095,61.68478044593804,0.15570059590717733,0.2113904934477757,-0.05568989754059836,33.085281399999985
2017-04-25,0,0,1,0,1,0,0,0,33.48891,0.6196022,0.1504,-0.0022,1.375,0.0,0.41276659639381497,0.6890201812573012,0.1316,-0.0011,0.0,-0.1526,1.0585965819756522,65.01771073482581,0.186901786080945,0.20649275197440956,-0.019590965893464568,33.093738149999986
2017-04-26,0,0,1,0,0,0,0,0,33.29196,-0.58811903,0.2222,0.0005,0.2917,0.0,-1.220759633113264,1.308525020061871,0.0718,0.0027,0.0,-0.2217,0.6195048388045697,59.67838889436331,0.19350611700249232,0.2038954249800261,-0.01038930797753379,33.08864084999998
2017-04-27,0,0,1,0,0,0,0,0,33.31745,0.076556206,0.2698,0.005,0.8333,0.0,-0.33288775236205287,1.6775963246549075,0.047599999999999976,0.0045000000000000005,0.0,-0.2648,0.3690713045930365,60.13468645155305,0.1985086427444145,0.2028180685329038,-0.004309425788489307,33.087018599999986
2017-04-28,0,0,1,0,0,0,0,0,33.285004,-0.09736419,0.1904,-0.0119,1.625,0.0,0.926370432361988,1.0017982958637883,-0.07939999999999997,-0.016900000000000002,0.0,-0.2023,-0.6757980287911192,59.21608741048491,0.19757750886422087,0.20176995659916722,-0.004192447734946342,33.08690209999999
2017-05-01,0,0,1,0,0,0,0,0,33.963913,2.0396829,0.2349,0.0097,1.3333,0.0,0.4589267119375461,1.312178553280061,0.044499999999999984,0.0216,0.0,-0.2252,0.3103802574162726,69.65979195133657,0.24875437538128153,0.21116684035559008,0.037587535025691454,33.12026774999999
2017-05-02,1,0,1,0,0,0,0,0,34.17941,0.6344557,0.4694,0.0171,2.7083,0.0,2.4856050036339328,2.889702380669346,0.2345,0.0074,0.0,-0.4523,1.577523827389285,72.10184719485683,0.30320604714956545,0.22957468171438516,0.07363136543518028,33.15201124999999
2017-05-03,0,0,1,0,0,0,1,0,34.07514,-0.30506253,0.7784,-0.1591,2.875,0.0,2.5405491625838863,4.231611890329713,0.309,-0.1762,0.0,-0.9375,1.341909509660367,69.19954264829965,0.3340944390232963,0.25047863317616736,0.08361580584712891,33.18723124999999
2017-05-04,0,0,1,0,0,0,0,0,33.95233,-0.36039352,0.4675,0.051,2.125,0.0,1.4106092841364124,2.1811939082974465,-0.31089999999999995,0.21009999999999998,0.0,-0.41650000000000004,-2.0504179820322666,65.83804686407426,0.3446905928956099,0.26932102512005585,0.07536956777555404,33.22048104999999
2017-05-05,0,0,1,0,0,0,0,0,34.5154,1.6583681,0.3795,0.0124,0.7917,0.0,-0.48736912265452503,1.5923833655964392,-0.08800000000000002,-0.038599999999999995,0.0,-0.3671,-0.5888105427010073,72.44674112427225,0.3939815898850796,0.2942531380730606,0.099728451812019,33.28559154999999
2017-05-08,0,0,1,0,0,0,0,0,35.453804,2.718842,0.258,-0.0099,0.9583,0.0,-0.22837249153999387,0.860170510603785,-0.1215,-0.0223,0.0,-0.2679,-0.7322128549926542,79.54782463876657,0.5029685124279979,0.335996212944048,0.16697229948394987,33.39959244999999
2017-05-09,0,0,1,0,0,0,0,0,35.680893,0.6404877,0.4699,0.0968,1.1667,0.0,0.0867968994301182,1.9761501631535185,0.21189999999999998,0.1067,0.0,-0.3731,1.1159796525497336,80.83503800564836,0.6007406538798179,0.388945101131202,0.2117955527486159,33.542788349999995
2017-05-10,0,0,1,0,0,0,0,0,35.51175,-0.47406554,0.4562,0.0922,1.0,0.0,-0.15227354452895414,1.8101789611043921,-0.01369999999999999,-0.004599999999999993,0.0,-0.364,-0.1659712020491264,76.95028100518664,0.6570038227793376,0.44255684546082913,0.21444697731850842,33.67555854999999
2017-05-11,0,0,1,0,0,0,0,0,35.818855,0.8612871,0.3801,0.0245,0.625,0.0,-0.698373386194018,1.3453811851469426,-0.0761,-0.06770000000000001,0.0,-0.35559999999999997,-0.46479777595744953,78.93017809510295,0.718095834620506,0.4976646432927645,0.22043119132774147,33.832372799999995
2017-05-12,0,0,1,0,0,0,0,0,36.319084,1.3965607,0.1246,0.0028,1.125,0.0,0.004112703615004419,-0.039231230664001596,-0.2555,-0.0217,0.0,-0.1218,-1.3846124158109443,81.68917689176534,0.7976808258394286,0.5576678798020973,0.24001294603733125,34.0141985
2017-05-15,0,0,1,0,1,0,0,0,36.226017,-0.2562523,0.3162,0.0011,1.0417,0.0,-0.14443261939878668,0.963262920897104,0.1916,-0.0017,0.0,-0.3151,1.0024941515611057,79.60074971098452,0.8435192112577923,0.6148381460932363,0.228681065164556,34.18233435
2017-05-16,0,0,1,0,0,0,0,0,36.172516,-0.14771819,0.0913,0.0058,0.875,0.0,-0.4049654526088496,-0.2547477264012604,-0.2249,0.004699999999999999,0.0,-0.0855,-1.2180106472983643,78.36051757317902,0.8655518356025738,0.6649808839951038,0.20057095160746996,34.35509365
2017-05-17,0,0,1,0,1,0,0,0,34.95799,-3.3575594,0.2101,0.0051,1.75,0.0,0.8964085738859657,0.3690454128069425,0.1188,-0.0006999999999999992,0.0,-0.20500000000000002,0.6237931392082029,56.74581510825642,0.7760647596835,0.6871976591327831,0.0888671005507169,34.473151349999995
2017-05-18,0,0,1,0,0,0,0,0,35.49079,1.5241265,0.2751,-0.0033,0.625,0.0,-0.7996568285264987,0.6968983204519643,0.065,-0.008400000000000001,0.0,-0.27840000000000004,0.32785290764502184,61.73262407481036,0.7396123240240158,0.6976805921110296,0.04193173191298616,34.597458749999994
2017-05-19,0,0,1,0,0,0,0,0,35.611786,0.3409028,0.1961,0.0013,0.3333,0.0,-1.2604455314952103,0.25227452932341066,-0.07900000000000001,0.0046,0.0,-0.1948,-0.44462379112855366,62.78201883551964,0.7122761955269965,0.700599712794223,0.011676482732773552,34.729784699999996
2017-05-22,0,0,1,0,0,0,1,0,35.828163,0.60760975,0.1469,-0.0538,0.7917,0.0,-0.544528542305123,-0.028133080761817014,-0.049199999999999994,-0.0551,0.0,-0.2007,-0.2804076100852277,64.64898669332,0.7000027364991084,0.7004803175352,-0.0004775810360916344,34.857058249999994
2017-05-23,0,0,1,0,1,0,0,1,35.783962,-0.123387575,0.5086,-0.0127,2.0833,0.0,1.371870636341952,1.8582107312825935,0.3617,0.0411,0.0,-0.5213000000000001,1.8863438120444105,63.94334366563312,0.6788835337108807,0.6961609607703362,-0.017277427059455452,34.97181084999999
2017-05-24,0,0,1,0,0,0,0,0,35.676937,-0.2990961,0.4876,0.0134,0.4583,0.0,-1.0574844821965643,1.6716714935298203,-0.021000000000000074,0.026099999999999998,0.0,-0.47419999999999995,-0.18653923775277326,62.17377113625899,0.6460629784356513,0.6861413643033992,-0.04007838586774792,35.09105969999999
2017-05-25,0,0,1,0,0,0,0,0,35.800232,0.3456354,0.0952,0.0011,0.2917,0.0,-1.298354506201864,-0.3945994778805144,-0.39239999999999997,-0.0123,0.0,-0.0941,-2.0662709714103347,63.4293685053133,0.6228218256879856,0.6734774565803165,-0.05065563089233094,35.21519879999999
2017-05-26,0,0,1,0,0,0,0,0,35.739746,-0.16897321,0.0852,0.0006,0.375,0.0,-1.1939118434442637,-0.45785132201884415,-0.010000000000000009,-0.0005000000000000001,0.0,-0.0846,-0.06325184413832974,62.33618850210888,0.5926901666898061,0.6573199986022145,-0.06462983191240834,35.33793589999999
2017-05-29,0,0,1,0,0,0,0,0,35.739746,0.0,0.1418,0.0162,0.0,0.0,-1.7276831085657982,-0.17145277337135098,0.05660000000000001,0.0156,0.0,-0.12560000000000002,0.28639854864749315,62.33618850210887,0.5623284376548838,0.6383216864127483,-0.0759932487578645,35.42672754999999
2017-05-30,0,0,1,0,0,0,0,0,35.753708,0.039052963,0.0833,0.0078,0.5833,0.0,-0.8876399682292057,-0.4930693390998299,-0.05850000000000001,-0.0084,0.0,-0.0755,-0.32161656572847896,62.509165570752444,0.5332462347055298,0.6173065960713047,-0.08406036136577488,35.50544244999999
2017-05-31,0,0,1,0,0,0,0,0,35.54199,-0.5921781,0.0707,0.0006,0.9167,0.0,-0.39801444486931525,-0.5694915360924248,-0.0126,-0.0072,0.0,-0.0701,-0.07642219699259484,58.14808122396921,0.4874949676118092,0.5913442703794056,-0.10384930276759641,35.578784949999985
2017-06-01,0,1,0,0,0,0,0,0,35.63971,0.2749443,-0.0013,0.0009,1.1667,69.0,-0.04530856798130171,-0.9568213142833581,-0.072,0.00030000000000000003,69.0,0.0021999999999999997,-0.3873297781909334,59.550801467227146,0.4538897872094765,0.5638533737454198,-0.10996358653594329,35.663153949999995
2017-06-02,0,0,0,0,0,0,0,0,36.167862,1.4819145,0.0013,0.0018,0.6667,310.0,-0.8496282790218813,-0.9427344588548938,0.0026,0.0009,241.0,0.0005,0.014086855428464329,66.15360357579556,0.46452019245312925,0.5439867374869617,-0.07946654503383244,35.745777049999994
2017-06-05,0,0,0,0,0,0,0,0,35.814205,-0.97780824,-0.0019,-0.0037,2.625,228.0,2.1292764490944593,-0.9598273823097188,-0.0031999999999999997,-0.0055,-82.0,-0.0018000000000000002,-0.017092923454824938,59.18654642560537,0.4393432257072334,0.523058035131016,-0.08371480942378262,35.76379709999999
2017-06-06,0,0,0,0,0,0,0,0,35.935184,0.33781528,-0.0006,0.0013,4.0,1854.0,3.6824470512626095,-0.9523975384855555,0.0013,0.005,1626.0,0.0018999999999999998,0.007429843824163229,60.71088191908588,0.42426166799227616,0.503298761703268,-0.07903709371099188,35.776511649999996
2017-06-07,0,0,0,0,0,0,0,0,36.14923,0.595665,-0.0004,0.0006,4.0,747.0,3.275456119300509,-0.9516838174138957,0.00019999999999999993,-0.0007,-1107.0,0.001,0.0007137210716597897,63.32109177875586,0.42468563652908387,0.4875761366684312,-0.06289050013934733,35.80838565
2017-06-08,0,0,0,0,0,0,0,0,36.060844,-0.24456978,0.0004,0.001,4.0,449.0,2.9772732741745433,-0.9456685716062723,0.0008,0.0004000000000000001,-298.0,0.0006000000000000001,0.0060152458076234705,61.50403783255815,0.41312734821428165,0.4726863789776013,-0.05955903076331964,35.8204851
2017-06-09,0,0,0,0,0,0,0,0,34.66251,-3.8776755,-0.0003,-0.0018,4.0,297.0,2.7328530934562676,-0.9490576042768771,-0.0007,-0.0028,-152.0,-0.0015,-0.0033890326706048635,41.30801434825527,0.28781569385694183,0.4357122419534694,-0.14789654809652758,35.7376564
2017-06-12,0,0,0,0,0,0,0,0,33.834217,-2.38958,-0.0134,-0.0197,4.0,128.0,2.536287150167748,-1.0153204915266718,-0.0131,-0.0179,-169.0,-0.006299999999999998,-0.06626288724979468,34.153839795665455,0.12028244108287112,0.37262628177934976,-0.25234384069647864,35.6180664
2017-06-13,0,1,0,1,0,0,0,0,34.106438,0.80456734,-0.0583,-0.0554,4.0,310.0,2.4060748566995094,-1.2422760870667346,-0.044899999999999995,-0.035699999999999996,182.0,0.0029,-0.22695559554006284,37.95696451605038,0.00936908986577123,0.29997484339663405,-0.2906057535308628,35.5147625
2017-06-14,0,1,0,0,0,0,0,0,33.773727,-0.9755075,-0.0018,-0.0005,4.0,421.0,2.2617166539242066,-0.9401837871126932,0.056499999999999995,0.0549,111.0,0.0013,0.3020922999540414,35.275262113289216,-0.10417665356489181,0.21914454400432887,-0.3233211975692207,35.45554935
2017-06-15,0,0,0,0,0,0,0,0,33.5713,-0.59934855,0.0008,0.0021,4.0,270.0,2.133995057091306,-0.9265731846441165,0.0026,0.0026,-151.0,0.0013,0.013610602468576705,33.714551249902705,-0.20809781832037544,0.133696071539388,-0.34179388985976344,35.35957485
2017-06-16,0,0,0,0,0,0,0,0,33.10133,-1.3999522,-0.0044,-0.0009,4.0,238.0,2.0203486409389875,-0.9537699622285234,-0.005200000000000001,-0.003,-32.0,0.0035000000000000005,-0.02719677758440686,30.356479378515562,-0.32463653351830857,0.04202955052784868,-0.36666608404615725,35.234052049999995
2017-06-19,0,0,0,0,0,0,0,0,34.048267,2.8607488,-0.002,0.0048,4.0,70.0,1.9206168412985463,-0.9410616989452448,0.0024000000000000002,0.005699999999999999,-168.0,0.0068,0.012708263283278565,42.733330412028025,-0.3367030991746063,-0.03371697941264232,-0.302986119761964,35.145057249999994
2017-06-20,0,0,0,0,0,0,0,0,33.73882,-0.90884566,0.0028,0.0037,4.0,293.0,1.8300752733075063,-0.9161538871462693,0.0048000000000000004,-0.0010999999999999994,223.0,0.0009000000000000002,0.0249078117989755,40.217974117921585,-0.3670051195699955,-0.10037460744411296,-0.2666305121258825,35.04280015
2017-06-21,0,0,0,0,0,0,0,0,33.93892,0.5930662,-0.0053,0.0028,4.0,344.0,1.7492495630544385,-0.9577343652632058,-0.0081,-0.0009000000000000002,51.0,0.0081,-0.04158047811693644,42.571951697238006,-0.3706012310527669,-0.15441993216584374,-0.21618129888692314,34.955899300000006
2017-06-22,0,0,0,0,0,0,0,0,33.883083,-0.16452074,0.0013,0.0022,4.0,292.0,1.6735715972386593,-0.9226186445023878,0.0066,-0.0005999999999999998,-52.0,0.0009000000000000002,0.035115720760817926,42.07409296678833,-0.37364955507997877,-0.19826585674867075,-0.175383698331308,34.86004185
2017-06-23,0,0,0,0,0,0,0,0,34.034317,0.4463315,-0.001,0.0033,4.0,240.0,1.6042476436217907,-0.9334819400892019,-0.0023,0.0010999999999999998,-52.0,0.0043,-0.010863295586814092,43.98482723346445,-0.35971547783542945,-0.2305557809660225,-0.12915969686940695,34.77477040000001
2017-06-26,0,0,0,0,0,0,0,0,33.9273,-0.31446218,0.0007,0.007,4.0,96.0,1.545763196969387,-0.8954573356463984,0.0017000000000000001,0.0037,-144.0,0.0063,0.03802460444280353,42.906286881638835,-0.35323611272547595,-0.2550918473179132,-0.09814426540756277,34.6841481
2017-06-27,0,0,0,0,0,0,0,0,33.441017,-1.4332831,-0.0019,0.0076,4.0,355.0,1.4885489474127176,-0.8825476862483261,-0.0026,0.0005999999999999998,259.0,0.0095,0.012909649398072265,38.30943743110509,-0.3829260105712322,-0.28065867996857696,-0.10226733060265525,34.568513550000006
2017-06-28,0,0,0,0,0,0,0,0,33.929615,1.4610767,-0.0013,-0.0014,4.0,251.0,1.4333396867610981,-0.8558716285901192,0.0006000000000000001,-0.009,-104.0,-0.00010000000000000005,0.02667605765820691,44.71812889088679,-0.36284701873447744,-0.2970963477217571,-0.06575067101272036,34.48789480000001
2017-06-29,0,0,0,0,0,0,0,0,33.42937,-1.4743268,0.0026,0.0009,4.0,313.0,1.3804936409583812,-0.8829548697271947,0.0039,0.0023,62.0,-0.0017,-0.027083241137075498,40.12241053979615,-0.3828861901588496,-0.3142543162091756,-0.06863187394967402,34.3773778
2017-06-30,0,0,0,0,0,0,0,0,33.50848,0.23664236,-0.0007,0.0092,4.0,370.0,1.3314778614349188,-0.8798012036619985,-0.0033,0.0083,57.0,0.009899999999999999,0.003153666065196181,41.152397827660145,-0.38791225107357263,-0.328985903182055,-0.05892634789151763,34.244408699999994
2017-07-03,0,0,0,0,0,0,0,0,33.38751,-0.3610611,0.0067,-0.001,4.0,61.0,1.2844974490908707,-0.854412413353838,0.0074,-0.0102,-309.0,-0.0077,0.025388790308160547,40.018790880665605,-0.3970794241426745,-0.3426046073741789,-0.05447481676849558,34.12307395
2017-07-04,0,0,0,0,0,0,0,0,33.38751,0.0,-0.0021,-0.0164,4.0,230.0,1.2512990917235445,-0.8741529230741134,-0.0088,-0.0154,169.0,-0.014300000000000002,-0.019740509720275412,40.01879088066559,-0.3997365606025909,-0.3540309980198613,-0.045705562582729564,33.995690249999996
2017-07-05,0,0,0,0,0,0,0,0,33.524776,0.41115284,-0.0083,-0.0013,4.0,135.0,1.2083933365221549,-0.8875129989536615,-0.006200000000000001,0.015100000000000002,-95.0,0.007,-0.013360075879548128,42.11711320111817,-0.38631296597030484,-0.36048739160995,-0.02582557436035482,33.86446754999999
2017-07-06,0,0,0,0,0,0,0,0,33.208344,-0.94385743,-0.0019,0.0034,4.0,174.0,1.169189014720377,-0.8274228092208895,0.0064,0.004699999999999999,39.0,0.0053,0.060090189732772026,38.75161835504154,-0.3966359164325226,-0.36771709657446455,-0.028918819858058054,33.72184255
2017-07-07,0,1,1,0,0,0,1,0,33.54572,1.0159016,-0.0419,0.0426,4.0,272.0,1.132732059845047,-1.010778710456766,-0.04,0.0392,98.0,0.08449999999999999,-0.18335590123587653,43.898924428806815,-0.3732904455247805,-0.36883176636452775,-0.0044586791602527764,33.66600304999999
2017-07-10,0,0,0,0,0,0,0,0,33.75046,0.61035156,-0.0011,-0.0134,4.0,120.0,1.0951180350067882,-0.773402610427758,0.0408,-0.056,-152.0,-0.0123,0.237376100029008,46.81977120121689,-0.3344132766309613,-0.36194806841781446,0.02753479178685314,33.66181519999999
2017-07-11,0,0,0,0,0,0,0,0,33.85981,0.32399893,-0.0017,0.0028,4.0,221.0,1.0615459731550636,-0.7495734651384599,-0.0005999999999999998,0.0162,101.0,0.0045,0.023829145289298137,48.3660012833091,-0.2914199018380188,-0.3478424351018553,0.056422533263836505,33.6494838
2017-07-12,0,0,0,0,0,0,0,0,33.908665,0.14430285,-0.001,0.0014,4.0,249.0,1.0285033072402536,-0.7280018976193275,0.0006999999999999999,-0.0014,28.0,0.0024000000000000002,0.021571567519132362,49.078363995239776,-0.25051734435821515,-0.3283774169531273,0.07786007259491212,33.656230699999995
2017-07-13,0,0,0,0,0,0,0,0,34.38099,1.392889,0.0039,0.0091,4.0,315.0,0.9968523729639857,-0.6787982311447133,0.0049,0.0077,66.0,0.005200000000000001,0.04920366647461427,55.47415402420943,-0.17793793500101174,-0.2982895205627042,0.12035158556169245,33.6967152
2017-07-14,0,0,0,0,0,0,0,0,34.676464,0.8594394,0.0035,0.0015,4.0,173.0,0.9641995662496731,-0.6562578375177093,-0.00039999999999999975,-0.007600000000000001,-142.0,-0.002,0.022540393627003996,58.947842423732965,-0.09547536715703586,-0.25772668988157055,0.16225132272453469,33.7754719
2017-07-17,0,0,0,0,0,0,0,0,34.79745,0.34890175,0.0023,0.0077,4.0,53.0,0.9328606377378869,-0.660668916337175,-0.0012000000000000001,0.006200000000000001,-120.0,0.0054,-0.004411078819465675,60.313135832985175,-0.02012859899258501,-0.21020707170377345,0.19007847271118844,33.81293105
2017-07-18,0,0,0,0,0,0,0,0,34.918438,0.3476858,0.0062,0.0033,4.0,243.0,0.9027561888611879,-0.6244210914851622,0.0039,-0.0044,190.0,-0.0029,0.03624782485201272,61.68542575233342,0.0487846193583934,-0.15840873349134008,0.20719335284973348,33.871911950000005
2017-07-19,0,0,0,0,0,0,0,0,35.13714,0.6263375,-0.0084,-0.0042,4.0,252.0,0.8740612774826935,-0.6816954874094192,-0.014599999999999998,-0.0075,9.0,0.0042,-0.05727439592425698,64.10181409012998,0.11966682040991827,-0.1027936227110884,0.22246044312100666,33.931822950000004
2017-07-20,0,1,1,0,0,0,0,0,34.97894,-0.45027733,-0.0632,-0.0201,4.0,308.0,0.8448591199887635,-0.9462659313459546,-0.05480000000000001,-0.0159,56.0,0.043100000000000006,-0.2645704439365354,61.100009530816045,0.16121764094419433,-0.049991369980031855,0.21120901092422617,33.9866158
2017-07-21,0,0,0,0,0,0,0,0,34.962646,-0.046557188,-0.0147,0.0101,1.125,236.0,-1.0352621274391614,-0.6644783078521072,0.04850000000000001,0.030199999999999998,-72.0,0.0248,0.28178762349384745,60.78428428056423,0.1906346582751013,-0.0018661643290052293,0.1925008226041065,34.033032250000005
2017-07-24,0,0,0,0,0,0,0,0,35.386105,1.2111425,-0.0042,-0.0129,1.0833,107.0,-1.0569582084489402,-0.5870600692632109,0.010499999999999999,-0.023,-129.0,-0.0087,0.0774182385888963,65.73917612824795,0.2452899093659866,0.047565050409993134,0.19772485895599345,34.10597250000001
2017-07-25,0,0,0,0,0,0,0,0,35.537334,0.42738914,0.0029,-0.0019,1.4583,220.0,-0.7942624814316979,-0.523405022411131,0.0070999999999999995,0.011,113.0,-0.0048,0.0636550468520799,67.3268923206794,0.2973795002848689,0.09752794038496829,0.19985155989990064,34.21078835000001
2017-07-26,0,0,0,0,0,0,0,0,35.70486,0.4713893,0.0025,-0.0204,2.0,335.0,-0.4325409806380151,-0.5219332854083407,-0.00039999999999999975,-0.018500000000000003,115.0,-0.0229,0.001471737002790241,69.03859210022975,0.3481653906026878,0.1476554304285122,0.2005099601741756,34.29955060000001
2017-07-27,0,1,1,0,0,0,0,0,35.030125,-1.8897474,-0.0042,0.0277,1.9167,350.0,-0.4838181433827557,-0.5421627201269031,-0.006699999999999999,0.048100000000000004,15.0,0.0319,-0.020229434718562422,56.25545383767568,0.3301621948049345,0.18415678330379665,0.14600541150113783,34.37958835000001
2017-07-28,0,0,0,0,0,0,0,0,34.783485,-0.70403814,-0.0008,0.0084,1.2917,357.0,-0.8991231050057902,-0.4936003276783126,0.0034,-0.019299999999999998,7.0,0.0092,0.04856239244859056,52.433631830928306,0.29261960898270445,0.2058493484395782,0.08677026054312625,34.44333860000002
2017-07-31,0,0,0,0,0,0,0,0,34.604347,-0.51505566,0.0005,-0.0013,2.4583,161.0,-0.15727363799370273,-0.4605928850396141,0.0013,-0.0097,-196.0,-0.0018,0.03300744263869848,49.78794220880927,0.24558099491704866,0.2137956777350723,0.03178531718197636,34.504180450000014
2017-08-01,0,1,0,0,0,0,0,0,34.911457,0.8875251,-0.0206,-0.0036,3.125,321.0,0.2622537114598064,-0.5941920285699774,-0.0211,-0.0023,160.0,0.017,-0.13359914353036334,54.06696875086846,0.23042753951043693,0.21712205009014524,0.013305489420291694,34.580377800000015
2017-08-02,0,1,1,0,1,0,0,0,36.56107,4.7250867,0.3729,0.3218,3.4167,491.0,0.4333789100789082,2.4917668038462333,0.3935,0.32539999999999997,170.0,-0.051100000000000034,3.085958832416211,69.2335370890536,0.3475222791262169,0.24320209589735958,0.10432018322885733,34.73219250000001
2017-08-03,0,0,1,0,0,0,0,0,36.195766,-0.999105,0.3934,0.3034,2.2917,349.0,-0.3451673434496677,2.639045518055694,0.020500000000000018,-0.018399999999999972,-142.0,-0.09000000000000002,0.14727871420946093,64.17974633573846,0.4061617443052299,0.2757940255789336,0.13036771872629627,34.881563600000014
2017-08-04,0,0,0,0,0,0,0,0,36.386547,0.5270839,0.036,0.0153,1.6667,190.0,-0.7821931691404761,-0.146416629076707,-0.35740000000000005,-0.2881,-159.0,-0.020699999999999996,-2.7854621471324013,65.59235248845714,0.46269471851323374,0.31317416416579363,0.1495205543474401,35.02360495000001
2017-08-07,0,0,0,0,0,0,0,0,36.949615,1.5474081,0.0088,0.0021,0.0833,118.0,-1.8264636082462404,-0.33150912097321245,-0.027199999999999995,-0.0132,-72.0,-0.006700000000000001,-0.18509249189650545,69.42476813521054,0.5466311659011254,0.35986556451286,0.18676560138826537,35.18356270000002
2017-08-08,0,0,0,0,0,0,0,0,37.245087,0.7997036,0.0027,0.0062,1.4583,304.0,-0.9122241099365792,-0.36905916972526215,-0.0061,0.0040999999999999995,186.0,0.0034999999999999996,-0.0375500487520497,71.23534498321106,0.6297343407389135,0.4138393197580707,0.21589502098084284,35.35282655000002
2017-08-09,0,0,0,0,0,0,0,0,37.473118,0.6121874,-0.0184,0.0088,1.25,228.0,-1.0428335132291158,-0.516339512527335,-0.0211,0.0026000000000000007,-76.0,0.027200000000000002,-0.14728034280207286,72.58462958742244,0.7058577131532644,0.47224299843710943,0.23361471471615497,35.53104920000001
2017-08-10,0,0,0,0,0,0,0,0,36.279526,-3.1727195,0.0142,0.0049,1.125,203.0,-1.1415134845879362,-0.21871561309848495,0.032600000000000004,-0.0039000000000000007,-25.0,-0.009300000000000001,0.29762389942885004,57.40556298556277,0.6622392532140395,0.5102422493924954,0.15199700382154413,35.625976000000016
2017-08-11,0,0,1,0,0,0,0,0,36.784046,1.3906717,-0.0422,-0.0036,0.6667,167.0,-1.4663854997842753,-0.6724090778165134,-0.056400000000000006,-0.0085,-36.0,0.0386,-0.4536934647180284,61.10784564958439,0.6607649697492448,0.5403467934638453,0.12041817628539953,35.731355100000016
2017-08-14,0,0,0,0,0,0,0,0,37.337635,1.5049577,-0.0007,0.0063,1.1667,63.0,-1.134198298099601,-0.29623949751344153,0.0415,0.009899999999999999,-104.0,0.007,0.37616958030307185,64.73037022345467,0.6962407651001996,0.5715255877911162,0.12471517730908344,35.85836435000001
2017-08-15,0,0,0,0,0,0,0,0,37.746403,1.0947704,0.012,0.0041,1.0417,263.0,-1.1959945312416176,-0.13600466458441013,0.0127,-0.0021999999999999997,200.0,-0.0079,0.1602348329290314,67.16253546646908,0.748709097468037,0.6069622897265003,0.1417468077415367,35.99976260000001
2017-08-16,0,0,0,0,0,0,0,0,37.59456,-0.40223598,0.0029,0.0054,1.5833,263.0,-0.8529724085041658,-0.18771321852247483,-0.0091,0.0013,0.0,0.0025000000000000005,-0.0517085539380647,65.35950324251034,0.769171635961726,0.6394041589735455,0.12976747698818047,36.12263360000001
2017-08-17,0,0,0,0,0,0,0,0,36.872814,-1.9198477,0.0009,0.0011,1.5417,369.0,-0.9141740282612855,-0.19509503846512166,-0.002,-0.0043,106.0,0.0002000000000000001,-0.007381819942646833,57.4629332332278,0.7188628711238749,0.6552959014036114,0.06356696972026354,36.21732730000001
2017-08-18,0,0,0,0,0,0,0,0,36.78872,-0.22805333,-0.0004,-0.0044,0.875,323.0,-1.4046608997739414,-0.1947942131300302,-0.0013,-0.0055000000000000005,-46.0,-0.004,0.00030082533509145915,56.604812467679075,0.6645466494289991,0.657146051008689,0.007400598420310156,36.308631000000005
2017-08-21,0,0,0,0,0,0,0,0,36.72099,-0.18412471,-0.001,0.0021,0.875,74.0,-1.4415916310334977,-0.17536736613149081,-0.0006000000000000001,0.006500000000000001,-249.0,0.0031,0.019426846998539388,55.88100085784482,0.6090150609281224,0.6475198529925756,-0.03850479206445323,36.375375250000005
2017-08-22,0,0,0,0,0,0,0,0,37.321293,1.6347528,0.0017,0.0015,1.2083,224.0,-1.2203396830486044,-0.12050601729890201,0.0027,-0.0005999999999999998,150.0,-0.00019999999999999987,0.05486134883258881,60.680090084642046,0.6064544823484823,0.639306778863757,-0.03285229651527466,36.464573200000004
2017-08-23,0,0,0,0,0,0,0,0,37.367996,0.12516975,0.002,0.0005,1.4167,186.0,-1.0817257693490747,-0.10106296651424752,0.00030000000000000014,-0.001,-38.0,-0.0015,0.019443050784654484,61.035201437275,0.6012627642892312,0.6316979759488518,-0.030435211659620598,36.54773
2017-08-24,0,0,0,0,0,0,0,0,37.202152,-0.4437983,0.0034,0.0011,1.625,268.0,-0.9389872474865351,-0.08262865538391055,0.0013999999999999998,0.0006000000000000001,82.0,-0.0023,0.018434311130336972,58.99756907991448,0.5771134608036235,0.6207810729198061,-0.04366761211618264,36.65633135
2017-08-25,0,0,0,0,0,0,0,0,37.33997,0.37044287,-0.0003,0.0006,1.0833,389.0,-1.3589506390211976,-0.13389313445601336,-0.0036999999999999997,-0.0005000000000000001,121.0,0.0009,-0.05126447907210281,60.187058476318676,0.5626103032487606,0.609146918985597,-0.04653661573683643,36.7841556
2017-08-28,0,0,0,0,0,0,0,0,37.716045,1.0071278,-0.0005,0.0005,1.6667,94.0,-0.902277545544745,-0.13701682732345552,-0.00020000000000000004,-9.999999999999994e-05,-295.0,0.001,-0.003123692867442157,63.31456249524321,0.5748362019935414,0.6022847755871858,-0.0274485735936445,36.9397405
2017-08-29,0,0,0,0,0,0,0,0,38.052383,0.8918047,0.0013,0.016,2.0,370.0,-0.6301904537529429,-0.11234151929172632,0.0018,0.0155,276.0,0.014700000000000001,0.024675308031729196,65.89491424766261,0.6046944394489273,0.6027667083595342,0.0019277310893931476,37.0967868
2017-08-30,0,0,0,0,0,0,0,0,38.155167,0.2700925,0.0033,0.0136,1.9167,453.0,-0.6683387121723436,-0.08529383227481929,0.002,-0.002400000000000001,83.0,0.0103,0.027047687016907032,66.6665281103405,0.6293958341567176,0.6080925335189709,0.02130330063774677,37.176491649999996
2017-08-31,0,0,0,0,0,0,0,0,38.306984,0.3979206,0.0042,0.0033,1.9583,370.0,-0.6138314083320687,-0.07362080706347801,0.0008999999999999998,-0.0103,-83.0,-0.0008999999999999998,0.011673025211341281,67.82446843910948,0.6536869344644529,0.6172114137080673,0.036475520756385604,37.28205254999999
2017-09-01,0,0,0,0,0,0,0,0,38.31867,0.030493736,0.0005,0.0018,1.5833,492.0,-0.8668349637447346,-0.12546562347063206,-0.0036999999999999997,-0.0015,122.0,0.0013,-0.05184481640715405,67.91685583209566,0.6662012160791804,0.62700937418229,0.0391918418968904,37.378658699999995
2017-09-04,0,0,0,0,0,0,0,0,38.31867,0.0,0.0003,0.0005,1.0,144.0,-1.2614976624740326,-0.13154190911112837,-0.00020000000000000004,-0.0013,-348.0,0.00020000000000000004,-0.0060762856404963095,67.91685583209566,0.6684138160214417,0.6352902625501203,0.03312355347132134,37.447111449999994
2017-09-05,0,0,0,0,0,0,0,0,37.858524,-1.2008548000000001,0.0,0.0003,2.3333,245.0,-0.24300786107725417,-0.15045539859066012,-0.0003,-0.00020000000000000004,101.0,0.0003,-0.018913489479531753,60.04362440646813,0.6258232796112893,0.6333968659623541,-0.007573586351064865,37.47778329999999
2017-09-06,0,0,0,0,0,0,0,0,37.818817,-0.10488629,0.002,-0.0074,2.0417,376.0,-0.44192243590333863,-0.12320616638721939,0.002,-0.0077,131.0,-0.0094,0.027249232203440735,59.40367612855672,0.582155226530837,0.6231485380760506,-0.040993311545213684,37.49506824999999
2017-09-07,0,0,0,0,0,0,0,0,37.66699,-0.40146112,0.0009,-0.0031,1.9583,425.0,-0.4831432494709829,-0.13871887096655824,-0.0011,0.0043,49.0,-0.004,-0.015512704579338857,56.90618439109861,0.52919656127942,0.6043581427167245,-0.07516158143730445,37.56444144999999
2017-09-08,0,0,0,0,0,0,0,0,37.05267,-1.6309023,-0.0029,-0.0052,1.4167,370.0,-0.8687145096890326,-0.19259173949694638,-0.0037999999999999996,-0.0021,-55.0,-0.0023,-0.05387286853038814,48.09522796874579,0.4326684154410856,0.5700201972615967,-0.1373517818205111,37.577872649999996
2017-09-11,0,0,0,0,0,0,0,0,37.72305,1.8092394,-0.0004,-0.0226,2.8333,366.0,0.239289771595688,-0.1577729895747706,0.0024999999999999996,-0.0174,-4.0,-0.022199999999999998,0.03481874992217579,56.085827539063025,0.40558786339747144,0.5371337304887717,-0.13154586709130023,37.59714339999999
2017-09-12,0,1,0,0,0,0,0,0,37.573547,-0.39628148,0.0011,0.0009,3.75,957.0,0.9589722721200827,-0.13624307454693987,0.0015,0.0235,591.0,-0.0002000000000000001,0.02152991502783072,54.08609795439765,0.3678226575126189,0.5032715158935411,-0.13544885838092224,37.58850059999999
2017-09-13,0,0,0,0,0,0,0,0,37.29092,-0.7522106,-0.0013,-0.0006,3.5833,3219.0,0.8388747744445629,-0.1710110439550634,-0.0024000000000000002,-0.0015,2262.0,0.0007,-0.03476796940812352,50.425777040554365,0.3114970784573927,0.4649166284063114,-0.1534195499489187,37.57331859999999
2017-09-14,0,0,0,0,0,0,0,0,36.970905,-0.8581221,-0.0033,-0.0028,2.7083,1146.0,0.17092557357642105,-0.1980643528414824,-0.002,-0.0022,-2073.0,0.0005,-0.02705330888641902,46.58171525605271,0.2382892649131847,0.41959115570768607,-0.18130189079450137,37.57822315
2017-09-15,0,0,0,0,0,0,0,0,37.344643,1.0108709,0.0003,-0.0019,2.0833,657.0,-0.30354932896430925,-0.14768118209266567,0.0036,0.0009,-489.0,-0.0022,0.050383170748816736,51.255267056512565,0.20803102621145086,0.37727912980843903,-0.16924810359698816,37.6060193
2017-09-18,0,0,0,0,0,0,0,0,37.06202,-0.756824,0.0008,-0.0005,1.7917,181.0,-0.5139207220662703,-0.1406637492836815,0.0005,0.0014,-476.0,-0.0013,0.007017432808984175,47.84624427633482,0.15940828049115652,0.3337049599449825,-0.174296679453826,37.623070799999994
2017-09-19,0,0,0,0,0,0,0,0,37.07603,0.037813187,0.0024,0.0019,2.2917,373.0,-0.0858117957721051,-0.11915874295543909,0.0015999999999999999,0.0024000000000000002,192.0,-0.0004999999999999998,0.021505006328242413,48.030768342136376,0.12061452494972258,0.2910868729459305,-0.17047234799620792,37.61080764999999
2017-09-20,0,0,0,0,0,0,0,0,36.454712,-1.6757965,0.0016,0.0028,2.625,539.0,0.21085115062262114,-0.13112120742865302,-0.0007999999999999997,0.0009,166.0,0.0012,-0.011962464473213932,41.087859988855286,0.039282203372245306,0.24072593903119346,-0.20144373565894816,37.565143449999994
2017-09-21,0,0,0,0,0,0,0,0,35.828716,-1.717186,-0.0058,-0.0092,2.5417,553.0,0.16410905415023477,-0.233306738355793,-0.0073999999999999995,-0.012,14.0,-0.0034000000000000002,-0.10218553092713997,35.51724131703105,-0.07482436428387018,0.17761587836818074,-0.2524402426520509,37.49647165
2017-09-22,0,0,0,0,0,0,0,0,35.478333,-0.97789764,-0.0049,-0.0027,2.375,448.0,0.04623740583867337,-0.21960575081524303,0.0008999999999999998,0.0065,-105.0,0.0021999999999999997,0.013700987540549964,32.83394218900438,-0.1913221780966765,0.1038282670752093,-0.2951504451718858,37.4033898
2017-09-25,0,0,0,0,0,0,0,0,35.165348,-0.8822143,-0.0152,-0.0055,2.2917,125.0,-0.001195016756552938,-0.35908869322314657,-0.0103,-0.0027999999999999995,-323.0,0.0097,-0.13948294240790354,30.609355999573108,-0.3053825487124513,0.021986103917677177,-0.3273686526301285,37.275854949999996
2017-09-26,0,0,0,0,0,0,0,0,35.770325,1.720357,-0.0099,-0.0108,2.125,465.0,-0.12290858050657148,-0.2826035603689324,0.005299999999999999,-0.005300000000000001,340.0,-0.0008999999999999998,0.07648513285421416,39.18621490514075,-0.3430056704346356,-0.05101225095278539,-0.2919934194818502,37.16175205
2017-09-27,0,0,0,0,0,0,0,0,36.024914,0.7117629,-0.0026,0.0033,1.875,366.0,-0.32225531701104976,-0.18137330714497307,0.007300000000000001,0.014100000000000001,-99.0,0.0059,0.10123025322395934,42.412065887318555,-0.3482644846564682,-0.11046269769352196,-0.23780178696294624,37.05523939999999
2017-09-28,0,0,0,0,0,0,0,0,35.80301,-0.61596036,0.0016,-0.0007,2.5833,378.0,0.35681925720898183,-0.12314930785106507,0.0042,-0.004,12.0,-0.0023,0.05822399929390801,40.40047827845852,-0.36611755580283756,-0.16159366931538507,-0.20452388648745248,36.93004069999999
2017-09-29,0,0,0,0,0,0,0,0,35.999226,0.548017,0.0005,-0.0012,2.0833,376.0,-0.08416181450007165,-0.1492250510735156,-0.0011,-0.0004999999999999999,-2.0,-0.0017,-0.026075743222450543,42.975977054031326,-0.360280166463923,-0.20133096874509265,-0.15894919771883037,36.81406849999999
2017-10-02,0,0,0,0,0,0,0,0,35.926823,-0.20114183,0.0015,-0.0046,2.2083,119.0,0.06653035225643779,-0.13572350009161518,0.001,-0.0034000000000000002,-257.0,-0.0060999999999999995,0.013501550981900423,42.250444863604535,-0.35737669428712593,-0.23254011385349932,-0.12483658043362661,36.69447614999999
2017-10-03,0,0,0,0,0,0,0,0,36.083313,0.43560266,0.0019,-0.0013,2.0,268.0,-0.10958638526442258,-0.13093756329232814,0.00039999999999999996,0.0033,149.0,-0.0031999999999999997,0.004785936799287044,44.433954580490116,-0.33854569250431155,-0.25374122958366174,-0.0848044629206498,36.60571559999999
2017-10-04,0,0,0,0,0,0,0,0,35.849724,-0.6473303,-0.0012,-0.0009,2.625,290.0,0.5669670412168023,-0.17469186725691285,-0.0031,0.00039999999999999996,22.0,0.0002999999999999999,-0.04375430396458471,41.888022440490325,-0.338567868400915,-0.2707065573471124,-0.06786131105380261,36.507260949999996
2017-10-05,0,0,0,0,0,0,0,0,36.295883,1.2444615,-0.0009,-0.0006,2.3333,446.0,0.3004305483823409,-0.1692960690001719,0.0002999999999999999,0.00030000000000000003,156.0,0.00030000000000000003,0.005395798256740941,48.01481788326395,-0.2991358880532289,-0.2763924234883357,-0.02274346456489318,36.43870559999999
2017-10-06,0,0,0,0,0,0,0,0,36.27485,-0.057917833,0.0009,-0.0019,1.875,328.0,-0.16575447141134628,-0.1432429780883591,0.0018,-0.0013,-118.0,-0.0028,0.02605309091181282,47.75918256344786,-0.2665107765209598,-0.2744160940948605,0.007905317573900728,36.39981459999999
2017-10-09,0,0,0,0,0,0,0,0,36.40098,0.34770966,0.0005,-0.0005,1.875,93.0,-0.1314753617377151,-0.14846109341788677,-0.00039999999999999996,0.0014,-235.0,-0.001,-0.005218115329527678,49.495686999334666,-0.2278509794341872,-0.26510307116272586,0.03725209172853866,36.33371109999999
2017-10-10,0,0,0,0,0,0,0,0,36.414993,0.0385046,-0.0008,-0.0006,2.0,268.0,0.058830582304846724,-0.165144246210559,-0.0013,-9.999999999999994e-05,175.0,0.0002000000000000001,-0.01668315279267224,49.695750570247164,-0.19384752611054523,-0.2508519621522897,0.05700443604174449,36.27578339999999
2017-10-11,0,0,0,0,0,0,0,0,36.56682,0.4169345,-0.0133,-0.0034,2.0417,335.0,0.16068249869145868,-0.34040526882997424,-0.012499999999999999,-0.0028,67.0,0.009899999999999999,-0.17526102261941523,51.918155736144136,-0.15288599970472205,-0.2312587696627762,0.07837276995805414,36.239578399999985
2017-10-12,0,0,0,0,0,0,0,0,36.43835,-0.35132766,-0.0025,-0.0009,2.0833,304.0,0.2763547570595482,-0.204071588438144,0.010799999999999999,0.0024999999999999996,-31.0,0.0016,0.13633368039183025,49.908905593080696,-0.1292996642049502,-0.210866948571211,0.08156728436626079,36.21295064999999
2017-10-13,0,0,0,0,0,0,0,0,36.6696,0.6346226,0.0022,0.0004,1.875,255.0,-0.03676450236341325,-0.14127111011814392,0.0047,0.0013,-49.0,-0.0018000000000000002,0.06280047832000007,53.40451791185461,-0.09089954762586672,-0.18687346838214214,0.09597392075627542,36.179198499999984
2017-10-16,0,0,1,0,0,0,0,0,37.344643,1.8408775,-0.0337,0.0031,2.2083,94.0,0.41765551063759865,-0.644270457467482,-0.0359,0.0026999999999999997,-161.0,0.0368,-0.5029993473493382,61.7875638634097,-0.005928509877293209,-0.15068447668117235,0.14475596680387914,36.19332964999999
2017-10-17,0,1,0,0,1,0,0,0,37.482445,0.36902428,0.0121,0.004,2.0833,326.0,0.22261745724523246,0.004739999772118799,0.0458,0.0009000000000000002,232.0,-0.0081,0.6490104572396008,63.241433188685825,0.07170455399840137,-0.1062066705452576,0.17791122454365899,36.21365039999999
2017-10-18,0,0,0,0,0,0,0,0,37.316612,-0.4424572,-0.0031,-0.0021,2.0417,201.0,0.16123228195754402,-0.21002834283736352,-0.0152,-0.0060999999999999995,-125.0,0.001,-0.21476834260948233,60.26963489980335,0.11848219032268048,-0.06126889837166998,0.17975108869435047,36.256745399999986
2017-10-19,0,0,0,0,0,0,0,0,36.433678,-2.366048,-0.0125,-0.0172,2.75,245.0,1.1550684654871013,-0.34150516283891164,-0.0094,-0.0151,44.0,-0.004699999999999999,-0.13147682000154812,47.47739782201005,0.08334762971836795,-0.03234559275366239,0.11569322247203034,36.28699349999999
2017-10-20,0,1,1,0,0,0,0,0,36.496758,0.17310381,-0.1579,-0.0433,2.0833,327.0,0.18151002910269629,-2.2637412232362224,-0.1454,-0.026099999999999998,82.0,0.11460000000000001,-1.9222360603973108,48.321329709231705,0.0599027445757514,-0.01389592528777963,0.07379866986353104,36.33791474999999
2017-10-23,0,0,0,0,0,0,0,0,36.47805,-0.05120039,-0.0003,-0.0265,2.1667,90.0,0.3101388445298421,-0.12488864079376007,0.15760000000000002,0.0168,-237.0,-0.026199999999999998,2.1388525824424622,48.074613703578684,0.0393592163919223,-0.0032448969518392434,0.042604113343761546,36.40354984999999
2017-10-24,0,0,0,0,0,0,0,0,36.6953,0.59551,-0.005,-0.0087,2.4167,369.0,0.7044976549743286,-0.19240015868493107,-0.0047,0.0178,279.0,-0.0036999999999999993,-0.067511517891171,51.19116309768141,0.04014580580468419,0.005433243599465443,0.03471256220521875,36.449798599999994
2017-10-25,0,0,0,0,0,0,0,0,36.534126,-0.4392147,0.0012,-0.001,2.2917,406.0,0.5695686401806551,-0.03156424188520548,0.0062,0.007699999999999999,37.0,-0.0021999999999999997,0.1608359167997256,48.84872875369706,0.027447392315487207,0.009836073342669796,0.01761131897281741,36.475259199999996
2017-10-26,0,0,0,0,1,0,0,0,36.7677,0.63934326,0.001,-0.0056,2.2083,323.0,0.4436360497752374,0.20213887960228608,-0.00019999999999999987,-0.0046,-83.0,-0.0066,0.23370312148749156,52.25818815852761,0.03581838582320529,0.015032535838776895,0.020785849984428395,36.523493699999996
2017-10-27,0,0,0,0,0,0,0,0,38.085087,3.583002,0.0014,-0.001,2.5833,338.0,0.9915953018963122,0.2519253504898555,0.00039999999999999996,0.0046,15.0,-0.0024000000000000002,0.049786470887569406,66.016626450015,0.14705937064180574,0.04143790279938267,0.10562146784242307,36.62778675
2017-10-30,0,0,0,0,0,0,0,0,38.94233,2.2508383,0.0202,0.0133,1.7083,185.0,-0.42021272798166615,1.0889049937090967,0.0188,0.0143,-153.0,-0.0069,0.8369796432192411,71.72648450891415,0.3009221550935095,0.09333475325820804,0.20758740183530144,36.778562099999995
2017-10-31,0,0,0,0,0,0,0,0,39.484215,1.3915539,0.0138,0.0257,1.7917,463.0,-0.29342132079600264,0.7884519410911657,-0.0063999999999999994,0.012400000000000001,278.0,0.0119,-0.300453052617931,74.62845866155385,0.4612679018281085,0.16692138297218814,0.29434651885592034,36.94860719999999
2017-11-01,0,0,0,0,0,0,0,0,38.98203,-1.2718856,0.0114,0.0026,1.1667,441.0,-1.3230378446952653,0.6584722418449517,-0.0023999999999999994,-0.023100000000000002,-22.0,-0.0088,-0.129979699246214,67.6941067078025,0.5415779552318156,0.24185269742411364,0.299725257807702,37.10522249999999
2017-11-02,0,0,0,0,0,0,0,0,39.267002,0.7310271,-0.0065,0.0025,1.7917,371.0,-0.3136478107222959,-0.12980799706565807,-0.0179,-9.999999999999983e-05,-70.0,0.009,-0.7882802389106097,69.42998850048582,0.6210599178104275,0.3176941415013764,0.30336577630905104,37.25377844999999
2017-11-03,1,1,1,0,1,0,0,1,40.292408,2.6113868,0.3301,0.1207,2.9167,513.0,1.547187425855687,6.807142372948048,0.3366,0.1182,142.0,-0.2094,6.936950370013706,74.69824977387722,0.7580532740436965,0.40576596800984044,0.35228730603385605,37.45465634999999
2017-11-06,0,0,0,0,0,0,0,0,40.701183,1.0144949,0.0071,0.0004,1.9583,174.0,-0.12400472186612528,0.09117008952527295,-0.323,-0.1203,-339.0,-0.0067,-6.715972283422776,76.44124872736566,0.8893542993085788,0.5024836342695881,0.3868706650389907,37.66966649999999
2017-11-07,0,1,1,0,0,0,0,0,40.83197,0.32137632,-0.0139,-0.0586,1.625,542.0,-0.7401180271765871,-0.3360913062536127,-0.020999999999999998,-0.059,368.0,-0.044700000000000004,-0.42726139577888567,76.98747891240431,0.9925235322162962,0.6004916138589297,0.3920319183573665,37.890515349999994
2017-11-08,0,0,0,0,0,0,0,0,41.166,0.818038,-0.0018,0.0025,1.5,471.0,-0.9590146951566081,-0.08314392498594188,0.0121,0.0611,-71.0,0.0043,0.25294738126767086,78.3670520012908,1.088689586121582,0.6981312083114601,0.3905583778101218,38.120474349999995
2017-11-09,0,0,0,0,1,0,0,0,41.08191,-0.20426512,0.0034,0.0087,1.0417,451.0,-1.7276265235000343,0.02398785100760859,0.0052,0.006199999999999999,-20.0,0.005299999999999999,0.10713177599355046,77.11374952612205,1.1449186074306112,0.7874886881352904,0.35742991929532086,38.35265234999999
2017-11-10,0,0,0,0,0,0,0,0,40.945946,-0.32977462,0.0025,0.0013,0.25,315.0,-2.957545809885877,0.004292309397953274,-0.0008999999999999998,-0.0073999999999999995,-136.0,-0.0012000000000000001,-0.019695541609655316,75.02450258041216,1.1650790474028625,0.8630067599888048,0.30207228741405767,38.56646965
2017-11-13,0,0,0,0,0,0,0,0,40.78184,-0.40075183,-0.0012,-0.0022,0.5,78.0,-2.471409439988136,-0.07248428470771624,-0.0037,-0.0035,-237.0,-0.0010000000000000002,-0.07677659410566952,72.47229962031741,1.1545059328808023,0.9213065945672043,0.23319933831359796,38.7383295
2017-11-14,0,0,0,0,0,0,0,0,40.165333,-1.5117586,-0.0007,-0.0091,1.3333,287.0,-1.1179151824435036,-0.06126704847288135,0.0004999999999999999,-0.0069,209.0,-0.008400000000000001,0.011217236234834893,63.70468075357295,1.0838853453449389,0.9538223447227512,0.13006300062218767,38.8724739
2017-11-15,0,0,0,0,0,0,0,0,39.635548,-1.3190091,-0.0141,-0.0143,0.6667,317.0,-2.122140950955513,-0.3336714003631661,-0.0134,-0.0052,30.0,-0.00020000000000000052,-0.2724043518902848,57.290534962287545,0.9739418041661878,0.9578462366114385,0.01609556755474928,38.9884207
2017-11-16,0,0,0,0,0,0,0,0,40.10907,1.1947036,-0.0118,-0.0084,0.3333,209.0,-2.482511878307116,-0.28050510313268834,0.0023,0.005900000000000001,-108.0,0.0034000000000000002,0.05316629723047778,61.064029094426765,0.9144784849615633,0.9491726862814635,-0.0346942013199002,39.1721903
2017-11-17,0,0,0,0,1,0,0,0,39.88637,-0.55523515,0.0027,0.0013,0.5,223.0,-2.15995076737607,0.019110656452017146,0.014499999999999999,0.0097,14.0,-0.0014000000000000002,0.2996157595847055,58.44851094583645,0.8397037649583794,0.9272789020168466,-0.0875751370584672,39.3416709
2017-11-20,0,0,0,0,0,0,0,0,39.846516,-0.099909306,0.0005,0.0009,0.5417,102.0,-2.001814068596846,-0.026852031453138244,-0.0022,-0.00039999999999999996,-121.0,0.00039999999999999996,-0.04596268790515539,57.969978047369686,0.7683710724777271,0.8954973361090227,-0.12712626363129564,39.51009419999999
2017-11-21,0,0,0,0,1,0,0,0,40.587288,1.859045,0.0071,0.0024,0.8333,187.0,-1.5286495625664924,0.10798486650705913,0.0066,0.0014999999999999998,85.0,-0.004700000000000001,0.13483689796019738,63.88812462186394,0.762820192927606,0.8689619074727394,-0.10614171454513344,39.7046936
2017-11-22,0,0,0,0,0,0,0,0,41.01392,1.0511756,-0.0003,-0.0032,0.5833,346.0,-1.7934987595623808,-0.044195626922321624,-0.0074,-0.0056,159.0,-0.0029000000000000002,-0.15218049342938075,66.78858558159575,0.7838114275487058,0.8519318114879326,-0.06812038393922681,39.928683299999996
2017-11-23,0,0,0,0,0,0,0,0,41.01392,0.0,0.0017,0.0034,0.0417,238.0,-2.3601755445969497,-0.0018659995105112287,0.002,0.0066,-108.0,0.0017,0.04232962741181039,66.78858558159575,0.7913252275789304,0.8398104947061322,-0.0484852671272018,40.140994299999996
2017-11-24,0,0,0,0,0,0,0,0,41.016262,0.005710125,-0.0012,0.0011,0.3333,127.0,-1.8992025427358161,-0.06140358932969869,-0.0029,-0.0023,-111.0,0.0023,-0.05953758981918746,66.80555961931822,0.7883809828438757,0.8295245923336809,-0.04114360948980522,40.28755304999999
2017-11-27,0,0,0,0,0,0,0,0,40.80997,-0.502944,-0.001,0.0046,0.125,85.0,-2.079783947275767,-0.056806692356204,0.00019999999999999987,0.0034999999999999996,-42.0,0.0056,0.004596896973494691,63.71647563585764,0.7606334978481044,0.8157463734365656,-0.05511287558846123,40.38093504999999
2017-11-28,0,0,0,0,1,0,0,0,40.570877,-0.5858958,0.0064,0.0023,0.3333,180.0,-1.7450429897517323,0.09439519811623413,0.0074,-0.0023,95.0,-0.0041,0.15120189047243815,60.2397575034161,0.7111528814229544,0.7948276750338434,-0.08367479361088903,40.43526815
2017-11-29,0,0,0,0,0,0,0,0,39.72932,-2.0743132,0.0009,-0.0019,0.9167,272.0,-1.024608708498668,-0.019245227708472496,-0.0055000000000000005,-0.0042,92.0,-0.0028,-0.11364042582470663,49.915584827714554,0.5971489582246363,0.755291931672002,-0.15814297344736572,40.472632649999994
2017-11-30,0,1,0,0,0,0,0,0,40.284893,1.3983965,-0.0197,-0.015,1.2917,312.0,-0.5706847077065541,-0.43845822762926157,-0.0206,-0.013099999999999999,40.0,0.004699999999999999,-0.4192129999207891,55.35539011957523,0.545343742519691,0.7133022938415399,-0.1679585513218489,40.5235272
2017-12-01,0,0,0,0,0,0,0,0,40.097347,-0.4655242,-0.018,-0.0083,0.75,390.0,-1.178461660681211,-0.39755094726779816,0.0017000000000000001,0.006699999999999999,78.0,0.009699999999999999,0.040907280361463405,53.25270715370658,0.4835799325796941,0.6673578215891707,-0.18377788900947656,40.513774149999996
2017-12-04,0,0,1,0,0,0,0,0,39.804333,-0.73078275,-0.0069,-0.0699,1.0833,165.0,-0.765396305861208,-0.16583820185143627,0.011099999999999999,-0.0616,-225.0,-0.063,0.2317127454163619,50.05369927819774,0.4063042645916113,0.6151471101896588,-0.20884284559804756,40.468931649999995
2017-12-05,0,1,0,0,0,0,0,0,39.76682,-0.09422898,-0.006,-0.0189,0.8333,300.0,-1.041443804266248,-0.14476798888814185,0.0008999999999999998,0.051000000000000004,135.0,-0.0129,0.02107021296329442,49.64254410550829,0.3381379120130106,0.5597452705543292,-0.22160735854131863,40.41567415
2017-12-06,0,0,0,0,0,0,0,0,39.61913,-0.37137866,-0.003,-0.0041,1.2083,361.0,-0.5627755710781542,-0.0821950125905297,0.003,0.0148,61.0,-0.0011000000000000003,0.06257297629761215,47.971801368081564,0.26909626355953975,0.5016154691553714,-0.2325192055958316,40.33833065
2017-12-07,0,0,0,0,0,0,0,0,39.691814,0.18342733,-0.0028,-0.0095,0.4167,340.0,-1.5130941556433921,-0.07823619306189906,0.0002000000000000001,-0.005399999999999999,-21.0,-0.006699999999999999,0.003958819528630642,48.88357790447112,0.21773533370500786,0.4448394420652987,-0.22710410836029082,40.26882585
2017-12-08,0,0,0,0,0,0,0,0,39.703533,0.029528141,0.0009,0.0094,0.875,267.0,-0.9043928241036208,-0.0019972301553300435,0.0037,0.0189,-73.0,0.0085,0.07623896290656902,49.0386476180517,0.17594882360581465,0.39106131837340186,-0.2151124947675872,40.2067052
2017-12-11,0,0,0,0,1,0,0,0,40.477108,1.9484043,0.0014,0.0019,1.7083,124.0,0.14695415322441205,0.00812665716295041,0.0005,-0.007500000000000001,-143.0,0.0005,0.010123887318280454,58.07916039682747,0.2029146766778851,0.3534319900342985,-0.15051731335641338,40.1914686
2017-12-12,0,0,0,0,0,0,0,0,40.24972,-0.5617678,0.0023,0.0065,1.0833,478.0,-0.6172677479007793,0.026756011680440027,0.0009,0.0046,354.0,0.0042,0.018629354517489614,54.99104250169202,0.20359013789757086,0.32346361960695297,-0.11987348170938211,40.19568795
2017-12-13,0,0,1,0,0,0,0,0,40.383343,0.33197403,0.0032,0.0522,1.4167,310.0,-0.17290586143187398,0.04479924638745453,0.0009000000000000002,0.045700000000000005,-168.0,0.049,0.0180432347070145,56.4562454220386,0.21245861448966252,0.3012626185834949,-0.08880400409383238,40.2330777
2017-12-14,0,0,1,0,0,0,0,0,40.37162,-0.029027462,0.0031,0.0584,0.7083,354.0,-1.0478777902810332,0.03967478469468729,-0.00010000000000000026,0.006199999999999997,44.0,0.0553,-0.005124461692767236,56.28313654309894,0.21605050225281275,0.2842201953173585,-0.06816969306454573,40.246205200000006
2017-12-15,0,0,0,0,0,0,0,0,40.78184,1.01614,0.0014,0.0017,0.2917,315.0,-1.5252039924540102,0.0023766775095641797,-0.0017,-0.0567,-39.0,0.0002999999999999999,-0.03729810718512311,60.81138282546477,0.24912664791052208,0.2772014858359912,-0.02807483792546911,40.2909787
2017-12-18,0,0,0,0,0,0,0,0,41.35617,1.4082909,0.0029,0.011,0.7083,64.0,-0.960665722870711,0.027169365107896696,0.0014999999999999998,0.0093,-251.0,0.0081,0.024792687598332516,66.10493154673007,0.31801745550090743,0.28536467976897445,0.03265277573193298,40.366461400000006
2017-12-19,0,1,1,0,0,0,1,0,40.915466,-1.0656416,0.0332,-0.0442,1.0833,220.0,-0.4610850015239235,0.637204925304155,0.0303,-0.0552,156.0,-0.0774,0.6100355601962583,59.466994371013946,0.3332117297611745,0.2949340897674145,0.03827763999376005,40.38287030000001
2017-12-20,0,1,1,0,0,0,0,0,40.87093,-0.10885,-0.0581,-0.0167,1.0417,238.0,-0.496936673569219,-1.211262383805212,-0.09129999999999999,0.027500000000000004,18.0,0.0414,-1.8484673091093669,58.824152939804804,0.3377660616772076,0.3035004841493731,0.03426557752783449,40.37572080000001
2017-12-21,0,1,1,0,0,0,0,0,41.025646,0.37853718,-0.0009,-0.0835,2.0,411.0,0.7576299622117344,-0.04558105064118386,0.0572,-0.0668,173.0,-0.0826,1.165681333164028,60.42467287517385,0.3498271016492893,0.31276580764935635,0.037061293999932965,40.37630710000001
2017-12-22,0,1,1,0,0,0,0,0,41.025646,0.0,-0.0141,-0.1988,0.875,422.0,-0.6841727266082871,-0.3091742356987444,-0.0132,-0.1153,11.0,-0.1847,-0.2635931850575606,60.42467287517385,0.3552900007539179,0.3212706462702687,0.03401935448364923,40.37677630000002
2017-12-25,0,0,1,0,0,0,0,0,41.025646,0.0,-0.0993,-0.0315,0.0,34.0,-1.748816732157433,-1.9421733142877555,-0.0852,0.1673,-388.0,0.0678,-1.6329990785890112,60.42467287517385,0.35552116101249,0.3281207492187129,0.027400411793777057,40.387560100000016
2017-12-26,0,1,1,0,0,0,0,0,39.98482,-2.5369883,-0.2577,-0.1749,1.7917,75.0,0.5582723364449577,-4.164418617431574,-0.15839999999999999,-0.1434,41.0,0.08279999999999998,-2.2222453031438185,45.54854228507638,0.2686218915739076,0.3162209776897519,-0.04759908611584429,40.35825725000002
2017-12-27,0,1,1,0,0,0,0,0,39.991856,0.01758337,-0.711,-0.2545,1.9583,152.0,0.8014401813553421,-6.3397024549189736,-0.4533,-0.0796,77.0,0.45649999999999996,-2.1752838374873997,45.645960436016594,0.1980384765827239,0.29258447746834626,-0.09454600088562237,40.37138405000002
2017-12-28,0,1,1,0,0,0,0,0,40.104385,0.28135777,-0.1385,-0.0387,2.625,266.0,1.653642275747499,-1.080080201212106,0.5725,0.2158,114.0,0.09980000000000001,5.259622253706867,47.27077960403193,0.14945790385078794,0.2639591627448346,-0.11450125889404666,40.36235865000002
2017-12-29,0,1,1,0,0,0,0,0,39.670704,-1.0813713,-0.1907,-0.2234,2.125,405.0,0.9941011040502727,-1.4939804908854246,-0.052199999999999996,-0.18469999999999998,139.0,-0.03269999999999998,-0.4139002896733186,42.05326634905467,0.07509734226479736,0.22618679864882715,-0.1510894563840298,40.34102650000001
2018-01-01,0,0,0,0,0,0,0,0,39.670704,0.0,-0.0288,-0.0065,0.0,43.0,-1.677837174792703,-0.05396359408643452,0.16190000000000002,0.21689999999999998,-362.0,0.0223,1.4400168967989901,42.05326634905467,0.015981832848254385,0.1841458054887126,-0.1681639726404582,40.33434505000001
2018-01-02,0,1,0,0,1,0,0,0,40.38099,1.7904639,-0.0035,-0.0072,0.875,85.0,-0.5481334780830287,0.17087767169864065,0.0253,-0.0007000000000000001,42.0,-0.0036999999999999997,0.22484126578507518,52.09643693385103,0.026145125096277866,0.15254566941022565,-0.1264005443139478,40.36505355000001
2018-01-03,0,0,0,0,0,0,0,0,40.373955,-0.017416477,0.0054,0.0115,0.6667,231.0,-0.7855219652264647,0.24695319318270845,0.0089,0.0187,146.0,0.0060999999999999995,0.07607552148406779,52.00030596746904,0.03324867172825208,0.12868626987383094,-0.09543759814557887,40.40279480000001
2018-01-04,0,1,0,0,0,0,0,0,40.5615,0.464499,-0.0053,-0.0086,1.2083,242.0,-0.07769917933469339,0.15249788529483393,-0.010700000000000001,-0.0201,11.0,-0.0033,-0.09445530788787451,54.415217606545,0.05339608095013659,0.11362823208909208,-0.060232151138955484,40.44627910000001
2018-01-05,0,0,0,0,0,0,0,0,41.023296,1.1385322,-0.0073,-0.0072,1.9167,420.0,0.8313636080220069,0.13620075712926158,-0.002,0.0014000000000000002,178.0,0.00010000000000000026,-0.016297128165572355,59.7808947819383,0.1054110131786743,0.11198478830700852,-0.006573775128334222,40.51226725000001
2018-01-08,0,0,0,0,0,0,0,0,40.87093,-0.37142634,0.0006,-0.0044,1.75,168.0,0.6328718190020598,0.20115045050666153,0.0079,0.0027999999999999995,-252.0,-0.005,0.06494969337739995,57.3809833026368,0.13280763514486438,0.11614935767457969,0.016658277470284685,40.53195835000001
2018-01-09,0,0,0,0,0,0,0,0,40.866245,-0.011473894,-0.0102,-0.0169,1.5417,394.0,0.3777935187810904,0.10874952653890496,-0.0108,-0.012499999999999997,226.0,-0.006699999999999998,-0.09240092396775657,57.30480521520531,0.15238501548709138,0.12339648923708203,0.028988526250009347,40.56278460000001
2018-01-10,0,0,0,0,0,0,0,0,40.856853,-0.022947788,-0.0228,-0.0151,0.7917,300.0,-0.5793340150905708,-0.0001479357878017019,-0.0126,0.0017999999999999978,-94.0,0.0077,-0.10889746232670666,57.1410318288374,0.16523761814283233,0.1317647150182321,0.033472903124600245,40.58646010000001
2018-01-11,0,0,0,0,0,0,0,0,41.08894,0.56802034,-0.0232,-0.0075,0.9167,309.0,-0.387720140773418,-0.0021156335952696856,-0.0003999999999999976,0.007600000000000001,9.0,0.0157,-0.0019676978074679836,60.170293623415674,0.19193833397689986,0.14379943880996565,0.048138895166934204,40.62232610000001
2018-01-12,0,0,0,0,1,0,0,0,41.51325,1.0326266,-0.0112,0.0115,0.375,243.0,-1.089146467801523,0.08373896917734483,0.011999999999999999,0.019,-66.0,0.022699999999999998,0.08585460277261452,65.03587653219414,0.2445184579611137,0.16394324264019527,0.08057521532091844,40.658896600000006
2018-01-15,0,0,0,0,0,0,0,0,41.51325,0.0,0.0051,0.0032,0.2083,76.0,-1.27457453350682,0.22939699702585953,0.016300000000000002,-0.0083,-167.0,-0.0019000000000000002,0.1456580278485147,65.03587653219414,0.2829271766614454,0.1877400294444453,0.09518714721700011,40.66675060000001
2018-01-16,0,1,0,0,0,0,0,0,41.302273,-0.50821304,-0.0165,0.0032,0.625,122.0,-0.6792910822339361,0.03701535624904616,-0.0216,0.0,46.0,0.019700000000000002,-0.19238164077681336,60.755936315091965,0.29296516223394065,0.20878505600234437,0.08418010623159627,40.68609095000001
2018-01-17,0,1,0,0,0,0,0,0,41.98442,1.6516328,-0.0122,-0.0225,1.7917,204.0,0.980388313070303,0.07769254318242415,0.0043,-0.0257,82.0,-0.010299999999999998,0.04067718693337799,68.07208890274352,0.35190733141769925,0.23740951108541536,0.1144978203322839,40.74176545
2018-01-18,0,1,0,0,0,0,0,0,42.02193,0.08932352,0.0104,0.0075,2.7917,787.0,2.3243744299107387,0.27937320323772996,0.022600000000000002,0.03,583.0,-0.0029,0.20168066005530583,68.42071893453047,0.3970690043517848,0.26934140973868925,0.12772759461309557,40.79157965
2018-01-19,0,0,0,0,0,0,0,0,41.8344,-0.4462719,-0.0189,-0.0075,1.4583,542.0,0.5232116456011563,0.019089660113905813,-0.0293,-0.015,-245.0,0.0114,-0.2602835431238241,64.62162082132721,0.41296742041863865,0.29806661187467914,0.11490080854395951,40.832017349999994
2018-01-22,0,0,0,0,0,0,0,0,41.492146,-0.8181155,-0.0161,-0.018,0.8333,149.0,-0.3532057835736519,0.04975992093084944,0.0028000000000000004,-0.010499999999999999,-393.0,-0.001899999999999999,0.030670260816943625,58.26319465701002,0.3934149495830539,0.3171362794163541,0.07627867016669981,40.855342349999994
2018-01-23,0,0,0,0,0,0,0,0,41.50152,0.02259016,-0.0064,-0.0176,1.7917,296.0,1.0275007491256138,0.14019804061064262,0.0097,0.0003999999999999976,147.0,-0.011200000000000002,0.09043811967979318,58.38397422994387,0.37436048440323333,0.32858112041372994,0.045779363989503385,40.93117735
2018-01-24,0,0,0,0,0,0,0,0,40.840458,-1.5928566,-0.0035,-0.0175,2.5,483.0,1.949047051731534,0.1686459045456223,0.0029000000000000002,9.99999999999994e-05,187.0,-0.014000000000000002,0.028447863934979695,47.86458527403302,0.3024312654229959,0.32335114941558313,-0.020919883992587207,40.973607449999996
2018-01-25,0,0,0,0,0,0,0,0,40.11142,-1.7850995,-0.0165,-0.0219,1.5,543.0,0.5659311216856552,0.05299885992788795,-0.013000000000000001,-0.004399999999999998,60.0,-0.0053999999999999986,-0.11564704461773437,39.427558937268635,0.18447307658750134,0.2955755348499668,-0.11110245826246545,40.973959199999996
2018-01-26,0,0,0,0,0,0,0,0,40.205185,0.23376942,-0.003,-0.0211,0.7083,347.0,-0.5199519806711307,0.24712463164658224,0.013500000000000002,0.0007999999999999986,-196.0,-0.0181,0.1941257717186943,40.871168260929835,0.0974332639490072,0.2559470806697749,-0.1585138167207677,41.000683249999994
2018-01-29,0,0,1,0,0,0,0,0,39.372993,-2.0698428,0.0194,-0.0177,1.9167,117.0,1.2742643863118772,0.4667306654556544,0.0224,0.0034000000000000002,-230.0,-0.0371,0.21960603380907215,33.28829758211091,-0.03825635864752286,0.19710639280631534,-0.2353627514538382,40.98579769999999
2018-01-30,0,1,1,0,0,0,0,0,39.14092,-0.58943033,-0.1763,-0.054,2.3333,322.0,1.831385370696767,-1.4195461788230328,-0.1957,-0.0363,205.0,0.12230000000000002,-1.8862768442786872,31.531403181653072,-0.16264286799069794,0.12515654064691267,-0.2877994086376106,40.923794199999996
2018-01-31,0,0,1,0,0,0,0,0,39.248756,0.27549267,-0.2333,-0.0545,2.0,314.0,1.3202735387748707,-1.8781669764109346,-0.056999999999999995,-0.0005000000000000004,-8.0,0.17880000000000001,-0.45862079758790175,33.29316915922201,-0.24964090388075988,0.05019705174137816,-0.29983795562213805,40.86753424999999
2018-02-01,0,0,1,0,0,0,0,0,39.330803,0.20904541,-0.1477,-0.0267,1.8333,290.0,1.05237514864944,-1.03790962933088,0.08560000000000001,0.0278,-24.0,0.121,0.8402573470800545,34.670535633775515,-0.30841178779598266,-0.021524716166094013,-0.28688707162988863,40.8059994
2018-02-02,0,1,1,0,1,1,0,1,37.62423,-4.3390155,0.3146,0.0319,2.4583,332.0,1.853237280867858,2.9847700202060703,0.4623,0.0586,42.0,-0.2827,4.022679649536951,23.706102123698038,-0.48707956536151187,-0.11463568600517758,-0.3724438793563343,40.6360461
2018-02-05,0,0,0,0,0,0,0,0,36.684204,-2.498436,-0.0115,0.0139,1.625,162.0,0.667694810276957,0.17489773128851388,-0.3261,-0.018,-170.0,0.0254,-2.8098722889175565,19.961406923749582,-0.6964985071537484,-0.23100825023489174,-0.46549025691885665,40.4267098
2018-02-06,0,1,0,0,0,0,0,0,38.2173,4.1791797,-0.05,-0.0301,1.7083,301.0,0.7718306151267215,-0.15010964190053555,-0.038500000000000006,-0.044,139.0,0.019900000000000004,-0.32500737318904943,37.344582581549886,-0.7303376153140064,-0.3308741232507147,-0.39946349206329174,40.29426255
2018-02-07,0,1,0,0,1,0,0,0,37.399178,-2.1407127,-0.0111,0.0127,0.625,395.0,-0.7336852105491729,0.18506706861822425,0.038900000000000004,0.0428,94.0,0.0238,0.3351767105187598,33.2006755998214,-0.8137900947522283,-0.4274573175510174,-0.3863327772012109,40.121378799999995
2018-02-08,0,0,0,0,0,0,0,0,36.3701,-2.7516603,-0.0037,-0.0237,0.375,235.0,-1.0833712035127399,0.24768083273325334,0.0074,-0.0364,-160.0,-0.019999999999999997,0.06261376411502909,28.862290601829482,-0.9519908225770166,-0.5323640185562173,-0.4196268040207993,39.885436799999994
2018-02-09,0,0,0,0,0,0,0,0,36.81494,1.2181878,-0.0033,-0.0199,0.0833,254.0,-1.4625828544620378,0.25205466912174,0.0004000000000000002,0.003799999999999998,19.0,-0.0166,0.004373836388486679,32.94149313978099,-1.0139330358576757,-0.628677822016509,-0.3852552138411667,39.650521299999994
2018-02-12,0,0,0,0,0,0,0,0,38.29781,4.027879,0.0053,0.0063,0.625,90.0,-0.7204108669711687,0.32548771962876333,0.0086,0.0262,-164.0,0.001,0.07343305050702331,44.38919924104952,-0.9326168435749125,-0.6894656263281898,-0.24315121724672273,39.4897493
2018-02-13,0,0,0,0,0,0,0,0,38.681473,1.0017753,0.0029,0.0132,0.6667,276.0,-0.6577396149900469,0.30545153747414067,-0.0024000000000000002,0.0069,186.0,0.0103,-0.02003618215462266,46.91427197580827,-0.8276738684978184,-0.7171072747621154,-0.11056659373570299,39.3587093
2018-02-14,0,0,0,0,0,0,0,0,39.394653,1.8437386,-0.0018,-0.0078,0.875,257.0,-0.379545877901886,0.2651363347391737,-0.004699999999999999,-0.020999999999999998,-19.0,-0.006,-0.04031520273496697,51.337535035442805,-0.6791295561895794,-0.7095117310476082,0.030382174858028854,39.22922095
2018-02-15,0,1,0,0,0,0,0,0,40.717464,3.3578396,0.0078,0.0152,0.5833,274.0,-0.8065656268991143,0.34698345797779784,0.0096,0.023,17.0,0.0074,0.08184712323862414,58.281081659582746,-0.44948593194591524,-0.6575065712272696,0.2080206392813544,39.16399764999999
2018-02-16,0,1,0,0,0,0,0,0,40.585644,-0.32372475,0.0427,0.0241,0.6667,287.0,-0.7026872526614084,0.6398174024303254,0.0349,0.0089,13.0,-0.018600000000000002,0.29283394445252753,57.40209319745507,-0.274958922274152,-0.5809970414366461,0.3060381191624941,39.101559849999994
2018-02-19,0,0,0,0,0,0,0,0,40.585644,0.0,0.0014,-0.0225,0.2083,94.0,-1.355423336823743,0.28427073288443727,-0.0413,-0.0466,-193.0,-0.023899999999999998,-0.3555466695458881,57.40209319745507,-0.13508780162220546,-0.49181519347375796,0.3567273918515525,39.056234749999994
2018-02-20,0,0,0,0,0,0,0,0,40.44913,-0.33636093,-0.0005,-0.0274,0.25,186.0,-1.2912524469349544,0.2690020564093478,-0.0019,-0.004900000000000002,92.0,-0.0269,-0.015268676475089449,56.3807962644846,-0.03485270935504303,-0.40042269665001495,0.3655699872949719,39.00361524999999
2018-02-21,0,0,0,0,0,0,0,0,40.265537,-0.4538834,0.002,-0.0192,0.5417,242.0,-0.8658627038485734,0.29033516573971635,0.0025,0.008200000000000002,56.0,-0.021199999999999997,0.021333109330368527,54.96444887747578,0.029430644522129512,-0.31445202841558606,0.34388267293771557,38.974869199999986
2018-02-22,0,0,0,0,0,0,0,0,40.602127,0.83590746,0.0016,-0.0145,0.5833,306.0,-0.7868763845863445,0.28367059576543513,-0.00039999999999999996,0.004699999999999998,64.0,-0.0161,-0.00666456997428122,57.09259107823578,0.10631018793561964,-0.23029958514534493,0.33660977308096457,38.999404549999994
2018-02-23,0,0,0,0,0,0,0,0,41.308243,1.7391324,0.0012,-0.0161,0.2917,274.0,-1.1725925687772072,0.2773291463140163,-0.0004000000000000002,-0.001599999999999999,-32.0,-0.0173,-0.006341449451418846,61.23148120198083,0.2216602782118784,-0.13990761247390027,0.36156789068577866,39.05455744999999
2018-02-26,0,0,0,0,0,0,0,0,42.125,1.9772053,-0.0006,0.0042,1.4167,181.0,0.3763897697370643,0.2609065167166958,-0.0018,0.0203,-93.0,0.0048,-0.016422629597320493,65.39013706888281,0.3746626420669372,-0.03699356156573276,0.41165620363266997,39.19215779999999
2018-02-27,0,0,0,0,0,0,0,0,41.988487,-0.3240764,-0.0029,0.0042,1.2917,472.0,0.19326372686460247,0.24068211774418155,-0.0023,0.0,291.0,0.0070999999999999995,-0.02022439897251424,64.15149343470908,0.4793767032973406,0.06628049140688191,0.4130962118904587,39.334536149999984
2018-02-28,0,0,0,0,0,0,0,0,41.924927,-0.15135407,-0.0035,0.0042,1.0833,277.0,-0.09232720273222532,0.2356045864822389,-0.0006000000000000003,0.0,-195.0,0.0077,-0.005077531261942658,63.547920121458915,0.5508843386966902,0.16320126086484357,0.38768307783184663,39.46834469999999
2018-03-01,0,0,0,0,0,0,0,0,41.19056,-1.7516255,0.0008,-0.0043,0.625,246.0,-0.7346609459891021,0.2719844157182497,0.0043,-0.0085,-31.0,-0.0051,0.036379829236010824,56.88815304668117,0.5420489722580442,0.2389708031434837,0.3030781691145604,39.56133254999999
2018-03-02,0,0,0,0,0,0,0,0,41.47537,0.6914377,-0.0009,-0.007,0.125,184.0,-1.3904300562515255,0.25766098707294255,-0.0017000000000000001,-0.0027,-62.0,-0.0061,-0.014323428645307168,58.69605947906283,0.5516693663900654,0.3015105157928,0.25015885059726534,39.75388954999998
2018-03-05,0,0,0,0,0,0,0,0,41.618946,0.34618378,0.0012,-0.0018,1.0417,120.0,-0.12127197202934249,0.27572710168648956,0.0021,0.0052,-64.0,-0.003,0.018066114613547013,59.61546210175727,0.5643732379591455,0.3540830602260691,0.2102901777330764,40.00062664999999
2018-03-06,0,0,0,0,0,0,0,0,41.583633,-0.08483529,0.0029,0.0032,0.1667,242.0,-1.285225952433479,0.2902340215799829,0.0017,0.005,122.0,0.00030000000000000035,0.014506919893493342,59.26603421074689,0.5650778183855252,0.3962820118579603,0.16879580652756487,40.16894329999998
2018-03-07,0,0,0,0,0,0,0,0,41.197628,-0.92828274,0.0013,-0.0036,0.625,186.0,-0.6445474670389217,0.27678685728421465,-0.0015999999999999999,-0.0068000000000000005,-56.0,-0.0049,-0.013447164295768255,55.44069199017362,0.528397785176729,0.422705166521714,0.10569261865501495,40.35886579999998
2018-03-08,0,0,0,0,0,0,0,0,41.64719,1.0912418,-0.0184,-0.0086,0.625,189.0,-0.6419493444783761,0.11073591632840135,-0.0197,-0.005,3.0,0.0098,-0.1660509409558133,58.77784746319208,0.5295007359655415,0.4440642804104795,0.08543645555506196,40.62272029999998
2018-03-09,0,0,0,0,0,0,0,0,42.362732,1.718092,0.014,0.004,0.4167,170.0,-0.9289641979878067,0.38714498594162616,0.0324,0.0126,-19.0,-0.01,0.2764090696132248,63.4675664946576,0.581410948281956,0.47153361398477484,0.10987733429718122,40.90010989999999
2018-03-12,0,0,0,0,0,0,0,0,42.772278,0.9667754,-0.0008,0.0056,1.375,68.0,0.35533281156779994,0.2605975799541721,-0.0148,0.0015999999999999999,-102.0,0.0064,-0.12654740598745406,65.86150387035556,0.648125912936905,0.5068520737752009,0.1412738391617041,41.12383329999999
2018-03-13,0,0,0,0,0,0,0,0,42.36037,-0.9630203,0.0009,0.0103,1.5,388.0,0.5143933415442646,0.280374648855826,0.0017000000000000001,0.0047,320.0,0.0094,0.019777068901653927,61.49666732176545,0.6601506640148571,0.5375117918231321,0.12263887219172498,41.30777814999999
2018-03-14,0,0,0,0,0,0,0,0,42.000256,-0.85014105,-0.0022,-0.0105,1.5833,337.0,0.6130367555672344,0.24565563108929248,-0.0031000000000000003,-0.0208,-51.0,-0.0083,-0.03471901776653355,57.88485047003697,0.633321638061517,0.5566737610708091,0.07664787699070785,41.438058299999994
2018-03-15,0,0,0,0,0,0,0,0,42.04968,0.11768341,-0.0112,-0.0143,0.875,258.0,-0.32136085509589263,0.16972976736599774,-0.009,-0.0037999999999999996,-79.0,-0.0031000000000000003,-0.07592586372329474,58.24729481403486,0.6090270605988053,0.5671444209764084,0.04188263962239691,41.504669099999994
2018-03-16,0,0,0,0,0,0,0,0,41.901398,-0.35263896,0.0024,-0.0056,1.0417,228.0,-0.09767640211908021,0.2843000865302097,0.0136,0.0087,-30.0,-0.008,0.11457031916421198,56.67148853241801,0.5712236046311645,0.5679602577073596,0.0032633469238049218,41.570456799999995
2018-03-19,0,0,0,0,0,0,0,0,41.261177,-1.5279174,-0.0091,-0.0048,2.3333,146.0,1.6097014657687228,0.1728864240660969,-0.0115,0.0008000000000000004,-82.0,0.004300000000000001,-0.11141366246411283,50.339214960362554,0.48402408095702043,0.5511730223572917,-0.06714894140027128,41.604233449999995
2018-03-20,0,0,0,0,0,0,0,0,41.247063,-0.034224987,-0.0171,-0.0102,0.6667,262.0,-0.6378636946102791,0.07170010479006511,-0.008,-0.005400000000000001,116.0,0.0069,-0.10118631927603178,50.20602980856266,0.40906351875126745,0.5227511216360868,-0.11368760288481938,41.6441301
2018-03-21,0,0,0,0,0,0,0,0,40.312614,-2.2654653,0.0032,-0.0027,1.3333,204.0,0.29057268854409146,0.24679158700273543,0.020300000000000002,0.007500000000000001,-58.0,-0.005900000000000001,0.17509148221267032,42.238124388950126,0.2711291008550063,0.47242671747987075,-0.20129761662486445,41.64648395
2018-03-22,0,0,0,0,0,0,0,0,39.743,-1.4129698,0.0009,-0.0072,1.2083,220.0,0.15642047970652903,0.18294153662242946,-0.0023,-0.0045,16.0,-0.0081,-0.06385005038030597,38.25282012680166,0.11453174095503016,0.4008477221749026,-0.28631598121987245,41.6035276
2018-03-23,0,0,0,0,0,0,0,0,38.822685,-2.3156643,0.0023,-0.0083,1.4583,224.0,0.5399951654614752,0.1662748671302619,0.0014,-0.0011000000000000003,4.0,-0.0106,-0.016666669492167552,32.85841031732155,-0.08287914490340853,0.30410234875924036,-0.3869814936626489,41.479249700000004
2018-03-26,0,0,0,0,0,0,0,0,40.66568,4.747176,-0.0038,-0.0084,1.7917,154.0,0.9963082034793155,0.05779816947061667,-0.0060999999999999995,-9.99999999999994e-05,-70.0,-0.0046,-0.10847669765964524,48.51600529771505,-0.08958175752864861,0.22536552750166255,-0.31494728503031116,41.4062837
2018-03-27,0,0,0,0,0,0,0,0,39.62297,-2.5641084,0.0057,-0.0026,2.5417,277.0,1.9946414881018337,0.21355420358611216,0.0095,0.0058,123.0,-0.0083,0.1557560341154955,42.4800925345044,-0.17699136277601468,0.1448941494461271,-0.3218855122221418,41.28800785
2018-03-28,0,0,0,0,0,0,0,0,39.18516,-1.1049092,-0.0027,-0.0044,2.7083,835.0,2.107359174736217,0.07582974892043252,-0.008400000000000001,-0.0018000000000000004,558.0,-0.0017000000000000001,-0.13772445466567962,40.21763089059064,-0.27838269038832664,0.06023878147923635,-0.338621471867563,41.151019500000004
2018-03-29,0,0,0,0,0,0,0,0,39.49115,0.78088045,-0.013,-0.0173,1.9583,352.0,1.0460574386815273,-0.09374588515767507,-0.0103,-0.012899999999999998,-483.0,-0.0043,-0.1695756340781076,42.52175317422394,-0.330238429225453,-0.017856660661701523,-0.31238176856375144,41.066049
2018-03-30,0,0,0,0,0,0,0,0,39.49115,0.0,-0.0155,-0.0034,1.0417,356.0,-0.1873756950635412,-0.1331243836804707,-0.0025000000000000005,0.0139,4.0,0.0121,-0.039378498522795624,42.52175317422394,-0.3671027439357317,-0.08770587731650756,-0.27939686661922414,40.966837999999996
2018-04-02,0,0,0,0,1,0,0,0,39.23224,-0.6556213,-0.0049,-0.0053,1.8333,66.0,0.8992466956275658,0.04509414655651057,0.0106,-0.0019000000000000002,-290.0,-0.0004000000000000002,0.17821853023698125,40.97211005965043,-0.4124553239060589,-0.15265576663441782,-0.25979955727164106,40.84750269999999
2018-04-03,0,1,1,0,0,0,0,0,39.63473,1.0259271,-0.0436,-0.0047,2.5,472.0,1.7495976474681234,-0.5890209403748331,-0.0387,0.0005999999999999998,406.0,0.0389,-0.6341150869313437,44.366397853992915,-0.4111801620719149,-0.20436064572191723,-0.20681951634999765,40.750057549999994
2018-04-04,0,0,0,0,1,0,0,0,40.392647,1.9122243,-0.0028,-0.001,1.75,335.0,0.7211351185866403,0.08361361770169454,0.0408,0.0037,-137.0,0.0018,0.6726345580765276,50.176417397621634,-0.3450346744574446,-0.2324954514690227,-0.11253922298842192,40.709808499999994
2018-04-05,0,0,0,0,0,0,0,0,40.672726,0.6934285,-0.0013,0.002,0.625,329.0,-0.7748207803685666,0.10253542469202445,0.0015,0.003,-6.0,0.0033,0.018921806990329915,52.164499507593064,-0.2669367833126941,-0.23938371783775697,-0.027553065474937133,40.661085299999996
2018-04-06,0,0,0,0,0,0,0,0,39.63238,-2.5578678,0.0084,-0.0039,0.1667,221.0,-1.3731006502230458,0.2583334619442218,0.0097,-0.0059,-108.0,-0.012299999999999998,0.15579803725219735,44.984217908901684,-0.2856975263381756,-0.2486464795378407,-0.037051046800334886,40.52456769999999
2018-04-09,0,0,0,0,0,0,0,0,40.02546,0.99179745,-0.0304,-0.0113,1.9583,95.0,0.9694265638337154,-0.376642785689328,-0.0388,-0.0073999999999999995,-126.0,0.0191,-0.6349762476335499,47.902142884656264,-0.265783492795876,-0.25207388218944776,-0.013709610606428224,40.38722679999999
2018-04-10,0,1,0,0,1,0,0,0,40.77865,1.8818021,-0.003,-0.0176,1.375,493.0,0.17519395809339372,0.07482364121995688,0.0274,-0.006300000000000002,398.0,-0.014600000000000002,0.4514664269092849,53.041505663231746,-0.18706892528786057,-0.23907289080913033,0.05200396552126976,40.30814079999999
2018-04-11,0,0,0,0,0,0,0,0,40.58801,-0.46753287,-0.004,-0.0111,1.25,241.0,0.019663144669401895,0.055939160555797125,-0.001,0.006500000000000001,-252.0,-0.0071,-0.018884480664159757,51.65259059350904,-0.13847387752188212,-0.21895308815168069,0.08047921062979857,40.23752849999998
2018-04-12,0,0,0,0,0,0,0,0,40.988132,0.9858489,-0.0095,-0.0144,0.75,259.0,-0.6308643375167435,-0.02995803516839938,-0.0055,-0.003299999999999999,18.0,-0.0049,-0.0858971957241965,54.35420701605532,-0.0669042204115371,-0.18854331460365198,0.12163909419211488,40.18445109999998
2018-04-13,0,0,0,0,1,0,0,0,41.127007,0.33880472,-0.0053,-0.0101,0.1667,210.0,-1.393651916381737,0.03612077453432953,0.0042,0.0043,-49.0,-0.0048,0.06607880970272892,55.2880848685659,0.001009661602680012,-0.1506327193623856,0.1516423809650656,40.14573154999999
2018-04-16,0,0,0,0,0,0,0,0,41.38357,0.6238222,0.0013,-0.014,0.5,76.0,-0.9225204157278942,0.14107422979333972,0.0066,-0.0039000000000000007,-134.0,-0.015300000000000001,0.10495345525901019,57.03688322389344,0.07467360151008506,-0.10557145518789146,0.18024505669797652,40.15185119999999
2018-04-17,0,0,0,0,0,0,0,0,41.95317,1.3764024,0.0012,-0.004,0.8333,198.0,-0.4466672909750221,0.1372820157055122,-0.00010000000000000005,0.01,122.0,-0.0052,-0.0037922140878275112,60.71096226372531,0.17697470996733955,-0.049062222156845255,0.2260369321241848,40.18715654999998
2018-04-18,0,0,0,0,0,0,0,0,41.859024,-0.22442341,0.005,-0.0062,0.0417,226.0,-1.4939184792254694,0.19805967998029136,0.0038000000000000004,-0.0021999999999999997,28.0,-0.0112,0.06077766427477915,59.80068137878045,0.2475981230325104,0.010269846881025876,0.2373282761514845,40.26447704999998
2018-04-19,0,0,0,0,0,0,0,0,40.672726,-2.8340042,-0.0066,-0.0113,1.0833,170.0,-0.037749896325030834,0.002466587964009013,-0.0116,-0.0050999999999999995,-56.0,-0.004699999999999999,-0.19559309201628236,49.690512860623556,0.20547476719431046,0.04931083094368279,0.15616393625062766,40.31096334999998
2018-04-20,0,1,0,1,0,0,0,0,39.00628,-4.0972233,-0.0631,-0.0434,2.125,236.0,1.3611219220918744,-0.9137808534632581,-0.0565,-0.032100000000000004,66.0,0.019700000000000002,-0.9162474414272671,39.57003856793023,0.03719468193994402,0.04688760114293504,-0.009692919202991021,40.32014309999998
2018-04-23,0,0,0,0,0,0,0,0,38.893303,-0.2896428,-0.0092,-0.0196,1.375,85.0,0.3464952322428014,-0.016096754209056215,0.0539,0.0238,-151.0,-0.0104,0.8976840992542019,38.9902536368229,-0.10408497097375857,0.016693086719596312,-0.12077805769335488,40.231524249999985
2018-04-24,0,1,0,1,0,0,0,0,38.35195,-1.3919175,-0.0487,-0.0251,1.8333,277.0,1.0091733838809103,-0.7529846938793913,-0.0395,-0.005500000000000001,192.0,0.0236,-0.7368879396703351,36.249455030094296,-0.25677285891499224,-0.03800010240732139,-0.21877275650767086,40.16797324999998
2018-04-25,0,0,0,0,0,0,0,0,38.519054,0.4357338,-0.0507,-0.0297,1.5,299.0,0.557557492818358,-0.9827865557807705,-0.0020000000000000018,-0.0046,22.0,0.021,-0.2298018619013792,37.705129722462075,-0.3601437015024018,-0.10242882222633748,-0.25771487927606435,40.13466794999998
2018-04-26,0,1,0,0,0,0,0,0,38.653225,0.3483057,-0.0042,-0.0109,0.7083,322.0,-0.5464119704089331,-0.07924938189041777,0.0465,0.0188,23.0,-0.0067,0.9035371738903527,38.91127054539679,-0.426324951945503,-0.1672080481701706,-0.2591169037753324,40.092771699999986
2018-04-27,0,0,0,0,1,0,0,0,38.206005,-1.1569798,0.0017,-0.0133,0.5833,246.0,-0.7015315397381605,0.4550073393300089,0.0059,-0.0023999999999999994,-76.0,-0.015,0.5342567212204267,36.38263017709554,-0.5089936244927031,-0.2355651634346771,-0.27342846105802604,40.02851444999999
2018-04-30,0,0,1,0,0,0,0,0,38.898006,1.8112302,0.0562,-0.0157,0.875,73.0,-0.25368174488968914,3.3006431748292653,0.0545,-0.0023999999999999994,-173.0,-0.07189999999999999,2.845635835499256,42.59854099093294,-0.5127596713659557,-0.2910040650209328,-0.2217556063450229,40.01180274999999
2018-05-01,1,1,1,0,0,0,0,0,39.80185,2.3236156,0.07,0.0145,1.875,216.0,1.2215207146118092,3.6515111806277045,0.013800000000000007,0.030199999999999998,143.0,-0.05550000000000001,0.35086800579843924,49.53433948822873,-0.4377653471627667,-0.3203563214492996,-0.11740902571346712,40.020158749999986
2018-05-02,1,1,1,0,0,0,0,0,41.560097,4.417503,0.5099,0.0523,2.75,406.0,2.3503306993627966,7.294295856051136,0.4399,0.0378,190.0,-0.4576,3.642784675423431,59.728330739937405,-0.23376131142337186,-0.30303731944411405,0.06927600802074219,40.07853124999998
2018-05-03,0,0,1,0,0,0,0,0,41.63541,0.18122196,0.5046,0.0291,0.75,227.0,-0.4832755390968314,5.192073641010133,-0.005299999999999971,-0.0232,-179.0,-0.47550000000000003,-2.102222215041003,60.10011812555066,-0.06525726847742419,-0.25548130925077606,0.19022404077335187,40.12666544999998
2018-05-04,1,0,1,0,0,0,0,0,43.268913,3.9233446,0.1614,0.0262,1.8333,162.0,1.0228585393044085,1.4984823896967014,-0.34320000000000006,-0.0029,-65.0,-0.1352,-3.693591251313431,67.17788500275591,0.19781317278766153,-0.16482241284308852,0.36263558563075005,40.30849209999998
2018-05-07,0,0,0,0,0,0,0,0,43.58196,0.7234931,0.026,0.0115,1.1667,92.0,0.055013009806974524,0.08837261237335621,-0.1354,-0.014700000000000001,-70.0,-0.014499999999999999,-1.4101097773233453,68.33706301290846,0.4266406219521883,-0.046529805884033146,0.4731704278362215,40.48631709999999
2018-05-08,0,0,0,0,0,0,0,0,43.791447,0.48066378,0.0396,0.0233,0.3333,259.0,-1.1280764856566745,0.22325188848085575,0.013600000000000004,0.011800000000000001,167.0,-0.016300000000000002,0.13487927610749956,69.12293498127791,0.617770599252573,0.0863302751432881,0.531440324109285,40.636956949999984
2018-05-09,0,0,0,0,0,0,0,0,44.09979,0.70410967,0.0068,0.0064,0.5833,180.0,-0.7609715130297576,-0.11893427716513232,-0.0328,-0.016900000000000002,-79.0,-0.0003999999999999993,-0.3421861656459881,70.29173339503421,0.7850733495676607,0.22607889002816262,0.5589944595394981,40.81254594999998
2018-05-10,0,0,0,0,0,0,0,0,44.730587,1.4303923,0.0013,-0.0092,1.4583,299.0,0.4648915144893749,-0.17491876942133225,-0.0055,-0.0156,119.0,-0.010499999999999999,-0.05598449225619993,72.57856404160783,0.9575242867140403,0.37236796936533817,0.5851563173487022,40.99966869999999
2018-05-11,0,0,0,0,0,0,0,0,44.56047,-0.378865,0.0036,0.0086,0.75,370.0,-0.5488756003951457,-0.1443145808337268,0.0023,0.0178,71.0,0.005,0.03060418858760544,70.9914593534361,1.0681528752279945,0.5115249505378694,0.5566279246901251,41.17134184999998
2018-05-14,0,0,1,0,0,0,0,0,44.456505,-0.23331046,-0.0496,-0.0102,1.1667,138.0,0.024239588353704607,-0.6856576535844259,-0.0532,-0.0188,-232.0,0.0394,-0.541343072750699,69.98424567544916,1.1343615086764984,0.6360922621655952,0.4982692465109032,41.32498859999998
2018-05-15,0,0,0,0,0,0,0,0,44.052464,-0.90884566,-0.0401,-0.0148,1.125,260.0,-0.058308029650884344,-0.578965407549526,0.009500000000000001,-0.0046,122.0,0.025299999999999996,0.1066922460348999,66.06152769277617,1.1410759820771617,0.7370890061479085,0.40398697592925314,41.42995329999998
2018-05-16,0,1,0,0,0,0,0,0,44.463593,0.9332657,0.005,-0.0098,1.2917,287.0,0.1700413159583345,-0.11386672629343834,0.045099999999999994,0.005000000000000001,27.0,-0.0148,0.4650986812560876,68.02546830438001,1.1661295098745228,0.8228971068932314,0.34323240298129143,41.560181749999984
2018-05-17,0,0,0,0,0,0,0,0,44.182415,-0.63236356,0.0011,-0.0029,1.5,260.0,0.4586468360320798,-0.15404585472596644,-0.0039,0.0069,-27.0,-0.004,-0.04017912843252809,65.24467295113439,1.1500389631644836,0.8883254781474819,0.26171348501700176,41.73566619999998
2018-05-18,0,0,0,0,0,0,0,0,44.021748,-0.36365986,0.0024,-0.0043,0.5833,228.0,-0.9229765169889164,-0.14083446978594782,0.0012999999999999997,-0.0014000000000000002,-32.0,-0.006699999999999999,0.013211384940018611,63.64370379484775,1.1115098116034616,0.9329623448386778,0.17854746676478384,41.98643959999998
2018-05-21,0,0,0,0,0,0,0,0,44.33363,0.7084966,-0.009,-0.0027,0.75,81.0,-0.6538454659486275,-0.25701417256197157,-0.011399999999999999,0.0015999999999999999,-147.0,0.006299999999999999,-0.11617970277602374,65.4176510570134,1.0935358517011906,0.9650770462111804,0.1284588054900102,42.25845594999998
2018-05-22,0,0,0,0,0,0,0,0,44.222584,-0.25049448,0.0021,-0.0076,1.0833,203.0,-0.14893398655910792,-0.14332289253356806,0.011099999999999999,-0.0049,122.0,-0.0097,0.11369128002840351,64.21620846629716,1.058133371986294,0.9836883113662032,0.07444506062009082,42.55198764999998
2018-05-23,0,0,0,0,0,0,0,0,44.506123,0.64115524,-0.0015,-0.0052,1.25,219.0,0.09684614073499062,-0.18084325129639817,-0.0036,0.0024000000000000002,16.0,-0.0036999999999999997,-0.03752035876283011,65.93646177404302,1.0409563822155263,0.9951419255360678,0.04581445667945849,42.85134109999998
2018-05-24,0,0,0,0,0,0,0,0,44.456505,-0.11149049,-0.0028,0.0057,1.7083,280.0,0.7578528286154568,-0.19362370593951272,-0.0013,0.0109,61.0,0.0085,-0.012780454643114558,65.34445601959773,1.0116777448485053,0.9984490893985554,0.013228655449949889,43.141505099999975
2018-05-25,0,1,1,0,0,0,0,0,44.55811,0.22854805,-0.037,0.0095,1.5833,371.0,0.5447983542780226,-0.5392414990193927,-0.0342,0.0037999999999999996,91.0,0.0465,-0.34561779307987994,66.0173065454964,0.985314792554135,0.9958222300296713,-0.010507437475536285,43.45911034999998
2018-05-28,0,0,0,0,0,0,0,0,44.55811,0.0,-0.0028,-0.0021,0.4583,70.0,-1.1516411072353643,-0.18628305244490426,0.0342,-0.0116,-301.0,0.0007000000000000001,0.3529584465744884,66.0173065454964,0.9534313992459644,0.98734406387293,-0.033912664626965516,43.74211554999998
2018-05-29,0,0,0,0,0,0,0,0,44.397434,-0.36059618,-0.0028,-0.0024,1.5833,138.0,0.528309141146299,-0.1852758568295153,0.0,-0.0002999999999999999,68.0,0.0004000000000000002,0.0010071956153889505,63.74737136774178,0.9047687589133915,0.9708290028810223,-0.06606024396763077,43.971894749999976
2018-05-30,0,0,0,0,0,0,0,0,44.302917,-0.21287799,0.0019,-0.0074,1.4583,342.0,0.3157481959784916,-0.1369853254182195,0.0047,-0.005000000000000001,204.0,-0.009300000000000001,0.0482905314112958,62.38842206320915,0.8487921859016865,0.9464216394851551,-0.09762945358346864,44.109035749999975
2018-05-31,0,0,0,0,0,0,0,0,44.154053,-0.3360033,-0.004,-0.0049,1.125,253.0,-0.21801318479857354,-0.20034688343615467,-0.0059,0.0025000000000000005,-89.0,-0.0008999999999999998,-0.06336155801793517,60.21129691018257,0.7833878601984736,0.9138148836278188,-0.1304270234293452,44.23496789999997
2018-06-01,0,0,0,0,0,0,0,0,44.950336,1.8033981,-0.0016,-0.0059,1.5417,236.0,0.4124176046138836,-0.17289363557869458,0.0024000000000000002,-0.001,-17.0,-0.0043,0.02745324785746009,66.87093994392308,0.7867388088902771,0.8883996686803105,-0.10166085979003336,44.31903904999997
2018-06-04,0,0,0,0,0,0,0,0,45.326023,0.83578825,0.0005,0.0023,2.625,189.0,2.028208969996284,-0.15148910431181753,0.0021000000000000003,0.008199999999999999,-47.0,0.0018,0.021404531266877053,69.46749210942328,0.8103678449435137,0.8727933039329512,-0.06242545898943752,44.40624219999997
2018-06-05,0,0,0,0,0,0,0,0,45.675728,0.7715106,0.001,0.0026,2.75,1455.0,2.1045488305325977,-0.1463557108085646,0.0005,0.0002999999999999999,1266.0,0.0015999999999999999,0.005133393503252925,71.69163688640434,0.8475423564388507,0.8677431144341311,-0.020200757995280427,44.50045624999998
2018-06-06,0,0,0,0,0,0,0,0,45.834026,0.3465891,0.0013,0.0046,1.3333,546.0,0.01946289924231624,-0.14388029368333588,0.0002999999999999999,0.002,-909.0,0.0033,0.002475417125228724,72.66241287330968,0.8796368442891733,0.8701218604051395,0.009514983884033823,44.58716804999998
2018-06-07,0,0,0,0,0,0,0,0,45.71117,-0.26806593,-0.0003,0.004,0.6667,331.0,-0.9566147447033149,-0.16230385667580705,-0.0015999999999999999,-0.0005999999999999998,-215.0,0.0043,-0.018423562992471165,70.63777704552628,0.8849572681686055,0.8730889419578327,0.011868326210772828,44.636197199999984
2018-06-08,0,0,1,0,0,0,0,0,45.295307,-0.90975165,-0.0659,-0.0272,1.375,192.0,0.07779508385317906,-0.8220219864661825,-0.0656,-0.0312,-139.0,0.0387,-0.6597181297903755,64.1244981319877,0.8458664519126842,0.867644443948803,-0.021777992036118854,44.67293904999998
2018-06-11,0,0,0,0,0,0,0,0,45.184258,-0.24517775,-0.0123,-0.0057,0.4583,79.0,-1.2348180463114122,-0.27211247343286815,0.0536,0.0215,-113.0,0.0066,0.5499095130333144,62.46808041763718,0.7967416306077553,0.8534638812805935,-0.056722250672838204,44.70932669999998
2018-06-12,0,0,0,0,0,0,0,0,45.432354,0.549078,-0.0015,-0.0063,0.9583,238.0,-0.5031767926333656,-0.16421576947151154,0.0108,-0.0005999999999999998,159.0,-0.0048000000000000004,0.10789670396135662,64.66417440808483,0.7689649799488194,0.8365641010142386,-0.06759912106541921,44.77832119999998
2018-06-13,0,0,0,0,0,0,0,0,45.059032,-0.82172155,-0.0014,-0.0062,1.0,269.0,-0.4320447344110779,-0.16238618025207074,0.00010000000000000005,0.00010000000000000026,31.0,-0.0048,0.0018295892194407914,59.06376497344466,0.7086588407721806,0.810983048965827,-0.1023242081936464,44.80809314999998
2018-06-14,0,0,0,0,0,0,0,0,45.08265,0.052440166,-0.0002,-0.0037,0.6667,316.0,-0.908290595635862,-0.1498907997577333,0.0012,0.0024999999999999996,47.0,-0.0035,0.012495380494337432,59.30389864740436,0.6552186138870866,0.7798301619500789,-0.12461154806299235,44.853104899999984
2018-06-15,0,0,0,0,0,0,0,0,44.619537,-1.0272563,-0.0006,-0.0036,1.2083,262.0,-0.10170239414710892,-0.153485502856121,-0.00039999999999999996,0.00010000000000000026,-54.0,-0.003,-0.0035947030983876915,52.76747733093963,0.5689391242889457,0.7376519544178523,-0.1687128301289066,44.88299434999998
2018-06-18,0,0,0,0,0,0,0,0,44.5959,-0.052952766,-0.0002,-0.0042,1.6667,132.0,0.5804498350508323,-0.15001569370577517,0.00039999999999999996,-0.0005999999999999998,-130.0,-0.004,0.0034698091503458373,52.44972403312696,0.4929720241845459,0.688715968371191,-0.1957439441866451,44.896107849999986
2018-06-19,0,1,1,0,0,0,0,0,43.875248,-1.6159832,-0.1111,-0.0214,1.75,373.0,0.7429033076664842,-1.2500007234001036,-0.1109,-0.0172,241.0,0.0897,-1.0999850296943285,43.79145570458115,0.37034781727443544,0.6250423381518398,-0.2546945208774044,44.87874104999999
2018-06-20,0,0,0,0,0,0,0,0,44.06665,0.43621063,-0.0199,-0.0073,0.75,263.0,-0.7578615515243646,-0.3244299838593025,0.0912,0.014099999999999998,-110.0,0.0126,0.925570739540801,46.32576298760012,0.2853227683588315,0.5570984241932382,-0.27177565583440666,44.85676739999998
2018-06-21,0,0,0,0,0,0,0,0,43.820908,-0.5576372,-0.0017,-0.0034,0.5417,217.0,-1.0520406266390672,-0.14243401454102575,0.0182,0.0039000000000000003,-46.0,-0.0017,0.18199596931827675,43.60723926681658,0.19585280959750406,0.48484930127409137,-0.2889964916765873,44.82498754999999
2018-06-22,0,0,0,0,0,0,0,0,43.69331,-0.29117465,-0.0038,-0.006,0.125,180.0,-1.6491122132313658,-0.16571374822659754,-0.0021000000000000003,-0.0026000000000000003,-37.0,-0.0022,-0.02327973368557179,42.221772325388955,0.11334456487455213,0.41054835399418355,-0.2972037891196314,44.781747549999984
2018-06-25,0,0,0,0,0,0,0,0,43.043537,-1.4871299,-0.0057,-0.002,0.9167,72.0,-0.4027529795796602,-0.1847943174387867,-0.0019000000000000002,0.004,-108.0,0.0037,-0.019080569212189147,35.956776293931036,-0.004424066345706024,0.3275538699262056,-0.33197793627191163,44.70601889999998
2018-06-26,0,0,0,0,0,0,0,0,43.57754,1.2405992,-0.0012,-0.0064,0.7917,318.0,-0.5731872488129484,-0.14680445067802372,0.0045000000000000005,-0.0044,246.0,-0.005200000000000001,0.037989866760762964,43.39101388134387,-0.054043990334839975,0.2512342978739965,-0.30527828820883646,44.66502419999998
2018-06-27,0,0,0,0,0,0,0,0,43.513744,-0.14638901,-0.0015,-0.0054,1.2083,277.0,0.1153147909601018,-0.1500720219341362,-0.00030000000000000014,0.001,-41.0,-0.0039000000000000003,-0.0032675712561124892,42.75251613716961,-0.09739325282963307,0.18150878773327056,-0.27890204056290363,44.62556554999998
2018-06-28,0,1,1,0,0,0,0,0,43.830364,0.72762966,-0.0457,-0.0035,1.3333,370.0,0.30124667250979126,-0.5891966666636177,-0.044199999999999996,0.0019000000000000002,93.0,0.042199999999999994,-0.4391246447294815,46.926643552250844,-0.10498901970926511,0.12420922624476342,-0.22919824595402855,44.609381099999986
2018-06-29,0,0,0,0,0,0,0,0,43.73821,-0.21024346,-0.0109,-0.003,0.1667,177.0,-1.6087227196093532,-0.23387615522858762,0.0348,0.0005,-193.0,0.0079,0.3553205114350301,45.87812648901169,-0.11709497929063417,0.0759483851376839,-0.19304336442831807,44.54877479999998
2018-07-02,0,0,0,0,0,0,0,0,44.22731,1.1182547,-0.0017,-0.0029,0.25,63.0,-1.42232056695249,-0.14591420598502028,0.0092,0.00010000000000000026,-114.0,-0.0012,0.08796194924356734,52.00726787528378,-0.08622876552344394,0.04351295500545833,-0.12974172052890226,44.493839149999985
2018-07-03,0,0,0,0,0,0,0,0,43.45704,-1.7416358,0.0055,0.0075,0.1667,152.0,-1.4979192731333755,-0.07447144770030309,0.0072,0.0104,89.0,0.002,0.07144275828471719,43.62774019192166,-0.12250921040072882,0.010308521924220895,-0.1328177323249497,44.38290474999998
2018-07-04,0,0,0,0,0,0,0,0,43.45704,0.0,0.0009,-0.0103,0.0,148.0,-1.6895497565229038,-0.12188963523511714,-0.0046,-0.0178,-4.0,-0.0112,-0.047418187534814055,43.62774019192166,-0.14953794401797182,-0.02166077126421765,-0.12787717275375418,44.26405544999999
2018-07-05,0,0,0,0,0,0,0,0,43.80673,0.80469847,-0.0001,-0.0061,0.375,90.0,-1.0844019468743658,-0.1336415553633791,-0.001,0.0042,-58.0,-0.006,-0.011751920128261956,48.0360045717965,-0.14111466757543667,-0.045551550526461454,-0.09556311704897522,44.16883344999998
2018-07-06,0,0,0,0,0,0,0,0,44.413982,1.3862014,0.0003,-0.0053,0.625,227.0,-0.7174102852567621,-0.13055506987295518,0.00039999999999999996,0.0008000000000000004,137.0,-0.0056,0.0030864854904239236,54.66577923185218,-0.08446533511959586,-0.05333430744508834,-0.031131027674507525,44.12476719999999
2018-07-09,0,0,0,0,0,0,0,0,45.030678,1.388514,0.0007,-0.0066,0.9167,70.0,-0.27144481762586153,-0.12639974477575291,0.0004,-0.0013,-157.0,-0.0073,0.0041553250972022615,60.21691164527648,0.010075735438334732,-0.04065229886840373,0.05072803430673846,44.11708819999998
2018-07-10,0,0,0,0,0,0,0,0,44.97633,-0.120681524,0.0006,0.003,1.5417,295.0,0.6971986310591499,-0.12730989429029782,-0.00010000000000000005,0.009600000000000001,225.0,0.0024000000000000002,-0.0009101495145449057,59.5251554009596,0.07969609857701698,-0.016582619379319583,0.09627871795633657,44.09428699999998
2018-07-11,0,0,0,0,0,0,0,0,44.392708,-1.297611,-0.0067,-0.0118,1.8333,420.0,1.1255487749058153,-0.19923251732526884,-0.0073,-0.0148,125.0,-0.0050999999999999995,-0.07192262303497102,52.54452205795149,0.08677700874462602,0.004089306245469538,0.08268770249915648,44.06097079999998
2018-07-12,0,0,0,0,0,0,0,0,45.136997,1.6765952,-0.0039,-0.011,2.0833,261.0,1.4707572629362902,-0.1713448491125933,0.0028000000000000004,0.0008000000000000004,-159.0,-0.0070999999999999995,0.027887668212675548,59.127470252858004,0.15070930008683092,0.03341330501374182,0.1172959950730891,44.063688149999976
2018-07-13,0,0,0,0,0,0,0,0,45.207886,0.15704632,0.0011,0.0056,0.9583,418.0,-0.27037442763284325,-0.13219794976046953,0.005,0.0166,157.0,0.0045,0.03914689935212376,59.700862439182124,0.20473618019725137,0.06767788005044373,0.13705830014680764,44.09310559999998
2018-07-16,0,0,0,0,0,0,0,0,45.10865,-0.21951795,0.0043,-0.0059,0.8333,100.0,-0.45595744089392315,-0.1019541517646837,0.0031999999999999997,-0.0115,-318.0,-0.0102,0.03024379799578583,58.464383537108546,0.2368154944695533,0.10150540293426565,0.13531009153528767,44.118743099999975
2018-07-17,0,0,0,0,0,0,0,0,45.236244,0.28284788,-0.0064,-0.0054,0.625,218.0,-0.7621168890849496,-0.21878513363462088,-0.010700000000000001,0.0004999999999999996,118.0,0.001,-0.11683098186993718,59.622341831620304,0.26942854702512165,0.13509003175243683,0.1343385152726848,44.18679289999998
2018-07-18,0,0,0,0,0,0,0,0,44.988148,-0.5484462,-0.0064,0.0054,0.5417,180.0,-0.8680935377771382,-0.2271109184610453,0.0,0.0108,-38.0,0.011800000000000001,-0.008325784826424432,56.33371323299813,0.27211853923218854,0.16249573324838718,0.10962280598380136,44.23286779999998
2018-07-19,0,0,0,0,0,0,0,0,45.337852,0.7773161,-0.0016,-0.0118,0.9167,178.0,-0.27177277625453145,-0.17836575264185217,0.0048000000000000004,-0.0172,-2.0,-0.010199999999999999,0.04874516581919314,59.70734161554246,0.2990216323946271,0.18980091307763516,0.10922071931699193,44.30871499999998
2018-07-20,0,0,0,0,0,0,0,0,45.23388,-0.22931099,0.0027,0.0069,1.125,202.0,0.04950391519580077,-0.13445676109741475,0.0043,0.0187,24.0,0.0042,0.04390899154443742,58.26600084466516,0.308397837779502,0.21352029801800854,0.09487753976149349,44.385743499999975
2018-07-23,0,0,0,0,0,0,0,0,45.274036,0.088799,-0.0053,-0.0027,0.9583,89.0,-0.2229434554442863,-0.20619477492464325,-0.008,-0.009600000000000001,-113.0,0.0026,-0.0717380138272285,58.68086781395168,0.3154326900009323,0.23390277641459328,0.08152991358633904,44.49726844999998
2018-07-24,0,0,0,0,0,0,0,0,45.602474,0.7254362,0.0025,0.0069,0.7083,189.0,-0.6031624187631001,-0.11489792044640276,0.0078,0.009600000000000001,100.0,0.004399999999999999,0.09129685447824049,62.007497038300265,0.34354983416301366,0.25583218796427737,0.08771764619873629,44.59851514999998
2018-07-25,0,0,0,0,0,0,0,0,46.032513,0.9430051,-0.0024,-0.0103,0.9167,275.0,-0.22671004481530246,-0.104384580027027,-0.0049,-0.0172,86.0,-0.0079,0.010513340419375766,65.88087774268345,0.3959689433023854,0.283859539031899,0.11210940427048643,44.72445359999998
2018-07-26,0,0,0,0,1,0,0,0,45.888386,-0.31310916,0.0029,-0.0063,0.1667,222.0,-1.4999970718444742,0.20452623862481153,0.005299999999999999,0.004,-53.0,-0.0092,0.30891081865183856,63.542686456408184,0.4210282687728082,0.3112932849800808,0.10973498379272739,44.82735469999998
2018-07-27,0,0,0,0,0,0,0,0,45.125183,-1.6631544,0.0041,0.0129,0.7083,173.0,-0.5407645889422926,0.4777757201721897,0.0012000000000000005,0.019200000000000002,-49.0,0.008799999999999999,0.27324948154737816,52.84675950211307,0.3749813098818535,0.32403088996043533,0.05095041992141819,44.89670334999998
2018-07-30,0,0,1,0,0,0,0,0,44.87236,-0.5602658,0.0395,0.0078,2.2083,87.0,1.9837392031109025,2.1230359684280864,0.0354,-0.0051,-86.0,-0.0317,1.6452602482558967,49.85307517228371,0.3144631248831615,0.32211733694498057,-0.0076542120618190435,44.92895584999998
2018-07-31,0,1,1,0,0,0,1,0,44.962147,0.20009279,0.0865,-0.0224,3.25,217.0,3.3336261824439144,3.85859981695274,0.04699999999999999,-0.030199999999999998,130.0,-0.1089,1.7355638485246536,50.916495048135104,0.2706274628484806,0.31181936212568057,-0.04119189927719996,45.00421119999997
2018-08-01,1,1,1,0,0,0,0,0,47.61088,5.891013,0.5239,0.044,3.0,410.0,2.711717844821622,7.198250925563105,0.4374,0.0664,193.0,-0.47990000000000005,3.339651108610365,70.67374457918667,0.4444941497119217,0.3383543196429288,0.10613983006899291,45.21190319999997
2018-08-02,1,0,1,0,0,0,0,0,49.002575,2.9230714,0.4081,0.03,3.0833,382.0,2.626905590405733,4.46003842105585,-0.11580000000000001,-0.013999999999999999,-28.0,-0.3781,-2.7382125045072554,76.11405737365575,0.6866674325854234,0.4080169422314277,0.2786504903539957,45.47169544999997
2018-08-03,1,1,1,0,0,0,0,0,49.144367,0.28930902,0.2067,0.0295,2.4583,735.0,1.6992050632979767,2.0804776740791397,-0.20140000000000002,-0.0005000000000000004,353.0,-0.1772,-2.37956074697671,76.59054422390449,0.8798901079696719,0.5023915753790765,0.3774985325905954,45.70821469999997
2018-08-06,0,0,0,0,0,0,0,0,49.399536,0.5192518,0.0046,-0.0038,2.0417,210.0,1.1143047349388886,-0.11092019250434705,-0.2021,-0.033299999999999996,-525.0,-0.0084,-2.191397866583487,77.46188297949755,1.0416035190773414,0.6102339641187295,0.43136955495861184,45.92665759999997
2018-08-07,0,0,0,0,0,0,0,0,48.936413,-0.9374857,0.004,-0.006,1.0,353.0,-0.2517469816627063,-0.12575321658565913,-0.0005999999999999998,-0.0022,143.0,-0.01,-0.014833024081312082,72.20852146854605,1.1194876500696438,0.7120847013089124,0.40740294876073135,46.12466174999997
2018-08-08,0,0,0,0,0,0,0,0,48.969505,0.06759167,0.0022,-0.0055,0.75,269.0,-0.5667687209034267,-0.1447975867952637,-0.0018,0.0005000000000000004,-84.0,-0.0077,-0.01904437020960456,72.35280331428508,1.1703901042651026,0.8037457819001504,0.36664432236495215,46.35350159999997
2018-08-09,0,0,0,0,0,0,0,0,49.354645,0.7864952,0.0011,0.0054,1.2083,249.0,0.04005027899149928,-0.15675085850068884,-0.0011,0.0109,-20.0,0.0043,-0.01195327170542515,74.04189533450116,1.227656584284162,0.8885279423769528,0.33912864190720926,46.564383999999976
2018-08-10,0,0,0,0,0,0,0,0,49.20762,-0.2968192,0.0022,0.0057,0.8333,282.0,-0.4589889375627171,-0.144760598534713,0.0011,0.0002999999999999999,33.0,0.0035,0.011990259965975858,72.22778478557012,1.2468046061306168,0.9601832751276855,0.2866213310029313,46.76437069999998
2018-08-13,0,0,0,0,0,0,0,0,49.52537,0.6456852,-0.0016,-0.0085,1.0,41.0,-0.24556971660773635,-0.1874516941627802,-0.0038000000000000004,-0.0142,-241.0,-0.006900000000000001,-0.04269109562806722,73.72605635939972,1.2729455963962906,1.0227357393814065,0.2502098570148841,46.98520669999998
2018-08-14,0,0,0,0,0,0,0,0,49.734013,0.4213214,0.0016,0.009,1.6667,225.0,0.6193587047986612,-0.15257527478890584,0.0032,0.0175,184.0,0.0073999999999999995,0.03487641937387437,74.6915480533005,1.2955638127423796,1.0773013540536012,0.21826245868877847,47.21009514999997
2018-08-15,0,0,0,0,0,0,0,0,49.850204,0.23361444,0.0087,0.0121,1.2083,279.0,0.017317291526329562,-0.07726693368272106,0.0070999999999999995,0.0031000000000000003,54.0,0.0034000000000000002,0.07530834110618478,75.23727459187079,1.307789175261476,1.1233989182951762,0.18439025696629985,47.45319794999997
2018-08-16,0,0,0,0,0,0,0,0,50.580505,1.4649987,-0.008,-0.01,0.6667,252.0,-0.6722914773726106,-0.2578378551922995,-0.0167,-0.0221,-27.0,-0.002,-0.18057092150957846,78.39121783260111,1.3607215000241695,1.170863434640975,0.1898580653831945,47.71533059999997
2018-08-17,0,0,0,0,0,0,0,0,51.5906,1.996994,-0.0088,0.0092,0.7083,214.0,-0.5980066641386365,-0.2722408846729394,-0.0008000000000000004,0.019200000000000002,-38.0,0.018000000000000002,-0.014403029480639873,81.83700136564246,1.4672632758351227,1.2301434028798046,0.2371198729553181,48.03316659999997
2018-08-20,0,0,0,0,0,0,0,0,51.08793,-0.97435117,-0.0012,-0.0073,1.2083,127.0,0.043187459749355187,-0.18974816136494896,0.007600000000000001,-0.0165,-87.0,-0.0061,0.08249272330799043,75.39384021964082,1.493916196760111,1.2828979616558658,0.2110182351042451,48.32386129999997
2018-08-21,0,0,0,0,0,0,0,0,50.988346,-0.19493699,0.0036,-0.0116,1.2083,293.0,0.05159371670813967,-0.1386443572043162,0.0048,-0.004299999999999999,166.0,-0.015199999999999998,0.05110380416063276,74.14834509641017,1.4898294060687505,1.3242842505384427,0.1655451555303078,48.593154899999966
2018-08-22,0,0,0,0,0,0,0,0,50.990707,0.0046491623,-0.0016,-0.0135,1.0417,269.0,-0.1605566619840904,-0.19465023475670104,-0.0052,-0.0019000000000000006,-24.0,-0.011899999999999999,-0.05600587755238484,74.1592444935529,1.469837733520606,1.3533949471348754,0.11644278638573069,48.84106459999997
2018-08-23,0,0,0,0,0,0,0,0,51.09503,0.2045989,-0.0029,-0.0048,1.125,302.0,-0.049840151464286796,-0.2090234178783458,-0.0012999999999999997,0.0087,33.0,-0.0018999999999999998,-0.014373183121644761,74.66747573564388,1.4457465173245296,1.3718652611728062,0.07388125615172347,49.10139679999997
2018-08-24,0,0,0,0,0,0,0,0,51.25389,0.31092167,0.0007,-0.0052,0.7083,320.0,-0.5847812377281708,-0.17022835951204837,0.0036,-0.0004000000000000002,18.0,-0.0059,0.03879505836629743,75.45900591182169,1.423068481645842,1.3821059052674134,0.040962576378428706,49.40783214999997
2018-08-27,0,0,0,0,0,0,0,0,51.675945,0.823462,0.0009,0.0024,1.5417,85.0,0.5635480237884356,-0.1681237326366211,0.00019999999999999998,0.007599999999999999,-235.0,0.0014999999999999998,0.0021046268754272845,77.47288656561562,1.4227516903688553,1.3902350622877018,0.03251662808115352,49.74801139999997
2018-08-28,0,0,0,0,0,0,0,0,52.093266,0.8075595,0.0031,0.0069,1.125,296.0,0.030849412425015686,-0.14454029515922065,0.0021999999999999997,0.0045000000000000005,211.0,0.0038,0.023583437477400437,79.28318601285508,1.4395803617003509,1.4001041221702315,0.03947623953011936,50.10456734999997
2018-08-29,0,0,0,0,0,0,0,0,52.870987,1.4929414,0.0038,0.0184,1.0833,236.0,-0.022951846343370948,-0.13737551675295642,0.0007000000000000001,0.0115,-60.0,0.0146,0.007164778406264227,82.1603777068453,1.4984001656016588,1.419763330856517,0.07863683474514183,50.36757269999997
2018-08-30,0,0,0,0,0,0,0,0,53.35708,0.9193659,0.0075,0.0124,2.1667,260.0,1.4717151837043598,-0.09848779904290486,0.0036999999999999997,-0.006,24.0,0.0049,0.03888771771005156,83.68548443937989,1.5661849217567934,1.4490476490365722,0.11713727272022112,50.58529794999997
2018-08-31,0,0,0,0,0,0,0,0,53.973568,1.1554003,0.0026,0.0098,2.0,558.0,1.2075072333033634,-0.16546289277592935,-0.0049,-0.0026,298.0,0.0072,-0.06697509373302449,85.39124381779779,1.6506229053910815,1.489362700307474,0.1612602050836074,50.82675799999997
2018-09-03,0,0,0,0,0,0,0,0,53.973568,0.0,0.0008,0.0056,0.3333,93.0,-1.1121020249684546,-0.18773182843545402,-0.0018,-0.0042,-465.0,0.0048,-0.022268935659524675,85.39124381779779,1.6979675033337216,1.5310836609127236,0.16688384242099796,51.05545959999997
2018-09-04,0,0,0,0,0,0,0,0,54.146664,0.32069683,0.0015,0.0181,1.7917,132.0,0.8918948770479302,-0.18061358420834886,0.0007,0.0125,39.0,0.0166,0.007118244227105164,85.8722475360498,1.7295190202023534,1.5707707327706495,0.15874828743170388,51.31597214999997
2018-09-05,0,1,1,0,1,0,0,0,53.793358,-0.6524801,0.0727,0.0388,0.8333,268.0,-0.42863877069179146,0.5862883849925399,0.0712,0.0207,136.0,-0.0339,0.7669019692008887,80.07675535198386,1.7063452967210537,1.5978856455607304,0.1084596511603233,51.55716479999997
2018-09-06,0,1,0,0,0,0,0,0,52.89946,-1.6617417,0.0017,-0.0088,1.5417,315.0,0.5300224214044974,-0.19184638842451515,-0.07100000000000001,-0.0476,47.0,-0.0105,-0.7781347734170551,67.63865409748293,1.5974356125494253,1.5977956389584693,-0.00036002640904397865,51.73440554999996
2018-09-07,0,0,0,0,0,0,0,0,52.472645,-0.80681443,-0.0069,-0.0118,1.4167,325.0,0.3520406616053351,-0.2848284506891323,-0.0086,-0.002999999999999999,10.0,-0.0049,-0.09298206226461717,62.63591943808963,1.45985519774203,1.5702075507151814,-0.11035235297315138,51.89765679999996
2018-09-10,0,0,0,1,0,0,0,0,51.768433,-1.3420701,-0.0325,-0.0071,2.5417,244.0,1.8376737813423507,-0.5580192293262467,-0.0256,0.004699999999999999,-81.0,0.0254,-0.2731907786371144,55.360456908800096,1.2792512921494321,1.5120162990020316,-0.2327650068525995,52.00980994999996
2018-09-11,0,1,0,0,0,0,0,0,53.077286,2.528286,-0.0081,-0.0128,2.2917,453.0,1.4686510426990504,-0.31539927813007057,0.0244,-0.0057,209.0,-0.004700000000000001,0.24261995119617613,63.78108871065298,1.227584069338718,1.4551298530693688,-0.2275457837306507,52.17697359999996
2018-09-12,0,1,0,0,1,0,0,1,52.41812,-1.2419045,0.027,0.0094,3.0417,568.0,2.306902351386026,0.06603918973068325,0.0351,0.0222,115.0,-0.017599999999999998,0.3814384678607538,57.86135531370466,1.1205314466882825,1.3882101717931516,-0.2676787251048691,52.30536939999996
2018-09-13,0,1,0,0,0,0,0,0,53.684284,2.415526,0.0013,-0.0026,2.5833,2481.0,1.6527054627866078,-0.2205930609019704,-0.0257,-0.012,1913.0,-0.0039,-0.28663225063265363,64.64864166527808,1.1248932557605826,1.335546788586638,-0.21065353282605526,52.460558349999964
2018-09-14,0,0,0,0,0,0,0,0,53.074913,-1.1351109,0.0023,0.0092,2.3333,842.0,1.2986924822980195,-0.21065224818310485,0.001,0.0118,-1639.0,0.0069,0.009940812718865544,59.667488761014745,1.0668805391561378,1.2818135387005378,-0.21493299954440004,52.534773999999956
2018-09-17,0,0,0,0,0,0,0,0,51.661724,-2.662611,0.0006,-0.0099,2.25,190.0,1.15549680195717,-0.23082340425476652,-0.0017000000000000001,-0.0191,-652.0,-0.0105,-0.020171156071661672,50.038551672215746,0.8965377721394816,1.2047583853883266,-0.308220613248845,52.56346369999996
2018-09-18,0,0,0,0,0,0,0,0,51.747078,0.16522408,-0.0095,-0.0117,2.4167,564.0,1.3132435849467752,-0.3416211885527478,-0.0101,-0.0017999999999999995,374.0,-0.0022000000000000006,-0.11079778429798129,50.55752980984264,0.7596702507202835,1.1157407584547179,-0.3560705077344344,52.60140029999995
2018-09-19,0,0,0,0,0,0,0,0,51.777912,0.05955696,-0.0018,-0.0071,1.5833,497.0,0.28541759642550635,-0.25583646561926265,0.0077,0.0046,-67.0,-0.005300000000000001,0.08578472293348516,50.7565299422785,0.6462403436172579,1.0218406754872258,-0.3756003318699679,52.640760549999946
2018-09-20,0,0,0,0,0,0,0,0,52.17152,0.7601738,-0.0015,0.0084,1.2083,332.0,-0.1707604852663785,-0.2617976833199182,0.0002999999999999999,0.0155,-165.0,0.009899999999999999,-0.005961217700655552,53.33838412890285,0.581405124734637,0.9337535653367081,-0.35234844060207104,52.69458504999996
2018-09-21,0,0,0,0,0,0,0,0,51.609577,-1.0771215,0.0004,0.0044,1.8333,319.0,0.5684503360598975,-0.2428198134291791,0.0019,-0.003999999999999999,-13.0,0.004,0.018977869890739102,49.359452908289335,0.4791552395732168,0.8428339001840098,-0.363678660610793,52.71236939999996
2018-09-24,0,0,0,0,0,0,0,0,52.351715,1.4380217,-0.0004,-0.0041,1.5,131.0,0.13074196035203434,-0.25202812567365235,-0.0008,-0.0085,-188.0,-0.0037,-0.009208312244473243,54.21690790060282,0.4527863638533134,0.7648243929178705,-0.31203802906455713,52.74615789999996
2018-09-25,0,0,0,0,0,0,0,0,52.683685,0.63408613,0.0011,0.0097,1.4167,451.0,-0.0008496818303597594,-0.23438458013441146,0.0015,0.0138,320.0,0.0086,0.017643545539240885,56.238980213577506,0.4534489670487929,0.702549307744055,-0.2491003406952621,52.77567884999996
2018-09-26,0,0,0,0,0,0,0,0,52.263996,-0.7966161,-0.0162,-0.006,0.875,361.0,-0.7370184941373693,-0.42426026992434385,-0.0173,-0.0157,-90.0,0.010199999999999999,-0.18987568978993238,53.04904014516551,0.41532112662304854,0.6451036715198537,-0.22978254489680516,52.74532929999996
2018-09-27,0,0,0,0,0,0,0,0,53.3381,2.0551682,0.0011,0.012,0.875,297.0,-0.757216740717832,-0.23118508095405732,0.0173,0.018000000000000002,-64.0,0.0109,0.19307518897028653,59.39665200361556,0.466399392652761,0.6093628157464351,-0.14296342309367416,52.74438029999995
2018-09-28,0,0,0,0,1,0,0,0,53.525425,0.35119057,0.0253,0.0279,0.4167,266.0,-1.358608404020582,0.03460241341442957,0.0242,0.0159,-31.0,0.0026000000000000016,0.2657874943684869,60.40212826752067,0.5160461891985122,0.5906994904368505,-0.07465330123833835,52.721973149999954
2018-10-01,0,0,0,0,0,0,0,0,53.885822,0.67334175,0.0009,0.0038,0.0833,92.0,-1.7439742114420171,-0.23823148527509397,-0.024399999999999998,-0.0241,-174.0,0.0029,-0.27283389868952357,62.33464029707571,0.5778120019999022,0.5881219927494609,-0.010309990749558628,52.717585849999956
2018-10-02,0,0,0,0,0,0,0,0,54.36479,0.8888483,-0.0006,0.01,0.0,238.0,-1.7695632209613426,-0.25476380802611903,-0.0015,0.006200000000000001,146.0,0.0106,-0.016532322751025064,64.79376186544812,0.6578275419212218,0.602063102583813,0.05576443933740882,52.72849214999995
2018-10-03,0,0,0,0,0,0,0,0,55.026333,1.2168527,0.0007,0.0125,0.0833,279.0,-1.5952389088809305,-0.24170486774902658,0.0013,0.0025000000000000005,41.0,0.011800000000000001,0.013058940277092451,67.91008647383003,0.76579383055563,0.6348092481781764,0.13098458237745358,52.79014089999995
2018-10-04,0,0,0,0,0,0,0,0,54.058926,-1.7580926,-0.0045,0.0106,0.9583,245.0,-0.4878260103104909,-0.2997397186601851,-0.0052,-0.0019000000000000006,-34.0,0.015099999999999999,-0.058034850911158536,59.60168565107805,0.7644837395363737,0.6607441464498158,0.10373959308655789,52.848114199999955
2018-10-05,0,0,0,0,0,0,0,0,53.18161,-1.6228855,-0.015,-0.0124,0.7083,241.0,-0.7918558497414807,-0.4137558340877124,-0.010499999999999999,-0.023,-4.0,0.0026,-0.11401611542752726,53.2402550775102,0.684759927603487,0.6655473026805501,0.01921262492293696,52.88356244999996
2018-10-08,0,0,1,1,0,0,0,0,53.05832,-0.23183823,-0.0658,-0.0134,0.2917,77.0,-1.2845338067513372,-0.9608568370849131,-0.0508,-0.0010000000000000009,-164.0,0.052399999999999995,-0.5471010029972008,52.39393670990305,0.6046596199340968,0.6533697661312594,-0.04871014619716263,52.94805679999996
2018-10-09,0,1,0,0,0,0,0,0,53.793358,1.3853431,-0.0038,-0.0196,0.875,202.0,-0.5744185846494475,-0.27398042696379477,0.062,-0.006199999999999999,125.0,-0.015799999999999998,0.6868764101211183,56.80270075752891,0.5936477706782028,0.6414253670406481,-0.047777596362445274,52.983860399999955
2018-10-10,0,0,0,0,0,0,0,0,51.301327,-4.632604,-0.0028,-0.0039,0.9167,222.0,-0.5338386885838974,-0.26360767014183845,0.001,0.0157,20.0,-0.0010999999999999998,0.01037275682195632,42.44933356466041,0.37946054096855875,0.5890324018262303,-0.20957186085767154,52.92802074999995
2018-10-11,0,0,0,0,0,0,0,0,50.848434,-0.8827925,0.0078,-0.0141,1.75,293.0,0.4840752781865949,-0.14783570206203042,0.0106,-0.0102,71.0,-0.0219,0.11577196807980802,40.44892526450576,0.17119748018785685,0.5054654174985556,-0.3342679373106987,52.78622824999995
2018-10-12,0,0,0,0,0,0,0,0,52.664707,3.5719275,0.0081,-0.0063,0.5,279.0,-1.046899825199712,-0.14553169152082046,0.0002999999999999999,0.0078,-14.0,-0.0144,0.002304010541209961,50.51945754159741,0.1509653216823139,0.4345653983353072,-0.2836000766529933,52.76571794999995
2018-10-15,0,0,0,0,0,0,0,0,51.53843,-2.138579,-0.0001,-0.0037,0.5833,115.0,-0.9314461474249118,-0.23754715160213014,-0.008199999999999999,0.0026,-164.0,-0.0036000000000000003,-0.09201546008130967,45.39317908427423,0.04354805423002972,0.3563619295142517,-0.312813875284222,52.75955324999995
2018-10-16,0,0,0,0,0,0,0,0,52.67419,2.2037148,-0.0086,-0.0181,0.8333,237.0,-0.628929682649758,-0.3296539373422236,-0.0085,-0.014400000000000001,122.0,-0.009500000000000001,-0.09210678574009346,50.81339288801423,0.04949488965368687,0.2949885215421387,-0.24549363188845186,52.80590884999996
2018-10-17,0,0,0,0,0,0,0,0,52.446568,-0.43213367,-0.0026,-0.006,0.5833,219.0,-0.9242358139027274,-0.2630549644797461,0.006,0.012100000000000001,-18.0,-0.0034000000000000002,0.06659897286247751,49.747645194353055,0.035432166528011066,0.2430772505393132,-0.20764508401130213,52.83934164999996
2018-10-18,0,0,0,0,0,0,0,0,51.220703,-2.3373544,0.0012,-0.0056,1.1667,287.0,-0.2363843789477859,-0.22057188770166128,0.0037999999999999996,0.0004000000000000002,68.0,-0.0068,0.0424830767780848,44.35245272149731,-0.07377922243401969,0.1797059559446466,-0.2534851783786663,52.79180079999996
2018-10-19,0,0,0,0,0,0,0,0,52.0008,1.523006,-0.0052,-0.0126,1.0,309.0,-0.45130367777696556,-0.2897226657183661,-0.0063999999999999994,-0.007,22.0,-0.0074,-0.0691507780167048,48.2022342736863,-0.09627295199191366,0.12451017435733455,-0.2207831263492482,52.81136194999997
2018-10-22,0,0,0,0,0,0,0,0,52.31852,0.6110072,-0.009,-0.0045,0.2917,85.0,-1.2887492750227523,-0.32272147007800783,-0.0037999999999999996,0.0081,-224.0,0.0045,-0.032998804359641754,49.72768973863794,-0.08745393153736813,0.08211735317839401,-0.16957128471576216,52.80970219999997
2018-10-23,0,0,0,0,0,0,0,0,52.811703,0.9426713,0.0024,-0.017,1.0417,256.0,-0.32822087515610937,-0.18165317549805354,0.011399999999999999,-0.0125,171.0,-0.0194,0.1410682945799543,52.086508394922284,-0.04020558295859189,0.05765276595099683,-0.09785834890958872,52.81610309999998
2018-10-24,0,0,0,0,0,0,0,0,51.000187,-3.4301639,-0.0023,-0.0121,2.125,429.0,1.1429282189436707,-0.20206615932826225,-0.004699999999999999,0.004900000000000002,173.0,-0.0098,-0.020412983830208703,43.93251214043507,-0.14723786161672336,0.016674640437452787,-0.16391250205417615,52.75291264999997
2018-10-25,0,0,0,0,0,0,0,0,52.11698,2.1897793,-0.013,-0.0158,1.0,458.0,-0.3469866685167494,-0.517646284568815,-0.0107,-0.003700000000000002,29.0,-0.002800000000000002,-0.3155801252405528,49.21122669012449,-0.1403282353617854,-0.014725934722394855,-0.12560230063939054,52.69185664999998
2018-10-26,0,0,0,0,0,0,0,0,51.28709,-1.592356,-0.0031,-0.0084,1.0,223.0,-0.32047630666334204,-0.16655313471874053,0.009899999999999999,0.007400000000000002,-235.0,-0.005299999999999999,0.35109314985007445,45.763234125241716,-0.19951757963085726,-0.05168426370408734,-0.1478333159267699,52.57993989999998
2018-10-29,0,0,0,0,1,0,0,0,50.32443,-1.8770218,0.0055,-0.0142,1.75,118.0,0.7875859509635555,0.39734698500398835,0.0086,-0.005800000000000001,-105.0,-0.019700000000000002,0.5639001197227289,42.080112187860465,-0.3204106832077045,-0.10542954760481077,-0.21498113560289372,52.40187029999997
2018-10-30,0,0,0,0,0,0,0,0,50.57576,0.49943924,-0.0058,-0.0223,3.125,333.0,2.5952696404418023,-0.33401375128261485,-0.0113,-0.0081,215.0,-0.0165,-0.7313607362866033,43.36174997324545,-0.39142698164303624,-0.16262903441245585,-0.2287979472305804,52.21241879999998
2018-10-31,0,1,0,0,1,0,0,1,51.894096,2.6066542,0.0018,0.0022,2.125,1118.0,1.170244675459151,0.16548784532833533,0.007599999999999999,0.0245,785.0,0.0004000000000000002,0.49950159661095017,49.654812118387994,-0.3374394207972955,-0.19759111168942378,-0.13984830910787172,52.055806949999976
2018-11-01,1,0,0,0,0,0,0,0,52.690796,1.5352249,0.0105,0.017,2.5417,397.0,1.670449858668096,0.7233322952919365,0.008700000000000001,0.0148,-721.0,0.006500000000000001,0.5578444499636013,53.0498350024736,-0.22774159482644762,-0.20362120831682856,-0.024120386509619063,51.987400449999974
2018-11-02,0,1,1,0,0,0,0,0,49.19578,-6.633067,-0.1934,-0.0736,2.75,474.0,1.8554685343504655,-6.489957137179879,-0.2039,-0.0906,77.0,0.11979999999999999,-7.213289432471816,40.232431532090274,-0.41800535402505545,-0.24649803745847393,-0.17150731656658152,51.788108949999966
2018-11-05,0,0,1,0,0,0,0,0,47.79919,-2.8388262,-0.0067,-0.0509,2.4167,153.0,1.3695533690537898,-0.09556701139159209,0.18669999999999998,0.022699999999999998,-321.0,-0.0442,6.394390125788287,36.44331204417858,-0.6737176969410541,-0.33194196935499,-0.3417757275860641,51.52515244999997
2018-11-06,0,1,1,1,0,0,0,0,48.316097,1.0814071,-0.1671,-0.0655,1.2917,284.0,-0.06785808168528518,-4.454748442918603,-0.1604,-0.014600000000000002,131.0,0.1016,-4.35918143152701,38.74288262878394,-0.825149684160813,-0.4305835123161546,-0.3945661718446584,51.251289399999976
2018-11-07,0,0,0,0,0,0,0,0,49.78145,3.0328274,-0.0119,-0.0189,0.7083,188.0,-0.8034060944149511,-0.1345361777107159,0.1552,0.0466,-96.0,-0.006999999999999999,4.3202122652078865,44.83620494352768,-0.8174953073767384,-0.5079658713282713,-0.30952943604846705,51.17529554999997
2018-11-08,0,1,1,0,0,0,0,0,49.60775,-0.34769773,-0.0732,-0.0232,0.5833,205.0,-0.9600114660855037,-1.7604423163151186,-0.0613,-0.004299999999999998,17.0,0.05,-1.6259061386044027,44.27400774635634,-0.8160385129461787,-0.5695803996518528,-0.24645811329432588,51.11326134999997
2018-11-09,0,0,0,0,1,0,0,0,48.651237,-1.9281507,-0.0058,0.0116,0.4583,178.0,-1.1086563932965314,0.062242781442645424,0.0674,0.0348,-27.0,0.0174,1.822685097757764,41.20968262106734,-0.8819005969342442,-0.6320444391083311,-0.24985615782591308,50.91258784999997
2018-11-12,0,0,1,0,0,0,0,0,46.20046,-5.037415,-0.005,-0.0734,2.1667,84.0,1.033040156805379,0.08562670102712135,0.0007999999999999995,-0.085,-94.0,-0.0684,0.023383919584475922,34.60154474785758,-1.1189553738829048,-0.7294266260632458,-0.38952874781965896,50.64568934999998
2018-11-13,0,1,1,1,0,0,0,0,45.73886,-0.99912286,-0.5873,-0.2556,2.4167,234.0,1.3033916036162236,-6.829435419717915,-0.5823,-0.18219999999999997,150.0,0.33170000000000005,-6.915062120745036,33.51155820688898,-1.3287532148098364,-0.8492919438125639,-0.47946127099727254,50.29892284999998
2018-11-14,0,1,1,1,0,0,0,0,44.446877,-2.8247356,-0.0992,-0.0564,2.125,253.0,0.9135453771747188,-0.9473622691109678,0.48810000000000003,0.1992,19.0,0.0428,5.8820731506069475,30.605521388088093,-1.5810464267633009,-0.9956428404027113,-0.5854035863605895,49.89893829999998
2018-11-15,0,1,0,0,0,0,0,0,45.543755,2.4678826,-0.1018,-0.0913,1.5,288.0,0.13464361824943347,-0.951510024264861,-0.002600000000000005,-0.03490000000000001,35.0,0.010499999999999995,-0.004147755153893207,35.70330449420499,-1.6731941862509032,-1.1311531095723497,-0.5420410766785535,49.615090899999984
2018-11-16,0,0,0,0,1,0,0,0,46.048187,1.1075735,-0.0134,-0.0113,0.375,269.0,-1.238823920441695,0.09603046986754842,0.0884,0.08,-19.0,0.002100000000000001,1.0475404941324093,37.96042244838186,-1.6860823945531465,-1.242138966568509,-0.4439434279846375,49.31746024999998
2018-11-19,0,0,1,0,0,0,0,0,44.223206,-3.9632082,-0.0084,-0.0817,2.5833,201.0,1.422369179299413,0.15704490114465064,0.005000000000000001,-0.07039999999999999,-68.0,-0.07329999999999999,0.061014431277102224,33.39309011885398,-1.8225479093819317,-1.3582207551311936,-0.4643271542507381,48.91269454999998
2018-11-20,0,1,1,1,0,0,0,0,42.110313,-4.777795,-0.2904,-0.1756,1.9583,283.0,0.6508369036759641,-2.8896156531761275,-0.282,-0.09390000000000001,82.0,0.11479999999999999,-3.046660554320778,29.037084556104148,-2.0772454277306167,-1.5020256896510782,-0.5752197380795385,48.377625049999985
2018-11-21,0,1,1,1,0,0,0,0,42.062733,-0.113004446,-0.0651,-0.1054,1.4167,299.0,-0.0066461371426971595,-0.40923983181858153,0.2253,0.07020000000000001,16.0,-0.04029999999999999,2.480375821357546,28.945516344098703,-2.2569180084570135,-1.6530041534122653,-0.6039138550447483,47.930752349999985
2018-11-22,0,0,1,0,1,0,0,0,42.062733,0.0,-0.0135,-0.0436,0.75,293.0,-0.781767729896791,0.1596326258920608,0.05160000000000001,0.061799999999999994,-6.0,-0.030100000000000002,0.5688724577106423,28.945516344098703,-2.3719672610665015,-1.7967967749431124,-0.5751704861233891,47.42803999999998
2018-11-23,0,0,1,0,0,0,0,0,40.99439,-2.539885,-0.0046,-0.0476,0.4167,138.0,-1.1438178353257484,0.25858347687164523,0.0089,-0.0040000000000000036,-155.0,-0.043000000000000003,0.09895085097958445,26.74890430427892,-2.5202985414748866,-1.9414971282494673,-0.5788014132254193,46.913404999999976
2018-11-26,0,0,1,0,0,0,0,0,41.548775,1.3523698,-0.2953,-0.0329,1.5417,108.0,0.18114513794765294,-2.691243942107321,-0.2907,0.014700000000000005,-30.0,0.2624,-2.949827418978966,29.72902256487451,-2.5635667122623715,-2.065911045052048,-0.4976556672103234,46.474622249999975
2018-11-27,0,1,1,0,0,0,0,0,41.458363,-0.2176106,-0.4145,-0.0532,1.5417,276.0,0.18652101969233054,-3.434479369378887,-0.11919999999999997,-0.0203,168.0,0.36129999999999995,-0.743235427271566,29.51810770678806,-2.5754641940786343,-2.1678216748573655,-0.4076425192212687,46.01875239999997
2018-11-28,0,1,1,0,0,0,0,0,43.052544,3.8452744,-0.0655,-0.0277,0.625,302.0,-0.919990687780277,-0.21415905867249377,0.349,0.0255,26.0,0.0378,3.220320310706393,37.8859354134992,-2.4282644297571494,-2.2199102258373222,-0.20835420391982717,45.57667479999997
2018-11-29,0,0,0,0,1,0,0,0,42.72181,-0.7682085,-0.0268,-0.0133,0.2917,253.0,-1.2802985565543616,0.14856144823301393,0.0387,0.0144,-49.0,0.013500000000000002,0.3627205069055077,36.90696535507642,-2.3116477889952236,-2.2382577384689024,-0.0733900505263212,45.078225499999974
2018-11-30,0,0,0,0,0,0,0,0,42.491016,-0.5402386,-0.0148,-0.0151,0.6667,195.0,-0.8129446762752086,0.26106708799059325,0.012,-0.0018000000000000013,-58.0,-0.0002999999999999999,0.11250563975757932,36.20392952449852,-2.212348827839925,-2.233075956343107,0.020727128503181813,44.74298729999997
2018-12-03,0,0,0,0,0,0,0,0,43.975746,3.4942389,-0.007,-0.0104,0.7083,103.0,-0.736654142064817,0.32914642693558366,0.0078000000000000005,0.004700000000000001,-92.0,-0.0033999999999999994,0.06807933894499041,43.64157726804293,-1.9908985439964297,-2.1846404738737712,0.1937419298773415,44.55181509999997
2018-12-04,0,1,1,0,0,0,0,0,42.041317,-4.398876,0.0087,-0.0355,1.4167,322.0,0.1343964207001983,0.471464179034729,0.0157,-0.025099999999999997,219.0,-0.044199999999999996,0.14231775209914532,37.50627936999466,-1.949022731366945,-2.137516925372406,0.18849419400546097,44.23807609999997
2018-12-05,0,0,0,0,0,0,0,0,42.041317,0.0,-0.0329,-0.0359,0.125,276.0,-1.4096772130308417,0.09616494100079542,-0.0416,-0.0004000000000000045,-46.0,-0.0030000000000000027,-0.37529923803393356,37.50627936999466,-1.8940029610006306,-2.088814132498051,0.19481117149742033,43.851069449999976
2018-12-06,0,0,0,0,0,0,0,0,41.572575,-1.1149466,-0.0021,-0.0172,0.6667,275.0,-0.7095450512372824,0.38271432704046326,0.030799999999999998,0.0187,-1.0,-0.0151,0.28654938603966784,36.080797222904174,-1.8667047481951045,-2.0443922556374616,0.17768750744235717,43.44931069999998
2018-12-07,0,0,0,0,0,0,0,0,40.090218,-3.5657048,-0.011,-0.0307,0.1667,298.0,-1.301635602354031,0.30235878130599037,-0.0089,-0.013500000000000002,23.0,-0.019700000000000002,-0.0803555457344729,31.945800272255937,-1.942294971801097,-2.0239727988701888,0.08167782706909188,43.02125974999998
2018-12-10,0,0,1,0,0,0,0,0,40.354324,0.6587982,-0.0142,-0.0534,2.125,64.0,1.197085393433155,0.275133636163716,-0.0032000000000000015,-0.0227,-234.0,-0.0392,-0.027225145142274365,33.410059065915156,-1.9583153809305571,-2.0108413152822626,0.052525934351705494,42.72895294999998
2018-12-11,0,1,1,1,0,0,0,0,40.123528,-0.57193637,-0.1557,-0.0489,2.125,383.0,1.2139654744321848,-1.0100886423912112,-0.14150000000000001,0.004500000000000004,319.0,0.1068,-1.2852222785549272,32.74697470174105,-1.966961076049877,-2.0020652674357855,0.03510419138590848,42.44818634999997
2018-12-12,0,0,0,0,0,0,0,0,40.235367,0.27872324,-0.0488,-0.0227,0.4583,168.0,-0.9046039419803175,-0.016600483549159478,0.1069,0.026199999999999998,-215.0,0.0261,0.9934881588420518,33.4363855627176,-1.9423976283393714,-1.9901317396165026,0.04773411127713123,42.237610849999975
2018-12-13,0,1,0,0,1,0,0,1,40.67554,1.0940194,-0.0048,-0.0147,2.3333,384.0,1.4483279572908816,0.3905319849669602,0.044000000000000004,0.008000000000000002,216.0,-0.009899999999999999,0.40713246851611967,36.20808872744693,-1.8659036607218553,-1.9652861238375732,0.09938246311571786,41.99420009999997
2018-12-14,0,0,0,0,0,0,0,0,39.374027,-3.199768,-0.0023,-0.0141,0.9583,613.0,-0.26540005721383103,0.4141263716716239,0.0024999999999999996,0.0005999999999999998,229.0,-0.0118,0.02359438670466374,31.969205448425846,-1.8885330289905085,-1.9499355048681601,0.061402475877651685,41.66049209999997
2018-12-17,0,0,1,1,0,0,0,0,39.007595,-0.93061924,-0.1799,-0.0323,0.2083,80.0,-1.1746950449221298,-1.1870619850041668,-0.1776,-0.0182,-533.0,0.1476,-1.6011883566757907,30.873335602250755,-1.9139718898392744,-1.942742781862383,0.028770892023108674,41.39971154999997
2018-12-18,0,1,0,0,1,0,0,0,39.5144,1.299262,-0.0108,-0.0278,0.4167,230.0,-0.887695312338531,0.361441648213251,0.1691,0.004500000000000004,150.0,-0.016999999999999998,1.5485036332174178,34.231318288265996,-1.871662086916352,-1.9285266428731769,0.056864555956824825,41.26991589999997
2018-12-19,0,0,0,0,0,0,0,0,38.281887,-3.1191707,-0.0028,-0.0246,0.25,193.0,-1.0723767731580716,0.4322790300760232,0.008,0.003199999999999998,-37.0,-0.0218,0.07083738186277222,30.36781175286845,-1.9155040238067542,-1.9259221190598923,0.010418095253138082,41.080873599999975
2018-12-20,0,0,0,0,0,0,0,0,37.315857,-2.523464,-0.0109,-0.0338,1.8333,187.0,0.8559863721746367,0.36031193675434975,-0.0081,-0.009199999999999996,-6.0,-0.022899999999999997,-0.07196709332167345,27.72640447950043,-2.0050862361988706,-1.9417549424876879,-0.06333129371118273,40.84352979999998
2018-12-21,0,1,0,1,0,0,0,0,35.864437,-3.8895667,-0.0471,-0.0674,0.6667,294.0,-0.5822323939997849,0.04022058445519765,-0.0362,-0.033600000000000005,107.0,-0.0203,-0.3200913522991521,24.30568881048252,-2.16820453666336,-1.9870448613228224,-0.18115967534053778,40.58703214999998
2018-12-24,0,0,0,0,0,0,0,0,34.936485,-2.5874019,-0.0027,-0.0247,0.0,51.0,-1.3981076621961992,0.44891508840327604,0.0444,0.0427,-243.0,-0.022,0.4086945039480784,22.402681247009173,-2.3453195522789727,-2.0586997995140526,-0.28661975276492013,40.256417649999975
2018-12-25,0,1,1,0,0,0,0,0,34.936485,0.0,-0.016,-0.0546,0.1667,79.0,-1.2021794593524442,0.3293336409925577,-0.0133,-0.029900000000000003,28.0,-0.0386,-0.11958144741071836,22.402681247009177,-2.4573575895586828,-2.1384313575229785,-0.31892623203570425,39.93032374999997
2018-12-26,0,0,0,0,0,0,0,0,37.396755,7.0421576,-0.0013,-0.023,0.0,65.0,-1.402852000660806,0.4649634405179721,0.014700000000000001,0.0316,-14.0,-0.0217,0.13562979952541443,37.45914606029449,-2.3208717487999593,-2.1749194357783748,-0.1459523130215845,39.647534299999975
2018-12-27,0,0,0,0,0,0,0,0,37.154057,-0.64898133,-0.0058,-0.0156,0.625,155.0,-0.6247838715850081,0.4237892252595276,-0.0045,0.0074,90.0,-0.0098,-0.0411742152584445,36.70258998969158,-2.2068502410966815,-2.1813055968420363,-0.0255446442546452,39.36914664999997
2018-12-28,0,0,0,0,0,0,0,0,37.173096,0.051236153,0.0031,-0.0136,0.6667,168.0,-0.5724791688285188,0.5023241349844085,0.0089,0.002,13.0,-0.0167,0.07853490972488092,36.810408026186145,-2.090849079892152,-2.1632142934520595,0.07236521355990755,39.10325064999997
2018-12-31,0,0,0,0,0,0,0,0,37.53238,0.9665251,0.0011,0.0143,0.0,70.0,-1.3743950603237043,0.47284669884379915,-0.002,0.0279,-98.0,0.0132,-0.02947743614060938,38.92462731588262,-1.9474768073827136,-2.1200667962381905,0.17258998885547694,38.78108234999998
2019-01-01,0,1,0,0,0,0,0,0,37.53238,0.0,-0.0039,-0.014,0.0,92.0,-1.336678910845404,0.42698559439361133,-0.005,-0.0283,22.0,-0.010100000000000001,-0.04586110445018782,38.92462731588262,-1.8129546359592794,-2.0586443641824084,0.24568972822312896,38.55563549999997
2019-01-02,0,0,0,0,0,0,0,0,37.57522,0.11410713,-0.0067,-0.0177,1.25,55.0,0.1567052923359136,0.4019917794087841,-0.0028000000000000004,-0.0037,-37.0,-0.011,-0.024993814984827223,39.20591244728537,-1.683481884719157,-1.983611868289758,0.30012998357060106,38.332330649999975
2019-01-03,0,1,1,1,0,0,0,0,33.832443,-9.960735,-0.8321,-0.2958,2.875,388.0,2.0200817838587706,-5.178924882800149,-0.8253999999999999,-0.2781,333.0,0.5363,-5.580916662208933,27.353195882036534,-1.8614272461724042,-1.9591749438662873,0.09774769769388314,37.94532404999997
2019-01-04,0,1,1,1,0,0,0,0,35.27672,4.2689323,-0.8542,-0.2629,3.0417,507.0,2.091452507341588,-4.31815019979306,-0.02210000000000001,0.032899999999999985,119.0,0.5912999999999999,0.8607746830070893,35.461440256326995,-1.8644173014856662,-1.9402234153901632,0.07580611390449699,37.704649149999966
2019-01-07,0,0,0,1,1,1,0,1,35.198208,-0.22258162,-0.0322,-0.019,2.25,270.0,1.1613955386982926,0.2631752346868836,0.822,0.24390000000000003,-237.0,0.0132,4.581325434479943,35.23123859356902,-1.851776082127273,-1.9225339487375852,0.07075786661031214,37.446843349999966
2019-01-08,0,1,1,0,0,0,0,0,35.869186,1.9063115,-0.0738,-0.0352,2.25,321.0,1.1243312461427388,0.037348854010361685,-0.041600000000000005,-0.016200000000000003,51.0,0.0386,-0.2258263806765219,38.8827512097702,-1.7672438210102683,-1.8914759231921219,0.12423210218185354,37.23412624999997
2019-01-09,0,0,1,0,0,0,0,0,36.478306,1.6981721,-0.0896,-0.0482,2.5417,379.0,1.3928283654798894,-0.042833341012237014,-0.015799999999999995,-0.012999999999999998,58.0,0.0414,-0.0801821950225987,42.07538866244073,-1.6322845415481169,-1.8396376468633209,0.207353105315204,37.046273199999966
2019-01-10,0,0,0,0,1,0,0,0,36.594902,0.31961203,-0.0593,-0.0342,1.25,251.0,-0.01742778932028105,0.13246419576286597,0.0303,0.013999999999999999,-128.0,0.025099999999999997,0.17529753677510299,42.692498905010225,-1.4986445756840538,-1.7714390326274674,0.27279445694341353,36.84224129999997
2019-01-11,0,0,0,0,0,0,0,0,36.235615,-0.98180175,-0.058,-0.0681,1.7083,195.0,0.4690197298594228,0.14488612646010804,0.0012999999999999956,-0.03389999999999999,-56.0,-0.010099999999999991,0.012421930697242067,41.234676069434244,-1.4055233992870342,-1.6982559059593807,0.2927325066723465,36.68532069999998
2019-01-14,0,0,0,0,0,0,0,0,35.690735,-1.503706,-0.0323,-0.0377,1.25,104.0,-0.04814854524292151,0.29146036739864367,0.0257,0.030399999999999996,-91.0,-0.005399999999999995,0.14657424093853563,39.05651159323538,-1.360014062801767,-1.630607537327858,0.27059347452609095,36.519477699999975
2019-01-15,0,1,1,0,0,0,0,0,36.421207,2.0466685,-0.1375,-0.0622,1.7083,212.0,0.44348587738995243,-0.28642481875845127,-0.10520000000000002,-0.0245,108.0,0.0753,-0.5778851861570949,43.374925443091975,-1.250588593329816,-1.5546037485282496,0.3040151551984336,36.364818049999975
2019-01-16,0,1,0,0,1,0,0,0,36.866154,1.2216568,-0.0281,-0.0115,1.0,330.0,-0.31647204371984883,0.3313123840680294,0.10940000000000001,0.050699999999999995,118.0,0.0166,0.6177372028264807,45.890072016439696,-1.1151103184634152,-1.4667050625152827,0.3515947440518674,36.29403139999998
2019-01-17,0,0,0,0,0,0,0,0,37.085056,0.5937815,-0.0527,-0.0363,1.3333,255.0,0.04608593178281622,0.19683828109842783,-0.024599999999999997,-0.0248,-75.0,0.016399999999999998,-0.13447410296960155,47.13417310998083,-0.9787962932152325,-1.3691233086552725,0.39032701544004,36.28249134999997
2019-01-18,0,1,0,0,0,0,0,0,37.313477,0.6159425,-0.0107,-0.0207,0.25,259.0,-1.1277846472334987,0.4343069222902858,0.041999999999999996,0.0156,4.0,-0.01,0.23746864119185795,48.465688458094824,-0.8426215635397014,-1.2638229596321584,0.421201396092457,36.35494334999998
2019-01-21,0,0,1,0,0,0,0,0,37.313477,0.0,-0.0009,-0.036,0.2917,79.0,-1.047826993434142,0.4902878892600484,0.0098,-0.015299999999999998,-180.0,-0.0351,0.055980966969762624,48.46568845809483,-0.7263294355769361,-1.156324254821114,0.4299948192441778,36.47379294999998
2019-01-22,0,0,0,0,0,0,0,0,36.475933,-2.2446156,-0.0088,-0.017,1.0833,151.0,-0.15523521712940982,0.4460938059808481,-0.0079,0.018999999999999996,72.0,-0.0082,-0.044194083279200325,43.77693430319802,-0.6937527377647754,-1.0638099514098462,0.3700572136450708,36.550765349999985
2019-01-23,0,0,0,0,0,0,0,0,36.62345,0.40442944,-0.0036,-0.0105,0.75,303.0,-0.5090186029324503,0.47603918759918484,0.005200000000000001,0.006500000000000001,152.0,-0.006900000000000001,0.029945381618336764,44.79005116519772,-0.648555931926019,-0.9807591475130808,0.3322032155870618,36.512100099999984
2019-01-24,0,0,0,0,0,0,0,0,36.333168,-0.79262257,-0.0075,-0.0169,0.875,260.0,-0.3420061714472186,0.45613439667630407,-0.0039,-0.006399999999999998,-43.0,-0.009399999999999999,-0.019904790922880777,43.14259450557084,-0.6289107771301161,-0.9103894734364879,0.2814786963063718,36.47105564999999
2019-01-25,0,0,0,0,0,0,0,0,37.53713,3.3136845,-0.0043,-0.0212,0.6667,314.0,-0.5580451727850869,0.4569727295914913,0.0031999999999999997,-0.004300000000000002,54.0,-0.0169,0.0008383329151872565,51.16557719437503,-0.510309646995097,-0.8303735081482098,0.3200638611531128,36.48925734999999
2019-01-28,0,0,0,0,0,0,0,0,37.189747,-0.9254515,-0.006,-0.0214,1.5833,96.0,0.5596227803618153,0.44728624877692696,-0.0017000000000000001,-0.0001999999999999988,-218.0,-0.015399999999999999,-0.009686480814564358,49.01640725369643,-0.4392845034762587,-0.7521557072138195,0.31287120373756083,36.47212569999999
2019-01-29,0,0,0,0,0,0,0,0,36.804295,-1.0364771,-0.0117,-0.0162,2.9167,619.0,2.0633931011406172,0.4006253535303575,-0.0057,0.0052,523.0,-0.004499999999999999,-0.04666089524656947,46.673733317377305,-0.4093802399959614,-0.683600613770248,0.27422037377428654,36.435721449999996
2019-01-30,0,1,1,0,0,0,0,0,39.319294,6.83347,-0.2491,-0.0595,2.625,650.0,1.649450783988765,-0.9138438082633712,-0.2374,-0.0433,31.0,0.1896,-1.3144691617937287,60.08012120612262,-0.18065897100147055,-0.5830122852164925,0.40235331421502196,36.52292515
2019-01-31,0,0,1,0,1,0,0,1,39.60245,0.7201195,-0.0787,-0.0332,2.2917,511.0,1.225154491814665,0.04443267807464842,0.1704,0.026299999999999997,-139.0,0.045500000000000006,0.9582764863380197,61.260963898405585,0.023185339133831917,-0.4617727603464276,0.48495809948025953,36.8114255
2019-02-01,0,0,0,0,0,0,0,0,39.62147,0.048065186,-0.0128,-0.0107,1.3333,379.0,0.12488275049869592,0.4156218234067634,0.0659,0.0225,-132.0,0.002100000000000001,0.371189145332115,61.34368051493438,0.18414546429244183,-0.3325891154186537,0.5167345797110956,37.028663
2019-02-04,0,0,1,0,0,0,0,0,40.74693,2.840495,-0.0213,0.0122,0.2083,78.0,-1.117880871548799,0.3695963201241546,-0.008499999999999999,0.0229,-301.0,0.0335,-0.04602550328260879,65.9735132054508,0.39793558555012964,-0.18648417522489702,0.5844197607750267,37.3060991
2019-02-05,0,0,0,0,0,0,0,0,41.444084,1.7109394,-0.0134,0.0126,1.25,217.0,0.09079464875846324,0.3871697207375332,0.007899999999999999,0.0003999999999999993,139.0,0.026000000000000002,0.017573400613378587,68.49097614937777,0.6165135143354945,-0.025884637312818704,0.6423981516483133,37.584844
2019-02-06,0,1,0,0,0,0,0,0,41.458363,0.034451485,-0.0122,-0.0218,0.875,356.0,-0.32210933959619475,0.38522201553704416,0.0011999999999999997,-0.0344,139.0,-0.0096,-0.001947705200489036,68.54231268062686,0.7818772988330238,0.13566774991634983,0.6462095489166739,37.83384685
2019-02-07,0,0,0,0,0,0,0,0,40.673164,-1.8939435,-0.0173,-0.0093,0.25,233.0,-1.02018853170769,0.3456277489668885,-0.005099999999999999,0.0125,-123.0,0.008,-0.039594266570155634,62.51096451702682,0.8398885795780089,0.2765119158486816,0.5633766637293273,38.037759949999995
2019-02-08,0,0,0,0,0,0,0,0,40.720963,0.11700392,-0.0017,-0.0048,0.0833,360.0,-1.200689961203681,0.43838596520742384,0.0156,0.0045,127.0,-0.0030999999999999995,0.09275821624053532,62.72598782773734,0.8795806590268924,0.3971256644843238,0.4824549945425686,38.26202735
2019-02-11,0,0,0,0,0,0,0,0,40.486786,-0.57508945,-0.0501,-0.0349,0.9167,94.0,-0.21325316699274124,0.15079905424762832,-0.0484,-0.030100000000000002,-266.0,0.015199999999999998,-0.2875869109597955,60.88355612081562,0.8819739445321204,0.4940953204938831,0.3878786240382373,38.5018299
2019-02-12,0,1,0,0,0,0,0,0,40.83566,0.8617163,-0.0703,-0.0405,1.2083,284.0,0.14727027070348384,0.006752330865767531,-0.020200000000000003,-0.005600000000000001,190.0,0.0298,-0.14404672338186078,62.643965629830674,0.90162844520394,0.5756019454358945,0.32602649976804554,38.722552549999996
2019-02-13,0,1,0,0,0,0,0,0,40.665997,-0.41547418,0.002,-0.0063,1.625,333.0,0.6383454564490304,0.44229682796158726,0.0723,0.0342,49.0,-0.0083,0.4355444970958197,61.20145407260732,0.8932179321097422,0.639125142770664,0.2540927893390782,38.91254469999999
2019-02-14,0,1,1,0,0,0,0,0,40.814156,0.36432743,-0.077,-0.0125,1.75,396.0,0.7643647585472303,-0.034658679041402816,-0.079,-0.006200000000000001,63.0,0.0645,-0.47695550700299005,62.023841884217454,0.8882683286073387,0.688953779937999,0.19931454866933973,39.09899969999999
2019-02-15,0,0,0,0,1,0,0,0,40.72334,-0.22248626,-0.035,-0.0332,0.625,254.0,-0.5743301359997868,0.22593141096295657,0.041999999999999996,-0.0207,-142.0,0.001800000000000003,0.2605900900043594,61.16797867179805,0.867023136933291,0.7245676513370574,0.14245548559623367,39.26949284999999
2019-02-18,0,0,0,0,0,0,0,0,40.72334,0.0,-0.0029,-0.008,0.4167,139.0,-0.7970001359982644,0.3988347631310155,0.032100000000000004,0.0252,-115.0,-0.0051,0.17290335216805894,61.16797867179806,0.8404974381922798,0.7477536087081018,0.09274382948417803,39.43998599999999
2019-02-19,0,0,0,0,0,0,0,0,40.84521,0.299263,-0.0007,-0.0077,0.3333,188.0,-0.8683921907455987,0.3849794621512614,0.0021999999999999997,0.0002999999999999999,49.0,-0.007,-0.013855300979754126,61.98439450054614,0.8198587005667903,0.7621746270798395,0.057684073486950815,39.65844984999999
2019-02-20,0,0,0,0,0,0,0,0,41.108078,0.6435394,-0.0063,-0.0076,0.7083,245.0,-0.4280012545512969,0.3419333861898717,-0.0056,0.00010000000000000026,57.0,-0.0013,-0.04304607596138971,63.75450759968375,0.8153151574064523,0.7728027331451621,0.042512424261290205,39.88268124999998
2019-02-21,0,0,0,0,0,0,0,0,40.87628,-0.563854,-0.012,-0.0067,1.2083,278.0,0.14529271721247247,0.3032903642655081,-0.0057,0.0008999999999999998,33.0,0.0053,-0.038643021924363585,61.054806937713366,0.7839730519970018,0.7750367969155301,0.008936255081471778,40.10983684999998
2019-02-22,0,0,0,0,0,0,0,0,41.33269,1.1165738,-0.0135,0.0042,0.125,323.0,-1.122148459407582,0.29342647042480874,-0.0014999999999999996,0.0109,45.0,0.0177,-0.009863893840699356,64.26362683402893,0.7868918804995957,0.7774078136323432,0.00948406686725245,40.299614849999976
2019-02-25,0,0,0,0,0,0,0,0,41.63379,0.7284522,0.0002,-0.0121,0.4583,104.0,-0.7223138280351833,0.3812364103376991,0.0137,-0.0163,-219.0,-0.0123,0.08780993991289038,66.23985064461154,0.804230656329274,0.7827723821717294,0.021458274157544643,40.52181699999998
2019-02-26,0,1,0,0,0,0,0,0,41.657673,0.057399273,-0.0338,-0.02,0.25,151.0,-0.9383895243727409,0.16599792851968767,-0.033999999999999996,-0.0079,47.0,0.013799999999999996,-0.21523848181801145,66.39857593972395,0.8105553421635889,0.7883289741701013,0.02222636799348765,40.764485899999976
2019-02-27,0,1,0,0,0,0,0,0,41.786713,0.30975342,-0.0014,-0.0117,0.0833,220.0,-1.1312357847225387,0.3722401845976805,0.0324,0.0083,69.0,-0.0103,0.20624225607799282,67.29331915951744,0.8165672716102605,0.7939766336581331,0.022590637952127457,40.88785684999998
2019-02-28,0,0,0,0,0,0,0,0,41.375694,-0.9835899,-0.0018,-0.0052,0.0,214.0,-1.202335238993427,0.3696132244259357,-0.00039999999999999996,0.006500000000000001,-6.0,-0.0034,-0.0026269601717447966,61.66116319277144,0.7791840223549755,0.7910181113975016,-0.01183408904252603,40.97651904999997
2019-03-01,0,0,0,0,0,0,0,0,41.81061,1.051116,-0.0026,-0.0091,0.25,178.0,-0.9168157389576603,0.3634137549044586,-0.0007999999999999999,-0.0039000000000000007,-36.0,-0.006500000000000001,-0.006199469521477097,64.99932450298904,0.775709715703627,0.7879564322587267,-0.01224671655509968,41.08597604999997
2019-03-04,0,0,0,0,0,0,0,0,42.020885,0.502944,-0.0133,-0.0083,0.1667,87.0,-0.9805788469329018,0.29404543601483335,-0.0107,0.0008000000000000004,-91.0,0.004999999999999999,-0.06936831888962525,66.51727003176526,0.7809217578918464,0.7865494973853506,-0.005627739493504258,41.149673799999974
2019-03-05,0,1,0,0,0,0,0,0,41.944427,-0.18197894,-0.0117,0.0124,0.3333,191.0,-0.759563108448202,0.2896433477795481,0.001599999999999999,0.0207,104.0,0.0241,-0.004402088235285262,65.40650882171576,0.7700066598012185,0.7832409298685242,-0.013234270067305709,41.17469094999997
2019-03-06,0,1,0,0,0,0,0,0,41.703083,-0.5753994,-0.0012,-0.0121,1.0,212.0,0.012267844817278314,0.3522730511737684,0.0105,-0.0245,21.0,-0.0109,0.0626297033942203,61.89311460309812,0.7334274272823436,0.7732782293512881,-0.039850802068944535,41.18692694999997
2019-03-07,0,0,0,0,0,0,0,0,41.22038,-1.1574626,-0.0188,-0.0153,1.0417,313.0,0.08863387221229578,0.23978024699259437,-0.0176,-0.0031999999999999997,101.0,0.0035000000000000014,-0.11249280418117402,55.47468299573068,0.6579041148839977,0.75020340645783,-0.09229929157383232,41.21428774999997
2019-03-08,0,0,0,0,0,0,0,0,41.318348,0.23767948,-0.0003,-0.0033,0.375,314.0,-0.6990782386390179,0.359534344605486,0.0185,0.012,1.0,-0.003,0.11975409761289163,56.461527430622226,0.5990510568524243,0.7199729365367489,-0.12092187968432455,41.24415699999997
2019-03-11,0,0,1,0,0,0,0,0,42.749725,3.464222,-0.0167,0.0184,1.5417,93.0,0.6745602596335936,0.2367373367240227,-0.016399999999999998,0.0217,-221.0,0.0351,-0.1227970078814633,67.71904294233188,0.6602982386584273,0.7080379969610846,-0.04773975830265731,41.357303949999974
2019-03-12,0,1,0,0,0,0,0,0,43.230026,1.1235356,0.005,0.0116,1.4167,467.0,0.5051547305520777,0.3762753001926375,0.0217,-0.0068000000000000005,374.0,0.006599999999999999,0.1395379634686148,70.4775023739404,0.7390737658436635,0.7142451507376004,0.024828615106063046,41.47702224999997
2019-03-13,0,0,0,0,0,0,0,0,43.421177,0.44220686,-0.0145,0.0148,1.625,240.0,0.730160355196439,0.25058509832948,-0.0195,0.0032000000000000015,-227.0,0.0293,-0.1256902018631575,71.52053940021604,0.8076185034862959,0.7329198212873396,0.07469868219895637,41.61478124999998
2019-03-14,0,1,1,0,0,0,0,0,43.90388,1.1116505,-0.1203,0.0081,1.75,259.0,0.8841361372190093,-0.4267418108786126,-0.1058,-0.006700000000000001,19.0,0.12840000000000001,-0.6773269092080927,74.01699639833629,0.890624238066863,0.7644607046432442,0.12616353342361875,41.76926744999997
2019-03-15,0,1,1,0,1,0,0,1,44.47499,1.3008237,-0.0459,-0.0134,1.875,318.0,1.0036752641170796,0.057619881913355486,0.0744,-0.0215,59.0,0.0325,0.4843616927919681,76.62748730381516,0.9910662895124105,0.8097818216170775,0.18128446789533303,41.95684994999998
2019-03-18,0,0,0,0,0,0,0,0,44.929028,1.0208488,-0.0231,-0.0063,2.5833,96.0,1.776509218442174,0.20843479907735046,0.022800000000000004,0.0071,-222.0,0.0168,0.15081491716399498,78.4787083721968,1.0946855572886989,0.8667625687514018,0.2279229885372971,42.16713434999998
2019-03-19,0,1,0,0,0,0,0,0,44.57297,-0.79247355,0.0026,-0.0034,2.2083,460.0,1.2870112419204913,0.3736339604131334,0.0257,0.0029000000000000002,364.0,-0.006,0.16519916133578294,73.55833563529124,1.1349902080275172,0.9204080966066248,0.21458211142089234,42.35352234999998
2019-03-20,0,0,0,0,0,0,0,0,44.962475,0.8738518,-0.0019,0.0042,1.75,333.0,0.720285104092443,0.3444040545965685,-0.0045,0.007599999999999999,-127.0,0.0060999999999999995,-0.029229905816564927,75.37704499015007,1.1847051884294117,0.9732675149711822,0.2114376734582295,42.54624219999998
2019-03-21,0,0,0,0,0,0,0,0,46.61847,3.6830306,0.0009,0.0123,1.7083,357.0,0.648916557723428,0.36181915665005143,0.0028,0.0081,24.0,0.0114,0.017415102053482956,81.27423115549048,1.342256923064177,1.0470653965897811,0.29519152647439584,42.83335169999999
2019-03-22,0,0,0,0,0,0,0,0,45.65306,-2.0708382,0.0234,0.0477,1.7917,312.0,0.7247699531833852,0.5055982771153744,0.0225,0.0354,-45.0,0.0243,0.14377912046532298,70.65091912560455,1.3733857530707425,1.1123294678859734,0.2610562851847691,43.049370199999984
2019-03-25,0,0,0,0,0,0,0,0,45.101067,-1.2091041,0.0024,0.0066,2.5417,263.0,1.559466734653031,0.3688572813626089,-0.021,-0.0411,-49.0,0.004200000000000001,-0.1367409957527655,65.3881695067987,1.338089688226077,1.157481511953994,0.18060817627208303,43.222734049999985
2019-03-26,0,0,0,0,0,0,0,0,44.635105,-1.033175,-0.001,-0.0021,2.9583,2010.0,1.9627597282722202,0.3463936874358392,-0.0034,-0.0087,1747.0,-0.0010999999999999998,-0.02246359392676972,61.2411163265537,1.2580164329976213,1.1775884961627194,0.0804279368349019,43.37160564999998
2019-03-27,0,0,0,0,0,0,0,0,45.036552,0.89941025,-0.0079,-0.0118,2.0417,806.0,0.8736973135002597,0.3016665646203929,-0.006900000000000001,-0.0097,-1204.0,-0.003899999999999999,-0.04472712281544633,63.39509832281276,1.2129688691235074,1.184664570754877,0.028304298368630354,43.53409759999998
2019-03-28,0,0,0,0,0,0,0,0,45.096302,0.13264418,-0.0038,-0.0112,1.0417,378.0,-0.2557307953249338,0.31878536511549527,0.004100000000000001,0.0005999999999999998,-428.0,-0.0074,0.017118800495102393,63.718284663070214,1.1686185684343968,1.181455370290781,-0.01283680185638425,43.72012799999999
2019-03-29,0,0,0,0,0,0,0,0,45.39021,0.65175295,-0.0004,-0.0134,1.5833,283.0,0.43545894280153397,0.6026607863745491,0.0034,-0.0022000000000000006,-95.0,-0.013000000000000001,0.28387542125905385,65.33937894337302,1.1439992437527948,1.173964144983184,-0.029964901230389085,43.89910799999999
2019-04-01,0,0,0,0,0,0,0,0,45.698463,0.6791353,0.0016,0.013,1.9167,117.0,0.8619583115119646,0.6340477065394353,0.002,0.0264,-166.0,0.011399999999999999,0.0313869201648862,67.00453631978424,1.136263553546378,1.1664240266958228,-0.0301604731494447,44.08298689999999
2019-04-02,0,1,1,0,0,0,0,0,46.362766,1.4536738,-0.0055,-0.0547,1.5417,318.0,0.41371896453515533,0.4467151149364004,-0.0070999999999999995,-0.0677,201.0,-0.0492,-0.1873325916030349,70.3143880308354,1.1702467871049294,1.1671885787776441,0.0030582083272852056,44.30390384999998
2019-04-03,0,0,0,0,0,0,0,0,46.680595,0.6855011,-0.0027,0.0118,1.0,239.0,-0.2447859426337621,0.4872979565923849,0.0027999999999999995,0.0665,-79.0,0.014499999999999999,0.04058284165598447,71.77329141496472,1.2088895622621436,1.175528775474544,0.03336078678759957,44.55277944999999
2019-04-04,0,1,0,0,0,0,0,0,46.76184,0.17404556,-0.0017,-0.0251,1.0833,279.0,-0.1332203380916867,0.49040911428197437,0.0010000000000000002,-0.0369,40.0,-0.0234,0.003111157689589472,72.15007533057654,1.2318698041971459,1.1867969812190644,0.04507282297808146,44.82985244999999
2019-04-05,0,0,0,0,0,0,0,0,47.074875,0.66941977,-0.0088,-0.0266,0.8333,254.0,-0.4392836099570068,0.30211472006114776,-0.0071,-0.0014999999999999979,-25.0,-0.017799999999999996,-0.1882943942208266,73.61166365444303,1.260807317916047,1.201599048558461,0.05920826935758616,45.117678799999986
2019-04-08,0,0,0,0,0,0,0,0,47.815647,1.5736103,-0.0105,0.0115,1.0833,103.0,-0.11097552399623505,0.25235258448678677,-0.0017000000000000001,0.038099999999999995,-151.0,0.022,-0.04976213557436099,76.72462716592763,1.3282039076625836,1.2269200203792854,0.10128388728329818,45.370974899999986
2019-04-09,0,0,0,0,0,0,0,0,47.67226,-0.2998531,-0.0024,0.0229,1.5,217.0,0.43586678349797253,0.42269088427051754,0.008100000000000001,0.0114,114.0,0.0253,0.17033829978373077,74.88319266844688,1.3544329975476188,1.2524226158129521,0.1020103817346667,45.59308659999999
2019-04-10,0,1,1,0,0,0,0,0,47.93989,0.5614042,0.0178,-0.0442,1.4583,244.0,0.37132658253387063,0.9201067543625494,0.0202,-0.0671,27.0,-0.062,0.49741587009203186,76.03912868103643,1.3808971221293689,1.2781175170762356,0.10277960505313333,45.819022249999996
2019-04-11,0,0,1,0,0,0,1,0,47.540836,-0.8324206,0.0336,-0.029,0.75,292.0,-0.5364843361817452,1.280317244427887,0.015799999999999998,0.015200000000000002,48.0,-0.0626,0.36021049006533756,70.80645368730191,1.3540610360081828,1.293306220862625,0.06075481514555792,46.000870049999996
2019-04-12,0,0,1,0,0,0,0,0,47.52173,-0.040209293,-0.0718,-0.0197,0.875,197.0,-0.3919748584150145,-1.364729939577282,-0.1054,0.009300000000000003,-95.0,0.05210000000000001,-2.6450471840051692,70.55610574837513,1.3160805920555916,1.2978610951012182,0.018219496954373415,46.15320705
2019-04-15,0,0,0,0,0,0,0,0,47.607746,0.1810193,-0.0282,-0.0103,0.9583,107.0,-0.300472395673123,-0.2572540974071714,0.0436,0.009399999999999999,-90.0,0.0179,1.1074758421701105,71.05233107517303,1.2781874397616164,1.2939263640332979,-0.015738924271681443,46.287142949999996
2019-04-16,0,1,0,0,1,0,0,1,47.612522,0.010037422,-0.007,-0.0114,2.1667,301.0,1.2617183388436504,0.2754889341759577,0.0212,-0.0011000000000000003,194.0,-0.0044,0.5327430315831292,71.08147376220386,1.2343138254029569,1.2820038563072296,-0.04769003090427271,46.43912055
2019-04-17,0,1,1,0,0,0,1,0,48.539677,1.9473076,-0.0257,0.0222,2.75,603.0,1.9232146000511847,-0.18593776953789892,-0.0187,0.033600000000000005,302.0,0.0479,-0.46142670371385663,76.10965694777082,1.259834739219933,1.2775700328897703,-0.017735293669837393,46.61798065
2019-04-18,0,0,1,0,0,0,1,0,48.714123,0.35936832,-0.0277,0.0244,1.5417,416.0,0.3743283880432659,-0.22787002590706137,-0.0019999999999999983,0.0022000000000000006,-187.0,0.0521,-0.04193225636916245,76.92269953370321,1.279388586350386,1.2779337435818934,0.0014548427684926146,46.7227633
2019-04-19,0,0,0,0,1,0,0,0,48.714123,0.0,-0.0102,0.0101,0.2917,231.0,-1.1972962677167398,0.21555850694000794,0.017499999999999998,-0.014300000000000002,-185.0,0.0203,0.4434285328470693,76.92269953370321,1.280128625140911,1.278372719893697,0.001755905247214029,46.875816449999995
2019-04-22,0,0,0,0,0,0,0,0,48.874226,0.32866,-0.0023,-0.023,0.1667,59.0,-1.307606670624167,0.4128966499286951,0.0079,-0.0331,-172.0,-0.0207,0.19733814298868718,77.72943287345431,1.2788918164993959,1.2784765392148367,0.0004152772845591457,47.0644744
2019-04-23,0,0,0,0,0,0,0,0,49.579147,1.4423251,-0.0129,-0.0227,0.4583,187.0,-0.9234184676644078,0.14637753122958272,-0.0106,0.0002999999999999982,128.0,-0.009800000000000001,-0.2665191186991124,80.89603923857868,1.3195815554099042,1.2866975424538503,0.03288401295605392,47.311676500000004
2019-04-24,0,0,0,0,0,0,0,0,49.50269,-0.15422702,-0.0215,-0.0364,0.6667,265.0,-0.6304983411639145,-0.2560056620877227,-0.008599999999999998,-0.0137,78.0,-0.014900000000000004,-0.40238319331730543,79.5744456783718,1.3303238801356798,1.295422809990216,0.03490107014546373,47.5349834
2019-04-25,0,0,0,0,0,0,0,0,49.053448,-0.9075105,-0.0168,-0.0115,1.0,200.0,-0.16479858536410966,-0.11987521883223885,0.004699999999999999,0.024900000000000002,-65.0,0.005299999999999999,0.13613044325548385,72.11908520874884,1.287742876657184,1.2938868233236096,-0.006143946666425704,47.732840700000004
2019-04-26,0,1,0,0,1,0,0,0,48.81927,-0.47739744,-0.0056,-0.0319,0.5,242.0,-0.8161082228288139,0.3354539468014573,0.011199999999999998,-0.020399999999999998,42.0,-0.026299999999999997,0.45532916563369613,68.51550406526938,1.2210256930012946,1.2793145972591466,-0.05828890425785205,47.9042937
2019-04-29,0,0,0,0,0,0,0,0,48.893337,0.1517415,-0.0062,-0.0073,0.625,140.0,-0.6636214217557805,0.30047813855268785,-0.0005999999999999998,0.024599999999999997,-102.0,-0.0011000000000000003,-0.03497580824876945,69.04238792575057,1.160748051185415,1.2556012880444003,-0.09485323685898539,48.064037400000004
2019-04-30,0,1,1,0,0,0,1,0,47.95184,-1.9256175,-0.0207,0.0218,1.7083,218.0,0.7883275175945791,-0.29006452473502237,-0.014499999999999999,0.0291,78.0,0.042499999999999996,-0.5905426632877102,56.17380169464489,1.0251889067292623,1.2095188117813727,-0.18432990505211033,48.1434911
2019-05-01,1,1,1,0,1,0,0,1,50.305595,4.9085617,0.3134,0.1485,2.5417,337.0,1.8206905444177288,6.597864385165826,0.3341,0.12669999999999998,119.0,-0.16490000000000002,6.8879289099008485,70.81780878948028,1.095062466978952,1.1866275428208886,-0.09156507584193663,48.3247411
2019-05-02,0,0,1,0,0,0,0,0,49.97822,-0.65077543,0.2579,0.079,0.9583,257.0,-0.27036512133296253,4.3871547343262485,-0.055499999999999994,-0.06949999999999999,-80.0,-0.1789,-2.2107096508395774,67.44238734264766,1.111211980371401,1.171544430330991,-0.060332449959590084,48.4855601
2019-05-03,0,0,0,0,0,0,0,0,50.599503,1.2431264,0.0443,0.0411,0.125,137.0,-1.376407856645952,0.7868234651737828,-0.2136,-0.0379,-120.0,-0.0032000000000000015,-3.600331269152466,70.33238079537027,1.1607623856746372,1.1693880213997203,-0.008625635725083125,48.6617915
2019-05-06,0,0,1,0,0,0,0,0,49.81811,-1.5442789,-0.0828,-0.0157,1.0,102.0,-0.21830917718158757,-1.3121012909228216,-0.1271,-0.056799999999999996,-35.0,0.06709999999999999,-2.0989247560966042,62.783934577151435,1.1240225221865856,1.1603149215570934,-0.036292399370507766,48.76191465
2019-05-07,0,1,1,1,0,0,0,0,48.475166,-2.6956975,-0.0479,-0.0078,0.7917,245.0,-0.484429862177597,-0.7458754298421076,0.0349,0.007899999999999999,143.0,0.0401,0.5662258610807139,52.379136606094654,0.9752989194858372,1.123311721142842,-0.1480128016570048,48.80205995
2019-05-08,0,1,0,0,0,0,0,0,48.48473,0.019717216,-0.0086,-0.0085,0.0833,258.0,-1.3700811725986723,-0.08970147318442298,0.0393,-0.000700000000000001,13.0,9.99999999999994e-05,0.6561739566576846,52.43958671541649,0.8484260009084963,1.068334577095973,-0.2199085761874766,48.82930195
2019-05-09,0,0,0,0,1,0,0,0,47.9638,-1.0744154,-0.001,-0.0048,0.2083,186.0,-1.1659384713875756,0.015774801830040684,0.0076,0.003700000000000001,-72.0,-0.0037999999999999996,0.10547627501446366,48.805517207101865,0.6977997997335592,0.9942276216234902,-0.296427821889931,48.85045015
2019-05-10,0,0,0,0,0,0,0,0,47.299324,-1.3800323,-0.0065,0.0073,0.5417,146.0,-0.7303262532282886,-0.08507506393709428,-0.0055,0.0121,-40.0,0.0138,-0.10084986576713496,44.56327301202654,0.5188290518075149,0.8991479076602952,-0.38031885585278025,48.83932985
2019-05-13,0,0,0,0,0,0,0,0,44.550335,-5.8119416,-0.011,-0.0379,2.0,82.0,1.1220652145902164,-0.1587468382936865,-0.0045,-0.045200000000000004,-64.0,-0.026900000000000004,-0.07367177435659221,32.123179291263305,0.15340465326935515,0.7499992567821072,-0.5965946035127521,48.686459299999996
2019-05-14,0,1,1,1,0,0,0,0,45.25556,1.5830278,-0.5919,-0.2742,1.7917,333.0,0.8243890804457312,-6.013789503676048,-0.5809,-0.2363,251.0,0.3177,-5.855042665382361,36.98324341151202,-0.07838744989608415,0.5843219154464689,-0.6627093653425531,48.5686112
2019-05-15,0,0,1,1,0,0,0,0,45.797684,1.1979222,-0.2142,-0.0479,0.5417,219.0,-0.7899250942387436,-1.9928341984074183,0.3777,0.2263,-114.0,0.1663,4.020955305268629,40.50957537465645,-0.21585128628045425,0.4242872751010843,-0.6401385613815386,48.431511549999996
2019-05-16,0,0,0,0,0,0,0,0,45.5962,-0.4399717,-0.0345,-0.0162,0.6667,191.0,-0.614688228918764,-0.1920388186919288,0.1797,0.0317,-28.0,0.018300000000000004,1.8007953797154894,39.62215008862163,-0.337163827193784,0.27199705464211066,-0.6091608818358947,48.2756154
2019-05-17,0,0,0,0,0,0,0,0,45.337135,-0.5681813,-0.0172,-0.021,0.1667,162.0,-1.2613196125964277,-0.018477443258694937,0.017300000000000003,-0.004800000000000002,-29.0,-0.0038000000000000013,0.17356137543323386,38.45564387100265,-0.44903309626042187,0.12779102446160415,-0.576824120722026,48.106766
2019-05-20,0,0,0,0,1,0,0,0,43.919437,-3.1269848,-0.0052,-0.0343,0.7083,71.0,-0.5702855872385888,0.10239610916799081,0.012,-0.013299999999999996,-91.0,-0.029099999999999997,0.12087355242668575,32.76993893214899,-0.6446554911558238,-0.026698278661881458,-0.6179572124939423,47.859026549999996
2019-05-21,0,1,1,0,0,0,0,0,44.761414,1.9171,-0.0649,-0.0266,1.2083,175.0,0.05729000859229672,-0.48843653478702304,-0.0597,0.0076999999999999985,104.0,0.0383,-0.5908326439550139,38.57822231881497,-0.7234081425279371,-0.16604025143509257,-0.5573678910928445,47.618139899999996
2019-05-22,0,1,0,0,1,0,0,0,43.84508,-2.0471632,-0.0107,-0.0219,1.7917,290.0,0.7941289800074175,0.0540518733124076,0.0542,0.004699999999999999,115.0,-0.0112,0.5424884080994307,35.031098830008126,-0.8499628392721448,-0.302824769002503,-0.5471380702696418,47.3352594
2019-05-23,0,0,0,0,0,0,0,0,43.096645,-1.7069697,-0.0651,-0.04,0.9583,263.0,-0.33968903625497066,-0.4775741518594861,-0.054400000000000004,-0.0181,-27.0,0.025100000000000004,-0.5316260251718937,32.409917905971305,-0.9991334097780395,-0.4420864971576103,-0.5570469126204293,47.03741924999999
2019-05-24,0,0,0,0,1,0,0,0,42.93115,-0.38406253,-0.0136,-0.0241,0.4167,182.0,-1.0821462564079707,0.03740452820916153,0.051500000000000004,0.0159,-81.0,-0.0105,0.5149786800686477,31.842547709969356,-1.1178206839945943,-0.5772333345250071,-0.5405873494695872,46.74301325
2019-05-27,0,0,0,0,0,0,0,0,42.93115,0.0,-0.014,-0.0106,0.7917,103.0,-0.5946184579093557,0.033534668081507985,-0.00040000000000000105,0.0135,-79.0,0.0034000000000000002,-0.0038698601276535433,31.84254770996935,-1.198070591896517,-0.7014007859993091,-0.496669805897208,46.4449039
2019-05-28,0,0,0,0,0,0,0,0,42.753624,-0.41347742,-0.0115,-0.0208,1.5417,129.0,0.4182712512807581,0.05841565071876916,0.0025000000000000005,-0.010199999999999999,26.0,-0.0093,0.024880982637261177,31.163835062823896,-1.2614528434789705,-0.8134111974952414,-0.4480416459837291,46.1849931
2019-05-29,0,0,0,0,0,0,0,0,42.549736,-0.47690868,-0.0129,-0.0196,1.2083,394.0,-0.052501971105583654,0.046416490778922986,-0.0014000000000000002,0.0011999999999999997,265.0,-0.006699999999999999,-0.011999159939846175,30.363369810430846,-1.313000341516748,-0.9133290262995427,-0.3996713152172052,45.797200149999995
2019-05-30,0,0,0,0,0,0,0,0,42.770412,0.5186558,-0.0316,-0.0126,0.8333,240.0,-0.5709423878261389,-0.13783159775257206,-0.0187,0.006999999999999999,-154.0,0.019000000000000003,-0.18424808853149505,32.387627888193435,-1.320819807597438,-0.9948271825591217,-0.3259926250383163,45.436809749999995
2019-05-31,0,0,0,0,1,0,0,0,41.99561,-1.811552,-0.0175,-0.0245,0.875,210.0,-0.5298362506557988,0.005549261627300568,0.014100000000000001,-0.0119,-30.0,-0.006999999999999999,0.14338085937987263,29.180334338058632,-1.3737016592834763,-1.0706020779039926,-0.3030995813794837,45.0066151
2019-06-03,0,0,0,0,0,0,0,0,41.571007,-1.0110259,-0.0006,-0.0054,2.875,217.0,2.1689874223667833,0.1713028450691623,0.016900000000000002,0.0191,7.0,-0.0048000000000000004,0.16575358344186172,27.5690983930391,-1.4333500540883932,-1.1431516731408728,-0.2901983809475204,44.594259949999994
2019-06-04,0,0,0,0,0,0,0,0,43.091858,3.65839,-0.0071,-0.002,2.9583,1592.0,2.155805751943018,0.10856946802387595,-0.006500000000000001,0.0034000000000000002,1375.0,0.0051,-0.06273337704528635,40.28725593894219,-1.3424272060969358,-1.1830067797320853,-0.15942042636485043,44.325094549999996
2019-06-05,0,0,0,0,0,0,0,0,43.7875,1.6143322,-0.02,-0.0088,2.2083,637.0,1.1572104618392591,-0.01912524756424683,-0.0129,-0.0068000000000000005,-955.0,0.0112,-0.1276947155881228,45.04087050503529,-1.2004002316751752,-1.1864854701207033,-0.01391476155447191,44.090233049999995
2019-06-06,0,0,0,0,1,0,0,0,44.430378,1.4681816,-0.0065,-0.0101,1.0,395.0,-0.3809777598991468,0.0974247713850332,0.013500000000000002,-0.001299999999999999,-242.0,-0.0036,0.11655001894928002,49.07556458416476,-1.0241620467957375,-1.15402078545571,0.12985873865997255,43.913561949999995
2019-06-07,0,0,0,0,0,0,0,0,45.61298,2.661693,-0.0031,-0.0261,0.5,255.0,-0.99166533161881,0.12453017763972034,0.0034,-0.016,-140.0,-0.023000000000000003,0.027105406254687145,55.541356213376936,-0.7800737133797,-1.0792313710405081,0.29915765766080815,43.82924475
2019-06-10,0,0,0,0,0,0,0,0,46.19589,1.2779474,-0.0065,-0.0108,0.375,81.0,-1.1204372021090616,0.08752041756197369,-0.0034,0.015300000000000001,-174.0,-0.004300000000000001,-0.037009760077746645,58.34855480177963,-0.5334467431719219,-0.9700744454667909,0.436627702294869,43.9115225
2019-06-11,0,1,0,0,0,0,0,0,46.730812,1.1579633,-0.003,0.0159,1.4583,230.0,0.3094098474379609,0.12370737940941776,0.0034999999999999996,0.0267,149.0,0.0189,0.03618696184744406,60.79498160172045,-0.29146947884193253,-0.8343534521418192,0.5428839732998867,43.9852851
2019-06-12,0,0,0,0,0,0,0,0,46.582096,-0.318259,-0.0073,0.0139,0.8333,324.0,-0.49545236761586503,0.08133315795500112,-0.0043,-0.0020000000000000018,94.0,0.0212,-0.04237422145441663,59.74434892789719,-0.11042794720057714,-0.6895683511535708,0.5791404039529937,44.0245057
2019-06-13,0,0,0,0,0,0,0,0,46.5725,-0.020605326,-0.0087,-0.0061,0.5417,193.0,-0.8528318320670892,0.068861890365087,-0.0013999999999999993,-0.02,-131.0,0.002599999999999999,-0.012471267589914126,59.67268905928647,0.03190665391102954,-0.5452733501406508,0.5771800040516804,44.0733207
2019-06-14,0,0,0,0,0,0,0,0,46.23427,-0.7262349,-0.0049,-0.0091,0.625,222.0,-0.7181600503061898,0.11201391790741784,0.0037999999999999996,-0.003,29.0,-0.004200000000000001,0.04315202754233084,57.07417319083778,0.11607744789976948,-0.41300319053256673,0.5290806384323362,44.118177450000005
2019-06-17,0,0,0,0,0,0,0,0,46.510124,0.5966544,0.0107,-0.0065,1.0,130.0,-0.19514420110771416,0.267816352098936,0.0156,0.0026000000000000007,-92.0,-0.0172,0.15580243419151818,58.65549199720221,0.20270585404023933,-0.2898613816180055,0.49256723565824484,44.247711800000005
2019-06-18,0,0,0,0,0,0,0,0,47.603973,2.3518443,-0.0044,-0.0085,1.1667,277.0,0.07575842883170122,0.11620327882913696,-0.015099999999999999,-0.002000000000000001,147.0,-0.0041,-0.15161307326979906,64.27541908826834,0.3555256838763299,-0.16078396851913843,0.5163096523954683,44.38983975
2019-06-19,0,0,0,0,0,0,0,0,47.464848,-0.29226542,-0.0031,0.0085,1.375,230.0,0.39608043849925173,0.1284896003273116,0.0013000000000000004,0.017,-47.0,0.011600000000000001,0.012286321498174643,63.10057919439023,0.4601064544444782,-0.03660588392641509,0.49671233837089324,44.57082815
2019-06-20,0,0,0,0,0,0,0,0,47.846256,0.803566,-0.0028,-0.0041,2.125,267.0,1.4349895013752338,0.13134246227593835,0.0002999999999999999,-0.0126,37.0,-0.0013000000000000004,0.002852861948626745,64.98986168242882,0.5672252866053356,0.08416035017993503,0.4830649364254005,44.8083087
2019-06-21,0,1,1,0,0,0,0,0,47.683136,-0.34092665,0.0002,-0.0956,1.4167,429.0,0.4277114567829117,0.16147519865015,0.003,-0.0915,162.0,-0.09580000000000001,0.030132736374211655,63.49258366737634,0.6316737700748973,0.1936630341589275,0.43801073591596984,45.045908
2019-06-24,0,0,0,0,0,0,0,0,47.63515,-0.10061264,-0.0011,-0.006,0.7917,84.0,-0.44484083198077184,0.14883775144606576,-0.0013000000000000002,0.0896,-345.0,-0.0049,-0.012637447204084246,63.03252463926362,0.671141091652764,0.2891586456576948,0.38198244599506925,45.281107999999996
2019-06-25,0,0,0,0,0,0,0,0,46.91313,-1.515758,-0.007,-0.0033,0.5833,281.0,-0.7224088790043979,0.08962405793686365,-0.0059,0.0027,197.0,0.0037,-0.05921369350920211,56.409420861273794,0.6368174137818272,0.3586903992825213,0.27812701449930594,45.4890833
2019-06-26,0,0,0,0,0,0,0,0,47.927826,2.1629095,-0.0008,-0.0042,1.0,253.0,-0.12039345360382597,0.15179110813054938,0.0062,-0.0008999999999999998,-28.0,-0.0034,0.062167050193685736,62.3903368907982,0.6836128751218951,0.423674894450396,0.25993798067149904,45.757987799999995
2019-06-27,0,0,0,0,0,0,0,0,47.913414,-0.03002882,0.0045,0.012,1.7083,201.0,0.8818826196579586,0.20413128704261485,0.0053,0.0162,-52.0,0.007500000000000001,0.052340178912065466,62.25967320903618,0.7113358505293945,0.48120708566619574,0.23012876486319878,46.0151379
2019-06-28,0,1,0,0,0,0,0,0,47.47685,-0.9111881,-0.0148,-0.0083,2.625,600.0,2.075474902862094,0.010648723990371105,-0.0193,-0.0203,399.0,0.006500000000000001,-0.19348256305224373,58.27812926866835,0.6901241207144153,0.5229904926758396,0.16713362803857568,46.28919989999999
2019-07-01,0,0,0,0,0,0,0,0,48.34761,1.8340826,-0.0033,0.0102,1.2917,121.0,0.22746351134858617,0.12531864091350808,0.0115,0.018500000000000003,-479.0,0.013500000000000002,0.11466991692313698,63.31711771304976,0.7351029179167625,0.5654129777240242,0.1696899401927383,46.62803004999999
2019-07-02,0,0,0,0,0,0,0,0,48.630657,0.58546066,-0.0022,0.0082,0.75,270.0,-0.5038311754236879,0.13636862217860227,0.0010999999999999998,-0.002,149.0,0.010400000000000001,0.011049981265094183,64.80512081594001,0.7845447229281035,0.60923932676484,0.17530539616326346,46.90497
2019-07-03,0,0,0,0,0,0,0,0,49.033646,0.8286953,-0.0071,-0.0058,0.2917,229.0,-1.1007870866846035,0.09125882096710178,-0.0049,-0.014,-41.0,0.0013000000000000008,-0.04510980121150049,66.86591529312913,0.8464877698979194,0.656689015391456,0.18979875450646344,47.167277299999995
2019-07-04,0,0,0,0,0,0,0,0,49.033646,0.0,-0.004,-0.0104,0.1667,184.0,-1.2442216307577296,0.12910679062224836,0.0031000000000000003,-0.0046,-45.0,-0.0063999999999999994,0.037847969655146585,66.86591529312913,0.8853720628811317,0.7024256248893911,0.1829464379917406,47.39744069999999
2019-07-05,0,0,0,0,0,0,0,0,48.99047,-0.0880599,-0.0053,-0.0223,0.2083,133.0,-1.159966422385552,0.10503802486032901,-0.0013,-0.0119,-51.0,-0.017,-0.024068765761919353,66.38293409203159,0.9023030153565159,0.742401102982816,0.15990191237369988,47.56631519999999
2019-07-08,0,0,1,0,0,0,0,0,47.980587,-2.0613968,-0.0014,-0.04,1.625,133.0,0.7196518770131323,0.14002398284761297,0.0039,-0.0177,0.0,-0.0386,0.03498595798728396,56.16417507306137,0.8247248839300312,0.758865859172259,0.06585902475777217,47.655550049999995
2019-07-09,0,1,1,0,0,0,0,0,48.273235,0.60993433,-0.2391,-0.1232,1.9167,251.0,1.1223941244807805,-2.1395334912523145,-0.2377,-0.0832,118.0,0.1159,-2.2795574740999274,58.17350992679569,0.7778908620553722,0.7626708597488816,0.015220002306490565,47.73267119999999
2019-07-10,0,1,0,0,1,0,0,0,48.750607,0.9888649,-0.0068,-0.0057,0.875,356.0,-0.24588034987138316,0.11642685974136972,0.2323,0.11750000000000001,105.0,0.0010999999999999994,2.2559603509936843,61.29050890967468,0.7704136442099241,0.76421941664109,0.006194227568834032,47.84109675
2019-07-11,0,0,0,0,0,0,0,0,48.395576,-0.7282376,0.001,0.0034,1.375,269.0,0.46158118130463255,0.18757690405212293,0.0078,0.0091,-87.0,0.0024,0.07115004431075321,57.83831720545112,0.7274542211776236,0.7568663775483968,-0.029412156370773213,47.93225055
2019-07-12,0,0,0,0,0,0,0,0,48.767403,0.76828,0.0017,0.0075,0.6667,273.0,-0.5486304247964032,0.19240273099024965,0.0006999999999999999,0.0040999999999999995,4.0,0.0058,0.0048258269381267205,60.35674941486946,0.715167890070525,0.7485266800528224,-0.033358789982297465,48.0589072
2019-07-15,0,0,0,0,0,0,0,0,49.22556,0.93950033,0.002,-0.0089,0.25,81.0,-1.1444311349639007,0.19459789743349115,0.00030000000000000014,-0.016399999999999998,-192.0,-0.0109,0.0021951664432414975,63.26821989743804,0.7339399225071759,0.7456093285436931,-0.011669406036517227,48.194678999999994
2019-07-16,0,0,0,0,0,0,0,0,49.05525,-0.34599304,0.0005,0.0065,1.0833,153.0,0.02578277996258136,0.17780631496568008,-0.0015,0.0154,72.0,0.006,-0.016791582467811067,61.46123338462003,0.7266973847010476,0.741826939775164,-0.015129555074116396,48.267242849999995
2019-07-17,0,0,0,0,0,0,0,0,48.779385,-0.562346,-0.0061,-0.0085,1.125,290.0,0.07472391393328742,0.11118108248782523,-0.0066,-0.015,137.0,-0.0024000000000000002,-0.06662523247785486,58.54450126534285,0.6907352552552126,0.7316086028711737,-0.040873347615961064,48.3329697
2019-07-18,0,0,0,0,0,0,0,0,49.333504,1.1359692,0.0016,0.0081,1.0833,274.0,0.012904339346264802,0.18295002056026075,0.0077,0.0166,-16.0,0.0065,0.07176893807243552,62.40397689053583,0.6988913959428942,0.7250651614855178,-0.026173765542623628,48.4073321
2019-07-19,0,0,0,0,0,0,0,0,48.59707,-1.4927566,0.0035,0.0277,0.375,180.0,-0.9976677408740344,0.1998822590631418,0.0019,0.0196,-94.0,0.0242,0.01693223850288106,55.06646484456549,0.6385700885507006,0.7077661468985543,-0.0691960583478537,48.4530288
2019-07-22,0,0,1,0,0,0,0,0,49.707714,2.285409,0.0062,0.0371,1.4583,82.0,0.5331488465146809,0.22401543118308875,0.0026999999999999997,0.009400000000000002,-98.0,0.0309,0.02413317211994695,62.27144040509891,0.6726310347414284,0.7007391244671292,-0.02810808972570078,48.556657
2019-07-23,1,1,0,0,0,0,0,0,50.096317,0.7817745,0.0233,0.0127,2.4583,309.0,1.899240528704921,0.38239270777969053,0.0171,-0.0244,227.0,-0.010600000000000002,0.15837727659660178,64.42110328959643,0.7226513198225746,0.7051215635382182,0.01752975628435638,48.71581635
2019-07-24,0,1,0,0,0,0,0,0,50.055553,-0.08140206,-0.0209,-0.0069,1.4583,326.0,0.5457432394770922,0.008738577956917527,-0.0442,-0.0196,17.0,0.013999999999999999,-0.373654129822773,64.00910330134293,0.7503538301303436,0.7141680168566433,0.036185813273700296,48.822202700000005
2019-07-25,0,0,0,0,0,0,0,0,49.659744,-0.7907212,-0.0106,0.0049,1.1667,178.0,0.11945648004280074,0.1809497480237429,0.010299999999999998,0.0118,-148.0,0.0155,0.17221117006682538,59.99682655818555,0.7319325281762517,0.717720919120565,0.014211609055686636,48.909519200000005
2019-07-26,0,1,1,0,0,0,0,0,49.832455,0.3477931,0.0026,0.0468,2.3333,378.0,1.734858933593064,0.3438313380000171,0.0132,0.0419,200.0,0.0442,0.1628815899762742,61.14142979835555,0.722936288432436,0.7187639929829392,0.00417229544949671,49.02729945
2019-07-29,0,0,0,0,0,0,0,0,50.297817,0.9338498,-0.0025,-0.0078,1.2083,137.0,0.12020031934675303,0.26958179913417174,-0.0051,-0.0546,-241.0,-0.005299999999999999,-0.07424953886584534,64.1203845551374,0.7447722568561375,0.7239656457575789,0.020806611098558525,49.1248098
2019-07-30,0,1,0,0,0,0,0,0,50.081924,-0.42922497,-0.0074,0.0137,2.0,222.0,1.211127472138935,0.2044260519989846,-0.0049,0.0215,85.0,0.0211,-0.06515574713518715,61.75510602513544,0.7361705425800551,0.7264066251220742,0.009763917457980886,49.19737315
2019-07-31,1,1,1,0,0,0,0,0,51.1038,2.040422,0.17,0.1263,2.6667,433.0,2.0565777131237146,2.153912233948411,0.1774,0.11259999999999999,211.0,-0.04370000000000002,1.9494861819494262,67.80818049303821,0.8025590736448862,0.7416371148266366,0.06092195881824958,49.30088085
2019-08-01,0,0,1,0,0,0,0,0,49.997967,-2.1639109,0.1411,0.0472,1.9167,325.0,0.9819246511045132,1.755256554774881,-0.02890000000000001,-0.0791,-108.0,-0.09390000000000001,-0.39865567917352984,57.24866587322326,0.7572123093948804,0.7447521537402854,0.012460155654595018,49.3490969
2019-08-02,0,0,0,0,0,0,0,0,48.940113,-2.11581,-0.0276,-0.0158,1.7083,292.0,0.665254979961652,-0.08435032001410542,-0.16870000000000002,-0.063,-33.0,0.011799999999999998,-1.8396068747889864,49.33405529699751,0.6286678039637437,0.721535283784977,-0.09286747982123333,49.34657905
2019-08-05,0,0,0,1,0,0,0,0,46.378204,-5.234784,-0.0335,-0.0131,0.9583,83.0,-0.3686911760772683,-0.14471627665981165,-0.0059000000000000025,0.002700000000000001,-209.0,0.0204,-0.06036595664570624,36.25990456475067,0.3164231822844883,0.6405128634848792,-0.32408968120039094,49.2664599
2019-08-06,0,1,0,1,0,0,0,0,47.256145,1.8930435,-0.0238,-0.037,1.75,260.0,0.7566149805232679,-0.24834931064552945,0.0097,-0.023899999999999998,177.0,-0.013199999999999996,-0.1036330339857178,41.93850368051846,0.13821629997413254,0.5400535507827299,-0.40183725080859733,49.2156054
2019-08-07,0,1,0,0,1,0,0,0,47.745506,1.0355353,-0.0021,-0.0096,1.0833,303.0,-0.20481356222557404,0.11431370309554,0.0217,0.0274,43.0,-0.0075,0.36266301374106946,44.885908963020185,0.03605775343498152,0.4392543913131802,-0.4031966378781987,49.16535035
2019-08-08,0,0,0,0,0,0,0,0,48.79856,2.2055864,-0.0144,-0.0154,1.4583,250.0,0.3145523909533203,-0.1664471138265834,-0.0123,-0.005800000000000001,-53.0,-0.0010000000000000009,-0.2807608169221234,50.687111714490065,0.039612399269721266,0.3593259929044884,-0.31971359363476715,49.18549954999999
2019-08-09,0,0,0,0,1,0,0,0,48.396454,-0.8209169,-0.0047,-0.0166,1.125,308.0,-0.19166732463425643,0.04473654094336994,0.0097,-0.0011999999999999997,58.0,-0.0119,0.21118365476995332,48.58418141014672,0.009869122937743668,0.2894346189111395,-0.2795654959733958,49.16695209999999
2019-08-12,0,0,0,0,0,0,0,0,48.27365,-0.2537489,-0.001,-0.0063,1.0,110.0,-0.38397763734533447,0.12551357617784978,0.0037,0.0103,-198.0,-0.0053,0.08077703523447984,47.93015867664825,-0.023342812911394617,0.22687913254663267,-0.2502219454580273,49.11935659999999
2019-08-13,0,0,0,0,0,0,0,0,50.317955,4.2348385,-0.0029,-0.014,1.625,198.0,0.5261074711986784,0.06112473709693095,-0.0018999999999999998,-0.0077,88.0,-0.0111,-0.06438883908091883,58.0532683807099,0.11398091612887384,0.2042994892630809,-0.09031857313420705,49.18249184999999
2019-08-14,0,1,1,0,0,0,0,0,48.820255,-2.976507,0.0672,-0.0145,1.3333,302.0,0.10879025208922546,1.5799328366089223,0.0701,-0.0005000000000000004,104.0,-0.0817,1.5188080995119912,50.33281612919388,0.10079716063474109,0.18359902353741292,-0.08280186290267183,49.18453534999999
2019-08-15,0,0,0,0,0,0,0,0,48.57704,-0.49814582,-0.017,-0.0221,0.75,182.0,-0.746162164407018,-0.30263398176654493,-0.0842,-0.007600000000000001,-120.0,-0.0051,-1.8825668183754671,49.188799084133535,0.06991755549677237,0.1608627299292848,-0.09094517443251243,49.14671214999999
2019-08-16,0,0,0,0,0,0,0,0,49.723198,2.3594737,-0.0084,-0.0189,0.8333,233.0,-0.6398799279657852,-0.11173081043461972,0.008600000000000002,0.0032000000000000015,51.0,-0.0105,0.19090317133192522,54.443743343366414,0.13635875881606552,0.15596193570664094,-0.01960317689057542,49.20301854999999
2019-08-19,0,0,0,0,1,0,0,1,50.65026,1.8644094,0.0018,-0.0102,1.9583,159.0,1.0012441454721341,0.1112494791560326,0.010199999999999999,0.0087,-74.0,-0.012,0.2229802895906523,58.20856900097938,0.2608135504899707,0.1769322586633069,0.08388129182666379,49.25014584999999
2019-08-20,0,0,0,0,0,0,0,0,50.652657,0.0047564507,0.0043,0.0033,2.125,404.0,1.2194973304762118,0.1614626770173364,0.0025,0.013500000000000002,245.0,-0.001,0.05021319786130381,58.21818353173842,0.3555398453855929,0.21265377600776408,0.14288606937782883,49.27796284999999
2019-08-21,0,0,0,0,0,0,0,0,51.20166,1.0838509,0.0005,-0.0019,1.2083,416.0,-0.12310750453455913,0.07118216110303657,-0.0038,-0.0052,12.0,-0.0024000000000000002,-0.09028051591429984,60.46180240869621,0.4694989784760608,0.26402281650142345,0.20547616197463736,49.33526819999999
2019-08-22,0,0,0,0,0,0,0,0,51.15832,-0.084644556,0.0005,-0.0038,1.3333,333.0,0.04794947797140095,0.05938333845367995,0.0,-0.0019,-83.0,-0.0043,-0.011798822649356625,60.18703602518573,0.5499754619118846,0.32121334558351566,0.22876211632836896,49.41019699999998
2019-08-23,0,0,0,0,0,0,0,0,48.793755,-4.6220484,-0.0005,-0.0031,0.8333,310.0,-0.6857196681714747,0.030492944203449182,-0.001,0.0007000000000000001,-23.0,-0.0026,-0.028890394250230766,47.50315876894745,0.4181330433854029,0.3405972851438931,0.07753575824150982,49.35826199999998
2019-08-26,0,0,0,0,0,0,0,0,49.720783,1.8999219,-0.0099,-0.0163,1.25,111.0,-0.035331844409979614,-0.17802235114222872,-0.0094,-0.013199999999999998,-199.0,-0.006399999999999998,-0.20851529534567792,51.79249424173186,0.3840236038745033,0.34928254889001514,0.03474105498448815,49.329410299999985
2019-08-27,0,0,0,0,0,0,0,0,49.159756,-1.1283875,-0.0035,-0.011,1.2083,296.0,-0.05814963113901972,-0.03503672879590464,0.006400000000000001,0.005299999999999999,185.0,-0.0075,0.1429856223463241,49.17390640535226,0.30816905606540246,0.3410598503250926,-0.03289079425969016,49.283301899999984
2019-08-28,0,0,0,0,0,0,0,0,49.489647,0.671041,-0.0023,-0.0136,1.5417,214.0,0.5171809456113738,-0.014644614984201406,0.0012000000000000001,-0.0026,-82.0,-0.0113,0.02039211381170323,50.75068917471336,0.27154304788373906,0.3271564898368219,-0.05561344195308282,49.20259424999999
2019-08-29,0,0,0,0,0,0,0,0,50.327595,1.6931772,-0.0034,-0.0021,2.5,402.0,2.0080125916116605,-0.0406621949446474,-0.0010999999999999998,0.0115,188.0,0.0013,-0.026017579960445993,54.6031819396782,0.3065978044606865,0.32304475276159483,-0.016446948300908315,49.219075649999986
2019-08-30,0,0,0,0,1,0,0,0,50.262585,-0.12917519,0.0009,-0.0019,1.75,567.0,0.7682366294485328,0.05496837605176089,0.0043,0.00019999999999999987,165.0,-0.0028,0.09563057099640829,54.24863132675687,0.3253823823547535,0.3235122786802266,0.0018701036745268906,49.285199249999984
2019-09-02,0,0,0,0,0,0,0,0,50.262585,0.0,-0.0014,-0.0063,0.2917,119.0,-1.599756602290405,0.0010919560626134052,-0.0023,-0.0044,-448.0,-0.0049,-0.05387641998914748,54.24863132675686,0.3363915829001911,0.3260881395242195,0.01030344337597161,49.479418299999985
2019-09-03,0,0,0,0,0,0,0,0,49.53057,-1.456362,-0.0001,-0.0024,1.125,154.0,-0.2379413438111736,0.0293699454362013,0.0013,0.0039000000000000003,35.0,-0.0023,0.028277989373587893,50.0081940712239,0.2827891436363572,0.317428340346647,-0.03463919671028981,49.59313954999999
2019-09-04,0,0,0,0,0,0,0,0,50.370937,1.6966462,-0.0034,-0.0156,1.75,231.0,0.7518098523524193,-0.04665929853597764,-0.0033,-0.0132,77.0,-0.012199999999999999,-0.07602924397217894,54.413645452189954,0.30460808559618613,0.31486428939655486,-0.010256203800368735,49.72441109999999
2019-09-05,0,1,0,0,1,0,0,0,51.35577,1.9551635,0.0011,0.0087,1.4167,302.0,0.18951197985532192,0.05134008310865756,0.0045,0.0243,71.0,0.007599999999999999,0.0979993816446352,58.976178156190116,0.39679355766618585,0.33125014305048106,0.06554341461570479,49.852271599999995
2019-09-06,0,0,0,0,0,0,0,0,51.350952,-0.009381771,0.0028,-0.0015,1.4583,295.0,0.23748240186969313,0.08685970496707754,0.0017,-0.010199999999999999,-7.0,-0.0043,0.03551962185841998,58.945096246506104,0.46411243683593995,0.35782260180757286,0.10628983502836709,49.999996499999995
2019-09-09,0,0,0,0,0,0,0,0,51.57007,0.42670965,-0.0455,-0.017,2.625,207.0,2.0555514564004325,-0.9760402895181807,-0.048299999999999996,-0.015500000000000002,-88.0,0.028499999999999998,-1.0628999944852582,59.97815290216313,0.5290456163924588,0.39206720472455003,0.1369784116679088,50.1648175
2019-09-10,0,1,0,0,0,0,0,0,52.179268,1.1813045,-0.0069,-0.0043,3.125,531.0,2.633393170862148,-0.10939980700787913,0.038599999999999995,0.012700000000000001,324.0,0.0026,0.8666404825103016,62.78213751242803,0.6224871716986513,0.4381511981193703,0.184335973579281,50.25788315
2019-09-11,0,0,0,0,1,0,0,1,53.83832,3.1795144,-0.001,-0.0029,2.7083,2552.0,1.909880071661094,0.022126661729859342,0.0059,0.0014000000000000002,2021.0,-0.0018999999999999998,0.13152646873773846,69.1260466465519,0.820948525038844,0.514710663503265,0.30623786153557897,50.5087864
2019-09-12,0,0,0,0,0,0,0,0,53.716717,-0.22585392,0.0053,0.0108,2.1667,890.0,1.118653868058957,0.16034583984270048,0.0063,0.0137,-1662.0,0.0055000000000000005,0.13821917811284115,68.20832310227557,0.9573821263733109,0.6032449560772741,0.35413717029603675,50.765770249999996
2019-09-13,0,0,0,0,0,0,0,0,52.672894,-1.9432068,0.0009,-0.0142,2.6667,417.0,1.7663905478549138,0.061432019124914736,-0.0044,-0.025,-473.0,-0.0151,-0.09891382071778575,60.75240873477675,0.9700962798248369,0.6766152208267867,0.2934810589980502,50.91325505
2019-09-16,0,0,0,0,0,0,0,0,52.949795,0.52571297,-0.0027,0.0059,1.7917,158.0,0.5066348802197242,-0.01868369222768925,-0.0036,0.0201,-259.0,0.0086,-0.08011571135260398,61.94092230281145,0.9910912515623593,0.7395104269739012,0.2515808245884581,51.0282318
2019-09-17,0,0,0,0,1,0,0,1,53.14245,0.3638029,0.0022,0.0064,2.4167,461.0,1.3477520776172485,0.08774281412171248,0.0049,0.0005000000000000004,303.0,0.004200000000000001,0.10642650634940173,62.785317773118855,1.0116143063246668,0.7939312028440544,0.21768310348061237,51.15272145
2019-09-18,0,0,0,0,0,0,0,0,53.640877,0.93792677,-0.0015,0.0083,1.7917,425.0,0.44396968378937174,0.005044855246618196,-0.0037,0.0018999999999999998,-36.0,0.0098,-0.08269795887509428,64.95181964721233,1.0559258129751896,0.8463301248702815,0.20959568810490814,51.27468230000001
2019-09-19,0,0,0,0,0,0,0,0,53.20504,-0.81249475,-0.0006,0.0078,2.2917,394.0,1.1288624996453802,0.027134494314167847,0.0009000000000000001,-0.0005000000000000004,-31.0,0.0084,0.02208963906754965,61.576116349613294,1.0438418388355686,0.8858324676633389,0.15800937117222968,51.37701830000001
2019-09-20,0,0,0,0,0,0,0,0,52.427277,-1.4618099,0.0002,0.002,2.25,586.0,1.092156899332699,0.039496720101528174,0.0007999999999999999,-0.0058,192.0,0.0018,0.012362225787360327,55.98436831760723,0.9604349321582575,0.9007529605623226,0.05968197159593491,51.5586944
2019-09-23,0,0,0,0,0,0,0,0,52.66567,0.4547,-0.0027,0.0043,1.6667,95.0,0.25309583966325666,-0.025807706967282608,-0.0029000000000000002,0.0023,-491.0,0.007,-0.06530442706881079,57.26535983610239,0.9031596185830608,0.9012342921664702,0.0019253264165906003,51.70593875000001
2019-09-24,0,0,0,0,1,0,0,0,52.41525,-0.47549605,0.0009,0.0024,1.5833,537.0,0.11571276014988383,0.05382091493912471,0.0036,-0.0019000000000000002,442.0,0.0014999999999999998,0.07962862190640732,55.44010480753454,0.8280168558835967,0.8865908049098955,-0.058573949026298755,51.86871345000001
2019-09-25,0,0,0,0,0,0,0,0,53.221893,1.5389562,0.0013,-0.0042,0.6667,337.0,-1.2270508587096831,0.05966186153298586,0.00039999999999999996,-0.0066,-200.0,-0.0055,0.005840946593861147,59.87647410648778,0.8240558212229487,0.8740838081725062,-0.05002798694955746,52.05532575000001
2019-09-26,0,0,0,0,0,0,0,0,52.9474,-0.51576495,-0.0004,-0.0034,0.9167,285.0,-0.905167513563024,0.020162134741490405,-0.0017,0.0007999999999999999,-52.0,-0.0029999999999999996,-0.03949972679149545,57.768762520910876,0.7896646194663433,0.8571999704312736,-0.06753535096493035,52.18631600000001
2019-09-27,0,0,0,0,0,0,0,0,52.689747,-0.4866004,-0.0023,-0.0056,1.0417,253.0,-0.7609534786050828,-0.023605065761254488,-0.0019,-0.0022,-32.0,-0.0033,-0.043767200502744893,55.78380281788567,0.7331674030534288,0.8323934569557047,-0.0992260539022759,52.30767410000001
2019-09-30,0,0,0,0,1,0,0,0,53.929813,2.3535252,0.0066,0.0176,1.25,101.0,-0.42965717756934224,0.1731214471319584,0.0089,0.023200000000000002,-152.0,0.011000000000000001,0.19672651289321288,62.46807008613532,0.7794706619543845,0.8218088979554407,-0.04233823600105613,52.49103550000001
2019-10-01,0,1,1,0,0,0,0,0,54.079105,0.2768159,0.0908,0.0508,0.625,313.0,-1.3413372498602367,2.5611712109851528,0.08420000000000001,0.03319999999999999,212.0,-0.04000000000000001,2.3880497638531946,63.18954302573113,0.8187746207861366,0.8212020425215798,-0.0024274217354431915,52.71846225
2019-10-02,0,0,0,0,0,0,0,0,52.723457,-2.5067866,0.0067,0.0174,0.5833,235.0,-1.385100564573981,0.06204842048370068,-0.08410000000000001,-0.0334,-78.0,0.010699999999999998,-2.499122790501452,53.19069631272626,0.7320946954174445,0.8033805731007527,-0.07128587768330819,52.83608825
2019-10-03,0,1,0,0,0,0,0,0,53.17132,0.8494735,-0.0013,-0.0063,0.5417,283.0,-1.4028834997838684,-0.17410280263554656,-0.008,-0.0237,48.0,-0.005,-0.23615122311924724,55.68548424350934,0.6915670764486137,0.7810178737703249,-0.08945079732171124,52.926865750000005
2019-10-04,0,1,1,0,0,0,0,0,54.661823,2.8031826,-0.0067,0.0336,2.1667,335.0,0.9714847986908098,-0.3298241139168056,-0.0054,0.0399,52.0,0.040299999999999996,-0.15572131128125904,62.792733839976044,0.7708340863568068,0.7789811162876213,-0.008147029930814509,53.0924093
2019-10-07,0,0,0,0,0,0,0,0,54.673847,0.022029877,0.0042,0.0297,1.0417,128.0,-0.7418604807336564,-0.007902693668969868,0.0109,-0.0038999999999999972,-207.0,0.025500000000000002,0.32192142024783577,62.84450398950372,0.825112614503027,0.7882074159307024,0.03690519857232455,53.24759815
2019-10-08,0,1,0,0,0,0,0,0,54.033356,-1.1714995,-0.0027,0.0095,0.9583,380.0,-0.8639876607379805,-0.210748746772612,-0.0069,-0.020200000000000003,252.0,0.012199999999999999,-0.20284605310364212,58.19916749910885,0.8071422349651343,0.7919943797375888,0.01514785522754547,53.340302550000004
2019-10-09,0,0,0,0,0,0,0,0,54.666637,1.172018,0.001,-0.005,1.3333,297.0,-0.29828529456417047,-0.10471139412351642,0.0037,-0.014499999999999999,-83.0,-0.006,0.10603735264909557,61.249162180925666,0.8343828181196074,0.8004720674139925,0.03391075070561489,53.3817184
2019-10-10,0,0,0,0,0,0,0,0,55.403446,1.3478398,-0.0076,0.0027,2.0833,398.0,0.8209843965536732,-0.35478665326823366,-0.0086,0.0077,101.0,0.0103,-0.25007525914471723,64.49513695038605,0.9049933055697537,0.8213763150451447,0.08361699052460891,53.46605485
2019-10-11,0,0,0,0,0,0,0,0,56.8771,2.6598334,-0.0153,-0.0094,1.3333,410.0,-0.357091277964716,-0.571956548344827,-0.007699999999999999,-0.0121,12.0,0.005899999999999999,-0.21716989507659334,69.92188805204017,1.067558042967221,0.87061266062956,0.1969453823376609,53.67626514999999
2019-10-14,0,0,0,0,0,0,0,0,56.795223,-0.14394522,-0.0023,-0.0036,0.25,106.0,-1.9561694442198267,-0.1837625692684926,0.013,0.0058000000000000005,-304.0,-0.0013,0.3881939790763344,69.28821894180902,1.1762261757661818,0.9317353636568844,0.24449081210929746,53.86853655
2019-10-15,0,0,0,0,1,0,0,0,56.662792,-0.23317337,0.0049,0.0095,0.625,222.0,-1.3431737544373354,0.03800115432376537,0.0072,0.0131,116.0,0.0046,0.221763723592258,68.21145836788358,1.2373964430500806,0.9928675795355236,0.24452886351455694,54.04455365
2019-10-16,0,0,0,0,0,0,0,0,56.43403,-0.40370822,0.0011,0.0078,0.5833,348.0,-1.3620697979473129,-0.08576424108250473,-0.0037999999999999996,-0.0017000000000000001,126.0,0.006699999999999999,-0.1237653954062701,66.29491403838577,1.2529716616565523,1.0448883959597293,0.208083265696823,54.184211299999994
2019-10-17,0,0,0,0,1,0,0,0,56.65316,0.38827658,0.0108,0.0227,0.875,222.0,-0.9146650493193952,0.19240250728988428,0.0097,0.014900000000000002,-126.0,0.0119,0.278166748372389,67.24431752826024,1.2683760447624053,1.0895859257202645,0.17879011904214082,54.356617299999996
2019-10-18,0,0,0,0,0,0,0,0,56.92526,0.4802823,-0.0056,0.0089,0.5417,239.0,-1.36173915957589,-0.2917717004505056,-0.0164,-0.013800000000000002,17.0,0.014499999999999999,-0.4841742077403899,68.43335409225783,1.2876965609306694,1.1292080527623454,0.15848850816832405,54.581516449999995
2019-10-21,0,0,0,0,0,0,0,0,57.912483,1.7342687,0.0008,0.0186,0.4167,82.0,-1.4992688441371242,-0.10295456310897436,0.0064,0.009699999999999999,-157.0,0.0178,0.18881713734153124,72.35443207654993,1.3669119446986144,1.1767488311495993,0.19016311354901516,54.843857099999994
2019-10-22,0,0,0,0,1,0,0,0,57.78005,-0.22867322,0.0135,0.029,0.5833,262.0,-1.2138553937666838,0.26486946682794005,0.0127,0.010400000000000003,180.0,0.015500000000000002,0.36782402993691443,71.0789231091523,1.4028334796199573,1.221965760843671,0.18086771877628638,55.11209709999999
2019-10-23,0,0,0,0,0,0,0,0,58.555405,1.3418794,0.0034,-0.0165,0.5,246.0,-1.2996945333055054,0.061302505095252494,-0.0101,-0.0455,-16.0,-0.0199,-0.20356696173268757,73.971929599477,1.4768421069273359,1.2729410300604038,0.20390107686693204,55.3787727
2019-10-24,0,0,1,0,0,0,0,0,58.65172,0.1644969,0.056,0.0216,0.2917,171.0,-1.540491301247412,2.8711453043580693,0.0526,0.0381,-75.0,-0.0344,2.8098427992628165,74.31563144297525,1.525679212573543,1.3234886665630317,0.20219054601051134,55.663988700000004
2019-10-25,0,1,0,0,0,0,0,0,59.374077,1.2316227,-0.0034,0.0117,0.5833,221.0,-1.084628295216179,-0.22164843870769957,-0.0594,-0.0099,50.0,0.0151,-3.092793743065769,76.79099529935145,1.6041791647171664,1.3796267661938586,0.22455239852330777,55.99820520000001
2019-10-28,0,0,0,0,1,0,0,0,59.96884,1.0017037,0.0037,0.0113,1.875,115.0,0.7377050011926846,0.12258056227219577,0.0071,-0.00040000000000000105,-106.0,0.007599999999999999,0.34422900097989534,78.61821531974459,1.6948462136648317,1.4426706556880533,0.2521755579767784,56.30015655000001
2019-10-29,0,0,0,0,0,0,0,0,58.58188,-2.3127913,0.0035,0.0064,1.5417,484.0,0.26796170665126673,0.0885616208351382,-0.0002000000000000001,-0.004899999999999999,369.0,0.0029000000000000002,-0.03401894143705757,65.64018458369142,1.635926480348438,1.4813218206201302,0.15460465972830773,56.5252953
2019-10-30,0,0,0,0,0,0,0,0,58.574654,-0.012332201,-0.0026,-0.0143,2.5,396.0,1.5710636816735077,-0.24649724269409592,-0.0060999999999999995,-0.0207,-88.0,-0.0117,-0.33505886352923414,65.57944496536025,1.5705448262646797,1.4991664217490401,0.07137840451563959,56.81785515
2019-10-31,0,1,1,0,1,0,0,1,59.899006,2.2609591,0.2337,0.0741,2.375,457.0,1.3529675058976243,6.519822938835126,0.23629999999999998,0.0884,61.0,-0.1596,6.766320181529221,70.89511806146594,1.6070682502587132,1.5207467874509748,0.08632146280773845,57.15423945000001
2019-11-01,0,0,1,0,0,0,0,0,61.59899,2.838087,0.055,0.0143,1.8333,411.0,0.5892464470696549,1.3534015938787096,-0.1787,-0.0598,-46.0,-0.0407,-5.166421344956416,76.01544941422003,1.7529805596527979,1.5671935418913394,0.18578701776145845,57.50109780000001
2019-11-04,0,0,0,0,0,0,0,0,62.003513,0.65671206,0.0016,0.0086,1.375,158.0,-0.04979783705273658,-0.1538821673329437,-0.0534,-0.0057,-253.0,0.007,-1.5072837612116534,77.05010543209886,1.8795919751649492,1.6296732285460613,0.2499187466188879,57.86758110000001
2019-11-05,0,0,0,0,0,0,0,0,61.914436,-0.14368892,0.0026,0.0052,0.6667,305.0,-0.9966272568094623,-0.1283276907776121,0.0009999999999999998,-0.0034000000000000002,147.0,0.0026,0.02555447655533158,76.26987215803351,1.9502632440116159,1.6937912316391723,0.25647201237244355,58.261635100000014
2019-11-06,0,0,0,0,0,0,0,0,61.940914,0.042772293,0.0005,-0.0062,0.9167,260.0,-0.6428242227138206,-0.16020541536894042,-0.0021,-0.0114,-45.0,-0.006699999999999999,-0.031877724591328316,76.34654650178824,1.9855194547147121,1.7521368762542804,0.23338257846043176,58.62534895000001
2019-11-07,0,0,0,0,0,0,0,0,62.65578,1.1506796,0.0036,0.0124,0.8333,312.0,-0.7596135839972177,-0.0807215919501955,0.0031,0.0186,52.0,0.008799999999999999,0.07948382341874492,78.37784228936046,2.0475411872631284,1.81121773845605,0.23632344880707845,58.987965650000014
2019-11-08,0,0,0,0,0,0,0,0,62.827267,0.2736807,0.0021,0.008,0.8333,245.0,-0.7596135839972177,-0.12957429177509386,-0.0015,-0.004399999999999999,-67.0,0.005900000000000001,-0.04885269982489836,78.84712997118032,2.0864797847040464,1.8662701477056491,0.22020963699839724,59.28547400000001
2019-11-11,0,0,0,0,0,0,0,0,63.324776,0.79188347,-0.0259,-0.0093,1.2083,141.0,-0.2315780965904617,-0.9241065890199257,-0.028,-0.0173,-104.0,0.0166,-0.7945322972448319,80.19042006619917,2.1328970130728067,1.9195955207790807,0.21330149229372597,59.61195165
2019-11-12,0,1,0,0,0,0,0,0,63.266808,-0.09154081,-0.0052,0.0057,1.4167,321.0,0.07119576830597919,-0.3213169719972091,0.0207,0.015,180.0,0.0109,0.6027896170227166,79.5564801035823,2.14033304084807,1.9637430247928784,0.17659001605519142,59.94215245
2019-11-13,0,0,0,0,0,0,0,0,63.873005,0.9581685,0.0037,0.0076,1.9167,362.0,0.7438761347093135,-0.06600655412411202,0.0089,0.0018999999999999998,41.0,0.0039,0.25531041787309705,81.2277695398155,2.1701253242520693,2.0050194846847167,0.16510583956735259,60.3141012
2019-11-14,0,0,0,0,0,0,0,0,63.431038,-0.69194436,-0.0019,-0.0093,1.5,550.0,0.16557642731834976,-0.22644946119516146,-0.0056,-0.0169,188.0,-0.0073999999999999995,-0.16044290707104944,76.32837137887171,2.133479457126974,2.030711479173168,0.10276797795380599,60.6529951
2019-11-15,0,0,0,0,0,0,0,0,64.18457,1.1879325,-0.0069,-0.0147,1.2917,382.0,-0.1326739431130994,-0.367349487221811,-0.005,-0.0054,-168.0,-0.0078,-0.14090002602664953,78.68856406273349,2.1405659662782313,2.0526823765941806,0.08788358968405063,61.01596059999999
2019-11-18,0,0,0,0,0,0,0,0,64.508194,0.5042076,-0.0008,0.0085,0.625,109.0,-1.0322312280488863,-0.1961167551008486,0.0060999999999999995,0.0232,-273.0,0.009300000000000001,0.17123273212096238,79.628019693093,2.147540319986163,2.071653965272577,0.07588635471358618,61.34574614999999
2019-11-19,0,0,0,0,0,0,0,0,64.312546,-0.3032565,-0.0018,0.0066,0.6667,246.0,-0.9554482884753435,-0.2258579721260266,-0.001,-0.0019000000000000006,137.0,0.0084,-0.029741217025177985,77.40644928602049,2.112923915398518,2.0799079552977653,0.03301596010075292,61.67237094999998
2019-11-20,0,0,0,0,0,0,0,0,63.563877,-1.1641443,-0.0072,-0.0029,1.8333,308.0,0.625346804569423,-0.3791808308114741,-0.0054,-0.0095,62.0,0.0043,-0.15332285868544748,69.42454806082267,2.002001012483433,2.064326566734899,-0.06232555425146602,61.92279454999998
2019-11-21,0,0,0,0,0,0,0,0,63.27888,-0.44834018,-0.0036,-0.0044,1.9167,573.0,0.7636329283437446,-0.2751789592133243,0.0036,-0.0015000000000000005,265.0,-0.0008000000000000004,0.10400187159814978,66.60878668920718,1.8695459744447334,2.025370448276866,-0.1558244738321326,62.15415254999998
2019-11-22,0,0,0,0,0,0,0,0,63.223354,-0.08778572,-0.0025,-0.0049,1.3333,355.0,-0.031747464898121594,-0.24171990017779757,0.0010999999999999998,-0.0004999999999999996,-218.0,-0.0024,0.033459059035526734,66.04673671316273,1.7400358680104802,1.968303532223589,-0.22826766421310873,62.34661639999998
2019-11-25,0,0,0,0,0,0,0,0,64.33189,1.7533779,0.0021,0.0038,0.5417,126.0,-1.141059023165642,-0.11072050275938153,0.0046,0.0087,-229.0,0.0017000000000000001,0.13099939741841604,71.26059557577226,1.7071685895447786,1.9160765436878269,-0.2089079541430483,62.564768899999976
2019-11-26,0,0,0,0,0,0,0,0,63.829548,-0.78086257,-0.0057,0.0166,0.2917,198.0,-1.4447815393947079,-0.3328922386075156,-0.0078,0.0128,72.0,0.0223,-0.22217173584813407,66.29264284532424,1.621890093999916,1.8572392537502447,-0.23534915975032877,62.82715229999998
2019-11-27,0,0,0,0,0,0,0,0,64.68691,1.3432145,-0.0084,-0.0132,1.0,194.0,-0.45789721426009217,-0.4080165756090287,-0.0026999999999999993,-0.0298,-4.0,-0.0048000000000000004,-0.07512433700151311,70.12124256786888,1.6049869297525206,1.8067887889507,-0.2018018591981794,63.13276509999997
2019-11-28,0,0,0,0,0,0,0,0,64.68691,0.0,-0.001,-0.0037,0.5833,245.0,-1.0014174221981655,-0.19374646775863763,0.0073999999999999995,0.0095,51.0,-0.0027,0.21427010785039108,70.12124256786889,1.573453260558658,1.7601216832722915,-0.1866684227136335,63.37216029999996
2019-11-29,0,0,0,0,0,0,0,0,64.544426,-0.22028089,0.0022,-0.005,0.75,224.0,-0.7553071699367345,-0.1012639888947611,0.0032,-0.0013,-21.0,-0.0072,0.09248247886387653,68.6190310867094,1.5194500580784691,1.711987358233527,-0.19253730015505788,63.51943209999996
2019-12-02,0,0,0,0,0,0,0,0,63.79814,-1.1562169,-0.0002,0.0112,0.9583,178.0,-0.44760253158763186,-0.19580189025584765,-0.0024000000000000002,0.0162,-46.0,0.0114,-0.09453790136108656,61.221157753191726,1.4002914002027822,1.6496481666273781,-0.24935676642459592,63.60916344999997
2019-12-03,0,1,0,0,0,0,0,0,62.660618,-1.7830074,-0.0121,-0.0115,1.3333,401.0,0.12181129259110512,-0.5419342933408091,-0.011899999999999999,-0.022699999999999998,223.0,0.0005999999999999998,-0.34613240308496146,52.01586998045787,1.200233244884771,1.5597651822788567,-0.35953193739408573,63.64647254999998
2019-12-04,0,0,0,0,0,0,0,0,63.21368,0.8826256,-0.009,-0.019,0.625,232.0,-0.9020338768944238,-0.4465437787784937,0.0031000000000000003,-0.0075,-169.0,-0.01,0.0953905145623154,55.51789960750752,1.073933559152593,1.462598857653604,-0.38866529850101106,63.71011084999998
2019-12-05,0,0,0,0,0,0,0,0,64.141106,1.4671087,-0.0013,0.0077,0.625,188.0,-0.8731189210106799,-0.21776719824244173,0.007699999999999999,0.0267,-44.0,0.009000000000000001,0.228776580536052,60.69788192564466,1.0367249556968687,1.377424077262257,-0.3406991215653883,63.784377149999976
2019-12-06,0,0,0,0,0,0,0,0,65.38007,1.9316196,0.0028,0.0064,0.5833,292.0,-0.9196118359081107,-0.09869968316449088,0.0040999999999999995,-0.0013,104.0,0.0036000000000000003,0.11906751507795085,66.33754190775856,1.09459312158544,1.3208578861268936,-0.2262647645414535,63.91201729999998
2019-12-09,0,0,0,0,0,0,0,0,64.46473,-1.4000118,-0.0041,0.0027,0.5417,97.0,-0.9541096411555825,-0.2999438504300019,-0.0069,-0.0037,-195.0,0.0068000000000000005,-0.201244167265511,59.53996714669234,1.0544388570071348,1.2675740803029418,-0.21313522329580703,63.96901499999998
2019-12-10,0,1,1,0,0,0,0,0,64.841484,0.5844474,-0.003,-0.0469,1.0417,285.0,-0.1171601747071427,-0.26508284551224226,0.0011000000000000003,-0.0496,188.0,-0.043899999999999995,0.03486100491775962,61.297849588049814,1.0410170160183583,1.222262667446025,-0.1812456514276668,64.04774879999998
2019-12-11,0,1,0,0,0,0,0,0,65.39456,0.85294247,0.0025,0.0071,1.0,378.0,-0.16662047079058256,-0.10617487046320098,0.0055,0.054,93.0,0.0046,0.15890797504904128,63.78533045249555,1.0627579096480204,1.1903617158864241,-0.12760380623840373,64.12382654999998
2019-12-12,0,0,0,0,0,0,0,0,65.56119,0.2548337,0.0057,0.0228,0.9167,283.0,-0.27839374709841164,-0.01561196316958565,0.0032,0.0157,-95.0,0.0171,0.09056290729361532,64.52510408259894,1.0809725937208512,1.1684838914533096,-0.08751129773245836,64.23033414999998
2019-12-13,0,0,0,0,0,0,0,0,66.45236,1.3593197,-0.0218,-0.033,0.875,248.0,-0.322993138759968,-0.8055453141973208,-0.0275,-0.0558,-35.0,-0.011200000000000002,-0.7899333510277351,68.25949823953937,1.1540150659292365,1.165590126348495,-0.011575060419258376,64.34372364999999
2019-12-16,0,0,0,0,0,0,0,0,67.58991,1.7117858,-0.009,-0.0146,0.375,62.0,-1.1904675175209638,-0.4293490036174963,0.0128,0.0184,-186.0,-0.005600000000000001,0.3761963105798245,72.27197541797115,1.288835634571953,1.1902392279931866,0.09859640657876634,64.49780944999998
2019-12-17,0,0,1,0,0,0,0,0,67.72274,0.19652843,-0.0034,-0.0346,1.4583,251.0,0.7811388508451065,-0.2642726632806724,0.005599999999999999,-0.019999999999999997,189.0,-0.0312,0.1650763403368239,72.70586427361924,1.3903728249949125,1.2302659473935318,0.16010687760138076,64.66831914999997
2019-12-18,0,0,1,0,0,0,0,0,67.56092,-0.2389431,-0.009,-0.0482,1.0833,209.0,0.08621443675168779,-0.42150245559963123,-0.005599999999999999,-0.013600000000000001,-42.0,-0.0392,-0.15722979231895884,71.2432691786131,1.4411713323063964,1.2724470243761048,0.16872430793029158,64.86817129999996
2019-12-19,0,1,0,0,0,0,0,0,67.62854,0.10008812,-0.0022,-0.0141,1.0417,291.0,0.006406361602701424,-0.22317193774225588,0.006799999999999999,0.0341,82.0,-0.011899999999999999,0.19833051785737535,71.50126219485617,1.4699413157292867,1.3119458826467412,0.1579954330825455,65.08565429999996
2019-12-20,0,0,0,0,0,0,0,0,67.488464,-0.20712614,0.0046,0.0093,0.6667,226.0,-0.6650375261966142,-0.029136730939552533,0.0068000000000000005,0.023399999999999997,-65.0,0.004699999999999999,0.19403520680270336,70.09828985398829,1.4645562792004512,1.342467961957483,0.12208831724296809,65.29890979999996
2019-12-23,0,0,0,0,0,0,0,0,68.58977,1.6318321,0.0044,0.0286,0.5,76.0,-0.9398546045240042,-0.03387982914028656,-0.00019999999999999966,0.0193,-150.0,0.0242,-0.004743098200734028,74.35830453540522,1.5315006035245773,1.3802744902709019,0.1512261132536754,65.51180379999997
2019-12-24,0,0,0,0,0,0,0,0,68.65497,0.09506941,0.002,0.0219,0.5417,181.0,-0.8601636990188644,-0.06407162134761324,-0.0024000000000000002,-0.006700000000000001,105.0,0.0199,-0.03019179220732668,74.5891169159974,1.5716980017440534,1.418559192565532,0.1531388091785213,65.75307489999997
2019-12-25,0,0,0,0,1,0,0,0,68.65497,0.0,0.0042,0.0126,0.0417,84.0,-1.7111840060331096,0.004759576923953796,0.0021999999999999997,-0.0093,-97.0,0.008400000000000001,0.06883119827156703,74.5891169159974,1.5852806014687815,1.451903474346182,0.13337712712259941,65.95147789999997
2019-12-26,0,0,0,0,0,0,0,0,70.017105,1.984036,0.0071,0.0051,0.1667,47.0,-1.4601997342541853,0.08952535666477623,0.0029000000000000007,-0.0075,-37.0,-0.002,0.08476577974082244,79.13890687074638,1.6865167055098738,1.4988261205789204,0.18769058493095336,66.21798764999997
2019-12-27,0,1,0,0,0,0,0,0,69.99055,-0.037950277,0.0534,0.0263,0.125,134.0,-1.4991474179844302,1.4548659815337606,0.0463,0.0212,87.0,-0.027100000000000003,1.3653406248689843,78.84253090414596,1.7444948302656087,1.547959862516258,0.19653496774935064,66.49029384999997
2019-12-30,0,0,0,0,0,0,0,0,70.40596,0.5935073,-0.0114,-0.0123,0.4167,58.0,-0.9549031502227339,-0.49164326110873985,-0.0648,-0.0386,-76.0,-0.0008999999999999998,-1.9465092426425004,80.09816032757317,1.803177123675198,1.599003314748046,0.20417380892715187,66.82068484999998
2019-12-31,0,1,1,0,1,0,0,0,70.92036,0.7306576,0.007,0.0408,0.4167,149.0,-0.9319343543567788,0.05759036368376096,0.0184,0.0531,91.0,0.033800000000000004,0.5492336247925008,81.5577175750109,1.8696390102647626,1.6531304538513893,0.2165085564133733,67.23367194999999
2020-01-01,0,0,0,0,0,0,0,0,70.92036,0.0,0.0101,0.0235,0.2083,115.0,-1.2514790351215874,0.14640316595615155,0.0030999999999999995,-0.017300000000000003,-34.0,0.0134,0.08881280227239058,81.55771757501088,1.9004038614643974,1.702585135373991,0.19781872609040652,67.61900594999999
2020-01-02,0,0,0,0,0,0,0,0,72.53852,2.28163,0.0091,0.0105,1.125,98.0,0.3773472944648723,0.10802303420778504,-0.0009999999999999992,-0.013,-17.0,0.0014000000000000002,-0.038380131748366506,85.45054042606908,2.031934341903252,1.7684549766798432,0.26347936522340887,68.03887664999999
2020-01-03,0,1,0,0,0,0,0,0,71.833275,-0.9722054,0.0255,0.0371,1.2083,222.0,0.5317665806622923,0.5824159783492704,0.016399999999999998,0.0266,124.0,0.011600000000000003,0.47439294414148536,77.74786364458241,2.0555704808008954,1.8258780775040537,0.2296924032968417,68.36153689999999
2020-01-06,0,0,1,0,0,0,1,0,72.40569,0.79681873,0.0256,-0.0324,1.125,84.0,0.3598263022347418,0.5701226171446878,0.00010000000000000286,-0.0695,-138.0,-0.057999999999999996,-0.012293361204582576,79.37309989102282,2.096326253660294,1.8799677127353018,0.21635854092499218,68.75858489999999
2020-01-07,0,1,0,0,0,0,0,0,72.06516,-0.4703045,0.0303,0.0122,0.9583,195.0,0.04677029074986077,0.6959727425427373,0.004699999999999999,0.0446,111.0,-0.018099999999999998,0.12585012539804952,75.82507473825116,2.0772028705312096,1.9194147442944833,0.15778812623672622,69.1197687
2020-01-08,0,1,0,0,0,0,0,0,73.22441,1.608634,0.007,-0.0108,1.5833,246.0,1.1464941427917839,-0.005548134125961626,-0.0233,-0.023,51.0,-0.0178,-0.701520876668699,79.22898079037299,2.1310241188428307,1.9617366192041528,0.16928749963867795,69.5112612
2020-01-09,1,0,0,0,1,0,0,1,74.77975,2.124083,0.0915,0.0826,1.6667,206.0,1.2562081630991815,2.3654701646197616,0.08449999999999999,0.09340000000000001,-40.0,-0.008899999999999991,2.371018298745723,82.74035559664524,2.272979294940612,2.0239851543514447,0.24899414058916713,69.9721892
2020-01-10,0,0,1,0,0,0,0,0,74.94879,0.2260685,0.2738,0.0856,0.9583,170.0,-0.01998161401754311,5.322482455720269,0.1823,0.002999999999999989,-36.0,-0.18819999999999998,2.957012291100507,83.07523682799797,2.3717795121688994,2.0935440259149356,0.27823548625396377,70.3970107
2020-01-13,0,0,0,0,0,0,0,0,76.55006,2.1364331,0.0028,0.0162,0.9167,117.0,-0.11041933182074236,-0.2128410334342043,-0.27099999999999996,-0.06939999999999999,-53.0,0.013399999999999999,-5.5353234891544725,85.87169749758269,2.5498949015965593,2.1848142010512603,0.36508070054529895,70.8450182
2020-01-14,1,0,0,0,1,0,0,1,75.51637,-1.3503253,0.0146,0.0234,1.75,265.0,1.3453665061347806,0.02781350192032822,0.0118,0.0072000000000000015,148.0,0.0088,0.24065453535453252,77.02413980402419,2.577925763380648,2.2634365135171377,0.31448924986351035,71.23469970000001
2020-01-15,0,0,0,0,0,0,0,0,75.19275,-0.42855144,-0.0028,0.0103,1.5833,352.0,1.0130697261726869,-0.3253057172251707,-0.0174,-0.0131,87.0,0.0131,-0.35311921914549893,74.43831204211271,2.544693352945046,2.3196878814027193,0.22500547154232686,71.6162912
2020-01-16,0,0,0,0,1,0,0,0,76.13465,1.2526512,0.0218,0.0263,1.25,238.0,0.39532961974061437,0.18972602555606108,0.0246,0.016,-114.0,0.0045000000000000005,0.5150317427812318,76.87200024914253,2.564794531630028,2.368709211448181,0.19608532018184688,72.04159670000001
2020-01-17,0,0,0,0,0,0,0,0,76.97754,1.1070967,-0.006,0.0226,1.3333,235.0,0.5250110969996475,-0.3803915247002237,-0.0278,-0.003700000000000002,-3.0,0.0286,-0.5701175502562847,78.81574565000771,2.6185539789572374,2.418678164949992,0.1998758140072452,72.51605050000002
2020-01-20,0,0,0,0,0,0,0,0,76.97754,0.0,0.0015,0.0069,0.8333,141.0,-0.35678279090444937,-0.2255709634922543,0.0075,-0.0157,-94.0,0.0054,0.1548205612079694,78.81574565000771,2.6308321330858746,2.4611089585771686,0.169723174508706,72.93543900000002
2020-01-21,0,1,0,0,0,0,0,0,76.45589,-0.6776929,-0.0204,-0.0091,1.2917,188.0,0.5007774390512413,-0.6647456284554468,-0.021900000000000003,-0.016,47.0,0.011300000000000001,-0.4391746649631925,74.33186532048029,2.568857671128697,2.482658701087474,0.0861989700412229,73.32548500000001
2020-01-22,0,0,0,0,0,0,0,0,76.728775,0.35694838,-0.0129,0.0084,1.6667,334.0,1.2926543218681688,-0.5070356988999962,0.0075000000000000015,0.0175,146.0,0.0213,0.1577099295554506,75.12897813226803,2.5127960536850082,2.488686171606981,0.024109882078027223,73.72917525000001
2020-01-23,0,0,0,0,0,0,0,0,77.0983,0.4815817,0.0033,0.0187,1.5417,285.0,1.1352739448808544,-0.12137085272399512,0.0162,0.010300000000000002,-49.0,0.0154,0.3856648461760011,76.20651557934754,2.469715059349525,2.48489194915549,-0.015176889805964766,74.08323500000002
2020-01-24,0,0,0,0,0,0,0,0,76.87609,-0.28820038,0.0072,0.0221,0.875,284.0,-0.22039752739178448,-0.002015944879059225,0.0039,0.0034000000000000002,-1.0,0.014900000000000002,0.1193549078449359,74.12673242576055,2.3900910887522144,2.465931777074835,-0.07584068832262059,74.42751200000001
2020-01-27,0,0,0,0,0,0,0,0,74.61553,-2.9405236,-0.029,-0.023,0.875,99.0,-0.20383223427156172,-0.9140311411541261,-0.0362,-0.0451,-185.0,0.006000000000000002,-0.9120151962750669,57.06470455267536,2.1201405580705313,2.3967735332739744,-0.2766329752034431,74.63799050000002
2020-01-28,0,1,0,0,1,0,0,1,76.72635,2.8289318,0.0244,0.0152,2.25,288.0,2.5408908230627194,0.4405826895744456,0.0534,0.0382,189.0,-0.009200000000000002,1.3546138307285718,65.13463591043012,2.052864210008579,2.3279916686208955,-0.27512745861231647,74.92829
2020-01-29,1,1,1,0,0,0,0,0,78.33242,2.0932317,0.4661,0.138,2.7083,467.0,3.1124465788381195,6.352790417436392,0.44170000000000004,0.1228,179.0,-0.3281,5.912207727861946,69.78768228454581,2.1048799007291734,2.283369315042551,-0.17848941431337773,75.29889299999999
2020-01-30,1,0,1,0,0,0,0,0,78.2189,-0.14491081,0.1392,0.054,1.5417,467.0,0.9258646688692883,1.676599706296136,-0.3269,-0.08400000000000002,0.0,-0.0852,-4.676190711140256,69.08586354152509,2.1125899729378688,2.2492134466216145,-0.13662347368374572,75.582912
2020-01-31,0,0,1,0,0,0,0,0,74.750786,-4.433876,-0.0087,0.024,0.875,292.0,-0.30150429409711904,-0.3524084758488119,-0.14789999999999998,-0.03,-175.0,0.0327,-2.0290081821449477,51.91046652399196,1.8178968617288405,2.1629501296430598,-0.3450532679142193,75.72878755
2020-02-03,0,0,1,0,0,0,0,0,74.54549,-0.2746284,-0.0031,-0.0813,1.0833,131.0,0.08559495341125802,-0.28140036136831614,0.005599999999999999,-0.1053,-161.0,-0.07819999999999999,0.07100811448049577,51.100596415945866,1.5499182832975151,2.040343760373951,-0.4904254770764358,75.83577755
2020-02-04,0,1,0,0,0,0,0,0,77.00651,3.3013701,-0.0078,-0.0332,1.5,217.0,0.8485104335606287,-0.3454041139759908,-0.004699999999999999,0.0481,86.0,-0.0254,-0.06400375260767466,59.29830180036166,1.5186213539476512,1.935999279088691,-0.4173779251410399,76.08284504999999
2020-02-05,0,1,0,0,0,0,0,0,77.63445,0.8154273,-0.0337,-0.0078,1.2083,223.0,0.3416622439907182,-0.6904786885385482,-0.0259,0.0254,6.0,0.0259,-0.3450745745625574,61.09068166054832,1.5268868212211402,1.854176787515181,-0.3272899662940407,76.30334704999999
2020-02-06,0,0,0,0,0,0,0,0,78.54253,1.1696935,0.0045,-0.0074,1.2917,209.0,0.5071741707923785,-0.16849864798724667,0.0382,0.0003999999999999993,-14.0,-0.0119,0.5219800405513015,63.58788591329104,1.5884016252533968,1.801021755062824,-0.21262012980942724,76.49148604999999
2020-02-07,0,0,0,0,0,0,0,0,77.47491,-1.3560474,0.0014,0.0069,1.4167,227.0,0.7372758279958171,-0.213001357730317,-0.0030999999999999995,0.0143,18.0,0.0055,-0.04450270974307033,58.80905241975889,1.53332927370883,1.7474832587920253,-0.21415398508319528,76.61779204999999
2020-02-10,0,0,0,0,0,0,0,0,77.8429,0.47495365,-0.0074,-0.0231,0.9167,102.0,-0.21396596913588353,-0.33204232726540317,-0.0088,-0.03,-125.0,-0.0157,-0.11904096953508617,59.92695474335138,1.50206290969291,1.698399188972202,-0.1963362792792922,76.68243405
2020-02-11,0,0,0,0,0,0,0,0,77.373245,-0.60333014,-0.0101,-0.0178,1.3333,245.0,0.5535152643129675,-0.3669411326527278,-0.0026999999999999993,0.005299999999999999,143.0,-0.0077,-0.03489880538732465,57.77195722860499,1.4229835884873552,1.6433160688752326,-0.22033248038787745,76.7752778
2020-02-12,0,0,0,0,0,0,0,0,79.21071,2.3747802,-0.0031,-0.0118,0.875,335.0,-0.28949121736166383,-0.27204655009629175,0.006999999999999999,0.006,90.0,-0.0087,0.09489458255643607,63.32820430187458,1.4913889227167658,1.6129306396435392,-0.1215417169267734,76.9761758
2020-02-13,0,0,0,0,0,0,0,0,78.64663,-0.7121086,-0.0014,-0.0103,0.6667,207.0,-0.666013676741298,-0.24928401774428652,0.0017,0.0014999999999999996,-128.0,-0.0089,0.022762532352005233,60.688278476254254,1.482989125629075,1.5869423368406463,-0.1039532112115713,77.1017748
2020-02-14,0,0,0,0,0,0,0,0,78.666,0.02462864,-0.0128,-0.0094,0.5833,175.0,-0.804362735823551,-0.4028687571580945,-0.0114,0.0008999999999999998,-32.0,0.0034000000000000002,-0.15358473941380799,60.74878765084536,1.4610531122341115,1.5617644919193394,-0.10071137968522792,77.18619779999999
2020-02-17,0,0,0,0,0,0,0,0,78.666,0.0,0.0156,0.003,0.9167,54.0,-0.16103381593109692,-0.016988823747225892,0.0284,0.012400000000000001,-121.0,-0.0126,0.3858799334108686,60.74878765084535,1.4272165990359582,1.5348549133426632,-0.10763831430670501,77.27062079999999
2020-02-18,0,1,1,0,0,0,0,0,77.22557,-1.8310547,-0.2746,-0.222,2.9167,501.0,3.3875094015343468,-3.49585553111038,-0.2902,-0.225,447.0,0.05260000000000001,-3.478866707363154,53.62952493171436,1.2695358368546579,1.4817910980450621,-0.21225526119040428,77.30910479999999
2020-02-19,0,0,1,0,0,0,0,0,78.344025,1.4482737,-0.4527,-0.1618,1.7917,343.0,1.3113853657957177,-4.500513882389995,-0.17809999999999998,0.060200000000000004,-158.0,0.2909,-1.0046583512796148,57.76808462880601,1.220750614782645,1.4295830013925788,-0.20883238660993375,77.38986729999999
2020-02-20,0,0,0,0,0,0,0,0,77.54029,-1.0258973,-0.0139,-0.0231,1.4583,219.0,0.6934102711015134,-0.18323974131995693,0.43879999999999997,0.1387,-124.0,-0.0092,4.317274141070038,54.03585179234946,1.1045012742443703,1.364566655962937,-0.26006538171856675,77.41196679999999
2020-02-21,0,0,0,0,0,0,0,0,75.78518,-2.2635043,-0.0264,-0.0315,1.2083,229.0,0.23453080460929998,-0.3012110067836491,-0.0125,-0.008400000000000001,10.0,-0.0051,-0.11797126546369216,46.90878129685822,0.8608270470506341,1.2638187341804765,-0.40299168712984246,77.35742129999998
2020-02-24,0,0,1,0,0,0,0,0,72.185326,-4.750037,-0.0061,-0.0427,1.2917,70.0,0.37336215720471533,-0.10081674200936923,0.0203,-0.011200000000000002,-159.0,-0.0366,0.20039426477427985,36.32577279574822,0.37293635569314176,1.0856422584830097,-0.7127059027898679,77.23591109999998
2020-02-25,0,1,0,1,0,0,0,0,69.740234,-3.3872187,-0.0511,-0.047,1.5833,307.0,0.8822528926632912,-0.5352583695178096,-0.045,-0.004299999999999998,237.0,0.0040999999999999995,-0.43444162750844034,31.18024916465713,-0.2086142470022594,0.8267909573859558,-1.0354052043882152,76.8866053
2020-02-26,0,1,0,0,0,0,0,0,70.84661,1.5863657,-0.0047,-0.0273,1.5417,320.0,0.7816072270878451,-0.0812061488620477,0.0464,0.0197,13.0,-0.022600000000000002,0.4540522206557619,35.62382033222742,-0.5736097762137149,0.5467108106660217,-1.1203205868797366,76.5123148
2020-02-27,0,0,0,0,0,0,0,0,66.21548,-6.5368176,-0.0006,-0.0177,1.5833,412.0,0.8274245727720764,-0.0411342066320265,0.0041,0.009600000000000001,92.0,-0.0171,0.0400719422300212,27.592613779203035,-1.2224729426761058,0.19287405999759616,-1.415347002673702,75.9121438
2020-02-28,0,0,0,0,0,0,0,0,66.17675,-0.058496,-0.002,-0.0142,1.0417,263.0,-0.1505385613806008,-0.0540710344698378,-0.0014000000000000002,0.0034999999999999996,-149.0,-0.0122,-0.012936827837811297,27.53670275491764,-1.7199997774523297,-0.18970070749238904,-1.5302990699599406,75.483442
2020-03-02,0,0,0,0,1,0,0,1,72.33784,9.310066,0.0042,0.0053,1.875,118.0,1.2963307026036972,0.005342016082740442,0.0062,0.0195,-145.0,0.0011000000000000003,0.05941305055257824,46.20935782929331,-1.5987159041008994,-0.47150374681409113,-1.1272121572868081,75.3730595
2020-03-03,0,1,1,0,0,0,0,0,70.04046,-3.1759262,-0.3917,-0.2336,2.0417,241.0,1.5323306243326191,-3.4088148768145814,-0.3959,-0.2389,123.0,0.1581,-3.414156892897322,41.87610318618448,-1.6687407223685824,-0.7109511419249894,-0.957789580443593,75.024757
2020-03-04,0,0,0,0,0,0,0,0,73.289246,4.6384573,-0.04,-0.0423,1.125,232.0,-0.07284673178867766,-0.3193989118744953,0.3517,0.1913,-9.0,-0.0022999999999999965,3.089415964940086,49.1394719658762,-1.44542406748009,-0.8578457270360096,-0.5875783404440804,74.8074968
2020-03-05,0,1,0,0,1,0,0,0,70.91198,-3.2437027,-0.0033,-0.0068,1.0,265.0,-0.29406182824159033,0.0033429214808103993,0.0367,0.0355,33.0,-0.0034999999999999996,0.3227418333553057,44.73427683678615,-1.4436282601745205,-0.9750022336637117,-0.46862602651080876,74.4259693
2020-03-06,0,0,0,0,0,0,0,0,69.97025,-1.3280153,-0.0222,-0.02,0.625,193.0,-0.9378836272463796,-0.16213744630246166,-0.0189,-0.0132,-72.0,0.0022000000000000006,-0.16548036778327205,43.086460538547286,-1.5008934452180114,-1.0801804759745717,-0.4207129692434397,74.05073630000001
2020-03-09,0,0,0,1,0,0,0,0,64.43616,-7.9092083,-0.0229,-0.0013,1.375,127.0,0.3436900676294143,-0.16620293988740661,-0.0006999999999999992,0.0187,-66.0,0.0216,-0.004065493584944957,34.941113242550564,-1.9701210010758103,-1.2581685809948193,-0.711952420080991,73.38039930000001
2020-03-10,0,1,1,0,0,0,0,0,69.07694,7.2021604,-0.0577,-0.0179,1.5417,271.0,0.6349944902354612,-0.4621596617866807,-0.0348,-0.0166,144.0,0.0398,-0.29595672189927413,44.428569934940285,-1.9450932342854799,-1.3955535116529514,-0.5495397226325285,72.96558405
2020-03-11,0,1,0,0,1,0,0,0,66.67789,-3.4730494,-0.002,-0.0008,0.9167,330.0,-0.4625522538153576,0.02367263806056534,0.0557,0.0171,59.0,0.0012000000000000001,0.4858322998472461,41.09247443445898,-2.094695488403758,-1.5353819070031127,-0.5593135814006454,72.33894305
2020-03-12,0,0,0,0,0,0,0,0,60.093124,-9.875464,-0.0049,-0.0193,1.0,232.0,-0.31441935730769555,-0.001281969692175638,-0.0029,-0.018500000000000003,-98.0,-0.014400000000000001,-0.024954607752740977,33.62851092797528,-2.713314536634286,-1.7709684329293474,-0.9423461037049385,71.41126775000001
2020-03-13,0,0,0,0,0,0,0,0,67.29278,11.980831,-0.0192,-0.0317,1.2917,236.0,0.18234277255828413,-0.12279798242259334,-0.014299999999999998,-0.012399999999999998,4.0,-0.0125,-0.12151601273041769,45.32270547033916,-2.592735083975768,-1.9353217631386315,-0.6574133208371364,70.84260675
2020-03-16,0,0,1,1,0,0,0,0,58.63576,-12.8646965,-0.0215,-0.1094,1.9167,179.0,1.248272404510624,-0.13911249332322292,-0.0023,-0.07769999999999999,-57.0,-0.0879,-0.01631451090062959,36.90308075058347,-3.159305654297711,-2.1801185413704474,-0.9791871129272636,69.84109475
2020-03-17,0,1,0,0,0,0,0,0,61.213978,4.397011,-0.0809,-0.051,1.1667,282.0,-0.10088804121515473,-0.6438544166408016,-0.0594,0.0584,103.0,0.029900000000000003,-0.5047419233175786,40.451104493372505,-3.361526680569341,-2.416400169210226,-0.9451265113591147,69.04051515
2020-03-18,0,0,0,0,1,0,0,1,59.71547,-2.4479985,-0.0057,-0.0297,2.1667,238.0,1.6564475770290858,0.0124391921975543,0.0752,0.021299999999999996,-44.0,-0.024,0.6562936088383559,39.07576484567128,-3.6011930609181206,-2.6533587475518052,-0.9478343133663154,68.10908739999999
2020-03-19,0,1,0,0,0,0,0,0,59.25793,-0.7662058,-0.0007,-0.0083,0.9167,502.0,-0.6664777427625913,0.05712173062409342,0.005,0.021400000000000002,264.0,-0.0076,0.04468253842653912,38.643735384418896,-3.7844255462521375,-2.879572107291872,-0.9048534389602656,67.1949694
2020-03-20,0,0,0,0,0,0,0,0,55.495907,-6.3485565,-0.0004,-0.0057,1.0417,230.0,-0.47865926911855367,0.0677048456241997,0.0003,0.0026,-272.0,-0.0053,0.010583115000106287,35.197862674745565,-4.18496080346538,-3.1406498465265735,-1.0443109569388063,66.18050575
2020-03-23,0,0,0,0,0,0,0,0,54.31694,-2.1244168,-0.0016,-0.0006,1.0,111.0,-0.5926013822280852,0.055801184430548136,-0.0012000000000000001,0.0051,-119.0,0.001,-0.01190366119365157,34.16955209726555,-4.545127266484698,-3.4215453305181986,-1.1235819359664996,65.28708644999999
2020-03-24,0,0,0,0,0,0,0,0,59.76631,10.032535,-0.0214,-0.0099,1.4583,266.0,0.29852168964970566,-0.11293072544513348,-0.019799999999999998,-0.009300000000000001,155.0,0.011499999999999998,-0.16873190987568162,42.52746254193209,-4.3408050678077,-3.605397277976099,-0.7354077898316014,64.78839024999999
2020-03-25,0,1,0,0,1,0,0,0,59.437077,-0.55087805,0.0014,0.0021,1.3333,328.0,0.002913593540537702,0.08740766453270565,0.022799999999999997,0.012,62.0,0.0006999999999999999,0.20033838997783915,42.179037536801154,-4.1575193102367365,-3.7158216844282266,-0.4416976258085099,64.21791359999999
2020-03-26,0,0,0,0,0,0,0,0,62.564827,5.2623034,-0.0035,-0.0026,1.2917,273.0,-0.09289895907246193,0.04646313600558062,-0.0049,-0.004699999999999999,-55.0,0.0009000000000000002,-0.04094452852712503,46.65082267176731,-3.717033097778163,-3.716063967098214,-0.0009691306799490818,64.03538094999998
2020-03-27,0,0,0,0,0,0,0,0,59.974503,-4.140222,-0.0029,-0.0047,0.7083,223.0,-1.3153228412106375,0.055879058423456675,0.0006000000000000003,-0.0021000000000000003,-50.0,-0.0018000000000000004,0.009415922417876053,43.640636037698975,-3.5361989985837994,-3.6800909733953313,0.14389197481153193,63.72526859999997
2020-03-30,0,0,0,0,0,0,0,0,61.68606,2.8537989,-0.0203,-0.01,0.25,73.0,-2.169416032847132,-0.08957993265290755,-0.0174,-0.0053,-150.0,0.010299999999999998,-0.14545899107636423,46.11478420147892,-3.217686835413474,-3.5876101457989598,0.36992331038548576,63.19267959999998
2020-03-31,0,0,0,0,1,0,0,0,61.560165,-0.20407438,-0.0083,-0.0063,0.5417,175.0,-1.534204486155077,0.021028972858673792,0.011999999999999999,0.0037,102.0,0.002,0.11060890551158134,45.95497787062624,-2.9415143789647757,-3.458390992432123,0.516876613467347,62.76866484999998
2020-04-01,0,0,0,0,0,0,0,0,58.321053,-5.2617073,-0.0021,-0.0031,0.75,261.0,-1.079477853815183,0.07665610312885678,0.006200000000000001,0.0032,86.0,-0.001,0.055627130270182984,41.929007721401156,-2.9500091167446882,-3.356714617294636,0.4067055005499478,62.02025519999997
2020-04-02,0,0,0,0,0,0,0,0,59.294235,1.6686678,-0.0006,-0.0006,0.5833,252.0,-1.360559101788688,0.10394733952137596,0.0015,0.0025,-9.0,0.0,0.02729123639251918,43.52971082429686,-2.8454134484327085,-3.2544543835222504,0.40904093508954187,61.439367949999976
2020-04-03,0,0,0,0,0,0,0,0,58.442085,-1.4371395,-0.0008,-0.0097,1.1667,273.0,-0.21705202493870882,0.1510426181211718,-0.0002000000000000001,-0.0091,21.0,-0.0089,0.047095278599795856,42.42690375176616,-2.7990166889468853,-3.1633668446071774,0.36435015566029216,60.86295969999996
2020-04-06,0,0,0,0,0,0,0,0,63.540432,8.723747,-0.0002,-0.0076,1.375,170.0,0.1807345825484267,0.15712885041703425,0.0006000000000000001,0.0021000000000000003,-103.0,-0.0074,0.006086232295862443,50.506024922090894,-2.32406258178338,-2.995505992042418,0.6714434102590379,60.81817329999997
2020-04-07,0,0,0,0,0,0,0,0,62.804504,-1.1582315,-0.0076,-0.0064,1.375,236.0,0.19453149057406216,0.09149881457930718,-0.0074,0.0011999999999999997,66.0,0.0011999999999999997,-0.06563003583772707,49.427807119318125,-1.9841690040138715,-2.793238594436709,0.8090695904228373,60.50455149999997
2020-04-08,0,0,0,0,0,0,0,0,64.41195,2.5594592,-0.0029,-0.0015,0.5417,232.0,-1.41761785364023,0.13546404524353686,0.0047,0.0049,-4.0,0.0013999999999999998,0.04396523066422968,51.845949572179336,-1.5670296937498591,-2.547996814299339,0.9809671205494799,60.39125449999997
2020-04-09,0,0,0,0,0,0,0,0,64.87674,0.7216096,-0.0041,-0.0034,0.4167,191.0,-1.6002510063003148,0.12840985149539808,-0.0012000000000000005,-0.0018999999999999998,-41.0,0.0007000000000000005,-0.007054193748138787,52.55241237356775,-1.1852759926170862,-2.2754526499628884,1.0901766573458023,60.63043529999997
2020-04-10,0,0,0,0,0,0,0,0,64.87674,0.0,0.0049,-0.0019,1.5417,153.0,0.5611042925694613,0.21089483813661272,0.009000000000000001,0.0014999999999999998,-38.0,-0.0068,0.08248498664121465,52.55241237356775,-0.8726737938080262,-1.994896878731916,1.1222230849238897,60.50963329999996
2020-04-13,0,0,0,0,0,0,0,0,66.150116,1.962769,-0.0013,-0.0001,1.125,149.0,-0.25107917390650036,0.15332415960936135,-0.0062,0.0018,-4.0,0.0012,-0.05757067852725137,54.6656722500135,-0.516232688828751,-1.699164040751283,1.182931351922532,60.885351099999966
2020-04-14,0,0,0,0,0,0,0,0,69.490906,5.0503135,-0.0014,-0.0009,3.234,290.0,3.374356623357603,0.14939685302373829,-0.00010000000000000005,-0.0007999999999999999,141.0,0.0005,-0.003927306585623069,59.73285750782264,0.035415045144517876,-1.3522482235721227,1.3876632687166406,61.29919749999997
2020-04-15,0,0,0,0,0,0,0,0,68.85664,-0.9127319,0.0037,0.0009,3.6674,281.0,3.5986053766153128,0.19446731883679083,0.0051,0.0018,-9.0,-0.0028000000000000004,0.045070465813052546,58.3982716024003,0.416617377515081,-0.9984751033546819,1.415092480869763,61.756255999999965
2020-04-16,0,0,0,0,0,0,0,0,69.40377,0.7945776,-0.0018,-0.004,3.5535,686.0,3.0863310461549514,0.14383547338806332,-0.0055,-0.0049,405.0,-0.0022,-0.05063184544872751,59.24418633955473,0.754178095155666,-0.6479444636526124,1.4021225588082784,62.26354799999996
2020-04-17,0,0,0,0,0,0,0,0,68.46206,-1.3568699,0.0013,-0.0099,2.7417,362.0,1.8535135781199197,0.17378903513251306,0.0031,-0.005900000000000001,-324.0,-0.011200000000000002,0.02995356174444974,57.092372747382,0.9349319554705886,-0.33136917982797215,1.2663011352985607,62.911855649999964
2020-04-20,0,0,0,0,0,0,0,0,67.04101,-2.0756721,-0.0009,-0.0006,2.7361,132.0,1.7619581350652496,0.14880871355064454,-0.0021999999999999997,0.009300000000000001,-230.0,0.00030000000000000003,-0.024980321581868525,53.91031790658476,0.9525336186179487,-0.07458862013878798,1.0271222387567367,63.54805914999996
2020-04-21,0,0,0,0,0,0,0,0,64.968735,-3.0910313,0.0013,0.0026,3.3056,290.0,2.397463981332844,0.1731714604227849,0.0021999999999999997,0.0031999999999999997,158.0,0.0013,0.02436274687214035,49.5713813426252,0.7901593248602552,0.09836096886102066,0.6917983559992346,63.808180399999955
2020-04-22,0,0,0,0,0,0,0,0,66.84008,2.8803587,-0.0036,-0.0036,2.9243,276.0,1.8888614478257548,0.24927905812296386,-0.0049,-0.0062,-14.0,0.0,0.07610759770017897,53.23197556260991,0.8032194157924266,0.23933265824730188,0.5638867575451247,64.17833054999996
2020-04-23,0,0,0,0,0,0,0,0,66.58104,-0.38754344,-0.0042,-0.0153,3.1472,295.0,2.0587650863367326,0.2788525695563307,-0.0005999999999999998,-0.011699999999999999,19.0,-0.011099999999999999,0.02957351143336684,52.66211257803421,0.7836340236077461,0.3481929313193907,0.4354410922883554,64.37914119999996
2020-04-24,0,0,0,0,0,0,0,0,68.50321,2.886963,-0.0027,-0.0016,3.0854,369.0,1.8862001135589386,0.29557986717704776,0.0014999999999999996,0.013699999999999999,74.0,0.0011,0.016727297620717063,56.39261681025031,0.9126945394333461,0.4610932529421818,0.4516012864911643,64.80557654999997
2020-04-27,0,0,0,0,0,0,0,0,68.55162,0.07067919,0.0025,-0.0015,2.5493,150.0,1.206075394838444,0.3567862414920983,0.0052,0.00010000000000000005,-219.0,-0.004,0.06120637431505055,56.48562461410549,1.0072710171948955,0.5703288057927245,0.43694221140217104,65.14885454999997
2020-04-28,0,0,0,0,0,0,0,0,67.440445,-1.6209424,-0.0041,-0.0011,2.7861,292.0,1.433695149518976,0.2767468811843432,-0.0066,0.00039999999999999996,142.0,0.003,-0.0800393603077551,53.65673705853362,0.9812497844759491,0.6525130015293694,0.3287367829465797,65.44286854999996
2020-04-29,0,0,0,0,0,0,0,0,69.65553,3.2845259,-0.0135,-0.0023,2.3972,182.0,0.9545178471021527,0.15983504683654706,-0.009399999999999999,-0.0012,-110.0,0.0112,-0.11691183434779615,58.15564629833136,1.1263823823801857,0.7472868776995327,0.379095504680653,66.00959239999996
2020-04-30,0,0,0,0,0,0,0,0,71.12501,2.109611,-0.0052,0.001,2.9597,264.0,1.5380817603439516,0.26156183194994015,0.0083,0.0033,82.0,0.0062,0.10172678511339309,60.8695441517071,1.3444774675486855,0.8667249956693632,0.47775247187932224,66.60113114999996
2020-05-01,0,1,1,0,0,0,1,0,69.97994,-1.6099334,-0.1386,0.0802,3.2528,350.0,1.7834651539086763,-1.2947673222823692,-0.1334,0.07919999999999999,86.0,0.2188,-1.5563291542323094,57.72763626392664,1.4086833893468196,0.9751166744048545,0.4335667149419651,67.17802389999996
2020-05-04,0,0,0,0,1,0,0,0,70.970085,1.4148831,0.0104,0.0011,1.4826,78.0,-0.16732993037672342,0.466354618230313,0.149,-0.07909999999999999,-272.0,-0.0093,1.7611219405126821,59.666344389000294,1.521919728198938,1.0844772851636713,0.4374424430352668,67.54950654999996
2020-05-05,0,0,0,0,0,0,0,0,72.03523,1.5008807,-0.0011,0.0005,1.5299,435.0,-0.1189506558502293,0.3283492834338201,-0.0115,-0.0006000000000000001,357.0,0.0016,-0.1380053347964929,61.70120927098702,1.6782626748415055,1.2032343630992381,0.47502831174226734,68.01104284999995
2020-05-06,0,0,0,0,0,0,0,0,72.77844,1.0317326,-0.0026,-0.0014,0.7917,329.0,-0.9297044927605564,0.31050213996658016,-0.0014999999999999998,-0.0019,-106.0,0.0012,-0.017847143467239923,63.100090326957826,1.8409154942926023,1.330770589337911,0.5101449049546913,68.42936734999996
2020-05-07,0,0,0,0,0,0,0,0,73.53134,1.0344863,0.0057,-0.0021,0.5389,247.0,-1.2023329858127774,0.4070437246653763,0.0083,-0.0006999999999999999,-82.0,-0.0078,0.09654158469879615,64.51413008191936,2.0074313443549556,1.4661027403413198,0.5413286040136358,68.86209734999997
2020-05-08,0,0,0,0,0,0,0,0,75.28152,2.373755,0.005,0.0016,0.4847,211.0,-1.257239510527502,0.3948529541313412,-0.0007000000000000001,0.0037,-36.0,-0.0034000000000000002,-0.012190770534035111,67.62039156779963,2.2546312685422123,1.6238084459814983,0.630822822560714,69.38233634999997
2020-05-11,0,0,0,0,0,0,0,0,76.46607,1.5735388,0.0011,0.0129,0.5826,105.0,-1.1371442328319223,0.35210380972293,-0.0039,0.0113,-106.0,0.0118,-0.04274914440841121,69.56238828764138,2.5171066362838843,1.8024680840419756,0.7146385522419088,69.89813404999997
2020-05-12,0,0,0,0,0,0,0,0,75.59221,-1.1428237,-0.0024,0.0039,1.2507,187.0,-0.38567894332333313,0.277966199322905,-0.0034999999999999996,-0.009000000000000001,82.0,0.0063,-0.07413761040002498,66.39858918888277,2.6243551251266837,1.9668454922589171,0.6575096328677665,70.20319924999997
2020-05-13,0,0,0,0,0,0,0,0,74.6795,-1.2074172,0.0074,0.0011,0.6646,229.0,-1.0048102794985105,0.438527790883411,0.0098,-0.0027999999999999995,42.0,-0.0063,0.16056159156050598,63.16711219543115,2.6056657631074955,2.0946095464286327,0.5110562166788628,70.49434224999996
2020-05-14,0,0,0,0,0,0,0,0,75.13828,0.6143451,-0.0024,-0.0017,0.2132,159.0,-1.4504320169639031,0.2548920001609213,-0.0098,-0.0028,-70.0,0.0006999999999999999,-0.1836357907224897,64.11256740231177,2.597926738584107,2.1952729848597277,0.4026537537243793,70.78106774999996
2020-05-15,0,0,0,0,0,0,0,0,74.69407,-0.59120655,-0.0131,-0.0034,1.0278,249.0,-0.5688911967052307,0.05443783107116298,-0.010700000000000001,-0.0017,90.0,0.0097,-0.2004541690897583,62.44130105275881,2.5268218420078483,2.261582756289352,0.2652390857184965,71.09266824999996
2020-05-18,0,0,0,0,0,0,0,0,76.45393,2.356112,-0.0154,-0.0253,1.3181,101.0,-0.2572009000794347,0.015059634904571744,-0.0023,-0.0219,-148.0,-0.009899999999999999,-0.03937819616659123,66.20043720246444,2.5827048792542797,2.3258071808823373,0.25689769837194243,71.56331424999996
2020-05-19,0,0,0,0,0,0,0,0,76.01218,-0.5778432,-0.0094,-0.0065,0.9611,282.0,-0.6278855078483498,0.1128756652950277,0.006,0.0188,181.0,0.0029000000000000007,0.09781603039045596,64.45651362857247,2.5618160351680928,2.3730089517394886,0.1888070834286042,72.11548649999996
2020-05-20,0,0,0,0,0,0,0,0,77.49047,1.9448161,-0.0007,-0.0029,1.5805,263.0,0.035365709533438934,0.27189653424710725,0.008700000000000001,0.0036,-19.0,-0.0021999999999999997,0.15902086895207956,67.53831999097696,2.6341819147567804,2.4252435443429468,0.20893837041383367,72.64800599999997
2020-05-21,0,0,0,0,0,0,0,0,76.912735,-0.7455468,0.0002,-0.0004,1.0201,445.0,-0.5538054706131907,0.2882115906435396,0.0009,0.0024999999999999996,182.0,-0.0006000000000000001,0.016315056396432326,65.16047633495032,2.6147725393375794,2.463149343341873,0.15162319599570617,73.16459074999996
2020-05-22,0,0,0,0,0,0,0,0,77.40793,0.64383745,0.0005,0.0004,0.1917,242.0,-1.403316163190152,0.29290879580290047,0.00030000000000000003,0.0008,-203.0,-9.999999999999999e-05,0.0046972051593608954,66.25707576399842,2.6092705211107017,2.4923735788956387,0.11689694221506297,73.60982674999995
2020-05-25,0,0,0,0,0,0,0,0,77.40793,0.0,0.0007,0.0008,0.1458,66.0,-1.3987843208218955,0.29777397470037004,0.00019999999999999998,0.0004,-176.0,0.00010000000000000005,0.004865178897469569,66.25707576399843,2.5752245464758516,2.508943772411681,0.06628077406417043,74.05264224999996
2020-05-26,0,0,0,0,0,0,0,0,76.8836,-0.67735314,-0.0006,-0.0024,0.3708,102.0,-1.127275413860743,0.3705176061075846,-0.0013,-0.0031999999999999997,36.0,-0.0018,0.07274363140721457,63.791401110962134,2.4773761669588055,2.502630251321106,-0.02525408436230059,74.52479999999996
2020-05-27,0,0,0,0,0,0,0,0,77.2186,0.43569803,-0.0009,-0.0029,0.9007,233.0,-0.5776025555508395,0.33345243388627566,-0.00030000000000000003,-0.0005,131.0,-0.002,-0.03706517222130895,64.69538313074112,2.3992057708476295,2.4819453552264106,-0.08273958437878104,74.90295349999995
2020-05-28,0,0,0,0,0,0,0,0,77.25258,0.04401207,0.0069,-0.0041,0.3264,209.0,-1.1445528030581338,0.6752832935432785,0.0078,-0.0012000000000000005,-24.0,-0.011,0.3418308596570029,64.79140276466234,2.313330437474505,2.4482223716760294,-0.13489193420152423,75.20933199999996
2020-05-29,0,0,0,0,0,0,0,0,77.17734,-0.09740591,-0.0056,-0.0035,0.1431,165.0,-1.3109977673232955,0.10126285728030715,-0.0125,0.0006000000000000003,-44.0,0.0021,-0.5740204362629714,64.37391040698809,2.213684402068509,2.4013147777545254,-0.18763037568601648,75.56920199999996
2020-06-01,0,0,0,0,0,0,0,0,78.12644,1.2297988,0.0031,-0.0195,1.4472,115.0,0.0017212844165912847,0.47510736207572224,0.0087,-0.016,-50.0,-0.0226,0.3738445047954151,67.24141517724229,2.1860986546470684,2.358271553133034,-0.1721728984859654,75.92701974999997
2020-06-02,0,0,0,0,0,0,0,0,78.48813,0.46294928,-0.0021,-0.0109,1.4076,258.0,-0.03592949435067629,0.20757765168068726,-0.0052,0.0086,143.0,-0.0088,-0.267529710395035,68.28892048319662,2.168425847924894,2.3203024120914058,-0.15187656416651185,76.24966474999997
2020-06-03,0,0,0,0,0,0,0,0,78.92021,0.5505085,-0.0016,-0.0033,0.6854,184.0,-0.7578418909153598,0.23091470017213028,0.0004999999999999998,0.0076,-74.0,-0.0017,0.023337048491443024,69.54190632508687,2.1643361463855797,2.2891091589502404,-0.12477301256466067,76.55675324999996
2020-06-04,0,1,0,0,0,0,0,0,78.24052,-0.8612156,-0.031,-0.0115,1.0028,192.0,-0.43888145416206115,-1.1276273197425255,-0.0294,-0.008199999999999999,8.0,0.0195,-1.3585420199146558,65.1790156191082,2.082246879978584,2.2477367031559092,-0.1654898231773254,76.79221224999996
2020-06-05,0,1,0,0,1,0,0,0,80.4689,2.8481007,-0.0021,-0.0034,0.6604,215.0,-0.7686598050116398,0.21252012875765028,0.0289,0.0081,23.0,-0.0013,1.3401474485001759,71.49346193401402,2.1719651256143777,2.2325823876476028,-0.06061726203322504,77.05158124999997
2020-06-08,0,0,0,0,0,0,0,0,80.944664,0.59125423,0.0009,0.0022,0.5528,73.0,-0.8499572156973567,0.3368814296639684,0.003,0.0056,-142.0,0.0013000000000000002,0.12436130090631811,72.63446089108022,2.255458142843395,2.2371575386867613,0.018300604156633593,77.27551094999998
2020-06-09,0,0,0,0,0,0,0,0,83.50074,3.1577945,0.0009,-0.0005,1.5868,199.0,0.1729442448896522,0.3071169497950046,0.0,-0.0027,126.0,-0.0014,-0.0297644798689638,77.78020019544766,2.499073171808078,2.2895406653110246,0.20953250649705346,77.67093744999997
2020-06-10,0,0,0,0,0,0,0,0,85.649,2.572751,0.0034,0.0047,0.8222,329.0,-0.5676177897975048,0.43095830494566717,0.0024999999999999996,0.0052,130.0,0.0013000000000000004,0.12384135515066258,81.01184933738239,2.8328313492384467,2.398198802096509,0.43463254714193766,78.21941244999998
2020-06-11,0,0,0,0,0,0,0,0,81.53696,-4.8010406,0.0138,0.0153,1.4639,164.0,0.06400385548166775,0.9614048824029805,0.0104,0.010599999999999998,-165.0,0.0014999999999999996,0.5304465774573133,62.3261441148611,2.7340138375472662,2.4653618091866605,0.26865202836060575,78.53934644999998
2020-06-12,0,0,0,0,0,0,0,0,82.2409,0.86334944,-0.0021,0.0008,0.7938,283.0,-0.6008799909431158,0.1275315510945708,-0.0159,-0.014499999999999999,119.0,0.0029,-0.8338733313084097,63.86280617462886,2.6815906151391005,2.5086075703771487,0.1729830447619518,78.91668794999998
2020-06-15,0,0,0,0,0,0,0,0,83.25799,1.2367129,-0.0048,0.0006,1.4299,61.0,0.026945319323422773,-0.011564270996548495,-0.0026999999999999997,-0.0002000000000000001,-222.0,0.005399999999999999,-0.1390958220911193,66.01944392077587,2.691094237296369,2.5451049037609925,0.14598933353537635,79.25689094999998
2020-06-16,0,0,0,0,0,0,0,0,85.464516,2.6502252,-0.0212,-0.006,3.3597,314.0,1.8655815691925413,-0.8739402128531141,-0.0164,-0.0066,253.0,0.0152,-0.8623759418565656,70.17759100347062,2.8438915226070947,2.604862227530213,0.23902929507688153,79.72950775
2020-06-17,0,0,1,0,0,0,0,0,85.34559,-0.13917089,-0.0438,-0.0083,2.0604,287.0,0.5929322305675521,-1.956306719752494,-0.0226,-0.0023,-27.0,0.0355,-1.0823665068993797,69.68265788105128,2.921708500869258,2.668231482198022,0.25347701867123584,80.12226374999999
2020-06-18,0,0,0,0,1,0,0,0,85.37958,0.039827824,0.01,-0.0028,2.2118,183.0,0.7212876953430085,0.7643114409212087,0.0538,0.0055,-104.0,-0.0128,2.7206181606737028,69.74832629188776,2.9520918485006575,2.725003555458549,0.22708829304210854,80.54560599999999
2020-06-19,0,0,0,0,0,0,0,0,84.891655,-0.5714655,-0.0015,-0.0006,3.0083,389.0,1.4313636333264506,0.18120011477547665,-0.0115,0.0022,206.0,0.0009000000000000001,-0.5831113261457321,67.48846631642526,2.903331601220401,2.7606691646109196,0.14266243660948152,80.91979224999997
2020-06-22,0,0,0,0,0,0,0,0,87.11273,2.6163816,-0.0013,-0.0012,3.6903,234.0,1.9789841322729531,0.17615314434571994,0.0002000000000000001,-0.0006,-155.0,0.00010000000000000005,-0.005046970429756714,71.94460734992236,3.009222500345885,2.8103798317579125,0.1988426685879725,81.40503224999998
2020-06-23,0,0,0,0,0,0,0,0,88.97215,2.134478,-0.0009,0.0003,3.634,1524.0,1.8375484989899884,0.19021191112050226,0.00039999999999999996,0.0014999999999999998,1290.0,0.0012,0.014058766774782322,75.03018039894116,3.206222122163908,2.8895482898391114,0.3166738323247964,82.00945974999998
2020-06-24,0,0,0,0,0,0,0,0,87.40161,-1.7652035,0.0072,-0.0033,2.0306,523.0,0.3644903020113438,0.592390811847411,0.0081,-0.0036,-1001.0,-0.010499999999999999,0.40217890072690876,68.20674630306715,3.198743169204647,2.9513872657122184,0.24735590349242864,82.51861024999998
2020-06-25,0,0,0,0,0,0,0,0,88.56191,1.3275504,-0.0077,-0.0207,1.0694,348.0,-0.521740759239918,-0.15690308077068107,-0.0149,-0.0174,-175.0,-0.013,-0.7492938926180921,70.35195268083517,3.2489902212256823,3.010907856814911,0.23808236441077124,83.08407674999998
2020-06-26,0,0,1,0,1,0,0,0,85.84078,-3.0725777,0.0015,-0.0365,0.5729,254.0,-0.9614734962485508,0.3074017196269211,0.0092,-0.015799999999999998,-94.0,-0.038,0.46430480039760214,60.10875572465356,3.0342618406584023,3.015578653583609,0.018683187074793217,83.51724874999998
2020-06-29,0,0,0,0,0,0,0,0,87.81913,2.3046613,-0.0003,-0.0023,1.2611,160.0,-0.33294964897449353,0.21628313070209587,-0.0018,0.034199999999999994,-94.0,-0.002,-0.09111858892482522,64.19092483639265,2.9892659659614367,3.0103161160591747,-0.02105015009773803,84.00188324999998
2020-06-30,0,0,0,0,0,0,0,0,88.5522,0.83476305,0.0012,-0.002,1.1035,270.0,-0.4715685062933946,0.2847174811417819,0.0014999999999999998,0.0002999999999999999,110.0,-0.0031999999999999997,0.06843435043968604,65.59584395043669,2.978425597284769,3.0039380123042934,-0.025512415019524504,84.50508674999999
2020-07-01,0,0,0,0,0,0,0,0,88.38469,-0.18914342,0.0009,-0.005,1.2799,237.0,-0.32486401906488505,0.26616691031998163,-0.0002999999999999999,-0.003,-33.0,-0.0059,-0.018550570821800283,64.96859253503453,2.922627637811189,2.9876759374056725,-0.06504829959448344,84.97831074999999
2020-07-02,0,1,1,0,0,0,0,0,88.38469,0.0,-0.0038,-0.0492,1.1167,343.0,-0.48923646180880137,0.028008541049252236,-0.0047,-0.0442,106.0,-0.0454,-0.2381583692707294,64.96859253503452,2.845604989929484,2.9592617479104346,-0.11365675798095065,85.48551925
2020-07-03,0,0,0,0,0,0,0,0,88.38469,0.0,-0.0034,-0.0038,0.341,206.0,-1.1731399401215912,0.055361124858074935,0.0004000000000000002,0.0454,-137.0,-0.0004000000000000002,0.0273525838088227,64.96859253503453,2.75283106364121,2.9179756110565895,-0.16514454741537943,85.88130874999999
2020-07-06,0,0,0,0,0,0,0,0,90.749016,2.6750207,-0.0013,0.0018,0.4306,91.0,-1.0719799696208416,0.1618573345087227,0.0021,0.0056,-115.0,0.0031,0.10649620965064777,70.02204314780978,2.8373808471630326,2.901856658277878,-0.06447581111484535,86.37152634999998
2020-07-07,0,0,0,0,0,0,0,0,90.46743,-0.3102839,-0.0058,0.0066,1.2243,196.0,-0.3290246478494357,-0.0626410678093054,-0.0045,0.0048000000000000004,105.0,0.0124,-0.2244984023180281,68.7500296696744,2.8488260297266947,2.8912505325676414,-0.042424502840946676,86.71986084999999
2020-07-08,0,0,0,0,0,0,0,0,92.574425,2.3290157,-0.0075,0.0028,1.2674,218.0,-0.26073312787254216,-0.13958778760321813,-0.0017000000000000001,-0.0038,22.0,0.0103,-0.07694671979391274,72.74040272722627,2.9934071724221383,2.9116818605385406,0.08172531188359766,87.06613209999999
2020-07-09,0,0,0,0,1,0,0,0,92.904564,0.3566146,0.0059,0.0034,0.8326,203.0,-0.6500342077243214,0.5332716291861039,0.013399999999999999,0.0005999999999999998,-15.0,-0.0025,0.672859416789322,73.31536994830066,3.098905968865324,2.9491266822038975,0.1497792866614267,87.6345123
2020-07-10,0,0,0,0,0,0,0,0,93.13517,0.24821758,0.0034,0.0021,0.7229,247.0,-0.7306625975602642,0.40455296674158153,-0.0025,-0.0013,44.0,-0.0013,-0.1287186624445224,73.73214972505082,3.164642473555972,2.9922298404743124,0.17241263308165955,88.1792258
2020-07-13,0,0,1,0,0,0,0,0,92.70551,-0.4613161,0.0143,0.0495,1.6132,90.0,0.16988648906553955,0.9368479277321148,0.0109,0.047400000000000005,-157.0,0.0352,0.5322949609905332,71.49167560221782,3.1458062595836225,3.0229451242961742,0.12286113528744824,88.6516018
2020-07-14,0,1,0,0,0,0,0,0,94.23963,1.6548395,0.0215,0.0103,1.3958,238.0,-0.01649924504021213,1.2649660605129558,0.007199999999999998,-0.0392,148.0,-0.011199999999999998,0.328118132780841,74.47418452958277,3.2175788411200017,3.0618718676609396,0.15570697345906215,89.0903575
2020-07-15,0,1,1,0,0,0,0,0,94.88777,0.6877303,-0.071,-0.023,2.884,306.0,1.5233723465276763,-3.003417666064998,-0.0925,-0.033299999999999996,68.0,0.047999999999999994,-4.268383726577953,75.6339989272017,3.288846831313805,3.107266860391513,0.18157997092229206,89.5674665
2020-07-16,0,0,0,0,0,0,0,0,93.72017,-1.2304902,-0.0562,-0.0293,1.6653,307.0,0.2965972187826351,-2.192330655158474,0.014799999999999994,-0.0063,1.0,0.0269,0.8110870109065242,69.50700576680454,3.214061959456373,3.128625880204485,0.08543607925188823,89.98449600000001
2020-07-17,0,0,0,0,1,1,0,0,93.53082,-0.20202398,-0.0053,-0.0025,0.7944,227.0,-0.6043508965438966,0.03195126341155332,0.0509,0.0268,-80.0,0.0028,2.224281918570027,68.53735888831707,3.1037374933634396,3.123648202836276,-0.019910709472836352,90.41645425
2020-07-20,0,0,0,0,0,0,0,0,95.501915,2.1073937,-0.0143,-0.0016,0.1806,59.0,-1.2332300692818363,-0.34889522026494185,-0.009000000000000001,0.0009,-168.0,0.0127,-0.38084648367649515,72.79238667373608,3.139169065588476,3.126752375386716,0.012416690201759728,90.8359135
2020-07-21,0,1,1,0,0,0,0,0,94.183815,-1.3801694,-0.033,0.0197,1.2194,137.0,-0.0707215135719726,-1.1319724650274954,-0.0187,0.0213,78.0,0.0527,-0.7830772447625536,66.33203672744045,3.026007259604228,3.1066033522302186,-0.08059609262599077,91.09649675
2020-07-22,0,1,0,0,0,0,0,0,94.4484,0.2809286,-0.0069,0.0014,1.1889,280.0,-0.08343164627398111,-0.009365482908815006,0.0261,-0.0183,143.0,0.0083,1.1226069821186804,66.96581196077751,2.923969807512819,3.070076643286739,-0.14610683577391992,91.44883625000001
2020-07-23,0,1,0,1,0,0,0,0,90.149445,-4.5516434,-0.0345,-0.0239,1.3438,302.0,0.12681870946049403,-1.1673612125298505,-0.027600000000000003,-0.0253,22.0,0.010600000000000002,-1.1579957296210355,50.373614816153335,2.4677677603470443,2.9496148666988,-0.48184710635175554,91.52821300000002
2020-07-24,0,0,1,1,0,0,0,0,89.926125,-0.24772882,-0.111,-0.053,0.9257,269.0,-0.33375793202208776,-4.984358441606093,-0.0765,-0.029099999999999997,-33.0,0.058,-3.816997229076243,49.68492321494392,2.0644070936462526,2.7725733120882903,-0.7081662184420376,91.73248025000001
2020-07-27,0,0,0,0,1,1,0,0,92.05741,2.3700237,-0.0051,-0.01,0.8688,116.0,-0.39112211487138376,0.08988823682591109,0.1059,0.043,-153.0,-0.0049,5.074246678432004,55.88386702032643,1.894874809551382,2.5970336115809087,-0.7021588020295266,91.94439425
2020-07-28,0,0,0,0,0,0,0,0,90.54511,-1.6427517,0.0086,0.0068,0.834,223.0,-0.419691118341483,0.7376812513267856,0.0137,0.0168,107.0,-0.0018000000000000004,0.6477930145008746,51.07534129231075,1.6198170392827365,2.4015902971212744,-0.7817732578385379,92.04403975
2020-07-29,0,1,0,0,0,0,0,0,92.280716,1.9168377,-0.0152,0.0061,2.7361,359.0,1.83022569256864,-0.3913208069832445,-0.0238,-0.0006999999999999992,136.0,0.0213,-1.1290020583100302,55.778178981831125,1.5243093840661857,2.2261341145102564,-0.7018247304440708,92.23884104999999
2020-07-30,0,1,1,0,0,0,0,0,93.39732,1.210022,-0.0667,-0.0011,3.1451,636.0,2.1846838321632815,-2.6328180500715423,-0.0515,-0.007200000000000001,277.0,0.06559999999999999,-2.241497243088298,58.539395930671326,1.5211842253174268,2.0851441366716905,-0.5639599113542637,92.48947254999999
2020-07-31,1,0,1,0,1,0,0,1,103.17497,10.468864,0.3152,0.0765,2.8153,485.0,1.7254398907866677,6.7302493973954745,0.38189999999999996,0.0776,-151.0,-0.23869999999999997,9.363067447467017,73.9048121034235,2.2813837821345686,2.1243920657642663,0.1569917163703023,93.22898654999999
2020-08-03,0,0,1,0,0,0,0,0,105.774734,2.5197625,-0.0497,-0.0178,1.5715,101.0,0.3015690408991874,-0.960840413034117,-0.3649,-0.0943,-384.0,0.0319,-7.691089810429592,76.40833421284096,3.0583716311265334,2.3111879788367196,0.7471836522898139,93.98027245
2020-08-04,0,0,0,0,0,0,0,0,106.4811,0.66781044,-0.0386,-0.0201,1.6826,213.0,0.41901461940550633,-0.7121791973685468,0.011099999999999999,-0.0023,112.0,0.018500000000000003,0.2486612156655702,77.05251337598597,3.688617841805396,2.5866739514304546,1.1019438903749412,94.78095594999999
2020-08-05,0,1,0,0,1,0,0,0,106.86707,0.36246777,0.0046,-0.0047,1.0778,368.0,-0.27614678873621346,0.19120246221922488,0.0432,0.0154,155.0,-0.0093,0.9033816595877717,77.41539831811336,4.171154584168548,2.903570077978073,1.2675845061904747,95.4955882
2020-08-06,0,0,0,0,0,0,0,0,110.59559,3.488922,-0.0056,-0.0027,0.0736,261.0,-1.412426069414158,-0.02078845982057325,-0.0102,0.002,-107.0,0.0029,-0.21199092203979814,80.60597624229982,4.7991077061434595,3.2826776036111505,1.516430102532309,96.3801395
2020-08-07,0,0,0,0,1,0,0,0,108.081116,-2.2694826,0.0026,0.0018,0.3583,232.0,-1.0669667379447492,0.14507961367848202,0.008199999999999999,0.0045000000000000005,-29.0,-0.0007999999999999999,0.16586807349905527,73.10528872550697,5.035818263746094,3.6333057356381393,1.402512528107955,97.1274368
2020-08-10,0,0,1,0,0,0,1,0,109.652054,1.4534831,-0.0605,0.0238,1.8736,68.0,0.6252197815914725,-1.1450475604616306,-0.0631,0.022000000000000002,-164.0,0.0843,-1.2901271741401126,74.68990525119715,5.2892040024519105,3.9644853890008935,1.324718613451017,97.974764
2020-08-11,0,1,0,0,1,0,0,0,106.391,-2.9739857,0.0196,-0.0066,1.9174,366.0,0.6549215633177032,0.49933687729943427,0.0801,-0.030400000000000003,298.0,-0.0262,1.6443844377610648,65.99699696693722,5.167308703689201,4.205050051938555,0.9622586517506466,98.58233249999999
2020-08-12,0,0,0,0,0,0,0,0,109.92684,3.3234358,0.032,0.0141,1.1597,263.0,-0.18485327043235714,0.7403516355057579,0.012400000000000001,0.0207,-103.0,-0.0179,0.24101475820632362,70.06516889575028,5.2949812906564375,4.423036299682131,0.8719449909743062,99.33428599999999
2020-08-13,0,0,0,0,0,0,0,0,111.87226,1.7697573,0.0144,0.0077,2.5431,283.0,1.3160144481815799,0.37378670293175076,-0.0176,-0.0063999999999999994,20.0,-0.006699999999999999,-0.36656493257400713,72.04678381367788,5.489858203059185,4.636400680357542,0.8534575227016434,100.2418905
2020-08-14,0,1,1,0,0,0,0,0,111.77259,-0.089120865,-0.1605,-0.0242,2.3243,546.0,1.0404529747832987,-2.9168492708744935,-0.1749,-0.0319,263.0,0.1363,-3.2906359738062445,71.78459781980524,5.572026174849839,4.823525779256001,0.7485003955938376,101.153979
2020-08-17,0,0,1,0,0,0,0,0,111.48075,-0.26108027,-0.0435,-0.0112,1.0903,78.0,-0.3504754351710052,-0.6839913403130168,0.117,0.013,-468.0,0.032299999999999995,2.232857930561477,70.97020119088174,5.549623233376991,4.968745270080199,0.5808779632967918,101.95292075
2020-08-18,0,0,1,0,0,0,0,0,112.4097,0.83328485,-0.0548,-0.0039,1.2549,311.0,-0.1838244704528682,-0.8744621639518704,-0.011300000000000004,0.0073,233.0,0.0509,-0.1904708236388536,72.05690552852731,5.542931775147522,5.083582571093664,0.4593492040538587,102.86421499999999
2020-08-19,0,0,0,0,1,0,0,1,112.550735,0.12546778,-0.0064,-0.0005,2.3438,251.0,1.0227099568385636,0.03459246521403289,0.0484,0.0034,-60.0,0.005900000000000001,0.9090546291659033,72.22689073400737,5.485772521262362,5.164020561127403,0.321751960134959,103.76933174999999
2020-08-20,0,1,1,0,0,0,0,0,115.0482,2.2189617,0.062,0.0934,1.7792,903.0,0.3607486218469956,1.2821697470079583,0.0684,0.0939,652.0,0.0314,1.2475772817939255,75.11391477722013,5.577701681081535,5.2467567851182295,0.3309448959633059,105.0142695
2020-08-21,0,0,0,0,0,0,0,0,120.97692,5.1532507,-0.0053,0.0099,1.3417,544.0,-0.16707345797993076,0.037389817134811945,-0.0673,-0.08349999999999999,-359.0,0.015200000000000002,-1.2447799298731463,80.3388511095565,6.059108724460302,5.409227172986644,0.6498815514736576,106.56680925
2020-08-24,0,0,1,0,0,0,0,0,122.42382,1.1960268,-0.0484,0.0036,2.1111,165.0,0.7167339875107539,-0.7405638021648285,-0.0431,-0.006300000000000001,-379.0,0.052,-0.7779536192996405,81.3670301801413,6.482652035090851,5.623912145407486,0.8587398896833651,108.08512975000001
2020-08-25,0,1,0,0,0,0,0,0,121.4195,-0.8203745,-0.0181,0.0063,1.8757,391.0,0.43286810983476687,-0.1777159420902959,0.030299999999999997,0.0027,226.0,0.0244,0.5628478600745326,78.30596219251763,6.660494890598073,5.8312286944456035,0.8292661961524699,109.62884925
2020-08-26,0,0,0,0,0,0,0,0,123.070694,1.3599038,-0.0167,0.0069,1.2861,301.0,-0.2662268072371818,-0.14730170948160465,0.001400000000000002,0.0005999999999999998,-90.0,0.0236,0.03041423260869125,79.66074660585235,6.85564656496301,6.0361122685490844,0.8195342964139254,111.16834815
2020-08-27,0,0,0,0,1,0,0,0,121.59946,-1.1954367,0.0031,-0.0085,0.7229,385.0,-0.9165044956594134,0.20695622513313508,0.019799999999999998,-0.0154,84.0,-0.011600000000000001,0.35425793461473976,75.15706240559213,6.813052753539964,6.1915003655472605,0.6215523879927032,112.57845515
2020-08-28,0,0,0,0,0,0,0,0,121.40248,-0.16198754,-0.0085,-0.0049,0.5521,241.0,-1.1110972896586804,-0.004853451696816026,-0.011600000000000001,0.0036000000000000008,-144.0,0.0036000000000000008,-0.2118096768299511,74.54935779980798,6.686326402669593,6.290465572971727,0.39586082969786585,113.48983065
2020-08-31,0,0,0,0,1,0,0,0,125.5195,3.3912182,-0.0044,0.0056,1.4604,116.0,-0.0725388699780848,0.07235542576193996,0.0041,0.010499999999999999,-125.0,0.01,0.07720887745875599,78.46812991268706,6.839265171615381,6.400225492700458,0.4390396789149227,114.47706894999999
2020-09-01,1,1,0,0,0,0,0,0,130.51927,3.9832592,0.0464,0.0173,2.6903,398.0,1.3316126074758914,0.9867118654912994,0.0508,0.011699999999999999,282.0,-0.029099999999999997,0.9143564397293594,82.07729365281516,7.27999070088498,6.576178534337362,0.7038121665476176,115.67897745
2020-09-02,0,1,0,0,0,0,0,0,127.8151,-2.0718455,0.023,0.0023,0.9583,442.0,-0.6781974564686042,0.5516391874639837,-0.023399999999999997,-0.015,44.0,-0.0207,-0.43507267802731575,74.77667548257612,7.326608358279842,6.726264499125858,0.6003438591539831,116.72637895
2020-09-03,0,0,0,0,0,0,0,0,117.58214,-8.006084,-0.0064,0.0043,0.9035,224.0,-0.7276600538073431,0.021492013854961023,-0.0294,0.002,-218.0,0.010700000000000001,-0.5301471736090226,54.88261706398004,6.463333550161522,6.673678309332991,-0.2103447591714689,117.07570645000001
2020-09-04,0,1,0,1,0,0,0,0,117.65994,0.066185,-0.0272,-0.0138,0.7299,320.0,-0.9259426789239436,-0.35044130277787505,-0.0208,-0.018099999999999998,96.0,0.013399999999999999,-0.3719333166328361,54.980683217184115,5.719528688528527,6.482848385172098,-0.7633196966435714,117.55464765000002
2020-09-07,0,0,0,0,1,0,0,0,117.65994,0.0,-0.0031,-0.0018,0.6639,131.0,-0.9792931628216826,0.08880057572308137,0.0241,0.012,-189.0,0.0013,0.4392418785009564,54.980683217184115,5.071595777693219,6.200597863676323,-1.129002085983104,117.95504195000001
2020-09-08,0,0,0,0,0,0,0,0,109.74201,-6.7294955,-0.02,-0.005,2.2125,200.0,0.8427888726505178,-0.21995231312270094,-0.016900000000000002,-0.0032,69.0,0.015,-0.30875288884578234,43.75517334704055,3.8745303258684913,5.735384356114756,-1.8608540302462648,118.12259245
2020-09-09,0,1,1,1,0,0,0,0,114.11925,3.9886594,-0.0479,-0.0064,1.3271,511.0,-0.19136891197895683,-0.7271947204285086,-0.027899999999999998,-0.0014000000000000002,311.0,0.041499999999999995,-0.5072424073058077,49.85098745114536,3.2416858798420662,5.236644660860218,-1.994958781018152,118.33221295000001
2020-09-10,0,0,0,0,1,0,0,0,110.393745,-3.2645762,-0.0057,0.0068,0.5333,267.0,-1.0964960305313056,0.04702136662119508,0.0422,0.0132,-244.0,0.0125,0.7742160870497037,45.34633962978363,2.411734010392962,4.671662530766767,-2.259928520373805,118.2582872
2020-09-11,0,0,0,0,0,0,0,0,108.94439,-1.3128877,-0.0076,-0.0053,0.2965,227.0,-1.341808271945449,0.014205585276033229,-0.0018999999999999998,-0.0121,-40.0,0.0023,-0.03281578134516185,43.692225211851806,1.6183846082844866,4.061006946270311,-2.4426223379858243,118.1168772
2020-09-14,0,0,0,0,0,0,0,0,112.20787,2.9955387,0.0006,0.008,1.4382,167.0,0.0779714895832615,0.16327415048634164,0.0082,0.0133,-60.0,0.0074,0.14906856521030842,48.26808522580255,1.2387060213529537,3.4965467612868393,-2.2578407399338856,118.1532332
2020-09-15,0,0,0,0,0,0,0,0,112.387825,0.16037226,0.0024,0.0018,3.4563,339.0,2.7040676304478035,0.1950869538161354,0.0018,-0.006200000000000001,172.0,-0.0005999999999999998,0.03181280332979375,48.51653566783927,0.9414761196675272,2.9855326329629768,-2.0440565132954496,118.15213944999998
2020-09-16,0,0,0,0,0,0,0,0,109.07084,-2.9513597,0.0009,0.0004,3.1938,1386.0,2.247895185729133,0.1697076904261391,-0.0014999999999999998,-0.0014,1047.0,-0.0005,-0.0253792633899963,44.2938484931617,0.43327182496051364,2.4750804713624843,-2.0418086464019707,117.97814469999999
2020-09-17,0,0,0,0,0,0,0,0,107.32969,-1.5963614,-0.001,-0.002,1.1375,419.0,-0.3218612836928763,0.13296527691533097,-0.0019,-0.0024000000000000002,-967.0,-0.001,-0.03674241351080812,42.216730873891116,-0.10872666035079703,1.958319045019828,-2.0670457053706253,117.59221919999997
2020-09-18,0,0,0,0,0,0,0,0,103.92516,-3.1720161,-0.0023,0.0018,0.8333,478.0,-0.7108160984325375,0.11041248537315879,-0.0013,0.0038,59.0,0.0040999999999999995,-0.022552791542172185,38.422617668974866,-0.803716736758787,1.405911888664105,-2.209628625422892,116.73963119999999
2020-09-21,0,0,0,0,0,0,0,0,107.076775,3.032577,-0.0094,-0.0009,0.4639,143.0,-1.1450907915108521,-0.016432542937960756,-0.0071,-0.0027,-335.0,0.0085,-0.12684502831111955,43.486018052509614,-1.0876545830982849,0.9071985943116271,-1.994853177409912,115.97227894999999
2020-09-22,0,0,0,0,1,0,0,0,108.75957,1.5715837,-0.0052,0.0017,0.8028,272.0,-0.7156540651183521,0.06221496363702754,0.004200000000000001,0.0026,129.0,0.0069,0.0786475065749883,46.037518772663184,-1.163478028713584,0.4930632697065848,-1.6565412984201688,115.33928245
2020-09-23,0,0,0,0,0,0,0,0,104.19753,-4.1946115,0.002,-0.0032,0.4278,328.0,-1.1489909943367835,0.1933595751729242,0.0072,-0.0049,56.0,-0.0052,0.13114461153589668,40.675969963858364,-1.5735482721020588,0.07974096134485603,-1.653289233446915,114.39562425
2020-09-24,0,0,0,0,0,0,0,0,105.267525,1.0268807,-0.0172,-0.0018,0.1681,186.0,-1.4230511298724018,-0.15316324452297703,-0.019200000000000002,0.0014000000000000002,-142.0,0.0154,-0.34652281969590126,42.3711872424863,-1.7915404767841636,-0.29451532628094795,-1.4970251505032157,113.57902750000001
2020-09-25,0,0,1,0,0,0,0,0,109.21675,3.7516117,-0.0357,-0.001,0.7174,279.0,-0.7757688602160343,-0.4802100215066871,-0.018500000000000003,0.0007999999999999999,93.0,0.0347,-0.3270467769837101,48.24915236049734,-1.626877782711361,-0.5609878175670306,-1.0658899651443303,112.969741
2020-09-28,0,0,0,0,1,0,0,0,111.82362,2.3868918,-0.0005,0.002,0.2278,125.0,-1.358131930606512,0.16103584621730282,0.0352,0.003,-154.0,0.0025,0.64124586772399,51.74777315286141,-1.271373190116293,-0.7030648920768832,-0.5683082980394099,112.28494700000002
2020-09-29,0,0,0,0,0,0,0,0,110.97738,-0.75678825,-0.0144,0.0037,0.6014,246.0,-0.8891397831238212,-0.08965709208416452,-0.0139,0.0017000000000000001,121.0,0.018099999999999998,-0.2506929383014673,50.55300069297984,-1.0458616923268096,-0.7716242521268685,-0.2742374401999411,111.30785250000001
2020-09-30,0,0,0,0,1,0,0,0,112.650475,1.5075803,-0.0045,-0.0067,0.3458,255.0,-1.1632140580785884,0.08983408129981202,0.009899999999999999,-0.0104,9.0,-0.0022000000000000006,0.17949117338397652,52.869882072217386,-0.7237939753427298,-0.7620581967700407,0.038264221427310896,110.54962125000002
2020-10-01,0,0,0,0,0,0,0,0,113.603714,0.84621906,0.0012,-0.0021,0.1056,181.0,-1.4125967215630433,0.19519365663599858,0.005699999999999999,0.0046,-74.0,-0.0033,0.10535957533618656,54.186981759989386,-0.3871714965051325,-0.6870808567170591,0.2999093602119266,110.35069995
2020-10-02,0,0,0,0,0,0,0,0,109.93655,-3.2280207,-0.0013,0.0014,0.0,172.0,-1.4982346781136024,0.15109341696116135,-0.0024999999999999996,0.0034999999999999996,-9.0,0.0027,-0.04410023967483723,48.564219197282206,-0.41156102452120535,-0.6319768902778884,0.22041586575668304,109.96453045000001
2020-10-05,0,0,0,0,0,0,0,0,113.32162,3.0791044,-0.0051,-0.0082,0.2958,83.0,-1.1220307768399036,0.08784013772805234,-0.0038000000000000004,-0.009600000000000001,-89.0,-0.0031000000000000003,-0.06325327923310901,53.37379583164055,-0.15594540089253428,-0.5367705924008176,0.3808251915082833,109.74761445000001
2020-10-06,0,0,0,0,0,0,0,0,110.07275,-2.8669477,-0.0023,0.0013,1.8979,255.0,0.6882325192130669,0.1466068356920936,0.0028000000000000004,0.009500000000000001,172.0,0.0036,0.058766697964041256,48.66996287623962,-0.21306871114479975,-0.47203021614961405,0.2589615050048143,109.76415145000001
2020-10-07,0,0,0,0,0,0,0,0,111.94036,1.6967058,-0.0088,-0.0014,1.3451,518.0,0.09358498501914661,0.008699065125520825,-0.006500000000000001,-0.0027,263.0,0.0074,-0.13790777056657277,51.32556646349378,-0.10641217403595249,-0.39890660772688175,0.29249443369092926,109.65520695000001
2020-10-08,0,0,0,0,0,0,0,0,111.83336,-0.09558797,-0.0074,0.0034,0.4264,268.0,-0.9481253721990871,0.01968582962800482,0.0014000000000000002,0.0048,-250.0,0.0108,0.010986764502483995,51.16225239635559,-0.030172298249411256,-0.3251597458313876,0.29498744758197637,109.72718770000002
2020-10-09,0,0,0,0,0,0,0,0,113.77881000000001,1.7395854,-0.0022,-0.0013,0.859,245.0,-0.44811393117340664,0.11559004463707516,0.0052,-0.004699999999999999,-23.0,0.0009000000000000002,0.09590421500907034,54.026548625890015,0.18509623461184788,-0.22310854974274053,0.4082047843545884,109.9689087
2020-10-12,0,0,0,0,0,0,0,0,121.0061,6.352055,-0.0019,0.0057,2.0243,224.0,0.8738967144732704,0.11732698201533011,0.00030000000000000014,0.007,-21.0,0.0076,0.001736937378254949,62.76368463541513,0.9281805126699538,0.007149262739798351,0.9210312499301555,110.4088202
2020-10-13,0,1,0,0,0,0,0,0,117.79612,-2.6527345,0.0202,0.0055,3.3826,546.0,2.3048219306360114,0.5122772925573598,0.022099999999999998,-0.00020000000000000052,322.0,-0.0147,0.39495031054202967,57.53375069742124,1.243724713283342,0.2544643528485071,0.9892603604348349,110.67923495
2020-10-14,0,1,0,0,0,0,0,0,117.883675,0.07432699,-0.0008,0.0008,2.9403,1871.0,1.7335489503519905,0.11934195284481512,-0.020999999999999998,-0.004699999999999999,1325.0,0.0016,-0.39293533971254463,57.63743983907441,1.4837568965185284,0.5003228615825114,0.983434034936017,111.1198767
2020-10-15,0,0,0,0,0,0,0,0,117.416756,-0.39607286,0.0016,0.0039,1.4167,547.0,0.0804693837093423,0.1531336697664743,0.0024000000000000002,0.0031,-1324.0,0.0023,0.03379171692165918,56.840378737359785,1.617660289121389,0.7237903470902869,0.893869942031102,111.62423000000001
2020-10-16,0,0,0,0,0,0,0,0,115.77286,-1.4000535,0.0005,0.0008,1.0875,380.0,-0.27962883185352333,0.10130196057105004,-0.0011,-0.0031,-167.0,0.00030000000000000003,-0.051831709195424264,54.00855036176553,1.5729984766122698,0.8936319729946834,0.6793665036175863,112.216615
2020-10-19,0,0,0,0,0,0,0,0,112.8158,-2.5541842,-0.0003,0.0032,0.8424,152.0,-0.5450018500778238,0.0843166890466093,-0.0007999999999999999,0.0024000000000000002,-228.0,0.0035,-0.016985271524440737,49.254873511425984,1.284190293289015,0.9717436370535497,0.3124466562354653,112.50356624999999
2020-10-20,0,0,0,0,0,0,0,0,114.30407,1.3191938,0.0003,0.0029,1.2868,348.0,-0.07122123125070505,0.09860988188103582,0.0006,-0.00030000000000000035,196.0,0.0026,0.014293192834426524,51.565492292727136,1.1620038215310444,1.0097956739490486,0.15220814758199586,112.78079125
2020-10-21,0,0,0,0,0,0,0,0,113.68154,-0.5446315,-0.0017,0.0014,1.0556,345.0,-0.2979030320349265,0.05567690974805849,-0.002,-0.0014999999999999998,-3.0,0.0031,-0.04293297213297734,50.5290658844469,1.0033709582274497,1.0085107308047287,-0.005139772577279045,113.25499175
2020-10-22,0,0,0,0,0,0,0,0,112.59207,-0.95832944,-0.0062,0.0044,1.1056,322.0,-0.21228476349896278,-0.0513277845118347,-0.0045,0.003,-23.0,0.0106,-0.10700469425989319,48.684845687147124,0.7807422367419719,0.9629570319921774,-0.18221479525020556,113.621219
2020-10-23,0,0,0,0,1,0,0,0,111.90145,-0.6133914,-0.0009,0.0042,0.884,334.0,-0.44113702772641245,0.27007236748914637,0.0053,-0.00020000000000000052,12.0,0.0050999999999999995,0.32140015200098104,47.50129858759951,0.5423284835924704,0.878831322312236,-0.3365028387197656,113.75545399999999
2020-10-26,0,0,0,0,0,0,0,0,111.91118,0.008690357,-0.0116,-0.0026,1.0222,140.0,-0.26751987146335204,-0.1172692913492102,-0.0107,-0.0068,-194.0,0.009,-0.3873416588383566,47.520655608592726,0.3501328823090546,0.7730916343115998,-0.4229587520025452,113.75983199999999
2020-10-27,0,0,0,0,1,0,0,0,113.41888,1.3472319,-0.0065,-0.0031,0.7604,290.0,-0.5580441549121126,0.04095990902726666,0.0050999999999999995,-0.0005,150.0,0.0034,0.15822920037647686,50.562475226268056,0.31583452936837375,0.6816402133229545,-0.3658056839545808,113.881907
2020-10-28,0,0,0,0,0,0,0,0,108.1662,-4.6312213,-0.0029,-0.0005,1.1076,308.0,-0.14915758030934295,0.17122387122881588,0.0036,0.0026,18.0,0.0024,0.13026396220154923,41.530838729637,-0.13365386144688784,0.5185813983689861,-0.6522352598158739,113.65769325000001
2020-10-29,0,0,0,0,0,0,0,0,112.17383,3.7050366,-0.0309,-0.0034,1.7118,302.0,0.5387404926814662,-0.7885715374006059,-0.028,-0.0029,-6.0,0.0275,-0.9597954086294218,49.013929666452064,-0.1645970296190029,0.3819457127713883,-0.5465427423903912,113.58619905000003
2020-10-30,0,1,1,1,0,0,0,0,105.89007,-5.6018057,-0.219,-0.0586,1.9646,429.0,0.8126713003817466,-5.235822808421049,-0.1881,-0.0552,127.0,0.1604,-4.447251271020443,40.30392884202183,-0.6882331069091947,0.16790994883527166,-0.8561430557444664,113.38387505000003
2020-11-02,0,0,0,0,0,0,0,0,105.8025,-0.0826776,-0.0143,0.0071,1.3306,101.0,0.06215474928715841,-0.08086486975169331,0.2047,0.0657,-328.0,0.021400000000000002,5.154957938669356,40.196725138561,-1.0976318215165008,-0.08519840523508282,-1.012433416281418,113.00791905000001
2020-11-03,0,0,0,0,1,0,0,0,107.426956,1.535356,-0.0015,0.0006,0.7799,444.0,-0.5806591765660116,0.25727646738266485,0.0128,-0.006500000000000001,343.0,0.0021,0.3381413371343582,43.21417215512463,-1.2762909418325705,-0.3234169125545804,-0.9528740292779901,112.87562935000001
2020-11-04,0,0,0,0,0,0,0,0,111.813896,4.0836573,-0.0006,-0.0008,0.4549,257.0,-0.9520248435053652,0.2974346750979873,0.0009000000000000001,-0.0014,-187.0,-0.0002000000000000001,0.04015820771532247,50.48070972429153,-1.0517660823442299,-0.46908674651251026,-0.5826793358317196,112.86930615000001
2020-11-05,0,0,0,0,0,0,0,0,115.78259,3.5493731,0.0128,0.0045,1.0104,213.0,-0.2601986491280169,0.6468769681584504,0.0134,0.0053,-44.0,-0.008300000000000002,0.3494422930604631,55.969894961440424,-0.5472793795274953,-0.4847252731155073,-0.062554106411988,113.06676765
2020-11-06,0,1,0,0,0,0,0,0,115.65106,-0.11340976,-0.0113,-0.0081,0.7729,325.0,-0.5265143453997535,-0.05196213446347639,-0.0241,-0.0126,112.0,0.0031999999999999997,-0.6988391026219268,55.74933076185724,-0.15628188439157498,-0.4190365953707208,0.2627547109791458,113.16038015000001
2020-11-09,0,0,0,0,0,0,0,0,113.341736,-1.9968033,-0.0368,-0.0103,1.4146,191.0,0.2633660237243672,-0.8275815704030832,-0.025500000000000002,-0.0022000000000000006,-134.0,0.0265,-0.7756194359396068,51.88340315318214,-0.03238340376493909,-0.34170595704956447,0.3093225532846254,112.77716195
2020-11-10,0,1,0,0,1,0,0,1,113.00071,-0.3008902,-0.005,-0.0035,2.3653,374.0,1.3962093744835185,0.11192915069390917,0.0318,0.0068000000000000005,183.0,0.0015,0.9395107210969924,51.317468111340546,0.037852743777449405,-0.2657942168841617,0.3036469606616111,112.53739145
2020-11-11,0,0,0,0,0,0,0,0,116.43056,3.0352592,-0.0006,-0.0003,1.4382,998.0,0.28803571274529516,0.24426122266817407,0.0044,0.0032,624.0,0.0003,0.1323320719742649,56.46129090479418,0.3660559620083603,-0.1394241811056573,0.5054801431140177,112.46473569999998
2020-11-12,0,0,0,0,0,0,0,0,116.157745,-0.2343297,0.0082,0.0024,0.7819,334.0,-0.5058487092415619,0.5644645890066076,0.0088,0.0026999999999999997,-664.0,-0.005800000000000001,0.3202033663384335,55.95485045905569,0.5972606376934522,0.007912782654164618,0.5893478550392875,112.40178514999998
2020-11-13,0,0,0,0,0,0,0,0,116.206474,0.04194975,0.0001,-0.0015,0.2111,418.0,-1.1774455167126585,0.30214988419643046,-0.008100000000000001,-0.0039,84.0,-0.0016,-0.2623147048101771,56.030713619831104,0.7754847267607659,0.16142717147548488,0.6140575552852809,112.42346584999999
2020-11-16,0,0,0,0,0,0,0,0,117.21982,0.8720398,-0.0006,-0.0008,0.2736,166.0,-1.0650027433741056,0.25762160693689107,-0.0007,0.0007,-252.0,-0.0002000000000000001,-0.044528277259539395,57.663765617265106,0.9871182697421546,0.3265653911288188,0.6605528786133357,112.64366684999997
2020-11-17,0,0,0,0,0,0,0,0,116.33312,-0.75644255,0.0006,0.0043,0.5882,286.0,-0.653994992720565,0.2864421818298935,0.0012,0.0051,120.0,0.0037,0.028820574893002437,55.713843131474405,1.0709449114541627,0.47544129519388756,0.5955036162602751,112.74511934999995
2020-11-18,0,0,0,0,0,0,0,0,115.00796,-1.1391222,-0.0033,-0.0089,1.7236,407.0,0.7347496731313082,0.15287710931800755,-0.0039,-0.0132,121.0,-0.0056,-0.13356507251188596,52.83817697671084,1.0187057855994084,0.5840941932749917,0.4346115923244167,112.81144034999996
2020-11-19,0,0,1,0,0,0,0,0,115.602356,0.51681995,-0.2233,-0.0804,1.2625,401.0,0.15751621648138503,-5.099711163067644,-0.22,-0.0715,-6.0,0.1429,-5.252588272385651,53.98543966369748,1.0135847179286088,0.6699922982057152,0.34359241972289367,112.96195464999994
2020-11-20,0,0,0,0,0,0,0,0,114.33563,-1.0957539,-0.0193,-0.0143,0.3382,386.0,-0.9721370111684712,-0.1767341816064435,0.204,0.06609999999999999,-15.0,0.005000000000000001,4.9229769814612006,51.13083071197977,0.8969722949052823,0.7153882975456286,0.1815839973596537,113.08366364999995
2020-11-23,0,0,0,0,1,0,0,0,110.93499,-2.9742599,-0.0016,-0.0016,0.0764,111.0,-1.2495094431733564,0.24874855626985792,0.0177,0.0127,-275.0,0.0,0.4254827378763014,44.35076702389631,0.524111253563305,0.6771328887491639,-0.15302163518585887,113.03485414999996
2020-11-24,0,1,0,0,0,0,0,0,112.2212,1.1594176,-0.0381,-0.0252,0.1694,232.0,-1.1100904773697582,-0.6054568919647599,-0.036500000000000005,-0.0236,121.0,0.012900000000000002,-0.8542054482346179,47.2024460014441,0.32861452597555285,0.6074292161944417,-0.2788146902188888,112.97497014999995
2020-11-25,0,0,0,0,1,0,0,0,113.059166,0.746727,0.0018,-0.0019,0.0889,208.0,-1.177677103043979,0.38058410562832995,0.039900000000000005,0.0233,-24.0,-0.0037,0.9860409975930899,49.03482037671649,0.2385489698771721,0.5336531669309877,-0.29510419705381563,113.21961844999994
2020-11-26,0,0,0,0,0,0,0,0,113.059166,0.0,-0.0013,-0.0018,0.3028,233.0,-0.897661323839318,0.3021415719069698,-0.0031,0.00010000000000000005,25.0,-0.0005,-0.07844253372136017,49.03482037671649,0.16526628096958973,0.4599757897387081,-0.2947095087691184,113.26388524999993
2020-11-27,0,0,0,0,0,0,0,0,113.60481,0.48263073,-0.0001,0.0005,0.0868,265.0,-1.1357370927616504,0.3205510507401161,0.0012,0.0023,32.0,0.0006000000000000001,0.01840947883314631,50.33645904178954,0.14949484913634592,0.39787960161823566,-0.24838475248188974,113.64962224999992
2020-11-30,0,0,0,0,0,0,0,0,116.00185,2.1099687,-0.0005,-0.0172,1.1396,224.0,0.121730842582493,0.30956529084485607,-0.0004,-0.0177,-41.0,-0.0167,-0.010985759895260017,55.690308865729385,0.32665153531672786,0.3836339883579341,-0.05698245304120625,114.15958974999994
2020-12-01,0,0,0,0,0,0,0,0,119.577866,3.0827403,-0.0035,-0.0054,0.8292,337.0,-0.22843881734192842,0.22907717770431912,-0.003,0.0118,113.0,-0.0019000000000000002,-0.08048811314053694,62.231631679309295,0.7469932178191243,0.4563058342501721,0.2906873835689522,114.76713524999995
2020-12-02,0,0,0,0,0,0,0,0,119.92866,0.29335022,-0.0015,-0.0074,1.1507,289.0,0.16947863348659264,0.2607207868702503,0.002,-0.002,-48.0,-0.005900000000000001,0.031643609165931175,62.81160981937338,1.0957915705737662,0.5842029815148909,0.5115885890588753,115.17287344999995
2020-12-03,0,0,0,0,0,0,0,0,119.792244,-0.113749504,-0.0048,-0.003,0.4167,263.0,-0.7277305371125905,0.17882511464253315,-0.0032999999999999995,0.0044,-26.0,0.0017999999999999995,-0.08189567222771715,62.410246997613925,1.345696792013186,0.7365017436145499,0.609195048398636,115.37335614999998
2020-12-04,0,0,0,0,0,0,0,0,119.11991,-0.56124926,-0.0013,-0.0018,0.1569,211.0,-1.0403065526254665,0.26255137630820463,0.0034999999999999996,0.0012000000000000001,-52.0,-0.0005,0.08372626166567149,60.36298980289912,1.4725224237162848,0.8837058796348969,0.588816544081388,115.54679864999996
2020-12-07,0,0,0,0,0,0,0,0,120.581505,1.2269974,-0.0044,-0.0002,0.8438,129.0,-0.18931306370048287,0.1881754343319108,-0.0031000000000000003,0.0015999999999999999,-82.0,0.004200000000000001,-0.07437594197629382,63.18988880135487,1.671700825492593,1.0413048688064361,0.6303959566861568,115.90878709999997
2020-12-08,0,0,0,0,0,0,0,0,121.19538,0.5090833,-0.0011,-0.0006,2.4194,324.0,1.858965553107936,0.2712520989256144,0.0033,-0.00039999999999999996,195.0,0.0005000000000000001,0.08307666459370361,64.34022704687352,1.8576716436877945,1.2045782237827078,0.6530934199050866,116.31852059999999
2020-12-09,0,0,0,0,0,0,0,0,118.66195,-2.0903647,0.0013,0.0033,1.4201,551.0,0.6509834750570787,0.33037741737023335,0.0024000000000000002,0.0039,227.0,0.002,0.059125318444618935,56.4937853757871,1.780108248898415,1.3196842288058492,0.4604240200925658,116.4300901
2020-12-10,0,0,0,0,0,0,0,0,120.08456,1.1988878,-0.0044,-0.0033,0.284,243.0,-0.9019229597291476,0.1909918312086363,-0.0057,-0.0066,-308.0,0.0011000000000000003,-0.13938558616159705,59.48192314504058,1.8125376319107431,1.418254909426828,0.39428272248391516,116.62643084999999
2020-12-11,0,0,0,0,0,0,0,0,119.27581,-0.67347884,-0.0118,-0.0038,0.3938,247.0,-0.7368958166747468,0.01199457208662351,-0.0073999999999999995,-0.0005,4.0,0.008,-0.17899725912201278,57.08165906416238,1.7527738991493464,1.4851587073713317,0.26761519177801474,116.77989765
2020-12-14,0,0,0,0,0,0,0,0,118.66195,-0.5146682,-0.025,-0.0053,1.7361,133.0,1.0716551919069353,-0.3077874770349543,-0.013200000000000002,-0.0015,-114.0,0.019700000000000002,-0.3197820491215778,55.25895396340389,1.6370069415824418,1.5155283542135538,0.12147858736888795,116.85200415000001
2020-12-15,0,1,0,0,1,0,0,1,124.60575,5.0090313,-0.0016,0.0037,2.759,478.0,2.310420773075436,0.26889838419179374,0.0234,0.009000000000000001,345.0,0.0053,0.576685861226748,66.43495805006985,2.001800271789776,1.6127827377287982,0.3890175340609776,117.26563565000004
2020-12-16,0,0,0,0,0,0,0,0,124.53754,-0.054740906,0.035,0.014,1.4465,295.0,0.5810120818148038,1.1474960291151872,0.0366,0.0103,-183.0,-0.021000000000000005,0.8785976449233934,66.23049869397438,2.2593532197095954,1.7420968341249576,0.5172563855846377,117.74211465000003
2020-12-17,0,1,0,0,0,0,0,0,125.40476,0.69634914,-0.0091,0.0011,0.4049,332.0,-0.7858412905253707,0.06601822525880696,-0.0441,-0.0129,37.0,0.0102,-1.0814778038563801,67.59594794548669,2.504572045348084,1.8945918763695828,0.6099801689785012,118.23223485000003
2020-12-18,0,0,0,0,0,0,0,0,123.412125,-1.5889645,-0.0046,-0.0032,0.1194,188.0,-1.1353777623922858,0.1638197995456852,0.0045000000000000005,-0.0043,-144.0,0.0013999999999999998,0.09780157428687825,61.447850213589206,2.5091962871406537,2.017512758523797,0.4916835286168566,118.68605960000002
2020-12-21,0,0,0,0,0,0,0,0,124.9468,1.2435317,-0.0083,-0.0322,1.1806,120.0,0.22220546699732377,0.07633338801096763,-0.0037,-0.028999999999999998,-68.0,-0.023899999999999998,-0.08748641153471758,64.15215999994868,2.6066486556431983,2.1353399379476774,0.47130871769552085,119.38665010000003
2020-12-22,0,1,0,0,0,0,0,0,128.50334,2.8464556,-0.0017,-0.0017,2.9229,329.0,2.337478422413029,0.23294961081162532,0.0066,0.0305,209.0,0.0,0.15661622280065768,69.49293444365387,2.937007421214787,2.2956734346010994,0.6413339866136876,120.20075710000003
2020-12-23,0,0,0,0,0,0,0,0,127.606895,-0.69760084,0.0123,0.002,1.8208,471.0,0.9310119112885348,0.5679251050744305,0.014,0.0037,142.0,-0.0103,0.33497549426280515,66.7918070170629,3.090854061805473,2.454709560041974,0.636144501763499,120.92814355000003
2020-12-24,0,0,0,0,0,0,0,0,128.59099,0.7712245,0.0013,-0.0004,0.1708,236.0,-1.1290153128408844,0.2988377530089364,-0.011,-0.0024000000000000002,-235.0,-0.0017,-0.2690873520654941,68.25074239547119,3.254669075808934,2.614701463195366,0.6399676126135683,121.70473475000003
2020-12-25,0,0,0,0,0,0,0,0,128.59099,0.0,0.0018,-0.0018,0.0194,116.0,-1.3191760282860296,0.3096947122333831,0.0005,-0.0014,-120.0,-0.0036,0.010856959224446683,68.25074239547119,3.3459239263722225,2.760945955830737,0.5849779705414853,122.45404375000005
2020-12-28,0,0,0,0,0,0,0,0,133.1902,3.5765767,0.0011,-0.0002,0.4278,76.0,-0.813755302785259,0.2898930669936118,-0.0006999999999999999,0.0015999999999999999,-40.0,-0.0013000000000000002,-0.019801645239771293,74.35700117524082,3.7461782517266897,2.9579924150099277,0.788185836716762,123.31346125000005
2020-12-29,0,0,0,0,0,0,0,0,131.41676,-1.3314843,0.0047,-0.0042,0.5007,144.0,-0.6967518071643134,0.3746961037898891,0.0036,-0.004,68.0,-0.0089,0.08480303679627732,68.85764627793804,3.87560533567418,3.141514999142778,0.734090336531402,123.90540595000004
2020-12-30,0,1,1,0,0,0,0,0,130.29622,-0.8526683,-0.1273,-0.0475,0.2736,161.0,-0.9536610047502947,-2.628034610045414,-0.132,-0.0433,17.0,0.0798,-3.0027307138353034,65.55840694840784,3.843454072833339,3.2819028138808903,0.5615512589524485,124.42378395000006
2020-12-31,0,0,0,0,1,0,0,0,129.2926,-0.77026486,0.0125,0.0054,0.1139,135.0,-1.1396232493125689,0.5665978503107788,0.1398,0.0529,-26.0,-0.0071,3.194632460356193,62.66242741409095,3.694403435874463,3.364402938279605,0.3300004975948583,124.89880175000003
2021-01-01,0,0,0,0,0,0,0,0,129.2926,0.0,0.0109,-0.0054,0.0,96.0,-1.2467938794960596,0.524034381235592,-0.0016000000000000007,-0.0108,-39.0,-0.016300000000000002,-0.04256346907518682,62.662427414090935,3.5355244076488646,3.3986272321534567,0.1368971754954078,125.40743625000005
2021-01-04,0,0,0,0,0,0,0,0,126.0966,-2.4719238,-0.0008,0.0012,0.5965,84.0,-0.49174918302143783,0.25668667522969035,-0.0117,0.0066,-12.0,0.002,-0.26734770600590163,53.873269632879094,3.1158040931399285,3.342062604350751,-0.22625851121082263,125.68319100000004
2021-01-05,0,0,0,0,0,0,0,0,127.65561,1.2363791,-0.0074,0.0069,1.1819,186.0,0.30325435116797905,0.11716830802649593,-0.0066,0.0057,102.0,0.0143,-0.13951836720319444,57.03877813748274,2.875821122021648,3.2488143078849303,-0.37299318586328223,126.00620250000001
2021-01-06,0,1,0,0,0,0,0,0,123.35854,-3.3661544,0.0187,0.0073,1.6125,295.0,0.9659572415638472,0.7051817469652886,0.0261,0.0004000000000000002,109.0,-0.0114,0.5880134389387927,47.38606001009963,2.312241174598242,3.0614996812275925,-0.7492585066293507,126.24103200000002
2021-01-07,0,0,0,0,0,0,0,0,127.56793,3.4123182,0.0105,0.0101,1.1701,222.0,0.34277086467750056,0.5138556729003241,-0.0082,0.0027999999999999995,-73.0,-0.00040000000000000105,-0.1913260740649645,55.3562939761607,2.1801314018351974,2.8852260253491133,-0.7050946235139159,126.61520050000004
2021-01-08,0,0,0,0,0,0,0,0,128.66898,0.86312294,0.012,0.002,1.6014,284.0,0.9398806456674373,0.5426830959958083,0.0014999999999999996,-0.0081,62.0,-0.01,0.02882742309548425,57.18336462656901,2.139614840247802,2.736103788328851,-0.5964889480810491,127.08485900000002
2021-01-11,0,0,0,0,0,0,0,0,125.67759,-2.3248851,-0.0013,-0.0051,1.4333,198.0,0.6848156745984331,0.24043623011703535,-0.0133,-0.0071,-86.0,-0.0038000000000000004,-0.302246865878773,51.06834865142799,1.8448586186024158,2.557854754383564,-0.7129961357811481,127.435641
2021-01-12,0,0,0,0,0,0,0,0,125.50219,-0.13955235,0.0021,-0.0097,0.5215,210.0,-0.5847982951066447,0.3170646669687808,0.0034,-0.0046,12.0,-0.0118,0.07662843685174542,50.72581898384696,1.5789082042808076,2.3620654443630125,-0.7831572400822049,127.48046300000001
2021-01-13,0,0,0,0,0,0,0,0,127.53868,1.6226649,0.0028,-0.0012,1.4771,229.0,0.7505650596304658,0.3311239633249311,0.0007000000000000001,0.0085,19.0,-0.004,0.01405929635615033,54.53847605489271,1.515004281900275,2.192653211870465,-0.6776489299701902,127.63052000000002
2021-01-14,0,0,0,0,0,0,0,0,125.60942,-1.5127182,0.0051,-0.0016,0.716,280.0,-0.30947168525626134,0.37873075969113057,0.0023000000000000004,-0.0004000000000000002,51.0,-0.0067,0.047606796366199466,50.54816385497075,1.2937710175633867,2.0128767730090495,-0.7191057554456628,127.64075300000005
2021-01-15,0,0,0,0,0,0,0,0,123.88469,-1.3730526,0.0049,-0.0034,1.175,231.0,0.3280384931606245,0.37173642747079155,-0.00020000000000000052,-0.0017999999999999997,-49.0,-0.0083,-0.006994332220339017,47.221859365979554,0.9681109840508526,1.80392361521741,-0.8358126311665575,127.66438125000005
2021-01-18,0,0,0,0,0,0,0,0,123.88469,0.0,-0.0288,-0.0027,0.9188,137.0,-0.02903171306656035,-0.3862973289553185,-0.0337,0.0006999999999999997,-94.0,0.026099999999999998,-0.75803375642611,47.22185936597955,0.7019316303410363,1.5835252182421353,-0.881593587901099,127.61127575000003
2021-01-19,0,0,0,0,0,0,0,0,124.55704,0.5427122,-0.0135,-0.0085,0.3986,142.0,-0.7473462167136016,-0.03677091144658579,0.0153,-0.0058000000000000005,5.0,0.004999999999999999,0.3495264175087327,48.74669199518176,0.5390220896243108,1.3746245925185705,-0.8356025028942597,127.41396075000003
2021-01-20,0,1,0,0,1,0,0,0,128.64948,3.2856107,0.0212,-0.0019,0.3,159.0,-0.8611950207780518,0.7377159452937039,0.0347,0.006600000000000001,17.0,-0.0231,0.7744868567402897,56.90762979579772,0.7317061578419981,1.246040905583256,-0.5143347477412579,127.46609000000004
2021-01-21,0,0,0,0,0,0,0,0,133.36559,3.6658287,0.0052,0.0029,1.2292,169.0,0.4445699559162507,0.3631025253905345,-0.016,0.0048,10.0,-0.0023,-0.3746134199031694,64.0179663935996,1.2505448305727498,1.2469416905811548,0.0036031399915950058,127.70482000000001
2021-01-22,0,0,0,0,0,0,0,0,135.50926,1.6073704,0.0136,0.0048,0.5299,250.0,-0.5104178966441094,0.5895732505749437,0.0084,0.0018999999999999998,81.0,-0.008799999999999999,0.2264707251844092,66.7070295988676,1.8137961572926002,1.3603125839234438,0.45348357336915646,128.0507335
2021-01-25,0,0,1,0,0,0,0,0,139.26067,2.7683854,-0.0294,0.0147,2.3806,120.0,2.032940186755592,-0.6320371850908766,-0.043,0.009899999999999999,-130.0,0.0441,-1.2216104356658204,70.81723087423408,2.5336776678874458,1.5949856007162442,0.9386920671712016,128.35425700000002
2021-01-26,1,1,0,0,1,0,0,1,139.49454,0.16793013,0.0284,0.0193,1.8951,308.0,1.3183458111028605,0.9946735879116048,0.057800000000000004,0.004600000000000002,188.0,-0.0091,1.6267107730024812,71.05712350309797,3.087469875129699,1.8934824555989351,1.1939874195307638,128.758146
2021-01-27,0,0,0,0,0,0,0,0,138.42267,-0.7683754,0.0219,0.0066,2.991,323.0,2.593728009364381,0.7959613517032085,-0.006500000000000002,-0.012700000000000001,15.0,-0.0153,-0.1987122362083963,68.28649983062674,3.40066251755448,2.194918467990044,1.2057440495644358,129.1644685
2021-01-28,0,1,1,0,0,0,0,0,133.57994,-3.4985244,0.2762,0.1345,3.5778,577.0,3.020877463738039,5.4666452541083315,0.2543,0.1279,254.0,-0.1417,4.670683902405123,57.397337147953856,3.220972735778389,2.400129321547713,0.820843414230676,129.37883549999998
2021-01-29,0,0,1,1,0,0,0,0,128.58125,-3.742057,-0.0576,0.009,1.225,357.0,0.24498514698059662,-1.0673677641256762,-0.3338,-0.1255,-220.0,0.06659999999999999,-6.534013018234008,48.755030069255724,2.6447280037797327,2.449049057994117,0.19567894578561562,129.343268
2021-02-01,0,0,1,1,0,0,0,0,130.70544,1.6520143,-0.0783,-0.0059,1.625,85.0,0.7096068540355142,-1.4361001963917868,-0.020699999999999996,-0.0149,-272.0,0.07239999999999999,-0.3687324322661105,52.058507459832384,2.332565914563901,2.4257524293080737,-0.09318651474417283,129.57371
2021-02-02,0,1,0,0,0,0,0,0,131.5337,0.6336689,-0.0126,-0.0011,1.8625,340.0,1.0112205338995794,-0.1730816767692677,0.0657,0.0048,255.0,0.0115,1.263018519622519,53.32205003961234,2.1274845521917882,2.3660988538848167,-0.23861430169302844,129.7676145
2021-02-03,0,0,0,0,1,0,0,0,130.5106,-0.77783465,0.0085,-0.0024,1.4625,242.0,0.5350977331627434,0.2286435354288889,0.0211,-0.0012999999999999997,-98.0,-0.0109,0.4017252121981566,51.51589245590071,1.860948618114577,2.2650688067307687,-0.4041201886161918,130.12521750000002
2021-02-04,0,0,0,0,0,0,0,0,133.87227,2.575779,0.0079,-0.0029,1.2167,258.0,0.2344025913491018,0.21723998630202532,-0.0005999999999999998,-0.0005,16.0,-0.0108,-0.011403549126863588,56.70516591919677,1.8990841840869734,2.1918718822020096,-0.29278769811503613,130.44043449999998
2021-02-05,0,0,0,0,0,0,0,0,133.4575,-0.30934215,-0.0085,0.0007,0.834,309.0,-0.23460342962636277,-0.09445974842407713,-0.0164,0.0036,51.0,0.0092,-0.31169973472610246,55.910043636200335,1.8742334259846132,2.12834419095853,-0.25411076497391694,130.6798605
2021-02-08,0,0,1,0,0,0,0,0,133.60391,0.10968447,-0.0552,0.0018,2.2313,180.0,1.3862791682159314,-0.9645966043484889,-0.0467,0.0010999999999999998,-129.0,0.057,-0.8701368559244118,56.1438144250082,1.8450841035285066,2.0716921734725253,-0.22660806994401872,131.0761765
2021-02-09,0,1,0,0,1,0,0,0,132.7256,-0.65737367,-0.0007,-0.0022,1.2493,359.0,0.2089699716597157,0.07237108304435368,0.0545,-0.004,179.0,-0.0015,1.0369676873928426,54.284353678211,1.7311551004244166,2.0035847588629037,-0.2724296584384871,131.437347
2021-02-10,0,0,0,0,0,0,0,0,132.12059,-0.4558444,-0.0023,-0.0027,0.6313,271.0,-0.505613729582702,0.0416216572538938,-0.0015999999999999999,-0.0005,-88.0,-0.0004000000000000002,-0.030749425790459875,52.9826322932139,1.573903316221191,1.917648470334561,-0.34374515411337003,131.6664425
2021-02-11,0,0,0,0,0,0,0,0,131.86685,-0.19203424,-0.0038,-0.0015,0.0,180.0,-1.2180638134845425,-0.0674439992180352,-0.0015,0.0012000000000000001,-91.0,0.0023,-0.109065656471929,52.41494448896549,1.4125227637403555,1.8166233290157199,-0.4041005652753644,131.979314
2021-02-12,0,0,0,0,0,0,0,0,132.10109,0.177598,-0.0021,-0.0029,0.0,152.0,-1.2032044356967688,-0.03540276884683653,0.0017000000000000001,-0.0013999999999999998,-28.0,-0.0007999999999999999,0.03204123037119867,52.916480086133454,1.2886736954007745,1.7110334022927307,-0.42235970689195623,132.39013400000002
2021-02-15,0,0,0,0,1,0,0,0,132.10109,0.0,0.001,-0.0009,0.4396,145.0,-0.700667101181907,0.0341138447308852,0.0031,0.002,-7.0,-0.0019,0.06951661357772174,52.91648008613345,1.1769552094321796,1.6042177637206205,-0.42726255428844095,132.80095400000002
2021-02-16,0,0,0,0,0,0,0,0,129.97375,-1.6103983,0.0018,-0.0019,0.5306,195.0,-0.6041485682415191,0.03742020833209675,0.0007999999999999999,-0.001,50.0,-0.0037,0.0033063636012115524,47.62900969919176,0.90631154994756,1.4646365209660084,-0.5583249710184484,133.07178950000002
2021-02-17,0,1,1,1,0,0,0,0,127.68047,-1.7643988,-0.0476,-0.0036,1.5111,263.0,0.5335871852517765,-1.063835268892148,-0.049400000000000006,-0.0017,68.0,0.044000000000000004,-1.1012554772242447,42.6782845559884,0.5010007449388354,1.2719093657605738,-0.7709086208217384,133.02333900000002
2021-02-18,0,0,0,1,0,0,0,0,126.57775,-0.8636415,-0.0271,-0.0031,1.0222,228.0,-0.06522630885262908,-0.5877437886527209,0.020500000000000004,0.0005,-35.0,0.024,0.47609148023942705,40.49842626211784,0.08977386642843044,1.0354822658941452,-0.9457083994657147,132.68394700000002
2021-02-19,0,1,0,0,0,0,0,0,126.733894,0.12334585,-0.0025,-0.0011,0.959,288.0,-0.16069460650425993,-0.03099322179902551,0.0246,0.002,60.0,0.0014,0.5567505668536954,40.95828558966375,-0.22097956677976072,0.7841898993593639,-1.0051694661391246,132.24517870000003
2021-02-22,0,0,0,0,0,0,0,0,122.95736,-2.9798985,-0.007,0.0084,0.9229,86.0,-0.20019722366417847,-0.1302054518462082,-0.0045000000000000005,0.0095,-202.0,0.0154,-0.09921223004718267,34.094895373455,-0.7631910421789883,0.47471371105169347,-1.2379047532306817,131.43001320000002
2021-02-23,0,1,1,0,0,0,0,0,122.82073,-0.11110902,-0.0344,0.0103,0.9708,213.0,-0.14485123150707638,-0.7341746150160708,-0.0274,0.0019000000000000006,127.0,0.044700000000000004,-0.6039691631698627,33.87374003647344,-1.1902025281222137,0.14173046321691202,-1.3319329913391258,130.5963227
2021-02-24,0,0,0,1,0,0,0,0,122.32305,-0.40521622,-0.0235,0.0033,0.6271,207.0,-0.5515167567218558,-0.4798621025490089,0.0109,-0.007,-6.0,0.0268,0.25431251246706194,33.03322055731787,-1.5508930937116787,-0.19679424816880614,-1.3540988455428726,129.7913417
2021-02-25,0,0,0,0,0,0,0,0,118.06834,-3.4782588,-0.0037,-0.0025,0.9028,201.0,-0.22752802325218263,-0.035909024849407445,0.019799999999999998,-0.0058,-6.0,0.0012000000000000001,0.44395307769960146,26.890186697777374,-2.1552184873363416,-0.5884790960023132,-1.5667393913340284,129.01576169999998
2021-02-26,0,0,0,0,0,0,0,0,118.33182,0.22315979,-0.0099,-0.0024,0.1854,281.0,-1.1051251665287893,-0.17179640893637368,-0.006200000000000001,0.00010000000000000026,80.0,0.0075000000000000015,-0.13588738408696624,27.785792738642677,-2.583113556559809,-0.9874059881138124,-1.5957075684459965,128.50329019999998
2021-03-01,0,0,0,0,1,0,0,0,124.70414,5.3851247,0.0066,0.0025,1.1924,75.0,0.11869030766853385,0.19424941677210986,0.0165,0.0049,-206.0,-0.0040999999999999995,0.36604582570848354,45.253390203843274,-2.3805885702641234,-1.2660425045438746,-1.1145460657202488,128.20322519999996
2021-03-02,0,0,0,0,0,0,0,0,122.098595,-2.0893633,0.0083,0.0015,0.884,245.0,-0.23241857279023356,0.22876505136772446,0.0017000000000000001,-0.001,170.0,-0.0068000000000000005,0.0345156345956146,40.89735452542423,-2.4026356770664847,-1.4933611390483965,-0.9092745380180882,127.73146994999995
2021-03-03,0,0,0,0,0,0,0,0,119.11248,-2.445656,-0.0074,0.0022,0.3097,199.0,-0.9224822323916566,-0.11997812794605772,-0.0157,0.0007000000000000001,-46.0,0.009600000000000001,-0.3487431793137822,36.55451333400555,-2.6307371917741307,-1.7208363495935433,-0.9099008421805874,127.16156394999993
2021-03-04,0,1,1,1,0,0,0,0,117.22911,-1.581192,-0.1196,-0.0062,1.4368,241.0,0.4584856977281571,-2.454142732973472,-0.1122,-0.0084,42.0,0.1134,-2.3341646050274143,34.0953483477656,-2.929709635584686,-1.962611006791772,-0.9670986287929142,126.32940594999995
2021-03-05,0,0,1,0,0,0,0,0,118.48795,1.0738373,-0.2386,-0.0044,0.241,195.0,-1.0318262037622266,-4.121352627483995,-0.11900000000000001,0.0017999999999999995,-46.0,0.23420000000000002,-1.6672098945105231,37.13935142623549,-3.0301400159424077,-2.176116808621899,-0.8540232073205085,125.58092844999996
2021-03-08,0,0,0,0,1,1,0,0,113.55014,-4.167348,-0.0024,-0.0005,0.6069,112.0,-0.5536466622319655,0.08882486609170394,0.2362,0.0039000000000000003,-83.0,0.0018999999999999998,4.210177493575699,31.0761178135404,-3.468192649944143,-2.434531976886348,-1.033660673057795,124.57823994999997
2021-03-09,0,1,0,0,0,0,0,0,118.16103,4.0606737,-0.0264,-0.0025,1.4271,267.0,0.5208624373387581,-0.3322934088773043,-0.024,-0.002,155.0,0.0239,-0.4211182749690082,40.79590590491579,-3.404052432709676,-2.6284360680510135,-0.7756163646586627,123.85001144999997
2021-03-10,0,0,0,0,0,0,0,0,117.08274,-0.9125769,-0.0106,-0.0049,1.6715,274.0,0.8312351701201229,-0.036868860657106116,0.0158,-0.0024,7.0,0.0057,0.2954245482201982,39.39669757087982,-3.401024941341248,-2.7829538427090603,-0.6180710986321878,123.09811894999996
2021-03-11,0,0,0,0,1,0,0,0,119.0149,1.6502738,-0.0075,-0.0054,1.2313,265.0,0.24364852320107636,0.01826993374489083,0.0031000000000000003,-0.0005000000000000004,-9.0,0.0020999999999999994,0.05513879440199695,43.15872376410439,-3.2057624345273297,-2.867515561072714,-0.33824687345461557,122.45552144999996
2021-03-12,0,0,0,0,0,0,0,0,118.10738,-0.76254606,-0.0115,-0.0079,0.4375,224.0,-0.8039546734077426,-0.05143192811799295,-0.004,-0.0025000000000000005,-41.0,0.003599999999999999,-0.06970186186288378,41.84481567987376,-3.0886408416158417,-2.91174061718134,-0.17690022443450193,121.75583594999996
2021-03-15,0,0,0,0,0,0,0,0,120.99589,2.445674,-0.0111,0.0009,0.6917,77.0,-0.4587354381109119,-0.043417424070653805,0.0003999999999999993,0.0088,-147.0,0.012,0.008014504047339145,47.3399694720332,-2.7312582734758877,-2.8756441484402493,0.14438587496436162,121.20057594999996
2021-03-16,0,0,0,0,1,0,0,1,122.53774,1.2742996,-0.0009,0.0012,2.3903,194.0,1.8264215268426847,0.13933793764541513,0.0102,0.0002999999999999999,117.0,0.0021,0.18275536171606893,50.05299452172729,-2.297135654295289,-2.7599424496112572,0.46280679531596824,120.82877544999997
2021-03-17,0,0,0,0,0,0,0,0,121.7473,-0.64505935,-0.013,-0.0039,2.1021,299.0,1.4210714489922303,-0.07026002475769053,-0.0121,-0.0050999999999999995,105.0,0.0091,-0.20959796240310566,48.66868323098875,-1.993887953748711,-2.606731550438748,0.6128435966900367,120.53211694999997
2021-03-18,0,0,0,0,1,0,0,0,117.61943,-3.3905149,-0.0076,-0.0044,0.9417,242.0,-0.14655144992429917,0.029405855031158633,0.005399999999999999,-0.0005000000000000004,-57.0,0.0031999999999999997,0.09966587978884917,42.117652478279034,-2.0628671290612317,-2.4979586661632447,0.435091537102013,120.08420095
2021-03-19,0,0,0,1,0,0,0,0,117.09248,-0.44802427,-0.0304,-0.0073,0.3785,201.0,-0.9238195579097128,-0.37028494458909134,-0.0228,-0.0029,-41.0,0.0231,-0.39969079962024995,41.352427510650266,-2.1354380826073793,-2.4254545494520716,0.2900164668446923,119.60213024999999
2021-03-22,0,0,1,0,0,0,0,0,120.41037,2.833569,-0.094,-0.0079,1.2306,89.0,0.22075233368030742,-1.4566596111517525,-0.0636,-0.0006000000000000007,-112.0,0.0861,-1.0863746665626612,47.78516914094957,-1.9032852048146793,-2.321020680524593,0.41773547570991365,119.47478075
2021-03-23,0,1,1,0,0,0,0,0,119.5809,-0.68886876,-0.0587,-0.0034,0.6965,180.0,-0.5176262785428167,-0.8117437851348999,0.0353,0.0045000000000000005,91.0,0.0553,0.6449158260168526,46.41452914725404,-1.7658777341245013,-2.2099920912445747,0.4441143571200734,119.31278925
2021-03-24,0,1,0,0,0,0,0,0,117.19007,-1.9993484,-0.0178,-0.0049,0.5049,193.0,-0.790462882070939,-0.13109975563876544,0.040900000000000006,-0.0015,13.0,0.0129,0.6806440294961345,42.61985140173347,-1.8288198270695233,-2.1337576384095644,0.30493781134004116,119.05614025
2021-03-25,0,0,0,0,1,0,0,0,117.677986,0.41635036,-0.0033,-0.0056,0.1569,176.0,-1.2741796369561695,0.13752929689024548,0.014499999999999999,-0.0007000000000000001,-17.0,-0.0023,0.2686290525290109,43.63266494598426,-1.818370106988624,-2.0706801321253763,0.25231002513675227,119.03662255000002
2021-03-26,0,0,0,0,0,0,0,0,118.283005,0.51413774,-0.0003,-0.0014,0.6243,178.0,-0.6518909216913646,0.1957516149417083,0.003,0.0042,2.0,-0.0011,0.05822231805146283,44.93069884331181,-1.741197213968107,-2.0047835484939225,0.2635863345258156,119.03418180000003
2021-03-29,0,0,0,0,0,0,0,0,118.458664,0.14849901,0.0012,0.0004,0.4924,90.0,-0.8333652849084872,0.22245556536722721,0.0014999999999999998,0.0018,-88.0,-0.0007999999999999999,0.026703950425518902,45.32437432614185,-1.6468787340919988,-1.9332025856135377,0.28632385152153894,118.72190800000003
2021-03-30,0,1,1,0,0,0,0,0,117.004654,-1.2274444,-0.0424,-0.0072,2.5167,229.0,1.9136896850288043,-0.5599860118383757,-0.0436,-0.0076,139.0,0.0352,-0.7824415772056029,42.609105159829966,-1.6702040420626645,-1.8806028769033631,0.21039883484069866,118.46721095000002
2021-03-31,0,0,0,0,0,0,0,0,119.20031,1.8765688,-0.0247,0.0017,2.35,384.0,1.6380238790017816,-0.22562472941725387,0.0177,0.0089,155.0,0.0264,0.33436128242112184,47.70395624190883,-1.4942931461187356,-1.8033409307464376,0.309047784627702,118.47160245000005
2021-04-01,0,0,0,0,1,0,0,0,120.0298,0.6958604,0.0056,0.002,1.2945,303.0,0.22878009459904292,0.3279656934593941,0.0303,0.00030000000000000014,-81.0,-0.0036,0.553590422876648,49.5269273329068,-1.2732720949248346,-1.697327163582117,0.4240550686572824,118.61163695000002
2021-04-02,0,0,0,0,0,0,0,0,120.0298,0.0,-0.0037,-0.003,0.4021,212.0,-0.9294596330929276,0.16347978572588198,-0.0093,-0.005,-91.0,0.0007000000000000001,-0.1644859077335121,49.52692733290681,-1.0855972303720876,-1.5749811769401112,0.48938394656802364,118.68872945000001
2021-04-05,0,0,0,0,0,0,0,0,122.85978,2.3577213,-0.0001,-0.0007,1.2431,82.0,0.190661550170936,0.2288045064732599,0.0036000000000000003,0.0023,-130.0,-0.0006,0.06532472074737791,55.64475831551486,-0.7004336501057082,-1.4000716715732306,0.6996380214675224,119.15421145
2021-04-06,0,0,0,0,0,0,0,0,123.162285,0.24622679,-0.0015,-0.0014,2.0368,283.0,1.2023807206841528,0.20440227622693688,-0.0014,-0.0007,201.0,0.00010000000000000005,-0.024402230246323015,56.255136038901824,-0.36655370943996957,-1.1933680791465784,0.8268143697066088,119.40427419999999
2021-04-07,0,0,0,0,0,0,0,0,124.81147,1.3390422,0.0046,-0.0012,1.7486,211.0,0.8132875189350673,0.31516150038828195,0.0060999999999999995,0.0002000000000000001,-72.0,-0.0058,0.11075922416134507,59.52522571571684,0.030769306288917164,-0.9485406020594793,0.9793099083483965,119.7907107
2021-04-08,0,0,0,0,0,0,0,0,127.21207,1.9233823,-0.0057,-0.0081,2.3743,326.0,1.5684728964072403,0.13054443123652135,-0.0103,-0.0069,115.0,-0.0023999999999999994,-0.1846170691517606,63.7707125105861,0.5332124746658025,-0.652189986714423,1.1854024613802254,120.20056919999999
2021-04-09,0,0,0,0,0,0,0,0,129.78342,2.0213246,-0.0059,-0.0027,0.9597,266.0,-0.24944445630329679,0.13027809862664166,-0.00019999999999999966,0.005399999999999999,-60.0,0.0031999999999999997,-0.00026633260987968255,67.68114748062722,1.1259099715460934,-0.2965699950623197,1.4224799666084131,120.78437120000001
2021-04-12,0,0,0,0,0,0,0,0,128.07083,-1.3195932,-0.0016,-0.0005,2.1236,160.0,1.208992803539547,0.20067079593156512,0.0043,0.0022,-106.0,0.0011,0.07039269730492345,62.817908202223315,1.4408263583150216,0.05090927561314862,1.389917082701873,121.13811820000001
2021-04-13,0,0,0,0,0,0,0,0,131.18379,2.4306536,0.0008,0.0017,2.4917,338.0,1.609659485818621,0.24008272387909327,0.0024000000000000002,0.0021999999999999997,178.0,0.0008999999999999999,0.03941192794752815,67.4029291208263,1.9194633410164386,0.42462008869380663,1.494843252322632,121.5704207
2021-04-14,0,0,0,0,0,0,0,0,128.84174,-1.7853141,0.0047,0.0018,1.6007,351.0,0.46930334141458097,0.3171479602196032,0.0039000000000000003,0.00010000000000000005,13.0,-0.0029000000000000002,0.07706523634050991,61.28032898925423,2.0857594005002653,0.7568479510550984,1.328911449445167,121.9251427
2021-04-15,0,0,0,0,0,0,0,0,131.25209,1.8707871,0.0041,0.0017,1.3639,235.0,0.1665989713039386,0.30652399108962736,-0.0005999999999999998,-0.00010000000000000005,-116.0,-0.0024000000000000002,-0.010623969129975819,64.82191616738463,2.3845576305744913,1.082389886958977,1.3021677436155144,122.60677569999999
2021-04-16,0,0,0,0,0,0,0,0,130.92033,-0.2527833,-0.0008,0.0036,0.6549,266.0,-0.7351181480601622,0.22148363403741095,-0.004900000000000001,0.0019,31.0,0.0044,-0.08504035705221641,63.95481825010299,2.5650191768654054,1.3789157449402627,1.1861034319251427,123.29816819999999
2021-04-19,0,0,0,0,0,0,0,0,131.58388,0.50685406,0.0032,0.0042,1.6188,99.0,0.5120711138712984,0.28494867212763525,0.004,0.0005999999999999998,-167.0,0.0009999999999999996,0.0634650380902243,64.96428400376584,2.730108203995158,1.6491542367512417,1.0809539672439163,123.85684369999998
2021-04-20,0,0,0,0,0,0,0,0,129.89566,-1.2830019,0.0014,0.0004,3.4229,405.0,2.6478180658826034,0.2612785522665068,-0.0018000000000000002,-0.0037999999999999996,306.0,-0.001,-0.023670119861128436,60.334604658840284,2.693666294151001,1.8580566482311935,0.8356096459198072,124.3725817
2021-04-21,0,0,0,0,0,0,0,0,130.27621,0.2929926,-0.0006,-0.0006,3.5569,1419.0,2.722309532640087,0.23203696376106056,-0.002,-0.001,1014.0,0.0,-0.029241588505446253,61.00914264197996,2.6647751534565742,2.0194003492762698,0.6453748041803045,125.0268887
2021-04-22,0,0,0,0,0,0,0,0,128.75392,-1.1685371,-0.0061,-0.001,2.2458,530.0,1.2655015967723235,0.30508218142926163,-0.0055000000000000005,-0.0004000000000000001,-889.0,0.0051,0.07304521766820107,56.844717260066865,2.4903355970326544,2.113587398827547,0.3767481982051075,125.5806854
2021-04-23,0,0,0,0,0,0,0,0,131.07643,1.8038511,-0.0028,-0.0027,1.2111,358.0,-0.028825399066876707,0.3699996141084817,0.0033000000000000004,-0.0017000000000000001,-172.0,9.999999999999983e-05,0.06491743267922007,61.196578737320195,2.510557989042013,2.1929815168704403,0.3175764721715728,126.22035664999999
2021-04-26,0,0,0,0,0,0,0,0,131.46678,0.29779673,0.0017,0.0032,2.784,202.0,1.8608199393333904,0.46240341878525704,0.0045,0.005900000000000001,-156.0,0.0015000000000000002,0.09240380467677534,61.892142430123755,2.5289304273508577,2.2601712989665237,0.268759128384334,126.87076245
2021-04-27,0,0,0,0,0,0,0,0,131.14474,-0.24495125,-0.0019,0.0016,2.9028,833.0,1.928650558970649,0.36107650742325503,-0.0036,-0.0016,631.0,0.0035,-0.101326911362002,60.92189916457188,2.4888152673096613,2.3059000926351514,0.1829151746745099,127.57776675000002
2021-04-28,0,0,0,0,0,0,0,0,130.35434,-0.60272217,-0.0197,-0.003,2.7819,448.0,1.7153412295994528,-0.1017602435884732,-0.0178,-0.0046,-385.0,0.0167,-0.4628367510117282,58.49803544087321,2.3659715918664403,2.317914392481409,0.04805719938503117,128.13546825
2021-04-29,0,1,1,0,1,0,0,1,130.25671,-0.074863434,0.361,0.1779,2.6319,455.0,1.4863495007729282,6.0527264617183505,0.3807,0.1809,7.0,-0.18309999999999998,6.154486705306824,58.19006809373658,2.2349757596318085,2.301326665911489,-0.06635090627968054,128.64681375000004
2021-04-30,0,0,1,0,0,0,0,0,128.2855,-1.5133262,0.158,0.0167,2.1014,350.0,0.8597862012069507,2.541272446858095,-0.20299999999999999,-0.1612,-105.0,-0.1413,-3.5114540148602553,52.21314667972453,1.949626366745619,2.2309866060783152,-0.28136023933269616,129.05959875000002
2021-05-03,0,0,1,0,0,0,0,0,129.33943,0.8215308,-0.1448,-0.0237,1.6326,172.0,0.34605377308553886,-2.0266958892201323,-0.3028,-0.0404,-178.0,0.12110000000000001,-4.567968336078227,54.88152062255819,1.7879182513305523,2.142372935128763,-0.35445468379821055,129.38358125000005
2021-05-04,0,1,1,1,0,0,0,0,124.76268,-3.538549,-0.0643,-0.0077,1.0194,427.0,-0.3448140011416896,-0.8073955206876183,0.08050000000000002,0.016,255.0,0.0566,1.219300368532514,43.51749401073271,1.2757518560471794,1.9690487193124462,-0.6932968632652667,129.46360100000004
2021-05-05,0,0,0,0,0,0,0,0,125.00664,0.19555092,-0.0209,-0.0066,0.5056,286.0,-0.9227762623782967,-0.15991043058749022,0.043399999999999994,0.0011000000000000003,-141.0,0.014299999999999998,0.6474850901001281,44.18098403861208,0.8794046021237847,1.7511198958747138,-0.8717152937509292,129.47335950000004
2021-05-06,0,0,0,0,1,0,0,0,126.60703,1.2802482,-0.0041,0.0012,0.5333,232.0,-0.9127496259531458,0.0889905928746437,0.0168,0.0078,-54.0,0.0053,0.2489010234621339,48.458297608058984,0.686520860706608,1.5382000888410927,-0.8516792281344847,129.44310750000005
2021-05-07,0,0,0,0,0,0,0,0,127.28151,0.5318403,-0.0264,-0.0023,0.1778,200.0,-1.3297285458222283,-0.23521680713380003,-0.0223,-0.0034999999999999996,-32.0,0.0241,-0.3242074000084437,50.19061715112636,0.5813821930924945,1.346836509691373,-0.7654543165988785,129.318012
2021-05-10,0,0,0,0,1,0,0,0,123.99708,-2.580452,-0.0036,0.0028,0.8438,126.0,-0.5747875794577837,0.10350978965922308,0.0228,0.0051,-74.0,0.0063999999999999994,0.3387265967930231,42.66979351446971,0.23037734304620017,1.1235446763623385,-0.8931673333161383,129.1143245
2021-05-11,0,1,1,0,0,0,0,0,123.07824,-0.7410288,-0.0509,-0.0158,1.4333,294.0,0.09109824304894197,-0.5823743898051345,-0.0473,-0.018600000000000002,168.0,0.0351,-0.6858841794643575,40.82668237073819,-0.12054961745214143,0.8747258175994425,-0.9952754350515839,128.709047
2021-05-12,0,0,1,1,0,0,0,0,120.00885,-2.4938524,-0.0802,-0.0049,0.7847,227.0,-0.6493464130566627,-1.000815414494837,-0.029299999999999993,0.010900000000000002,-67.0,0.07529999999999999,-0.41844102468970246,35.33579304177362,-0.6389702318886918,0.5719866077018155,-1.2109568395905073,128.26740250000003
2021-05-13,0,0,1,0,0,0,0,0,122.159355,1.7919779,-0.0579,-0.0052,0.0944,184.0,-1.410947760351657,-0.6637263310881136,0.022299999999999993,-0.0002999999999999999,-43.0,0.0527,0.3370890834067233,41.29323495308937,-0.8663082604998067,0.2843276340614911,-1.1506358945612978,127.81276575000001
2021-05-14,0,0,1,0,1,1,0,0,124.583595,1.984477,0.038,0.0024,0.1257,159.0,-1.3401016861192394,0.7259994579296458,0.0959,0.007599999999999999,-25.0,-0.0356,1.3897257890177594,47.198775974288914,-0.8411629751039413,0.059229512228404585,-0.9003924873323459,127.49592900000002
2021-05-17,0,0,0,0,0,0,0,0,123.430145,-0.92585087,-0.0007,-0.0009,1.1792,94.0,-0.15683167924129018,0.1608269023065303,-0.0387,-0.0033,-65.0,-0.00019999999999999998,-0.5651725556231155,44.88520616208416,-0.9038894554906278,-0.1333942813154019,-0.770495174175226,127.08824225000001
2021-05-18,0,0,0,0,0,0,0,0,122.04206,-1.1245728,-0.0028,-0.0009,1.4375,512.0,0.12631445642605257,0.12267906036564642,-0.0021,0.0,418.0,0.0019,-0.03814784194088387,42.20413206154118,-1.0534638266711909,-0.3174081903865597,-0.7360556362846311,126.69556225000001
2021-05-19,0,0,0,0,0,0,0,0,121.88567,-0.12814999,-0.0016,-0.001,0.7306,343.0,-0.6761038580090583,0.13486348340376808,0.0012,-0.00010000000000000005,-169.0,0.0006000000000000001,0.012184423038121658,41.90046197983644,-1.1711219941012985,-0.48815095112950746,-0.682971042971791,126.27603525000002
2021-05-20,0,0,0,0,0,0,0,0,124.44675,2.1012068,-0.004,-0.0033,0.6889,397.0,-0.7175301285301303,0.09995811124606732,-0.0024000000000000002,-0.0023,54.0,0.0007000000000000001,-0.03490537215770076,48.442829755580554,-1.0456555213573466,-0.5996518651750753,-0.44600365618227134,126.06067675000001
2021-05-21,0,0,0,0,0,0,0,0,122.609024,-1.476711,-0.0076,0.0024,1.3368,308.0,-0.007294316002912784,0.04692970353365477,-0.0036,0.0057,-89.0,0.01,-0.05302840771241255,44.564919946723904,-1.082038501157868,-0.6961291923716338,-0.3859093087862341,125.63730645000001
2021-05-24,0,0,0,0,0,0,0,0,124.24146,1.3314128,-0.0021,-0.0038,0.8847,99.0,-0.5185875098086721,0.12925564830286548,0.0055,-0.0062,-209.0,-0.0017000000000000001,0.08232594476921071,48.50810502778167,-0.9679899468573439,-0.7505013432687758,-0.21748860358856803,125.27604045000001
2021-05-25,0,0,0,0,0,0,0,0,124.045975,-0.15735626,-0.001,-0.0027,0.6438,391.0,-0.7871870560869068,0.1476268082582686,0.0010999999999999998,0.0010999999999999998,292.0,-0.0017000000000000001,0.018371159955403116,48.067171615495575,-0.8831986869710846,-0.7770408120092376,-0.10615787496184703,124.92110219999999
2021-05-26,0,0,0,0,0,0,0,0,123.99708,-0.03940463,-0.003,0.0008,0.5458,222.0,-0.9077420302765223,0.1173708321743161,-0.002,0.0035,-169.0,0.0038,-0.0302559760839525,47.94976815260784,-0.8106023017385979,-0.7837531099551096,-0.026849191783488324,124.6032392
2021-05-27,0,0,0,0,0,0,0,0,122.46239,-1.2376845,-0.0078,0.0006,0.25,215.0,-1.2086575953831724,0.02062822967100797,-0.0048,-0.0002000000000000001,-7.0,0.0084,-0.09674260250330813,44.29291517717165,-0.8669125719782329,-0.8003850023597343,-0.0665275696184986,124.21352320000001
2021-05-28,0,0,0,0,0,0,0,0,121.807465,-0.5348027,-0.0021,-0.007,0.4799,178.0,-0.9578074235579546,0.05243359488617914,0.0057,-0.0076,-37.0,-0.0049,0.03180536521517117,42.793058020815984,-0.9533956888670758,-0.8309871396612026,-0.12240854920587318,123.88962145
2021-05-31,0,0,0,0,0,0,0,0,121.807465,0.0,-0.0162,-0.0025,0.3174,59.0,-1.13097382811465,-0.17900709335433995,-0.0141,0.0045000000000000005,-119.0,0.013699999999999999,-0.23144068824051908,42.793058020815984,-1.0102882084937619,-0.8668473534277145,-0.14344085506604742,123.51302319999999
2021-06-01,0,0,0,0,0,0,0,0,121.48488,-0.2648294,-0.0072,0.0022,0.4688,88.0,-0.9346774853941183,-0.03421299664919629,0.009,0.0047,29.0,0.0094,0.14479409670514365,41.9809939079429,-1.0690821402982067,-0.9072943108018129,-0.1617878294963938,123.34913320000001
2021-06-02,0,0,0,0,1,0,0,0,122.24735,0.62761307,-0.002,-0.0037,1.1451,281.0,-0.1657950469988525,0.05025022208752007,0.0052,-0.005900000000000001,193.0,-0.0017000000000000001,0.08446321873671636,44.6543908240435,-1.0421386721643984,-0.93426318307433,-0.10787548909006839,123.2111687
2021-06-03,0,0,0,0,0,0,0,0,120.76152,-1.2154162,-0.0035,-0.0052,0.5618,313.0,-0.8044183049959076,0.02408137051287657,-0.0015,-0.0014999999999999996,32.0,-0.0016999999999999997,-0.026168851574643503,40.71707067498884,-1.1276806424622379,-0.9729466749519116,-0.1547339675103263,122.9188932
2021-06-04,0,0,0,0,0,0,0,0,123.05868,1.9022107,-0.0008,-0.002,0.9778,310.0,-0.3518123386406114,0.06620723612834202,0.0027,0.0031999999999999997,-3.0,-0.0012000000000000001,0.042125865615465455,48.30604565633235,-0.9986004124396146,-0.9780774224494522,-0.020522989990162444,122.70775170000002
2021-06-07,0,0,0,0,0,0,0,0,123.068474,0.007939339,-0.0021,-0.0018,2.9326,203.0,1.7636882414872488,0.04198849353274904,-0.0013,0.0002000000000000001,-107.0,0.0002999999999999999,-0.02421874259559298,48.33641193467288,-0.8853078286618938,-0.9595235036919405,0.07421567503004667,122.66132140000002
2021-06-08,0,0,0,0,0,0,0,0,123.88957,0.66719055,-0.0003,-0.0004,2.8104,1349.0,1.6042807219148005,0.07189194754999646,0.0018,0.0014,1146.0,-0.00010000000000000005,0.02990345401724742,50.938438352608465,-0.7209563191076995,-0.9118100667750924,0.19085374766739283,122.70188790000002
2021-06-09,0,0,0,0,0,0,0,0,124.2708,0.30771494,-0.0009,0.0008,1.3229,464.0,0.0011940451284299148,0.05850741522638615,-0.0006000000000000001,0.0012000000000000001,-885.0,0.0017000000000000001,-0.01338453232361031,52.14359912294759,-0.5535633549942105,-0.840160724418916,0.2865973694247055,122.9149854
2021-06-10,0,0,0,0,0,0,0,0,123.27373,-0.8023262,-0.0009,0.0005,0.6215,297.0,-0.7575081548083588,0.05664146645305627,0.0,-0.00030000000000000003,-167.0,0.0014,-0.0018659487733298855,48.769373938206485,-0.4956449545634882,-0.7712575704478304,0.27561261588434216,122.97070414999999
2021-06-11,0,0,0,0,0,0,0,0,124.48584,0.98326206,-0.0002,-0.0015,0.6597,286.0,-0.7242663335548433,0.060024123716816424,0.0007,-0.002,-11.0,-0.0013,0.003382657263760157,52.77054450332626,-0.3479263792452514,-0.6865913322073146,0.3386649529620632,122.96581639999997
2021-06-14,0,0,0,0,0,0,0,0,127.54542000000001,2.4577856,-0.0045,-0.003,0.7076,114.0,-0.6598399007123683,-0.037647961013668685,-0.0043,-0.0015,-172.0,0.0014999999999999996,-0.09767208473048511,61.04163207976187,0.01584158009805492,-0.5461047497462407,0.5619463298442956,123.17158014999998
2021-06-15,0,0,0,0,0,0,0,0,126.72435,-0.6437719,-0.0016,-0.001,1.391,317.0,0.07335674441376995,-0.004417755669541695,0.0029,0.002,203.0,0.0006000000000000001,0.03323020534412699,58.10102802533036,0.23516597468214684,-0.38985060486056317,0.6250165795427101,123.40569464999996
2021-06-16,0,0,0,0,0,0,0,0,127.22289,0.39339066,-0.0043,-0.0012,0.9118,306.0,-0.461233521581684,-0.05479944555701484,-0.0027,-0.00019999999999999987,-11.0,0.0031000000000000003,-0.050381689887473144,59.38055346439325,0.44409094508641545,-0.2230622948711674,0.6671532399575828,123.67255564999996
2021-06-17,0,0,0,0,1,0,0,0,128.82596,1.2600899,0.0004,-0.001,0.7257,303.0,-0.6837082372641173,0.02508907197984065,0.0047,0.00019999999999999987,-3.0,-0.0014,0.0798885175368555,63.26527191055222,0.7305979624107124,-0.03233024341479146,0.7629282058255038,123.89151614999996
2021-06-18,0,0,0,0,0,0,0,0,127.525894,-1.0091722,0.0014,-0.0025,0.3111,199.0,-1.1326811865033477,0.04182411933345297,0.001,-0.0015,-104.0,-0.0039,0.016735047353612323,58.388313266972624,0.8430344009136661,0.14274268545090005,0.700291715462766,124.13735964999996
2021-06-21,0,0,0,0,0,0,0,0,129.3245,1.410389,-0.0099,0.0008,1.6445,134.0,0.32319749375222334,-0.14958684647991327,-0.011300000000000001,0.0033,-65.0,0.010700000000000001,-0.19141096581336625,62.675151258719794,1.0649969393315075,0.3271935362270215,0.737803403104486,124.39151164999996
2021-06-22,0,0,0,0,0,0,0,0,130.96674,1.2698412,-0.0096,0.0026,1.4493,244.0,0.12747887197169258,-0.15447401324903132,0.00030000000000000165,0.0018,110.0,0.012199999999999999,-0.004887166769118045,66.1083556732104,1.3577673960482457,0.5333083081912664,0.8244590878569793,124.73754989999995
2021-06-23,0,0,0,0,1,0,0,0,130.69302,-0.2089858,0.0074,0.0089,1.7583,298.0,0.49231436674921314,0.13041174273630501,0.017,0.0063,54.0,0.0014999999999999996,0.28488575598533633,65.03461168326305,1.5498376126092381,0.7366141690748608,0.8132234435343774,125.07234689999996
2021-06-24,0,0,0,0,0,0,0,0,130.40955,-0.2169013,-0.0133,0.0017,1.3618,286.0,0.03885441245119956,-0.22248098815744893,-0.0207,-0.0072,-12.0,0.015,-0.35289273089375395,63.87749403668814,1.6600450174634744,0.9213003387525835,0.7387446787108909,125.46970489999994
2021-06-25,0,0,0,0,1,0,0,0,130.11633,-0.22487044,0.0008,0.0019,1.034,284.0,-0.3499997877609496,0.02028110150650191,0.0141,0.0002000000000000001,-2.0,0.0010999999999999998,0.24276208966395085,62.63604621628491,1.7040811891588135,1.0778565088338294,0.626224680324984,125.88514814999994
2021-06-28,0,0,0,0,0,0,0,0,131.74875,1.2545943,0.0013,-0.0009,1.4049,100.0,0.07355786166582047,0.028531824309049467,0.0004999999999999999,-0.0028,-184.0,-0.0021999999999999997,0.008250722802547558,66.53537265460484,1.8493842730892567,1.232162061684915,0.6172222114043417,126.38221239999996
2021-06-29,0,0,0,0,0,0,0,0,133.26389,1.1500239,0.0058,0.004,0.4042,185.0,-1.0422650173462356,0.10430915596497807,0.0045,0.0049,85.0,-0.0017999999999999995,0.0757773316559286,69.69645457569888,2.0630159853072456,1.3983328464093812,0.6646831388978645,126.97116289999997
2021-06-30,0,0,0,0,0,0,0,0,133.87973,0.4621148,0.0058,0.0022,0.775,185.0,-0.5981974532541782,0.1039595663528827,0.0,-0.0018,0.0,-0.0035999999999999995,-0.00034958961209537176,70.8996808933369,2.2560079423406165,1.5698678655956282,0.6861400767449883,127.55278189999997
2021-07-01,0,0,0,0,0,0,0,0,134.18277,0.22634268,-0.004,0.0013,0.7764,234.0,-0.5720486750744067,-0.06614563505937839,-0.0098,-0.0009000000000000002,49.0,0.0053,-0.1701052014122611,71.49936854880335,2.4056771059156006,1.7370297136596227,0.6686473922559779,128.22384439999996
2021-07-02,0,0,0,0,1,0,0,0,136.81226,1.9596457,0.0011,-0.0003,0.3646,249.0,-1.0286142663761317,0.020107825613357076,0.0051,-0.0015999999999999999,15.0,-0.0014,0.08625346067273545,76.10145762438411,2.7052840334354187,1.930680577614782,0.7746034558206367,128.91152339999996
2021-07-05,0,0,0,0,0,0,0,0,136.81226,0.0,0.0014,0.0007,0.2458,113.0,-1.1261693375325719,0.024435214817149345,0.0002999999999999999,0.001,-136.0,-0.0007,0.004327389203792269,76.10145762438411,2.909189358034297,2.126382333698685,0.7828070243356118,129.59871269999996
2021-07-06,0,0,0,0,0,0,0,0,138.82593,1.4718413,0.0075,0.0053,0.4576,120.0,-0.8551101983625579,0.12807225588129778,0.0060999999999999995,0.0046,7.0,-0.0021999999999999997,0.10363704106414844,79.0989300706047,3.1964257307766104,2.34039101311427,0.8560347176623404,130.34553069999998
2021-07-07,0,0,0,0,0,0,0,0,141.31854,1.7955184,0.024,0.0112,0.5924,193.0,-0.6780780262688215,0.4075094873580432,0.0165,0.0059,73.0,-0.0128,0.27943723147674543,82.09297281242786,3.5838826526599235,2.5890893410234006,0.9947933116365228,131.1979177
2021-07-08,0,0,1,0,0,0,0,0,140.01845,-0.9199679,0.0557,0.0102,0.7854,159.0,-0.443245027927762,0.9334668108936078,0.0317,-0.0009999999999999992,-34.0,-0.0455,0.5259573235355646,75.97947795794347,3.7428929173529752,2.8198500562893156,0.9230428610636596,132.0351537
2021-07-09,0,1,0,0,0,0,0,0,141.84644,1.3054967,-0.0129,-0.0055,0.6868,179.0,-0.5578935297731927,-0.23969029527114935,-0.0686,-0.0157,20.0,0.0074,-1.1731571061647572,78.41363284263451,3.970642122826405,3.0500084695967336,0.9206336532296713,132.9031837
2021-07-12,0,0,0,0,0,0,0,0,141.25012,-0.42037368,-0.0047,-0.0042,0.7736,84.0,-0.44165937335167027,-0.09683524210926968,0.008199999999999999,0.0013,-95.0,0.0005000000000000004,0.14285505316187969,75.71803353192034,4.056258940529801,3.251258563783347,0.8050003767464542,133.5884187
2021-07-13,0,0,0,0,0,0,0,0,142.36452,0.7889271,-0.017,-0.0086,1.1417,162.0,0.029474433078166017,-0.3022114057633286,-0.012300000000000002,-0.0044,78.0,0.008400000000000001,-0.20537616365405892,77.28926904195872,4.166010476445223,3.434208946315722,0.7318015301295007,134.37042720000002
2021-07-14,0,1,0,0,1,0,0,1,145.79552,2.4100542,0.0057,0.0173,2.3681,376.0,1.6600421774317418,0.08484837707393796,0.0227,0.0259,214.0,0.0116,0.38705978283726655,81.30106320570125,4.478220249866752,3.643011207025928,0.8352090428408236,135.29905870000002
2021-07-15,0,0,1,0,0,0,0,0,145.14058,-0.4492104,0.0637,0.0248,0.7313,268.0,-0.45429395870477457,1.0484835315019794,0.05800000000000001,0.0075,-108.0,-0.038900000000000004,0.9636351544280414,78.45215859451983,4.619549271779732,3.838318819976689,0.7812304518030433,136.11478970000002
2021-07-16,0,0,0,0,0,0,0,0,143.09761,-1.4075935,0.0281,0.0053,1.2722,183.0,0.26404093984545474,0.43497916002463327,-0.03560000000000001,-0.0195,-85.0,-0.0228,-0.613504371477346,70.18985437655213,4.51466073599326,3.9735872031800032,0.541073532813257,136.89337550000002
2021-07-19,0,0,0,0,0,0,0,0,139.24623,-2.6914418,0.0026,0.0028,1.0146,98.0,-0.04129421929988139,0.0027106816625630074,-0.025500000000000002,-0.0025,-85.0,0.0002000000000000001,-0.4322684783620703,57.825891651477534,4.073801390451223,3.993630040634247,0.08017134981697582,137.38946200000004
2021-07-20,0,0,0,0,0,0,0,0,142.863,2.5974035,-0.0035,0.0034,2.1542,290.0,1.6254491376138205,-0.100178278977302,-0.0060999999999999995,0.0005999999999999998,192.0,0.0069,-0.10288896063986501,64.20294249212756,3.9704909471866756,3.989002221944733,-0.01851127475805736,137.98427500000003
2021-07-21,0,0,0,0,1,0,0,0,142.12991,-0.51317215,0.0035,-0.0014,1.6153,348.0,0.9192072637587166,0.011873113958849468,0.007,-0.0048,58.0,-0.0049,0.11205139293615146,62.151557959521334,3.785821842666735,3.9483661460891333,-0.16254430342239834,138.55611950000002
2021-07-22,0,0,0,0,0,0,0,0,143.49841,0.96286535,-0.0013,-0.0009,0.6688,232.0,-0.49972348793394544,0.054511200888113245,-0.0048000000000000004,0.0005,-116.0,0.00039999999999999996,0.042638086929263776,64.43597425563412,3.7071628936249965,3.900125495596306,-0.19296260197130932,139.21056250000004
2021-07-23,0,0,0,0,0,0,0,0,145.21886,1.1989117,0.0052,0.0022,0.5542,220.0,-0.6588625824069844,0.3839938619248368,0.0065,0.0031000000000000003,-12.0,-0.0029999999999999996,0.3294826610367236,67.12259698608814,3.7405325159583924,3.8682068996687233,-0.1276743837103309,139.96568900000005
2021-07-26,0,0,0,0,0,0,0,0,145.63918,0.28945208,0.0055,0.0018,1.4,105.0,0.7466191248973395,0.3980210797432166,0.0002999999999999999,-0.0004000000000000002,-115.0,-0.0036999999999999997,0.014027217818379789,67.76331773862701,3.757579456351124,3.8460814110052035,-0.08850195465407973,140.66021050000003
2021-07-27,0,0,0,0,0,0,0,0,143.46909,-1.4900327,0.0095,-0.0022,2.9215,315.0,2.964593416406245,0.5604380265228591,0.004,-0.004,210.0,-0.0117,0.16241694677964252,61.13857564190344,3.5550013104326013,3.787865390890683,-0.2328640804580817,141.17047050000002
2021-07-28,0,1,1,0,0,0,0,0,141.71931,-1.2196004,0.3602,0.2259,3.5354,352.0,3.431159214309338,6.977285985980361,0.3507,0.2281,37.0,-0.13430000000000003,6.416847959457502,56.3545480921679,3.216189813653898,3.673530275443326,-0.4573404617894279,141.5624495
2021-07-29,0,0,1,0,0,0,0,0,142.36452,0.45523643,0.074,0.0244,1.5576,316.0,0.6967469737250551,1.3208896697419708,-0.2862,-0.20149999999999998,-36.0,-0.04959999999999999,-5.65639631623839,57.66986479725126,2.9655572185861843,3.5319356640718977,-0.5663784454857135,141.97153700000004
2021-07-30,0,0,0,0,0,0,0,0,142.57953,0.15106201,0.0116,0.0017,0.816,245.0,-0.3380083244130869,0.10391074075734953,-0.0624,-0.0227,-71.0,-0.009899999999999999,-1.2169789289846211,58.12277436574732,2.752548920814206,3.3760583154203596,-0.6235093946061534,142.25990050000001
2021-08-02,0,0,0,0,0,0,0,0,142.24718,-0.23309588,0.0119,0.0024,0.6021,83.0,-0.6272905698784998,0.104740891834555,0.00030000000000000165,0.0006999999999999999,-162.0,-0.009500000000000001,0.0008301510772054654,57.10567630343266,2.527781748248543,3.206403001985996,-0.678621253737453,142.53164650000002
2021-08-03,0,0,0,0,0,0,0,0,144.04579,1.2644291,0.0034,0.0009,1.2576,199.0,0.28352653589959403,-0.078349776753959,-0.0085,-0.0014999999999999998,116.0,-0.0024999999999999996,-0.183090668588514,61.07545286434948,2.4663543424122167,3.05839327007124,-0.5920389276590234,142.7926395
2021-08-04,0,0,0,0,0,0,0,0,143.64502,-0.27823448,0.0046,0.0015,1.4083,286.0,0.4774658097680388,-0.08470045921909743,0.0012000000000000001,0.0006000000000000001,87.0,-0.0031,-0.006350682465138424,59.748557887348774,2.3581505988947242,2.918344735835937,-0.5601941369412127,142.9089635
2021-08-05,0,0,0,0,0,0,0,0,143.75258,0.07485151,-0.0014,0.0008,1.425,191.0,0.4764056082549841,-0.227705735691121,-0.006,-0.0007,-95.0,0.0022,-0.14300527647202355,59.99973093728654,2.2550823599691228,2.7856922606625742,-0.5306099006934515,143.09566999999998
2021-08-06,0,0,0,0,0,0,0,0,143.06729,-0.47599077,-0.0005,0.0013,1.5514,450.0,0.6281901278727322,-0.19673483754681056,0.0009,0.0004999999999999999,259.0,0.0018,0.03097089814431042,57.53629228877308,2.093964937905241,2.6473467961111075,-0.5533818582058663,143.1567125
2021-08-09,0,0,0,0,0,0,0,0,143.0183,-0.034213066,0.001,0.0005,0.8333,113.0,-0.3833121267417297,-0.16663554320282378,0.0015,-0.0007999999999999999,-337.0,-0.0005,0.030099294343986782,57.35499911429176,1.9399624569389005,2.505869928276666,-0.5659074713377654,143.2451215
2021-08-10,0,0,0,0,0,0,0,0,142.53862,-0.3354013,-0.0017,-0.0012,1.6479,261.0,0.7651797968210435,-0.22229148249281547,-0.0027,-0.0017,148.0,0.0005,-0.055655939289991685,55.510643349876474,1.7589323370144143,2.3564824100242157,-0.5975500730098013,143.2538265
2021-08-11,0,0,0,0,0,0,0,0,142.79315,0.1785636,-0.0066,-0.0014,1.0306,261.0,-0.11533389077428405,-0.320732513739955,-0.0049,-0.0002000000000000001,0.0,0.0052,-0.09844103124713952,56.31341779489054,1.6173591964808054,2.2086577673155334,-0.591298570834728,143.10370799999998
2021-08-12,0,0,0,0,0,0,0,0,145.75948,2.0773292,-0.0024,-0.0015,0.7014,291.0,-0.5824748305296086,-0.23538217119173271,0.004200000000000001,-0.00010000000000000005,30.0,0.0008999999999999998,0.08535034254822227,64.38010501861814,1.7246389388378702,2.1118540016200007,-0.38721506278213047,143.13465300000001
2021-08-13,0,0,0,0,0,0,0,0,145.96509,0.14104843,0.0011,0.0021,0.6236,239.0,-0.6738828200936983,-0.16685993922120598,0.0034999999999999996,0.0036,-52.0,0.0009999999999999998,0.06852223197052673,64.86439340775941,1.805437951353099,2.0505707915666203,-0.24513284021352133,143.278027
2021-08-16,0,0,0,0,0,0,0,0,147.94257,1.3547897,-0.0026,0.0017,0.9507,119.0,-0.21309239253567278,-0.24244716114794565,-0.0037,-0.00039999999999999996,-120.0,0.0043,-0.07558722192673967,69.20144259040886,2.0059149218268146,2.0416396176186593,-0.035724695791844674,143.71284400000002
2021-08-17,0,0,0,0,0,0,0,0,147.03215,-0.6154001,-0.0049,0.0035,0.9847,180.0,-0.17362419831390152,-0.2881160888756298,-0.0023,0.0018000000000000002,61.0,0.0084,-0.04566892772768413,65.21047129960242,2.067498247162888,2.046811343527505,0.020686903635382947,143.92130150000003
2021-08-18,0,0,0,0,0,0,0,0,143.28265,-2.5501072,-0.0008,-0.003,0.7667,282.0,-0.48988251400819394,-0.20497494452440124,0.0040999999999999995,-0.006500000000000001,102.0,-0.0022,0.08314114435122855,51.92794112796347,1.7930806445383212,1.9960652037296682,-0.20298455919134706,143.97893850000003
2021-08-19,0,0,0,0,0,0,0,0,143.61551,0.23230314,-0.0016,-0.0033,1.1118,242.0,-0.019181253467170718,-0.22360701168329644,-0.0008,-0.0002999999999999999,-40.0,-0.0017,-0.018632067158895205,52.846175051118635,1.5842000653362902,1.9136921760509926,-0.3294921107147024,143.98479350000002
2021-08-20,0,0,0,0,0,0,0,0,145.07417,1.015687,-0.0005,-0.0032,1.2903,307.0,0.22042207772088065,-0.20164286973582496,0.0011,9.999999999999983e-05,65.0,-0.0027,0.021964141947471483,56.745332204390095,1.5188539697753072,1.8347245347958556,-0.31587056502054844,143.977559
2021-08-23,0,0,0,0,0,0,0,0,146.56223,1.0257125,0.0001,-0.0002,0.8653,103.0,-0.41489721021182935,-0.19531317667979725,0.0006000000000000001,0.003,-204.0,-0.00030000000000000003,0.006329693056027708,60.347587439042336,1.5690536502357872,1.781590357883842,-0.21253670764805466,144.02371150000002
2021-08-24,0,0,0,0,0,0,0,0,146.47409,-0.060123205,0.001,-0.0008,1.5083,269.0,0.5074741373271471,-0.17977624786604207,0.0009,-0.0006000000000000001,166.0,-0.0018,0.01553692881375518,60.02869977172304,1.5834718198246378,1.741966650272001,-0.15849483044736323,144.17396150000002
2021-08-25,0,0,0,0,0,0,0,0,145.24059,-0.8421302,0.0023,0.001,1.8493,306.0,0.9859244713180335,-0.15458492076371533,0.0013,0.0018,37.0,-0.0013,0.025191327102326744,55.60068799259478,1.47832398323672,1.6892381168649448,-0.21091413362822475,144.35002550000002
2021-08-26,0,0,0,0,0,0,0,0,144.43784,-0.5527139,-0.0011,0.0014,2.6674,308.0,2.0682205100264857,-0.22533064242042253,-0.0034000000000000002,0.00039999999999999996,2.0,0.0025,-0.0707457216567072,52.86753025194907,1.3150591655882238,1.6144023266096006,-0.2993431610213768,144.45369150000002
2021-08-27,0,0,0,0,0,0,0,0,145.47559,0.71846247,-0.0104,-0.009,2.5924,418.0,1.8665453970310466,-0.41277835679520386,-0.0093,-0.0104,110.0,0.0014000000000000002,-0.18744771437478133,55.8864635533559,1.254942181213039,1.5425102975302882,-0.2875681163172492,144.59849450000002
2021-08-30,0,0,0,0,0,0,0,0,149.90051,3.0417204,0.0012,-0.0008,2.825,212.0,2.202329292483308,-0.17574936003485267,0.0116,0.008199999999999999,-206.0,-0.002,0.2370289967603512,65.91243858400313,1.5465257156061227,1.5433133811454551,0.0032123344606675985,144.98116100000001
2021-08-31,0,0,0,0,0,0,0,0,148.63766,-0.84246993,0.0078,0.0034,2.7757,407.0,2.138527372518112,-0.04297683738291314,0.0066,0.0042,195.0,-0.004399999999999999,0.13277252265193953,61.60886734329858,1.65660995804393,1.5659726965251501,0.09063726151877982,145.2107545
2021-09-01,0,0,0,0,0,0,0,0,149.30336,0.4478693,-0.0081,-0.0027,2.5174,426.0,1.7076256363676083,-0.36693286283397153,-0.015899999999999997,-0.0060999999999999995,19.0,0.005399999999999999,-0.3239560254510584,62.9810050906063,1.7770838236799023,1.6081949219561005,0.16888890172380178,145.4936715
2021-09-02,0,0,0,0,0,0,0,0,150.41939,0.7474899,-0.0118,-0.0007,3.2424,517.0,2.500423724749347,-0.43862240914052075,-0.0037,0.002,91.0,0.0111,-0.07168954630654922,65.22497113613865,1.9402485466291068,1.6746056468907018,0.26564289973840505,145.82701200000002
2021-09-03,0,0,1,0,0,0,0,0,151.05571,0.42304993,-0.0543,-0.0167,2.0681,348.0,0.9565628520970525,-1.273886244017474,-0.0425,-0.016,-169.0,0.0376,-0.8352638348769533,66.47285070516939,2.096733631029423,1.759031243718446,0.3377023873109768,146.22643300000001
2021-09-06,0,0,0,0,0,0,0,0,151.05571,0.0,0.0002,-0.0013,0.8174,113.0,-0.6536281516387459,-0.1733150895496623,0.0545,0.0154,-235.0,-0.0015,1.1005711544678118,66.47285070516939,2.1954415047786426,1.8463132959304853,0.3491282088481573,146.62830350000002
2021-09-07,0,0,0,0,0,0,0,0,153.3955,1.548934,0.0022,-0.0012,2.4875,140.0,1.445401102121593,-0.13416380116173338,0.002,0.00010000000000000005,27.0,-0.0034000000000000002,0.03915128838792892,70.92256335981514,2.4344073716217167,1.9639321110687316,0.47047526055298516,147.17114750000002
2021-09-08,0,0,0,0,0,0,0,0,151.8487,-1.0083616,0.0022,-0.0007,2.0625,543.0,0.8804864327927877,-0.1364171710314083,0.0,0.0004999999999999999,403.0,-0.0029000000000000002,-0.0022533698696749205,64.79975497300309,2.4704973542295647,2.0652451597008983,0.40525219452866645,147.62392500000004
2021-09-09,0,0,0,0,0,0,0,0,150.83057,-0.6704867,0.0034,0.001,1.134,245.0,-0.2978626024351413,-0.11315214451446184,0.0011999999999999997,0.0017000000000000001,-298.0,-0.0024,0.023265026516946452,61.062971500851816,2.3894008180479034,2.1300762913702993,0.2593245266776041,147.87747950000002
2021-09-10,0,0,0,0,0,0,0,0,145.83777,-3.3101857,-0.0068,0.0027,2.7444,325.0,1.671899677476334,-0.3167041226304802,-0.010199999999999999,0.0017000000000000001,80.0,0.0095,-0.20355197811601836,46.807901371670994,1.900347966987681,2.0841306264937756,-0.18378265950609451,147.87111350000004
2021-09-13,0,0,1,1,0,0,0,0,146.40556,0.38933754,-0.0425,-0.0103,3.1875,248.0,2.110528926353361,-1.0200877230719418,-0.0357,-0.013000000000000001,-77.0,0.032200000000000006,-0.7033836004414616,48.286411659712435,1.5408243034277973,1.9754693618805799,-0.43464505845278256,147.79426300000003
2021-09-14,0,1,0,0,0,0,0,0,145.00563,-0.9562075,-0.0034,-0.0031,3.1875,785.0,2.0026043905044197,-0.237294293628064,0.0391,0.0072,537.0,0.0002999999999999999,0.7827934294438779,44.96761713699731,1.129911640485716,1.806357817601607,-0.6764461771158912,147.69293700000003
2021-09-15,0,0,0,0,0,0,0,0,145.89651,0.6143689,-0.0033,-0.0005,3.1875,1930.0,1.9134994491234085,-0.23159632047879347,9.999999999999983e-05,0.0026,1145.0,0.0028,0.0056979731492705354,47.443224232281075,0.8661623844429016,1.618318730969866,-0.7521563465269643,147.82363000000004
2021-09-16,0,0,0,0,0,0,0,0,145.66156,-0.16104579,-0.0018,-0.0019,1.8896,553.0,0.44104697997712333,-0.20558092725927152,0.0015,-0.0014,-1377.0,-0.00010000000000000005,0.026015393219521954,46.844723067126246,0.630907982877261,1.4208365813513448,-0.7899285984740838,147.92593250000002
2021-09-17,0,0,0,0,0,0,0,0,142.989,-1.8347979,-0.0096,-0.0041,2.1313,408.0,0.6910716598458672,-0.358595165026221,-0.0078,-0.0022000000000000006,-145.0,0.005499999999999999,-0.1530142377669495,40.574528915918876,0.22620635221610996,1.1819105355242978,-0.9557041833081878,147.82167400000003
2021-09-20,0,0,0,0,0,0,0,0,139.93459,-2.1361053,-0.0008,-0.0007,0.9486,185.0,-0.6260996968564069,-0.18110143050071587,0.008799999999999999,0.0034000000000000002,-223.0,0.00010000000000000005,0.17749373452550515,34.835630466796644,-0.33710206328439085,0.87810801576256,-1.2152100790469509,147.490292
2021-09-21,0,0,0,0,0,0,0,0,140.41426,0.34279823,-0.0049,-0.002,1.2549,416.0,-0.3029914776927941,-0.2597229913242861,-0.0040999999999999995,-0.0013,231.0,0.0029,-0.07862156082357025,36.35799553804034,-0.7363346729980833,0.5552194780104314,-1.2915541510085147,147.18730050000002
2021-09-22,0,0,0,0,0,0,0,0,142.78334,1.6872406,0.0008,0.0005,1.5944,407.0,0.0666350727311747,-0.1436058242471662,0.0057,0.0025,-9.0,-0.00030000000000000003,0.11611716707711991,43.3920812163472,-0.8517460376114059,0.27382637488606393,-1.1255724124974698,147.06443800000002
2021-09-23,0,0,0,0,0,0,0,0,143.74278,0.67192316,-0.0066,-0.0023,1.8361,491.0,0.3238773683278298,-0.2911908408963348,-0.0074,-0.0028,84.0,0.0043,-0.1475850166491686,45.99534272017811,-0.8559250151561741,0.04787609687761632,-0.9038011120337904,147.02968500000003
2021-09-24,0,0,0,0,0,0,0,0,143.83089,0.061297417,-0.0016,-0.0011,1.3604,408.0,-0.24438072703256483,-0.1899294800108013,0.005,0.0012,-83.0,0.0005,0.1012613608855335,46.23985075645745,-0.8424162936865969,-0.13018238123522632,-0.7122339124513706,146.94745000000003
2021-09-27,0,0,0,0,0,0,0,0,142.31345,-1.0549963,-0.0011,-0.0023,0.9514,195.0,-0.7463950351047991,-0.17903853701644803,0.0005,-0.0012,-213.0,-0.0012,0.010890942994353253,42.65780264924228,-0.9432816965957898,-0.29280224430733903,-0.6504794522884507,146.56809700000002
2021-09-28,0,0,0,0,0,0,0,0,138.92622,-2.3801267,-0.0164,-0.0057,0.6028,310.0,-1.1661309741844297,-0.47703291525601293,-0.015300000000000001,-0.0034000000000000002,115.0,0.010700000000000001,-0.29799437823956487,35.96103779693806,-1.2817640299680022,-0.49059460143947164,-0.7911694285285306,146.08252500000003
2021-09-29,0,0,0,0,0,0,0,0,139.82687,0.6482959,-0.0207,-0.0031,0.8,255.0,-0.9401322347946753,-0.5473099597112554,-0.004299999999999998,0.0026000000000000003,-55.0,0.0176,-0.07027704445524247,38.71596404653552,-1.460503020160246,-0.6845762851836266,-0.7759267349766195,145.60870050000003
2021-09-30,0,0,0,0,0,0,0,0,138.52487,-0.9311795,0.0032,-0.0045,0.3597,252.0,-1.4421547917867574,-0.052537785972659796,0.0239,-0.0013999999999999998,-3.0,-0.0077,0.4947721737385956,36.2857663448588,-1.68776002934041,-0.8852130340149833,-0.8025469953254267,145.01397450000005
2021-10-01,0,0,0,0,0,0,0,0,139.65068,0.81272125,-0.0026,-0.0027,0.0,236.0,-1.8174746417921768,-0.17306521019004223,-0.0058,0.0017999999999999995,-16.0,-0.00010000000000000026,-0.12052742421738244,39.804254753162944,-1.7567684550018896,-1.0595241182123645,-0.6972443367895251,144.44372300000003
2021-10-04,0,0,0,0,0,0,0,0,136.21446,-2.4605632,-0.0024,-0.0009,0.1951,132.0,-1.5583740531300982,-0.16982936452820183,0.0002000000000000001,0.0018000000000000002,-104.0,0.0014999999999999998,0.003235845661840403,33.6890742532501,-2.0649291479845147,-1.2606051241667946,-0.8043240238177201,143.70166050000006
2021-10-05,0,1,0,0,0,0,0,0,138.14305,1.4158368,-0.0276,-0.0088,0.3938,308.0,-1.300434475477652,-0.6733549043622354,-0.0252,-0.0079,176.0,0.018799999999999997,-0.5035255398340336,39.32343206743355,-2.128985996925479,-1.4342812987185316,-0.6947046982069476,142.93903800000004
2021-10-06,0,0,0,0,1,0,0,0,139.01431,0.6307125,0.0072,-0.002,0.1438,302.0,-1.5207578504106893,0.0268816764529248,0.0348,0.0068000000000000005,-6.0,-0.0092,0.7002365808151603,41.73212299134288,-2.0854088159313733,-1.5645068021611,-0.5209020137702733,142.29731850000005
2021-10-07,0,0,1,0,0,0,0,0,140.27719,0.9084463,-0.033,-0.0021,0.2479,263.0,-1.3817418990609334,-0.7553195772086798,-0.0402,-9.999999999999983e-05,-39.0,0.0309,-0.7822012536616046,45.13211046604619,-1.9267592431760932,-1.6369572903640985,-0.2898019528119946,141.76964950000004
2021-10-08,0,0,0,0,0,0,0,0,139.8954,-0.2721727,-0.0113,-0.0009,0.5743,254.0,-1.0011256070632861,-0.3024049403881405,0.021700000000000004,0.0012,-9.0,0.0104,0.45291463682053934,44.29070018321652,-1.8109599569071122,-1.6717578236727013,-0.13920213323441089,141.47253100000003
2021-10-11,0,0,0,0,0,0,0,0,139.80728,-0.06297827,0.0006,-0.0031,0.1444,134.0,-1.432433845432025,-0.06015452146258235,0.011899999999999999,-0.0021999999999999997,-120.0,-0.0036999999999999997,0.24225041892555813,44.086403429318295,-1.7066258157344691,-1.6787314220850549,-0.027894393649414262,141.14261700000003
2021-10-12,0,0,0,0,0,0,0,0,138.53465,-0.9103,-0.0058,0.0012,1.4639,240.0,-0.0005799977169916641,-0.189268984368336,-0.0063999999999999994,0.0043,106.0,0.006999999999999999,-0.12911446290575365,41.135353829212654,-1.706954157371456,-1.684375969142335,-0.022578188229120943,140.81906800000002
2021-10-13,0,1,1,0,0,0,0,0,137.94727,-0.42399168,-0.1044,-0.0415,1.9632,406.0,0.5315902436473356,-2.072755920808673,-0.09860000000000001,-0.0427,166.0,0.06290000000000001,-1.8834869364403373,39.81078579522184,-1.7346154602794002,-1.694423867369748,-0.04019159290965213,140.42160600000003
2021-10-14,0,1,0,0,0,0,0,0,140.73729,2.0225644,-0.0192,-0.0123,0.6861,433.0,-0.8461139768077267,-0.4023408503439579,0.08520000000000001,0.029200000000000004,27.0,0.006899999999999998,1.6704150704647154,48.32277496620353,-1.5139540256884345,-1.6583298990334854,0.14437587334505086,140.17539250000002
2021-10-15,0,0,0,0,0,0,0,0,141.79462,0.75125694,-0.0107,-0.0022,0.4528,234.0,-1.0938276451673081,-0.23128989670048564,0.008499999999999999,0.0101,-199.0,0.008499999999999999,0.17105095364347225,51.142652182438475,-1.2394726849042002,-1.5745584562076282,0.3350857713034281,140.1156735
2021-10-18,0,0,0,0,0,0,0,0,143.46867,1.180613,0.0004,-0.0021,2.6632,213.0,1.246188407954624,-0.013225715922819703,0.011099999999999999,0.00010000000000000026,-21.0,-0.0025,0.21806418077766593,55.30144294934425,-0.8767557063991092,-1.4349979062459244,0.5582421998468152,140.29237750000004
2021-10-19,0,0,0,0,0,0,0,0,145.63217,1.5080094,0.0008,-0.0005,2.0507,1237.0,0.6215329508991309,-0.0026002534406539242,0.0004,0.0015999999999999999,1024.0,-0.0013,0.010625462482165778,60.03599938639134,-0.4099973248763149,-1.2299977899720025,0.8200004650956876,140.55327300000005
2021-10-20,0,0,0,0,1,0,0,0,146.12167,0.3361106,0.0005,-0.0018,0.7069,426.0,-0.810196653791355,0.27632049461607816,-0.00030000000000000003,-0.0013,-811.0,-0.0023,0.27892074805673206,61.04146876670907,-0.0005826689838102084,-0.9841147657743641,0.9835320967905539,140.72018950000003
2021-10-21,0,0,0,0,0,0,0,0,146.33705,0.14739037,0.0026,0.0005,0.4729,252.0,-1.0429926189862395,0.5121363874054831,0.0021,0.0023,-174.0,-0.0021,0.2358158927894049,61.50044788733875,0.33737174995172836,-0.7198174626291456,1.057189212580874,140.84990300000004
2021-10-22,0,1,0,0,0,0,0,0,145.56372,-0.5284965,-0.023,-0.0093,0.5444,310.0,-0.9544376185698299,-0.937200917681336,-0.025599999999999998,-0.0098,58.0,0.0137,-1.449337305086819,58.8208724682374,0.5366160183490649,-0.4685307664335035,1.0051467847825684,140.93654450000002
2021-10-25,0,0,0,0,1,0,0,0,145.51471,-0.03362894,-0.0048,0.0053,1.0076,159.0,-0.45090043187472156,0.13503583700376398,0.0182,0.014599999999999998,-151.0,0.0101,1.0722367546851,58.64647741348069,0.6826941657446923,-0.23828577999786432,0.9209799457425567,141.09660750000003
2021-10-26,0,0,0,0,0,0,0,0,146.18044,0.4574895,-0.0219,-0.0078,0.7361,426.0,-0.7403182138056297,-0.8389603485522389,-0.0171,-0.0131,267.0,0.0141,-0.9739961855560029,60.365471978581965,0.8424695328980363,-0.02213471741868417,0.8646042503167204,141.45931850000005
2021-10-27,0,0,0,0,0,0,0,0,145.7203,-0.3147602,-0.011,0.0015,0.8326,293.0,-0.6205956001201449,-0.1882419524613275,0.0109,0.0093,-133.0,0.012499999999999999,0.6507183960909114,58.553743126970616,0.921342546674623,0.16656073539997726,0.7547818112746457,141.75399000000004
2021-10-28,0,0,0,0,0,0,0,0,149.36209,2.4991632,-0.0084,0.0027,1.6472,351.0,0.2754697579585202,-0.029047808690929353,0.0026,0.0012000000000000001,58.0,0.011099999999999999,0.15919414377039814,66.9963438080089,1.263151175169952,0.3858788233539723,0.8772723518159797,142.29585100000003
2021-10-29,0,1,1,0,0,0,0,0,146.65033,-1.8155634,-0.2435,-0.0561,2.2458,412.0,0.9173651794818561,-6.646723391527278,-0.2351,-0.0588,61.0,0.1874,-6.617675582836348,57.58928879109981,1.300232337949268,0.5687495262730314,0.7314828116762365,142.64583350000004
2021-11-01,0,0,1,0,0,0,0,0,145.82799,-0.5607426,-0.0311,0.0028,0.9535,139.0,-0.5028243032162291,-0.5335421493621694,0.2124,0.058899999999999994,-273.0,0.0339,6.113181242165108,55.06431057266864,1.2488672963894771,0.7047730802963206,0.5440942160931566,143.12651
2021-11-02,0,1,0,0,1,1,0,0,146.86569,0.711596,-0.0063,-0.0052,1.3674,356.0,-0.04318582558924852,0.17976139951255762,0.0248,-0.008,217.0,0.0011000000000000003,0.713303548874727,57.59114921212514,1.2771714114478812,0.8192527465266327,0.45791866492124844,143.562642
2021-11-03,0,0,0,0,0,0,0,0,148.30482,0.9798646,-0.0073,-0.0099,0.3486,252.0,-1.1388844248262362,0.15141904363986716,-0.001,-0.004700000000000001,-104.0,-0.0026000000000000007,-0.02834235587269046,60.876883474351295,1.3995947333717424,0.9353211438956547,0.46427358947608777,144.0271675
2021-11-04,0,0,0,0,0,0,0,0,147.78592,-0.34985542,0.0124,-0.0014,0.4139,218.0,-1.0575388648111321,0.7069322611803602,0.0197,0.0085,-34.0,-0.0138,0.5555132175404931,59.09891614613445,1.438166911706702,1.035890297457864,0.40227661424883787,144.402604
2021-11-05,0,0,0,0,0,0,0,0,148.31535,0.3576994,-0.0173,-0.0078,0.0542,196.0,-1.4200322464673059,-0.133398648379447,-0.029699999999999997,-0.0063999999999999994,-22.0,0.0095,-0.8403309095598073,60.370654656448906,1.4942316450266162,1.1275585669716146,0.3666730780550016,144.8236015
2021-11-08,0,0,0,0,1,0,0,0,147.49182,-0.555259,0.0002,-0.0003,0.025,106.0,-1.4124704326778752,0.36588514263510213,0.017499999999999998,0.0075,-90.0,-0.0005,0.4992837910145491,57.38187890133396,1.4554340241800787,1.1931336584133074,0.2623003657667713,145.2078285
2021-11-09,0,0,0,0,0,0,0,0,147.85455,0.24594069,-0.0122,-0.0035,1.1917,204.0,-0.18708573366546657,0.014689179618930162,-0.012400000000000001,-0.0032,98.0,0.008700000000000001,-0.35119596301617195,58.35972337779003,1.4373866115603562,1.241984249042717,0.1954023625176391,145.6738235
2021-11-10,0,0,0,0,0,0,0,0,145.02121,-1.9163191,-0.0012,-0.0009,1.5861,541.0,0.2151625863816878,0.3296695266464664,0.011000000000000001,0.0026,337.0,0.0002999999999999999,0.31498034702753624,48.91813105118432,1.1808450021111696,1.2297563996564076,-0.04891139754523799,146.02752049999998
2021-11-11,0,0,0,0,0,0,0,0,144.97217,-0.033801794,-0.0022,-0.003,0.2118,356.0,-1.208349671632443,0.3013657219246986,-0.0010000000000000002,-0.0021000000000000003,-185.0,-0.0007999999999999999,-0.0283038047217678,48.771058828480356,0.9624819177608117,1.1763015032772883,-0.21381958551647662,146.2392645
2021-11-12,0,0,0,0,0,0,0,0,147.05063,1.4336944,-0.0121,0.0043,0.4021,207.0,-0.9856444941911536,0.02358838086143363,-0.009899999999999999,0.0073,-149.0,0.016399999999999998,-0.277777341063265,54.95272085928289,0.9462343511870586,1.1302880728592424,-0.1840537216721838,146.502065
2021-11-15,0,0,0,0,0,0,0,0,147.06042,0.0066637993,0.0003,0.0044,0.2528,93.0,-1.1200167263483667,0.3787372595846485,0.0124,0.00010000000000000026,-114.0,0.0041,0.3551488787232149,54.98027700040983,0.9235024474476461,1.0889309477769231,-0.16542850032927703,146.68165249999998
2021-11-16,0,0,0,0,0,0,0,0,148.04086,0.66666603,-0.0034,0.0006,0.4132,210.0,-0.9296629155834379,0.2750355676701849,-0.0036999999999999997,-0.0038000000000000004,117.0,0.004,-0.1037016919144636,57.766584558260035,0.973380044831913,1.0658207671879212,-0.0924407223560082,146.80208699999997
2021-11-17,0,0,0,0,0,0,0,0,150.48204,1.6490102,0.0055,0.0035,1.6458,253.0,0.33178209896921157,0.5282675539841845,0.0089,0.0029000000000000002,43.0,-0.0019999999999999996,0.25323198631399957,63.777826480183656,1.1961032901348858,1.0918772717773142,0.10422601835757161,147.02010549999997
2021-11-18,0,0,0,0,0,0,0,0,154.77617,2.8535962,0.0021,-0.0043,1.6389,498.0,0.34760558337751485,0.42908064185041556,-0.0034,-0.0078,245.0,-0.0063999999999999994,-0.0991869121337689,71.47028974851713,1.6995224334333727,1.213406304108526,0.4861161293248468,147.44206149999997
2021-11-19,0,0,0,0,0,0,0,0,157.40367,1.6975999,0.0095,-0.0028,0.716,413.0,-0.5850513205796091,0.6293213854930656,0.0074,0.0015,-85.0,-0.0123,0.20024074364265004,74.97263016443713,2.284172503727831,1.427559544032387,0.8566129596954439,148.03405899999998
2021-11-22,0,0,0,0,0,0,0,0,157.86447,0.29274225,-0.0008,-0.0011,0.7063,116.0,-0.5697941689510688,0.33648908217762896,-0.0103,0.0017,-297.0,-0.00030000000000000003,-0.29283230331543664,75.5397518862806,2.752960194086995,1.6926396740433085,1.0603205200436867,148.651547
2021-11-23,0,0,0,0,0,0,0,0,158.24684,0.24220943,-0.0134,0.0065,1.5861,287.0,0.4045181257589898,-0.013121114992102032,-0.0126,0.0076,171.0,0.0199,-0.349610197169731,76.02523206885697,3.1193736814728084,1.9779864755292085,1.1413872059435999,149.25486699999996
2021-11-24,0,0,1,0,0,0,0,0,158.76645,0.32835007,-0.2471,-0.1943,1.2306,261.0,0.03857029124630738,-4.983866436814111,-0.2337,-0.2008,-26.0,0.052799999999999986,-4.970745321822009,76.70195137826649,3.412351727926392,2.264859526008645,1.1474922019177471,149.90717449999997
2021-11-25,0,1,0,0,0,0,0,0,158.76645,0.0,-0.0227,-0.0162,0.3597,266.0,-0.9166549957210544,-0.1211072483570241,0.2244,0.1781,5.0,0.006500000000000002,4.862759188457087,76.7019513782665,3.60300573323417,2.53248876745375,1.0705169657804197,150.37739249999998
2021-11-26,0,0,0,0,0,0,0,0,153.73697,-3.1678438,-0.0208,-0.012,0.9479,265.0,-0.2130304223129764,-0.09256942728802688,0.0019000000000000024,0.004199999999999999,-1.0,0.008799999999999999,0.02853782106899723,58.246039470370526,3.310106555247586,2.6880123250125174,0.6220942302350685,150.73172449999998
2021-11-29,0,0,0,0,1,0,0,0,157.09973,2.1873713,-0.0008,-0.0043,0.4056,176.0,-0.8374768543301391,0.3432883591985974,0.02,0.0077,-89.0,-0.0035,0.43585778648662427,64.4118718254373,3.311159489243863,2.8126417578587866,0.4985177313850766,151.29531149999997
2021-11-30,0,0,0,0,0,0,0,0,162.0606,3.1577587,0.0062,-0.0034,0.466,181.0,-0.7405223249324041,0.4939350274054841,0.007,0.0009000000000000002,5.0,-0.0096,0.1506466682068867,71.17452563734757,3.6699893436370417,2.9841112750144374,0.6858780686226043,152.05505699999998
2021-12-01,0,0,0,0,0,0,0,0,161.54099,-0.32063127,0.0183,0.0064,0.6924,199.0,-0.44862192361262593,0.7488312962960241,0.0121,0.0098,18.0,-0.0119,0.25489626889053996,69.6809392613549,3.8678502341885235,3.1608590668492544,0.706991167339269,152.71686549999998
2021-12-02,0,1,0,0,0,0,0,0,160.55078,-0.6129801,-0.0295,-0.008,1.7854,273.0,0.8457047822617992,-0.2761373724641762,-0.047799999999999995,-0.0144,74.0,0.0215,-1.0249686687602002,66.80392361607272,3.8998002739745914,3.3086473082743217,0.5911529657002697,153.35510849999997
2021-12-03,0,0,1,0,0,0,0,0,158.66841,-1.1724472,-0.1345,-0.0116,0.3451,187.0,-0.8499940484960953,-2.3839785544729915,-0.10500000000000001,-0.003599999999999999,-86.0,0.12290000000000001,-2.107841182008815,61.59734324534346,3.7302296182631096,3.3929637702720794,0.3372658479910302,153.87276149999997
2021-12-06,0,0,0,0,1,0,0,0,162.08025,2.1502733,-0.0143,-0.0015,0.6729,119.0,-0.4212659384302105,0.08548318973988486,0.1202,0.0101,-68.0,0.0128,2.469461744212876,66.6681632928194,3.827034949335143,3.4797780060846923,0.34725694325045087,154.60218299999997
2021-12-07,0,1,0,0,0,0,0,0,167.82536,3.5446286,0.0275,0.0147,1.3639,170.0,0.5623960123346471,0.9323453037420303,0.041800000000000004,0.0162,51.0,-0.0128,0.8468621140021454,73.10751610295566,4.3175660212652645,3.6473356091208067,0.6702304121444578,155.60072349999996
2021-12-08,0,0,0,0,0,0,0,0,171.64897,2.278304,0.0212,0.0048,2.0785,302.0,1.7049356178273154,0.790965177990349,-0.0063,-0.009899999999999999,132.0,-0.0164,-0.14138012575168124,76.37831453656386,4.957699527520873,3.90940839280082,1.0482911347200532,156.93211149999996
2021-12-09,0,0,0,0,0,0,0,0,171.13911,-0.29700994,0.0182,0.0035,1.5319,351.0,0.9005364055668635,0.7202616779449221,-0.002999999999999999,-0.0012999999999999995,49.0,-0.014700000000000001,-0.07070350004542691,75.06721636479014,5.362058034957386,4.199938321232133,1.1621197137252528,158.2404585
2021-12-10,0,0,0,0,0,0,0,0,175.93333,2.801323,-0.0163,-0.0127,0.441,243.0,-0.7343477467360842,0.020192301094520262,-0.0345,-0.0162,-108.0,0.003599999999999999,-0.7000693768504018,78.75940238864526,6.000201959188757,4.559991048823457,1.4402109103653,159.68459349999995
2021-12-13,0,0,1,0,0,0,0,0,172.29602,-2.0674229,0.0435,0.004,1.5646,100.0,0.9932408834754944,1.2084911358275723,0.05979999999999999,0.0167,-143.0,-0.03949999999999999,1.188298834733052,70.25861017238059,6.141638116815159,4.8763204624217975,1.2653176543933613,160.9463735
2021-12-14,0,1,1,0,0,0,0,0,170.91367,-0.8023262,0.0647,0.0075,2.2229,383.0,1.9259603429787246,1.5775679271652734,0.021199999999999997,0.0034999999999999996,283.0,-0.057199999999999994,0.3690767913377011,67.28622205226154,6.07218680878097,5.115493731693632,0.9566930770873379,162.09001399999997
2021-12-15,0,0,0,0,0,0,0,0,175.78622,2.850914,-0.0111,-0.0087,0.8118,322.0,-0.17153058367393453,0.088542335548988,-0.07579999999999999,-0.0162,-61.0,0.002400000000000001,-1.4890255916162853,71.81289759252654,6.337268128027347,5.359848610960375,0.9774195170669717,163.35522299999997
2021-12-16,0,0,1,0,0,0,0,0,168.88422,-3.9263844,0.0053,-0.0316,0.8701,317.0,-0.06005707728309498,0.40744527255521956,0.0164,-0.022900000000000004,-5.0,-0.0369,0.31890293700623157,59.29645934526165,5.922146447915225,5.472308178351345,0.4498382695638794,164.06062549999996
2021-12-17,0,0,0,0,0,0,0,0,167.78618,-0.6501794,-0.0244,-0.0106,0.241,209.0,-0.9938039730557814,-0.16992215043087466,-0.0297,0.021000000000000005,-108.0,0.013800000000000002,-0.5773674229860942,57.57714100381508,5.441826881469353,5.466211918974947,-0.024385037505593843,164.57975099999996
2021-12-20,0,0,1,1,0,0,0,0,166.42342,-0.8122027,-0.0786,-0.001,0.5507,67.0,-0.5086279735923298,-1.1978545989329845,-0.0542,0.009600000000000001,-142.0,0.0776,-1.02793244850211,55.42905860395787,4.89478281224288,5.351926097628533,-0.4571432853856532,165.00769849999998
2021-12-21,0,1,0,0,1,0,0,0,169.5999,1.9086957,-0.0132,-0.002,0.8646,185.0,-0.03609849597480265,0.0741953752993919,0.0654,-0.001,118.0,0.0112,1.2720499742323763,59.245734981185464,4.663800446755005,5.214300967453828,-0.5505005206988232,165.57535149999998
2021-12-22,0,1,0,0,0,0,0,0,172.19795,1.5318751,0.0181,0.0192,0.7167,209.0,-0.2600281977546654,0.6683151515672836,0.0313,0.021199999999999997,24.0,0.0010999999999999968,0.5941197762678917,62.10406407783372,4.636934485797212,5.098827671122505,-0.4618931853252928,166.24692649999997
2021-12-23,0,0,0,0,0,0,0,0,172.82541,0.36438704,0.0072,0.0115,0.2653,180.0,-0.9455693149238723,0.45540923368396136,-0.010900000000000002,-0.0076999999999999985,-29.0,0.0043,-0.21290591788332225,62.78296156251898,4.613096886918072,5.001681514281619,-0.3885846273635467,166.94987449999996
2021-12-24,0,0,0,0,0,0,0,0,172.82541,0.0,0.008,-0.005,0.0083,122.0,-1.3381547638866342,0.46689432885327814,0.0008000000000000004,-0.0165,-58.0,-0.013000000000000001,0.011485095169316784,62.78296156251898,4.541849800765817,4.909715171578458,-0.36786537081264115,167.90429649999996
2021-12-27,0,0,0,0,0,0,0,0,176.79607,2.2974849,-0.0007,-0.0011,0.5118,114.0,-0.5819243127418973,0.2979035808565502,-0.0087,0.0039,-8.0,-0.0004000000000000001,-0.16899074799672792,67.10762942690121,4.751018268301607,4.877975790923088,-0.1269575226214812,168.88911349999995
2021-12-28,0,1,1,0,0,0,1,0,175.77641,-0.5767226,0.0327,-0.0961,1.2236,196.0,0.4915962109674805,0.9184805202477346,0.0334,-0.095,82.0,-0.1288,0.6205769393911844,65.01822074884912,4.77941364009402,4.858263360757275,-0.07884972066325435,169.57490399999998
2021-12-29,0,1,0,0,0,0,0,0,175.86469,0.05019903,-0.0096,-0.0214,1.0118,211.0,0.14472270488853503,0.11102996256332777,-0.0423,0.0747,15.0,-0.0118,-0.8074505576844069,65.11947799160744,4.754236753149684,4.837458039235757,-0.08322128608607304,170.29108899999997
2021-12-30,0,0,0,0,0,0,0,0,174.70778,-0.65782666,0.0125,-0.0023,0.0951,156.0,-1.2743006698177044,0.521113221232863,0.0221,0.0191,-55.0,-0.0148,0.4100832586695352,62.56366926957746,4.5880428188981455,4.787574995168234,-0.1995321762700888,170.99893899999998
2021-12-31,0,0,0,0,0,0,0,0,174.09016,-0.35352707,-0.0095,0.0006,0.0,125.0,-1.38685423870068,0.09764404232459868,-0.022,0.0029,-31.0,0.0101,-0.4234691789082643,61.183108789780974,4.35627967589312,4.701315931313212,-0.34503625542009164,171.77002649999997
2022-01-03,0,0,0,0,0,0,0,0,178.44312,2.5004148,-0.0025,-0.0046,1.5979,109.0,1.0226288199135767,0.23324785807512577,0.006999999999999999,-0.0052,-16.0,-0.0021,0.1356038157505271,66.75175866103642,4.472299325380419,4.655512610126653,-0.183213284746234,172.58816999999996
2022-01-04,1,1,1,0,0,0,0,0,176.17839,-1.2691617,0.3465,0.0839,2.0854,342.0,1.7190112046419692,5.085897911160109,0.349,0.0885,233.0,-0.26259999999999994,4.852650053084983,61.78547002232943,4.331569314860445,4.590723951073412,-0.2591546362129664,173.00582149999997
2022-01-05,0,0,1,0,0,0,0,0,171.49208,-2.6599884,-0.0361,0.0073,0.4778,270.0,-0.6706743774061116,-0.41383418429777225,-0.3826,-0.0766,-72.0,0.0434,-5.499732095457881,52.99862248937435,3.7981114511783005,4.4322014510943895,-0.6340899999160889,172.99797699999996
2022-01-06,0,0,0,1,0,0,0,0,168.6293,-1.6693354,-0.0289,-0.0046,0.2083,178.0,-1.0610534378797316,-0.3066837881306572,0.0072000000000000015,-0.0119,-92.0,0.0243,0.10715039616711503,48.46431986351388,3.1085068975677643,4.167462540389065,-1.0589556428213003,172.87248649999998
2022-01-07,0,1,0,0,1,0,0,0,168.79599,0.09883642,0.0227,0.0041,0.6868,216.0,-0.34313971832971124,0.43393491480753493,0.0516,0.0087,38.0,-0.018600000000000002,0.7406187029381921,48.739322286001524,2.5460910575872333,3.843188243828698,-1.2970971862414649,172.51561949999999
2022-01-10,0,0,0,0,0,0,0,0,168.81558,0.011622906,0.0035,0.0008,0.925,175.0,0.0670846191054484,0.15477123026314357,-0.019200000000000002,-0.0033000000000000004,-41.0,-0.0027,-0.27916368454439133,48.77391855107925,2.0779993190544417,3.490150458873847,-1.412151139819405,172.34159749999998
2022-01-11,0,0,0,0,0,0,0,0,171.64897,1.6783834,0.0031,0.0041,2.0785,383.0,1.9341445413496678,0.14840499180802158,-0.0004000000000000002,0.0033000000000000004,208.0,0.0010000000000000005,-0.006366238455121992,53.6467528091623,1.9136052866535067,3.1748414244297787,-1.261236137776272,172.37836249999998
2022-01-12,0,0,0,0,0,0,0,0,172.09012,0.25702715,0.0064,0.0008,0.4271,237.0,-0.7296307994574868,0.19477768263041612,0.0033000000000000004,-0.0033000000000000004,-146.0,-0.0056,0.046372690822394536,54.374470663440846,1.7981905286567326,2.8995112452751695,-1.101320716618437,172.19355749999997
2022-01-13,0,0,0,0,0,0,0,0,168.81558,-1.9028068,0.0105,0.0032,0.4313,279.0,-0.7211729721040863,0.25219952424817693,0.0041,0.0024000000000000002,42.0,-0.007300000000000001,0.057421841617760816,48.311541902341155,1.4260567948568905,2.6048203551915137,-1.1787635603346232,172.19012549999997
2022-01-14,0,0,0,0,0,0,0,0,169.67836,0.51106215,-0.0381,-0.0116,0.4313,174.0,-0.7167442805034059,-0.4477383730289868,-0.048600000000000004,-0.014799999999999999,-105.0,0.026500000000000003,-0.6999378972771637,49.896755277144884,1.187073421710494,2.32127096849531,-1.134197546784816,172.28473449999996
2022-01-17,0,0,0,0,1,0,0,0,169.67836,0.0,0.0029,-0.0017,0.234,133.0,-1.0049157576444598,0.14366697723632613,0.041,0.009899999999999999,-41.0,-0.0046,0.5914053502653129,49.89675527714489,0.9863078339552374,2.0542783415872954,-1.067970507632058,172.44748149999995
2022-01-18,0,0,0,0,0,0,0,0,166.4724,-1.8894136,-0.0088,0.0034,0.6299,211.0,-0.3702467387444658,-0.02877843047978477,-0.0117,0.0050999999999999995,78.0,0.0122,-0.1724454077161109,44.07192153301771,0.5620267856118915,1.7558280303922147,-1.1938012447803232,172.29110649999996
2022-01-19,0,0,0,1,0,0,0,0,162.9724,-2.1024764,-0.0248,-0.0072,0.3597,237.0,-0.7841785127878158,-0.25688972293822304,-0.016,-0.0106,26.0,0.017599999999999998,-0.22811129245843828,38.75313351281021,-0.05599428400881834,1.3934635675120082,-1.4494578515208265,171.82982899999996
2022-01-20,0,0,0,0,0,0,0,0,161.28607,-1.0347128,-0.0123,-0.005,0.1201,200.0,-1.1267876597140318,-0.07512267550112482,0.012499999999999999,0.0021999999999999997,-37.0,0.0073,0.1817670474370982,36.469434173426876,-0.6740827655178236,0.9799543009060419,-1.6540370664238655,171.25286199999996
2022-01-21,0,0,0,0,0,0,0,0,159.22723,-1.276511,-0.0135,-0.0011,0.0014,219.0,-1.2956827954650618,-0.1655124174424401,-0.0011999999999999997,0.0039,19.0,0.0124,-0.09038974194131529,33.84693049671248,-1.3148962166657157,0.5209841973916904,-1.835880414057406,170.57295299999996
2022-01-24,0,0,0,0,1,0,0,0,158.45271,-0.48642755,0.0079,-0.0077,0.6229,104.0,-0.2673859319942975,0.1705694890367519,0.021400000000000002,-0.0066,-115.0,-0.015600000000000001,0.336081906479192,32.88878892230432,-1.8637585363210007,0.04403565064915216,-1.907794186970153,169.65578499999998
2022-01-25,0,1,0,0,0,0,0,0,156.64879,-1.1384726,-0.0461,-0.0204,0.4403,171.0,-0.5444050275176391,-0.691106961448286,-0.054000000000000006,-0.012700000000000001,67.0,0.0257,-0.8616764504850378,30.708386229437746,-2.4164419088563704,-0.4480598612519524,-1.968382047604418,168.699404
2022-01-26,0,1,0,0,1,0,0,0,156.5605,-0.05632639,0.0138,0.0063,0.5361,249.0,-0.3927261293061895,0.269981908699831,0.0599,0.0267,78.0,-0.0075,0.9610888701481171,30.60145370672537,-2.828961224559521,-0.9242401339134662,-1.9047210906460545,167.7341945
2022-01-27,0,1,0,0,0,0,0,0,156.09978,-0.29432178,-0.013,0.0044,1.7639,295.0,1.570618604371309,-0.1555964292877749,-0.026799999999999997,-0.0018999999999999998,46.0,0.0174,-0.4255783379876059,30.014115039649074,-3.1566738368675544,-1.3707268745042838,-1.7859469623632707,166.80379449999998
2022-01-28,1,1,1,0,1,0,0,1,166.99203,6.9777727,0.2104,0.1007,2.4153,503.0,2.4576796701672188,3.0969934350241104,0.22340000000000002,0.0963,208.0,-0.1097,3.252589864311885,52.98750392235531,-2.508557805634638,-1.5982930607303545,-0.9102647449042833,166.44888799999995
2022-01-31,0,0,0,0,0,0,0,0,171.35483,2.6125789,0.0262,0.0058,0.1299,118.0,-1.1039506264699668,0.37317299972683693,-0.1842,-0.0949,-385.0,-0.0204,-2.7238204352972737,58.818575327609054,-1.6241574073110314,-1.60346593004649,-0.020691477264541458,166.09447349999996
2022-02-01,0,0,0,0,0,0,0,0,171.18814,-0.09726286,0.0276,0.0044,0.0,200.0,-1.2614112689953147,0.3836610473629412,0.0013999999999999985,-0.0013999999999999993,82.0,-0.0232,0.01048804763610428,58.51992175675675,-0.9260394039827133,-1.4679806248337346,0.5419412208510213,165.84496099999996
2022-02-02,0,0,0,0,0,0,0,0,172.39407,0.7044196,-0.0176,-0.0017,0.0306,195.0,-1.1744689560381407,-0.27740975571613324,-0.045200000000000004,-0.0061,-5.0,0.0159,-0.6610708030790744,60.09840754213427,-0.272328154606015,-1.2288501307881907,0.9565219761821757,165.89006049999995
2022-02-03,0,0,0,0,0,0,0,0,169.51166,-1.6719759,-0.034,-0.0083,0.3472,205.0,-0.6911680758562277,-0.509706231827201,-0.0164,-0.0066,10.0,0.0257,-0.23229647611106774,54.73675692125916,0.013006392963831104,-0.9804788260377864,0.9934852190016175,165.93417849999997
2022-02-04,0,1,1,0,0,0,0,0,169.22699,-0.16772151,-0.0636,0.0023,0.2313,240.0,-0.8633334438260708,-0.9249155514056442,-0.0296,0.0106,35.0,0.0659,-0.4152093195784432,54.22225881457637,0.2137021622226598,-0.7416426283856972,0.955344790608357,165.95572849999996
2022-02-07,0,0,0,0,0,0,0,0,168.5104,-0.42345524,-0.0023,-0.0012,0.4583,122.0,-0.520259523221273,-0.031014042083662107,0.06130000000000001,-0.0034999999999999996,-118.0,0.0011,0.8939015093219821,52.874946181063244,0.3113432103630771,-0.5310454606359423,0.8423886709990194,165.94046949999998
2022-02-08,0,0,0,0,0,0,0,0,171.62222,1.8466711,-0.0212,-0.0092,1.0632,191.0,0.40033938646333433,-0.3018699545166185,-0.0189,-0.008,69.0,0.012,-0.2708559124329564,57.78094756138776,0.6325308895572732,-0.29833019059729915,0.9308610801545724,165.93913199999997
2022-02-09,0,1,0,0,1,0,0,0,173.04564,0.8293748,0.0059,0.0009,0.7472,322.0,-0.06756734397038894,0.09263022798059667,0.0271,0.0101,131.0,-0.005,0.3945001824972152,59.84047532133117,0.990514502720174,-0.0405612519338045,1.0310757546539786,165.98690799999997
2022-02-10,0,0,0,0,0,0,0,0,168.96194,-2.359885,0.0124,0.0004,0.4361,238.0,-0.5327355387323655,0.1847229688075081,0.0065,-0.0005,-84.0,-0.012,0.09209274082691143,52.00273605163819,0.9339328377883191,0.15433756601062026,0.7795952717776988,165.99422599999997
2022-02-11,0,0,0,0,0,0,0,0,165.5458,-2.0218432,-0.0113,-0.0006,0.4618,216.0,-0.48403304325726154,-0.1552165753193586,-0.0237,-0.001,-22.0,0.0107,-0.33993954412686667,46.514298048219416,0.6064467716703348,0.24475940714256317,0.3616873645277716,165.78759799999997
2022-02-14,0,0,0,0,0,0,0,0,165.78137,0.14232397,-0.0059,0.0027,0.5646,69.0,-0.3163646402649441,-0.07537266503444254,0.005399999999999999,0.0033,-147.0,0.0086,0.07984391028491605,46.93024567493399,0.3617502039519991,0.26815756650445033,0.09359263744754875,165.5927485
2022-02-15,0,1,0,0,0,0,0,0,169.61966,2.315247,-0.0414,-0.0173,0.5937,143.0,-0.2473105378194727,-0.5837464717054118,-0.0355,-0.02,74.0,0.0241,-0.5083738066709693,53.302551214614944,0.4721022354666786,0.30894650029689597,0.16315573516978266,165.75011149999997
2022-02-16,0,0,0,0,1,0,0,0,169.38406,-0.13889074,0.0195,0.0008,0.241,131.0,-0.7898248453392389,0.26679841011612,0.060899999999999996,0.018099999999999998,-12.0,-0.0187,0.8505448818215318,52.882805581459166,0.5343859953660228,0.35403439931072134,0.1803515960553015,166.07069449999997
2022-02-17,0,1,0,0,0,0,0,0,165.78137,-2.1269202,-0.0099,-0.0054,0.5444,241.0,-0.305886748112293,-0.2198067579331512,-0.029400000000000003,-0.006200000000000001,110.0,0.0045000000000000005,-0.4866051680492712,46.81218123170743,0.2896998699838491,0.3411674934453469,-0.0514676234614978,166.29545949999996
2022-02-18,0,0,0,0,0,0,0,0,164.2304,-0.93557835,-0.016,-0.01,0.1688,174.0,-0.8872331050929345,-0.32157544784880926,-0.0060999999999999995,-0.0046,-67.0,0.006,-0.10176868991565807,44.44669961807607,-0.02903130938943832,0.26712773287838987,-0.2961590422678282,166.54561799999996
2022-02-21,0,0,0,0,0,0,0,0,164.2304,0.0,0.0018,-0.0002,0.8826,135.0,0.24824667021850422,-0.029474487437837132,0.0178,0.0098,-39.0,-0.002,0.2921009604109721,44.44669961807607,-0.278418628734471,0.1580184605558177,-0.4364370892902887,166.83450249999996
2022-02-22,0,0,0,0,0,0,0,0,161.30508,-1.7812312,-0.0148,-0.0044,0.7111,210.0,-0.034636675673610916,-0.2965808617089386,-0.0166,-0.004200000000000001,75.0,0.0104,-0.26710637427110145,40.02277933039164,-0.7039935526801742,-0.014383942091380691,-0.6896096105887934,167.06731699999995
2022-02-23,0,0,0,0,0,0,0,0,157.13304,-2.5864184,-0.0137,-0.0013,0.5042,224.0,-0.3629601109954356,-0.2697043660340804,0.0011000000000000003,0.0031000000000000003,14.0,0.012400000000000001,0.026876495674858225,34.715722377855435,-1.3622107887894401,-0.28394931143099256,-1.0782614773584476,167.09594399999997
2022-02-24,0,0,0,0,0,0,0,0,159.75406,1.6680241,-0.0259,-0.0026,0.1972,143.0,-0.8311708231074025,-0.47145905849089653,-0.012199999999999999,-0.0013,-81.0,0.0233,-0.20175469245681615,40.09036659369397,-1.653300067350358,-0.5578194626148656,-1.0954806047354924,167.27865799999998
2022-02-25,0,0,0,0,1,0,0,0,161.82535,1.2965441,0.0176,-0.0011,0.0986,120.0,-0.9811688086667255,0.21165311723792374,0.0435,0.0014999999999999998,-23.0,-0.0187,0.6831121757288203,44.01304937016683,-1.697289330412616,-0.7857134361744157,-0.9115758942382003,167.020324
2022-02-28,0,0,0,0,0,0,0,0,162.0904,0.16378164,0.0025,-0.0026,1.2458,123.0,0.872650884966023,-0.05312191553273495,-0.0151,-0.0014999999999999998,3.0,-0.0051,-0.26477503277065867,44.51371040671756,-1.691267934459546,-0.9668243358314418,-0.7244435986281043,166.55710249999998
2022-03-01,0,0,0,0,1,0,0,1,160.20561,-1.1627913,0.0146,-0.002,1.6299,150.0,1.4754441825567475,0.15921089233046737,0.0121,0.0005999999999999998,27.0,-0.0166,0.21233280786320233,41.660699809526186,-1.817630226126397,-1.1369855138904328,-0.6806447122359642,166.00797599999996
2022-03-02,0,1,0,0,0,0,0,0,163.50397,2.0588279,-0.0074,-0.0093,2.7896,376.0,3.157518237380878,-0.21203829047630018,-0.022,-0.007299999999999999,226.0,-0.001899999999999999,-0.37124918280676755,47.94803336251315,-1.632801249784194,-1.236148661069185,-0.39665258871500897,165.563471
2022-03-03,0,0,0,0,1,0,0,1,163.18002,-0.19812584,0.0053,-0.0041,1.5313,315.0,1.2334530016833083,0.010757733859475007,0.0127,0.005199999999999999,-61.0,-0.0094,0.2227960243357752,47.40762987653781,-1.4952269663276638,-1.2879643221208807,-0.2072626442067831,165.24688899999995
2022-03-04,0,0,0,0,0,0,0,0,160.17616,-1.8408239,-0.0084,-0.0032,1.266,193.0,0.8035435113887489,-0.22811020620387268,-0.0137,0.0009000000000000002,-122.0,0.0052,-0.2388679400633477,42.611801578446354,-1.6100253828066968,-1.352376534258044,-0.2576488485486528,164.79434749999996
2022-03-07,0,0,0,0,0,0,0,0,156.37718,-2.3717582,-0.0022,-0.0051,1.5792,147.0,1.279595277863779,-0.10828761886078307,0.006199999999999999,-0.0019000000000000002,-46.0,-0.0029000000000000002,0.1198225873430896,37.45169300161666,-1.9846718301015756,-1.4788355934267503,-0.5058362366748252,164.18768649999996
2022-03-08,0,0,0,0,0,0,0,0,154.55132,-1.1676073,-0.007,-0.0043,3.2125,336.0,3.4836015121002597,-0.17238786015047955,-0.0048000000000000004,0.0008000000000000004,189.0,0.0027,-0.06410024128969648,35.24275299640829,-2.401233555701822,-1.6633151858817645,-0.7379183698200573,163.33414149999993
2022-03-09,0,0,0,0,0,0,0,0,159.96019,3.4997463,-0.0004,0.0003,2.6618,1231.0,2.510720746478966,-0.06004830894820612,0.0066,0.0046,895.0,0.0007,0.11233955120227343,45.49805033331504,-2.2687582859504403,-1.7844038058954996,-0.48435448005494064,162.67986899999997
2022-03-10,0,0,0,0,1,0,0,0,155.6115,-2.7186215,0.0032,0.0007,1.5437,341.0,0.9907606721867871,0.00358894155055352,0.0036000000000000003,0.0004,-890.0,-0.0025,0.06363725049875964,40.01170070669484,-2.4860163704933598,-1.9247263188150716,-0.5612900516782882,162.01234699999995
2022-03-11,0,0,0,0,0,0,0,0,151.89104,-2.3908734,-0.019,0.0005,0.9132,215.0,0.1396927409738902,-0.3869114148086869,-0.0222,-0.00019999999999999998,-126.0,0.0195,-0.3905003563592404,36.010894825724854,-2.924690979517095,-2.124719250955476,-0.7999717285616188,161.32960899999995
2022-03-14,0,0,0,0,0,0,0,0,147.85643,-2.6562393,0.0007,-0.0099,2.3313,180.0,1.9280139466528146,-0.0661127017776671,0.0197,-0.010400000000000001,-35.0,-0.0106,0.3207987130310198,32.24543271460087,-3.5569013315497386,-2.4111556670743286,-1.14574566447541,160.43336199999993
2022-03-15,0,0,0,0,0,0,0,0,152.24438,2.967739,-0.0142,-0.0069,1.8181,359.0,1.2285631863473818,-0.3315418722521658,-0.0149,0.003000000000000001,179.0,0.007300000000000001,-0.2654291704744987,39.63796203863363,-3.6616524468852845,-2.66125502303652,-1.0003974238487645,159.56459799999996
2022-03-16,0,0,0,0,1,0,0,0,156.66183,2.9015422,0.0121,-0.0017,1.2667,207.0,0.513196300513442,0.139335324816981,0.0263,0.0052,-152.0,-0.0138,0.47087719706914677,46.02292631330199,-3.3496050022406507,-2.798925018877346,-0.5506799833633047,158.92848649999996
2022-03-17,0,0,0,0,0,0,0,0,157.67297,0.6453991,0.0058,-0.0076,0.8993,202.0,0.03268148967273315,0.027356092574988083,-0.0063,-0.0059,-5.0,-0.013399999999999999,-0.11197923224199291,47.394595164838634,-2.9862905085476825,-2.8363981168114134,-0.14989239173626911,158.52306649999997
2022-03-18,0,0,0,0,0,0,0,0,160.97128,2.0918965,0.004,-0.002,0.5972,233.0,-0.3694686221796344,-0.0035683220290651987,-0.0017999999999999995,0.0056,31.0,-0.006,-0.030924414604053284,51.70581023411985,-2.4044975518532112,-2.750018003819773,0.34552045196656156,158.36011049999996
2022-03-21,0,0,0,0,0,0,0,0,162.3456,0.853765,-0.0558,-0.032,1.7236,107.0,1.0498437528701947,-1.0442279438963897,-0.059800000000000006,-0.03,-126.0,0.0238,-1.0406596218673245,53.418823983518905,-1.811642813111348,-2.562342965678088,0.7507001525667398,158.26587049999998
2022-03-22,0,1,0,0,0,0,0,0,165.7225,2.080059,-0.0155,-0.0277,0.8792,353.0,-0.02411064523074646,-0.3182195713850035,0.0403,0.004300000000000002,246.0,-0.012199999999999999,0.7260083725113862,57.415782599355936,-1.0571276438621737,-2.261299901314905,1.2041722574527314,158.48674149999997
2022-03-23,0,0,0,0,0,0,0,0,167.08702,0.82336664,-0.0088,-0.0099,1.0069,214.0,0.1397545301608162,-0.1998743508241362,0.006699999999999999,0.017799999999999996,-139.0,-0.0011000000000000003,0.1183452205608673,58.9486106921275,-0.3450856435232197,-1.878057049756568,1.5329714062333484,158.98444049999995
2022-03-24,0,0,0,0,1,0,0,0,170.87616,2.2677898,0.0077,0.0018,1.4882,237.0,0.7305440607796401,0.0936273059275969,0.0165,0.0117,23.0,-0.005900000000000001,0.2935016567517331,62.938104851337165,0.5189821988337826,-1.398649200038498,1.9176313988722806,159.54054549999995
2022-03-25,0,0,0,0,0,0,0,0,171.51422,0.37341118,0.0164,-0.0021,1.4299,324.0,0.6302880594370142,0.23998686759179444,0.008700000000000001,-0.0039,87.0,-0.018500000000000003,0.14635956166419756,63.579958423255256,1.2409434747677892,-0.8707306650772405,2.1116741398450296,160.02498899999995
2022-03-28,0,0,0,0,0,0,0,0,172.3781,0.50367117,-0.0105,-0.0152,2.0986,203.0,1.4697600275382245,-0.23375787606835963,-0.0269,-0.0131,-121.0,-0.004699999999999999,-0.47374474366015407,64.47696370918209,1.861354349362614,-0.3243136621892696,2.1856680115518836,160.53937399999992
2022-03-29,0,1,0,0,0,0,0,0,175.67645,1.9134402,-0.0284,-0.0392,1.5972,243.0,0.847109494836478,-0.7277713112419949,-0.0179,-0.024,40.0,-0.010799999999999997,-0.4940134351736353,67.74358415820024,2.5893354693515676,0.2584161641188979,2.3309193052326695,161.31291599999992
2022-03-30,0,0,1,0,1,0,0,0,174.50832,-0.6649554,0.0488,-0.0051,1.6063,189.0,0.8321497744102435,1.4740760793594656,0.0772,0.0341,-54.0,-0.0539,2.2018473906014604,65.44814870018745,3.036998791629486,0.8141326896210155,2.222866102008471,161.86313349999992
2022-03-31,0,1,0,0,0,0,0,0,171.40625,-1.7775774,-0.0103,-0.0047,1.6354,326.0,0.8408821402481504,-0.2468155178981787,-0.0591,0.0004000000000000002,137.0,0.0056,-1.7208915972576444,59.666246602531324,3.105663915446911,1.2724389347861946,1.8332249806607164,162.27444499999993
2022-04-01,0,0,0,0,0,0,0,0,171.11176,-0.17181039,-0.0025,-0.002,0.9097,269.0,-0.1063216745043054,-0.007789588111335604,0.0078,0.0027,-57.0,0.0005,0.23902592978684312,59.13217332289865,3.1005771159825315,1.638066571025462,1.4625105449570694,162.8212249999999
2022-04-04,0,0,0,0,1,0,0,0,175.16595,2.3693442,0.0038,0.0019,0.0792,87.0,-1.1542263283544811,0.17608888334927972,0.0063,0.0039,-182.0,-0.0019,0.1838784714606153,63.92017976370236,3.384668687730027,1.9873869943663751,1.397281693363652,163.7606634999999
2022-04-05,0,0,0,0,0,0,0,0,171.84798,-1.8941939,0.0224,-0.0053,0.5917,140.0,-0.4711027937830263,0.7070845693407976,0.0186,-0.0072,53.0,-0.0277,0.5309956859915178,57.93762214032539,3.303994464025294,2.2507084882981587,1.0532859757271353,164.6254964999999
2022-04-06,0,1,0,0,0,0,0,0,168.67726,-1.8450797,-0.0063,-0.004,0.8215,257.0,-0.18040336046178665,-0.12169103639703838,-0.0287,0.0013,117.0,0.0023,-0.8287756057378359,52.84733678236391,2.9502008760626097,2.390606965851049,0.5595939102115608,165.06134999999992
2022-04-07,0,0,0,0,0,0,0,0,168.98158,0.18041134,-0.0085,-0.0009,0.3646,168.0,-0.7767676858849131,-0.17665601319417965,-0.0022000000000000006,0.0031000000000000003,-89.0,0.007600000000000001,-0.05496497679714127,53.27168159866291,2.6636678840569346,2.445219149492226,0.2184487345647086,165.72985399999993
2022-04-08,0,0,0,0,1,0,0,0,166.96918,-1.1908948,0.0024,-0.002,0.1813,187.0,-1.0064915505277805,0.12229594852133262,0.0109,-0.0011,19.0,-0.004399999999999999,0.29895196171551225,50.06319844422834,2.2482877007583966,2.40583285974546,-0.15754515898706334,166.48376099999993
2022-04-11,0,0,0,0,0,0,0,0,162.70883,-2.5515854,-0.0024,-0.0031,0.7743,143.0,-0.2474601105945548,-0.01622051927570207,-0.0048,-0.0010999999999999998,-44.0,-0.0007000000000000001,-0.1385164677970347,44.018749519999645,1.557368893891919,2.2361400665747517,-0.6787711726828327,167.22638099999995
2022-04-12,0,1,0,0,0,0,0,0,164.58382,1.1523366,-0.0314,-0.0096,1.4292,187.0,0.5934740165609651,-0.852739613161763,-0.028999999999999998,-0.006499999999999999,44.0,0.0218,-0.8365190938860609,47.04881598804205,1.1478747985533175,2.018487012970465,-0.8706122144171475,167.84335299999992
2022-04-13,0,1,0,0,1,0,0,0,167.27348,1.6342521,0.0079,-0.0013,0.9632,284.0,-0.03042358348252164,0.28087384878066035,0.0393,0.008299999999999998,97.0,-0.0092,1.1336134619424234,51.134762575891955,1.0285246691734926,1.8204945442110705,-0.7919698750375779,168.37393549999993
2022-04-14,0,0,0,0,0,0,0,0,162.25725,-2.998829,0.0062,-0.0066,0.9771,230.0,-0.031281559251345854,0.2220832322917992,-0.001700000000000001,-0.0053,-54.0,-0.012799999999999999,-0.058790616488861164,44.273204996171756,0.5231405544836036,1.5610237462655772,-1.0378831917819735,168.60314949999992
2022-04-15,0,0,0,0,0,0,0,0,162.25725,0.0,-0.0171,-0.0053,0.5063,187.0,-0.677682476913316,-0.4592302333973281,-0.0233,0.0013,-43.0,0.011800000000000001,-0.6813134656891273,44.27320499617176,0.12122262355012481,1.2730635217224866,-1.1518408981723618,168.66744799999992
2022-04-18,0,0,0,0,1,0,0,0,162.04129,-0.13309121,-0.0007,-0.0002,0.3014,68.0,-0.9416270588886251,0.02566217273703667,0.0164,0.0051,-119.0,0.0005,0.4848924061343648,43.97855080228287,-0.21227937502794703,0.9759949423723999,-1.188274317400347,168.6522324999999
2022-04-19,0,0,0,0,0,0,0,0,164.32854,1.4115095,-0.0079,-0.0025,0.9722,178.0,-0.05429825578212251,-0.20716477872474387,-0.007200000000000001,-0.0023,110.0,0.0054,-0.23282695146178053,47.93108125548737,-0.2886922870190176,0.7230574964941163,-1.011749783513134,168.58253449999992
2022-04-20,0,0,0,0,1,0,0,0,164.16164,-0.101554394,0.0048,-0.005,1.0785,231.0,0.07703153352809392,0.17546922597919276,0.0127,-0.0025,53.0,-0.0098,0.3826340047039366,47.66680126750095,-0.3585839726300435,0.5067292026692843,-0.8653131752993278,168.43626549999993
2022-04-21,0,0,0,0,0,0,0,0,163.36653,-0.48435926,-0.0044,-0.003,1.5944,271.0,0.7811922696253593,-0.10305972266051193,-0.0092,0.002,40.0,0.0014000000000000002,-0.2785289486397047,46.35549587939007,-0.4726835670816456,0.31084664871909834,-0.783530215800744,168.06078399999993
2022-04-22,0,0,0,0,0,0,0,0,158.82144,-2.7821183,-0.0174,0.0025,0.8208,210.0,-0.23992543909344008,-0.6701914962019406,-0.012999999999999998,0.0055,-61.0,0.019899999999999998,-0.5671317735414287,39.6420710909548,-0.9192624109730048,0.06482483678067769,-0.9840872477536824,167.42614499999993
2022-04-25,0,0,0,0,1,0,0,1,159.89148,0.6737232,-0.0041,-0.002,1.7521,161.0,1.0299375449425678,0.06216264349392876,0.0133,-0.0045000000000000005,-49.0,0.0021000000000000003,0.7323541396958694,41.779829285367654,-1.1733108794237808,-0.182802306460214,-0.9905085729635668,166.80181399999992
2022-04-26,0,0,0,0,0,0,0,0,153.92305,-3.7328124,0.0113,0.0043,0.8819,186.0,-0.21734338190840394,0.930707198186281,0.0154,0.0063,25.0,-0.006999999999999999,0.8685445546923523,34.450495522965404,-1.8350947122051764,-0.5132607876092066,-1.3218339245959698,165.71414399999992
2022-04-27,0,1,0,0,0,0,0,0,153.69727,-0.14668107,-0.0166,-0.0035,1.6111,190.0,0.7978153705500327,-0.6145387895420353,-0.0279,-0.0078,4.0,0.0131,-1.5452459877283165,34.20603394671177,-2.35068449900308,-0.8807455298879813,-1.4699389691150988,164.67359149999993
2022-04-28,0,0,0,0,0,0,0,0,160.63753,4.5155525,-0.012,-0.001,2.734,265.0,2.279053697708877,-0.3880554740760285,0.0046,0.0025,75.0,0.011,0.22648331546600686,46.72138454609433,-2.1742092094686427,-1.1394382658041136,-1.0347709436645292,164.13515549999994
2022-04-29,1,1,1,0,1,0,0,1,154.75745,-3.6604762,0.2306,0.1113,2.975,289.0,2.4472907779767765,6.741343617919745,0.2426,0.1123,24.0,-0.1193,7.129399091995774,39.81167785221895,-2.4802339916343215,-1.4075974109701552,-1.0726365806641662,163.31743999999995
2022-05-02,0,0,1,0,0,0,0,0,155.06178,0.19664764,-0.1321,-0.0089,1.8194,95.0,0.8715852583856394,-3.3917938339682454,-0.3627,-0.1202,-194.0,0.12319999999999999,-10.13313745188799,40.30375942814806,-2.667455185734127,-1.6595689659229496,-1.0078862198111775,162.31223149999994
2022-05-03,0,1,1,0,0,0,0,0,156.55386,0.9622574,-0.1926,-0.0115,1.2896,241.0,0.15720350223945934,-4.126521451212088,-0.0605,-0.0026,146.0,0.18109999999999998,-0.7347276172438422,42.77406016795082,-2.664713782983455,-1.8605979293350505,-0.8041158536484043,161.54752549999995
2022-05-04,0,1,0,0,0,0,0,0,162.97386,4.1008353,-0.0129,0.0008,0.9264,257.0,-0.333657718625691,-0.16160788551031202,0.1797,0.0123,16.0,0.0137,3.9649135657017753,51.981502647655034,-2.120062099540803,-1.912490763376201,-0.2075713361646021,161.26235549999996
2022-05-05,0,0,0,0,0,0,0,0,153.89359,-5.5716157,-0.0092,-0.0014,1.8819,185.0,0.9167341277830655,-0.07225058543994514,0.0037,-0.0022,-72.0,0.0078,0.08935730007036688,41.749781317854094,-2.393532466079563,-2.0086991039168733,-0.3848333621626896,160.50795599999995
2022-05-06,0,0,0,0,0,0,0,0,154.62106,0.4720211,-0.0082,-0.0024,1.3229,265.0,0.1479927068598082,-0.051334224466039094,0.0009999999999999992,-0.0009999999999999998,80.0,0.005800000000000001,0.020916360973906048,42.722494889961446,-2.522481357628976,-2.111455554659294,-0.4110258029696823,159.89054999999993
2022-05-09,0,0,0,0,0,0,0,0,149.48932,-3.3189237,-0.0066,-0.0024,0.8431,113.0,-0.5102905438258567,-0.01577531169732178,0.0016000000000000007,0.0,-152.0,0.004200000000000001,0.03555891276871731,37.912898396647506,-3.004133037815791,-2.289991051290593,-0.7141419865251977,159.22957449999996
2022-05-10,0,0,0,0,0,0,0,0,151.89789,1.6112089,-0.0226,-0.0044,1.9556,166.0,0.9702066756258046,-0.37724291418723505,-0.016,-0.0020000000000000005,53.0,0.018199999999999997,-0.3614676024899133,41.2556015280937,-3.155123692801851,-2.4630175795928446,-0.6921061132090065,158.59527799999995
2022-05-11,0,1,0,0,1,0,0,1,144.02332,-5.184126,0.0012,-0.0006,3.066,393.0,2.334942097539017,0.15716035247572094,0.023799999999999998,0.0038000000000000004,227.0,-0.0018,0.534403266662956,34.68137088240481,-3.8656362151664325,-2.743541306707562,-1.1220949084588705,157.43276999999998
2022-05-12,0,0,0,1,0,0,0,0,140.14993,-2.6894212,-0.0266,-0.0049,2.5535,340.0,1.5952039840685135,-0.45327408888670206,-0.0278,-0.0043,-53.0,0.021699999999999997,-0.610434441362423,31.98168969405596,-4.687241112002852,-3.13228126776662,-1.5549598442362318,156.32740399999997
2022-05-13,0,0,1,1,0,0,0,0,144.62303,3.191638,-0.1079,-0.0066,1.0549,192.0,-0.37111483242136056,-2.133693732787966,-0.0813,-0.0017000000000000001,-148.0,0.1013,-1.680419643901264,37.98530555551227,-4.920704309102604,-3.489965876033817,-1.430738433068787,155.44569299999998
2022-05-16,0,0,0,0,1,0,0,0,143.07956,-1.0672331,0.0055,0.0029,0.9069,121.0,-0.5670201508404065,0.27936136363434416,0.1134,0.0095,-71.0,-0.0026,2.41305509642231,36.77898947129008,-5.170666479945936,-3.8261059968162408,-1.3445604831296953,154.4976065
2022-05-17,0,0,0,0,0,0,0,0,146.71703,2.5422692,-0.0075,-0.0023,1.6833,200.0,0.43774942527916155,7.096318274743604e-05,-0.013,-0.0052,79.0,0.0052,-0.2792904004515967,41.49449378544189,-5.017412266447764,-4.064367250742546,-0.9530450157052179,153.61703099999997
2022-05-18,0,0,0,0,0,0,0,0,138.43935,-5.641919,0.0048,-0.0034,1.5313,292.0,0.21596474642333455,0.25525586829774854,0.012299999999999998,-0.0010999999999999998,92.0,-0.008199999999999999,0.2551849051150011,35.08177533465684,-5.500490563377127,-4.351591913269462,-1.1488986501076655,152.3309165
2022-05-19,0,0,1,1,0,0,0,0,135.028,-2.4641395,-0.0388,-0.0055,1.4153,215.0,0.034185611600547165,-0.6663346648434201,-0.0436,-0.0021,-77.0,0.0333,-0.9215905331411687,32.83000069500604,-6.088417541730593,-4.698957038961688,-1.3894605027689044,150.91398999999998
2022-05-20,0,0,1,1,0,0,0,0,135.2639,0.17472506,-0.0385,-0.0069,0.825,212.0,-0.8077607434195201,-0.6394141796819657,0.00030000000000000165,-0.0014000000000000002,-3.0,0.0316,0.0269204851614544,33.149547190140396,-6.460842182415178,-5.051334067652386,-1.409508114762792,149.736113
2022-05-23,0,0,0,0,1,0,0,0,140.69061,4.011917,-0.0065,-0.0059,0.8792,82.0,-0.7204479373433487,0.042321119202146235,0.032,0.001,-130.0,0.0005999999999999998,0.6817352988841119,40.19762228362152,-6.246100095402625,-5.290287273202433,-0.9558128222001914,148.77606949999998
2022-05-24,0,1,0,0,0,0,0,0,137.9871,-1.9216001,0.0215,-0.0067,1.0563,165.0,-0.4599718037701995,0.6329804081551272,0.027999999999999997,-0.0008000000000000004,83.0,-0.0282,0.590659288952981,38.04560050291306,-6.222338858052041,-5.476697590172355,-0.7456412678796855,147.97927199999998
2022-05-25,0,1,0,0,0,0,0,0,138.14444,0.11399984,-0.01,-0.0043,1.9681,248.0,0.8515170695030223,-0.033400040902878764,-0.0315,0.0024000000000000002,83.0,0.0057,-0.666380449058006,38.25278607700238,-6.120261320434878,-5.6054103362248595,-0.5148509842100184,147.20163049999996
2022-05-26,0,0,0,0,0,0,0,0,141.3493,2.3199558,-0.0105,0.0053,1.9132,280.0,0.7603654069204829,-0.03844109794549355,-0.0005000000000000004,0.009600000000000001,32.0,0.0158,-0.005041057042614788,42.472811894726995,-5.714881126342391,-5.627304494248365,-0.08757663209402544,146.23721899999995
2022-05-27,0,0,0,0,1,0,0,0,147.11021,4.0756702,-0.0026,-0.0027,0.7396,225.0,-0.8929490970406123,0.12696521586887027,0.0079,-0.008,-55.0,-0.00010000000000000026,0.16540631381436383,49.1944566073764,-4.8725889386477945,-5.476361383128252,0.6037724444804571,145.85485699999995
2022-05-30,0,0,0,0,0,0,0,0,147.11021,0.0,-0.0002,-0.0024,0.7208,119.0,-0.8937655815587723,0.177109659835812,0.0024,0.00030000000000000035,-106.0,-0.0021999999999999997,0.05014444396694173,49.19445660737641,-4.157145327905312,-5.212518172083664,1.0553728441783523,145.45727849999994
2022-05-31,0,0,0,0,0,0,0,0,146.32379,-0.5346179,-0.0021,-0.0014,1.2458,162.0,-0.11640318012662763,0.13509059580759641,-0.0018999999999999998,0.0009999999999999998,43.0,0.0006999999999999999,-0.04201906402821559,48.30096386321303,-3.6119720678888143,-4.892408951244694,1.28043688335588,144.94577499999994
2022-06-01,0,0,0,0,0,0,0,0,146.19595,-0.087332726,-0.0153,0.002,1.5188,181.0,0.3321101388405539,-0.13937589150256993,-0.0132,0.0034000000000000002,19.0,0.0173,-0.2744664873101663,48.14787314328031,-3.15387800869766,-4.544702762735287,1.3908247540376273,144.10687949999993
2022-06-02,0,0,0,0,0,0,0,0,148.6537,1.6811252,-0.0307,-0.002,0.8465,148.0,-0.6898443728672717,-0.45321185857904567,-0.015400000000000002,-0.004,-33.0,0.028700000000000003,-0.31383596707647576,51.340970339068704,-2.562970947978698,-4.148356399783969,1.585385451805271,143.84488499999992
2022-06-03,0,1,0,0,1,0,0,0,142.92226,-3.8555682,-0.0055,0.0011,0.6708,211.0,-0.9504781818722184,0.07544737786177626,0.0252,0.0031000000000000003,63.0,0.0066,0.5286592364408219,44.46444334534785,-2.52801081837859,-3.824287283502893,1.2962764651243033,143.2599449999999
2022-06-06,0,0,0,0,0,0,0,0,143.6694,0.5227685,0.0015,-0.0014,2.9257,191.0,2.426006985832858,0.2233640873844632,0.006999999999999999,-0.0025,-20.0,-0.0029,0.14791670952268693,45.48940802339148,-2.4122102516733435,-3.541871877136983,1.1296616254636396,142.9689489999999
2022-06-07,0,0,0,0,0,0,0,0,146.19595,1.7585874,0.0005,-0.0003,2.8646,1523.0,2.2201370843646973,0.19695931439295244,-0.001,0.0011,1332.0,-0.0007999999999999999,-0.026404772991510755,48.9224448619212,-2.0924455882812083,-3.251986619365828,1.1595410310846197,142.68385199999986
2022-06-08,0,0,0,0,0,0,0,0,145.45865,-0.50433874,0.002,-0.0005,1.166,537.0,-0.21289345147124755,0.23255747378042985,0.0015,-0.00020000000000000004,-986.0,-0.0025,0.0355981593874774,47.97294487257677,-1.8768881387485408,-2.9769669232423706,1.1000787844938298,142.75561849999988
2022-06-09,0,0,0,0,0,0,0,0,140.22856,-3.5955727,-0.0039,-0.0018,1.475,323.0,0.21682992442176025,0.11102722307696239,-0.0059,-0.0013,-214.0,0.0021,-0.12153025070346746,41.77866303771269,-2.1038302151688413,-2.8023395816276646,0.6985093664588233,142.75954999999988
2022-06-10,0,0,0,0,0,0,0,0,134.81172,-3.8628697,-0.0152,-0.0023,1.0743,274.0,-0.37354805691505516,-0.12190958328674556,-0.011300000000000001,-0.0005,-49.0,0.0129,-0.23293680636370795,36.51924277406018,-2.6897711557811306,-2.779825896458358,0.09005474067722741,142.26898449999987
2022-06-13,0,0,0,0,1,0,0,0,129.65047,-3.8284838,-0.0008,-0.0036,1.2486,124.0,-0.10978876105043513,0.16555530540054494,0.0144,-0.0013,-150.0,-0.0028,0.2874648886872905,32.341539437498774,-3.529912677277565,-2.9298432526221996,-0.6000694246553655,141.59752999999986
2022-06-14,0,1,0,1,0,0,0,0,130.5156,0.6672621,-0.022,0.0024,1.6736,211.0,0.48925584647016546,-0.2855374179428376,-0.0212,0.006,87.0,0.024399999999999998,-0.4510927233433826,33.71044070195071,-4.078903069592116,-3.1596552160161826,-0.919247853575933,140.7874584999999
2022-06-15,0,0,0,0,1,0,0,0,133.14043,2.0111442,-0.0047,-0.0026,1.3528,300.0,0.01404936944190291,0.08292639205800058,0.0173,-0.004999999999999999,89.0,0.0021000000000000003,0.36846381000083817,37.82097621042155,-4.253152373319011,-3.3783546474767485,-0.8747977258422628,140.5225124999999
2022-06-16,0,0,1,0,0,0,0,0,127.86124,-3.9651453,-0.0568,-0.0116,0.7097,198.0,-0.8987988377831848,-1.0004007616174995,-0.0521,-0.009,-102.0,0.045200000000000004,-1.0833271536755,33.34275494500806,-4.762335475973174,-3.6551508131760335,-1.1071846627971405,140.1641744999999
2022-06-17,0,0,1,0,0,0,0,0,129.33586,1.1533141,-0.0525,-0.0123,0.191,157.0,-1.585056533927769,-0.8811762243479238,0.004300000000000005,-0.000700000000000001,-41.0,0.0402,0.11922453726957571,35.635300988401454,-4.98936297262847,-3.921993245066521,-1.0673697275619491,139.86777249999992
2022-06-20,0,0,0,0,1,1,0,0,129.33586,0.0,-0.0002,0.0013,0.8576,72.0,-0.6157959756826736,0.22031637811807345,0.0523,0.013600000000000001,-85.0,0.0015,1.1014926024659972,35.63530098840145,-5.110374681146112,-4.1596695322824395,-0.9507051488636726,139.30003499999992
2022-06-21,0,0,0,0,0,0,0,0,133.57304,3.276074,-0.0011,-0.0015,0.584,133.0,-0.9758936967118864,0.19186655370044065,-0.0009000000000000001,-0.0028,61.0,-0.00039999999999999996,-0.028449824417632802,42.25381051955024,-4.8089378752138146,-4.2895232008687145,-0.5194146743451,139.07933199999994
2022-06-22,0,0,0,0,0,0,0,0,133.06183,-0.3827095,0.0092,0.0017,0.8389,153.0,-0.595503708254397,0.4286978848225697,0.0103,0.0031999999999999997,20.0,-0.0075,0.23683133112212906,41.69672545351228,-4.558747011589219,-4.343367963012815,-0.21537904857640378,138.82520149999993
2022-06-23,0,0,0,0,0,0,0,0,135.93245,2.1573663,0.0012,-0.0009,0.65,195.0,-0.8368559690924052,0.25327726240629284,-0.008,-0.0026,42.0,-0.0021,-0.17542062241627687,46.00194039500053,-4.081781668161511,-4.291050704042554,0.20926903588104295,138.55435899999992
2022-06-24,0,0,0,0,0,0,0,0,139.26517,2.4517298,0.0041,0.0006,0.3882,200.0,-1.1819824588278605,0.31276102537458533,0.0029000000000000007,0.0015,5.0,-0.0035000000000000005,0.0594837629682925,50.565847436443114,-3.395716835924304,-4.111983930418904,0.7162670944945999,138.16210699999993
2022-06-27,0,0,0,0,0,0,0,0,139.26517,0.0,-0.0003,-0.001,0.8292,147.0,-0.5949368486603684,0.22026563118157194,-0.0044,-0.0015999999999999999,-53.0,-0.0007000000000000001,-0.09249539419301339,50.56584743644312,-2.819504026212229,-3.853487949577569,1.0339839233653398,137.76985499999995
2022-06-28,0,0,0,0,0,0,0,0,135.11649,-2.9789627,-0.0008,-0.0035,0.6285,201.0,-0.8826122570548716,0.21869303296568027,-0.0005,-0.0025,54.0,-0.0027,-0.001572598215891674,45.066705560200504,-2.666872975569305,-3.616164954775916,0.949291979206611,137.20948999999996
2022-06-29,0,1,0,0,0,0,0,0,136.87622,1.3023853,-0.0212,-0.0014,1.4243,207.0,0.2389911634586805,-0.21379779436491378,-0.0204,0.0021000000000000003,6.0,0.0198,-0.4324908273305941,47.666495371173944,-2.376521206825487,-3.36823620518583,0.9917149983603433,136.74350349999997
2022-06-30,0,1,0,0,1,0,0,0,134.40866,-1.8027663,0.0013,-0.0042,1.1944,313.0,-0.11121618135901319,0.2653593937606974,0.0225,-0.0027999999999999995,106.0,-0.0055,0.47915718812561114,44.48711012813135,-2.3187971577318933,-3.1583483956950427,0.8395512379631493,136.0312515
2022-07-01,0,0,0,0,0,0,0,0,136.58127,1.6164303,-0.0258,-0.0027,0.941,241.0,-0.5071707390238733,-0.3057231734514497,-0.0271,0.0014999999999999996,-72.0,0.0231,-0.5710825672121471,47.789200905743314,-2.0738331060747157,-2.9414453377709773,0.8676122316962616,135.714202
2022-07-04,0,0,0,0,1,0,0,0,136.58127,0.0,-0.0001,-0.0014,0.2674,82.0,-1.4706493592971572,0.2445263578966571,0.0257,0.0013000000000000002,-159.0,-0.0013,0.5502495313481068,47.78920090574331,-1.8582762780689563,-2.724811525830573,0.8665352477616168,135.3597955
2022-07-05,0,0,0,0,0,0,0,0,139.16682,1.8930435,-0.001,-0.0024,0.3215,96.0,-1.3439422674726573,0.2146187237277362,-0.0009,-0.0009999999999999998,14.0,-0.0013999999999999998,-0.02990763416892092,51.7504231921587,-1.4619610848670845,-2.4722414376378756,1.010280352770791,135.008339
2022-07-06,0,0,0,0,0,0,0,0,140.50383,0.9607196,-0.0044,-0.0041,1.1215,147.0,-0.1984525872012041,0.14621721673817328,-0.0034000000000000002,-0.0017000000000000006,51.0,0.0002999999999999999,-0.0684015069895629,53.7063677016061,-1.0281411348101699,-2.1834213770723343,1.1552802422621644,134.76059800000002
2022-07-07,0,0,0,0,0,0,0,0,143.87587,2.3999453,0.001,-0.0014,0.9014,332.0,-0.5128423935774045,0.2642964304885643,0.0054,0.0027,185.0,-0.0024000000000000002,0.11807921375039104,58.29795760336193,-0.4075423575882269,-1.8282455731755127,1.4207032155872859,134.9429635
2022-07-08,0,0,0,0,0,0,0,0,144.55418,0.47146082,0.0014,-0.0013,0.9014,218.0,-0.5263846802126914,0.2661409415456133,0.00039999999999999996,0.00010000000000000005,-114.0,-0.0027,0.0018445110570489698,59.17513370450712,0.13743631240146215,-1.4351091960601177,1.5725455084615798,135.4300865
2022-07-11,0,0,0,0,0,0,0,0,142.42087,-1.4757872,-0.0058,-0.001,1.1,89.0,-0.2622565673205771,0.11324089573769262,-0.0072,0.0002999999999999999,-129.0,0.0048,-0.15290004580792066,55.23971176984478,0.3926691015682877,-1.0695535365344366,1.4622226381027243,136.0686065
2022-07-12,0,0,0,0,0,0,0,0,143.39413,0.6833792,-0.0072,-0.007,1.5583,298.0,0.39844345603478876,0.08288643925468887,-0.0014000000000000002,-0.006,209.0,0.00019999999999999966,-0.03035445648300375,56.65596521443713,0.6658019238321344,-0.7224824444611224,1.3882843682932569,136.71253299999998
2022-07-13,0,0,0,0,0,0,0,0,143.03041,-0.25366545,-0.0061,-0.0095,1.1188,293.0,-0.2501106167584078,0.11054271898566821,0.0010999999999999994,-0.0024999999999999996,-5.0,-0.0033999999999999994,0.02765627973097934,55.94356954725672,0.8431926885820928,-0.40934741785247936,1.2525401064345723,137.20703199999997
2022-07-14,0,0,0,0,0,0,0,0,145.95999,2.048242,-0.0109,-0.0046,0.7542,199.0,-0.7642431064019911,0.00957832260885371,-0.0048,0.0049,-94.0,0.0063,-0.10096439637681451,60.27617866719941,1.2062637129465088,-0.08622519169268167,1.2924889046391905,138.11196949999996
2022-07-15,0,0,0,0,0,0,0,0,147.6313,1.1450052,0.0041,0.0024,0.2514,176.0,-1.466584481693632,0.3244829563655233,0.015,0.006999999999999999,-23.0,-0.0017000000000000006,0.3149046337566696,62.539519111385836,1.6102983478423027,0.25307951621431524,1.3572188316279874,139.02674149999996
2022-07-18,0,0,0,0,0,0,0,0,144.58365,-2.0643234,-0.0045,-0.0011,1.4312,82.0,0.24910505174558495,0.139661082967813,-0.0086,-0.0034999999999999996,-94.0,0.0033999999999999994,-0.18482187339771033,56.24613406994209,1.665381342728267,0.5355398815171055,1.1298414612111616,139.78913099999994
2022-07-19,0,1,1,0,0,0,0,0,148.44725,2.6721954,-0.2073,-0.0503,1.8965,171.0,0.8963849559900515,-3.6456319971705407,-0.2028,-0.0492,89.0,0.15700000000000003,-3.7852930801383535,61.53119728746012,1.997766237949719,0.8279851528036282,1.1697810851460908,140.53284149999996
2022-07-20,0,0,1,0,0,0,0,0,150.45273,1.350987,-0.0941,-0.0236,1.0597,168.0,-0.3007021472868946,-1.4520762915642051,0.11320000000000001,0.026699999999999998,-3.0,0.07050000000000001,2.1935557056063355,63.96438993191052,2.395396497875936,1.1414674218180898,1.253929076057846,141.40238649999995
2022-07-21,0,1,0,0,0,0,0,0,152.7237,1.5094161,-0.0197,-0.0111,0.7542,176.0,-0.7206772418784202,-0.06767710258882616,0.07440000000000001,0.012499999999999999,8.0,0.008599999999999998,1.384399188975379,66.54491293566377,2.8607922115175484,1.4853323797579816,1.3754598317595668,142.24194899999995
2022-07-22,0,0,0,0,1,0,0,0,151.48502,-0.81107616,0.0027,-0.0014,0.2285,166.0,-1.503780385343387,0.5232320861941077,0.0224,0.0097,-10.0,-0.0041,0.5909091887829339,63.85877179144161,3.0940047824730357,1.8070668603009925,1.2869379221720432,142.85294149999996
2022-07-25,0,0,0,0,0,0,0,0,150.36429,-0.7398248,0.0048,0.0011,1.7611,115.0,0.899461198143088,0.5508457419153469,0.0020999999999999994,0.0025,-51.0,-0.0036999999999999993,0.027613655721239194,61.442159422122714,3.1520589074954444,2.0760652697398827,1.0759936377555617,143.40789749999993
2022-07-26,0,0,0,0,0,0,0,0,149.03711,-0.8826375,-0.0043,0.002,1.2639,219.0,0.12027533563168,0.3023783254960399,-0.0091,0.0009,104.0,0.0063,-0.24846741641930697,58.613394731659426,3.0557501005187646,2.272002235895659,0.7837478646231055,144.10392849999997
2022-07-27,0,0,0,0,0,0,0,0,154.13936,3.4234762,-0.0107,0.002,1.0368,153.0,-0.23908399231450403,0.11033041227756613,-0.0063999999999999994,0.0,-66.0,0.0127,-0.19204791321847375,65.23917483172255,3.352488213565266,2.4880994314295806,0.8643887821356855,144.96708549999997
2022-07-28,0,0,0,0,0,0,0,0,154.68991,0.35717487,-0.0115,-0.0038,2.9111,198.0,2.548756827944825,0.08762038118444249,-0.0008000000000000004,-0.0058,45.0,0.0077,-0.02271003109312364,65.87404043972398,3.5906888638032797,2.7086173179043205,0.8820715458989592,145.98114799999996
2022-07-29,1,1,1,0,0,0,0,0,159.76263,3.2793045,0.1327,0.0759,3.1583,363.0,2.688410418264619,3.758547442218572,0.14420000000000002,0.0797,165.0,-0.05680000000000002,3.6709270610341296,71.10971207678276,4.141055198162917,2.99510489395604,1.145950304206877,147.14021599999995
2022-08-01,0,0,0,0,0,0,0,0,158.77957,-0.61534643,-0.0017,-0.0013,1.4667,80.0,0.30765891305023585,0.26743166709098487,-0.13440000000000002,-0.07719999999999999,-283.0,0.00039999999999999996,-3.491115775127587,68.90347355558023,4.446641640203524,3.2854122432055366,1.161229396997987,148.25013099999995
2022-08-02,0,1,0,0,0,0,0,0,157.30492,-0.92873573,-0.0276,-0.0139,0.6833,189.0,-0.7633607311650067,-0.40214551219434164,-0.0259,-0.0126,109.0,0.0137,-0.6695771792853265,65.61481298400068,4.517751341059238,3.5318800627762768,0.9858712782829615,149.15703599999998
2022-08-03,0,0,0,0,0,0,0,0,163.32146,3.8247705,-0.0287,-0.0058,0.8076,137.0,-0.5678731118335769,-0.41754496327670426,-0.0011000000000000003,0.0081,-52.0,0.0229,-0.015399451082362625,71.57569273892962,5.001931632714758,3.825890376763973,1.1760412559507847,150.29791749999998
2022-08-04,0,1,0,0,1,0,0,0,163.00687,-0.19262433,0.0122,0.0022,0.6389,159.0,-0.7966396044573267,0.624253000606487,0.0409,0.008,22.0,-0.01,1.0417979638831913,70.8837527017532,5.299177597599083,4.120547820930995,1.178629776668088,151.25446749999998
2022-08-05,0,1,0,0,0,0,0,0,162.78046,-0.13870597,-0.0157,-0.0042,0.5403,166.0,-0.9284306778465135,-0.1447909411426665,-0.0279,-0.0063999999999999994,7.0,0.0115,-0.7690439417491535,70.35659194900946,5.453611927948913,4.387160642334579,1.0664512856143338,152.16578149999998
2022-08-08,0,0,0,0,1,0,0,0,162.30789,-0.29029846,0.0004,-0.0007,1.2632,121.0,0.16731423216967384,0.2980435376667303,0.0161,0.0034999999999999996,-45.0,-0.0011,0.4428344788093968,69.19979691841255,5.474760170497092,4.604680547967082,0.8700796225300103,153.16013249999997
2022-08-09,0,0,0,0,0,0,0,0,162.3571,0.030326843,-0.0087,-0.0023,1.4208,232.0,0.41679908232865764,0.04953889151477657,-0.009099999999999999,-0.0015999999999999999,111.0,0.0063999999999999994,-0.24850464615195372,69.25648308226678,5.432864461148853,4.770317330603436,0.6625471305454171,154.10828099999998
2022-08-10,0,0,0,0,0,0,0,0,166.61,2.6194572,-0.0032,-0.0026,0.9549,228.0,-0.2846847582213076,0.20395652669089068,0.0055,-0.0002999999999999999,-4.0,0.0006000000000000003,0.15441763517611412,73.75249986619798,5.677389880193402,4.951731840521429,0.7256580396719734,155.2872605
2022-08-11,0,0,0,0,0,0,0,0,165.87166,-0.44316053,0.0133,-0.0011,1.1667,169.0,0.047818740000664516,0.6333513573518104,0.0165,0.0014999999999999998,-59.0,-0.0144,0.42939483066091966,71.78962783033393,5.745371107305857,5.1104596938783144,0.6349114134275426,156.282844
2022-08-12,0,0,0,0,0,0,0,0,169.42555,2.1425605,-0.0146,-0.0094,0.2993,146.0,-1.2609148221079347,-0.14411599110153983,-0.0279,-0.0083,-23.0,0.0052,-0.7774673484533502,75.2096586295757,6.016659634447478,5.291699681992148,0.7249599524553307,157.3725565
2022-08-15,0,0,0,0,1,0,0,0,170.4986,0.63334703,-0.001,0.0004,1.691,83.0,0.8347513288681605,0.2284993737116811,0.013600000000000001,0.0098,-63.0,0.0014,0.37261536481322094,76.14984316105647,6.246241134237067,5.482607972441132,0.7636331617959353,158.66830399999998
2022-08-16,0,0,0,0,0,0,0,0,170.34106,-0.0923872,0.0144,-0.0052,2.0174,270.0,1.2867772897989413,0.6581396242802071,0.0154,-0.0056,187.0,-0.0196,0.429640250568526,75.6959446343189,6.342363151060965,5.654559008165099,0.6878041428958666,159.7629945
2022-08-17,0,0,0,0,0,0,0,0,171.83748,0.8784652,-0.0025,-0.0024,2.1465,258.0,1.4664097364506328,0.18735823051348424,-0.0169,0.0028,-12.0,0.00010000000000000026,-0.4707813937667229,77.09267169163668,6.4647673163667605,5.816600669805431,0.6481666465613296,160.832232
2022-08-18,0,0,0,0,0,0,0,0,171.44366,-0.22916794,0.0032,-0.0016,1.5639,285.0,0.6142130850467143,0.3382684636428909,0.0057,0.0007999999999999997,27.0,-0.0048000000000000004,0.15091023312940668,75.85712789906923,6.455579613214695,5.944396458487284,0.5111831547274113,161.76823
2022-08-19,0,0,0,0,0,0,0,0,168.85457,-1.510185,-0.0017,-0.0043,1.4271,309.0,0.3930408237530943,0.2025306354404516,-0.0049,-0.0027,24.0,-0.0026,-0.13573782820243932,68.1268130523601,6.168276317432145,5.989172430276256,0.17910388715588876,162.6367075
2022-08-22,0,0,0,0,0,0,0,0,164.96594,-2.3029387,-0.0003,0.0,2.359,139.0,1.7117817740104562,0.2412355474473746,0.0014,0.0043,-170.0,0.0003,0.038704912006923,58.48651064914583,5.562683292902449,5.903874602801495,-0.3411913098990462,163.36678999999998
2022-08-23,0,0,0,0,0,0,0,0,164.63123,-0.20290613,-0.0033,-0.0063,2.3271,356.0,1.601967084623258,0.1589678740883455,-0.003,-0.0063,217.0,-0.003,-0.0822676733590291,57.72928466384393,4.998122908522703,5.722724263945737,-0.7246013554230339,164.14649599999998
2022-08-24,0,0,0,0,0,0,0,0,164.92656,0.17939806,-0.0039,-0.0028,2.1799,246.0,1.3553382156660567,0.13716526540165686,-0.0005999999999999998,0.0035,-110.0,0.0010999999999999998,-0.02180260868668865,58.243000136289616,4.522403941746319,5.482660199505853,-0.9602562577595339,164.68585599999997
2022-08-25,0,0,0,0,0,0,0,0,167.38766,1.4922738,-0.0044,-0.0006,1.2125,349.0,-0.021297775966193058,0.11158942051511142,-0.0005000000000000004,0.0022,103.0,0.0038000000000000004,-0.025575844886545435,62.349400784610445,4.294479350206473,5.245024029645977,-0.9505446794395045,165.32074349999996
2022-08-26,0,0,0,0,0,0,0,0,161.07733,-3.7699223,0.0033,-0.0007,0.2833,219.0,-1.316356897235011,0.3205592877595477,0.0077,-0.00010000000000000005,-130.0,-0.004,0.20896986724443625,49.034419406640275,3.5635778685133346,4.908734797419449,-1.345156928906114,165.38647849999995
2022-08-29,0,0,0,0,0,0,0,0,158.87215,-1.3690174,-0.0069,-0.002,1.0486,118.0,-0.20866840465811903,0.042142927823194676,-0.0102,-0.0013,-101.0,0.0049,-0.278416359936353,45.38676126448501,2.774411888628265,4.481870215661212,-1.7074583270329473,165.39110749999995
2022-08-30,0,0,0,0,0,0,0,0,156.44055,-1.5305519,-0.0133,-0.0028,0.8681,269.0,-0.4499488749121771,-0.12878609757024195,-0.0063999999999999994,-0.0007999999999999999,151.0,0.010499999999999999,-0.17092902539343663,41.70283097801482,1.9305284355715457,3.971601859643279,-2.041073424071733,165.34788899999995
2022-08-31,0,0,0,0,0,0,0,0,154.77676,-1.0634959,-0.0113,-0.0069,0.909,206.0,-0.3789881872409044,-0.06728079548592754,0.002,-0.0040999999999999995,-63.0,0.004399999999999999,0.061505302084314414,39.34934929129075,1.1146418733695782,3.4002098623885386,-2.2855679890189604,164.92065399999996
2022-09-01,0,0,0,0,1,0,0,0,155.5053,0.47068596,-0.0039,-0.0014,1.0542,283.0,-0.1420963133371683,0.1378886632761043,0.0073999999999999995,0.0055,77.0,0.0024999999999999996,0.20516945876203185,40.921571035398955,0.520829189326804,2.8243337277761915,-2.3035045384493875,164.54557549999993
2022-09-02,0,0,0,0,0,0,0,0,153.38867,-1.3611078,0.0065,-0.0034,1.2021,227.0,0.08550187807099953,0.4156974442558926,0.0104,-0.002,-56.0,-0.009899999999999999,0.27780878097978834,37.851570400380105,-0.11919202112639482,2.235628577995674,-2.354820599122069,164.07598599999992
2022-09-05,0,0,0,0,0,0,0,0,153.38867,0.0,0.0,-0.0013,1.5806,177.0,0.6654392318849036,0.2353128303037785,-0.0065,0.0021,-50.0,-0.0013,-0.1803846139521141,37.851570400380105,-0.6192748267962713,1.6646478970372849,-2.283922723833556,163.6300249999999
2022-09-06,0,0,0,0,0,0,0,0,152.12857,-0.82151294,0.0,0.0007,2.9951,271.0,2.6675799220474175,0.2253331236375623,0.0,0.002,94.0,0.0007,-0.009979706666216198,35.9874797372704,-1.1045411295086183,1.110810091728104,-2.2153512212367223,163.1185984999999
2022-09-07,0,0,0,0,0,0,0,0,153.53636,0.92538595,-0.0096,-0.0134,3.841,534.0,3.435130380292281,-0.03842783049824469,-0.0096,-0.0141,263.0,-0.0038000000000000013,-0.263760954135807,39.56816740841851,-1.3598458267389901,0.6166789080346853,-1.9765247347736754,162.4649164999999
2022-09-08,0,0,0,0,1,0,0,1,152.05966,-0.9617865,0.0005,-0.0003,3.5417,2117.0,2.785652243407667,0.2183521665871402,0.0101,0.0131,1583.0,-0.0007999999999999999,0.2567799970853849,37.21649885735595,-1.6621734860876813,0.16090842921021198,-1.8230819152978932,161.77431649999988
2022-09-09,0,0,0,0,0,0,0,0,154.92445,1.8839717,-0.0009,-0.0015,2.1375,673.0,1.034871585729754,0.15692152118480235,-0.0014,-0.0012000000000000001,-1444.0,-0.0006000000000000001,-0.06143064540233786,44.15122090809607,-1.6515674814624504,-0.2015867529243205,-1.4499807285381299,161.0492614999999
2022-09-12,0,0,0,0,0,0,0,0,160.89027,3.8507938,-0.0002,-0.0021,1.7854,191.0,0.5825930503004046,0.17689940505798118,0.0007,-0.0005999999999999998,-482.0,-0.0018999999999999998,0.019977883873178837,55.239015984379655,-1.1485307828932605,-0.39097555891810853,-0.757555223975152,160.5688449999999
2022-09-13,0,0,0,0,0,0,0,0,151.44931,-5.8679523,0.0032,0.0044,1.8278,473.0,0.6114944719910804,0.27176992513275955,0.0034000000000000002,0.006500000000000001,282.0,0.0012000000000000001,0.09487052007477836,41.274064265327084,-1.4944500557191702,-0.6116704582783209,-0.8827795974408493,159.62425749999989
2022-09-14,0,0,0,0,0,0,0,0,152.89645,0.955534,-0.0077,-0.0047,1.4667,317.0,0.15349895922559148,-0.031194812941394194,-0.0109,-0.0091,-156.0,0.003,-0.30296473807415375,43.62665500793902,-1.6329972916286977,-0.8159358249483963,-0.8170614666803013,158.6772059999999
2022-09-15,0,0,0,0,1,0,0,0,150.00214,-1.8929899,0.002,-0.0033,1.3951,318.0,0.04983660353949194,0.24558327308942982,0.0097,0.0014000000000000002,1.0,-0.0053,0.276778086030824,40.16133196301608,-1.9538211682913982,-1.0435128936169966,-0.9103082746744016,157.6051299999999
2022-09-16,0,0,0,0,0,0,0,0,148.35811,-1.0960162,-0.0053,-0.0017,1.3958,305.0,0.030172420834998305,0.041510996241390506,-0.0073,0.0016,-13.0,0.0036,-0.2040722768480393,38.30034278144597,-2.314060830425518,-1.297622480978701,-1.0164383494468172,156.5803069999999
2022-09-19,0,0,0,0,0,0,0,0,152.07933,2.5082946,-0.0007,-0.0011,0.6951,128.0,-0.8489359732115432,0.17324650280429052,0.0046,0.0005999999999999998,-177.0,-0.0004000000000000001,0.1317355065629,44.5621852159359,-2.2730793596710726,-1.4927138567171752,-0.7803655029538974,155.9359764999999
2022-09-20,0,0,0,0,0,0,0,0,154.46175,1.5665412,0.0025,0.0056,1.4236,334.0,0.05161594954169114,0.26309096231030543,0.0032,0.0067,206.0,0.0031,0.08984445950601491,48.18770185951034,-2.025016733186277,-1.5991744320109955,-0.42584230117528143,155.4275024999999
2022-09-21,0,0,0,0,0,0,0,0,151.33116,-2.0267665,0.0027,0.003,0.3549,297.0,-1.2632382442103194,0.2576556126712252,0.0002000000000000001,-0.0026,-37.0,0.0002999999999999999,-0.005435349639080211,44.10589036467009,-2.057322233995194,-1.6908039924078353,-0.3665182415873587,154.74773249999993
2022-09-22,0,0,0,0,0,0,0,0,150.3664,-0.63751936,-0.0118,-0.0016,0.3319,209.0,-1.2570478126159896,-0.1510106138753401,-0.014499999999999999,-0.0046,-88.0,0.010199999999999999,-0.4086662265465653,42.89988122783125,-2.1361484556090886,-1.779872885048086,-0.35627557056100256,153.89666949999992
2022-09-23,0,0,0,0,1,0,0,0,148.09229,-1.5123844,-0.0053,-0.0025,0.5264,295.0,-1.001981705874565,0.025298334764665757,0.0065,-0.0009,86.0,0.0028,0.17630894864000585,40.11541379170575,-2.3549738035332552,-1.89489306874512,-0.46008073478813527,153.24741749999993
2022-09-26,0,0,0,0,0,0,0,0,148.427,0.22602081,-0.0003,-0.0013,1.3465,310.0,-0.019007868785080595,0.1688656177815106,0.005,0.0012000000000000001,15.0,-0.001,0.14356728301684485,40.72522843070379,-2.4728803433196447,-2.010490523660025,-0.46238981965961967,152.7251599999999
2022-09-27,0,0,0,0,0,0,0,0,149.40163,0.6566286,0.0013,0.0014,0.7181,298.0,-0.816592366394498,0.21363315672962915,0.0015999999999999999,0.0027,-12.0,0.00010000000000000005,0.04476753894811855,42.55947192495517,-2.4593280272739833,-2.100258024382817,-0.3590700028911664,152.3732139999999
2022-09-28,0,0,0,0,0,0,0,0,147.51144,-1.2651563,-0.03,-0.0232,2.0146,293.0,0.7891850844745659,-0.669487593389325,-0.0313,-0.024599999999999997,-5.0,0.0068000000000000005,-0.8831207501189541,39.975815281076486,-2.5714679730812406,-2.1945000141225015,-0.37696795895873914,152.0099479999999
2022-09-29,0,0,1,1,0,0,0,0,140.26582,-4.9119053,-0.1893,-0.0309,1.5111,224.0,0.14752744755424546,-4.256879009004794,-0.1593,-0.007700000000000002,-69.0,0.15839999999999999,-3.587391415615469,31.96512782146489,-3.2080206032939884,-2.3972041319567987,-0.8108164713371897,151.2479739999999
2022-09-30,0,1,1,1,0,0,0,0,136.05234,-3.003931,-0.1571,-0.052,0.5806,234.0,-1.0067814777135802,-3.129734299615616,0.032200000000000006,-0.021099999999999997,10.0,0.1051,1.127144709389178,28.40097895744236,-4.006303597297773,-2.7190240250249937,-1.2872795722727792,150.38115749999992
2022-10-03,0,0,0,0,1,1,0,0,140.2363,3.075254,-0.0017,-0.0017,0.0986,101.0,-1.5552353910125103,0.22957990791774774,0.15539999999999998,0.0503,-133.0,0.0,3.3593142075333637,36.02871623369527,-4.252319919126393,-3.0256832038452735,-1.2266367152811193,149.72353899999993
2022-10-04,0,0,0,0,0,0,0,0,143.82962,2.5623083,-0.0063,-0.0106,0.7722,284.0,-0.7133219166586044,0.12979344508552257,-0.0046,-0.0089,183.0,-0.0043,-0.09978646283222517,41.7666252204191,-4.109961653674446,-3.242538893811108,-0.8674227598633384,149.30859149999995
2022-10-05,0,0,0,0,0,0,0,0,144.1249,0.20532608,0.0027,-0.0013,0.4563,255.0,-1.0743077394616418,0.3209689944048864,0.009000000000000001,0.0093,-29.0,-0.004,0.19117554931936384,42.225220632593214,-3.9280351305576744,-3.379638141160421,-0.5483969893972533,148.83801849999992
2022-10-06,0,0,0,0,0,0,0,0,143.17,-0.6625712,-0.0021,-0.0008,0.2646,207.0,-1.282780544789483,0.2140161833031685,-0.0048000000000000004,0.0004999999999999999,-48.0,0.0013,-0.10695281110171792,41.09805545152811,-3.8169105311863234,-3.4670926191656015,-0.3498179120207219,148.39353549999993
2022-10-07,0,1,0,1,0,0,0,0,137.91298,-3.6718667,-0.038,-0.0206,0.1903,238.0,-1.3680129757946835,-0.5452942307078187,-0.0359,-0.0198,31.0,0.0174,-0.7593104140109872,35.48246039410236,-4.105712961522897,-3.594816687637061,-0.5108962738858365,147.54296199999993
2022-10-10,0,0,0,0,1,0,0,0,138.23784,0.23556948,-0.0012,-0.0036,0.8028,164.0,-0.6234659803789996,0.24697780641700656,0.0368,0.017,-74.0,-0.0024000000000000002,0.7922720371248253,36.063843395179006,-4.259279162367534,-3.7277091825831556,-0.5315699797843783,146.41034049999993
2022-10-11,0,0,0,0,0,0,0,0,136.82022,-1.0254979,-0.0021,-0.0057,0.8993,326.0,-0.4899975487685535,0.18428930798122456,-0.0009,-0.0021000000000000003,162.0,-0.0036000000000000003,-0.062688498435782,34.598659682334386,-4.444142263743032,-3.870995798815131,-0.573146464927901,145.67888599999995
2022-10-12,0,0,0,0,0,0,0,0,136.19017,-0.46049953,-0.0033,-0.0038,0.3938,332.0,-1.068616138266645,0.11925129795281739,-0.0012000000000000001,0.0019000000000000002,6.0,-0.0005,-0.06503801002840717,33.938703369439885,-4.588592929906241,-4.014515225033353,-0.574077704872888,144.84357199999994
2022-10-13,0,0,0,0,0,0,0,0,140.76793,3.3612847,-0.0034,0.0006,0.4361,292.0,-1.007186322635707,0.10931832893558732,-9.999999999999983e-05,0.0044,-40.0,0.004,-0.009932969017230064,42.5179791406929,-4.284297435533773,-4.068471667133437,-0.21582576840033596,144.38186149999993
2022-10-14,0,0,0,0,0,0,0,0,136.22957,-3.2240033,-0.0232,-0.0199,0.1104,201.0,-1.3827203462970399,-0.41291951962836715,-0.019799999999999998,-0.0205,-91.0,0.0032999999999999974,-0.5222378485639545,37.34054280473093,-4.359099798227305,-4.12659729335221,-0.23250250487509483,143.7754344999999
2022-10-17,0,0,0,0,1,0,0,0,140.19696,2.912271,-0.0003,-0.0027,0.6264,149.0,-0.7553088794561165,0.20686163278349368,0.022899999999999997,0.0172,-52.0,-0.0024000000000000002,0.6197811524118608,43.784982151299985,-4.051542335400569,-4.111586301761882,0.06004396636131304,143.18131599999992
2022-10-18,0,0,0,0,0,0,0,0,141.5161,0.94094276,0.0041,0.0014,2.1306,310.0,0.9749514461294057,0.321520097726653,0.0044,0.0041,161.0,-0.0027,0.11465846494315934,45.781692847305415,-3.6591765473123985,-4.021104350871985,0.36192780355958654,142.5340334999999
2022-10-19,0,0,0,0,0,0,0,0,141.6244,0.07652044,0.0007,-0.0122,1.6278,686.0,0.3814764383829111,0.22466790314712967,-0.0034000000000000002,-0.013600000000000001,376.0,-0.0129,-0.09685219457952335,45.95142701453102,-3.3014281202084135,-3.877169104739271,0.5757409845308574,142.04869549999992
2022-10-20,0,0,0,0,0,0,0,0,141.16171,-0.32670498,0.0021,-0.0038,0.4681,225.0,-0.9343810421774085,0.25616110452919205,0.0013999999999999998,0.008400000000000001,-461.0,-0.0059,0.03149320138206238,45.2989609908904,-3.020427522104626,-3.7058207882123417,0.6853932661077158,141.5884609999999
2022-10-21,0,0,0,0,0,0,0,0,144.98143,2.7059078,-0.0069,-0.0058,0.1813,227.0,-1.2546364276796784,0.08799098410774948,-0.009,-0.0019999999999999996,2.0,0.0011000000000000003,-0.16817012042144258,51.430238433554734,-2.4611425233383386,-3.456885135237541,0.9957426118992023,141.43291799999992
2022-10-24,0,0,0,0,0,0,0,0,147.1275,1.4802694,-0.0001,0.002,1.7701,143.0,0.6792288316565934,0.2979021328806485,0.0068,0.0078,-84.0,0.0021,0.20991114877289901,54.514993541539326,-1.823712595264027,-3.1302506272428383,1.3065380319788114,141.3679429999999
2022-10-25,0,0,0,0,0,0,0,0,149.97261,1.9337535,0.0032,0.0044,1.8667,501.0,0.7717066287914981,0.3848016015535366,0.0033,0.0024000000000000002,358.0,0.0012000000000000001,0.08689946867288811,58.29651789081191,-1.0765582915560685,-2.7195121601054844,1.6429538685494158,141.3964919999999
2022-10-26,0,0,0,0,0,0,0,0,147.02908,-1.9627094,-0.0038,-0.0029,1.6167,425.0,0.4513719985098469,0.155123979042591,-0.007,-0.0073,-76.0,0.0009000000000000002,-0.2296776225109456,53.35429722916929,-0.7137240274936403,-2.3183545335831157,1.6046305060894754,141.37237399999987
2022-10-27,0,0,0,0,0,0,0,0,142.54979,-3.0465364,-0.0029,-0.0028,2.2403,383.0,1.16957838102536,0.19161912782885004,0.0009000000000000002,9.999999999999983e-05,-42.0,9.999999999999983e-05,0.036495148786259035,46.84586775797104,-0.7786408402368465,-2.010411794913862,1.2317709546770153,141.48657249999988
2022-10-28,0,0,1,0,0,0,1,0,153.31978,7.5552464,-0.1013,0.1419,2.491,335.0,1.4178425464889672,-2.659632729501836,-0.0984,0.1447,-48.0,0.2432,-2.851251857330686,59.605090997327416,0.03851631035169589,-1.6006261738607503,1.6391424842124462,142.34994449999985
2022-10-31,0,0,1,0,1,0,0,0,150.95706,-1.5410364,-0.0054,-0.0419,1.4424,170.0,0.16052412533167884,0.15113159569378337,0.0959,-0.1838,-165.0,-0.0365,2.8107643251956196,56.4062261694935,0.4898211285010916,-1.182536713388382,1.6723578418894736,142.88598249999987
2022-11-01,0,1,0,0,0,0,0,0,148.30885,-1.754272,-0.0344,-0.0185,0.6014,225.0,-0.8237265671274536,-0.6832285070117241,-0.028999999999999998,0.0234,55.0,0.0159,-0.8343601027055074,52.9745621864557,0.6265722979514692,-0.8207149111204117,1.447287209071881,143.10994399999987
2022-11-02,0,0,0,1,0,0,0,0,142.77621,-3.7304997,-0.0231,-0.0215,0.8014,192.0,-0.5820898156864293,-0.34360576745069116,0.011300000000000001,-0.002999999999999999,-33.0,0.0016000000000000007,0.33962273956103295,46.59641042576567,0.2852229030997364,-0.5995273482763821,0.8847502513761185,143.04250949999988
2022-11-03,0,1,0,1,0,0,0,0,136.72177,-4.2404947,-0.0208,-0.0464,0.6049,220.0,-0.7998772650411794,-0.26096175309860054,0.0023,-0.0249,28.0,-0.025599999999999998,0.08264401435209062,40.806368945689684,-0.46844175558013035,-0.5733102297371317,0.1048684741570014,142.72009799999987
2022-11-04,0,1,1,1,0,0,0,0,136.45557,-0.19441247,-0.0325,0.0104,0.5153,225.0,-0.9139885660771219,-0.5930031159527936,-0.011700000000000002,0.056799999999999996,5.0,0.0429,-0.3320413628541931,40.56768227643783,-1.0748167245676825,-0.6736115287032419,-0.4012051958644406,142.64722749999987
2022-11-07,0,1,1,0,1,0,0,1,136.98802,0.3902197,-0.0073,-0.0598,2.5167,326.0,1.420302534817346,0.14576743131108555,0.0252,-0.0702,101.0,-0.0525,0.7387705472638793,41.30718640837837,-1.4951735609588752,-0.8379239351543686,-0.6572496258045066,142.58473649999988
2022-11-08,0,0,0,0,0,0,0,0,137.55998,0.4175067,-0.0238,-0.0113,0.5556,275.0,-0.840298070364589,-0.3190278366459401,-0.0165,0.0485,-51.0,0.012500000000000002,-0.46479526795702564,42.140037945933834,-1.7618475090037293,-1.0227086499242408,-0.7391388590794885,142.62172449999986
2022-11-09,0,0,0,0,1,0,0,0,132.99434,-3.3190012,-0.0114,-0.0082,0.9146,216.0,-0.40034446167867827,0.0491838140668222,0.012400000000000001,0.0030999999999999986,-59.0,0.0031999999999999997,0.3682116507127623,37.558497137339494,-2.3149126533807305,-1.2811494506155388,-1.0337632027651917,142.46193299999987
2022-11-10,0,0,0,0,0,0,0,0,144.82745,8.897459,-0.019,-0.0138,1.3076,344.0,0.06696039523450265,-0.1633984668264349,-0.007599999999999999,-0.005599999999999999,128.0,0.0052,-0.21258228089325712,52.09549982519264,-1.7778932348341243,-1.3804982074592558,-0.39739502737486854,142.6649089999999
2022-11-11,0,0,0,0,1,0,0,0,147.61812,1.9268751,0.0151,0.0097,0.4208,306.0,-0.9502792748073451,0.8273379011398824,0.0341,0.0235,-38.0,-0.0054,0.9907363679663173,54.76988223633978,-1.1142730837240151,-1.3272531827122076,0.21298009898819248,143.2343364999999
2022-11-14,0,0,0,0,0,0,0,0,146.21788,-0.94856024,-0.0111,-0.0036,0.4653,93.0,-0.8688102423979224,0.06579084629671964,-0.0262,-0.0133,-213.0,0.007500000000000001,-0.7615470548431628,53.166045229997636,-0.6933445541223762,-1.2004714569942414,0.5071269028718652,143.5353824999999
2022-11-15,0,1,0,0,0,0,0,0,147.95337,1.186943,-0.0346,-0.0052,1.2597,283.0,0.08987972869172049,-0.6061266592863523,-0.0235,-0.0015999999999999999,190.0,0.0294,-0.671917505583072,54.9277455118629,-0.21721223544162171,-1.0038196126837176,0.7866073772420958,143.85724599999995
2022-11-16,0,1,0,0,1,0,0,0,146.72073,-0.833112,0.0013,-0.0004,0.8368,396.0,-0.39381397805225854,0.4404395438527779,0.0359,0.0048,113.0,-0.0017,1.0465662031391303,53.39156357014071,0.05997100267509836,-0.7910614896119543,0.8510324922870527,144.11206249999992
2022-11-17,0,0,0,0,0,0,0,0,148.62395,1.2971401,-0.0033,-0.0004,0.1181,304.0,-1.2253591767254417,0.3055043002212357,-0.0046,0.0,-92.0,0.0029,-0.1349352436315422,55.462715851680976,0.4282777447588444,-0.5471936427377946,0.975471387496639,144.48517449999994
2022-11-18,0,0,0,0,0,0,0,0,149.186,0.37817955,0.0038,-0.0035,0.0486,181.0,-1.2965384507780808,0.5125328841886266,0.0071,-0.0031,-123.0,-0.0073,0.20702858396739093,56.08336645509267,0.7567923974482937,-0.2863964347005769,1.0431888321488707,144.69540299999997
2022-11-21,0,0,0,0,0,0,0,0,145.95163,-2.1680236,0.0,-0.0002,0.1021,146.0,-1.19922567571131,0.3978141490888761,-0.0038,0.0033,-35.0,-0.0002,-0.11471873509975056,51.62493210360556,0.747538835909296,-0.07960938057860228,0.8271482164878983,144.63660949999996
2022-11-22,0,1,1,0,0,0,0,0,148.09143,1.4661193,-0.0058,-0.1744,0.3569,242.0,-0.8849614545439468,0.2248909654822243,-0.0058,-0.1742,96.0,-0.1686,-0.1729231836066518,54.21798497284344,0.902466229735893,0.11680574148429676,0.7856604882515962,144.54255049999998
2022-11-23,0,1,1,0,0,0,0,0,148.96907,0.59263706,-0.0047,-0.3241,1.3208,372.0,0.23109795831471,0.2536239261067106,0.0010999999999999994,-0.1497,130.0,-0.3194,0.028732960624486298,55.276872563223925,1.0835747436486258,0.31015954191716255,0.7734152017314633,144.63954999999999
2022-11-24,0,1,0,0,0,0,0,0,148.96907,0.0,0.003,-0.0157,0.7257,378.0,-0.4557295078309745,0.47405174767859304,0.0077,0.3084,6.0,-0.018699999999999998,0.22042782157188245,55.276872563223925,1.213120448353493,0.4907517232044286,0.7223687251490644,144.960514
2022-11-25,0,0,0,0,0,0,0,0,146.0502,-1.9593596,-0.0067,-0.0057,1.0271,267.0,-0.10145149626289293,0.19864934893546007,-0.0097,0.009999999999999998,-111.0,0.001,-0.275402398743133,50.74942152685226,1.0679473059045392,0.6061908397444508,0.4617564661600885,144.597035
2022-11-28,0,0,0,1,0,0,0,0,142.21434,-2.626425,-0.0691,-0.0541,2.3424,195.0,1.3946252595743467,-1.5569637373012473,-0.0624,-0.0484,-72.0,0.014999999999999993,-1.7556130862367074,45.47781956141158,0.6360427948017673,0.6121612307559141,0.023881564045853176,144.159899
2022-11-29,0,1,1,1,0,0,0,0,139.20674,-2.1148264,-0.0732,-0.0163,2.7076,677.0,1.8396501576248876,-1.604958358264487,-0.004100000000000006,0.0378,482.0,0.056900000000000006,-0.04799462096323981,41.810576603098866,0.05048521151837804,0.4998260269084069,-0.44934081539002885,143.7047935
2022-11-30,0,0,1,0,0,0,0,0,145.97131,4.859388,-0.0655,-0.022,1.6819,470.0,0.7557075543071368,-1.3422939747174736,0.0076999999999999985,-0.0057,-207.0,0.043500000000000004,0.2626643835470135,51.318923628749715,0.13076351280327003,0.4260135240873795,-0.2952500112841095,143.8645485
2022-12-01,0,1,0,0,1,1,0,1,146.24744,0.18914938,-0.0069,-0.0082,2.0181,602.0,1.3109088731804108,0.2770173282509405,0.0586,0.013799999999999998,132.0,-0.0013000000000000008,1.619311302968414,51.66611645441872,0.21419689970392142,0.3836501992106879,-0.16945329950676646,144.340832
2022-12-02,0,0,0,0,0,0,0,0,145.75441,-0.33712983,-0.0052,-0.0064,0.3708,365.0,-0.9152435256501396,0.32617666952252106,0.0017000000000000001,0.0018000000000000004,-237.0,-0.0012000000000000005,0.04915934127158056,50.96716742759272,0.23779391907388003,0.3544789431833263,-0.11668502410944626,144.80577399999999
2022-12-05,0,0,0,0,0,0,0,0,144.59085,-0.7983148,-0.0009,-0.0044,1.0785,205.0,0.08246442806079465,0.44535924811483485,0.0043,0.002,-160.0,-0.0035000000000000005,0.11918257859231379,49.27302834551796,0.16075210896121916,0.31573357633890486,-0.1549814673776857,145.1859155
2022-12-06,0,1,0,1,0,0,0,0,140.92256,-2.5370002,-0.0401,-0.0286,1.9785,312.0,1.3319827673857962,-0.6174499056576536,-0.0392,-0.0242,107.0,0.011499999999999996,-1.0628091537724884,44.27626166162516,-0.19406733894999206,0.2137733932811255,-0.40784073223111755,145.3540445
2022-12-07,0,0,0,1,0,0,0,0,138.97993,-1.3784885,-0.0265,-0.0195,2.2549,568.0,1.6631331601655368,-0.2332917434430543,0.013599999999999998,0.0091,256.0,0.006999999999999999,0.38415816221459925,41.85554515430601,-0.6248158256160252,0.04605554950169535,-0.6708713751177205,145.65332399999997
2022-12-08,0,0,1,0,0,0,0,0,140.66615,1.2132764,-0.0213,-0.0787,1.1243,425.0,0.12790346611856157,-0.07915067890409089,0.0052,-0.0592,-143.0,-0.05740000000000001,0.15414106453896342,44.68265784356638,-0.8206631490652967,-0.12728819021170307,-0.6933749588535936,145.445259
2022-12-09,0,0,0,0,1,0,0,0,140.18301,-0.34348965,0.0054,-0.0084,0.4354,325.0,-0.7888399657617954,0.653595586466403,0.0267,0.0703,-100.0,-0.0138,0.7327462653704939,44.02219265916108,-1.003293580268405,-0.30248926822304345,-0.7008043120453616,145.0735035
2022-12-12,0,0,0,0,0,0,0,0,142.48056,1.6389966,-0.0006,-0.0053,0.4014,173.0,-0.8249486268354593,0.48781481197416915,-0.006,0.0030999999999999995,-152.0,-0.0047,-0.16578077449223388,47.96143671741218,-0.9516662134871581,-0.4323246572758664,-0.5193415562112917,144.88663749999998
2022-12-13,0,0,0,0,0,0,0,0,143.44696,0.67824125,0.0039,-0.0084,0.9729,326.0,-0.03992855321910389,0.611222956238069,0.0045,-0.0030999999999999995,153.0,-0.012299999999999998,0.12340814426389984,49.56901126567806,-0.8232804849435809,-0.5105158228094093,-0.31276466213417153,144.66131699999997
2022-12-14,0,0,0,0,0,0,0,0,141.21841,-1.5535831,0.001,-0.0014,0.7639,525.0,-0.33528797394623533,0.5321733907810163,-0.0029,0.006999999999999999,199.0,-0.0024000000000000002,-0.07904956545705266,46.03714423906208,-0.8910873302733364,-0.5866301243021947,-0.3044572059711417,144.38620099999997
2022-12-15,0,0,0,0,0,0,0,0,134.60167,-4.6854315,-0.0089,-0.005,0.2028,320.0,-1.0963316318223466,0.25730979089684264,-0.009899999999999999,-0.0036,-205.0,0.0039,-0.2748635998841737,37.494889208350926,-1.4618886212835775,-0.7616818236984713,-0.7002067975851063,143.68508699999995
2022-12-16,0,0,0,0,0,0,0,0,132.63936,-1.4578819,-0.0151,-0.0178,0.0,261.0,-1.3444770607146344,0.09071070161773455,-0.006200000000000001,-0.012799999999999999,-59.0,-0.0026999999999999993,-0.1665990892791081,35.397199298260816,-2.048975460436509,-1.0191405510460787,-1.0298349093904302,142.85775499999994
2022-12-19,0,0,0,0,0,0,0,0,130.52914,-1.5909612,-0.0007,-0.0012,0.0319,124.0,-1.2569452590739194,0.4889801319501493,0.014400000000000001,0.0166,-137.0,-0.0004999999999999999,0.39826943033241474,33.243333769261106,-2.653930272189541,-1.3460984952747712,-1.3078317769147698,142.08663049999996
2022-12-20,0,1,0,1,0,0,0,0,130.46011,-0.05287528,-0.0442,-0.0511,0.2646,169.0,-0.9310767588267731,-0.6914874748883945,-0.043500000000000004,-0.0499,45.0,-0.006899999999999996,-1.1804676068385438,33.172225662183116,-3.1031601643357476,-1.6975108290869665,-1.405649335248781,141.20506449999996
2022-12-21,0,1,0,0,1,0,0,0,133.56627,2.3809433,-0.0161,-0.0094,0.159,254.0,-1.0374732760273429,0.07775184405489956,0.028100000000000003,0.0417,85.0,0.006699999999999999,0.769239318943294,39.44860695618014,-3.171972414144477,-1.9924031460984686,-1.1795692680460086,140.43492449999994
2022-12-22,0,0,0,0,0,0,0,0,130.39108,-2.3772597,0.0076,-0.0021,0.05,191.0,-1.1429793740153305,0.8114870084918606,0.0237,0.007300000000000001,-63.0,-0.0097,0.7337351644369611,35.752154542548055,-3.443028821668179,-2.282528281212411,-1.160500540455768,139.50602499999994
2022-12-23,0,1,0,0,0,0,0,0,130.02621,-0.279814,-0.0285,-0.022,0.0444,203.0,-1.127898640252513,-0.686079915078918,-0.0361,-0.019899999999999998,12.0,0.006500000000000002,-1.4975669235707785,35.34232646932602,-3.645264595976869,-2.5550755441653026,-1.0901890518115662,138.7048254999999
2022-12-26,0,0,0,0,1,0,0,0,130.02621,0.0,-0.0023,-0.0062,0.2389,103.0,-0.8785502161235779,0.5120567895563359,0.0262,0.015799999999999998,-100.0,-0.0039,1.198136704635254,35.34232646932602,-3.7621699508229653,-2.796494425496835,-0.9656755253261302,138.09541899999994
2022-12-27,0,1,1,0,0,0,0,0,128.22165,-1.3878345,-0.1876,-0.0284,0.9736,167.0,0.08345118333738911,-5.4593618861485345,-0.1853,-0.0222,64.0,0.15919999999999998,-5.971418675704871,33.161900085965904,-3.954842237943751,-3.0281639879862183,-0.9266782499575328,137.54616449999992
2022-12-28,0,1,1,1,0,0,0,0,124.28716,-3.0685186,-0.1129,-0.0668,1.1181,197.0,0.2596986017659662,-2.810528854356795,0.07469999999999999,-0.0384,30.0,0.0461,2.6488330317917397,28.96590307721859,-4.374589331979166,-3.297449056784808,-1.0771402751943584,136.46195699999993
2022-12-29,0,0,1,0,0,0,0,0,127.8075,2.8324366,-0.1337,-0.0275,0.8417,151.0,-0.11829432935292276,-3.0826571237490312,-0.020800000000000013,0.0393,-46.0,0.10620000000000002,-0.27212826939223644,36.685265023823796,-4.372773302155309,-3.512513905858908,-0.8602593962964011,135.5399599999999
2022-12-30,0,1,1,0,1,1,0,0,128.12306,0.24689436,0.0267,-0.0078,0.2438,175.0,-0.9141650919987685,1.24681441568027,0.16040000000000001,0.019700000000000002,24.0,-0.0345,4.329471539429301,37.34257332360239,-4.296345434889815,-3.6692802116650896,-0.6270652232247258,134.6583924999999
2023-01-02,0,0,0,0,0,0,0,0,128.12306,0.0,-0.0001,-0.0171,0.1132,103.0,-1.0622348957598773,0.5239160384104546,-0.0268,-0.009300000000000001,-72.0,-0.017,-0.7228983772698154,37.342573323602394,-4.187504850167414,-3.7729251393655545,-0.41457971080185985,133.8350029999999
2023-01-03,0,0,0,0,0,0,0,0,123.33065,-3.7404716,-0.0025,-0.0031,2.4076,175.0,1.8660384628204238,0.4594703076537592,-0.0024000000000000002,0.014,72.0,-0.0005999999999999998,-0.06444573075669546,31.569878282007878,-4.4368105476052335,-3.9057022210134904,-0.5311083265917431,132.9554074999999
2023-01-04,0,1,1,0,0,0,0,0,124.60271,1.0314226,-0.4186,-0.1437,2.6146,253.0,2.017222067946526,-6.182282392707908,-0.4161,-0.1406,78.0,0.27490000000000003,-6.641752700361667,34.4657608626184,-4.480098708872987,-4.02058151858539,-0.4595171902875972,132.2365464999999
2023-01-05,0,0,1,1,0,0,0,0,123.281334,-1.060468,-0.0722,-0.018,1.0403,212.0,0.05938259628858026,-0.7006692685066057,0.34640000000000004,0.1257,-41.0,0.0542,5.481613124201302,32.9078704095882,-4.568367590676786,-4.130138733003669,-0.43822885767311703,131.3673056999999
2023-01-06,0,0,0,0,1,1,0,0,127.81736,3.6794066,-0.0244,-0.0031,0.1569,207.0,-1.038708191737106,0.05092445303270916,0.047799999999999995,0.014899999999999998,-5.0,0.021300000000000003,0.7515937215393149,42.513933649742704,-4.223614724959802,-4.148833931394895,-0.07478079356490674,130.74902319999987
2023-01-09,0,0,0,0,0,0,0,0,128.33998,0.40888786,-0.0024,0.0195,1.4854,142.0,0.5927797566019826,0.39734981075683257,0.022000000000000002,0.0226,-65.0,0.0219,0.3464253577241234,43.517356649138804,-3.8636863575181764,-4.091804416619551,0.22811805910137473,130.0419941999999
2023-01-10,0,0,0,0,0,0,0,0,128.91193,0.4456401,0.0113,0.005,1.6771,325.0,0.8490396555369051,0.6101922264686941,0.013699999999999999,-0.014499999999999999,183.0,-0.006299999999999999,0.21284241571186152,44.655899844778304,-3.4920349430551596,-3.971850521906673,0.47981557885151327,129.3152426999999
2023-01-11,0,1,0,0,0,0,0,0,131.63354,2.1112323,-0.0047,-0.0174,1.9563,369.0,1.184104971637772,0.36054454168033107,-0.016,-0.0224,44.0,-0.0127,-0.24964768478836302,49.83752471704218,-2.9439512998940245,-3.766270677504143,0.8223193776101185,128.8359991999999
2023-01-12,0,0,0,0,0,0,0,0,131.55467,-0.05993247,0.0088,-0.0031,1.8035,359.0,0.9620877530217034,0.5703929548493413,0.013500000000000002,0.014299999999999998,-10.0,-0.0119,0.2098484131690102,49.69232872785255,-2.4872833595268276,-3.51047321390868,1.0231898543818523,128.6836491999999
2023-01-13,0,0,1,0,0,0,0,0,132.88588,1.011908,-0.0182,-0.1233,1.625,312.0,0.7145675348966736,0.14958608240791582,-0.027000000000000003,-0.1202,-47.0,-0.1051,-0.42080687244142545,52.22245059389407,-1.9949565873357074,-3.2073698885940853,1.212413301258378,128.69597519999988
2023-01-16,0,0,0,0,0,0,0,0,132.88588,0.0,-0.0005,-0.0101,0.3958,114.0,-0.790363227483791,0.4277787466533646,0.0177,0.11320000000000001,-198.0,-0.0096,0.2781926642454488,52.222450593894074,-1.5864959357633381,-2.8831950980279357,1.2966991622645976,128.81381219999986
2023-01-17,0,0,0,0,0,0,0,0,134.04947,0.8756399,-0.0006,-0.0047,1.9833,211.0,1.1859081175613093,0.42740018029896304,-9.999999999999994e-05,0.005399999999999999,97.0,-0.0041,-0.00037856635440158826,54.54015451939933,-1.1555751866879689,-2.5376711157599425,1.3820959290719737,128.99328019999987
2023-01-18,0,0,0,0,0,0,0,0,133.32962,-0.5369961,0.0022,-0.0026,2.0326,664.0,1.2280975926955406,0.469521226380219,0.0028,0.0021000000000000003,453.0,-0.0048000000000000004,0.04212104608125594,52.83264493036442,-0.8622141988176679,-2.2025797323714875,1.3403655335538196,128.98144769999988
2023-01-19,0,0,0,0,0,0,0,0,133.3888,0.044369698,-0.0089,-0.0065,0.8875,432.0,-0.16066903268226376,0.2969022619342374,-0.0111,-0.0039,-232.0,0.0024000000000000002,-0.17261896444598157,52.96302278394002,-0.6178262544883069,-1.8856290367948514,1.2678027823065445,129.13133369999989
2023-01-20,0,0,0,0,0,0,0,0,135.95264,1.922071,-0.0027,-0.0225,0.1083,258.0,-1.1130329794135587,0.3723824657304837,0.0062,-0.016,-174.0,-0.019799999999999998,0.07548020379624631,58.33609762300623,-0.21479061429306512,-1.5514613522944942,1.336670738001429,129.4276551999999
2023-01-23,0,0,0,0,0,0,0,0,139.14758,2.3500443,-0.0004,0.0047,1.2528,171.0,0.3607185045782697,0.40738328660718687,0.0023,0.0272,-87.0,0.0051,0.03500082087670314,63.87416074519416,0.3582928145127937,-1.1695105189330366,1.5278033334458303,129.88372369999988
2023-01-24,0,0,0,0,0,0,0,0,140.54782,1.0063052,0.0025,0.004,1.1257,436.0,0.18633230391591366,0.4429692745103182,0.0029000000000000002,-0.0007000000000000001,265.0,0.0015,0.03558598790313133,66.00678643189936,0.914906750876213,-0.7526270649711866,1.6675338158473996,130.5000321999999
2023-01-25,0,0,0,0,0,0,0,0,139.88716,-0.470078,0.0043,-0.0012,0.1757,238.0,-1.015357484503896,0.46340480484654883,0.0018,-0.0052,-198.0,-0.0055,0.020435530336230634,64.08453520801956,1.2878717807805913,-0.34452729582083097,1.6323990766014222,131.2800321999999
2023-01-26,0,0,0,0,0,0,0,0,141.95795,1.480341,-0.0118,-0.0036,0.0458,186.0,-1.1579636085622809,0.2062706778621891,-0.0161,-0.0024000000000000002,-52.0,0.008199999999999999,-0.2571341269843597,67.29911218397541,1.7305954733748479,0.07049725801830486,1.660098215356543,131.98755469999992
2023-01-27,0,1,1,0,0,0,0,0,143.90053,1.3684273,0.01,-0.0379,0.3694,191.0,-0.7440660736350082,0.5385368967034752,0.0218,-0.034300000000000004,5.0,-0.047900000000000005,0.33226621884128604,70.01077175232113,2.2127005262805994,0.4989379116707638,1.7137626146098357,132.7764281999999
2023-01-30,0,0,0,0,0,0,0,0,141.0113,-2.0078063,0.0025,-0.0033,1.6368,159.0,0.8985732991596134,0.41726158182812406,-0.0075,0.034600000000000006,-32.0,-0.0058,-0.12127531487535109,61.80220259869025,2.3347223138702304,0.8660947921106572,1.4686275217595732,133.42084019999993
2023-01-31,0,1,1,0,0,0,0,0,142.28336,0.90209246,-0.064,-0.0179,1.7097,223.0,0.9625481074785313,-0.6183410026947338,-0.0665,-0.014599999999999998,64.0,0.0461,-1.0356025845228578,63.81386438815942,2.505191779202619,1.1939141895290495,1.3112775896735693,134.36847569999992
2023-02-01,0,1,0,0,1,0,0,0,143.40746,0.7900715,-0.0107,-0.0277,1.5778,262.0,0.7741578385944373,0.21883923363251415,0.0533,-0.0098,39.0,-0.017,0.8371802363272479,65.54090499152831,2.699873077919392,1.495105967207118,1.204767110712274,135.30871319999991
2023-02-02,0,0,0,0,0,0,0,0,148.72255,3.7062645,-0.0067,-0.012,2.7701,346.0,2.1811058946449675,0.2782912377855485,0.003999999999999999,0.0157,84.0,-0.0053,0.05945200415303434,72.27803228894543,3.245629160071644,1.8452106057800233,1.4004185542916208,136.58077399999993
2023-02-03,0,1,1,0,0,0,0,0,152.35136,2.4399877,-0.3728,-0.167,3.416,444.0,2.73287453602373,-4.397666956461472,-0.36610000000000004,-0.155,98.0,0.2058,-4.675958194247021,75.76222330160854,3.925706328024887,2.261309750228996,1.6643965777958911,137.80747399999993
2023-02-06,0,0,1,0,0,0,0,0,149.61989,-1.7928839,-0.0461,-0.0053,1.5354,152.0,0.5419343604003916,-0.18817674761780218,0.3267,0.1617,-292.0,0.0408,4.20949020884367,68.75715037846601,4.195897883224433,2.6482273768280833,1.5476705063963494,138.87146949999993
2023-02-07,0,0,0,0,1,0,0,0,152.49927,1.9244671,-0.0289,-0.0035,0.991,220.0,-0.082287365482372,0.03188471674918303,0.017200000000000003,0.0018,68.0,0.0254,0.2200614643669852,71.72504888127236,4.589464054583345,3.036474712379136,1.5529893422042096,140.0508364999999
2023-02-08,0,0,0,0,0,0,0,0,149.80724,-1.765275,0.0053,-0.0021,0.5194,204.0,-0.6198790780871233,0.4708402364344953,0.0342,0.0014000000000000002,-16.0,-0.0074,0.43895551968531227,65.46374413562845,4.630763202461878,3.3553324103956843,1.275430792066194,140.9595214999999
2023-02-09,0,1,0,0,0,0,0,0,148.77185,-0.6911576,-0.0164,-0.001,0.3042,215.0,-0.8747716579568316,0.19473198295674798,-0.0217,0.0010999999999999998,11.0,0.0154,-0.2761082534777473,63.179315174489645,4.527752640800173,3.589816456476582,0.9379361843235912,141.8203804999999
2023-02-10,0,0,0,0,0,0,0,0,149.13725,0.24523735,-0.0093,-0.0087,0.2028,207.0,-0.9983894671659013,0.2892307163201301,0.007100000000000002,-0.007699999999999999,-8.0,0.0005999999999999998,0.0944987333633821,63.66125848831572,4.424596757551853,3.7567725166916364,0.6678242408602171,142.6329489999999
2023-02-13,0,0,0,0,0,0,0,0,151.94203,1.8806815,-0.0014,-0.0016,0.7736,141.0,-0.3519499219634612,0.39136508406985243,0.007899999999999999,0.0070999999999999995,-66.0,-0.0002000000000000001,0.10213436774972234,67.20916019736315,4.517096999935063,3.9088374133403216,0.6082595865947416,143.58575649999995
2023-02-14,0,0,0,0,0,0,0,0,151.3001,-0.4224956,0.0023,-0.0051,0.8965,262.0,-0.21962486914278015,0.43700487823536627,0.0037,-0.0035000000000000005,121.0,-0.0074,0.045639794165513836,65.6298172483936,4.486883719751688,4.024446674622595,0.4624370451290929,144.44828799999993
2023-02-15,0,0,0,0,0,0,0,0,153.40367,1.390338,-0.0178,0.0038,1.2313,234.0,0.17706818270678043,0.181123966368255,-0.0201,0.0089,-28.0,0.0216,-0.25588091186711126,68.26180677216985,4.579885922231938,4.135534524144464,0.44435139808747426,145.45199049999994
2023-02-16,0,0,0,0,0,0,0,0,151.80379,-1.0429382,-0.0213,-0.0125,1.0785,251.0,-0.010170239849441738,0.14146114163440165,-0.0034999999999999996,-0.016300000000000002,17.0,0.008799999999999999,-0.03966282473385335,64.23300692302966,4.472932708537201,4.203014161023011,0.2699185475141892,146.37273999999994
2023-02-17,0,0,0,0,0,0,0,0,150.65817,-0.7546723,-0.0083,-0.0122,0.7139,293.0,-0.4341506842249088,0.30963148517040695,0.013,0.0002999999999999999,42.0,-0.0039000000000000007,0.1681703435360053,61.436830457044046,4.246775373493875,4.211766403517184,0.03500896997669134,147.10801649999993
2023-02-20,0,0,0,0,0,0,0,0,150.65817,0.0,-0.0018,-0.0008,0.2292,100.0,-0.9752782851586088,0.37932621297710156,0.006500000000000001,0.0114,-193.0,0.001,0.06969472780669461,61.436830457044046,4.021190277679381,4.1736511783496235,-0.15246090067024287,147.68354599999995
2023-02-21,0,0,0,0,0,0,0,0,146.63861,-2.6679814,0.0001,-0.0052,0.5167,176.0,-0.6077626242000868,0.3885719633271727,0.0019,-0.004399999999999999,76.0,-0.0053,0.009245750350071136,52.19166350577594,3.4779756267970185,4.034516068039102,-0.5565404412420838,147.98808549999995
2023-02-22,0,1,0,0,0,0,0,0,147.06331,0.28960705,-0.0307,-0.0127,0.5764,255.0,-0.5134139514189817,-0.017319619976900617,-0.0308,-0.0075,79.0,0.018000000000000002,-0.4058915833040733,52.99649439129189,3.0466242550026266,3.836937705431807,-0.7903134504291804,148.34689299999994
2023-02-23,0,0,0,0,1,0,0,0,147.54721,0.3290534,0.0102,-0.0021,1.1569,239.0,0.22497156033784327,0.5081791941965594,0.040900000000000006,0.0106,-16.0,-0.0123,0.52549881417346,53.947777188880494,2.7125532457049815,3.612060813486442,-0.8995075677814603,148.62635599999993
2023-02-24,0,0,0,0,0,0,0,0,144.89058,-1.8005252,0.0074,-0.0032,0.5896,210.0,-0.4919346251512961,0.4687324724977743,-0.0028000000000000004,-0.0011000000000000003,-29.0,-0.0106,-0.03944672169878516,48.1823972633814,2.207979511973747,3.331244553183903,-1.1232650412101561,148.67585849999995
2023-02-27,0,0,0,0,0,0,0,0,146.08559,0.82474947,-0.0011,-0.007,1.8694,122.0,1.0887899029508736,0.3589270916995095,-0.0085,-0.0038,-88.0,-0.0059,-0.1098053807982648,50.73295992552536,1.8828244839851607,3.0415605393441547,-1.158736055358994,148.92957299999995
2023-02-28,0,0,1,0,0,0,0,0,145.5819,-0.3447771,0.0083,-0.0249,2.2736,255.0,1.571833774582981,0.46918188734303545,0.0094,-0.0179,133.0,-0.0332,0.11025479564352597,49.624222097691714,1.5664363055441584,2.7465356925841555,-1.1800993870399972,149.09449999999998
2023-03-01,0,0,0,0,0,0,0,0,143.50793,-1.4246047,-0.0335,-0.0111,1.0118,252.0,0.04206884224042575,-0.06861468973689376,-0.041800000000000004,0.013799999999999998,-3.0,0.022400000000000003,-0.5377965770799292,45.24006867291261,1.1352578032835936,2.424280114724043,-1.2890223114404495,149.09952349999998
2023-03-02,0,0,0,0,1,0,0,0,144.1005,0.41291714,-0.0173,-0.0189,1.4542,219.0,0.5907815255607521,0.1395162239470652,0.016200000000000003,-0.0078,-33.0,-0.0016000000000000007,0.20813091368395897,46.68926939122984,0.831773018853994,2.1057786955500335,-1.2740056766960395,148.86842099999998
2023-03-03,0,1,0,0,0,0,0,0,149.15701,3.509009,0.0049,-0.0057,1.4729,255.0,0.5931829766377008,0.42602930718998117,0.022199999999999998,0.0132,36.0,-0.0106,0.28651308324291597,57.118098941451265,0.9878894638866029,1.8822008492173474,-0.8943113853307445,148.70870349999998
2023-03-06,0,0,0,0,0,0,0,0,151.92227,1.8539429,0.0013,0.0078,1.8208,143.0,0.9972116602688216,0.37911987406178094,-0.0036,0.0135,-112.0,0.0065,-0.04690943312820023,61.548142930656105,1.319535459694066,1.7696677713126912,-0.4501323116186251,148.82382249999998
2023-03-07,0,1,1,0,0,0,0,0,149.71994,-1.4496505,0.0379,0.0052,1.8097,248.0,0.9581940056391313,0.8399960496560457,0.0366,-0.0026,105.0,-0.03270000000000001,0.46087617559426475,56.538472184465626,1.3886501805153557,1.693464253153224,-0.3048140726378683,148.684856
2023-03-08,0,1,0,0,0,0,0,0,150.9742,0.83771944,-0.0063,0.0016,1.4181,321.0,0.45753742841067085,0.2742108077212071,-0.0442,-0.0036,73.0,0.0079,-0.5657852419348386,58.6049579527358,1.5270297460532447,1.6601773517332281,-0.1331476056799834,148.743204
2023-03-09,0,0,0,0,0,0,0,0,148.72246,-1.4914632,0.0118,0.0064,0.5792,256.0,-0.5960222421047265,0.501445516400566,0.018099999999999998,0.0048000000000000004,-65.0,-0.005399999999999999,0.2272347086793589,53.67113498058789,1.4384187532860153,1.6158256320437856,-0.17740687875777028,148.74073449999997
2023-03-10,0,0,0,0,0,0,0,0,146.65839,-1.3878703,-0.0107,-0.0022,1.1201,254.0,0.057702071160749914,0.21192444013823816,-0.0225,-0.0086,-2.0,0.008499999999999999,-0.2895210762623278,49.55291734262409,1.1879467931032934,1.5302498642556872,-0.3423030711523938,148.61679149999998
2023-03-13,0,0,0,0,0,0,0,0,148.60396,1.3265967,-0.0009,-0.0047,0.5431,92.0,-0.6931952701616729,0.33762665594943453,0.0098,-0.0025,-162.0,-0.0038000000000000004,0.12570221581119637,53.19825438960771,1.1333723879105548,1.4508743689866608,-0.31750198107610594,148.44988799999996
2023-03-14,0,0,0,0,0,0,0,0,150.69768,1.4089108,0.0121,0.0065,0.6271,185.0,-0.5970139460365264,0.4914570248985169,0.013,0.0112,93.0,-0.0056,0.15383036894908236,56.81479266771847,1.2447191372562827,1.4096433226405851,-0.16492418538430242,148.41976699999995
2023-03-15,0,0,0,0,0,0,0,0,151.0927,0.26214123,0.0044,-0.0061,0.5924,224.0,-0.6569791435237244,0.3880713675780379,-0.007699999999999999,-0.0126,39.0,-0.0105,-0.103385657320479,57.48234525258772,1.3492833524159664,1.3975713285956615,-0.04828797617969505,148.30421849999996
2023-03-16,0,0,0,0,0,0,0,0,153.91724,1.8694043,0.0177,-0.0037,0.4451,224.0,-0.8660004971501852,0.5553723526294622,0.0133,0.0024000000000000002,0.0,-0.021400000000000002,0.16730098505142427,62.00497035332747,1.641149864550556,1.4462870357866404,0.19486282876391559,148.40989099999996
2023-03-17,0,0,0,0,0,0,0,0,153.07777,-0.5454004,0.0156,0.0014,0.0194,168.0,-1.4246771271287322,0.5179671066105659,-0.002100000000000001,0.0051,-56.0,-0.014199999999999999,-0.03740524601889628,59.96346672880174,1.7841513784503036,1.513859904319373,0.2702914741309306,148.53087099999996
2023-03-20,0,0,0,0,0,0,0,0,155.44801,1.5483856,-0.0006,-0.0027,1.0208,98.0,-0.12611253434461556,0.31114095616466214,-0.0162,-0.0041,-70.0,-0.0021000000000000003,-0.20682615044590374,63.60692827614511,2.0649363665091016,1.6240751967573188,0.4408611697517828,148.77036299999995
2023-03-21,0,0,0,0,0,0,0,0,157.3047,1.1944175,0.0144,-0.0033,0.6944,194.0,-0.5527289519346109,0.47642130092464724,0.015,-0.0005999999999999998,96.0,-0.0177,0.1652803447599851,66.20161779044852,2.4095045894439693,1.781161075294649,0.6283435141493203,149.30366749999996
2023-03-22,0,0,0,0,0,0,0,0,155.87268,-0.91034174,0.0127,-0.0031,0.2528,181.0,-1.1076319105193928,0.43104689084997627,-0.0017000000000000001,0.0002000000000000001,-13.0,-0.015799999999999998,-0.04537441007467097,62.50040637444826,2.5377714924334214,1.9324831587224034,0.605288333711018,149.74413599999997
2023-03-23,0,1,0,0,0,0,0,0,156.95905,0.6969452,-0.009,-0.0042,0.2215,202.0,-1.1238126218250157,0.11565813205344562,-0.021699999999999997,-0.0010999999999999998,21.0,0.0048,-0.31538875879653067,64.1384220354614,2.696007026200874,2.0851879322180977,0.6108190939827765,150.21472799999995
2023-03-24,0,0,0,0,0,0,0,0,158.26266,0.83055496,0.0047,0.0043,0.2486,171.0,-1.0888221517672985,0.30818851520716695,0.0137,0.0085,-31.0,-0.0004000000000000002,0.19253038315372134,66.05456316384397,2.8932486891104077,2.24680008359656,0.6464486055138479,150.88333199999994
2023-03-27,0,0,0,0,0,0,0,0,156.31711,-1.2293279,0.0,-0.0009,1.1181,119.0,0.01984810473035522,0.2439251995194548,-0.0047,-0.0052,-52.0,-0.0009,-0.06426331568771215,60.830605668215384,2.8596106906593377,2.369362205009115,0.4902484856502225,151.39490799999993
2023-03-28,0,0,0,0,0,0,0,0,155.69489,-0.39803386,-0.0015,-0.0014,1.9243,278.0,1.1100878071281655,0.22318446585884666,-0.0015,-0.0005,159.0,0.00010000000000000005,-0.020740733660608135,59.21760733306275,2.751032193973657,2.4456962028020235,0.30533599117163357,151.90055749999993
2023-03-29,0,0,0,0,0,0,0,0,158.77623,1.9790769,-0.0024,-0.0019,1.3535,373.0,0.3877683359342633,0.16700632400316148,-0.0008999999999999998,-0.0005,95.0,0.0004999999999999998,-0.056178141855685176,64.27028577087889,2.880417677265797,2.532640497694778,0.3477771795710187,152.66397249999994
2023-03-30,0,0,0,0,0,0,0,0,160.34653,0.9889841,0.0008,-0.0031,0.5597,321.0,-0.6993320390452381,0.2085563349879743,0.0031999999999999997,-0.0012,-52.0,-0.0039,0.04155001098481281,66.54505316378965,3.074228894349204,2.6409581770256634,0.43327071732354083,153.47627399999993
2023-03-31,0,0,0,0,0,0,0,0,162.855,1.5644193,0.003,0.0074,0.0486,205.0,-1.3981540952256615,0.2433164819871023,0.0022,0.0105,-116.0,0.0044,0.034760146999127994,69.8475404840544,3.391147210931905,2.7909959838069116,0.6001512271249934,154.16117349999993
2023-04-03,0,0,0,0,0,0,0,0,164.10924,0.77016354,-0.0044,-0.0045,0.6472,121.0,-0.5549402241442342,0.09664391442107871,-0.0074,-0.0119,-84.0,-9.99999999999994e-05,-0.1466725675660236,71.36937710475028,3.7008528183863802,2.972967350722805,0.7278854676635751,154.77052199999994
2023-04-04,0,0,0,0,0,0,0,0,163.57597,-0.32496452,0.0014,-0.0061,0.5007,232.0,-0.7310248479727108,0.21564951245485223,0.0058000000000000005,-0.0016000000000000007,111.0,-0.007500000000000001,0.11900559803377352,69.75729880725449,3.858784643960263,3.150130809370297,0.708653834589966,155.46332349999994
2023-04-05,0,0,0,0,0,0,0,0,161.72914,-1.1290312,-0.0016,-0.0119,0.9049,268.0,-0.15132263375906194,0.15479830249781948,-0.003,-0.0058000000000000005,36.0,-0.0103,-0.06085120995703275,64.33727333224736,3.791220180874717,3.278348683671181,0.5128714972035362,156.0010704999999
2023-04-06,0,0,0,0,0,0,0,0,162.618,0.5495906,-0.001,-0.0074,0.5847,300.0,-0.5753750361494111,0.17016232508982587,0.0006000000000000001,0.0045000000000000005,32.0,-0.0064,0.015364022592006393,65.71788153514589,3.765986482663834,3.3758762434697114,0.3901102391941227,156.69584749999993
2023-04-07,0,0,0,0,0,0,0,0,162.618,0.0,0.0068,-0.0158,0.0,163.0,-1.3494041783248836,0.31725646419539094,0.0078,-0.008400000000000001,-137.0,-0.022600000000000002,0.14709413910556507,65.71788153514588,3.703299266314417,3.4413608480386526,0.2619384182757645,157.49382799999992
2023-04-10,0,0,0,0,0,0,0,0,160.02058,-1.5972316,-0.0544,-0.0463,0.5389,87.0,-0.6011043113292314,-0.8792564071189906,-0.0612,-0.0305,-76.0,0.008099999999999996,-1.1965128713143816,58.09571877975452,3.404780914287784,3.434044861288479,-0.029263947000695012,158.06465899999992
2023-04-11,0,1,1,0,0,0,0,0,158.80585,-0.7591188,-0.1451,-0.1067,1.1542,219.0,0.2849238116524123,-2.4850922671570688,-0.0907,-0.0604,132.0,0.038400000000000004,-1.6058358600380782,54.889409012111315,3.035196553990147,3.3542751998288125,-0.3190786458386654,158.47006749999994
2023-04-12,0,0,0,0,0,0,0,0,158.11453,-0.43532252,-0.0242,-0.0239,0.4458,196.0,-0.6981741887341405,-0.21245254682142153,0.12090000000000001,0.0828,-23.0,0.0002999999999999982,2.2726397203356474,53.093490312683876,2.655898989039116,3.214599957670873,-0.558700968631757,158.8211589999999
2023-04-13,0,1,1,0,1,0,0,1,163.5068,3.4103632,-0.01,0.0302,1.6917,232.0,1.0762994763764624,0.053926184313053176,0.014199999999999999,0.0541,36.0,0.0402,0.2663787311344747,63.20587877609118,2.7586144696154804,3.1234028600597945,-0.3647883904443141,159.3006369999999
2023-04-14,0,0,0,0,0,0,0,0,163.16116,-0.2113998,0.0188,0.0187,0.0215,218.0,-1.313337887873957,0.5852356582235362,0.0288,-0.0115,-14.0,-9.99999999999994e-05,0.531309473910483,62.27904969276642,2.780079937649788,3.054738275577793,-0.2746583379280052,159.80480649999993
2023-04-17,1,1,1,0,0,0,0,0,163.1809,0.012099743,0.0129,0.0483,2.3222,248.0,1.893815327040987,0.47015814428661223,-0.005900000000000001,0.0296,30.0,0.0354,-0.11507751393692395,62.31303890772495,2.7667904902390603,2.9971487185100463,-0.23035822827098595,160.19145099999992
2023-04-18,0,1,0,0,0,0,0,0,164.40556,0.75047016,0.0009,0.0037,3.4104,625.0,3.0686018554872474,0.24678870821147944,-0.012,-0.0446,377.0,0.0028000000000000004,-0.2233694360751328,64.45304021882582,2.8225418292735185,2.9622273406627406,-0.13968551138922214,160.5464939999999
2023-04-19,0,0,0,0,0,0,0,0,165.55116,0.696826,0.0002,-0.001,2.2229,440.0,1.5005994043864732,0.23508444286350094,-0.0007,-0.0047,-185.0,-0.0012000000000000001,-0.011704265347978499,66.37643667757386,2.9254428290381327,2.954870438337819,-0.029427609299686353,161.0304179999999
2023-04-20,0,0,0,0,0,0,0,0,164.58331,-0.5846262,0.0008,0.001,1.2535,456.0,0.25938315345920726,0.24224237244350028,0.0006000000000000001,0.002,16.0,0.00019999999999999998,0.007157929579999334,63.26207180092086,2.8955174832236423,2.942999847314984,-0.047482364091341545,161.41163099999991
2023-04-21,0,0,0,0,0,0,0,0,162.97351,-0.97809434,-0.0008,-0.0018,0.2944,248.0,-0.9593839436736267,0.21598043785517407,-0.0016,-0.0028,-208.0,-0.001,-0.026261934588326208,58.35750320314814,2.7106572552125954,2.8965313288945063,-0.1858740736819109,161.64717349999992
2023-04-24,0,0,0,0,0,0,0,0,163.27968,0.18785,0.0004,-0.0128,0.8688,128.0,-0.2134147663293032,0.23908888633359732,0.0012000000000000001,-0.011000000000000001,-120.0,-0.0132,0.02310844847842325,59.008422916262404,2.559356879930874,2.8290964391017797,-0.26973955917090553,161.99530199999992
2023-04-25,0,1,0,0,0,0,0,0,161.739,-0.94356537,-0.0162,-0.0362,1.025,237.0,0.0007436900395016114,-0.08659336200312227,-0.0166,-0.023400000000000004,109.0,-0.020000000000000004,-0.3256822483367196,54.400276549954484,2.288746991833449,2.7210265496481134,-0.43227955781466454,162.2975074999999
2023-04-26,0,0,0,0,1,0,0,0,161.72914,-0.006109476,-0.0026,-0.0062,0.6264,235.0,-0.4925590224540499,0.16693264989448173,0.0136,0.030000000000000002,-2.0,-0.0036,0.253526011897604,54.37101287702368,2.049861558231953,2.5867935513648814,-0.5369319931329284,162.44515299999992
2023-04-27,0,0,0,0,0,0,0,0,166.32147,2.8395295,-0.0126,-0.0239,0.5861,200.0,-0.520064902495295,-0.019487224100220652,-0.01,-0.0177,-35.0,-0.011300000000000001,-0.1864198739947024,64.06647310454385,2.205680075401915,2.510570856172288,-0.3048907807703731,162.7438999999999
2023-04-28,0,0,0,0,1,0,0,0,167.57573,0.75410604,0.0017,0.0049,0.1917,153.0,-1.0747405472599125,0.2935291556467556,0.0143,0.0288,-47.0,0.0031999999999999997,0.3130163797469762,66.18014928932809,2.402679083721381,2.4889925016821066,-0.08631341796072567,162.97993649999992
2023-05-01,0,0,0,0,0,0,0,0,167.48686,-0.053036213,-0.0015,-0.0056,0.1486,133.0,-1.100634098420854,0.13205206737325656,-0.0031999999999999997,-0.010499999999999999,-20.0,-0.0040999999999999995,-0.16147708827349902,65.88443404077026,2.522552733160012,2.4957045479776876,0.026848185182324347,163.1488174999999
2023-05-02,0,0,0,0,0,0,0,0,166.44984,-0.61914325,-0.0214,-0.011,1.3208,180.0,0.6171238669046426,-0.7300288401201284,-0.019899999999999998,-0.005399999999999999,47.0,0.0104,-0.862080907493385,62.38160335613381,2.504998552712692,2.4975633489246887,0.007435203788003442,163.29251099999993
2023-05-03,0,0,0,0,0,0,0,0,165.37338,-0.6467283,-0.0203,-0.0083,0.7986,320.0,-0.1574157264007281,-0.6627469307180219,0.0011000000000000003,0.0026999999999999993,140.0,0.011999999999999999,0.06728190940210643,58.882034211366616,2.3768268323883035,2.4734160456174115,-0.09658921322910796,163.47472299999993
2023-05-04,0,0,0,0,0,0,0,0,163.73395,-0.99134445,-0.025,-0.0153,2.0118,182.0,1.5645309051801637,-0.8549939862113033,-0.004700000000000003,-0.006999999999999999,-138.0,0.009700000000000002,-0.19224705549328136,53.92075493558496,2.1185403069787014,2.4024408978896696,-0.2839005909109682,163.5305204999999
2023-05-05,0,1,1,0,0,0,1,0,171.41747,4.6926975,-0.2143,0.2872,3.616,288.0,3.434573058442422,-5.76305840334327,-0.1893,0.3025,106.0,0.5015000000000001,-4.908064417131967,67.66977238186259,2.5049665300113304,2.422946024314002,0.08202050569732844,163.97049399999992
2023-05-08,0,0,1,0,1,0,0,0,171.34833,-0.040334463,0.0086,0.0421,1.0347,108.0,0.05176340313143637,0.47167142436018655,0.2229,-0.2451,-180.0,0.0335,6.234729827703457,67.4746707444289,2.7736600491393233,2.493088829279066,0.28057121986025724,164.5368814999999
2023-05-09,0,1,0,0,0,0,0,0,169.63982,-0.9971142,-0.0059,-0.0289,1.1958,187.0,0.2560361399573096,0.07025327323576533,-0.014499999999999999,-0.071,79.0,-0.023,-0.40141815112442125,62.66655562918098,2.8162748570129565,2.557726034825844,0.2585488221871124,165.0785799999999
2023-05-10,0,1,0,0,0,0,0,0,171.40266,1.0391712,-0.002,0.003,0.4486,262.0,-0.7022635759195646,0.1720320727719957,0.0039,0.0319,75.0,0.005,0.10177879953623037,65.40572198567415,2.958193639740017,2.6378195558086786,0.3203740839313385,165.74298649999992
2023-05-11,0,0,0,0,0,0,0,0,171.59525,0.112354755,-0.0192,-0.0096,0.7021,188.0,-0.36312470802365227,-0.31031282326242243,-0.0172,-0.0126,-74.0,0.0096,-0.4823448960344181,65.70179394282503,3.0510352656402233,2.7204626977749875,0.3305725678652358,166.1474089999999
2023-05-12,0,0,0,0,1,0,0,0,170.6656,-0.5410075,-0.006,-0.0126,0.2472,153.0,-0.9393841849387146,0.058077018234189606,0.013199999999999998,-0.003000000000000001,-35.0,-0.0066,0.368389841496612,62.90322297114025,3.014844684614559,2.779339095142902,0.23550558947165712,166.52263099999988
2023-05-15,0,0,0,0,0,0,0,0,170.17116,-0.28973818,0.0,0.0079,1.0896,134.0,0.13332259020705545,0.2251323753874878,0.006,0.0205,-19.0,0.0079,0.16705535715329817,61.40511722593256,2.91269052928547,2.8060093819714154,0.10668114731405476,166.87214399999988
2023-05-16,0,1,0,0,0,0,0,0,170.17116,0.0,-0.0156,-0.0291,1.6972,160.0,0.8968921202555679,-0.204115746730522,-0.0156,-0.037000000000000005,26.0,-0.013500000000000002,-0.4292481221180098,61.40511722593257,2.799462167938941,2.8046999391649203,-0.0052377712259792375,167.16042399999986
2023-05-17,0,1,1,0,0,0,0,0,170.7843,0.36031008,-0.024,-0.1979,1.2958,327.0,0.3602236634341871,-0.44308186590320014,-0.008400000000000001,-0.1688,167.0,-0.1739,-0.23896611917267815,62.68328651429329,2.7277592390441896,2.789311799140774,-0.0615525600965845,167.42208099999988
2023-05-18,0,0,0,0,1,0,0,0,173.11824,1.3666153,-0.0027,-0.0133,1.0576,260.0,0.052335695543204996,0.160408325120747,0.0213,0.1846,-67.0,-0.010599999999999998,0.6034901910239472,67.14385289991952,2.826679403140389,2.796785319940697,0.029894083199692112,167.84882749999986
2023-05-19,0,0,0,0,0,0,0,0,173.22705,0.06283522,0.0014,-0.0018,0.7514,294.0,-0.35041272725431016,0.2786847146354759,0.0041,0.0115,34.0,-0.0031999999999999997,0.11827638951472891,67.33985850353754,2.8806480855161567,2.813557873055789,0.06709021246036784,168.36150449999985
2023-05-22,0,0,0,0,0,0,0,0,172.27763,-0.5480766,0.0013,-0.0173,1.0313,138.0,0.03317441035215628,0.2746718052972381,-0.00010000000000000005,-0.0155,-156.0,-0.0186,-0.00401290933823778,63.76539274195379,2.814366134836007,2.8137195254118326,0.0006466094241743825,168.81140199999987
2023-05-23,0,0,0,0,0,0,0,0,169.6668,-1.5155017,-0.0128,-0.0285,1.8014,174.0,1.0741945484576645,-0.1120488120930959,-0.014100000000000001,-0.011200000000000002,36.0,-0.0157,-0.38672061739033403,55.10332373710164,2.5220919440201044,2.7553940091334868,-0.23330206511338236,169.20779199999987
2023-05-24,0,1,0,0,1,0,0,0,169.94368,0.16320944,-0.0031,-0.0062,1.141,344.0,0.18797517985160733,0.14746697028275646,0.0097,0.0223,170.0,-0.0031,0.2595157823758524,55.78922624577769,2.2864476982923065,2.6616047469652506,-0.3751570486729441,169.61851899999985
2023-05-25,0,0,0,0,0,0,0,0,171.08096,0.66922903,-0.0007,-0.0048,0.4396,226.0,-0.726246011781991,0.20754789812994784,0.0024,0.0014000000000000002,-118.0,-0.0040999999999999995,0.06008092784719138,58.58780147894763,2.166492945106228,2.562582386593446,-0.39608944148721825,169.85649349999986
2023-05-26,0,0,0,0,0,0,0,0,173.49405,1.4104843,0.0067,0.007,0.0042,143.0,-1.2619595335074616,0.4158511532576394,0.0074,0.0118,-83.0,0.0002999999999999999,0.20830325512769154,63.82088442099092,2.2403191305575376,2.4981297353862644,-0.25781060482872675,170.15240949999983
2023-05-29,0,0,0,0,0,0,0,0,173.49405,0.0,-0.0016,0.0013,0.0563,81.0,-1.1538850317273808,0.1826069743794928,-0.0083,-0.0057,-62.0,0.0029,-0.23324417887814658,63.82088442099092,2.272629456702475,2.4530296796495064,-0.18040022294703117,170.45276899999982
2023-05-30,0,0,0,0,0,0,0,0,175.34341,1.0659575,0.0001,-0.0039,0.9549,109.0,0.05284559802303522,0.2520646792672038,0.0017000000000000001,-0.0052,28.0,-0.004,0.06945770488771097,67.47410498491013,2.419572197053043,2.4463381831302136,-0.026765986077170734,170.89744749999983
2023-05-31,0,0,0,0,0,0,0,0,175.29398,-0.028204918,0.0025,0.0024,1.6535,290.0,0.9772612224188731,0.3164458014870137,0.0024000000000000002,0.0063,181.0,-0.00010000000000000026,0.0643811222198099,67.27855919787359,2.5031816694410622,2.4577068803923834,0.045474789048678854,171.39347749999985
2023-06-01,0,0,0,0,0,0,0,0,178.10262,1.6022563,0.0095,0.0123,2.1132,247.0,1.5262703604048455,0.5185086601507776,0.006999999999999999,0.0099,-43.0,0.0028000000000000004,0.2020628586637639,72.20726376264615,2.7642124336260565,2.519007991039118,0.2452044425869384,172.11191099999985
2023-06-02,0,0,0,0,0,0,0,0,178.95313,0.4775405,0.0021,0.0095,1.8583,321.0,1.16390745464462,0.29992575925939025,-0.0074,-0.0028000000000000004,74.0,0.0074,-0.21858290089138732,73.5085536910129,3.005069671279557,2.616220327087206,0.38884934419235107,172.48869399999984
2023-06-05,0,0,0,0,0,0,0,0,177.59825,-0.7571101,0.0017,-0.0023,3.5646,284.0,3.0364378930486056,0.28712901779010913,-0.00039999999999999996,-0.0118,-37.0,-0.004,-0.012796741469281114,68.0430216430404,3.051448080594639,2.7032658777886924,0.3481822028059467,172.80118999999985
2023-06-06,0,0,0,0,0,0,0,0,177.23235,-0.20603538,0.0016,0.002,3.6965,2183.0,2.9012939172913383,0.289924842156249,-9.999999999999983e-05,0.0043,1899.0,0.00039999999999999996,0.002795824366139843,66.60278707253916,3.023821500079748,2.7673770022469037,0.2564444978328444,173.18081649999985
2023-06-07,0,0,0,0,0,0,0,0,175.85768,-0.7756233,-0.0006,0.0006,2.1146,806.0,1.1236333098094233,0.22931227686320585,-0.0022,-0.0014000000000000002,-1377.0,0.0012,-0.060612565293043125,61.348939948216554,2.858056954091353,2.7855129926157938,0.0725439614755592,173.40356749999984
2023-06-08,0,0,0,0,0,0,0,0,178.57735,1.5465021,-0.0011,0.001,1.1361,430.0,0.04437973172870138,0.22495893996557398,-0.0005000000000000001,0.0004000000000000001,-376.0,0.0021000000000000003,-0.004353336897631871,66.91029215463546,2.912567729125044,2.810923939917644,0.10164378920740003,173.75267249999985
2023-06-09,0,0,0,0,0,0,0,0,178.96301,0.21598339,0.0012,0.002,1.1521,281.0,0.041729973215393075,0.2993393742214263,0.0023,0.001,-149.0,0.0008000000000000001,0.07438043425585233,67.62174400438398,2.9528488465545877,2.8393089212450326,0.11353992530955503,174.16754299999985
2023-06-12,0,0,0,0,0,0,0,0,181.76181,1.5638709,-0.0003,-0.0042,0.9736,155.0,-0.155197439865711,0.25573257048169484,-0.0014999999999999998,-0.0062,-126.0,-0.0039,-0.04360680373973147,72.27976497983167,3.174023524352066,2.9062518418664394,0.26777168248562644,174.74707549999988
2023-06-13,0,1,0,0,0,0,0,0,181.28708,-0.2611637,0.0222,0.0145,1.0389,225.0,-0.08936159625696864,0.9009992138695069,0.022500000000000003,0.0187,70.0,-0.0077,0.645266643387812,70.42896789446318,3.2732671206395025,2.979654897621052,0.29361222301845036,175.30287149999987
2023-06-14,0,0,0,0,0,0,0,0,181.92004,0.34914017,-0.0091,-0.0186,0.6681,195.0,-0.5116116887301775,0.007582561489086207,-0.0313,-0.0331,-30.0,-0.009499999999999998,-0.8934166523804207,71.4776448627082,3.364212421199312,3.056566402336704,0.307646018862608,175.85965849999988
2023-06-15,0,0,0,0,0,0,0,0,183.95732,1.119864,0.0011,0.0022,0.2549,182.0,-0.9741884652094255,0.29805144922993326,0.0102,0.0208,-13.0,0.0011,0.29046888774084706,74.59990911781173,3.5596453213963173,3.157182186148627,0.4024631352476904,176.40161249999989
2023-06-16,0,0,0,0,0,0,0,0,182.87932,-0.5859852,0.0065,0.0209,0.4854,168.0,-0.7238472885362076,0.4533726115532473,0.005399999999999999,0.018699999999999998,-14.0,0.0144,0.15532116232331405,70.21968935427111,3.586202205352407,3.242986189989383,0.34321601536302415,176.8842259999999
2023-06-19,0,0,1,0,0,0,0,0,182.87932,0.0,0.0003,-0.0305,0.2396,90.0,-0.9750066518146502,0.27375904710889315,-0.0062,-0.0514,-78.0,-0.0308,-0.17961356444435417,70.21968935427111,3.5661404796159957,3.3076170479147056,0.2585234317012901,177.41431049999989
2023-06-20,0,1,0,0,0,0,0,0,182.96834,0.048673153,-0.0003,-0.0033,0.7083,146.0,-0.43346859604899635,0.255778015889767,-0.0006,0.0272,56.0,-0.003,-0.017981031219126142,70.38621827554569,3.516884136322602,3.349470465596285,0.1674136707263174,178.07938749999988
2023-06-21,0,0,0,0,0,0,0,0,181.92995,-0.5675316,-0.0012,-0.0062,0.709,214.0,-0.4203331242988731,0.22912496471853075,-0.0009,-0.0029,68.0,-0.005,-0.02665305117123626,65.76642770380101,3.3553800025591443,3.350652372988857,0.004727629570287384,178.6787009999999
2023-06-22,0,0,0,0,0,0,0,0,184.93636,1.6525269,-0.0037,-0.0109,0.0986,234.0,-1.0858583860225623,0.1590334231928236,-0.0025000000000000005,-0.0047,20.0,-0.0072,-0.07009154152570715,71.5820900483821,3.43043505442472,3.3666089092760294,0.06382614514869056,179.3714709999999
2023-06-23,0,0,0,0,0,0,0,0,184.6199,-0.17112494,0.002,0.0009,0.3118,191.0,-0.8584761645269152,0.324586363630994,0.0057,0.0118,-43.0,-0.0011,0.16555294043817043,70.2296355044149,3.4249009206507424,3.378267311550972,0.046633609099770545,179.9277634999999
2023-06-26,0,0,0,0,0,0,0,0,183.22546,-0.75529814,0.0015,0.0055,0.8035,95.0,-0.3136060948405291,0.30706313452469103,-0.0005,0.0046,-96.0,0.004,-0.017523229106302995,64.45114222021952,3.270297472017006,3.3566733436441787,-0.08637587162717253,180.41433399999994
2023-06-27,0,1,0,0,0,0,0,0,185.98466,1.5059114,-0.0293,-0.0109,0.725,214.0,-0.4063051358359975,-0.5682379700883403,-0.0308,-0.016399999999999998,119.0,0.0184,-0.8753011046130313,69.7542098496,3.3320081892182998,3.351740312759003,-0.019732123540703306,180.94639649999993
2023-06-28,0,0,1,0,0,0,0,0,187.16153,0.63277483,-0.0694,-0.0266,0.3681,120.0,-0.7915126456070694,-1.6539961844387188,-0.040100000000000004,-0.0157,-94.0,0.042800000000000005,-1.0857582143503786,71.69381299800898,3.4362668059518455,3.3686456113975716,0.06762119455427396,181.53977399999994
2023-06-29,0,1,0,0,1,0,0,0,187.49779,0.17966032,0.0763,0.0666,0.4083,140.0,-0.7419037440809052,2.3067248518882826,0.1457,0.0932,20.0,-0.0097,3.9607210363270013,72.24155306371401,3.5056153312450817,3.3960395553670737,0.10957577587800804,182.00953249999992
2023-06-30,1,0,0,0,0,0,0,0,191.82945,2.3102522,0.0624,0.0392,2.2653,132.0,1.276250682097449,1.8536474604198232,-0.01390000000000001,-0.027400000000000008,-8.0,-0.0232,-0.4530773914684594,78.11617802924162,3.8655437162327075,3.4899403875402006,0.3756033286925069,182.65334849999994
2023-07-03,0,1,0,0,0,0,0,0,190.33615,-0.77846646,0.011,0.0363,1.7701,140.0,0.7039715097582583,0.48714259143652533,-0.0514,-0.0029,8.0,0.0253,-1.366504868983298,72.42562321217602,3.984363462690453,3.588825002570251,0.3955384601202021,183.29024349999995
2023-07-04,0,1,0,0,0,0,0,0,190.33615,0.0,-0.0051,0.0114,0.9063,195.0,-0.24820281033491176,0.0004507169088633439,-0.0161,-0.0249,55.0,0.0165,-0.486691874527662,72.425623212176,4.032050005212142,3.6774700030986294,0.35458000211351237,183.94543349999995
2023-07-05,0,0,0,0,0,0,0,0,189.2186,-0.58713555,-0.0166,-0.0188,0.6069,114.0,-0.5838482113505509,-0.3495294490758369,-0.0115,-0.0302,-81.0,-0.0022000000000000006,-0.3499801659847002,68.11868030444934,3.9343126809176283,3.728838538662429,0.20547414225519933,184.61347949999995
2023-07-06,0,0,0,0,1,0,0,0,189.69328,0.25087595,-0.0046,-0.0033,0.1528,135.0,-1.0525113690159285,0.008982058699905511,0.012,0.0155,21.0,0.0013,0.3585115077757424,68.96294008907277,3.8507685928701108,3.7532245495039653,0.09754404336614542,185.16927599999994
2023-07-07,0,0,1,0,0,0,0,0,188.57576,-0.58912635,-0.0106,0.0253,0.125,102.0,-1.0874634362959041,-0.15756929688537513,-0.006,0.0286,-33.0,0.0359,-0.16655135558528064,64.62410252752811,3.6522835256776887,3.73303634473871,-0.08075281906102116,185.64991349999997
2023-07-10,0,0,0,0,1,0,0,0,186.52863,-1.0855854,0.0001,0.0021,0.6743,82.0,-0.45652102154953833,0.17279546159124534,0.0107,-0.0232,-20.0,0.002,0.3303647584766205,57.48875210958351,3.2918499998069706,3.644799075752362,-0.3529490759453915,185.88825449999996
2023-07-11,0,0,0,0,0,0,0,0,186.00447,-0.28100014,-0.002,-0.0053,1.3847,278.0,0.40094551625118546,0.11064273750879336,-0.0021,-0.0074,196.0,-0.0033,-0.06215272408245198,55.790188761587345,2.9301317672893674,3.501865614059763,-0.5717338467703956,186.12412399999994
2023-07-12,0,0,0,0,0,0,0,0,187.67581,0.89855194,-0.0019,-0.0031,0.8021,255.0,-0.2690576149239503,0.11475308519373296,0.00010000000000000005,0.0022,-23.0,-0.0012,0.004110347684939605,59.862447538081064,2.7466687444645856,3.3508262401407274,-0.6041574956761417,186.41191249999994
2023-07-13,0,0,0,0,0,0,0,0,188.43732,0.40575266,0.0011,-0.0012,0.2715,243.0,-0.8861768791584785,0.2055486924552696,0.003,0.0019,-12.0,-0.0023,0.09079560726153664,61.59810817492827,2.632376077072365,3.207136207527055,-0.5747601304546897,186.63591249999996
2023-07-14,0,0,0,0,0,0,0,0,188.58566,0.078725815,0.0058,0.0071,0.2028,141.0,-0.9653607042029033,0.3444157394485746,0.004699999999999999,0.0083,-102.0,0.0013000000000000008,0.13886704699330502,61.943340883353514,2.524665342482166,3.070642034518077,-0.5459766920359113,186.92122949999995
2023-07-17,0,0,0,0,0,0,0,0,191.84923,1.7305613,-0.0005,-0.0043,1.0097,100.0,0.001097389030555604,0.15404481534706496,-0.0063,-0.0114,-41.0,-0.0038,-0.19037092410150966,68.62599036428679,2.6718472416781083,2.9908830759500833,-0.319035834271975,187.36972499999996
2023-07-18,0,1,0,0,0,0,0,0,191.59212,-0.13403296,0.0141,0.0203,1.6319,166.0,0.7331131945429095,0.5798690511391125,0.0146,0.024599999999999997,66.0,0.006199999999999999,0.42582423579204753,67.61860657420816,2.7362020944193546,2.9399468796439376,-0.20374478522458306,187.80091399999995
2023-07-19,0,0,0,0,0,0,0,0,192.94699,0.70717335,-0.018,-0.0317,1.8222,163.0,0.9316035779758143,-0.3823864032252655,-0.0321,-0.052,-3.0,-0.0137,-0.962255454364378,70.1086938422475,2.8635215705622556,2.924661817827601,-0.061140247265345504,188.35176599999994
2023-07-20,0,1,0,0,1,0,0,0,190.99875,-1.0097384,0.0185,0.0108,1.6194,246.0,0.6690317658829046,0.7014273512655508,0.0365,0.042499999999999996,83.0,-0.0076999999999999985,1.0838137544908162,62.64836013098821,2.7752254157390155,2.894774537409884,-0.11954912167086862,188.65488549999992
2023-07-21,0,0,0,0,0,0,0,0,189.8219,-0.616169,-0.0108,-0.0088,0.8542,162.0,-0.255019316503127,-0.1736772117552209,-0.0293,-0.0196,-84.0,0.002,-0.8751045630207717,58.59242333985303,2.5805412441169437,2.831927878751296,-0.2513866346343523,188.91498549999991
2023-07-24,0,0,0,0,1,0,0,1,190.62292,0.42200089,0.0052,0.0131,2.0118,93.0,1.0945508133726742,0.30407301683479915,0.016,0.021900000000000003,-69.0,0.0079,0.47775022859002003,60.468422119295205,2.4625020641381923,2.758042715828675,-0.2955406516904828,189.2848584999999
2023-07-25,0,1,0,0,0,0,0,0,191.48332,0.45136213,-0.0317,-0.0304,2.0125,221.0,1.071480758542148,-0.7973331090820184,-0.0369,-0.0435,128.0,0.001299999999999999,-1.1014061259168175,62.43700918071484,2.4105944209738084,2.688553056857702,-0.27795863588389347,189.5597914999999
2023-07-26,0,0,0,0,0,0,0,0,192.35362,0.45449734,-0.0216,-0.025,0.9757,177.0,-0.162662192385738,-0.4939340367141389,0.010099999999999998,0.0053999999999999986,-44.0,-0.0034000000000000002,0.3033990723678795,64.36978796193092,2.411880519110241,2.63321854930821,-0.22133803019796883,189.8193959999999
2023-07-27,0,1,0,0,1,0,0,0,191.0877,-0.6580949,0.0022,-0.004,1.0188,181.0,-0.0927111292145919,0.2058665255576461,0.0238,0.021,4.0,-0.006200000000000001,0.699800562271785,59.56847077748262,2.284417256748668,2.5634582907963015,-0.2790410340476335,189.9988914999999
2023-07-28,0,0,0,0,0,0,0,0,193.66893,1.3507962,0.0059,-0.0157,0.259,165.0,-1.0119357270058509,0.366954271840134,0.0036999999999999997,-0.011699999999999999,-16.0,-0.021599999999999998,0.16108774628248793,65.25869717029384,2.364429717784475,2.5236525761939363,-0.1592228584094615,190.0908654999999
2023-07-31,0,0,0,0,0,0,0,0,194.2821,0.31659603,-0.0009,0.0044,1.7285,149.0,0.8710397135596217,0.012998342347096443,-0.0068,0.0201,-16.0,0.0053,-0.35395592949303756,66.46604668283697,2.4490863215272327,2.5087393252605956,-0.05965300373336291,190.28816299999988
2023-08-01,0,0,0,0,0,0,0,0,193.44641,-0.43013692,0.0046,0.0084,1.8757,217.0,1.036478383861764,0.2973870860621047,0.0055,0.003999999999999999,68.0,0.0037999999999999996,0.2843887437150082,63.240303090112626,2.4208381754963284,2.4911590953077423,-0.07032091981141386,190.44367599999987
2023-08-02,0,1,0,0,0,0,0,0,190.4548,-1.5464783,-0.0188,-0.0114,1.8736,228.0,1.0001282791903645,-0.9303842140197071,-0.0234,-0.019799999999999998,11.0,0.0074,-1.2277713000818118,53.27292384853938,2.132471586150217,2.4194215934762373,-0.2869500073260203,190.50548599999985
2023-08-03,0,1,1,0,0,0,0,0,189.06038,-0.7321656,-0.0143,0.0203,3.3813,278.0,2.6821552019138926,-0.6987147064162624,0.0045000000000000005,0.0317,50.0,0.0346,0.23166950760344462,49.36722239772477,1.7710058926608099,2.2897384533131517,-0.5187325606523419,190.47384099999985
2023-08-04,0,1,1,1,0,0,0,0,179.98169,-4.8020067,-0.3791,-0.1354,3.6243,329.0,2.7370624279447715,-7.108394650780953,-0.3648,-0.1557,51.0,0.2437,-6.409679944364691,32.60603536989679,0.7433978890134085,1.9804703404532031,-1.2370724514397946,190.04413749999986
2023-08-07,0,0,0,0,0,0,0,0,176.8763,-1.7253697,-0.0113,-0.0097,1.9326,168.0,0.8163205710057005,-0.07127506804094626,0.3678,0.12569999999999998,-161.0,0.001599999999999999,7.037119582740007,28.981409176848526,-0.31790328636859044,1.5207956150888444,-1.8386989014574349,189.56152099999986
2023-08-08,0,1,0,0,0,0,0,0,177.81583,0.53117275,-0.0157,-0.036,1.6354,212.0,0.48580448831453354,-0.15539544587789336,-0.004399999999999999,-0.026299999999999997,44.0,-0.0203,-0.0841203778369471,31.463768440352073,-1.0708359646722272,1.0024692991366302,-2.0733052638088574,189.15208899999988
2023-08-09,0,1,0,0,0,0,0,0,176.2236,-0.8954406,-0.0088,-0.0051,2.2347,230.0,1.1257301503358128,-0.02829788370564807,0.006899999999999998,0.030899999999999997,18.0,0.0037,0.1270975621722453,29.57696758614834,-1.7755527244295308,0.44686489442339794,-2.222417618852929,188.57947849999985
2023-08-10,0,0,0,0,0,0,0,0,176.00604,-0.12346506,-0.011,-0.0036,0.4875,225.0,-0.7911652280277537,-0.06776367601518521,-0.002199999999999999,0.0015000000000000005,-5.0,0.0073999999999999995,-0.03946579230953714,29.31825865003414,-2.3248022345023003,-0.10746853136174173,-2.2173337031405587,187.95791449999984
2023-08-11,0,0,0,0,0,0,0,0,176.06546,0.033712387,-0.0138,-0.0019,0.3201,142.0,-0.9617048375018652,-0.11652794078546524,-0.0028000000000000004,0.0017,-83.0,0.011899999999999999,-0.048764264770280036,29.49963782137165,-2.7238923949923333,-0.6307533040878601,-2.093139090904473,187.33190449999984
2023-08-14,0,0,0,0,1,0,0,0,177.71925,0.9393215,-0.0046,-0.0028,0.9722,123.0,-0.24759202561136273,0.06150045624140081,0.0092,-0.0009,-19.0,0.0018,0.17802839702686607,34.534903417925825,-2.873602094578615,-1.079323062186011,-1.7942790323926041,186.62540549999986
2023-08-15,0,0,0,0,0,0,0,0,175.72878,-1.1200309,0.0016,-0.0078,0.6035,179.0,-0.6290028548939861,0.17559609450645836,0.0062,-0.004999999999999999,56.0,-0.0094,0.11409563826505754,31.608742460328564,-3.116932348162436,-1.486844919381296,-1.63008742878114,185.83223849999985
2023-08-16,0,0,0,0,0,0,0,0,174.85732,-0.49591064,-0.0188,-0.027,0.566,174.0,-0.6570796491785428,-0.20989578128067812,-0.0204,-0.019200000000000002,-5.0,-0.008199999999999999,-0.3854918757871365,30.39448371172132,-3.3415732893102756,-1.857790593367092,-1.4837826959431837,184.92775499999988
2023-08-17,0,0,0,0,1,0,0,0,172.31224,-1.4555156,-0.0032,-0.0078,0.8167,163.0,-0.3924368150207085,0.08948505016799148,0.015600000000000001,0.019200000000000002,-11.0,-0.0046,0.2993808314486696,27.118051626881613,-3.68251974417754,-2.2227364235291818,-1.4597833206483584,183.99342949999988
2023-08-18,0,0,0,0,0,0,0,0,172.79747,0.2816081,-0.0183,-0.0221,0.2146,144.0,-1.0597658231877716,-0.19163932678280765,-0.0151,-0.014300000000000002,-19.0,-0.0038000000000000013,-0.2811243769507991,28.6962075792556,-3.868969191789489,-2.5519829771812432,-1.3169862146082458,183.14220799999987
2023-08-21,0,0,0,0,1,0,0,0,174.13435,0.7736802,0.0005,-0.0033,0.3493,81.0,-0.9225348327830591,0.16765554446172784,0.0188,0.0188,-63.0,-0.0038,0.3592948712445355,33.000771962929505,-3.864311303829737,-2.814448642510942,-1.0498626613187954,182.31777949999986
2023-08-22,0,0,0,0,0,0,0,0,175.51085,0.7904887,-0.0087,-0.0057,0.5833,147.0,-0.6549408710500595,-0.0056812456479784865,-0.0092,-0.0024000000000000002,66.0,0.002999999999999999,-0.17333679010970632,37.20430915527005,-3.7068179579486866,-2.9929225055984907,-0.7138954523501959,181.5191559999999
2023-08-23,0,0,0,0,1,0,0,0,179.36316,2.1948934,0.0044,-0.0094,0.3507,137.0,-0.8834383943699552,0.24454663130870735,0.0131,-0.0037,-10.0,-0.0138,0.25022787695668586,47.19024833258906,-3.233876015073804,-3.041113207493553,-0.19276280758025077,180.86963299999988
2023-08-24,0,0,0,0,0,0,0,0,174.66911,-2.6170433,0.0019,-0.0059,0.2799,148.0,-0.9295380819705316,0.1992360637684919,-0.0025000000000000005,0.0035000000000000005,11.0,-0.0078,-0.04531056754021545,39.04296170742384,-3.200938298974421,-3.0730782257897267,-0.1278600731846944,180.04870349999987
2023-08-25,0,0,0,0,0,0,0,0,176.87749,1.2643099,-0.0032,-0.0026,0.0188,145.0,-1.1753217961176459,0.10323781912615701,-0.0051,0.0033,-3.0,0.0006000000000000003,-0.09599824464233489,43.94613323888724,-2.9624874011874454,-3.0509600608692704,0.08847265968182505,179.20913149999987
2023-08-28,0,0,0,0,0,0,0,0,178.44217,0.88460445,-0.0008,-0.0072,0.6424,109.0,-0.4705699135364605,0.15005458214548653,0.0024000000000000002,-0.0046,-36.0,-0.0063999999999999994,0.04681676301932952,47.18748727444766,-2.6170885792610363,-2.9641857645476235,0.3470971852865872,178.41713499999986
2023-08-29,0,0,0,0,0,0,0,0,182.33405,2.1810293,0.0026,0.0041,2.0896,141.0,1.3439530150385988,0.21489244076374908,0.0034,0.011300000000000001,32.0,0.0015000000000000005,0.06483785861826255,54.27075301496532,-2.006189233543637,-2.7725864583468263,0.7663972248031894,177.86151699999988
2023-08-30,0,0,0,0,0,0,0,0,185.82982,1.9172311,0.0042,0.0009,1.9576,389.0,1.1865794673659782,0.2439504582445657,0.0015999999999999999,-0.0032000000000000006,248.0,-0.0033,0.029058017480816628,59.52222903319334,-1.2258369913599836,-2.4632365649494576,1.237399573589474,177.63026799999986
2023-08-31,0,0,0,0,0,0,0,0,186.04767,0.117242336,0.0077,0.0017,0.7229,218.0,-0.36134498874788906,0.30800515658582284,0.0035000000000000005,0.0007999999999999999,-171.0,-0.006,0.06405469834125713,59.83180628174026,-0.5831019071265473,-2.0872096333848758,1.5041077262583284,177.47963249999987
2023-09-01,0,0,0,0,0,0,0,0,187.62225,0.8463383,0.004,0.0051,0.1458,157.0,-1.0572189453444922,0.23621669938621542,-0.0037,0.0034000000000000002,-61.0,0.0011000000000000003,-0.07178845719960741,62.08870915389855,0.05271802390680591,-1.6592241019265395,1.7119421258333454,177.86166049999986
2023-09-04,0,0,0,0,0,0,0,0,187.62225,0.0,0.0,-0.0004,0.7188,95.0,-0.3365058673346656,0.1595387651962464,-0.004,-0.0055000000000000005,-62.0,-0.0004,-0.07667793418996902,62.08870915389855,0.5502667673214603,-1.2173259280769395,1.7675926953983998,178.39895799999985
2023-09-05,0,0,0,0,0,0,0,0,187.85991,0.12667179,-0.0002,-0.0015,1.8035,175.0,0.9914887380430308,0.16330134389966583,-0.0002,-0.0011,80.0,-0.0013,0.0037625787034194225,62.45794961390148,0.9527719450130405,-0.7833063534589435,1.736078298471984,178.90116199999986
2023-09-06,0,0,0,0,0,0,0,0,181.13579,-3.5793304,-0.0032,-0.0051,2.6972,343.0,1.9862899435824226,0.10381346011922948,-0.003,-0.0036000000000000003,168.0,-0.0019000000000000002,-0.059487883780436346,48.16463303213721,0.7208701674778126,-0.48247104927159223,1.2033412167494049,179.14677149999986
2023-09-07,0,0,1,1,0,0,0,0,175.83769,-2.924937,-0.1909,-0.0556,3.2958,246.0,2.5122539576494725,-3.1341194213273598,-0.18769999999999998,-0.050499999999999996,-97.0,0.13529999999999998,-3.2379328814465893,40.332654696921786,0.10832524014989531,-0.36431179138729475,0.47263703153719006,179.13835399999985
2023-09-08,0,1,1,1,0,0,0,0,176.45166,0.34917593,-0.5035,-0.108,2.634,298.0,1.6834425881606947,-5.661632816082518,-0.3126,-0.0524,52.0,0.39549999999999996,-2.5275133947551582,41.51942464834954,-0.3238456885560197,-0.35621857082103975,0.03237288226502005,179.15766399999987
2023-09-11,0,0,0,0,1,1,0,1,177.62024,0.6622553,-0.0172,-0.0029,2.7972,259.0,1.7820896127515775,0.039857823860612464,0.48629999999999995,0.1051,-39.0,0.0143,5.70149063994313,43.81020401434583,-0.565530539381939,-0.3980809645332196,-0.16744957484871936,179.15271349999986
2023-09-12,0,0,0,0,0,0,0,0,174.58989,-1.7060637,-0.0024,-0.0021,3.8681,618.0,2.7098960855405174,0.21378703715486091,0.0148,0.0007999999999999999,359.0,0.0002999999999999999,0.17392921329424846,39.49023734837721,-0.9901772967027682,-0.5165002309671294,-0.47367706573563884,179.09576899999988
2023-09-13,0,0,0,0,0,0,0,0,172.52017,-1.1854768,-0.0024,-0.0044,3.6549,2566.0,2.3301342292587317,0.2140327933866301,0.0,-0.0023000000000000004,1948.0,-0.0020000000000000005,0.00024575623176917305,36.819756199000835,-1.4766995447837132,-0.7085400937304461,-0.7681594510532671,178.97891149999987
2023-09-14,0,0,0,0,0,0,0,0,174.03535,0.8782506,-0.0046,-0.0088,2.2646,797.0,0.9421201066965941,0.1884210403572214,-0.0022,-0.0044,-1769.0,-0.004200000000000001,-0.025611753029408685,40.01762573062413,-1.7201803996074148,-0.9108681549058398,-0.8093122447015749,179.06506699999986
2023-09-15,0,0,0,0,0,0,0,0,173.3124,-0.41539073,-0.0021,-0.0168,2.0569,430.0,0.7129952862787677,0.21857792869755402,0.0025,-0.007999999999999998,-367.0,-0.0147,0.030156888340332616,39.003226991765445,-1.9490097827358852,-1.118496480471849,-0.8305133022640363,179.09081349999985
2023-09-18,0,0,0,0,0,0,0,0,176.2437,1.6913414,-0.0003,0.0021,1.8868,194.0,0.5280558871574841,0.2400604560470484,0.0018,0.0189,-236.0,0.0024,0.02148252734949438,45.08190999914607,-1.8722452278338721,-1.2692462299442535,-0.6029989978896186,179.19628099999986
2023-09-19,0,0,0,0,0,0,0,0,177.33302,0.61808825,0.0083,0.0063,1.4521,396.0,0.08930159752674695,0.3332840420432408,0.0086,0.004200000000000001,202.0,-0.002,0.0932235859961924,47.18817823530194,-1.70386860814898,-1.3561707055851988,-0.3476979025637812,179.28738949999985
2023-09-20,0,0,0,0,0,0,0,0,173.78777,-1.9992173,-0.0016,-0.0025,1.1694,328.0,-0.20414801006637054,0.2045473227204352,-0.0099,-0.0088,-68.0,-0.0009,-0.12873671932280562,41.59662549350163,-1.8353442638585307,-1.452005417239865,-0.3833388466186656,179.00861999999987
2023-09-21,0,1,0,0,0,0,0,0,172.2429,-0.88894963,-0.0023,-0.0285,1.1181,359.0,-0.2688542603315312,0.2139542460448893,-0.0006999999999999999,-0.026000000000000002,31.0,-0.0262,0.009406923324454114,39.405411279018814,-2.0406741449545507,-1.5697391627828021,-0.47093498217174856,178.88730949999987
2023-09-22,0,0,0,0,0,0,0,0,173.09453,0.4944563,0.0008,-0.024,1.8194,484.0,0.4427911734455216,0.26499899428620965,0.0031,0.0045000000000000005,125.0,-0.0248,0.051044748241320353,41.24292503738273,-2.1103532923094974,-1.6778619886881412,-0.43249130362135624,178.69816149999988
2023-09-25,0,0,0,0,0,0,0,0,174.37204,0.73803663,0.0022,0.0113,1.0847,220.0,-0.2850199008393773,0.28367423272207803,0.0014000000000000002,0.0353,-264.0,0.009099999999999999,0.01867523843586838,43.98692567158446,-2.038985977076919,-1.7500867863658969,-0.2888991907110223,178.4946549999999
2023-09-26,0,0,0,0,0,0,0,0,170.29199,-2.33984,-0.0014,-0.0076,1.1521,256.0,-0.22161411442518145,0.23979786092667787,-0.0036,-0.0189,36.0,-0.0062,-0.04387637179540016,37.899382742768,-2.2853091805035035,-1.8571312651934182,-0.4281779153100853,177.8925519999999
2023-09-27,0,1,0,0,0,0,0,0,168.77682,-0.88974833,-0.0026,-0.028,1.0368,309.0,-0.34649562107574966,0.22255230647552934,-0.0012,-0.0204,53.0,-0.0254,-0.01724555445114853,35.91175253678964,-2.5731222979402446,-2.0003294717427833,-0.5727928261974613,177.03990199999993
2023-09-28,0,0,0,0,0,0,0,0,169.03433,0.15256405,-0.0122,-0.0215,0.7215,279.0,-0.6816618597181994,0.10922810338225887,-0.009600000000000001,0.006500000000000002,-30.0,-0.009299999999999998,-0.11332420309327047,36.521079509681385,-2.7487514663258708,-2.150013870659401,-0.5987375956664698,176.1892349999999
2023-09-29,0,0,0,0,0,0,0,0,169.54927,0.30465126,-0.0017,-0.0063,0.3264,289.0,-1.0933796440388286,0.2330409964433754,0.0105,0.015199999999999998,10.0,-0.0046,0.12381289306111652,37.79471888744621,-2.8139500288351087,-2.2828011022945427,-0.531148926540566,175.2855859999999
2023-10-02,0,0,0,0,0,0,0,0,172.06464,1.4835596,-0.0089,-0.0087,0.5083,122.0,-0.9017539994973313,0.14874874251911244,-0.0072,-0.0023999999999999994,-167.0,0.00020000000000000052,-0.08429225392426296,43.73349331334408,-2.632307420785793,-2.352702365992793,-0.279605054793,174.50770549999993
2023-10-03,0,0,0,0,0,0,0,0,170.72774,-0.7769823,-0.0053,-0.0019,0.5861,243.0,-0.8039672756279703,0.1925209920478371,0.0036,0.0068,121.0,0.0034000000000000002,0.04377224952872466,41.46749736951773,-2.5666443242139962,-2.3954907576370337,-0.17115356657696257,173.6510969999999
2023-10-04,0,0,0,0,0,0,0,0,171.97552,0.73086023,-0.0223,-0.0146,1.1722,199.0,-0.21414537541468284,-0.006906060393377283,-0.017,-0.0127,-44.0,0.0077,-0.1994270524412144,44.36495556537483,-2.386411364515709,-2.3936748790127687,0.007263514497059642,173.19308349999991
2023-10-05,0,1,0,0,1,0,0,0,173.2134,0.7197976,-0.0116,-0.0347,0.8611,358.0,-0.5463699132705953,0.1238335727783072,0.010700000000000001,-0.0201,159.0,-0.023100000000000002,0.1307396331716845,47.15950729532866,-2.119259371994076,-2.33879177760903,0.21953240561495413,173.06186899999994
2023-10-06,0,0,1,0,0,0,0,0,175.76839,1.4750481,-0.0612,-0.0203,0.3757,165.0,-1.0526369747555335,-0.45670434804553844,-0.0496,0.014400000000000003,-193.0,0.0409,-0.5805379208238457,52.46661386989705,-1.6819842852948739,-2.207430279146199,0.5254459938513252,173.02770549999994
2023-10-09,0,0,0,0,1,0,0,0,177.2538,0.84512234,-0.0077,-0.0122,0.0,58.0,-1.4009714418051582,0.18528537377920062,0.0535,0.008099999999999998,-107.0,-0.0045000000000000005,0.641989721824739,55.27881315309481,-1.2017276870514024,-2.0062897607272396,0.8045620736758372,173.00938349999993
2023-10-10,0,0,0,0,0,0,0,0,176.65965,-0.33521652,-0.0054,-0.0134,0.125,156.0,-1.232598175004936,0.21700677069600557,0.0023,-0.0011999999999999997,98.0,-0.008,0.03172139691680495,53.90505193978286,-0.8591599512532184,-1.7768637988324354,0.917703847579217,173.11287149999993
2023-10-11,0,0,0,0,0,0,0,0,178.05595,0.7904053,-0.007,-0.0229,0.4417,253.0,-0.8871901680795011,0.1955647040051763,-0.0015999999999999999,-0.0095,97.0,-0.0159,-0.021442066690829265,56.63266401780653,-0.4695896744739798,-1.5154089739607444,1.0458192994867646,173.3896604999999
2023-10-12,0,0,0,0,0,0,0,0,178.95715,0.50611496,0.0031,-0.0079,0.2347,161.0,-1.061247840845286,0.3201321786089133,0.0101,0.015,-92.0,-0.011000000000000001,0.12456747460373699,58.345888525150855,-0.08712874908314916,-1.2297529289852254,1.1426241799020762,173.63575049999992
2023-10-13,0,0,0,0,0,0,0,0,177.11517,-1.0292709,0.003,-0.012,0.0618,154.0,-1.2060446354612362,0.31596288126358596,-9.999999999999983e-05,-0.0040999999999999995,-7.0,-0.015,-0.0041692973453273385,53.67823934799871,0.06657446880521434,-0.9704874494271374,1.0370619182323517,173.8258889999999
2023-10-16,0,0,1,0,0,0,0,0,176.98643,-0.072687864,-0.0169,-0.0939,0.8396,139.0,-0.4264676282555214,0.08174763886372503,-0.019899999999999998,-0.0819,-15.0,-0.077,-0.2342152423998609,53.35695301804162,0.17596867690801332,-0.7411962241601072,0.9171649010681205,173.8630254999999
2023-10-17,0,1,0,0,0,0,0,0,175.43164,-0.87847114,-0.0297,-0.052,0.9792,221.0,-0.27356150456488515,-0.07234463562222068,-0.012800000000000002,0.0419,82.0,-0.022299999999999997,-0.1540922744859457,49.50331280102442,0.13564221685285816,-0.5658285359575141,0.7014707528103723,173.7679564999999
2023-10-18,0,1,0,0,1,0,0,0,174.13435,-0.739485,-0.0048,-0.005,0.6472,248.0,-0.5939894019856777,0.2231830841982368,0.024900000000000002,0.047,27.0,-0.00020000000000000052,0.29552771982045745,46.48644359615234,-0.0009858896502237258,-0.4528600066960561,0.45187411704583236,173.7852854999999
2023-10-19,0,0,0,0,0,0,0,0,173.75806,-0.2161026,-0.0053,-0.0232,0.2965,202.0,-0.9206227475930158,0.21876999767265154,-0.0005000000000000004,-0.018199999999999997,-46.0,-0.0179,-0.0044130865255852525,45.61802524970432,-0.1380369031252826,-0.3898953859819014,0.25185848285661877,173.86104349999988
2023-10-20,0,0,0,0,0,0,0,0,171.20308,-1.4704227,-0.0082,-0.0036,0.2354,167.0,-0.9795357124668974,0.1869158608980642,-0.0029000000000000007,0.0196,-35.0,0.004600000000000001,-0.031854136774587344,40.13549759821795,-0.4476560515388144,-0.40144751909328397,-0.046208532445530415,173.7664709999999
2023-10-23,0,0,0,0,0,0,0,0,171.32193,0.06940365,-0.004,-0.0158,0.9069,152.0,-0.31101258997081893,0.2380443224459158,0.004200000000000001,-0.012200000000000003,-15.0,-0.011800000000000001,0.05112846154785161,40.49376163218407,-0.675652751275436,-0.45628856552971436,-0.21936418574572164,173.6139654999999
2023-10-24,0,0,0,0,0,0,0,0,171.75764,0.25433302,-0.0017,-0.0057,0.6868,171.0,-0.5073961936638293,0.26705282548983106,0.0023,0.010100000000000001,19.0,-0.004,0.02900850304391525,41.867289367382,-0.8118254049007305,-0.5273959334039175,-0.28442947149681297,173.6872479999999
2023-10-25,0,0,0,0,0,0,0,0,169.44037,-1.349169,-0.0005,-0.0012,1.259,354.0,0.06277983078065962,0.2776379097884703,0.0012,0.0045000000000000005,183.0,-0.0006999999999999999,0.010585084298639247,36.97863228180357,-1.0941152571153907,-0.6407397981462122,-0.4533754589691785,173.72042549999986
2023-10-26,0,1,1,0,0,0,0,0,165.2712,-2.4605513,-0.0007,0.0477,0.7764,455.0,-0.3836512279562339,0.27236637479362485,-0.00019999999999999998,0.0489,101.0,0.0484,-0.00527153499484545,30.15607496089713,-1.6353973321312765,-0.8396713049432251,-0.7957260271880514,173.53226899999987
2023-10-27,0,0,0,0,0,0,0,0,166.58829,0.79693794,-0.014,-0.0198,0.6569,277.0,-0.4816485484548032,0.047793437563695376,-0.013300000000000001,-0.0675,-178.0,-0.005800000000000001,-0.2245729372299295,34.28119453388136,-1.935774714754757,-1.0588919869055315,-0.8768827278492255,173.38421999999989
2023-10-30,0,0,0,0,0,0,0,0,168.6382,1.230526,-0.0223,-0.0334,1.6681,145.0,0.619122777991862,-0.0699390980239774,-0.0083,-0.013599999999999998,-132.0,-0.011099999999999999,-0.11773253558767277,40.20098034559418,-1.9855274251890478,-1.2442190745622348,-0.741308350626813,173.21289799999988
2023-10-31,0,1,0,0,1,0,0,1,169.11356,0.2818823,0.0006,-0.0028,2.6472,743.0,1.6299829992765948,0.2581418435558854,0.0229,0.0306,598.0,-0.0034,0.3280809415798628,41.516573680798516,-1.963959919971586,-1.388167243644105,-0.575792676327481,173.13218899999987
2023-11-01,0,0,0,0,0,0,0,0,172.2825,1.8738627,-0.0133,-0.013,1.2243,362.0,0.1361745363630233,0.05772763984602447,-0.0139,-0.010199999999999999,-381.0,0.0002999999999999999,-0.2004142037098609,49.49374363216987,-1.6718880578214907,-1.4449114064795823,-0.22697665134190848,173.14753799999988
2023-11-02,0,0,0,0,0,0,0,0,175.8476,2.0693302,-0.0321,-0.0291,2.1813,337.0,1.1278277718351448,-0.20967845498326296,-0.018799999999999997,-0.016100000000000003,-25.0,0.0029999999999999957,-0.26740609482928746,56.65653139097429,-1.139608529836977,-1.3838508311510611,0.2442423013140842,173.27924799999988
2023-11-03,0,0,1,0,0,0,1,0,174.93651,-0.5181134,-0.4292,0.1293,2.5576,309.0,1.4715198309239552,-4.647016502447462,-0.3971,0.15839999999999999,-28.0,0.5585,-4.437338047464199,54.528232722884454,-0.7822729619877293,-1.2635352573183947,0.48126229533066534,173.23765399999985
2023-11-06,0,0,0,0,1,0,0,0,177.49147,1.4605165,-0.0164,-0.0098,1.2222,113.0,0.057739259710582594,0.09596742715485211,0.4128,-0.1391,-196.0,0.006600000000000002,4.742983929602314,59.16123677971977,-0.28957993347918887,-1.0687441925505534,0.7791642590713646,173.24953749999986
2023-11-07,0,0,0,0,0,0,0,0,180.05635,1.4450788,0.0006,-0.0058,0.9549,262.0,-0.23124874892227218,0.2914805860707863,0.017,0.004,149.0,-0.0063999999999999994,0.19551315891593418,63.213326004633295,0.30433899123241304,-0.7941275557939601,1.0984665470263733,173.41937249999984
2023-11-08,0,0,0,0,0,0,0,0,181.11598,0.5884886,0.0011,-0.0029,1.025,253.0,-0.1656971203064421,0.2932090096117727,0.0005000000000000001,0.0029,-9.0,-0.004,0.0017284235409864013,64.76860441368478,0.8507207243684434,-0.46515789976147937,1.3158786241299227,173.57237399999985
2023-11-09,0,1,0,0,0,0,0,0,180.64061,-0.26245117,-0.0084,-0.0281,1.6924,286.0,0.5270287501356533,0.18517346879034316,-0.0095,-0.0252,33.0,-0.019700000000000002,-0.10803554082142955,63.472133071245594,1.2311815041830698,-0.12589001897256952,1.3570715231556394,173.65654699999985
2023-11-10,0,0,0,0,0,0,0,0,184.83511,2.3189425,-0.0211,-0.0466,0.6972,230.0,-0.5410006566396878,0.039868531241472514,-0.012700000000000001,-0.018500000000000003,-56.0,-0.025500000000000002,-0.14530493754887064,69.30970852222296,1.8498367418819157,0.26925533319832756,1.580581408683588,174.04254399999985
2023-11-13,0,0,0,0,0,0,0,0,183.24857,-0.8583665,-0.0017,-0.0094,0.4972,124.0,-0.7589747652749315,0.2631097561864147,0.0194,0.037200000000000004,-106.0,-0.0077,0.22324122494494217,65.0735866158263,2.1868957829065607,0.6527834231399743,1.5341123597665864,174.35565099999985
2023-11-14,0,1,1,0,0,0,0,0,185.86638,1.4285684,-0.0056,0.0269,1.2264,204.0,0.01027623080122568,0.21769726087142377,-0.0039,0.0363,80.0,0.0325,-0.04541249531499092,68.49514277570177,2.6348796380352155,1.0492026661190226,1.585676971916193,174.87738799999985
2023-11-15,0,1,0,0,0,0,0,0,186.43161,0.30409098,-0.0013,-0.0133,0.8514,209.0,-0.40418069555551894,0.2682585930879831,0.0043,-0.0402,5.0,-0.012,0.05056133221655934,69.19681940241583,3.000926594184051,1.4395474517320284,1.5613791424520227,175.49225099999987
2023-11-16,0,0,0,0,0,0,0,0,188.11736,0.9042144,0.0019,-0.0018,1.4924,244.0,0.2693653187603008,0.305019459459329,0.0031999999999999997,0.0115,35.0,-0.0037,0.0367608663713459,71.25319183263503,3.387992709751529,1.8292365033359286,1.5587562064156006,176.2102159999999
2023-11-17,0,0,0,0,0,0,0,0,188.0975,-0.010544062,0.0006,0.0009,0.8438,310.0,-0.459247592324663,0.28930046131586534,-0.0013,0.0027,66.0,0.00030000000000000003,-0.01571899814346367,71.19289234706773,3.651055760868502,2.1936003548424434,1.4574554060260585,177.05493699999988
2023-11-20,0,0,0,0,0,0,0,0,189.84271,0.92782974,-0.0007,-0.0007,0.3396,109.0,-1.006343740896177,0.27434871390153776,-0.0013,-0.0015999999999999999,-201.0,0.0,-0.014951747414327587,73.32890245370311,3.9547708492266054,2.5458344537192756,1.4089363955073297,177.98097599999988
2023-11-21,0,0,0,0,0,0,0,0,189.03952,-0.4230857,-0.0104,-0.0094,0.5542,178.0,-0.7439218523927528,0.16552860305544018,-0.0097,-0.008700000000000001,69.0,0.0009999999999999992,-0.10882011084609758,70.72958085580794,4.083583515612844,2.853384266097989,1.2301992495148548,178.84506999999988
2023-11-22,0,0,0,0,0,0,0,0,189.70389,0.3514409,-0.0105,-0.0308,0.1222,173.0,-1.179062446568757,0.16731493466900596,-0.00010000000000000113,-0.021400000000000002,-5.0,-0.0203,0.0017863316135657836,71.62554126705518,4.190966732689105,3.1209007594162124,1.070065973272893,179.85824599999987
2023-11-23,0,0,0,0,0,0,0,0,189.70389,0.0,-0.0294,-0.0088,0.0028,118.0,-1.281296365954703,-0.04298756830362722,-0.0189,0.022,-55.0,0.0206,-0.21030250297263317,71.62554126705518,4.227338578174056,3.342188323167781,0.8851502550062746,181.07988049999986
2023-11-24,0,1,1,0,1,0,0,0,188.37515,-0.70043206,-0.0071,-0.0463,0.1299,129.0,-1.1429832031030671,0.21604707997010947,0.0223,-0.0375,11.0,-0.0392,0.2590346482737367,66.8772469722791,4.1016638864238075,3.4940834358189865,0.607580450604821,182.16922349999984
2023-11-27,0,0,0,0,0,0,0,0,188.19664,-0.094753504,0.0007,-0.0033,0.1431,118.0,-1.108835264765034,0.3057676449334342,0.0078000000000000005,0.043000000000000003,-11.0,-0.004,0.08972056496332476,66.24190180880555,3.9422180864892766,3.5837103659530447,0.3585077205362319,183.14714549999985
2023-11-28,0,0,0,0,0,0,0,0,188.80153,0.3214121,-0.0012,-0.0025,0.4868,136.0,-0.7159626956261619,0.2840858130836506,-0.0018999999999999998,0.0007999999999999999,18.0,-0.0013000000000000002,-0.021681831849783617,67.37301690206131,3.8206239345578012,3.631093079673996,0.18953085488380506,184.13154399999988
2023-11-29,0,0,0,0,0,0,0,0,187.78017,-0.5409658,0.0012,-0.0005,0.3799,263.0,-0.8040330940389299,0.3108165200835105,0.0024,0.002,127.0,-0.0017,0.02673070699985991,63.503862251427755,3.6003419758131088,3.624942858901819,-0.024600883088710113,184.9064274999999
2023-11-30,0,0,0,0,0,0,0,0,188.35532,0.30628443,-0.002,-0.0032,0.5986,222.0,-0.5417403599744584,0.245339515985957,-0.0031999999999999997,-0.0027,-41.0,-0.0012000000000000001,-0.06547700409755353,64.73213885153977,3.432607769095057,3.5864758409404667,-0.15386807184540974,185.53181349999988
2023-12-01,0,0,0,0,0,0,0,0,189.63449,0.6791353,0.0017,-0.0026,0.2854,250.0,-0.8753068354106657,0.286169190406663,0.0037,0.0006000000000000003,28.0,-0.0043,0.04082967442070601,67.3629630000563,3.364116094098307,3.5420038915720347,-0.17788779747372763,186.26671249999987
2023-12-04,0,0,0,0,0,0,0,0,187.83969,-0.94646215,0.0001,-0.0089,0.2611,80.0,-0.8817285893314444,0.25208297686390535,-0.0015999999999999999,-0.0063,-170.0,-0.009,-0.03408621354275765,60.539229384438244,3.1289420912479216,3.459391531507212,-0.33044944025929057,186.78412349999988
2023-12-05,0,0,0,0,0,0,0,0,191.79619,2.1063209,-0.0025,-0.0015,0.5063,177.0,-0.579709198988855,0.20538781285512575,-0.0026,0.0074,97.0,0.001,-0.0466951640087796,68.18913609649645,3.2246497290004754,3.4124431710058647,-0.18779344200538928,187.3711154999999
2023-12-06,1,1,0,0,0,0,0,0,190.70544,-0.5687058,0.0325,0.0106,1.7431,192.0,1.2890390100066613,0.8194683328394377,0.035,0.0121,15.0,-0.021900000000000003,0.6140805199843119,64.47804857325549,3.175874804402042,3.3651294976851003,-0.1892546932830581,187.8505884999999
2023-12-07,0,1,0,0,0,0,0,0,192.63907,1.0139346,-0.0027,-0.0013,0.9333,272.0,0.08638288965725065,0.1897147758192512,-0.0352,-0.0119,80.0,0.0014000000000000002,-0.6297535570201864,67.82142763371824,3.2557182132847515,3.3432472408050304,-0.08752902752027891,188.4505114999999
2023-12-08,0,0,0,0,0,0,0,0,194.06697,0.74124336,0.0014,-0.004,0.9583,234.0,0.16023032615455862,0.2618845891206798,0.0041,-0.0027,-38.0,-0.0054,0.0721698133014286,70.06229622972431,3.3950779414602437,3.353613380936073,0.04146456052417058,188.91210449999988
2023-12-11,0,0,0,0,0,0,0,0,191.55818,-1.2927353,0.0014,0.0074,1.4243,111.0,0.9544114611898674,0.2613451734517464,0.0,0.0114,-123.0,0.006,-0.0005394156689333962,61.905326739166085,3.265441170754883,3.335978938899835,-0.07053776814495194,189.32758499999989
2023-12-12,0,0,0,0,0,0,0,0,193.07538,0.7920146,-0.0022,0.0008,1.4188,350.0,0.9470197637874752,0.20034153957669182,-0.0036,-0.0066,239.0,0.003,-0.061003633875054586,64.59024230952389,3.2476910948945203,3.318321370098772,-0.0706302752042518,189.6880349999999
2023-12-13,0,0,0,0,0,0,0,0,196.29808,1.6691446,-0.0013,-0.0019,1.1437,291.0,0.48789604610121146,0.21634200791788788,0.0009000000000000002,-0.0027,-59.0,-0.0006000000000000001,0.01600046834119606,69.50650726303326,3.4538550970563904,3.3454281154902956,0.10842698156609476,190.1813584999999
2023-12-14,0,0,1,0,0,0,0,0,196.44681,0.075769424,0.0218,-0.0145,0.6694,240.0,-0.29329412460048,0.6203761965233586,0.0231,-0.0126,-51.0,-0.0363,0.40403418860547075,69.71548323601326,3.5878839295529588,3.3939192783028282,0.19396465125013052,190.59783099999987
2023-12-15,0,0,0,0,0,0,0,0,195.91136,-0.27257204,0.0049,0.0111,0.1097,192.0,-1.1958771821828247,0.3177434401005769,-0.0169,0.0256,-48.0,0.006200000000000001,-0.3026327564227817,67.9110749300155,3.609290747838827,3.436993572210028,0.17229717562879898,190.9885239999999
2023-12-18,0,0,0,0,0,0,0,0,194.24545,-0.85033774,-0.0209,-0.0056,2.5069,109.0,2.650755547909603,-0.13527595540938794,-0.025799999999999997,-0.0167,-83.0,0.015299999999999998,-0.45301939550996484,62.4917457887187,3.4520378476600513,3.4400024273000325,0.012035420360018811,191.2086609999999
2023-12-19,0,1,1,0,0,0,0,0,195.28664,0.53601265,-0.1282,-0.0876,2.4375,347.0,2.385347316041877,-1.9449303916494707,-0.1073,-0.082,238.0,0.04060000000000001,-1.8096544362400828,64.40368091206632,3.372552437575166,3.4265124293550593,-0.05395999177989319,191.5210169999999
2023-12-20,0,0,0,0,0,0,0,0,193.19437,-1.0713935,-0.0397,-0.0404,1.691,236.0,1.2238515222697142,-0.4075503446850931,0.08850000000000001,0.0472,-111.0,-0.0006999999999999992,1.5373800469643775,58.00508357892413,3.104939168277042,3.362197777139456,-0.25725860886241403,191.6955409999999
2023-12-21,0,0,1,0,1,0,0,0,193.0456,-0.07699728,-0.0129,-0.0474,1.3958,219.0,0.7623671596845828,0.05438666031886678,0.026799999999999997,-0.006999999999999999,-17.0,-0.034499999999999996,0.4619370050039599,57.56712708958352,2.848019037991861,3.259362029309937,-0.41134299131807595,191.86262649999992
2023-12-22,0,1,0,0,0,0,0,0,191.97469,-0.55475235,-0.0482,-0.0564,0.3875,247.0,-0.7400317952740076,-0.5393772146779602,-0.0353,-0.009000000000000001,28.0,-0.008199999999999999,-0.5937638749968269,54.38396972850774,2.5288435622642567,3.113258335900801,-0.5844147736365444,192.04260349999993
2023-12-25,0,0,0,0,1,0,0,0,191.97469,0.0,-0.0007,-0.0027,0.0653,67.0,-1.1971488275225899,0.2748982656739452,0.0475,0.0537,-180.0,-0.002,0.8142754803519054,54.38396972850774,2.249958576298013,2.9405983839802436,-0.6906398076822304,192.2315059999999
2023-12-26,0,0,0,0,0,0,0,0,191.4293,-0.28409362,-0.0004,-0.0067,2.4514,92.0,2.184183840739374,0.2785563417010906,0.0003,-0.004,25.0,-0.0063,0.003658076027145407,52.663999407389795,1.9623114952555625,2.7449410062353072,-0.7826295109797448,192.3628944999999
2023-12-27,0,1,1,0,0,0,0,0,191.52846,0.051796436,-0.1044,-0.0488,3.0326,320.0,2.7641794982923735,-1.4574147463252256,-0.10400000000000001,-0.042100000000000005,228.0,0.055600000000000004,-1.7359710880263162,52.95532227490788,1.7224946483390227,2.5404517346560502,-0.8179570863170276,192.5503089999999
2023-12-28,0,1,1,0,0,0,0,0,191.95485,0.22262335,-0.1009,-0.146,1.8785,335.0,1.2028144244905667,-1.3516283633987878,0.003500000000000003,-0.09719999999999998,15.0,-0.04509999999999999,0.10578638292643783,54.258922950904385,1.5489884047623832,2.342159068677317,-0.7931706639149336,192.7302854999999
2023-12-29,0,0,0,0,0,0,0,0,190.91365,-0.5424142,-0.0329,-0.014,0.4132,173.0,-0.7090242927617522,-0.23160188225139164,0.068,0.13199999999999998,-162.0,0.0189,1.1200264811473961,50.573645646917285,1.3123394856665698,2.1361951520751674,-0.8238556664085976,192.7942434999999
2024-01-01,0,0,0,0,1,0,0,0,190.91365,0.0,-0.0072,-0.0029,0.1028,40.0,-1.1192456258909143,0.1964161646497008,0.0257,0.0111,-133.0,0.0043,0.42801804690109246,50.5736456469173,1.1119753526351985,1.9313511921871735,-0.819375839551975,192.9479414999999
2024-01-02,0,1,0,1,0,0,0,0,184.0815,-3.5786629,-0.1229,-0.1166,2.234,71.0,1.602977794887183,-1.6584527713231787,-0.1157,-0.1137,31.0,0.0063,-1.8548689359728794,33.3405221322279,0.39730800792244736,1.6245425553342283,-1.227234547411781,192.5622069999999
2024-01-03,0,1,1,1,0,0,0,0,182.70319,-0.7487595,-0.6212,-0.1938,1.2375,100.0,0.29923377034934096,-5.967363008079444,-0.49829999999999997,-0.0772,29.0,0.4274,-4.308910236756265,31.04241910299909,-0.27709493175757416,1.2442150579158677,-1.5213099896734419,192.1620944999999
2024-01-04,0,0,1,1,0,0,0,0,180.38284,-1.270014,-0.4506,-0.0851,1.7306,94.0,0.9078233010108598,-3.657569691833882,0.17059999999999997,0.1087,-6.0,0.3655,2.3097933162455626,27.594120052399802,-0.987414671600817,0.7978891120125308,-1.7853037836133478,191.5492829999999
2024-01-05,0,1,1,0,0,0,0,0,179.65892,-0.40130615,-0.3849,-0.1215,1.0958,134.0,0.061720681850329445,-2.807602729722756,0.06569999999999998,-0.0364,40.0,0.2634,0.8499669621111257,26.60129240687849,-1.5904290014312608,0.3202254893237724,-1.9106544907550331,190.82888049999988
2024-01-08,0,0,1,0,0,0,0,0,184.00217,2.4174929,-0.1944,-0.0447,1.9708,84.0,1.175811052225764,-1.1942404065917334,0.19050000000000003,0.07680000000000001,-50.0,0.1497,1.6133623231310228,40.445829228059075,-1.6982814934473538,-0.08347590723045284,-1.6148055862169008,190.45107999999988
2024-01-09,0,1,0,0,1,1,0,0,183.5857,-0.22634268,-0.0222,-0.0171,1.2764,329.0,0.2650515304276153,0.21103293805980575,0.1722,0.027599999999999996,245.0,0.0051,1.405273344651539,39.67307837011737,-1.7966503519392063,-0.42611079617220354,-1.3705395557670028,189.97659599999992
2024-01-10,0,0,0,0,0,0,0,0,184.62689,0.5671382,-0.0232,-0.0044,0.7514,201.0,-0.42094814120211504,0.20551783453511457,-0.0009999999999999974,0.0127,-128.0,0.018799999999999997,-0.005515103524691173,42.624447830052944,-1.7701874307924754,-0.694926123096258,-1.0752613076962174,189.3930364999999
2024-01-11,0,0,1,0,0,0,0,0,184.03192,-0.3222525,-0.0694,-0.1667,1.716,148.0,0.8076710700105825,-0.16339619974351216,-0.046200000000000005,-0.1623,-53.0,-0.09729999999999998,-0.36891403427862673,41.378675271685964,-1.7767432910816012,-0.9112895566933267,-0.8654537343882746,188.7722919999999
2024-01-12,0,1,1,0,0,0,1,0,184.35915,0.17781258,-0.0914,0.0876,0.834,243.0,-0.3619084146694408,-0.33198160237446106,-0.021999999999999992,0.25429999999999997,95.0,0.179,-0.1685854026309489,42.376202135195925,-1.7355280444012067,-1.0761372542349026,-0.6593907901663041,188.1946814999999
2024-01-15,0,0,0,0,1,0,0,0,184.35915,0.0,-0.0022,0.0093,1.7764,148.0,0.8582153983907875,0.39723248081046253,0.0892,-0.0783,-95.0,0.0115,0.7292140831849236,42.37620213519593,-1.6834587993450327,-1.1976015632569286,-0.48585723608810416,187.7003664999999
2024-01-16,0,0,0,0,0,0,0,0,182.08836,-1.2317061,-0.0092,0.0043,2.8451,280.0,2.131423915084271,0.34114427170002615,-0.006999999999999999,-0.004999999999999999,132.0,0.0135,-0.05608820911043638,37.27182393686937,-1.8046247321432531,-1.3190061970341935,-0.4856185351090596,187.0404524999999
2024-01-17,0,1,1,0,0,0,1,0,181.14633,-0.51735044,-0.1192,0.0405,2.6806,368.0,1.8378899113664107,-0.5419563299854393,-0.11,0.0362,88.0,0.1597,-0.8831006016854654,35.36851168813852,-1.954137474567574,-1.4460324525408697,-0.5081050220267043,186.4380504999999
2024-01-18,0,1,1,0,1,0,0,1,187.04642,3.257072,-0.034,-0.08,2.2597,439.0,1.2757650836008116,0.15903445972789199,0.0852,-0.1205,71.0,-0.046,0.7009907897133313,51.926674497514114,-1.5783452645060834,-1.4724950149339124,-0.10585024957217093,186.13809149999992
2024-01-19,0,0,1,0,0,0,0,0,189.9518,1.553297,0.0327,-0.0193,1.4382,254.0,0.2652738889114068,0.6961657573812431,0.06670000000000001,0.060700000000000004,-185.0,-0.052000000000000005,0.5371312976533511,57.676778484714234,-1.0341661225546943,-1.3848292364580688,0.35066311390337446,186.03694699999988
2024-01-22,0,0,0,0,0,0,0,0,192.26224,1.2163281,0.0009,0.0024,1.2354,135.0,0.027543864344006404,0.43317956970859556,-0.0318,0.0217,-119.0,0.0014999999999999998,-0.26298618767264753,61.60932375415792,-0.41172097005656383,-1.1902075831777679,0.778486613121204,186.0513244999999
2024-01-23,0,1,0,0,0,0,0,0,193.54141,0.66531897,-0.0035,-0.0177,1.1625,291.0,-0.03200837612128038,0.3979825529956624,-0.0044,-0.0201,156.0,-0.0142,-0.03519701671293318,63.62454046503313,0.18268376161643118,-0.915629314218928,1.0983130758353592,186.15692999999987
2024-01-24,0,0,0,0,0,0,0,0,192.86711,-0.3483951,-0.0039,-0.0046,1.6014,281.0,0.5086547963117025,0.39326467346660615,-0.00039999999999999975,0.0131,-10.0,-0.0007000000000000001,-0.004717879529056224,61.78343930461509,0.5925132948460714,-0.6140007924059281,1.2065140872519995,186.22386249999988
2024-01-25,0,1,1,0,0,0,0,0,192.53987,-0.16966462,-0.0061,0.0314,1.8042,314.0,0.7761598072190731,0.3714588520432904,-0.0022000000000000006,0.036,33.0,0.0375,-0.021805821423315774,60.862980999583684,0.8807479058397121,-0.31505105275680007,1.195798958596512,186.25311349999987
2024-01-26,0,1,0,0,0,0,0,0,190.8046,-0.9012699,-0.0016,-0.0046,0.8681,381.0,-0.37692901598490824,0.38208630154891854,0.0045000000000000005,-0.036,67.0,-0.003,0.010627449505628161,56.090879747904744,0.9581096334747201,-0.06041891551049605,1.0185285489852163,186.24766099999988
2024-01-29,0,0,0,0,0,0,0,0,190.12036,-0.35859346,0.0078,0.0048,0.5257,138.0,-0.7998235119438633,0.46138948070835195,0.0094,0.009399999999999999,-243.0,-0.003,0.07930317915943341,54.28349619921307,0.95321879747965,0.1423086270875332,0.8109101703921168,186.20799649999987
2024-01-30,0,0,0,0,0,0,0,0,186.46136,-1.9245803,-0.0013,-0.0034,0.6813,218.0,-0.5925858197470004,0.3809980162576936,-0.0091,-0.008199999999999999,80.0,-0.0021,-0.08039146445065837,45.78701602774661,0.6466380137515273,0.243174504420332,0.4034635093311953,186.3269894999999
2024-01-31,0,0,0,1,0,0,0,0,182.85191,-1.9357562,-0.0414,-0.0525,0.5167,218.0,-0.7885554678091123,0.031608872645567124,-0.0401,-0.0491,0.0,-0.011099999999999999,-0.3493891436121265,39.259095860805,0.11113696651437976,0.21676699683914155,-0.10563003032476179,186.3344254999999
2024-02-01,0,0,0,0,0,0,0,0,185.29129,1.3340592,-0.0052,0.0079,1.5507,197.0,0.533640135583144,0.35264417510014073,0.036199999999999996,0.060399999999999995,-21.0,0.0131,0.3210353024545736,44.96940730709915,-0.11508723820435307,0.15039614983044264,-0.2654833880347957,186.5798479999999
2024-02-02,0,1,1,0,0,0,1,0,184.28973,-0.54050684,-0.138,0.0879,2.5965,361.0,1.7829176997479048,-0.8053019225099707,-0.1328,0.08,164.0,0.22590000000000002,-1.1579460976101115,43.17471413566658,-0.3709134129759377,0.046134237269166545,-0.41704765024510426,186.8113884999999
2024-02-05,0,0,1,0,1,0,0,0,186.10437,0.9846568,-0.0051,-0.0595,0.834,130.0,-0.4204323931289741,0.36947331520364146,0.13290000000000002,-0.1474,-231.0,-0.0544,1.1747752377136123,47.2800283806252,-0.4223624853699164,-0.04756510725865004,-0.37479737811126634,186.9164984999999
2024-02-06,0,1,0,0,0,0,0,0,187.7108,0.86318254,0.0018,0.0053,0.6604,237.0,-0.6236755417461323,0.4291695501077079,0.0069,0.0648,107.0,0.0035,0.05969623490406645,50.67713430037273,-0.3297100778680999,-0.10399410138054002,-0.2257159764875599,187.12275349999987
2024-02-07,0,0,0,0,0,0,0,0,187.81985,0.05811453,-0.0077,-0.009,0.5021,160.0,-0.8101654111003013,0.3463216807713471,-0.0095,-0.0143,-77.0,-0.001299999999999999,-0.08284786933636079,50.90838856780331,-0.244662635205799,-0.13212780814559183,-0.11253482706020718,187.28240149999988
2024-02-08,0,0,0,0,0,0,0,0,186.73901,-0.5754709,-0.0101,-0.0144,0.4694,259.0,-0.8259455767450951,0.3271048429991536,-0.0023999999999999994,-0.0054,99.0,-0.0043,-0.019216837772193518,48.482095490780296,-0.2614626999552172,-0.15799478650751692,-0.10346791344770029,187.41775599999988
2024-02-09,0,0,0,0,0,0,0,0,187.50352,0.40887594,-0.0023,-0.0132,0.0,209.0,-1.367548867738225,0.39657240291123663,0.0078,0.0011999999999999997,-50.0,-0.0109,0.06946755991208303,50.286904138771014,-0.21065895923231892,-0.16852762105247732,-0.042131338179841604,187.57497449999988
2024-02-12,0,0,0,0,0,0,0,0,185.81564,-0.90019107,-0.0017,0.006,0.0097,99.0,-1.338605043530927,0.4020505936967455,0.0006000000000000001,0.019200000000000002,-110.0,0.0077,0.005478190785508874,46.42034696952933,-0.30310048477156215,-0.1954421937962943,-0.10765829097526786,187.64779899999985
2024-02-13,0,0,0,0,0,0,0,0,183.72066,-1.1274397,-0.0082,-0.0043,0.2681,156.0,-1.0157874438237118,0.3441998680201755,-0.006500000000000001,-0.0103,57.0,0.0039000000000000007,-0.057850725676570014,42.094077831402714,-0.5391929565214468,-0.2641923463413248,-0.275000610180122,187.72941399999985
2024-02-14,0,0,0,0,0,0,0,0,182.837,-0.48097968,-0.0043,-0.0035,0.1875,190.0,-1.1156472622236429,0.37765220909374503,0.0039000000000000007,0.0007999999999999999,34.0,0.0007999999999999999,0.033452341073569536,40.38442075602762,-0.7885124377326349,-0.36905636461958685,-0.41945607311304806,187.81394749999984
2024-02-15,0,0,0,0,0,0,0,0,182.54909,-0.15747547,-0.0032,-0.0227,0.4715,190.0,-0.7913613383291698,0.3831110980953096,0.0010999999999999998,-0.019200000000000002,0.0,-0.0195,0.005458889001564549,39.816990259214684,-0.9978294963712244,-0.4948109909699144,-0.5030185054013101,187.58908099999982
2024-02-16,0,0,0,0,0,0,0,0,181.01012,-0.8430362,-0.004,-0.0068,0.1576,213.0,-1.1743402476074776,0.3755267853000145,-0.0007999999999999999,0.0159,23.0,-0.0027999999999999995,-0.0075843127952950895,36.837467742817424,-1.2732199041778642,-0.6504927736115044,-0.6227271305663599,187.14199699999983
2024-02-19,0,0,1,0,0,0,0,0,181.01012,0.0,-0.4073,-0.1485,0.575,68.0,-0.6809899990691219,-2.8952039294805734,-0.4033,-0.1417,-145.0,0.25880000000000003,-3.270730714780588,36.837467742817424,-1.4744719911582536,-0.8152886171208542,-0.6591833740373993,186.57939099999982
2024-02-20,0,1,0,0,1,0,0,0,180.26547,-0.4113853,-0.0022,-0.0084,0.9354,156.0,-0.24922998582820882,0.4183651200218038,0.4051,0.1401,88.0,-0.006199999999999999,3.313569049502377,35.35291747081211,-1.6747473072692856,-0.9871803551505405,-0.6875669521187451,185.91559399999983
2024-02-21,0,0,0,0,0,0,0,0,181.02008,0.41860342,-0.0051,-0.0065,1.375,235.0,0.27414902694699805,0.395648274801828,-0.0029000000000000002,0.0018999999999999998,79.0,-0.0013999999999999993,-0.0227168452199758,38.076350677675094,-1.7523759189543284,-1.140219467911298,-0.6121564510430304,185.32324249999982
2024-02-22,0,0,0,0,0,0,0,0,183.05545,1.1243939,-0.0017,-0.002,0.3062,281.0,-1.0410163452276036,0.42342117962857617,0.0034000000000000002,0.0045,46.0,-0.00030000000000000014,0.027772904826748157,44.82775268897956,-1.6308602623662125,-1.2383476268022808,-0.3925126355639317,184.84902149999982
2024-02-23,0,0,0,0,0,0,0,0,181.21863,-1.0034144,-0.0038,-0.0042,0.2521,157.0,-1.1062948244301845,0.40712111508332965,-0.0021000000000000003,-0.0021999999999999997,-124.0,-0.00039999999999999975,-0.016300064545246518,40.532857571318765,-1.6635973375479978,-1.3233975689514241,-0.34019976859657364,184.36972299999982
2024-02-26,0,0,0,0,0,0,0,0,179.86835,-0.7451236,0.0011,-0.005,0.4792,109.0,-0.8342458859643102,0.44706498124328464,0.0049,-0.0008000000000000004,-48.0,-0.0061,0.03994386615995499,37.675243460327835,-1.7780023128323137,-1.414318517727602,-0.3636837951047116,183.85712249999983
2024-02-27,0,1,1,0,0,0,0,0,181.32785,0.8114338,-0.0022,-0.0349,1.6014,146.0,0.5355208624518374,0.4200070441265242,-0.0033,-0.0299,37.0,-0.0327,-0.027057937116760467,42.40205508512498,-1.7309463554302056,-1.4776440852681227,-0.25330227016208284,183.60044699999983
2024-02-28,0,1,0,0,0,0,0,0,180.12648,-0.66254735,-0.0038,-0.0099,2.6347,348.0,1.7604825614125186,0.4130254103424935,-0.0015999999999999999,0.025,202.0,-0.006100000000000001,-0.006981633784030661,39.73093244324235,-1.7701890514208003,-1.5361530784986583,-0.23403597292214195,183.46417549999984
2024-02-29,0,0,0,0,0,0,0,0,179.46124,-0.36931038,-0.002,-0.0051,1.3535,304.0,0.1957024808608793,0.42768582840474173,0.0018,0.0048000000000000004,-44.0,-0.0031000000000000003,0.014660418062248215,38.29244436063447,-1.83382923715223,-1.5956883102293726,-0.23814092692285738,183.17267299999983
2024-03-01,0,0,0,0,0,0,0,0,178.37906,-0.6030381,-0.0063,-0.0139,0.8806,213.0,-0.3772650061312271,0.39362646313024796,-0.0043,-0.008799999999999999,-91.0,-0.007599999999999999,-0.03405936527449377,36.00848589043795,-1.9491191919315156,-1.6663744865698011,-0.2827447053617145,182.87713949999983
2024-03-04,0,0,1,1,0,0,0,0,173.85153,-2.5381267,-0.0981,-0.1557,2.9521,161.0,2.0330069309544543,-0.3468007917033556,-0.0918,-0.1418,-52.0,-0.0576,-0.7404272548336035,28.38144419935113,-2.3784043793861542,-1.8087804651330717,-0.5696239142530826,182.26449749999983
2024-03-05,0,1,1,1,0,0,0,0,168.90706,-2.8440952,-0.276,-0.3645,2.7222,362.0,1.6954520691606767,-1.7278999116500677,-0.1779,-0.20879999999999999,201.0,-0.08849999999999997,-1.3810991199467122,22.7212996516928,-3.082065259820581,-2.0634374240705737,-1.0186278357500074,181.32431049999985
2024-03-06,0,0,0,1,0,0,0,0,167.91417,-0.587821,-0.232,-0.262,1.7792,250.0,0.6040156771579664,-1.3263791811846435,0.04400000000000001,0.10249999999999998,-112.0,-0.03,0.40152073046542425,21.78189073036476,-3.677448168880943,-2.3862395730326478,-1.2912085958482953,180.32902649999986
2024-03-07,0,0,1,1,0,0,0,0,167.79504,-0.07095337,-0.1082,-0.0449,1.4583,240.0,0.22423728340099075,-0.3310632688592975,0.12380000000000001,0.21710000000000002,-10.0,0.0633,0.995315912325346,21.66614424046919,-4.11151126664754,-2.731293911755626,-1.3802173548919137,179.38182799999987
2024-03-08,0,1,0,0,1,0,0,0,169.51268,1.0236621,-0.0357,-0.0163,0.7326,250.0,-0.6243896341772548,0.25006150557022083,0.07250000000000001,0.028600000000000004,10.0,0.019400000000000004,0.5811247744295183,27.63684664257426,-4.2677146478988846,-3.0385780589842777,-1.2291365889146069,178.48228599999985
2024-03-11,0,0,0,0,0,0,0,0,171.51831,1.1831522,-0.0064,-0.0126,1.0403,118.0,-0.24446910269153238,0.480720367669731,0.029300000000000003,0.0036999999999999984,-132.0,-0.0062,0.23065886209951014,33.96601679507332,-4.181468013290697,-3.2671560498455614,-0.9143119634451358,177.76741949999985
2024-03-12,0,0,0,0,0,0,0,0,171.99486,0.277853,-0.0048,-0.0035,1.2056,197.0,-0.02623366638663795,0.4771313506063883,0.0016000000000000007,0.0091,79.0,0.0012999999999999995,-0.003589017063342692,35.41154484944636,-4.028228421921995,-3.419370524260848,-0.6088578976611467,177.18112949999983
2024-03-13,0,0,0,0,0,0,0,0,169.90987,-1.2122571,-0.0027,-0.003,0.8611,227.0,-0.4225677083373768,0.4880804708328719,0.0020999999999999994,0.0005,30.0,-0.0002999999999999999,0.010949120226483644,32.100597105103425,-4.0285871646169085,-3.54121385233206,-0.4873733122848485,176.53477299999983
2024-03-14,0,0,0,0,0,0,0,0,171.76653,1.092732,-0.0121,-0.0077,0.4028,157.0,-0.9450355443232331,0.41339596401264445,-0.009399999999999999,-0.0047,-70.0,0.004399999999999999,-0.07468450682022748,37.68779035491306,-3.834848775963451,-3.5999408370583383,-0.23490793890511252,175.99564499999983
2024-03-15,0,0,0,0,0,0,0,0,171.38924,-0.21965504,0.0008,-0.0028,0.5826,183.0,-0.7374593824719331,0.5081724697962134,0.0129,0.0049,26.0,-0.0036,0.094776505783569,37.02112943287157,-3.669454667748198,-3.6138436031963104,-0.05561106455188769,175.51460099999983
2024-03-18,0,0,0,0,0,0,0,0,172.48137,0.6372452,-0.0125,-0.0081,2.8188,221.0,1.850429778809385,0.40474762631313516,-0.013300000000000001,-0.005299999999999999,38.0,0.004400000000000001,-0.10342484348307829,40.31246162312381,-3.4109337605396775,-3.5732616346649837,0.16232787412530625,175.08816349999984
2024-03-19,0,0,0,0,0,0,0,0,174.82455,1.3585091,0.0057,-0.0017,0.8528,313.0,-0.4386125579656935,0.5478638446472308,0.0182,0.0063999999999999994,92.0,-0.0074,0.14311621833409566,46.743293460588326,-2.9825975083331286,-3.4551288093986128,0.47253130106548413,174.81611749999985
2024-03-20,0,0,0,0,0,0,0,0,177.3961,1.4709234,-0.0085,-0.0052,1.8972,201.0,0.8631073936777637,0.42251479305858813,-0.0142,-0.0034999999999999996,-112.0,0.003300000000000001,-0.12534905158864268,52.758876265382995,-2.4078788206119555,-3.245678811641281,0.8377999910293257,174.63491849999983
2024-03-21,0,1,0,0,0,0,0,0,170.14815,-4.0857496,-0.1377,-0.1249,3.1701,203.0,2.3138728600967897,-0.5935747815743947,-0.12919999999999998,-0.1197,2.0,0.012799999999999992,-1.0160895746329828,39.28863803168958,-2.508344477575548,-3.0982119448281344,0.5898674672525863,173.98955349999983
2024-03-22,0,1,1,0,0,0,0,0,171.05167,0.5310178,-0.8754,-0.6874,2.9181,299.0,1.9169999780886833,-4.8590037488708955,-0.7377,-0.5625,96.0,0.18799999999999994,-4.265428967296501,41.30060403140847,-2.4863960951102797,-2.9758487748845637,0.48945267977428397,173.48120549999982
2024-03-25,0,0,1,1,0,0,0,0,169.63185,-0.83004236,-0.2162,-0.0589,2.8313,194.0,1.7442738569071898,-0.8246062129958992,0.6592,0.6285000000000001,-105.0,0.1573,4.034397535874996,39.10734848930299,-2.5541270650294052,-2.891504432913532,0.33737736788412676,172.9693804999998
2024-03-26,0,1,1,0,0,0,0,0,168.5,-0.66725016,-0.2725,-0.1283,2.0535,225.0,0.8591294533775191,-1.138207438327273,-0.05630000000000002,-0.06939999999999999,31.0,0.14420000000000002,-0.3136012253313737,37.402169791309404,-2.66837580710245,-2.8468787077513156,0.17850290064886565,172.3279879999998
2024-03-27,0,1,1,0,1,0,0,0,172.07431,2.1212578,-0.021,-0.0801,1.2701,360.0,-0.04243005847261016,0.3405055699655444,0.2515,0.04819999999999999,135.0,-0.0591,1.4787130082928173,45.48584468155105,-2.442347946252511,-2.7659725554515546,0.3236246091990438,171.9253794999998
2024-03-28,0,0,0,0,0,0,0,0,170.25735,-1.0559142,-0.0359,-0.0445,0.8514,194.0,-0.5070269671383881,0.20779405487274533,-0.0149,0.03560000000000001,-166.0,-0.008599999999999997,-0.13271151509279905,42.48254985241838,-2.3823702439199224,-2.689252093145228,0.3068818492253058,171.4651849999998
2024-03-29,0,0,0,0,0,0,0,0,170.25735,0.0,-0.0388,-0.0287,0.4181,218.0,-0.9843926726948291,0.1539106297675848,-0.0029,0.015799999999999998,24.0,0.010100000000000001,-0.05388342510516053,42.48254985241838,-2.3082296481445894,-2.6130476041451005,0.3048179560005111,171.05909949999977
2024-04-01,0,0,0,0,0,0,0,0,168.8177,-0.84557533,-0.0182,-0.0195,0.0611,84.0,-1.3413232011279046,0.2852605176412131,0.0206,0.0092,-134.0,-0.001299999999999999,0.13134988787362828,40.05240993810272,-2.338681550051149,-2.5581743933263104,0.2194928432751615,170.80740799999978
2024-04-02,0,1,0,0,0,0,0,0,167.63617,-0.69987774,-0.0675,-0.0637,0.0806,128.0,-1.2784226876990679,-0.07249797932705884,-0.049300000000000004,-0.0442,44.0,0.003799999999999998,-0.3577584969682719,38.12487758711209,-2.4301413415728064,-2.5325677829756095,0.1024264414028031,170.74386349999978
2024-04-03,0,1,0,0,1,0,0,0,168.4404,0.47974586,-0.013,-0.0098,0.7333,204.0,-0.5515670929882688,0.3279378523651269,0.05450000000000001,0.0539,76.0,0.0031999999999999997,0.4004358316921858,40.23327597065606,-2.4099488552541857,-2.508043997431325,0.09809514217713922,170.77017499999977
2024-04-04,0,1,1,0,0,0,0,0,167.61635,-0.48923492,-0.0023,-0.0524,0.6319,266.0,-0.6436200894964267,0.39803602034830377,0.0107,-0.0426,62.0,-0.050100000000000006,0.07009816798317686,38.77530200159769,-2.432400908933289,-2.4929153797317176,0.06051447079842864,170.76124049999976
2024-04-05,0,0,1,0,0,0,0,0,168.3709,0.45018196,-0.0109,-0.0913,0.4757,216.0,-0.8072667262595442,0.32475238870356415,-0.0086,-0.038900000000000004,-50.0,-0.0804,-0.07328363164473961,40.887632504696725,-2.3620798580102758,-2.4667482753874292,0.10466841737715349,170.70415149999977
2024-04-08,0,0,0,0,0,0,0,0,167.24895,-0.6663561,-0.002,-0.0138,0.3111,113.0,-0.9581082402081089,0.39020922221282267,0.0089,0.07750000000000001,-103.0,-0.0118,0.06545683350925852,38.74699369993404,-2.3695670134636373,-2.447312023002671,0.07774500953903374,170.49068349999976
2024-04-09,0,1,1,0,0,0,0,0,168.46025,0.72425604,-0.0057,-0.1754,0.2042,153.0,-1.048487149544328,0.36250075972878404,-0.0037,-0.1616,40.0,-0.1697,-0.027708462484038632,42.26161822218612,-2.2518014855315016,-2.4082099155084373,0.15640842997693571,170.3139529999998
2024-04-10,0,1,0,0,0,0,0,0,166.58372,-1.1139274,-0.0085,0.0114,0.2465,205.0,-0.9730903514296692,0.3286560876435733,-0.0028000000000000004,0.1868,52.0,0.0199,-0.03384467208521075,38.569434715850626,-2.2835681917324564,-2.3832815707532413,0.09971337902078492,170.14764549999978
2024-04-11,0,0,0,0,0,0,0,0,173.79198,4.3270946,-0.0017,-0.0104,1.2472,200.0,0.19556524589465624,0.37437818216432833,0.0068000000000000005,-0.0218,-5.0,-0.0087,0.04572209452075504,54.87715474091611,-1.707415175887263,-2.2481082917800457,0.5406931158927826,170.2489179999998
2024-04-12,0,1,0,0,0,0,0,0,175.2912,0.86266994,0.0203,0.0095,0.5972,292.0,-0.54360552891418,0.5382237621050111,0.022,0.0199,92.0,-0.010799999999999999,0.16384557994068277,57.40959997177906,-1.116959620157985,-2.0218785574556337,0.9049189372976487,170.4440159999998
2024-04-15,0,0,1,0,0,0,0,0,171.45871,-2.186352,-0.1967,-0.4798,1.7493,143.0,0.781221939982278,-1.0272273132572363,-0.21700000000000003,-0.4893,-149.0,-0.2831,-1.5654510753622475,49.72657140994283,-0.9473488044708631,-1.8069726068586796,0.8596238023878164,170.3928829999998
2024-04-16,0,1,1,1,0,0,0,0,168.17235,-1.9167304,-0.1031,-0.1445,1.1014,207.0,0.03330675666198625,-0.33140464251681445,0.09360000000000002,0.33530000000000004,64.0,-0.04139999999999999,0.6958226707404218,44.257051665102296,-1.065826612072442,-1.658743407901432,0.59291679582899,170.0602729999998
2024-04-17,0,1,0,0,1,0,0,0,166.80219,-0.81474185,-0.0106,-0.0142,1.3396,216.0,0.31452626042859144,0.3455053769340867,0.0925,0.1303,9.0,-0.0036000000000000008,0.6769100194509012,42.174245601781756,-1.2558054458107222,-1.57815581548329,0.3223503696725678,169.5305774999998
2024-04-18,0,0,0,0,0,0,0,0,165.84901,-0.5714297,-0.0044,-0.0032,0.8653,211.0,-0.2183529162767492,0.39058998665656214,0.0062,0.011000000000000001,-5.0,0.0012000000000000001,0.04508460972247541,40.73791800655734,-1.4663752392431775,-1.5557997002352675,0.08942446099209,169.3156204999998
2024-04-19,0,0,0,0,0,0,0,0,163.82356,-1.2212574,-0.008,-0.0132,0.7722,227.0,-0.32486813601681724,0.36516739531160347,-0.0036,-0.01,16.0,-0.0052,-0.025422591344958667,37.79252419385336,-1.7762151031660949,-1.5998827808214329,-0.176332322344662,168.9542149999998
2024-04-22,0,0,0,0,0,0,0,0,164.65755,0.5090833,-0.007,0.0048,0.684,101.0,-0.43142594211102847,0.37457668591167154,0.001,0.018,-126.0,0.0118,0.009409290600068065,39.72496418916229,-1.9321962489385953,-1.6663454744448654,-0.26585077449372996,168.7054999999998
2024-04-23,0,1,1,0,0,0,0,0,165.70999,0.63916445,-0.0456,-0.109,1.8799,174.0,0.9355153137388045,0.09765740428398476,-0.0386,-0.1138,73.0,-0.0634,-0.27691928162768675,42.16650540222969,-1.9484290412225675,-1.7227621878004058,-0.22566685342216175,168.5659994999998
2024-04-24,0,1,0,0,0,0,0,0,167.8149,1.2702227,-0.0244,-0.0486,0.7215,310.0,-0.41336903997959634,0.25083365455466644,0.0212,0.0604,136.0,-0.024199999999999996,0.15317625027068169,46.80737017042334,-1.7710296728841115,-1.732415684817147,-0.03861398806696448,168.3530289999998
2024-04-25,0,0,0,0,0,0,0,0,168.6787,0.5147338,-0.0152,-0.028,0.8889,171.0,-0.20636624527147987,0.3195858954489206,0.009200000000000002,0.020599999999999997,-139.0,-0.0128,0.06875224089425414,48.62916900920696,-1.5429517669450377,-1.6945229012427252,0.15157113429768754,168.27409649999979
2024-04-26,0,0,0,0,0,0,0,0,168.09291,-0.3472805,-0.003,-0.0327,0.2785,166.0,-0.8914696525915331,0.3931217361797742,0.012199999999999999,-0.004699999999999999,-5.0,-0.0297,0.07353584073085362,47.442499036066934,-1.393404441586,-1.6342992093113802,0.2408947677253801,168.1658744999998
2024-04-29,0,0,0,0,0,0,0,0,172.26295,2.480805,-0.0043,-0.0074,1.5854,132.0,0.6473689018485481,0.38346755722790743,-0.0013,0.0253,-34.0,-0.0031000000000000003,-0.009654178951866765,55.725210953234125,-0.9277057172552929,-1.4929805109001628,0.5652747936448699,168.3381369999998
2024-04-30,0,1,0,0,0,0,0,0,169.11557,-1.827091,0.0364,0.0138,0.8153,173.0,-0.269864474764296,0.6763469462326696,0.0407,0.0212,41.0,-0.022600000000000002,0.2928793890047621,49.39763135075645,-0.8033429478536789,-1.3550529982908661,0.5517100504371872,168.4121069999998
2024-05-01,0,1,1,0,0,0,0,0,168.09291,-0.604707,-0.0362,-0.0035,0.4861,175.0,-0.6605049714374337,0.14836860828772067,-0.0726,-0.0173,2.0,0.0327,-0.5279783379449489,47.5099142304807,-0.7783325393725988,-1.2397089065072127,0.46137636713461383,168.39473249999978
2024-05-02,0,1,0,0,0,0,0,0,171.7963,2.2031903,-0.0501,-0.0266,2.2257,193.0,1.3545331884437517,0.0514360730115236,-0.013899999999999996,-0.0231,18.0,0.0235,-0.09693253527619707,54.31805108478079,-0.4544404809971354,-1.0826552214051972,0.6282147404080618,168.60372999999976
2024-05-03,0,1,1,0,0,0,1,0,182.07251,5.981624,-0.2133,0.2471,3.0667,322.0,2.2134034892781886,-1.1095666688557055,-0.16319999999999998,0.2737,129.0,0.4604,-1.161002741867229,67.07813708662181,0.6242545559750567,-0.7412732659291463,1.365527821904203,169.28881049999978
2024-05-06,0,0,0,0,1,0,0,1,180.41441,-0.9106755,-0.029,-0.0417,2.2979,102.0,1.2939098282298795,0.233430705308856,0.1843,-0.2888,-220.0,-0.0127,1.3429973741645616,63.97308626663807,1.3300018976943022,-0.3270182332044566,1.6570201308987589,169.94708349999976
2024-05-07,0,1,0,0,0,0,0,0,181.09949,0.37971735,-0.004,-0.0119,3.5931,318.0,2.569014938256333,0.41472959052718505,0.025,0.0298,216.0,-0.0079,0.18129888521832904,64.70015549642608,1.9224313888111624,0.1228716911986672,1.7995596976124952,170.57904549999975
2024-05-08,0,0,0,0,0,0,0,0,181.43706,0.18640757,-0.0012,0.0031,2.65,920.0,1.4921731403303198,0.43465129990052304,0.0028000000000000004,0.015000000000000001,602.0,0.0043,0.01992170937333798,65.07418213020297,2.39160615947182,0.5766185848532979,1.8149875746185222,171.32171249999976
2024-05-09,0,0,0,0,0,0,0,0,183.25403,1.0014296,0.0026,0.0047,2.2646,330.0,1.043781906099263,0.46144051308080136,0.0037999999999999996,0.0016000000000000003,-590.0,0.0021000000000000003,0.026789213180278326,67.0951449104234,2.8768819352376056,1.0366712549301593,1.8402106803074463,171.79481499999977
2024-05-10,0,0,0,0,0,0,0,0,181.99136,-0.68808794,-0.0103,-0.0019,1.7604,356.0,0.4820208422688772,0.3685226570048453,-0.0129,-0.0066,26.0,0.0084,-0.09291785607595604,64.31018911740433,3.1235729625727515,1.4540515964586778,1.6695213661140738,172.12982299999976
2024-05-13,0,0,0,0,0,0,0,0,185.20268,1.7645478,0.0062,-0.0216,1.9736,116.0,0.6879270261837526,0.46367849624660323,0.0165,-0.019700000000000002,-240.0,-0.027800000000000002,0.09515583924175791,67.95342459350825,3.5374268106265276,1.8707266392922477,1.66670017133428,172.81702149999975
2024-05-14,0,0,0,0,0,0,0,0,186.34604,0.61734915,0.0008,-0.0123,1.4271,358.0,0.08857610695166529,0.4216878229804189,-0.005399999999999999,0.009300000000000001,242.0,-0.0131,-0.04199067326618433,69.16050004311984,3.9125669273566928,2.279094696905137,1.6334722304515559,173.72570599999978
2024-05-15,0,0,0,0,0,0,0,0,188.6228,1.2217999,-0.0026,-0.0057,1.275,219.0,-0.07425616096633277,0.3951680929024557,-0.0034,0.0066,-139.0,-0.0031000000000000003,-0.02651973007796321,71.46535797310791,4.343514347275118,2.6919786269791333,1.6515357202959846,174.81673649999976
2024-05-16,0,0,0,0,0,0,0,0,188.74211,0.06325245,-0.0007,-0.005,1.1493,344.0,-0.22791240551554345,0.409629426424219,0.0018999999999999998,0.0007000000000000001,125.0,-0.0043,0.01446133352176332,71.58520455263306,4.641170082569886,3.081816918097284,1.559353164472602,175.9613914999998
2024-05-17,0,0,1,0,0,0,0,0,188.77194,0.015807152,-0.0008,-0.0356,0.6194,178.0,-0.8199170369741575,0.40841256071825144,-0.00010000000000000005,-0.0306,-166.0,-0.0348,-0.0012168657059675736,71.6173018144703,4.823864916973832,3.4302265178725935,1.3936383991012389,177.2088104999998
2024-05-20,0,0,0,0,0,0,0,0,189.93517,0.61620474,-0.0033,-0.0055,0.8542,113.0,-0.5712664163445056,0.3898460098632966,-0.0025,0.030100000000000002,-65.0,-0.0021999999999999997,-0.018566550854954844,72.90272490115453,5.004822352282048,3.745145684754484,1.2596766675275637,178.47269149999983
2024-05-21,0,0,0,0,0,0,0,0,191.2376,0.6857276,0.0014,-0.0034,0.916,223.0,-0.48943725711899244,0.42544669124983847,0.0047,0.0021,110.0,-0.0048,0.03560068138654188,74.3058615153914,5.193460657981859,4.034808679399959,1.1586519785818998,179.7490719999998
2024-05-22,0,0,0,0,0,0,0,0,189.79597,-0.7538378,-0.0284,-0.0041,0.4076,203.0,-1.0191429614223175,0.19966027870886635,-0.0298,-0.0007000000000000005,-20.0,0.024300000000000002,-0.22578641254097212,69.98600198188484,5.167067642128643,4.261260471945696,0.9058071701829471,180.84812549999984
2024-05-23,0,0,0,0,0,0,0,0,185.79922,-2.1058083,-0.005,-0.0042,0.2729,197.0,-1.1364219432548084,0.3801900752582131,0.0234,-9.99999999999994e-05,-6.0,0.0008000000000000004,0.18052979654934673,59.63493421800058,4.768676331792051,4.362743643914967,0.40593268787708414,181.70415149999982
2024-05-24,0,0,0,0,0,0,0,0,188.8813,1.6588092,-0.0067,-0.0027,0.1771,121.0,-1.2156568172045954,0.3671632237199541,-0.0017000000000000001,0.0014999999999999996,-76.0,0.004,-0.013026851538258999,64.05051873748943,4.6480664295990834,4.41980820105179,0.22825822854729338,182.74357099999983
2024-05-27,0,0,0,0,0,0,0,0,188.8813,0.0,-0.0001,0.0038,0.1979,75.0,-1.1628505820628672,0.4052146067494775,0.0066,0.006500000000000001,-46.0,0.0039,0.03805138302952343,64.05051873748941,4.500602073982378,4.435966975637908,0.06463509834447034,183.57448849999986
2024-05-28,0,1,1,0,0,0,0,0,188.89125,0.0052690506,0.0284,0.102,1.0139,120.0,-0.23108971755598792,0.5990737333674349,0.0285,0.0982,45.0,0.0736,0.19385912661795734,64.06523663813931,4.334572142100541,4.4156880089304344,-0.08111586682989369,184.56327249999987
2024-05-29,0,1,1,0,0,0,0,0,189.1895,0.1578927,0.0165,0.0481,1.3278,227.0,0.13440733526217524,0.4806393880640358,-0.0119,-0.053899999999999997,107.0,0.031599999999999996,-0.11843434530339908,64.53395083247415,4.1788869004028015,4.368327787224908,-0.1894408868221067,185.61810199999985
2024-05-30,0,1,0,0,0,0,0,0,190.18373,0.5255103,-0.0006,0.0069,1.0667,309.0,-0.1557653029587256,0.32987454913850633,-0.0171,-0.0412,82.0,0.0075,-0.15076483892552944,66.1203878702316,4.088600435820183,4.312382316943963,-0.22378188112377995,186.53747349999986
2024-05-31,0,0,0,0,0,0,0,0,191.13818,0.5018592,0.0029,0.0026,0.584,187.0,-0.7020162631595114,0.3523994775512214,0.0034999999999999996,-0.0043,-122.0,-0.0002999999999999999,0.022524928412715084,67.61788580120601,4.0474079016221935,4.259387433879609,-0.2119795322574154,186.99075699999986
2024-06-03,0,0,0,0,0,0,0,0,192.90787,0.9258747,-0.0038,-0.0078,0.5882,85.0,-0.6860592658734995,0.29837965733704686,-0.006699999999999999,-0.0104,-102.0,-0.004,-0.05401982021417456,70.24409691449276,4.110182093898743,4.229546365883436,-0.11936427198469257,187.6154299999999
2024-06-04,0,0,0,0,0,0,0,0,193.22601,0.16492605,0.004,0.0043,0.6813,133.0,-0.5690046238727411,0.3595091996503063,0.0078,0.0121,48.0,0.0002999999999999999,0.061129542313259455,70.7040752834891,4.137903160851607,4.21121772487707,-0.07331456402546266,188.22175599999986
2024-06-05,0,0,0,0,0,0,0,0,194.73723,0.78208447,0.0016,0.0209,1.7465,140.0,0.617307568528323,0.33966591463249246,-0.0024000000000000002,0.016599999999999997,7.0,0.019299999999999998,-0.01984328501781385,72.85097890036802,4.233019516317796,4.215578083165215,0.017441433152581176,188.88676449999986
2024-06-06,0,1,1,0,0,0,0,0,193.35527,-0.7096529,0.0979,0.2158,1.6424,272.0,0.4789570447550288,1.0848140407784088,0.0963,0.1949,132.0,0.11789999999999999,0.7451481261459163,67.94721595973299,4.149059515428689,4.20227436961791,-0.05321485418922034,189.39182649999987
2024-06-07,0,0,0,0,0,0,0,0,195.75134,1.2392044,-0.0032,0.0238,0.5542,262.0,-0.7540820196741753,0.2843750582680677,-0.1011,-0.192,-10.0,0.027000000000000003,-0.8004389825103411,71.52596908145605,4.227135645610417,4.2072466248164115,0.019889020794005674,190.07982549999986
2024-06-10,0,0,0,0,0,0,0,0,192.00311,-1.9147754,0.0002,-0.0011,3.0097,235.0,2.0113079120743476,0.30950290586418316,0.0034000000000000002,-0.024900000000000002,-27.0,-0.0013000000000000002,0.02512784759611547,60.20222733936208,3.9411298143213287,4.154023262717395,-0.21289344839606628,190.41984699999986
2024-06-11,0,0,0,0,0,0,0,0,205.952,7.264912,-0.0006,-0.0006,3.9826,1823.0,2.8331806751459285,0.30408249711794894,-0.0007999999999999999,0.0005000000000000001,1588.0,0.0,-0.005420408746234229,75.65124926498567,4.784869977108286,4.280192605595573,0.5046773715127131,191.4001449999999
2024-06-12,1,0,0,0,0,0,0,0,211.83778,2.85784,0.0467,0.0231,2.5979,705.0,1.3551805610665797,0.6692874622758844,0.0473,0.0237,-1118.0,-0.0236,0.3652049651579355,79.30226785189296,5.860912441091102,4.596336572694679,1.264575868396423,192.56089399999988
2024-06-13,0,0,0,0,0,0,0,0,213.001,0.54911375,0.0712,0.0775,1.6931,390.0,0.46004590630491105,0.8346884388240212,0.0245,0.054400000000000004,-315.0,0.0063,0.1654009765481368,79.94238458373106,6.729967107276053,5.023062679610954,1.7069044276650995,193.77383849999987
2024-06-14,0,0,1,0,0,0,0,0,211.26111,-0.81683993,0.0147,-0.0369,0.8118,270.0,-0.4544182867194533,0.5519178223599808,-0.0565,-0.1144,-120.0,-0.0516,-0.28277061646404045,76.14884723006413,7.195360967024641,5.457522337093691,1.73783862993095,194.89829699999987
2024-06-17,0,0,0,0,0,0,0,0,215.41695,1.967144,-0.0023,-0.0018,1.3729,128.0,0.19167041569416995,0.24409395500384548,-0.017,0.0351,-142.0,0.0005,-0.3078238673561353,78.74350791737662,7.809507370337371,5.927919343742427,1.8815880265949447,196.17238599999985
2024-06-18,0,0,0,0,0,0,0,0,213.05069,-1.098448,0.002,-0.017,1.4535,299.0,0.29571106270070957,0.2966085778191064,0.0043,-0.015200000000000002,171.0,-0.019000000000000003,0.0525146228152609,73.81937371425418,8.012917488370562,6.3449189726680535,1.6679985157025081,197.26304049999985
2024-06-19,0,1,1,0,0,0,0,0,213.05069,0.0,-0.0096,0.0432,0.6951,335.0,-0.5513228967981592,0.039551898184612466,-0.0116,0.060200000000000004,36.0,0.0528,-0.2570566796344939,73.81937371425418,8.080969090950731,6.692128996324589,1.3888400946261417,198.42577649999984
2024-06-20,0,0,0,0,0,0,0,0,208.46738,-2.1512926,-0.0018,-0.0118,0.275,178.0,-1.0075419448064666,0.1977070785775703,0.0078,-0.055,-157.0,-0.01,0.15815518039295784,64.72682633263635,7.676574886807572,6.889018174421186,0.7875567123863858,199.55918449999984
2024-06-21,0,0,0,0,0,0,0,0,206.29004,-1.0444403,-0.0026,-0.0085,0.441,204.0,-0.822086320355277,0.16753234387276594,-0.0007999999999999999,0.003299999999999999,26.0,-0.005900000000000001,-0.030174734704804362,60.889827540239004,7.098568545820115,6.930928248700972,0.16764029711914308,200.42962149999985
2024-06-24,0,0,1,0,0,0,0,0,206.93628,0.3132701,-0.1561,-0.0697,2.2167,197.0,1.1326710396353077,-2.9094516140543565,-0.1535,-0.0612,-7.0,0.08639999999999999,-3.0769839579271223,61.617100426862635,6.616371115749359,6.868016822110649,-0.25164570636128936,201.33237049999985
2024-06-25,0,1,1,0,0,0,0,0,207.8609,0.44682026,-0.2099,-0.0813,0.8986,230.0,-0.36990348355805025,-3.5376441440348647,-0.053800000000000014,-0.0116,33.0,0.1286,-0.6281925299805082,62.686231398253135,6.236939726198187,6.741801402928156,-0.504861676729969,202.28085299999984
2024-06-26,0,0,0,0,1,1,0,0,212.01672,1.9993305,-0.0033,0.0143,0.4701,173.0,-0.8500688617493355,0.20769255356392202,0.2066,0.09559999999999999,-57.0,0.0176,3.7453366975987867,67.11937072305577,6.200106589356693,6.633462440213863,-0.4333558508571702,203.42221399999985
2024-06-27,0,1,0,0,0,0,0,0,212.86183,0.3986001,0.0173,0.0278,0.5069,216.0,-0.8045023941075011,0.5739950570236184,0.0206,0.013499999999999998,43.0,0.010499999999999999,0.3663025034596964,67.95318314375619,6.168008415599331,6.540371635290957,-0.3723632196916258,204.55611899999982
2024-06-28,0,0,0,0,0,0,0,0,209.4019,-1.6254127,0.0012,0.02,0.8715,252.0,-0.40067914180403613,0.2788744401725121,-0.0161,-0.007799999999999998,36.0,0.0188,-0.2951206168511063,61.119613936621874,5.7965637676059885,6.391610061753964,-0.5950462941479753,205.46930499999985
2024-07-01,0,0,0,0,0,0,0,0,215.49648,2.910459,-0.0045,-0.002,0.7326,130.0,-0.5705740432354001,0.1765911233160833,-0.005699999999999999,-0.022,-122.0,0.0024999999999999996,-0.10228331685642883,67.34839997346957,5.925665496185474,6.298421148640266,-0.37275565245479214,206.59873549999983
2024-07-02,0,1,0,0,0,0,0,0,218.99612,1.6239882,-0.0052,0.0219,1.0375,194.0,-0.23978889532646916,0.16377756145424113,-0.0007000000000000001,0.023899999999999998,64.0,0.0271,-0.012813561861842154,70.29157904250648,6.238458183862463,6.286428555684705,-0.04797037182224262,207.88724099999985
2024-07-03,0,0,0,0,0,0,0,0,220.26872,0.5811095,-0.0029,0.0051,0.7257,212.0,-0.6157252682847032,0.20362836240577964,0.0023,-0.0168,18.0,0.008,0.039850800951538506,71.30450830954803,6.513948088066769,6.331932462161118,0.18201562590565068,209.16381549999983
2024-07-04,0,0,0,0,0,0,0,0,220.26872,0.0,0.0033,0.0046,0.1292,125.0,-1.273234674352309,0.31408100993485955,0.0062,-0.0005000000000000004,-87.0,0.0013,0.1104526475290799,71.30450830954803,6.655554729958283,6.396656915720551,0.2588978142377316,210.50948799999983
2024-07-05,0,0,0,0,0,0,0,0,225.03102,2.1620393,-0.0004,-0.0043,0.0222,86.0,-1.3693319809842996,0.25415722612448977,-0.0037,-0.0089,-39.0,-0.0039,-0.05992378381036978,75.00342281035857,7.070551902608827,6.531435913098206,0.5391159895106208,211.97347199999984
2024-07-08,0,0,0,0,0,0,0,0,226.50246,0.6538868,0.0013,-0.0024,1.1597,120.0,-0.06233914041753678,0.2497473712368035,0.0017,0.0019000000000000002,34.0,-0.0036999999999999997,-0.004409854887686276,76.03146877967953,7.432495876593038,6.7116479057971725,0.720847970795865,213.69843949999986
2024-07-09,0,1,0,0,0,0,0,0,227.35748,0.37748814,0.0015,0.0232,1.0201,225.0,-0.22026826196146782,0.22536911269697002,0.0002000000000000001,0.025599999999999998,105.0,0.021699999999999997,-0.02437825853983347,76.63285846970219,7.699576131120921,6.909233550861922,0.790342580258999,214.76871349999982
2024-07-10,0,0,0,0,0,0,0,0,231.63261,1.8803596,0.0235,0.0195,1.5757,183.0,0.40949537655638035,0.6666735054892405,0.022,-0.0036999999999999984,-42.0,-0.004,0.4413043927922705,79.41411943764207,8.162118596849353,7.159810560059408,1.0023080367899455,215.75845499999983
2024-07-11,0,0,0,0,0,0,0,0,226.25392,-2.3220837,0.01,0.0229,1.9708,388.0,0.8354013073993952,0.3827395492178484,-0.0135,0.0034000000000000002,205.0,0.0129,-0.2839339562713921,68.385698992225,8.00242453328218,7.328333354703963,0.6740911785782178,216.42110099999982
2024-07-12,0,0,0,0,0,0,0,0,229.20671,1.3050914,-0.0107,-0.0103,0.5785,256.0,-0.7404960269538838,-0.042896149596154974,-0.0207,-0.0332,-132.0,0.0003999999999999993,-0.42563569881400337,70.78437454323777,8.021662579965664,7.466999199756303,0.5546633802093606,217.31838099999982
2024-07-15,0,0,1,0,1,0,0,0,233.0444,1.6743302,0.1885,0.3874,1.3326,95.0,0.10204144337499073,3.5377908794299677,0.1992,0.3977,-161.0,0.19890000000000002,3.5806870290261226,73.58911623865811,8.251460678307808,7.623891495466604,0.6275691828412038,218.19975349999982
2024-07-16,0,1,1,0,0,0,0,0,233.46199,0.17918348,0.0668,0.1207,0.8708,283.0,-0.40506040320672215,1.2706218298487972,-0.1217,-0.26670000000000005,188.0,0.0539,-2.2671690495811703,73.88292657848464,8.370780206315942,7.773269237636471,0.5975109686794706,219.2203184999998
2024-07-17,0,0,0,0,0,0,0,0,227.55632,-2.5295973,0.0053,0.005,0.6201,228.0,-0.6881592596938227,0.15005019000119596,-0.0615,-0.1157,-55.0,-0.0002999999999999999,-1.1205716398476013,63.17863039294478,7.897763082033833,7.798168006515944,0.0995950755178896,219.94559999999979
2024-07-18,0,0,0,0,0,0,0,0,222.88351,-2.0534813,0.0019,0.0026,0.5639,198.0,-0.7433711581153775,0.08339465834032747,-0.0034000000000000002,-0.0024000000000000002,-30.0,0.0006999999999999999,-0.06665553166086849,56.23602796115941,7.064402849823807,7.6514149751775165,-0.5870121253537093,220.66640649999977
2024-07-19,0,0,0,0,0,0,0,0,223.01274,0.05799532,-0.0019,0.0103,0.0465,163.0,-1.3191540440574805,0.014271206130265342,-0.0038,0.0077,-35.0,0.0122,-0.06912345221006214,56.378792280724475,6.341288219461859,7.389389624034385,-1.0481014045725257,221.50254149999978
2024-07-22,0,0,0,0,0,0,0,0,222.66478,-0.15602708,0.0009,0.0247,0.0583,62.0,-1.2613693574325735,0.06338897611460918,0.0028,0.0144,-101.0,0.023799999999999998,0.04911776998434384,55.850492276073325,5.674722532204356,7.046456205668379,-1.371733673464023,222.2889664999998
2024-07-23,0,1,0,0,0,0,0,0,223.70871,0.4688263,0.0011,-0.0047,0.3597,113.0,-0.9116264400366431,0.07799149361191413,0.0002000000000000001,-0.0294,51.0,-0.0058000000000000005,0.014602517497304943,57.147862932736956,5.171091722732456,6.671383309081195,-1.5002915863487392,223.0813569999998
2024-07-24,0,0,0,0,0,0,0,0,217.27612,-2.8754294,-0.0025,-0.0066,1.2285,211.0,0.03803088518442282,0.0023403539640970148,-0.0036,-0.0018999999999999998,98.0,-0.0040999999999999995,-0.07565113964781711,47.82242965960063,4.204438276875749,6.177994302640106,-1.9735560257643572,223.3443269999998
2024-07-25,0,0,0,0,0,0,0,0,216.23221,-0.48045516,-0.0147,-0.0173,0.9431,267.0,-0.25900034482931744,-0.23230271737487385,-0.012199999999999999,-0.0107,56.0,-0.0026,-0.23464307133897086,46.49640895002253,3.3159000127216416,5.605575444656413,-2.2896754319347714,223.5128459999998
2024-07-26,0,0,0,1,0,0,0,0,216.69948,0.2161026,-0.0291,-0.0339,1.0681,158.0,-0.08400552584806532,-0.6399184334882814,-0.014400000000000001,-0.0166,-109.0,-0.004799999999999999,-0.4076157161134075,47.202116410217265,2.6192388654473575,5.008308128814602,-2.3890692633672446,223.87772499999983
2024-07-29,0,0,0,0,0,0,0,0,216.97787,0.12845993,0.0012,-0.0052,1.8521,149.0,0.8531203904431393,-0.007139601404887263,0.0303,0.0287,-9.0,-0.0063999999999999994,0.6327788320833941,47.64518283333871,2.0657806005977477,4.419802623171231,-2.354022022573483,223.95179449999983
2024-07-30,0,0,0,0,1,0,0,0,217.53462,0.256598,0.0024,0.0034,1.3965,334.0,0.38547611534476295,0.016163686435392483,0.0012,0.0086,185.0,0.001,0.023303287840279747,48.57462226488689,1.6530308990705578,3.866448278351096,-2.2134173792805383,223.87871949999985
2024-07-31,0,0,0,0,0,0,0,0,220.79565,1.4990807,0.0016,-0.0027,0.7826,210.0,-0.3737851339831127,-0.00188286250967437,-0.0007999999999999997,-0.0060999999999999995,-124.0,-0.0043,-0.018046548945066854,53.75335962777776,1.570952689622544,3.407349160605386,-1.8363964709828418,223.90506599999986
2024-08-01,0,0,0,0,1,0,0,0,217.09717,-1.6750753,0.0028,0.0112,1.6896,208.0,0.8550093603750433,0.023624558890815616,0.0012,0.0139,-2.0,0.0084,0.025507421400489987,47.865925989707165,1.193708363820008,2.96462100124831,-1.7709126374283022,223.74648849999986
2024-08-02,1,1,0,0,0,0,0,0,218.58849,0.68694353,0.2493,0.2327,2.3944,272.0,1.7557811424783145,4.288180245629367,0.2465,0.2215,64.0,-0.016600000000000004,4.264555686738552,50.232907845208544,1.0035087539881715,2.572398551796282,-1.5688897978081107,223.42436199999983
2024-08-05,0,0,1,1,0,0,0,0,208.05974,-4.816699,-0.0941,-0.0581,2.3861,104.0,1.7126656888915688,-1.6919099606699572,-0.3434,-0.2908,-168.0,0.036000000000000004,-5.980090206299325,37.342485640569,0.003155683561629985,2.058549978149352,-2.055394294587722,222.50222599999984
2024-08-06,0,1,1,1,0,0,0,0,206.03152,-0.97482204,-0.1954,-0.0677,1.3146,281.0,0.31853009511678365,-3.0870071145949027,-0.10129999999999999,-0.009599999999999997,177.0,0.12769999999999998,-1.3950971539249455,35.455018209161615,-0.942428011884374,1.4583543801426067,-2.4007823920269806,221.43592799999988
2024-08-07,0,0,0,1,0,0,0,0,208.60657,1.249826,-0.0719,-0.045,0.9181,166.0,-0.19117477760736584,-1.116297040781549,0.12349999999999998,0.022699999999999998,-115.0,0.026900000000000007,1.9707100738133538,39.62728651151309,-1.4671129241353924,0.8732609192870068,-2.340373843422399,220.2846259999999
2024-08-08,0,1,0,0,1,1,0,0,212.07635,1.6633272,0.0069,-0.0165,1.6375,168.0,0.7339080916614802,0.10648254630414325,0.07880000000000001,0.028499999999999998,2.0,-0.0234,1.2227795870856921,44.80469945238883,-1.5846800442849371,0.38167272657261797,-1.9663527708575552,219.5757474999999
2024-08-09,0,0,0,0,0,0,0,0,214.98946,1.373589,-0.0038,-0.0072,0.5479,184.0,-0.6796874719956908,-0.05902865462181568,-0.0107,0.009300000000000001,16.0,-0.0034,-0.16551120092595895,48.77644530175309,-1.4263471607065412,0.020068749116786078,-1.4464159098233274,218.86488499999987
2024-08-12,0,0,0,0,0,0,0,0,216.52231,0.7121682,-0.0014,-0.0011,0.6347,73.0,-0.5611206219091492,-0.022223570402824057,0.0024000000000000002,0.0060999999999999995,-111.0,0.0002999999999999999,0.036805084218991625,50.78331494748149,-1.1637638797182603,-0.21669777665022322,-0.9470661030680372,218.0387804999999
2024-08-13,0,1,1,0,0,0,0,0,220.24498,1.7193079,-0.0121,-0.049,0.7375,153.0,-0.4235781606914909,-0.18496127448930155,-0.0107,-0.047900000000000005,80.0,-0.0369,-0.1627377040864775,55.35772730701688,-0.6478088432776588,-0.30291998997571035,-0.3448888533019484,217.37792999999994
2024-08-14,0,0,0,0,1,0,0,0,220.69289,0.20337105,0.0096,0.0059,1.7806,149.0,0.8958478869029787,0.14255082408086955,0.021699999999999997,0.054900000000000004,-4.0,-0.0036999999999999993,0.3275120985701711,55.888967684549975,-0.20045741765295588,-0.28242747551115943,0.08197005785820355,217.03475849999995
2024-08-15,0,0,0,0,0,0,0,0,223.67899,1.3530612,0.0032,-0.0012,1.4451,218.0,0.4402902066092722,0.040845584003871914,-0.0063999999999999994,-0.0070999999999999995,69.0,-0.0044,-0.10170524007699763,59.361016992592766,0.3905234134507509,-0.14783729771877735,0.5383607111695283,217.07453249999998
2024-08-16,0,0,0,0,0,0,0,0,225.00284,0.5918503,0.0023,0.0039,0.791,183.0,-0.430379977505903,0.024509930474767242,-0.0009000000000000002,0.0050999999999999995,-35.0,0.0015999999999999999,-0.016335653529104672,60.83291928349841,0.9546984416550686,0.07266985015599187,0.8820285914990766,217.1740375
2024-08-19,0,0,0,0,0,0,0,0,224.84358,-0.070780516,-0.0002,-0.0002,0.6042,115.0,-0.6915046065999108,-0.014368779482447951,-0.0025,-0.0040999999999999995,-68.0,0.0,-0.03887870995721519,60.54880417081135,1.3731316581495605,0.3327622117547056,1.040369446394855,217.28297749999996
2024-08-20,0,0,0,0,0,0,0,0,225.46071,0.27446747,-0.0006,-0.001,0.7243,189.0,-0.5242556968359473,-0.013092887301569897,-0.00039999999999999996,-0.0008,74.0,-0.0004000000000000001,0.0012758921808780545,61.303005926590224,1.7345454698401568,0.6131188633717959,1.121426606468361,217.3705775
2024-08-21,0,0,0,0,0,0,0,0,225.3512,-0.048565865,-0.0027,-0.0024,0.4896,140.0,-0.8129608255673938,-0.04085937607960677,-0.0021000000000000003,-0.0013999999999999998,-49.0,0.00030000000000000035,-0.02776648877803687,61.07986090094559,1.9892016987163572,0.8883354304407082,1.1008662682756492,217.77433150000002
2024-08-22,0,0,0,0,0,0,0,0,223.48987,-0.82597136,-0.0078,-0.006,0.8215,154.0,-0.36904407177725457,-0.11850910149632211,-0.0050999999999999995,-0.0036000000000000003,14.0,0.0017999999999999995,-0.07764972541671535,57.26442118015527,2.0175675566824225,1.114181855689051,0.9033857009933715,218.13721450000003
2024-08-23,0,0,0,0,0,0,0,0,225.78917,1.0288119,-0.0015,-0.0034,0.734,177.0,-0.48866329433069694,-0.01912810969392817,0.0063,0.0026000000000000003,23.0,-0.0018999999999999998,0.09938099180239394,60.543292305909524,2.200219239628126,1.331389332476866,0.86882990715126,218.591699
2024-08-26,0,0,0,0,1,0,0,1,226.12758,0.14988184,0.0029,0.0001,2.3694,86.0,1.6024323146113597,0.04774261290615238,0.004399999999999999,0.0034999999999999996,-91.0,-0.0028,0.06687072260008055,61.01735770851322,2.345244356014291,1.534160337184351,0.81108401882994,219.04918450000005
2024-08-27,0,0,0,0,0,0,0,0,226.97365,0.37415028,-0.0004,0.0001,2.2972,458.0,1.4512012043069862,-0.0025730484305779124,-0.0033,0.0,372.0,0.0005,-0.050315661336730294,62.238903646002655,2.499634354823826,1.727255140712246,0.7723792141115797,219.521136
2024-08-28,0,0,0,0,1,0,0,0,225.44078,-0.67534447,0.0025,-0.019,1.9069,294.0,0.9467035571259389,0.0424159551747918,0.0029000000000000002,-0.0191,-164.0,-0.0215,0.04498900360536971,58.652892171448414,2.4698290905882914,1.8757699306874551,0.5940591599008362,219.75339250000002
2024-08-29,0,1,1,0,0,0,0,0,228.72551,1.4570117,0.0035,-0.0591,1.8979,302.0,0.9259047309261632,0.08425727580337446,0.001,-0.0401,8.0,-0.0626,0.04184132062858266,63.505312622790775,2.680360930966856,2.036688130743335,0.6436728002235208,220.33480950000003
2024-08-30,0,0,0,0,0,0,0,0,227.93918,-0.34378767,0.01,0.0062,0.8514,226.0,-0.40846031295071916,0.18416687698172896,0.006500000000000001,0.0653,-76.0,-0.0038000000000000004,0.0999096011783545,61.640357906249534,2.7520349263521666,2.1797574898651013,0.5722774364870653,220.80234400000003
2024-09-02,0,0,0,0,0,0,0,0,227.93918,0.0,-0.0002,0.0005,1.8007,119.0,0.8613648267292431,0.02196004995692401,-0.0102,-0.0057,-107.0,0.0007,-0.16220682702480493,61.640357906249534,2.776827544658545,2.29917150082379,0.477656043834755,221.79631600000008
2024-09-03,0,0,0,0,0,0,0,0,221.73802,-2.7205229,0.0001,-0.0014,1.8653,164.0,1.1303469215356414,0.026548215647884062,0.00030000000000000003,-0.0019,45.0,-0.0015,0.004588165690960051,48.5895222627219,2.269927772167449,2.2933227550925217,-0.023394982925072583,222.58164100000008
2024-09-04,0,0,0,0,0,0,0,0,219.82692,-0.8618772,-0.0037,0.0048,1.1819,170.0,0.13986451583593504,-0.020659548757078327,-0.0038,0.0062,6.0,0.0085,-0.04720776440496239,45.39932372846708,1.6944635313591334,2.173550910345844,-0.4790873789867107,223.1426585000001
2024-09-05,0,0,0,0,1,0,0,0,221.34982,0.69277287,-0.0013,-0.0023,1.0479,183.0,-0.05528257454968631,0.0375041735247641,0.0024000000000000002,-0.0070999999999999995,13.0,-0.001,0.058163722281842425,48.31165241577118,1.3457760090009288,2.007995930076861,-0.6622199210759323,223.60633200000012
2024-09-06,0,0,0,0,0,0,0,0,219.79707,-0.701499,0.0049,0.0016,1.4931,171.0,0.6343126287141418,0.1406018771403483,0.0062,0.0039,-12.0,-0.0033,0.10309770361558421,45.638704426187964,0.9333852036319854,1.793073784787886,-0.8596885811559005,223.8467125000001
2024-09-09,0,0,0,0,0,0,0,0,219.88663,0.040757656,-0.0006,-0.0022,4.0,356.0,3.910286517786353,0.05105097824268235,-0.0055,-0.0038000000000000004,185.0,-0.0016000000000000003,-0.08955089889766596,45.82488556567533,0.6067945133442549,1.5558179304991597,-0.9490234171549048,224.01492850000008
2024-09-10,0,0,0,0,0,0,0,0,219.09036,-0.36213994,-0.0013,-0.0067,3.7826,2272.0,3.2295643982061284,0.040605671278066344,-0.0007,-0.0045000000000000005,1916.0,-0.0054,-0.010445306964616007,44.36987858190795,0.28048346524593626,1.300751037448515,-1.0202675722025787,223.95719750000006
2024-09-11,0,0,1,0,0,0,0,0,221.62852,1.1585116,-0.0317,-0.083,1.9667,596.0,0.94840858930732,-0.4451511025326403,-0.0304,-0.0763,-1676.0,-0.051300000000000005,-0.48575677381070664,49.83736094360201,0.22410457040828646,1.0854217440404692,-0.8613171736321827,224.00397900000007
2024-09-12,0,0,0,0,1,0,0,0,221.73802,0.04940033,-0.0016,-0.0247,1.6375,277.0,0.518990587774967,0.0415904719934914,0.0301,0.058300000000000005,-319.0,-0.0231,0.4867415745261317,50.065373621154116,0.18611421610063417,0.9055602384525022,-0.719446022351868,223.90693050000004
2024-09-13,0,0,0,0,0,0,0,0,221.46928,-0.121206045,0.0009,-0.0064,1.6472,308.0,0.5090574329974532,0.08107436759661778,0.0025,0.0183,31.0,-0.0073,0.03948389560312638,49.47103697566536,0.1327907850493375,0.7510063477718693,-0.6182155627225318,223.73025250000006
2024-09-16,0,0,0,0,0,0,0,0,215.3179,-2.7775228,-0.0037,-0.0194,1.5014,142.0,0.34557553115904593,-0.03633530079031059,-0.0046,-0.013000000000000001,-166.0,-0.0157,-0.11740966838692837,38.27159196341833,-0.4012084932392952,0.5205633795696363,-0.9217718728089315,223.25396850000007
2024-09-17,0,1,0,0,0,0,0,0,215.7857,0.21725893,-0.0429,-0.0249,1.0375,451.0,-0.24538923438038077,-0.847155755385584,-0.0392,-0.005499999999999998,309.0,0.018000000000000002,-0.8108204545952734,39.39522544722237,-0.777694440693466,0.2609118155170158,-1.0386062562104819,222.77021800000006
2024-09-18,0,0,0,0,0,0,0,0,219.66766,1.7989755,-0.0046,-0.0085,1.3431,295.0,0.12474229556341858,-0.11116333486248861,0.0383,0.016399999999999998,-156.0,-0.0039000000000000007,0.7359924205230953,47.87461173796225,-0.7541274258419719,0.05790396724521826,-0.8120313930871902,222.48604100000006
2024-09-19,0,0,0,0,1,0,0,0,227.80977,3.7065506,0.0019,-0.0115,1.8236,285.0,0.7133586442807156,0.018611880619881824,0.0065,-0.002999999999999999,-10.0,-0.0134,0.12977521548237042,60.39194225472314,-0.07755614724501925,0.030811944347170758,-0.10836809159219,222.70203600000005
2024-09-20,0,0,0,0,0,0,0,0,227.14287,-0.29274225,0.0022,-0.0014,1.7028,415.0,0.5404738264302723,0.024057583185123663,0.00030000000000000014,0.0101,130.0,-0.0036,0.00544570256524184,59.139243580769154,0.40020489606877163,0.10469053469149094,0.2955143613772807,222.76972100000003
2024-09-23,0,0,0,0,0,0,0,0,225.42088,-0.7581055,-0.0018,0.0036,0.9069,97.0,-0.48496111382112844,-0.05369283448324333,-0.004,0.005,-318.0,0.0054,-0.07775041766836699,55.91413864000373,0.6325916405901921,0.21027075587123117,0.42232088471896095,222.734386
2024-09-24,0,0,0,0,0,0,0,0,226.31671,0.3973961,-0.0023,-0.0026,0.5521,168.0,-0.9244878353120242,-0.06423833841192535,-0.0005,-0.0062,71.0,-0.0002999999999999999,-0.010545503928682018,57.22114266691156,0.8789142280005251,0.34399945029709,0.5349147777034351,222.701539
2024-09-25,0,0,0,0,1,0,0,0,225.32135,-0.43981075,0.0065,-0.0105,0.4368,141.0,-1.0597176943207394,0.10191220648606505,0.008799999999999999,-0.0079,-27.0,-0.017,0.16615054489799042,55.26079112628728,0.9824839562792533,0.4716963514935227,0.5107876047857307,222.6955675
2024-09-26,0,1,0,0,0,0,0,0,226.46602,0.5080223,-0.0228,-0.0119,0.1028,142.0,-1.4820517789898626,-0.4521578325979546,-0.0293,-0.0014000000000000002,1.0,0.0109,-0.5540700390840196,57.08176649214695,1.1437446384773864,0.6061060088902954,0.537638629587091,222.582593
2024-09-27,0,0,0,0,0,0,0,0,226.73476,0.11866093,-0.001,-0.0076,0.0889,137.0,-1.504431091615153,-0.0336446061916037,0.0218,0.004300000000000001,-5.0,-0.0066,0.4185132264063509,57.51893399627805,1.2784922995901127,0.7405832670302589,0.5379090325598538,222.522372
2024-09-30,0,0,0,0,0,0,0,0,231.92064,2.287197,-0.0017,-0.0072,0.1681,77.0,-1.360701647841486,-0.04611661492520048,-0.0006999999999999999,0.0004000000000000002,-60.0,-0.0055,-0.01247200873359678,64.94037351356832,1.783182549184545,0.9491031234611161,0.8340794257234289,222.721445
2024-10-01,0,0,0,0,1,0,0,0,225.1621,-2.9141605,0.0153,0.009,0.3486,150.0,-1.1096961185659195,0.27549647108885916,0.016999999999999998,0.0162,73.0,-0.0063,0.32161308601405963,52.1528628638358,1.6191311772236645,1.0831087342136259,0.5360224430100387,222.89264899999998
2024-10-02,0,1,0,0,0,0,0,0,225.72946,0.25197268,-0.0568,-0.0516,0.1757,189.0,-1.278487036085599,-1.0723956308072347,-0.0721,-0.0606,39.0,0.005200000000000003,-1.3478921018960939,52.98972615127977,1.5174087498785411,1.169968737346609,0.34744001253193213,223.18777599999993
2024-10-03,0,0,0,0,1,0,0,0,224.62459,-0.48946142,0.0009,-0.0198,0.2139,179.0,-1.189921560457423,0.02770883833946186,0.0577,0.031799999999999995,-10.0,-0.020700000000000003,1.1001044691466966,51.11480745919395,1.3322815062334712,1.2024312911239814,0.1298502151094898,223.35151449999995
2024-10-04,0,0,0,0,0,0,0,0,225.74936,0.5007386,-0.0017,-0.0137,0.05,223.0,-1.3629697668025265,-0.024609666394879843,-0.0026,0.006100000000000001,44.0,-0.012,-0.0523185047343417,52.94028819014903,1.2617813409134442,1.214301301081874,0.04748003983157023,223.64912899999996
2024-10-07,0,0,0,0,0,0,0,0,220.66304,-2.2530854,-0.0049,-0.0062,0.4986,132.0,-0.8022620734487518,-0.02740965459927886,-0.0031999999999999997,0.007500000000000001,-91.0,-0.0013,-0.0027999882043990183,44.79424381600744,0.7864205693275039,1.128725154731,-0.34230458540349606,223.68794949999997
2024-10-08,0,1,0,0,0,0,0,0,224.72414,1.8404126,-0.0386,-0.0189,0.4681,224.0,-0.8267310396175245,-0.7281878828024908,-0.0337,-0.0127,92.0,0.019700000000000002,-0.7007782282032119,51.24491723908599,0.7289872517678475,1.0487775741383696,-0.3197903223705221,223.96963849999997
2024-10-09,0,0,0,0,1,0,0,0,228.47667,1.669836,-0.0013,-0.022,0.1972,185.0,-1.1323768192186916,0.09204693083207066,0.0373,-0.0030999999999999986,-39.0,-0.0207,0.8202348136345614,56.323407395864166,0.9750292137736096,1.0340279020654175,-0.05899868829180788,224.31204599999995
2024-10-10,0,0,0,0,0,0,0,0,227.97899,-0.21782517,0.0012,-0.0225,0.3583,183.0,-0.934756183996779,0.1471421011945284,0.0024999999999999996,-0.0005000000000000004,-2.0,-0.0237,0.05509517036245773,55.497748282991566,1.116984720031411,1.0506192656586162,0.06636545437279473,224.62409449999996
2024-10-11,0,0,0,0,0,0,0,0,226.4959,-0.650537,-0.0018,-0.0132,0.1438,152.0,-1.1922496884035847,0.08130262287292273,-0.003,0.0093,-31.0,-0.0114,-0.06583947832160567,53.00416511349179,1.0971650771276131,1.0599284279524155,0.037236649175197645,224.87542549999995
2024-10-14,0,0,0,0,0,0,0,0,230.22852,1.647985,0.0014,-0.0006,0.2576,88.0,-1.0668061340021275,0.15130504905040937,0.0031999999999999997,0.0126,-64.0,-0.002,0.07000242617748664,58.10605110318809,1.3668924215519667,1.1213212266723258,0.24557119487964085,225.62095649999992
2024-10-15,0,1,1,0,0,0,0,0,232.7667,1.1024714,0.0638,0.0223,1.4569,119.0,0.3367553353653482,1.4691914128682595,0.0624,0.0229,31.0,-0.041499999999999995,1.3178863638178502,61.19132363722717,1.7651160398724528,1.2500801893123512,0.5150358505601016,226.4700064999999
2024-10-16,0,1,0,0,0,0,0,0,230.70628,-0.8851886,0.0093,0.019,0.9736,316.0,-0.23541147501775533,0.29160539106460187,-0.05449999999999999,-0.003300000000000001,197.0,0.0097,-1.1775860218036576,57.490035993302016,1.892635330124989,1.3785912174748787,0.5140441126501103,227.02193749999992
2024-10-17,0,0,0,0,0,0,0,0,231.07457,0.15963316,0.0042,-0.0093,0.7938,203.0,-0.44664785598069245,0.175158025067669,-0.0050999999999999995,-0.0283,-113.0,-0.013499999999999998,-0.11644736599693287,57.97930206962214,2.000354371432536,1.5029438482664101,0.4974105231661259,227.18517749999992
2024-10-18,0,0,0,0,0,0,0,0,233.91136,1.227653,0.0113,0.0091,0.7326,160.0,-0.5118789794503557,0.3139472083960553,0.0070999999999999995,0.0184,-43.0,-0.002199999999999999,0.13878918332838627,61.641470088976924,2.2882502086799548,1.660005120349119,0.6282450883308357,227.52360199999993
2024-10-21,0,0,0,0,0,0,0,0,235.38452,0.6297827,0.0014,0.005,0.9632,97.0,-0.22097520240816257,0.10052990722865662,-0.009899999999999999,-0.0041,-63.0,0.0036,-0.21341730116739865,63.42416360405332,2.605249736908803,1.8490540436610559,0.7561956932477472,228.02178399999994
2024-10-22,0,0,0,0,0,0,0,0,234.7674,-0.262177,0.0053,0.0043,1.2854,225.0,0.1668987502749236,0.18350292929444342,0.0039,-0.0007000000000000001,128.0,-0.001,0.0829730220657868,62.121709245274715,2.77469278908913,2.0341817927466708,0.7405109963424592,228.44431849999992
2024-10-23,0,0,0,0,0,0,0,0,229.69101,-2.1623015,-0.0011,-0.0072,1.9042,272.0,0.8809083996822602,0.04657944107233014,-0.0064,-0.0115,47.0,-0.0060999999999999995,-0.13692348822211328,52.56004415479884,2.4708726984715668,2.12151997389165,0.3493527245799166,228.66280149999994
2024-10-24,0,1,0,0,0,0,0,0,229.5019,-0.082331896,-0.0709,-0.0954,1.359,283.0,0.2387081987388971,-1.4065929943218938,-0.0698,-0.0882,11.0,-0.024499999999999994,-1.453172435394224,52.23747967309672,2.1895932235037208,2.1351346238140643,0.054458599689656495,228.81459549999994
2024-10-25,0,0,0,0,0,0,0,0,230.338,0.3643155,-0.0096,-0.033,1.4986,240.0,0.43080449417080835,-0.0237665639534308,0.06130000000000001,0.0624,-43.0,-0.023400000000000004,1.382826430368463,53.59350561413115,2.010962373047363,2.110300173660724,-0.09933780061336117,228.99475749999993
2024-10-28,0,0,1,0,1,0,0,1,232.31879,0.85994005,0.0033,-0.0574,2.8597,153.0,2.0406186397981583,0.33222092179995216,0.012899999999999998,-0.024399999999999998,-87.0,-0.0607,0.35598748575338296,56.727899921096494,2.006104215304674,2.089460981989514,-0.08335676668483982,229.01466499999992
2024-10-29,0,1,0,0,0,0,0,0,232.58754,0.115680695,0.0027,0.0081,2.7229,618.0,1.7974456466006996,0.3351098557897385,-0.0005999999999999998,0.0655,465.0,0.005399999999999999,0.0028889339897863464,57.150775451679806,2.000875126300514,2.071743810851714,-0.0708686845512001,229.38593699999993
2024-10-30,0,0,0,0,0,0,0,0,229.03406,-1.5277922,0.0016,0.0071,1.4764,306.0,0.33852443126816806,0.24319805784190965,-0.0011,-0.0009999999999999992,-312.0,0.0055000000000000005,-0.09191179794782886,50.16950468851575,1.690507775926335,1.9954966038666382,-0.30498882794030324,229.55116699999994
2024-10-31,0,0,0,0,0,0,0,0,224.86348,-1.8209457,-0.0011,0.0021,1.9438,350.0,0.8717738880099597,0.09673928871814809,-0.0027,-0.005000000000000001,44.0,0.0031999999999999997,-0.14645876912376155,43.45947964830395,1.0953815865912588,1.8154736004115624,-0.7200920138203035,229.56311149999993
2024-11-01,0,0,0,0,0,0,0,0,221.87737,-1.3279617,0.1767,0.1969,2.2924,289.0,1.2308722685009528,6.084068341580377,0.17779999999999999,0.1948,-61.0,0.020199999999999996,5.987329052862228,39.39657335576095,0.378423442963026,1.5280635689218551,-1.1496401259588291,229.36951199999993
2024-11-04,0,0,0,0,0,0,0,0,220.98154,-0.4037559,0.0096,0.0077,1.7187,104.0,0.5529101777605592,0.3167851238322286,-0.1671,-0.18919999999999998,-185.0,-0.001899999999999999,-5.767283217748148,38.241546158786456,-0.259070640426188,1.1706367270522464,-1.4297073674784344,229.3854369999999
2024-11-05,0,1,0,0,0,0,0,0,222.41487,0.64861774,-0.014,0.0131,2.0514,190.0,0.9059038255488551,-0.49478736369976606,-0.0236,0.0054,86.0,0.0271,-0.8115724875319947,41.21138095832041,-0.6412397298003611,0.8082614356817248,-1.449501165482086,229.26997349999988
2024-11-06,0,0,0,0,0,0,0,0,221.68825,-0.32669306,-0.0368,-0.0514,1.216,170.0,-0.03860683916151107,-1.237547363891857,-0.0228,-0.0645,-20.0,-0.014600000000000002,-0.742760000192091,40.157129102776615,-0.9913163698535925,0.44834587457466135,-1.4396622444282539,228.9305524999999
2024-11-07,0,0,1,0,1,0,0,0,226.42621,2.137208,0.0037,0.0417,0.8563,166.0,-0.4393327764058201,0.13916854106772347,0.0405,0.0931,-4.0,0.038,1.3767159049595805,49.27009920137614,-0.8763389639710795,0.1834089068655132,-1.0597478708365926,228.8529134999999
2024-11-08,0,1,0,0,0,0,0,0,226.15717,-0.11868477,0.0131,0.0081,0.3535,227.0,-1.000465000902041,0.4518731721531878,0.0094,-0.033600000000000005,61.0,-0.005000000000000001,0.3127046310854643,48.81551374498657,-0.7977320623369337,-0.012819286974976196,-0.7849127753619576,228.8359769999999
2024-11-11,0,0,0,0,0,0,0,0,223.43681,-1.2028575,0.0,0.0091,0.6118,102.0,-0.7067090280284299,0.007127690894210272,-0.0131,0.0010000000000000009,-125.0,0.0091,-0.4447454812589775,44.358880579619075,-0.944063269747943,-0.19906808352956956,-0.7449951862183735,228.49639149999993
2024-11-12,0,1,0,0,0,0,0,0,223.43681,0.0,-0.0032,-0.0156,0.9896,189.0,-0.28234149170311323,-0.10000547870740126,-0.0032,-0.0247,87.0,-0.0124,-0.10713316960161152,44.358880579619075,-1.0479516713406554,-0.36884480109178674,-0.6791068702488686,228.02989699999995
2024-11-13,0,0,0,0,0,0,0,0,224.32367,0.39691925,-0.0007,-0.0025,0.7694,251.0,-0.5408925614839097,-0.016291416065778577,0.0025,0.013099999999999999,62.0,-0.0018,0.08371406264162268,46.21542282559146,-1.046656582316814,-0.5044071573367922,-0.5422494249800217,227.71076649999992
2024-11-14,0,0,0,0,0,0,0,0,227.41272,1.3770461,-0.0043,-0.0279,1.0451,180.0,-0.22982112383042444,-0.14051316798527666,-0.0036,-0.025400000000000002,-71.0,-0.023600000000000003,-0.12422175191949808,52.19826065073821,-0.7872942580694655,-0.5609845774833269,-0.22630968058613865,227.52767399999993
2024-11-15,0,0,0,0,0,0,0,0,224.20409,-1.4109194,-0.0149,-0.0406,0.1493,165.0,-1.233200306038442,-0.49182327352759503,-0.0106,-0.012699999999999996,-15.0,-0.025699999999999997,-0.35131010554231834,46.42192995067249,-0.8310772318577619,-0.6150031083582139,-0.21607412349954802,227.04231049999993
2024-11-18,0,0,0,0,1,0,0,0,227.21341,1.3422251,-0.0002,-0.0011,0.7528,105.0,-0.5239064105845558,0.008020016581592264,0.0147,0.0395,-60.0,-0.0009000000000000001,0.49984329010918727,51.80836127283284,-0.6158494508445358,-0.6151723768554783,-0.0006770739890574751,226.63375499999998
2024-11-19,0,0,0,0,0,0,0,0,227.47249,0.114023685,0.0003,-0.0033,1.0354,159.0,-0.17742671163778798,0.024568233178379317,0.0005,-0.0021999999999999997,54.0,-0.0036,0.016548216596787055,52.253409044038804,-0.41953811870203594,-0.5760455252247898,0.15650740652275386,226.26900949999998
2024-11-20,0,0,0,0,0,0,0,0,228.18994,0.31540394,-0.0046,0.0059,1.1674,212.0,-0.00943433552959716,-0.1374584005694993,-0.0049,0.0092,53.0,0.010499999999999999,-0.1620266337478786,53.53314579701745,-0.20371940413224365,-0.5015803010062806,0.29786089687403694,226.193956
2024-11-21,0,0,0,0,0,0,0,0,227.71164,-0.2096057,-0.0091,-0.012,0.9806,182.0,-0.21158618878085175,-0.2826741034973551,-0.0045000000000000005,-0.0179,-30.0,-0.0029,-0.14521570292785582,52.52245864292746,-0.07046406474984224,-0.41535705375499293,0.3448929890051507,226.104443
2024-11-22,0,0,0,0,0,0,0,0,229.05685,0.59075356,-0.0235,-0.01,0.9528,165.0,-0.2464873690775095,-0.748663319017856,-0.0144,0.002,-17.0,0.0135,-0.4659892155205009,55.090525600216964,0.14205147539021823,-0.3038753479259507,0.44592682331616895,226.0403855
2024-11-25,0,0,0,0,0,0,0,0,232.04625,1.3050914,-0.0073,-0.0295,1.5382,128.0,0.4503119673465768,-0.19799693226955825,0.0162,-0.019499999999999997,-37.0,-0.022199999999999998,0.5506663867482977,60.2376933129782,0.545404089740515,-0.13401946039265755,0.6794235501331726,226.0267585
2024-11-26,0,0,0,0,0,0,0,0,234.2285,0.9404421,-0.002,-0.0098,0.8063,214.0,-0.3963631339071171,-0.018046080565870884,0.0053,0.0197,86.0,-0.0078,0.17995085170368735,63.52424031827522,1.029288285146123,0.09864208871509858,0.9306461964310243,226.10880650000004
2024-11-27,0,0,0,0,1,0,0,0,234.09897,-0.05530715,0.0015,-0.0075,0.5389,188.0,-0.6984624401402567,0.09708590622151561,0.0035,0.0023,-26.0,-0.009,0.1151319867873865,63.19037618558543,1.3863371757329048,0.35618110611865983,1.0301560696142449,226.36205200000003
2024-11-28,0,0,0,0,0,0,0,0,234.09897,0.0,-0.0059,0.006,0.2993,130.0,-0.9596112733680158,-0.1499003940785561,-0.0074,0.0135,-58.0,0.0119,-0.2469863003000717,63.19037618558543,1.6502776207711634,0.6150004090491605,1.0352772117220028,226.82382650000005
2024-11-29,0,0,0,0,1,0,0,0,236.49048,1.0215878,-0.0002,-0.009,0.2424,128.0,-0.995032925947387,0.045206421921228535,0.0057,-0.015,-2.0,-0.008799999999999999,0.19510681599978463,66.9138455121469,2.029037711661317,0.8978078695715919,1.1312298420897253,227.55448200000006
2024-12-02,0,0,0,0,0,0,0,0,238.74248,0.9522557,-0.0007,-0.0032,0.4708,92.0,-0.7335502792370675,0.0283946297277032,-0.0005,0.0058,-36.0,-0.0025,-0.016811792193525334,69.99208940824626,2.4823108573825152,1.2147084671337764,1.2676023902487388,228.44252900000006
2024-12-03,0,1,1,0,0,0,0,0,241.79166,1.2771845,-0.0365,-0.0717,1.4514,167.0,0.6616599900902749,-1.1463618392076256,-0.0358,-0.0685,75.0,-0.0352,-1.1747564689353287,73.57670846951935,3.052390377735236,1.5822448492540684,1.4701455284811675,229.41136850000007
2024-12-04,0,1,0,0,1,0,0,0,242.15039,0.14836788,0.0028,-0.0092,0.9326,239.0,-0.07172300327834104,0.14639777424793393,0.039299999999999995,0.0625,72.0,-0.012,1.2927596134555595,73.97065726144506,3.4928654392339524,1.9643689672500453,1.5284964719839071,230.43447550000005
2024-12-05,0,0,0,0,0,0,0,0,242.18027,0.012350082,0.0044,-0.0152,0.6285,159.0,-0.5015184408241925,0.19677541839346246,0.0016000000000000003,-0.006,-80.0,-0.0196,0.05037764414552853,74.00542153948739,3.80054583853655,2.3316043415073464,1.4689414970292036,231.22217850000007
2024-12-06,0,0,0,0,0,0,0,0,241.98097,-0.08229017,-0.0008,-0.0035,0.3222,107.0,-0.9277674585826021,0.02291717637008827,-0.005200000000000001,0.0117,-52.0,-0.0027,-0.1738582420233742,73.30218998186682,3.982396341254713,2.66176274145682,1.320633599797893,232.0133685
2024-12-09,0,0,0,0,0,0,0,0,245.87715,1.6101122,-0.0078,-0.014,0.791,97.0,-0.2094777889576554,-0.2100509660342094,-0.006999999999999999,-0.0105,-10.0,-0.006200000000000001,-0.23296814240429767,77.7528600339218,4.390294754025291,3.007469143970514,1.3828256100547769,233.13538550000004
2024-12-10,0,0,0,0,0,0,0,0,246.89355,0.41337013,-0.0057,-0.0105,0.7944,124.0,-0.1982369146527786,-0.1630102859276841,0.0020999999999999994,0.0034999999999999996,27.0,-0.0048000000000000004,0.04704068010652529,78.74816577161114,4.740921775380855,3.3541596702525824,1.3867621051282724,234.3082225
2024-12-11,0,0,0,0,1,0,0,1,245.61807,-0.5166054,0.0032,0.002,2.0979,160.0,1.7064478991378498,0.1366927742941361,0.0089,0.0125,36.0,-0.0012000000000000001,0.2997030602218202,74.25842043871876,4.859854264757672,3.6552985891536003,1.2045556756040718,235.37294250000005
2024-12-12,0,0,0,0,0,0,0,0,247.08289,0.5963683,0.0007,0.0029,1.9188,399.0,1.4357972259798617,0.05194585765411166,-0.0025,0.0008999999999999998,239.0,0.0021999999999999997,-0.08474691664002443,75.95400445660451,5.014503773360502,3.9271396259949807,1.0873641473655216,236.35645100000002
2024-12-13,0,0,0,0,0,0,0,0,247.25227,0.06855726,0.0047,0.0018,1.2715,214.0,0.5009313336105217,0.18718217133221374,0.004,-0.0010999999999999998,-185.0,-0.0029000000000000002,0.13523631367810207,76.14963725233808,5.092034371002484,4.160118574996481,0.9319157960060025,237.50886
2024-12-16,0,0,0,0,0,0,0,0,250.15196,1.1727691,0.0002,0.0008,1.1618,115.0,0.33195789317712643,0.032288546440159396,-0.0045000000000000005,-0.001,-99.0,0.0006000000000000001,-0.15489362489205433,79.2604405558789,5.326063137006855,4.393307487398556,0.9327556496082989,238.6557875
2024-12-17,0,0,0,0,0,0,0,0,252.58334,0.971961,0.005,-0.0049,0.8507,148.0,-0.13580720692523202,0.19208035253889116,0.0048000000000000004,-0.0057,33.0,-0.009899999999999999,0.15979180609873178,81.44572288490545,5.642679370919041,4.643181864102653,0.9994975068163878,239.91133
2024-12-18,0,0,0,0,0,0,0,0,247.17256,-2.142179,-0.0058,0.0108,0.7229,147.0,-0.3336654790408543,-0.1698653493729298,-0.0108,0.0157,-1.0,0.0166,-0.36194570191182096,65.0253672076488,5.394807310640317,4.793506953410185,0.6013003572301319,240.860461
2024-12-19,0,0,0,0,0,0,0,0,248.9064,0.7014632,-0.0078,-0.0016,1.8507,188.0,1.3004042634626423,-0.24781628234477368,-0.002,-0.012400000000000001,41.0,0.0062,-0.07795093297184388,67.30041411624217,5.277438291212377,4.890293220970624,0.38714507024175315,241.92019899999997
2024-12-20,0,0,0,0,0,0,0,0,253.5898,1.8815875,-0.0011,-0.0041,0.2917,124.0,-1.0290608142847741,-0.017844128186823866,0.006699999999999999,-0.0025000000000000005,-64.0,-0.003,0.2299721541579498,72.50340460962778,5.498945318256432,5.012023640427786,0.48692167782864626,243.14684649999995
2024-12-23,0,0,0,0,1,0,0,0,254.36703,0.306499,0.001,0.0099,1.0222,109.0,0.04302066571466771,0.052673904793614855,0.0021000000000000003,0.014000000000000002,-15.0,0.008900000000000002,0.07051803298043872,73.26370462186111,5.671825919863522,5.143984096314933,0.5278418235485898,244.26288549999995
2024-12-24,0,1,0,0,0,0,0,0,257.28668,1.1478066,0.0554,0.0814,0.8278,128.0,-0.2657026954644584,1.8447288423333565,0.0544,0.0715,19.0,0.026000000000000002,1.7920549375397417,75.95352576297577,5.975544044543,5.310296085960546,0.6652479585824533,245.41579449999995
2024-12-25,0,0,0,0,0,0,0,0,257.28668,0.0,0.0058,-0.005,0.6229,111.0,-0.5964032524198758,0.1593254775647019,-0.0496,-0.0864,-17.0,-0.0108,-1.6854033647686546,75.95352576297577,6.145402472203074,5.4773173632090515,0.6680851089940223,246.57517999999996
2024-12-26,0,0,0,0,0,0,0,0,258.10373,0.31757355,0.0049,0.0144,0.7924,70.0,-0.35388219756782374,0.12599587010761004,-0.0008999999999999998,0.0194,-41.0,0.0095,-0.03332960745709185,76.7138639640038,6.2736271380654784,5.6365793181803365,0.6370478198851419,247.77541799999995
2024-12-27,0,1,0,0,0,0,0,0,254.68588,-1.3242185,0.0538,0.0463,0.6792,119.0,-0.5567804075520495,1.7325641058570933,0.0489,0.0319,49.0,-0.0075,1.6065682357494833,67.14889970288021,6.029944729404235,5.715252400425117,0.3146923289791186,248.68518799999993
2024-12-30,0,0,0,0,0,0,0,0,251.30788,-1.3263404,-0.0051,-0.0106,0.4826,63.0,-0.8686279348931435,-0.24377934574731874,-0.0589,-0.0569,-56.0,-0.0055,-1.976343451604412,59.28167924027523,5.500838059035402,5.672369532147174,-0.17153147311177186,249.31345799999994
2024-12-31,0,0,0,0,0,0,0,0,249.53418,-0.7057905,-0.0045,0.0005,0.5208,96.0,-0.810287680606133,-0.24659865428076488,0.0006000000000000007,0.0111,33.0,0.004999999999999999,-0.002819308533446141,55.59827851938246,4.882116444825783,5.514318914682896,-0.6322024698571127,249.70058399999994
2025-01-01,0,0,0,0,0,0,0,0,249.53418,0.0,-0.0025,0.0168,0.0,73.0,-1.6211132182762962,-0.17771343335643783,0.0019999999999999996,0.0163,-23.0,0.019299999999999998,0.06888522092432706,55.59827851938246,4.341726388737612,5.2798004094938396,-0.9380740207562273,250.06977349999994
2025-01-02,0,0,0,0,0,0,0,0,242.98743,-2.6235878,-0.0027,-0.0046,2.3701,65.0,2.014029574768369,-0.1822673220510912,-0.0002000000000000001,-0.0214,-8.0,-0.0018999999999999998,-0.0045538886946533685,43.91730348232907,3.346617639509134,4.893163855496899,-1.5465462159877648,250.11013149999994
2025-01-03,0,1,1,0,0,0,0,0,242.49916,-0.20094514,-0.37,-0.4195,2.2472,159.0,1.753839256397953,-6.503430478902792,-0.3673,-0.4149,94.0,-0.04949999999999999,-6.321163156851701,43.18850924074677,2.489885626415486,4.412508209680616,-1.92262258326513,250.13604099999998
2025-01-06,0,0,1,0,0,0,0,0,244.13335,0.67390203,-0.0974,-0.0178,1.0882,38.0,-0.03232817639640084,-1.6007057174527783,0.2726,0.4017,-121.0,0.0796,4.902724761450013,46.39480330019809,1.9206448112975067,3.914135530003994,-1.9934907187064872,250.04885099999996
2025-01-07,0,1,1,0,0,0,0,0,241.35323,-1.1387706,-0.0132,-0.0668,1.7813,149.0,1.022921968578131,-0.11911825845036063,0.0842,-0.049,111.0,-0.053599999999999995,1.4815874590024176,42.04719988622958,1.2309947731133661,3.3775073786258685,-2.1465126055125023,249.77183499999995
2025-01-08,0,0,0,0,0,0,0,0,241.84146,0.20229816,-0.0369,-0.0271,2.0229,147.0,1.34578688495014,-0.5209980022691145,-0.023700000000000002,0.0397,-2.0,0.009800000000000003,-0.4018797438187539,43.05638587919797,0.7155893611672468,2.845123775134144,-2.1295344139668972,249.58300449999996
2025-01-09,0,1,1,0,1,0,0,0,241.84146,0.0,0.0017,-0.0546,0.8715,150.0,-0.39587806463649894,0.15660946091576186,0.0386,-0.027500000000000004,3.0,-0.0563,0.6776074631848764,43.056385879197975,0.30362683772034416,2.336824387651384,-2.0331975499310397,249.32093299999997
2025-01-10,0,0,0,0,0,0,0,0,236.01218,-2.410382,-0.0017,-0.0087,0.9882,98.0,-0.2264861019848129,0.10086490481795056,-0.0034,0.0459,-52.0,-0.006999999999999999,-0.0557445560978113,34.69119475586474,-0.48760974717643535,1.7719375606858199,-2.259547307862255,248.75892849999997
2025-01-13,0,1,1,1,0,0,0,0,233.57085,-1.0344148,-0.09,-0.0257,2.4299,105.0,1.8648895423195933,-1.3983482040963473,-0.0883,-0.017,7.0,0.0643,-1.499213108914298,31.89624438703197,-1.2967176157174833,1.1582065254051592,-2.4549241411226426,247.92987299999996
2025-01-14,0,1,1,1,0,0,0,0,232.4548,-0.47781467,-0.1839,-0.0959,1.216,129.0,0.08110569361864761,-2.763791992201614,-0.09390000000000001,-0.0702,24.0,0.08800000000000001,-1.3654437881052668,30.6793770677048,-2.0048862578425997,0.5255879687556074,-2.530474226598207,246.92344599999996
2025-01-15,0,0,0,0,0,0,0,0,237.02855,1.9675851,-0.0141,-0.0236,1.2757,110.0,0.18622256944168047,-0.028324915058575664,0.1698,0.0723,-19.0,-0.0095,2.7354670771430385,40.669191048253396,-2.172013983064943,-0.01393242160850272,-2.15808156145644,246.41624549999997
2025-01-16,0,0,0,0,0,0,0,0,227.45256,-4.040021,-0.0253,-0.0395,1.9083,144.0,1.1019762247345692,-0.22242056871708515,-0.0112,-0.0159,34.0,-0.0142,-0.1940956536585095,30.695332034820854,-3.0420988505973696,-0.6195657074062761,-2.4225331431910933,245.34355349999996
2025-01-17,0,1,0,0,0,0,0,0,229.16647,0.7535219,-0.047,-0.0768,1.4507,175.0,0.42991338433014,-0.5625673842034045,-0.0217,-0.03729999999999999,31.0,-0.029799999999999993,-0.3401468154863193,33.82350297866619,-3.5523993154664026,-1.2061324290183015,-2.346266886448101,244.12238699999997
2025-01-20,0,0,0,0,1,0,0,0,229.16647,0.0,-0.0008,-0.0009,1.2174,92.0,0.1341073644860276,0.1855110771146872,0.0462,0.0759,-83.0,-9.999999999999994e-05,0.7480784613180916,33.823502978666184,-3.911724188905481,-1.7472507809957376,-2.1644734079097434,242.86235899999997
2025-01-21,0,1,0,0,0,0,0,0,221.85243,-3.1915784,-0.0618,-0.0361,2.5563,120.0,2.2492831603974883,-0.7798271385340583,-0.061,-0.0352,28.0,0.0257,-0.9653382156487454,27.647325105375536,-4.73212465454688,-2.344225555705966,-2.3878990988409137,241.09064649999996
2025-01-22,0,1,0,0,0,0,0,0,223.03822,0.5344987,-0.1284,-0.1207,1.6194,175.0,0.7675472006886258,-1.7680975841887914,-0.06659999999999999,-0.08460000000000001,55.0,0.007699999999999985,-0.9882704456547331,29.88275567966899,-5.226368271165654,-2.9206540987979035,-2.305714172367751,239.37822349999996
2025-01-23,0,1,1,0,1,0,0,0,222.86885,-0.07594824,-0.0082,-0.0406,1.5562,222.0,0.6853334135212837,0.11643669900331327,0.12019999999999999,0.0801,47.0,-0.0324,1.8845342831921046,29.74141032467565,-5.567547420696997,-3.450032763177722,-2.1175146575192745,237.61647949999997
2025-01-24,0,0,0,0,0,0,0,0,221.99194,-0.39345622,-0.0243,-0.0217,1.0174,149.0,-0.14054725014703762,-0.09072140005419452,-0.016099999999999996,0.018899999999999997,-73.0,0.002599999999999998,-0.2071580990575078,28.977186913819924,-5.8413581228005285,-3.9282978351022835,-1.913060287698245,235.98178249999995
2025-01-27,0,0,0,0,1,0,0,0,229.04689,3.1780243,-0.0106,-0.0089,1.6882,91.0,0.9589038696809885,0.1489965057160809,0.013699999999999999,0.0128,-58.0,0.0017000000000000001,0.2397179057702754,41.90977483305101,-5.426525959231469,-4.22794345992812,-1.198582499303349,234.86873299999993
2025-01-28,0,0,0,0,0,0,0,0,237.41719,3.6543965,-0.0038,0.0091,0.6458,259.0,-0.7221076177945198,0.26216659614660187,0.0068000000000000005,0.018000000000000002,168.0,0.0129,0.11317009043052098,52.874040341657704,-4.371958013879862,-4.256746370718469,-0.11521164316139298,234.26288349999996
2025-01-29,0,0,0,0,0,0,0,0,238.5133,0.46168566,-0.0044,-0.0156,0.7319,192.0,-0.5639616367948472,0.2427611039003859,-0.0006000000000000003,-0.0247,-67.0,-0.011199999999999998,-0.01940549224621596,54.095912152087465,-3.408467708959023,-4.08709063836658,0.678622929407557,233.71183949999994
2025-01-30,0,0,0,0,0,0,0,0,236.74954,-0.7394731,-0.0416,-0.0205,1.3993,161.0,0.5293624937845769,-0.3799348577650135,-0.0372,-0.004900000000000002,-31.0,0.021099999999999997,-0.6226959616653994,51.76989580956959,-2.755452254004439,-3.8207629614941516,1.0653107074897128,233.39994499999995
2025-01-31,0,1,1,0,1,0,0,1,235.16519,-0.6692171,0.2493,0.3017,3.2153,290.0,3.1865070620833467,3.8967300897956365,0.2909,0.32220000000000004,129.0,0.05240000000000003,4.27666494756065,49.70250348083201,-2.3388161881111955,-3.5243736068175604,1.1855574187063649,233.0332464999999
2025-02-03,0,0,0,0,0,0,0,0,227.20345,-3.3855975,-0.0062,0.0167,0.4569,74.0,-1.0169355229471548,0.137374686688267,-0.2555,-0.28500000000000003,-216.0,0.0229,-3.7593554031073695,40.86986660910595,-2.6208633024328662,-3.3436715459406217,0.7228082435077554,232.1867514999999
2025-02-04,0,1,0,0,0,0,0,0,231.9765,2.1007895,-0.0239,-0.0067,1.0243,160.0,-0.15475171387484618,-0.11817924965391535,-0.0177,-0.0234,86.0,0.0172,-0.2555539363421824,46.955743390770834,-2.4312168728850736,-3.1611806113295122,0.7299637384444386,231.7179149999999
2025-02-05,0,1,0,0,0,0,0,0,231.64767,-0.14175177,-0.0228,-0.0311,1.4569,213.0,0.4862065619737051,-0.09658982270774512,0.0011000000000000003,-0.024399999999999998,53.0,-0.008299999999999998,0.021589426946170234,46.5998995859167,-2.281158765713627,-2.985176242206335,0.7040174764927078,231.20822549999994
2025-02-06,0,0,1,0,0,0,0,0,232.39502,0.32262802,-0.0693,-0.0257,1.0764,123.0,-0.09377007006270928,-0.7620096431098385,-0.0465,0.0053999999999999986,-90.0,0.0436,-0.6654198204020935,47.57235198810596,-2.0779780975227595,-2.8037366132696198,0.7257585157468602,230.73590349999995
2025-02-07,0,1,0,0,1,0,0,1,226.82478,-2.3968756,-0.0121,-0.0077,1.9,159.0,1.1255095543163516,0.07594388421651888,0.0572,0.018000000000000002,36.0,0.004399999999999999,0.8379535273263574,41.50546243336636,-2.3394599318743587,-2.7108812769905675,0.3714213451162087,230.27653349999997
2025-02-10,0,0,0,0,0,0,0,0,227.09412,0.11861324,0.0028,0.0013,0.9042,93.0,-0.408610852502343,0.29359992519421446,0.0149,0.009000000000000001,-66.0,-0.0015,0.2176560409776956,41.8913527336047,-2.4961782928977243,-2.667940680171999,0.17176238727427462,229.95269699999994
2025-02-11,0,0,0,0,0,0,0,0,232.052,2.183175,0.0014,0.0017,2.1132,146.0,1.4006485309197758,0.27279023595289176,-0.0014,0.00039999999999999996,53.0,0.0002999999999999999,-0.020809689241322704,48.611712649007266,-2.195016458452784,-2.573355835828156,0.3783393773753718,229.93255699999992
2025-02-12,0,0,0,0,0,0,0,0,236.29161,1.8270135,0.0056,0.0012,2.5507,244.0,1.959600470543632,0.33164070185386824,0.0042,-0.0005,98.0,-0.0044,0.05885046590097648,53.55797857955711,-1.5958465145605771,-2.3778539715746403,0.7820074570140632,229.89570999999992
2025-02-13,0,0,0,0,0,0,0,0,240.94025,1.9673228,0.0024,0.0004,3.1479,243.0,2.6138541873146317,0.28180155687908925,-0.0032,-0.0007999999999999999,-1.0,-0.0019999999999999996,-0.04983914497477898,58.29775096037262,-0.7373934073565636,-2.049761858731025,1.3123684513744616,230.57009449999993
2025-02-14,0,0,0,0,0,0,0,0,244.00275,1.271069,-0.0013,-0.0005,2.3056,336.0,1.4023582864906534,0.22214427168934817,-0.0036999999999999997,-0.0009,93.0,0.0007999999999999999,-0.05965728518974109,61.11341626016969,0.18788915136289575,-1.602231656712241,1.7901208080751367,231.3119084999999
2025-02-17,0,0,0,0,0,0,0,0,244.00275,0.0,0.0001,-0.0004,0.6396,91.0,-0.828065958024272,0.24074415032054003,0.0014,9.999999999999999e-05,-245.0,-0.0005,0.018599878631191863,61.11341626016969,0.9106844420819584,-1.0996484369534012,2.0103328790353596,232.05372249999988
2025-02-18,0,0,0,0,0,0,0,0,243.87306,-0.05314946,-0.0004,-0.001,1.0139,126.0,-0.3293228114050609,0.23301907920143416,-0.0005,-0.0006000000000000001,35.0,-0.0006000000000000001,-0.007725071119105864,60.91143079823426,1.4562532374649209,-0.5884681020697368,2.0447213395346577,233.15475399999985
2025-02-19,0,0,0,0,0,0,0,0,244.27208,0.16361475,-0.0042,-0.0037,2.8604,180.0,2.0497789716443915,0.1788790690742013,-0.0037999999999999996,-0.0027,54.0,0.0004999999999999996,-0.05414001012723285,61.33485536010509,1.8989283536485573,-0.09098881092607791,1.9899171645746352,234.21644699999985
2025-02-20,0,0,0,0,0,0,0,0,245.22974,0.3920436,-0.0004,0.0004,2.375,696.0,1.366280841160934,0.23307873946780325,0.0037999999999999996,0.0041,516.0,0.0008,0.054199670393601934,62.387919908255526,2.300507907881922,0.3873105328355221,1.9131973750464,235.33449149999984
2025-02-21,0,0,0,0,0,0,0,0,244.95042,-0.113898516,-0.0014,-0.001,2.1069,237.0,0.9838999384781711,0.2187577335338344,-0.001,-0.0014,-459.0,0.00039999999999999996,-0.014321005933968844,61.858729797245026,2.5666372121059737,0.8231758686896125,1.7434613434163613,236.48241549999983
2025-02-24,0,0,0,0,0,0,0,0,246.49664,0.63123703,-0.0045,0.0029,2.7799,159.0,1.7926340982047135,0.1743663716247166,-0.0030999999999999995,0.0039,-78.0,0.0073999999999999995,-0.0443913619091178,63.6945774807673,2.869238835505371,1.232388462052764,1.6368503734526068,237.35490299999987
2025-02-25,0,0,0,0,0,0,0,0,246.43678,-0.024288893,0.0014,0.0021,1.6868,433.0,0.36633504486681706,0.2515035099911802,0.0059,-0.0007999999999999999,274.0,0.0006999999999999999,0.0771371383664636,63.56701486376106,3.068846844316795,1.5996801385055703,1.4691667058112245,237.80588249999988
2025-02-26,0,0,0,0,0,0,0,0,239.77309,-2.7040124,-0.0021,-0.0011,1.6271,322.0,0.2745091717488423,0.20153399345642464,-0.0034999999999999996,-0.0031999999999999997,-111.0,0.0009999999999999998,-0.049969516534755565,51.25978080412644,2.658685861541528,1.8114812831127618,0.8472045784287663,237.86887199999987
2025-02-27,0,0,0,0,0,0,0,0,236.72057,-1.2730896,-0.0053,-0.0022,0.9833,279.0,-0.5748265441008319,0.15714082973723972,-0.0032,-0.0011,-43.0,0.0031,-0.04439316371918492,46.79071508083022,2.063530380888068,1.861891102667823,0.20163927822024474,237.86742349999992
2025-02-28,0,0,0,0,0,0,0,0,241.24948,1.9131899,-0.0086,-0.0223,0.3243,186.0,-1.438200991140163,0.11074476675461985,-0.0033,-0.0201,-93.0,-0.0137,-0.046396062982619876,53.29662595303169,1.935005028457141,1.8765138878256866,0.05849114063145433,238.17163799999994
2025-03-03,0,0,0,0,0,0,0,0,237.44878,-1.5754223,0.0008,-0.0009,1.0278,90.0,-0.5236459122521673,0.24627654697070597,0.0094,0.0214,-96.0,-0.0017000000000000001,0.13553178021608614,47.99321683328621,1.5090674443194132,1.803024599124432,-0.2939571548050188,238.68390449999993
2025-03-04,0,0,0,0,0,0,0,0,235.35391,-0.8822441,-0.0013,-0.0017,1.7146,214.0,0.36085443054343747,0.21440258728672595,-0.0021,-0.0007999999999999999,124.0,-0.00039999999999999996,-0.03187395968398002,45.31657265819874,0.9910461753303821,1.640628914365622,-0.64958273903524,238.85277499999992
2025-03-05,0,0,0,0,0,0,0,0,235.16438,-0.080525875,-0.0002,0.0014,1.7563,362.0,0.42557015433193435,0.23138998189875107,0.0010999999999999998,0.0031,148.0,0.0016,0.016987394612025114,45.071655136500276,0.5587758799648554,1.4242583074854687,-0.8654824275206132,239.02861049999993
2025-03-06,0,0,0,0,0,0,0,0,234.75539,-0.1739204,0.0004,-0.0017,0.7042,349.0,-0.9404758165137425,0.24025544006525007,0.0006000000000000001,-0.0031,-13.0,-0.0021,0.008865458166499002,44.51258661246317,0.1811087724281606,1.175628400474007,-0.9945196280458464,239.14662899999993
2025-03-07,0,0,0,0,0,0,0,0,238.48625,1.5892625,-0.0024,-0.0006,0.6819,164.0,-0.9497953695422381,0.2010671178364166,-0.0028,0.0010999999999999998,-185.0,0.0018,-0.03918832222883348,50.539574638170535,0.18077028336176681,0.976656777051559,-0.7958864936897921,239.72970249999995
2025-03-10,0,0,0,0,0,0,0,0,226.92455,-4.8479557,-0.0042,-0.0038,1.2563,92.0,-0.19820525918681975,0.17580568858578785,-0.0018,-0.0032,-72.0,0.00039999999999999975,-0.025261429250628742,37.09337339406739,-0.743855829534823,0.6325542557342826,-1.3764100852691055,239.72122399999995
2025-03-11,0,1,0,1,0,0,0,0,220.30077,-2.9189348,-0.0473,-0.0309,1.3347,228.0,-0.106339201903832,-0.4427364669360788,-0.0431,-0.0271,136.0,0.0164,-0.6185421555218666,31.86309434094462,-1.9881937148010138,0.10840466162722329,-2.096598376428237,239.13366249999996
2025-03-12,0,1,0,0,1,0,0,0,216.45018,-1.7478704,-0.0061,-0.0094,0.7986,245.0,-0.8162793705481354,0.16067086545979814,0.0412,0.0215,17.0,-0.0033,0.603407332395877,29.27854907508372,-3.2476144087867453,-0.5627991524555706,-2.684815256331175,238.14159099999992
2025-03-13,0,0,0,0,0,0,0,0,209.16801,-3.3643663,-0.0108,-0.0271,0.5083,163.0,-1.1598210357404075,0.0925833830967246,-0.0047,-0.0177,-82.0,-0.0163,-0.06808748236307353,25.12745221556369,-4.778244019074293,-1.405888125779315,-3.372355893294978,236.55297899999997
2025-03-14,0,0,0,0,0,0,0,0,212.96872,1.8170595,-0.0072,-0.0123,0.7021,183.0,-0.9250442037967742,0.14683820993142557,0.0036000000000000008,0.014799999999999999,20.0,-0.0051,0.05425482683470097,30.65363942325634,-5.619811787600753,-2.2486728581436024,-3.3711389294571505,235.00127749999996
2025-03-17,0,0,0,0,0,0,0,0,213.47746,0.2388835,-0.0022,-0.0043,0.7264,148.0,-0.8823062379555412,0.22091053431997795,0.004999999999999999,0.008,-35.0,-0.0021,0.07407232438855238,31.3836787357939,-6.174533067356776,-3.0338448999862373,-3.140688167370539,233.475013
2025-03-18,0,1,0,0,0,0,0,0,212.17065,-0.61214566,-0.0073,-0.0367,0.7868,186.0,-0.8012653887125626,0.163059171213585,-0.0051,-0.032400000000000005,38.0,-0.029400000000000003,-0.05785136310639294,30.495581059667277,-6.643025658990609,-3.7556810517871115,-2.887344607203498,231.8898925
2025-03-19,0,0,0,0,0,0,0,0,214.71443,1.1989236,-0.0093,-0.0172,0.9563,158.0,-0.5889575297266012,0.13732209651906097,-0.001999999999999999,0.019500000000000003,-28.0,-0.0079,-0.025737074694524048,34.38776620359626,-6.731451642077047,-4.350835169845099,-2.3806164722319485,230.41201
2025-03-20,0,1,0,0,0,0,0,0,213.57722,-0.5296409,-0.024,-0.042,0.8979,215.0,-0.6698019964111152,-0.07329991008338808,-0.014700000000000001,-0.024800000000000003,57.0,-0.018000000000000002,-0.21062200660244906,33.48499617514542,-6.814737165668134,-4.843615569009706,-1.9711215966584286,228.82938400000003
2025-03-21,0,0,1,0,0,0,0,0,217.73703,1.947689,-0.0603,-0.1075,0.366,173.0,-1.3574740561996903,-0.5873847393037575,-0.0363,-0.0655,-42.0,-0.0472,-0.5140848292203694,39.719052799572864,-6.470491838958367,-5.168990822999438,-1.3015010159589284,227.46871450000003
2025-03-24,0,0,0,0,1,0,0,0,220.19102,1.1270404,-0.0032,-0.0023,1.7292,133.0,0.41371885997975183,0.26459730318929153,0.0571,0.1052,-40.0,0.0009000000000000002,0.851982042493049,43.10668563989089,-5.931286277132131,-5.321449913825977,-0.6098363633061537,226.15343350000003
2025-03-25,0,0,0,0,0,0,0,0,223.20366,1.3681889,-0.0004,-0.0051,1.466,203.0,0.043029560846152115,0.3052882241687349,0.0028,-0.0028000000000000004,70.0,-0.0047,0.04069092097944338,47.04138890779254,-5.200914212714025,-5.297342773603587,0.09642856088956187,224.99177750000004
2025-03-26,0,0,0,0,0,0,0,0,220.98906,-0.9921789,-0.0021,-0.0051,1.4,281.0,-0.07995026142368489,0.27981068200440884,-0.0017,0.0,78.0,-0.0030000000000000005,-0.025477542164326072,44.59956620736116,-4.746078957540703,-5.18709001039101,0.44101105285030684,224.05257600000004
2025-03-27,0,0,0,0,0,0,0,0,223.3034,1.0472655,-0.0027,-0.0046,0.5833,198.0,-1.1784226786647014,0.27085674018026773,-0.0006000000000000003,0.0005000000000000004,-83.0,-0.0018999999999999998,-0.00895394182414111,47.65734648880671,-4.151020464655176,-4.9798761012438435,0.8288556365886679,223.3817175
2025-03-28,0,0,0,0,0,0,0,0,217.36794,-2.6580334,-0.0038,-0.0028,0.2528,153.0,-1.576683441564245,0.22386186414173243,-0.0010999999999999998,0.0018,-45.0,0.001,-0.046994876038535305,41.35335315755053,-4.110985457811466,-4.806097972557368,0.6951125147459019,222.1876405
2025-03-31,0,0,0,0,0,0,0,0,221.58762,1.9412637,-0.091,-0.0737,1.9257,128.0,0.7125186566758459,-1.5672426929852201,-0.0872,-0.0709,-25.0,0.017299999999999996,-1.7911045571269526,46.746518231285485,-3.6961575127594415,-4.584109880597783,0.8879523678383414,221.3945825
2025-04-01,0,1,0,0,0,0,0,0,222.64502,0.4771948,-0.0282,-0.0343,1.4208,237.0,0.025497288110614944,-0.27300620409200455,0.0628,0.039400000000000004,109.0,-0.006099999999999998,1.2942364888932156,48.036093778773434,-3.2446774132142764,-4.316223387121082,1.0715459739068054,220.75913800000004
2025-04-02,0,0,0,0,1,0,0,0,223.3433,0.31362772,-0.0033,-0.0118,0.7368,160.0,-0.8886375831045537,0.22653848143595326,0.0249,0.0225,-77.0,-0.0085,0.49954468552795783,48.91584519526866,-2.798274059858784,-4.012633521668622,1.2143594618098383,220.168084
2025-04-03,0,0,1,1,0,0,0,0,202.69386,-9.24561,-0.1412,-0.1102,2.0514,150.0,0.8955403030320384,-2.4259138706626198,-0.1379,-0.0984,-10.0,0.030999999999999986,-2.652452352098573,31.78077144580122,-4.063887454695845,-4.022884308274067,-0.041003146421777714,218.5650075
2025-04-04,0,1,1,1,0,0,0,0,187.92003,-7.288742,-0.3072,-0.1603,0.7833,188.0,-0.8417963783580317,-4.493804939538773,-0.16599999999999998,-0.05009999999999999,38.0,0.14689999999999998,-2.067891068876153,25.02616289451599,-6.187691938346603,-4.455845834288574,-1.7318461040580289,216.0366965
2025-04-07,0,0,0,1,0,0,0,0,181.01692,-3.6734223,-0.0396,-0.0394,2.6069,116.0,1.6446015333572284,-0.2961857784066588,0.26759999999999995,0.12090000000000001,-72.0,0.00020000000000000573,4.197619161132114,22.608257916945814,-8.331801753875283,-5.231037018205916,-3.100764735669367,213.741315
2025-04-08,0,1,1,1,0,0,0,0,171.999,-4.981816,-0.1008,-0.0445,2.766,235.0,1.7767954859848873,-1.3508241882836232,-0.0612,-0.0051,119.0,0.0563,-1.0546384098769643,19.90299398782597,-10.636088797336498,-6.312047374032032,-4.324041423304466,211.3262265
2025-04-09,0,0,1,0,0,0,0,0,198.36446,15.328848,-0.1385,-0.0343,3.6153,189.0,2.671033790595169,-1.8831482043782601,-0.03770000000000001,0.0102,-46.0,0.10420000000000001,-0.532324016094637,41.82178490088947,-10.217005326574338,-7.093038964540493,-3.123966362033845,210.42194049999998
2025-04-10,0,1,1,0,0,0,0,0,189.95505,-4.2393804,-0.0471,0.0133,2.3882,202.0,1.1273211730926795,-0.4037180116516078,0.09140000000000001,0.047599999999999996,13.0,0.0604,1.4794301927266522,38.228418517404364,-10.44306659219859,-7.7630444900721125,-2.680022102126478,209.46129249999998
2025-04-11,0,1,0,0,1,0,0,0,197.66615,4.059446,-0.0119,-0.0075,1.0306,209.0,-0.5348446759855189,0.1535587880080209,0.0352,-0.0208,7.0,0.004400000000000001,0.5572767996596287,43.05961630302444,-9.886040329172602,-8.18764365789221,-1.698396671280392,208.696164
2025-04-14,1,0,0,0,0,0,0,0,202.0255,2.2054076,0.0226,0.0494,3.0368,184.0,1.8383085515713313,0.7008646272127431,0.0345,0.0569,-25.0,0.0268,0.5473058392047222,45.64767607270674,-8.98920789712463,-8.347956505738694,-0.6412513913859357,208.12356599999998
2025-04-15,0,1,0,0,0,0,0,0,201.64642,-0.18763542,0.1012,0.0754,1.1632,248.0,-0.37445453901199743,1.867860242108004,0.0786,0.025999999999999995,64.0,-0.025800000000000003,1.166995614895261,45.454202446722405,-8.214360289142604,-8.321237262419476,0.10687697327687218,207.5973545
2025-04-16,0,0,0,0,0,0,0,0,193.79564,-3.8933396,0.0035,-0.0014,0.7444,163.0,-0.8577381878480642,0.3145567107968207,-0.0977,-0.0768,-85.0,-0.0049,-1.5533035313111831,41.52851169764264,-8.139948057371583,-8.284979421409897,0.14503136403831363,206.551415
2025-04-17,0,0,0,0,0,0,0,0,196.49902,1.3949633,-0.0038,-0.0121,0.3375,168.0,-1.3027990263627613,0.19633626971846313,-0.0073,-0.0107,5.0,-0.0083,-0.11822044107835755,43.34308265785985,-7.7732306899456205,-8.182629675117042,0.40939898517142126,205.697505
2025-04-18,0,0,0,0,0,0,0,0,196.49902,0.0,-0.0078,-0.0104,0.1313,124.0,-1.5025566123096152,0.12782948631499005,-0.004,0.0017000000000000001,-44.0,-0.0026,-0.06850678340347308,43.34308265785985,-7.3973326876609065,-8.025570277625814,0.6282375899649075,204.6356045
2025-04-21,0,0,0,0,0,0,0,0,192.68834,-1.9392788,-0.0038,0.0041,0.2597,54.0,-1.3069603927196884,0.19006705214155678,0.004,0.014499999999999999,-70.0,0.0079,0.062237565826566726,41.25031127058823,-7.322511487151132,-7.884958519530878,0.5624470323797457,203.2604705
2025-04-22,0,0,0,0,0,0,0,0,199.25229,3.4065008,-0.0228,-0.0079,0.3174,100.0,-1.226339481544557,-0.10928864095715035,-0.019,-0.012,46.0,0.0149,-0.29935569309870713,46.07979793140187,-6.6568235210861815,-7.639331519841939,0.9825079987557572,202.06290199999998
2025-04-23,0,1,0,0,0,0,0,0,204.10043,2.433169,-0.1005,-0.1215,1.65,151.0,0.2752428388059625,-1.3093527738921154,-0.0777,-0.11359999999999999,51.0,-0.02099999999999999,-1.200064132934965,49.38908299265152,-5.672665672789293,-7.245998350431409,1.5733326776421164,201.2184705
2025-04-24,0,0,0,0,0,0,0,0,207.8612,1.842618,-0.2077,-0.1888,0.55,100.0,-0.9591409836716833,-2.760688193455487,-0.10719999999999999,-0.0673,-51.0,0.0189,-1.4513354195633719,51.857386905792154,-4.536951624433755,-6.704189005231878,2.167237380798124,200.44636049999997
2025-04-25,0,1,0,0,1,1,0,0,208.76898,0.43672323,-0.0035,-0.0022,0.9979,172.0,-0.42419420419134996,0.36338655512451695,0.2042,0.1866,72.0,0.0013,3.124074748580004,52.46008709394284,-3.52302851960323,-6.067956908106149,2.5449283885029192,200.01641249999994
2025-04-28,0,0,0,0,0,0,0,0,209.62689,0.41093826,0.0003,0.0058,0.6493,102.0,-0.8413850564141273,0.42677393343177633,0.0038,0.008,-70.0,0.0055,0.06338737830725938,53.058191889778215,-2.6200585825467897,-5.3783772429942776,2.758318660447488,199.41837599999997
2025-04-29,0,0,0,0,0,0,0,0,210.69427,0.50919056,-0.0062,0.0043,0.3201,123.0,-1.2028293447627816,0.30937349200321557,-0.0065,-0.0014999999999999996,21.0,0.010499999999999999,-0.11740044142856076,53.836373275112656,-1.7975981636843983,-4.662221427132302,2.8646232634479034,198.82083849999998
2025-04-30,0,0,0,0,0,0,0,0,211.98112,0.6107688,-0.0075,-0.0114,0.7188,127.0,-0.719559240807503,0.28239458924260236,-0.0013,-0.0157,4.0,-0.0039000000000000007,-0.02697890276061321,54.809044564366104,-1.0300801926248653,-3.9357931802308146,2.9057129876059493,198.25272949999996
2025-05-01,0,1,0,0,0,0,0,0,212.79913,0.38588047,-0.1582,-0.159,1.5549,186.0,0.24373517506113945,-2.200375632986733,-0.1507,-0.1476,59.0,-0.0007999999999999952,-2.4827702222293353,55.451604454552964,-0.3517552843289309,-3.218985601050438,2.867230316721507,198.75799299999997
2025-05-02,0,1,1,0,0,0,1,0,204.84859,-3.736174,-0.2451,0.1439,2.166,329.0,0.945626069316865,-3.237928621804669,-0.0869,0.3029,143.0,0.389,-1.0375529888179358,48.267975817075765,-0.45052664923292696,-2.6652938106869355,2.2147671614540085,199.60442099999997
2025-05-05,0,0,0,1,1,1,0,0,198.40436,-3.1458497,-0.0266,-0.0308,0.8,89.0,-0.6343076954155255,0.04750094112234029,0.21850000000000003,-0.1747,-240.0,-0.004200000000000002,3.285429562927009,43.3643057381142,-1.0368470445368132,-2.339604457456911,1.3027574129200978,200.47379299999997
2025-05-06,0,0,0,0,0,0,0,0,198.02527,-0.19106269,-0.0196,-0.0182,0.825,188.0,-0.5827785056267418,0.15825112583710538,0.006999999999999999,0.0126,99.0,0.0013999999999999985,0.11075018471476508,43.08699648754315,-1.514639752600715,-2.1746115164856716,0.6599717638849567,201.7751065
2025-05-07,0,0,0,0,0,0,0,0,195.7708,-1.1384785,-0.0095,-0.0089,1.1208,142.0,-0.21514353892165028,0.31463502366397605,0.0101,0.009300000000000001,-46.0,0.0005999999999999998,0.15638389782687068,41.39175108704587,-2.051561677692348,-2.150001548727007,0.09843987103465901,201.64542350000002
2025-05-08,0,1,1,0,0,0,0,0,197.00778,0.631845,-0.0921,-0.0173,0.9694,245.0,-0.3661149019378241,-0.9028858827034131,-0.0826,-0.0084,103.0,0.0748,-1.217520906367389,42.72333031677486,-2.3501709161237727,-2.19003542220636,-0.16013549391741266,201.99806
2025-05-09,0,0,0,0,1,0,0,0,198.04524,0.52660704,-0.0206,-0.0051,0.4382,181.0,-0.9881257740181143,0.1752326892969128,0.07150000000000001,0.012199999999999999,-64.0,0.0155,1.078118572000326,43.87507809445529,-2.4745811067338934,-2.2469445591118666,-0.22763654762202679,202.01701450000002
2025-05-12,0,0,0,0,0,0,0,0,210.55104,6.30635,-0.009,-0.0044,2.4896,115.0,1.4940222011146012,0.3522106297058046,0.011600000000000001,0.0007000000000000001,-66.0,0.004599999999999999,0.17697794040889178,55.49309110317628,-1.5462394485881532,-2.106803537007124,0.5605640884189707,202.4432915
2025-05-13,0,0,0,0,0,0,0,0,212.68861,1.015234,0.006,0.0048,1.5674,311.0,0.35645624654482067,0.575788560957153,0.015,0.0092,196.0,-0.0012000000000000005,0.22357793125134845,57.126730733521136,-0.6307668737037204,-1.811596204346443,1.1808293306427227,202.995401
2025-05-14,0,0,0,0,0,0,0,0,212.0893,-0.28178096,0.0029,-0.002,0.9181,282.0,-0.40959904599165486,0.5269569564360199,-0.0031000000000000003,-0.0068,-29.0,-0.0049,-0.04883160452113311,56.50055333086743,0.0458637405072011,-1.4401042153757142,1.4859679558829153,203.910084
2025-05-15,0,0,0,0,0,0,0,0,211.2103,-0.41444898,-0.0012,-0.006,2.1493,263.0,1.1542049533195238,0.46562223379841633,-0.0040999999999999995,-0.004,-19.0,-0.0048000000000000004,-0.06133472263760359,55.538989698369704,0.5053451192706291,-1.0510143484464456,1.5563594677170747,204.645648
2025-05-16,0,0,0,0,0,0,0,0,211.02051,-0.089854,-0.0012,-0.0025,0.975,384.0,-0.31432903265357187,0.4655611626982961,0.0,0.0035,121.0,-0.0013000000000000002,-6.107110012021355e-05,55.320073844824826,0.8444387907318003,-0.6719237206107964,1.5163625113425967,205.37172249999998
2025-05-19,0,0,0,0,0,0,0,0,208.54332,-1.1739075,-0.016,-0.0068,0.8736,89.0,-0.4175043773954121,0.24637525080290884,-0.0148,-0.0043,-295.0,0.0092,-0.21918591189538728,52.41596113310024,0.9028766382785136,-0.3569636488329344,1.259840287111448,206.1644715
2025-05-20,0,1,0,0,0,0,0,0,206.6255,-0.91962814,-0.0133,-0.0387,0.6889,152.0,-0.6403630870764072,0.2910893913459416,0.002700000000000001,-0.0319,63.0,-0.0254,0.04471414054303274,50.21798385796391,0.7853835941822922,-0.12849420022988908,0.9138777944121813,206.53313199999997
2025-05-21,0,1,0,0,0,0,0,0,201.8609,-2.305907,-0.0048,-0.002,0.6597,206.0,-0.6573061832827806,0.41988422800806396,0.0085,0.036699999999999997,54.0,0.0027999999999999995,0.12879483666212238,45.15225043916722,0.3042983477344592,-0.04193569063701942,0.3462340383714786,206.4211555
2025-05-22,0,0,0,0,0,0,0,0,201.13173,-0.36122203,-0.0053,-0.0083,0.9021,210.0,-0.33424386308444487,0.4123531226390325,-0.0005000000000000004,-0.0063,4.0,-0.003,-0.0075311053690314544,44.413855747669636,-0.13425548749086147,-0.06039965000778783,-0.07385583748307364,206.084682
2025-05-23,0,1,0,0,0,0,0,0,195.04865,-3.024429,-0.0198,-0.033,3.1389,251.0,2.454041377494849,0.19692022998877134,-0.014500000000000002,-0.0247,41.0,-0.0132,-0.21543289265026117,38.724370786842194,-0.9615817630948698,-0.24063607262520423,-0.7209456904696655,205.39866549999996
2025-05-26,0,0,0,0,0,0,0,0,195.04865,0.0,-0.015,-0.022,0.8917,95.0,-0.38914018748089885,0.2736778845672178,0.004800000000000002,0.011000000000000003,-156.0,-0.006999999999999999,0.07675765457844647,38.724370786842194,-1.5988136683333778,-0.512271591766839,-1.0865420765665388,204.66975349999998
2025-05-27,0,0,0,0,0,0,0,0,199.98305,2.5298357,-0.0108,-0.0108,1.4639,110.0,0.3411881764601071,0.3398192325202089,0.004199999999999999,0.011199999999999998,15.0,0.0,0.06614134795299109,45.31467502673678,-1.6862219853341287,-0.7470616704802969,-0.9391603148538318,204.13419249999998
2025-05-28,0,0,0,0,0,0,0,0,200.1928,0.10488033,-0.0124,-0.0098,1.291,206.0,0.1321937293571207,0.31911970864258343,-0.001599999999999999,0.0010000000000000009,96.0,0.0026,-0.02069952387762547,45.58259667102539,-1.7187558862852939,-0.9414005136412963,-0.7773553726439976,203.54477649999995
2025-05-29,0,0,0,0,0,0,0,0,199.72333,-0.23450851,-0.0021,-0.0093,0.8257,203.0,-0.4639756577729478,0.475766018793938,0.0103,0.0005000000000000004,-3.0,-0.0072,0.15664631015135455,45.050576722562354,-1.762109046446085,-1.105542220202254,-0.6565668262438309,202.89098649999997
2025-05-30,0,0,0,0,0,0,0,0,200.62231,0.45012236,-0.008,-0.0099,0.3875,157.0,-1.0115583583824894,0.3881082354373045,-0.005900000000000001,-0.0006000000000000016,-46.0,-0.0019000000000000006,-0.08765778335663349,46.34206270479585,-1.7042806785213713,-1.2252899118660774,-0.47899076665529394,202.67967249999998
2025-06-02,0,0,0,0,0,0,0,0,201.47134,0.42319298,-0.0017,-0.0127,0.15,84.0,-1.2716269780335245,0.4827573291042207,0.0063,-0.0027999999999999987,-73.0,-0.011,0.0946490936669162,47.59479612185072,-1.5718226617311188,-1.2945964618390857,-0.2772261998920331,202.83302149999997
2025-06-03,0,0,0,0,0,0,0,0,203.03957,0.778389,-0.0043,-0.0032,0.1819,125.0,-1.1931988504910196,0.43200027110503975,-0.0026,0.0095,41.0,0.0010999999999999998,-0.050757057999180955,49.920508499608005,-1.3250315356221734,-1.3006834765957032,-0.024348059026470192,203.08373649999996
2025-06-04,0,1,0,0,0,0,0,0,202.59009,-0.22137761,-0.005,-0.024,0.9299,157.0,-0.2711187255622572,0.4210875921170094,-0.0007000000000000001,-0.0208,32.0,-0.019,-0.010912678988030333,49.24592274358511,-1.1524325446750083,-1.2710332902115642,0.11860074553655586,203.42470099999997
2025-06-05,0,0,0,0,0,0,0,0,200.40257,-1.0797739,-0.0531,-0.0665,1.2243,151.0,0.0789691105386562,-0.29566364136470263,-0.048100000000000004,-0.0425,-6.0,-0.013400000000000002,-0.7167512334817121,45.98878275507249,-1.1785753005463278,-1.2525416922785169,0.07396639173218911,203.5944405
2025-06-06,0,1,0,0,1,0,0,0,203.68883,1.6398311,-0.0064,-0.0116,0.3806,203.0,-0.9594385889905593,0.41042644209156687,0.0467,0.054900000000000004,52.0,-0.005199999999999999,0.7060900834562696,51.20956312574311,-0.9234746642569576,-1.186728286674205,0.2632536224172475,203.87662
2025-06-09,0,0,0,0,0,0,0,0,201.22163,-1.2112617,-0.0017,0.0006,2.7056,212.0,1.827991231330203,0.4813513710418613,0.0047,0.012199999999999999,9.0,0.0023,0.07092492895029445,47.497547756631505,-0.9098992407908213,-1.1313624774975284,0.2214632367067071,203.41014950000002
2025-06-10,0,0,0,0,0,0,0,0,202.44025,0.60560703,-0.0007,-0.0007,2.6486,1128.0,1.6827754362244827,0.4944377699001221,0.001,-0.0013,916.0,0.0,0.013086398858260795,49.44674784710663,-0.7916821512855563,-1.063426412255134,0.2717442609695777,202.89773150000002
2025-06-11,0,0,0,0,0,0,0,0,198.55466,-1.9193769,-0.0012,-0.0054,0.8562,318.0,-0.4255235363576156,0.4844155902963071,-0.0004999999999999999,-0.0047,-810.0,-0.004200000000000001,-0.010022179603815018,43.855893793139,-1.0000015010887182,-1.050741430021851,0.05073992893313273,202.2209995
2025-06-12,0,0,0,0,0,0,0,0,198.97418,0.21128654,-0.011,-0.0071,0.4653,169.0,-0.8722883914735954,0.33292309492912464,-0.0098,-0.0017000000000000001,-149.0,0.003899999999999999,-0.15149249536718246,44.58443242983086,-1.1183526554804928,-1.0642636751135792,-0.054088980366913564,201.6091935
2025-06-13,0,1,0,0,0,0,0,0,196.2273,-1.380521,0.0031,0.0157,0.5667,200.0,-0.7601775289930836,0.5291852901606842,0.0141,0.0228,31.0,0.012599999999999998,0.19626219523155952,40.84694534026997,-1.4174574897705554,-1.1349024380449744,-0.28255505172558104,200.86953300000002
2025-06-16,0,0,0,0,0,0,0,0,198.19507,1.0028005,-0.0096,0.0014,0.8097,84.0,-0.4574147764001725,0.33959976230653066,-0.0127,-0.014299999999999998,-116.0,0.011,-0.1895855278541535,44.44011037093436,-1.478672417037501,-1.2036564338434796,-0.2750159831940213,200.3521205
2025-06-17,0,0,0,0,0,0,0,0,195.41821,-1.4010668,-0.0058,-0.0061,0.4611,137.0,-0.8431891809886762,0.39850615248575183,0.0037999999999999996,-0.007500000000000001,53.0,-0.0003000000000000008,0.05890639017922117,40.68439886874295,-1.7312977598587338,-1.3091846990465306,-0.42211306081220323,199.791756
2025-06-18,0,0,0,0,0,0,0,0,196.35715,0.48047304,-0.0017,-0.0127,0.5549,114.0,-0.7142277023268933,0.4602537022283007,0.0040999999999999995,-0.006599999999999999,-23.0,-0.011,0.06174754974254887,42.45528674746905,-1.8345925126689906,-1.4142662617710227,-0.42032625089796793,199.51656849999998
2025-06-19,0,0,0,0,0,0,0,0,196.35715,0.0,-0.0008,-0.0047,0.4965,152.0,-0.7796188161525897,0.47325078077828187,0.0008999999999999999,0.008,38.0,-0.0039000000000000003,0.012997078549981167,42.45528674746905,-1.894614412874546,-1.5103358919917274,-0.38427852088281855,199.27783949999997
2025-06-20,0,0,1,0,0,0,0,0,200.77214,2.2484422,-0.0116,-0.3567,0.3201,117.0,-0.9875693253280218,0.3125129403705227,-0.010799999999999999,-0.35200000000000004,-35.0,-0.3451,-0.16073784040775918,50.51240484031722,-1.5678561362506969,-1.5218399408435213,-0.04601619540717561,199.56401399999996
2025-06-23,0,0,0,0,0,0,0,0,201.27158,0.24875402,-0.0125,-0.0138,0.5326,80.0,-0.7145387866458834,0.28089097142034775,-0.0009000000000000015,0.34290000000000004,-37.0,-0.001299999999999999,-0.03162196895017494,51.3423768952622,-1.2541402655482443,-1.468300005784466,0.21415974023622164,199.87516049999994
2025-06-24,0,0,0,0,0,0,0,0,200.07294,-0.59553385,-0.0089,-0.0099,0.7174,157.0,-0.4844200700377938,0.33038320058499937,0.0036000000000000008,0.003899999999999999,77.0,-0.0010000000000000009,0.049492229164651624,49.209309774110324,-1.0896772869004678,-1.3925754620076662,0.3028981751071984,199.87965499999996
2025-06-25,0,0,0,0,0,0,0,0,201.33151,0.6290555,-0.0115,-0.016,0.8125,133.0,-0.3751593404992315,0.29321859512524845,-0.0026,-0.0060999999999999995,-24.0,-0.0045000000000000005,-0.03716460545975092,51.48832944512755,-0.8480078046333972,-1.2836619305328125,0.4356541258994153,199.93659049999997
2025-06-26,0,0,0,0,0,0,0,0,200.77214,-0.27782917,-0.0135,-0.0098,0.9368,125.0,-0.2103501480455397,0.23620210463720903,-0.002,0.006200000000000001,-8.0,0.0037,-0.05701649048803942,50.40577259276849,-0.6936238193286499,-1.16565430829198,0.47203048896333,199.98903099999998
2025-06-27,0,0,0,0,0,0,0,0,200.85205,0.03980398,-0.0418,-0.0122,0.6986,120.0,-0.4891263756882655,-0.33171497463713917,-0.0283,-0.002400000000000001,-5.0,0.029599999999999994,-0.5679170792743482,50.56567579350182,-0.5583885736416789,-1.0442011613619198,0.48581258772024083,200.00051799999997
2025-06-30,0,0,1,0,1,0,0,0,204.93741,2.0340204,-0.0031,0.2022,1.7306,98.0,0.7605951928681121,0.3882428279473561,0.0387,0.21439999999999998,-22.0,0.20529999999999998,0.7199578025844953,58.01816463071224,-0.1201739672072506,-0.859395722530986,0.7392217553237354,200.17382149999997
2025-07-01,0,1,0,0,0,0,0,0,207.58441,1.2916207,-0.0324,-0.0426,1.3819,218.0,0.3813491351617843,-0.19040276467405312,-0.0293,-0.2448,120.0,-0.0102,-0.5786455926214092,62.013975042932266,0.43568276395600947,-0.6003800252335869,1.0360627891895964,200.40106349999996
2025-07-02,0,0,0,0,0,0,0,0,212.19917,2.2230744,-0.0253,-0.0162,1.5833,137.0,0.7384669691730779,-0.09419883151272605,0.007099999999999999,0.0264,-81.0,0.0091,0.09620393316132707,67.77293512206825,1.234347009010321,-0.23343461838480528,1.4677816273951263,200.88151749999994
2025-07-03,0,1,0,0,1,0,0,1,213.30792,0.52250624,0.0049,0.0119,1.75,161.0,1.001579778076452,0.4963831028690429,0.030199999999999998,0.0281,24.0,0.007000000000000001,0.590581934381769,68.98940002742275,1.934461765004329,0.20014465829302164,1.7343171067113072,201.52678499999996
2025-07-04,0,0,1,0,0,0,0,0,213.30792,0.0,0.1029,0.0563,0.7396,102.0,-0.3998780110441705,2.3163966616801503,0.098,0.0444,-59.0,-0.0466,1.8200135588111075,68.98940002742275,2.4609395736605677,0.6523036413665309,1.8086359322940369,202.00773949999996
2025-07-07,0,0,0,0,0,0,0,0,209.71199,-1.6857922,-0.0417,-0.066,1.3736,67.0,0.5591724373504069,-0.43875018999104914,-0.1446,-0.1223,-35.0,-0.024300000000000002,-2.7551468516711997,60.412115138597336,2.558522477038963,1.0335474085010172,1.5249750685379457,202.43225749999993
2025-07-08,0,1,0,0,0,0,0,0,209.77193,0.028574467,-0.0677,-0.0768,2.034,191.0,1.4946508680140418,-0.9221552225620162,-0.025999999999999995,-0.01079999999999999,124.0,-0.009099999999999997,-0.48340503257096706,60.50027111800404,2.61060090587344,1.3489581079755018,1.2616427978979383,202.79884149999992
2025-07-09,0,1,0,0,1,0,0,1,210.90065,0.538075,-0.0011,-0.0031,2.6493,270.0,2.247792008312561,0.4155768993394014,0.06659999999999999,0.07369999999999999,79.0,-0.002,1.3377321219014175,62.20696417103761,2.7116929979133033,1.621505085963062,1.0901879119502413,203.41614099999995
2025-07-10,0,1,1,0,0,0,0,0,212.1692,0.6014943,-0.0043,0.026,1.1625,330.0,0.1461390402263755,0.3515320612891326,-0.0031999999999999997,0.029099999999999997,60.0,0.0303,-0.06404483805026878,64.08516173767404,2.861188591415612,1.869441787053572,0.9917468043620399,204.07589199999993
2025-07-11,0,0,0,0,0,0,0,0,210.92062,-0.5884826,-0.003,0.0061,0.9146,173.0,-0.22591083664746509,0.37582088008264963,0.0013,-0.019899999999999998,-157.0,0.0091,0.02428881879351702,60.87826322512817,2.846106807505265,2.0647747911439107,0.7813320163613544,204.81055799999996
2025-07-14,0,0,0,0,0,0,0,0,208.3835,-1.2028813,-0.0059,-0.0065,0.9778,71.0,-0.15423014007387523,0.3184163515745024,-0.0029,-0.0126,-102.0,-0.0005999999999999998,-0.05740452850814726,54.86971247020633,2.5994649903959726,2.171712830994323,0.42775215940164957,205.31997949999996
2025-07-15,0,1,1,0,0,0,0,0,208.87296,0.23487806,-0.126,-0.0055,2.1556,89.0,1.4966092578508623,-1.986102738860341,-0.1201,0.001,18.0,0.1205,-2.304519090434843,55.77653259843635,2.415648809009525,2.2205000265973633,0.19514878241216183,205.99271699999994
2025-07-16,0,1,0,0,1,0,0,0,209.92177,0.50213337,0.0189,0.0143,1.3486,184.0,0.3448839511516918,0.7937657448648368,0.1449,0.019799999999999998,95.0,-0.0046,2.7798684837251777,57.736215188750386,2.3277702759117744,2.2419540764602455,0.08581619945152896,206.67094799999995
2025-07-17,0,0,0,0,0,0,0,0,209.78192,-0.06661415,0.0037,-0.0069,1.9979,120.0,1.2378938605847607,0.48456748211947603,-0.0152,-0.0212,-64.0,-0.0106,-0.3091982627453607,57.37114464494682,2.221236151394578,2.237810491447112,-0.016574340052533998,207.34218649999997
2025-07-18,0,0,0,0,0,0,0,0,210.9406,0.5523205,-0.0071,-0.0087,0.8167,124.0,-0.4494188436814893,0.24453975991170968,-0.0108,-0.0017999999999999995,4.0,-0.001599999999999999,-0.24002772220776636,59.64772125755725,2.204886325617366,2.2312256582811627,-0.026339332663796622,207.85060949999996
2025-07-21,0,0,0,0,0,0,0,0,212.23912,0.61558485,-0.0052,0.0185,0.8313,62.0,-0.43394650609239777,0.2892971879958589,0.0019000000000000006,0.0272,-62.0,0.0237,0.04475742808414923,62.091093689036555,2.270535364388877,2.2390875995027057,0.03144776488617129,208.39898649999995
2025-07-22,0,1,0,0,0,0,0,0,214.15695,0.90361834,-0.0147,-0.0263,0.9715,110.0,-0.25127410709812426,0.07987651680093155,-0.0095,-0.0448,48.0,-0.011600000000000001,-0.20942067119492735,65.42133689582526,2.4490840373364904,2.2810868870694625,0.16799715026702788,209.10318699999993
2025-07-23,0,1,0,0,0,0,0,0,213.90723,-0.11660457,-0.0298,-0.0041,1.441,119.0,0.4130541388056486,-0.24995934877205403,-0.0151,0.0222,9.0,0.0257,-0.3298358655729856,64.62524210725473,2.5411421254027005,2.3330979347361103,0.2080441906665902,209.73197299999993
2025-07-24,0,1,0,0,1,0,0,0,213.51767,-0.18211603,-0.0028,-0.0039,0.6222,184.0,-0.7527227246151599,0.325042574803989,0.027,0.00020000000000000052,65.0,-0.0010999999999999998,0.5750019235760431,63.33055631108551,2.553232512059708,2.37712485020083,0.17610766185887794,210.36924949999994
2025-07-25,0,0,0,0,0,0,0,0,213.63754,0.056147575,-0.0016,0.0009,0.5431,129.0,-0.839301255275871,0.3771743217268298,0.0012,0.0048,-55.0,0.0025,0.05213174692284078,63.57238829045661,2.543170649616485,2.410334010083961,0.132836639532524,211.00852399999994
2025-07-28,0,0,0,0,0,0,0,0,213.80736,0.079488754,-0.0035,0.025,0.4951,58.0,-0.897739731934068,0.29472001194605374,-0.0019,0.0241,-71.0,0.0285,-0.08245430978077606,63.935261752581916,2.519852316937431,2.432237671454655,0.08761464548277598,211.45202149999994
2025-07-29,0,1,0,0,0,0,0,0,211.0305,-1.2987614,-0.0471,-0.05,2.4271,108.0,1.8351910497780783,-1.2574640284776861,-0.0436,-0.07500000000000001,50.0,-0.0029,-1.55218404042374,54.39363500342902,2.2513508048163544,2.396060298126995,-0.14470949331064054,211.62432599999997
2025-07-30,0,1,0,0,1,0,0,0,208.81302,-1.0507882,-0.0103,-0.0224,1.8576,239.0,0.9996555429632826,0.06376688521690402,0.0368,0.027600000000000003,131.0,-0.0121,1.3212309136945901,48.20664652197449,1.838436961361765,2.284535630773949,-0.446098669412184,211.45501849999997
2025-07-31,0,0,0,0,0,0,0,0,207.3347,-0.7079601,-0.0103,-0.0224,1.8576,239.0,0.9713382543262108,0.016017411538304865,0.0,0.0,0.0,-0.0121,-0.04774947367859915,44.56716392296187,1.3760494548220095,2.1028383955835612,-0.7267889407615518,211.15635749999996
2025-08-01,0,0,0,0,0,0,0,0,202.15059,-2.5003612,-0.0103,-0.0224,1.8576,239.0,0.939447355014946,0.009376881294991181,0.0,0.0,0.0,-0.0121,-0.006640530243313684,34.67945932213038,0.5845513291305053,1.79918098229295,-1.2146296531624448,210.59849099999997
2025-08-04,0,0,0,0,0,0,0,0,203.11949,0.47929287,-0.0103,-0.0224,1.8576,239.0,0.9747146193299148,0.01021787311082759,0.0,0.0,0.0,-0.0121,0.0008409918158364098,37.47166115205871,0.03506132946756679,1.4463570517278734,-1.4112957222603066,210.26886599999997
2025-08-05,0,0,0,0,0,0,0,0,202.68996,-0.2114594,-0.0103,-0.0224,1.8576,239.0,0.962640408561889,0.02083331328086271,0.0,0.0,0.0,-0.0121,0.01061544017003512,36.72224087274103,-0.43011483926511573,1.0710626735292756,-1.5011775127943914,209.91476749999998
2025-08-06,0,0,0,0,0,0,0,0,213.00826,5.0906777,-0.0103,-0.0224,1.8576,239.0,0.9343906088268467,0.029472814578921307,0.0,0.0,0.0,-0.0121,0.008639501298058596,58.2984133764471,0.033444741804885325,0.8635390871843975,-0.8300943453795122,210.02014799999998
2025-08-07,0,0,0,0,0,0,0,0,219.78056,3.1793714,-0.0103,-0.0224,1.8576,239.0,0.9488776454417853,0.03543824926061813,0.0,0.0,0.0,-0.0121,0.005965434681696823,66.39707296554526,0.936491766953111,0.8781296231381402,0.058362143814970735,210.40071599999996
2025-08-08,0,0,0,0,0,0,0,0,229.09001,4.235792,-0.0103,-0.0224,1.8576,239.0,0.9218548969257129,0.04142037153833028,0.0,0.0,0.0,-0.0121,0.005982122277712151,73.90057525983045,2.375969159682313,1.1776975304469748,1.1982716292353384,211.30918549999996
2025-08-11,0,0,0,0,0,0,0,0,227.18,-0.8327961,-0.0103,-0.0224,1.8576,239.0,0.8941386199788465,0.037712587757593966,0.0,0.0,0.0,-0.0121,-0.003707783780736315,70.4258893629858,3.3243227960407182,1.6070225835657235,1.7173002124749948,212.2490105
2025-08-12,0,0,0,0,0,0,0,0,229.65,1.0872483,-0.0103,-0.0224,1.8576,239.0,0.8653201717558964,0.03575675208320515,0.0,0.0,0.0,-0.0121,-0.0019558356743888186,72.2434119155641,4.226487920868067,2.130915651026192,2.095572269841875,213.2878625
2025-08-13,0,0,0,0,0,0,0,0,233.33,1.602447,-0.0103,-0.0224,1.8576,239.0,0.8370296654827057,0.03936634539000847,0.0,0.0,0.0,-0.0121,0.00360959330680332,74.73472178740947,5.178708597916653,2.7404742404042843,2.438234357512369,214.458274
2025-08-14,0,0,0,0,0,0,0,0,232.78,-0.23571849,-0.0103,-0.0224,1.8576,239.0,0.8117971861400878,0.0426502264673957,0.0,0.0,0.0,-0.0121,0.003283881077387231,73.67044517902409,5.821859172835985,3.3567512268906246,2.465107945945361,215.608178
2025-08-15,0,0,0,0,0,0,0,0,231.59,-0.51121116,-0.0103,-0.0224,1.8576,239.0,0.889674315007263,0.03647912977168351,0.0,0.0,0.0,-0.0121,-0.00617109669571219,71.30442980949475,6.164477325005436,3.9182964465135868,2.246180878491849,216.640648
2025-08-18,0,0,0,0,0,0,0,0,230.89,-0.30225515,-0.0103,-0.0224,1.8576,239.0,0.8624437265417191,0.03341249104836658,0.0,0.0,0.0,-0.0121,-0.0030666387233169307,69.8826594585476,6.306819440522759,4.396001045315421,1.9108183952073379,217.573192
2025-08-19,0,0,0,0,0,0,0,0,230.56,-0.14292598,-0.0103,-0.0224,1.8576,239.0,0.8480444711058571,0.0330853008002928,0.0,0.0,0.0,-0.0121,-0.00032719024807377484,69.18231991861613,6.3201436684577175,4.78082956994388,1.5393140985138372,218.39334450000007
2025-08-20,0,0,0,0,0,0,0,0,226.01,-1.9734561,-0.0103,-0.0224,1.8576,239.0,0.8292373837416108,0.03171258487443906,0.0,0.0,0.0,-0.0121,-0.0013727159258537444,60.22104771342698,5.89559548614514,5.003782753184132,0.8918127329610082,218.99848300000008
2025-08-21,0,0,0,0,0,0,0,0,224.9,-0.49113035,-0.0103,-0.0224,1.8576,239.0,0.8028438172641613,0.037113832353138886,0.0,0.0,0.0,-0.0121,0.005401247478699828,58.2391296768118,5.407238984491187,5.084473999445543,0.32276498504564355,219.56759950000006
