,sig1,sig2,sig3,sig4,sig5,sig6,sig7,sig8,price,return,news_sent,twit_sent,news_heat,neutral_news,news_heat_z,news_sent_z,delta_news,delta_twit,delta_ntr,gap,z_diff,rsi,macd,macd_signal,macd_hist,sma_20
2015-02-18,0,1,1,0,0,0,0,0,26.97075,-0.43302178,-0.1128,-0.0271,2.0,38.0,0.1382794103925357,-2.032693202304837,-0.3354,-0.0203,14.0,0.0857,-3.7109091548121977,54.62252640628442,0.5128826973658676,0.5268061952297727,-0.013923497863905121,26.588303899999993
2015-02-19,0,0,1,0,0,0,1,0,27.159616,0.7002592,0.0637,-0.0224,1.167,38.0,-1.1292786138486817,-0.0922908637220105,0.1765,0.004699999999999999,0.0,-0.08610000000000001,1.9404023385828264,56.8477071303192,0.4987035487359428,0.5211856659310067,-0.022482117195063878,26.611042599999998
2015-02-20,0,1,1,0,1,0,0,0,26.9285,-0.8509457,0.0809,0.0004,0.958,40.0,-1.394103216537705,0.09812526747689133,0.017199999999999993,0.0228,2.0,-0.0805,0.19041613119890183,53.39703995609548,0.46347469384086537,0.5096434715129784,-0.046168777672113026,26.610669599999994
2015-02-23,0,0,1,0,0,0,0,0,26.590528,-1.2550771,-0.0366,-0.0061,1.458,18.0,-0.6136774391982371,-1.1898677430774485,-0.1175,-0.006500000000000001,-22.0,0.0305,-1.2879930105543398,48.738031519226844,0.4036312469134842,0.48844102659307953,-0.08480977967959535,26.606395299999992
2015-02-24,0,1,1,0,1,0,0,0,26.77194,0.6822467,0.1319,0.0046,2.292,75.0,0.6669946598037924,0.6899778980646658,0.16849999999999998,0.010700000000000001,57.0,-0.1273,1.8798456411421143,51.19937201875807,0.3666171816921633,0.4640762576128963,-0.097459075920733,26.649785099999992
2015-02-25,0,0,1,0,0,0,0,0,27.203354,1.6114354,0.0553,0.0006,2.917,53.0,1.5682194186159504,-0.1746079955631979,-0.07659999999999999,-0.004,-22.0,-0.0547,-0.8645858936278636,56.543140816752604,0.3678543763855231,0.44483188136742163,-0.07697750498189854,26.73651499999999
2015-02-26,0,1,1,0,1,0,0,1,27.797787,2.185142,0.0889,0.0024,3.167,89.0,1.8391657085379873,0.20788896543206203,0.033600000000000005,0.0018,36.0,-0.08650000000000001,0.3824969609952599,62.61730127202786,0.4120507724970075,0.4382756595933388,-0.026224887096331306,26.85097854999999
2015-02-27,0,0,1,0,0,0,0,0,27.96379,0.59719086,0.1439,0.0025,2.0,56.0,0.11105404097800664,0.8287826724321463,0.05499999999999999,0.00010000000000000026,-33.0,-0.1414,0.6208937070000843,64.12534310901259,0.4552242478265498,0.441665377239981,0.013558870586568794,26.91330474999999
2015-03-02,0,0,1,0,0,0,0,0,28.5796,2.2021651,0.1439,-0.0048,2.875,38.0,1.3719734379509625,0.8123202139160297,0.0,-0.007299999999999999,-18.0,-0.1487,-0.016462458516116607,69.10447670126379,0.5329863239642094,0.4599295665848267,0.07305675737938272,27.01971659999999
2015-03-03,0,1,1,0,0,0,0,0,28.767221,0.65648556,0.0635,-0.0028,3.042,98.0,1.553008190874399,-0.12674883696988962,-0.0804,0.0019999999999999996,60.0,-0.0663,-0.9390690508859193,70.45015314407169,0.6028040266479664,0.4885044585974546,0.11429956805051178,27.13277589999999
2015-03-04,0,0,1,0,0,0,0,0,28.744114,-0.08032918,-0.1513,0.0014,2.208,73.0,0.3361196652166571,-2.444817511501633,-0.2148,0.0042,-25.0,0.1527,-2.3180686745317436,70.04550998997789,0.6487916509540703,0.5205618970687778,0.12822975388529256,27.262572599999988
2015-03-05,0,0,1,0,0,0,0,0,28.898438,0.5368829,-0.0762,0.0014,1.875,51.0,-0.15142150606664073,-1.549004811914593,0.07509999999999999,0.0,-22.0,0.0776,0.8958126995870401,71.23386541787112,0.6897389503283193,0.5543973077206861,0.13534164260763326,27.39081604999999
2015-03-06,0,0,1,0,0,0,0,0,28.474232,-1.4679134,-0.6892,0.0017,0.917,33.0,-1.5167530092401935,-5.144253576627413,-0.613,0.0002999999999999999,-18.0,0.6909000000000001,-3.5952487647128204,63.747429362300466,0.6801200999767687,0.5795418661719026,0.10057823380486608,27.487797149999988
2015-03-09,0,0,1,0,0,0,0,0,28.53387,0.20945072,-0.6892,-0.0034,0.833,26.0,-1.577026552431167,-4.055433055925334,0.0,-0.0050999999999999995,-7.0,0.6858000000000001,1.088820520702079,64.31523846954124,0.669590754544906,0.5975516438465033,0.07203911069840274,27.599178949999988
2015-03-10,0,0,0,0,0,0,0,0,27.82562,-2.482152,-0.0069,-0.001,2.083,25.0,0.21754955133503953,-0.22542806645361232,0.6823,0.0024,-1.0,0.0059,3.830004989471722,53.58200238957351,0.5972120280151572,0.597483720680234,-0.0002716926650768725,27.648110499999984
2015-03-11,0,1,1,1,0,0,0,0,27.61886,-0.7430494,-0.043,-0.0003,2.917,83.0,1.3852947213826612,-0.42488092721732396,-0.03609999999999999,0.0007000000000000001,58.0,0.042699999999999995,-0.19945286076371163,50.91089029944202,0.5172055382495131,0.5814280841940899,-0.06422254594457677,27.692071799999987
2015-03-12,0,0,1,0,1,0,0,0,27.891226,0.98615885,0.0474,0.0003,2.167,75.0,0.3038875678954314,0.09095613881116243,0.0904,0.0006,-8.0,-0.047099999999999996,0.5158370660284863,54.15319134683655,0.4703555130684549,0.5592135699689629,-0.08885805690050796,27.729745649999984
2015-03-13,0,0,1,0,0,0,0,0,27.48516,-1.4558911,0.0448,0.0031,1.292,26.0,-0.9475735446437356,0.07520365463222668,-0.002599999999999998,0.0028,-49.0,-0.0417,-0.015752484178935752,48.96104118949474,0.3958967467520331,0.526550205325577,-0.13065345857354382,27.73431814999998
2015-03-16,0,0,0,0,0,0,0,0,27.914587,1.5623927,0.0138,0.0013,1.292,18.0,-0.9304405180710189,-0.1046163319178295,-0.031,-0.0018,-8.0,-0.0125,-0.17981998655005618,53.98556266800295,0.36730474753829156,0.49470111376811987,-0.1273963662298283,27.760361999999976
2015-03-17,0,1,0,0,0,0,0,0,27.714287,-0.7175505,-0.0266,0.0024,1.708,38.0,-0.3222624978447903,-0.33903281924540585,-0.0404,0.0010999999999999998,20.0,0.028999999999999998,-0.23441648732757636,51.44175114308247,0.32473945188606024,0.46070878139170796,-0.13596932950564772,27.79167399999998
2015-03-18,0,1,1,0,1,0,0,0,28.139238,1.5333295,0.0454,-0.0002,1.583,47.0,-0.4997680919067537,0.08793537250202133,0.07200000000000001,-0.0026,9.0,-0.0456,0.4269681917474272,56.16136935195536,0.3215890641028487,0.4328848379339361,-0.11129577383108741,27.85009839999998
2015-03-19,0,0,1,0,0,0,0,0,28.01548,-0.43979883,0.0313,-0.0007,2.125,42.0,0.2978562917766746,0.0033353050503397473,-0.014100000000000001,-0.0005,-5.0,-0.032,-0.08460006745168158,54.50002498594877,0.30558354587836334,0.4074245795228216,-0.10184103364445823,27.892891599999977
2015-03-20,0,0,1,0,0,0,0,0,28.079102,0.22708178,0.0548,-0.0109,1.542,40.0,-0.5639398257149937,0.1442987359835554,0.0235,-0.0102,-2.0,-0.06570000000000001,0.14096343093321564,55.233181875884284,0.29463643563549624,0.3848669507453565,-0.09023051510986024,27.950421699999982
2015-03-23,0,0,1,0,0,0,0,0,28.099976,0.07433891,0.0544,-0.0039,1.792,7.0,-0.187496446257158,0.14060251900026388,-0.0004000000000000045,0.007,-33.0,-0.0583,-0.003696216983291506,55.48661270878513,0.2843671220761479,0.3647669850115148,-0.08039986293536688,28.02589409999998
2015-03-24,0,0,1,0,0,0,0,0,28.704845,2.152574,0.0728,0.0003,2.5,91.0,0.8696071212937062,0.2516985361380069,0.018400000000000007,0.0042,84.0,-0.07250000000000001,0.11109601713774303,62.16978117087011,0.3213323707453064,0.3560800621582731,-0.034747691412966686,28.122539349999983
2015-03-25,0,0,1,0,0,0,0,0,28.18099,-1.824975,0.1222,0.0029,2.125,71.0,0.29866098635194155,0.5525248362374502,0.0494,0.0026,-20.0,-0.1193,0.3008263000994433,54.53338161581841,0.3048428376998302,0.34583261726658454,-0.040989779566754314,28.17142114999998
2015-03-26,0,0,1,0,0,0,0,0,28.01399,-0.5925894,0.1181,-0.0075,1.833,42.0,-0.14604717084775568,0.521333187505194,-0.004100000000000006,-0.0104,-29.0,-0.1256,-0.031191648732256216,52.326782706675026,0.27512775810351897,0.33169164543397145,-0.05656388733045248,28.182231299999984
2015-03-27,0,1,1,0,0,0,1,0,27.711306,-1.0804772,0.0623,-0.0735,1.458,56.0,-0.8215238884882372,0.16818289430685462,-0.055799999999999995,-0.066,14.0,-0.1358,-0.35315029319833935,48.49651460064487,0.22456562157531224,0.31026644066223963,-0.0857008190869274,28.169607099999986
2015-03-30,0,0,1,0,0,0,0,0,27.889486,0.64299107,0.0673,-0.0025,1.125,15.0,-1.3626371150751206,0.2198207989387589,0.0049999999999999975,0.071,-41.0,-0.0698,0.05163790463190426,50.7805160262046,0.19660604883583233,0.28753436229695817,-0.09092831346112584,28.135101399999986
2015-03-31,0,1,1,0,0,0,0,0,27.569654,-1.1467874,-0.1195,-0.001,2.292,25.0,0.547181255716257,-0.9406770773485106,-0.1868,0.0015,10.0,0.1185,-1.1604978762872695,46.77106721780932,0.14694621208739989,0.2594167322550465,-0.11247052016764664,28.075223049999988
2015-04-01,0,1,1,0,1,0,0,0,27.310709,-0.93924403,0.0634,0.0012,2.25,50.0,0.4543093476160724,0.22280532720000504,0.1829,0.0021999999999999997,25.0,-0.0622,1.1634824045485157,43.758606804398795,0.08570775067951075,0.22467493593993937,-0.13896718526042862,28.003552799999987
2015-04-02,0,0,1,0,0,0,1,0,26.904148,-1.4886558,0.0484,-0.0342,2.333,49.0,0.587334080447929,0.1284795800608196,-0.015,-0.0354,-1.0,-0.0826,-0.09432574713918543,39.461103990080645,0.00431995612142444,0.1806039399762364,-0.17628398385481195,27.90383829999999
2015-04-03,0,0,1,0,0,0,0,0,26.904148,0.0,-0.1773,-0.1202,0.25,36.0,-2.781851300669754,-1.283552836457304,-0.2257,-0.086,-13.0,0.05710000000000001,-1.4120324165181235,39.461103990080645,-0.05949464025452755,0.1325842239300836,-0.19207886418461115,27.825334099999985
2015-04-06,0,0,1,0,0,0,0,0,27.03536,0.48770905,-0.0528,-0.0032,1.0,28.0,-1.5102329952862024,-0.4853897107164498,0.12450000000000001,0.117,-8.0,0.0496,0.7981631257408541,41.60758154904073,-0.09834677541796921,0.08639802406047303,-0.18474479947844225,27.750408599999986
2015-04-07,0,1,1,0,1,0,0,0,27.080587,0.16729832,0.1388,-0.0034,1.708,66.0,-0.3817832936136658,0.703280400204338,0.1916,-0.00019999999999999966,38.0,-0.1422,1.1886701109207878,42.36612176205435,-0.12405786962957777,0.04430684532246287,-0.16836471495204064,27.71315694999999
2015-04-08,0,0,1,0,0,0,0,0,27.278402,0.73046684,-0.1356,-0.0024,1.833,40.0,-0.15621871797237968,-0.9870931026881828,-0.2744,0.001,-26.0,0.13319999999999999,-1.6903735028925209,45.68930024704619,-0.12700801045486187,0.010043874166997924,-0.1370518846218598,27.69613404999999
2015-04-09,0,0,1,0,1,0,0,0,27.237646,-0.149405,0.0638,-0.0005,1.667,34.0,-0.4003918015893123,0.2395942764058071,0.1994,0.0018999999999999998,-6.0,-0.0643,1.22668737909399,45.11215330774667,-0.13112318049797622,-0.018189536765996907,-0.11293364373197931,27.663455049999992
2015-04-10,0,1,1,0,0,0,0,0,27.263493,0.09487867,0.0991,0.0008,0.625,35.0,-2.016063756203905,0.4541389141440608,0.0353,0.0013,1.0,-0.0983,0.21454463773825372,45.58163713362895,-0.13079116636653865,-0.040709862686105255,-0.09008130368043339,27.652371699999996
2015-04-13,0,0,0,0,0,0,0,0,27.268465,0.018239021,0.0283,0.0001,1.292,19.0,-0.9553606080681359,0.007991954191753685,-0.0708,-0.0007,-16.0,-0.0282,-0.44614695995230713,45.67789288973081,-0.12864391693174682,-0.05829667353523357,-0.07034724339651324,27.620065599999997
2015-04-14,0,1,1,0,0,0,0,0,26.828106,-1.6148984,0.0759,0.0035,2.542,48.0,1.0597787475258051,0.30163743805506277,0.047599999999999996,0.0034000000000000002,29.0,-0.07239999999999999,0.2936454838633091,39.08401566531595,-0.16062392473147824,-0.07876212377448251,-0.08186180095699573,27.57575655
2015-04-15,0,1,1,0,0,0,1,0,26.890726,0.23342371,0.1044,-0.0644,1.25,363.0,-0.9904209855998404,0.4767999331051297,0.02850000000000001,-0.0679,315.0,-0.1688,0.17516249505006692,40.40154610544298,-0.17885368668589408,-0.09878043635676483,-0.08007325032912925,27.51333095
2015-04-16,0,1,1,0,0,0,0,0,27.013988,0.45838356,-0.0926,-0.0192,1.042,523.0,-1.2778824031557459,-0.722759035307354,-0.197,0.045200000000000004,160.0,0.0734,-1.1995589684124837,43.014286225891226,-0.18126517896714844,-0.11527738487884155,-0.06598779408830689,27.46325635
2015-04-17,0,0,1,0,1,0,0,0,26.478199,-1.9833744,0.0658,-0.0043,1.583,215.0,-0.4138325327400234,0.2667878196311793,0.15839999999999999,0.014899999999999998,-308.0,-0.0701,0.9895468549385333,35.690115759755756,-0.22382982757534364,-0.13698787341814198,-0.08684195415720167,27.383211199999998
2015-04-20,0,0,1,0,0,0,0,0,27.064186,2.2130966,0.0455,0.0014,2.75,25.0,1.4123094642581553,0.14130888249041748,-0.0203,0.0057,-190.0,-0.0441,-0.12547893714076183,46.433021083318756,-0.20788203001680117,-0.1511667047378738,-0.056715325278927364,27.3314217
2015-04-21,0,0,1,0,0,0,0,0,26.984415,-0.2947569,0.0471,0.0011,2.792,87.0,1.4284818016040917,0.1536781166531348,0.0016000000000000042,-0.0002999999999999999,62.0,-0.046000000000000006,0.012369234162717319,45.32306690922634,-0.19938178942231488,-0.160809721674762,-0.03857206774755287,27.2454002
2015-04-22,0,0,1,0,0,0,0,0,27.295301,1.1520982,0.0586,0.0024,3.25,98.0,2.0208934494856967,0.22681273288485618,0.011499999999999996,0.0012999999999999997,11.0,-0.0562,0.07313461623172138,50.308480535998854,-0.16564987682637877,-0.16177775270508538,-0.0038721241212933966,27.201115750000003
2015-04-23,0,0,1,0,0,0,0,0,27.706833,1.5077114,0.0662,0.0004,3.292,135.0,2.0024357912974016,0.2756378991780142,0.007599999999999996,-0.0019999999999999996,37.0,-0.0658,0.048825166293158,56.02451474924912,-0.10450522876031698,-0.1503232479161317,0.04581801915581471,27.1857579
2015-04-24,1,1,0,0,0,0,0,0,28.512001,2.9060245,0.2407,0.2257,2.625,143.0,1.0272002354556704,1.399122554191446,0.1745,0.2253,8.0,-0.014999999999999986,1.1234846550134319,64.60357189505706,0.00882099099241529,-0.11849440013442229,0.1273153911268376,27.22579265
2015-04-27,0,0,1,0,0,0,0,0,28.13725,-1.3143659,0.1095,-0.0059,2.25,33.0,0.4745571857855265,0.5543944537080729,-0.13119999999999998,-0.2316,-110.0,-0.1154,-0.8447281004833731,58.84904870376529,0.06761414902099716,-0.08127269030333839,0.14888683932433555,27.23818085
2015-04-28,0,1,1,0,0,0,0,0,28.050272,-0.3091216,0.0876,0.0028,2.417,57.0,0.7025432915608568,0.43051890183988056,-0.021900000000000003,0.0087,24.0,-0.0848,-0.12387555186819238,57.56736614623401,0.10596821700326231,-0.04382450884201825,0.14979272584528056,27.262211749999995
2015-04-29,0,0,1,0,0,0,0,0,27.902163,-0.5280137,0.076,-0.0104,1.708,51.0,-0.308187702350036,0.35465140558139446,-0.0116,-0.0132,-6.0,-0.0864,-0.0758674962584861,55.3564808262084,0.12299512249360234,-0.010460582574894135,0.13345570506849647,27.291784449999994
2015-04-30,0,0,1,0,0,0,0,0,27.274923,-2.2479951,0.0607,-0.0024,1.042,70.0,-1.2176532179839732,0.2553907480831558,-0.015300000000000001,0.008,19.0,-0.0631,-0.09926065749823865,47.105615169938964,0.08489739747898284,0.008611013435881259,0.07628638404310158,27.310323199999992
2015-05-01,0,0,1,0,0,0,0,0,27.39371,0.4355073,0.0631,-0.0012,0.25,32.0,-2.223364903322638,0.28251643007755706,0.0024000000000000063,0.0012,-38.0,-0.06430000000000001,0.02712568199440124,48.66608466874063,0.06355714685523495,0.019600240119751998,0.04395690673548295,27.33480129999999
2015-05-04,0,0,1,0,0,0,0,0,27.477213,0.30483007,0.0979,-0.004,1.542,21.0,-0.4669320064372342,0.5072384730378577,0.0348,-0.0028000000000000004,-11.0,-0.1019,0.22472204296030068,49.78752252225673,0.05277448728557488,0.026235089552916573,0.026539397732658305,27.356893949999993
2015-05-05,0,1,1,0,0,0,0,0,26.990381,-1.771766,0.0484,0.0037,1.667,55.0,-0.2911257663339191,0.1964102069665628,-0.0495,0.0077,34.0,-0.0447,-0.31082826607129493,43.78227554573873,0.004889514833152475,0.021965974608963754,-0.01707645977581128,27.35238364999999
2015-05-06,0,1,0,0,0,0,0,0,26.594503,-1.4667273,0.0257,0.0068,1.792,62.0,-0.12228244799949592,0.05205366924500622,-0.022699999999999998,0.0030999999999999995,7.0,-0.0189,-0.1443565377215566,39.599478804230934,-0.06426293383849568,0.004720192919471865,-0.06898312675796756,27.31818869999999
2015-05-07,0,0,1,0,0,0,1,0,26.94043,1.3007283,0.0466,-0.0279,1.5,33.0,-0.5144413246699566,0.18409992037691053,0.020900000000000002,-0.0347,-29.0,-0.07450000000000001,0.13204625113190432,44.58176738405859,-0.09011454537510133,-0.014246754739442778,-0.07586779063565854,27.30332789999999
2015-05-08,0,1,1,0,0,0,0,0,27.28387,1.2748122,0.035,0.0037,1.125,49.0,-0.9978766749268195,0.11048676688415927,-0.0116,0.0316,16.0,-0.0313,-0.07361315349275126,49.07320751273079,-0.08194478751489243,-0.027786361294532706,-0.05415842622035972,27.304346749999986
2015-05-11,0,0,0,0,0,0,0,0,27.126316,-0.5774617,0.0215,0.0049,1.25,20.0,-0.8034485069263844,0.016371620225111114,-0.013500000000000005,0.0011999999999999997,-29.0,-0.016599999999999997,-0.09411514665904816,47.183952835088746,-0.08717854659860436,-0.03966479835534704,-0.04751374824325732,27.297239299999983
2015-05-12,0,1,1,0,0,0,0,0,26.775913,-1.29174,0.0381,-0.02,1.875,37.0,0.05656590313072616,0.14533531198047786,0.016600000000000004,-0.0249,17.0,-0.0581,0.12896369175536676,43.200514944022025,-0.11823795845509011,-0.05537943037529565,-0.06285852807979446,27.29462964999998
2015-05-13,0,0,1,0,0,0,0,0,26.813688,0.1410842,0.0759,-0.0011,1.208,29.0,-0.8424737724160545,0.3738981624161884,0.03779999999999999,0.0189,-8.0,-0.077,0.22856285043571054,43.75182197240326,-0.13821142405826237,-0.07194582911188899,-0.06626559494637338,27.29077774999998
2015-05-14,0,1,1,0,0,0,0,0,27.296297,1.7998457,0.0375,0.0008,0.542,109.0,-1.7110349942142902,0.12437990739847275,-0.0384,0.0019000000000000002,80.0,-0.036699999999999997,-0.24951825501771563,50.378483526446026,-0.11378636806008302,-0.0803139369015278,-0.03347243115855522,27.304893199999974
2015-05-15,0,0,1,0,0,0,0,0,27.1616,-0.49344897,0.0358,0.0008,1.125,274.0,-0.9320860081492236,0.11829834211657142,-0.0017000000000000001,0.0,165.0,-0.034999999999999996,-0.006081565281901333,48.6555600201122,-0.10409827725740328,-0.08507080497270289,-0.019027472284700392,27.339063249999974
2015-05-18,0,0,1,0,0,0,0,0,27.17055,0.032937527,0.1094,0.004,1.292,93.0,-0.7005960925217094,0.5860098948982144,0.0736,0.0032,-181.0,-0.1054,0.467711552781643,48.780903749595254,-0.09460762745749918,-0.08697816946966215,-0.007629457987837027,27.34438144999998
2015-05-19,0,1,1,0,0,0,0,0,27.300272,0.47744513,0.0524,-0.0137,2.208,215.0,0.5396505785019391,0.2208739420853575,-0.056999999999999995,-0.0177,122.0,-0.0661,-0.36513595281285693,50.660978043514824,-0.07574558983697699,-0.08473165354312512,0.008986063706148129,27.360174299999976
2015-05-20,0,1,1,0,0,0,0,0,27.460808,0.5880356,0.0924,-0.0044,2.083,320.0,0.39658084111117453,0.4801971362210638,0.039999999999999994,0.0093,105.0,-0.0968,0.2593231941357063,52.96207410457343,-0.04729815193102027,-0.07724495322070415,0.029946801289683883,27.36844964999998
2015-05-21,0,0,1,0,0,0,0,0,27.674526,0.77825785,0.0503,-0.0064,1.875,261.0,0.14413324779844802,0.2071599899442944,-0.0421,-0.002,-59.0,-0.0567,-0.2730371462767694,55.91013422854025,-0.007422533606625592,-0.06328046929788844,0.05585793569126285,27.366834299999983
2015-05-22,0,0,1,0,0,0,0,0,27.56071,-0.4112661,0.042,0.0004,1.333,317.0,-0.6094398475549264,0.16450113668810706,-0.008299999999999995,0.0068000000000000005,56.0,-0.041600000000000005,-0.042658853256187346,53.970190966653156,0.014824295947889254,-0.0476595162487329,0.062483812196622156,27.31926974999998
2015-05-25,0,0,1,0,0,0,0,0,27.56071,0.0,0.0762,0.0004,0.708,83.0,-1.4500226481490037,0.4009892552282433,0.0342,0.0,-234.0,-0.0758,0.23648811854013624,53.970190966653156,0.0320852103174083,-0.03171057093550466,0.06379578125291296,27.290442749999976
2015-05-26,0,1,1,0,0,0,0,0,27.196394,-1.3218641,0.0473,-0.0074,2.042,87.0,0.48704674377089596,0.21007549612922174,-0.028900000000000002,-0.0078000000000000005,4.0,-0.0547,-0.19091375909902156,47.811666539515755,0.016180830289908243,-0.02213229069042208,0.03831312098033032,27.247748849999983
2015-05-27,0,0,1,0,0,0,0,0,27.547289,1.290226,0.0667,-0.0014,2.25,231.0,0.7903016646974319,0.3184777479523126,0.019399999999999994,0.006,144.0,-0.0681,0.10840225182309085,53.33495835980874,0.03152736069241158,-0.011400360413855348,0.04292772110626693,27.230005149999982
2015-05-28,0,0,1,0,0,0,0,0,27.543808,-0.012630224,0.0756,0.0017,3.25,356.0,2.1336107174471395,0.36231590493385374,0.008900000000000005,0.0031,125.0,-0.07390000000000001,0.04383815698154114,53.27472219936082,0.04291402285172197,-0.0005374837607398826,0.043451506612461846,27.24344939999998
2015-05-29,0,0,1,0,0,0,0,0,27.103453,-1.5987575,0.0604,0.0001,3.25,1033.0,2.027110647307058,0.22568321004952852,-0.015199999999999998,-0.0015999999999999999,677.0,-0.0603,-0.13663269488432522,46.1708267054357,0.016218114026660402,0.0028136357967401744,0.013404478229920228,27.22893654999998
2015-06-01,0,0,1,0,0,0,0,0,27.296793,0.7133484,0.0877,0.0019,2.458,157.0,0.910171125943214,0.6223210535826366,0.027299999999999998,0.0018,-876.0,-0.0858,0.39663784353310805,49.36341726424924,0.010540828035210836,0.004359074244434307,0.006181753790776529,27.21991554999998
2015-06-02,0,1,1,0,0,0,0,0,27.532377,0.8630514,0.1196,-0.0025,1.875,308.0,0.10948328222338106,1.078417423595715,0.0319,-0.0044,151.0,-0.1221,0.45609637001307834,53.01978037177707,0.024765714189658894,0.008440402233479225,0.01632531195617967,27.24701534999998
2015-06-03,0,0,1,0,0,0,0,0,27.59898,0.24189949,0.0616,-0.0072,2.333,206.0,0.7688527456618509,0.16159563201199936,-0.057999999999999996,-0.004699999999999999,-102.0,-0.0688,-0.9168217915837156,54.03040138568686,0.04094139748229253,0.014940601283241886,0.026000796199050644,27.29723919999998
2015-06-04,0,0,1,0,0,0,0,0,27.420053,-0.64830184,0.0561,-0.0007,2.0,269.0,0.305103754812827,0.07315956201970646,-0.005500000000000005,0.0065,63.0,-0.056799999999999996,-0.0884360699922929,50.86479198804392,0.03887470607358878,0.019727422241311264,0.01914728383227752,27.321220349999983
2015-06-05,0,0,1,0,0,0,0,0,27.312698,-0.39152503,-0.0592,0.0006,1.375,200.0,-0.5777457451921076,-1.664864397653094,-0.1153,0.0013,-69.0,0.059800000000000006,-1.7380239596728004,49.00942502428627,0.028248555185587776,0.021431648830166565,0.006816906355421211,27.32266174999998
2015-06-08,0,0,1,0,1,0,0,0,27.012001,-1.1009455,0.1225,0.0003,1.75,69.0,-0.05998747568885321,1.0772449145621514,0.1817,-0.0003,-131.0,-0.1222,2.7421093122152453,44.15151305939244,-0.004385922634760675,0.016268134537181116,-0.02065405717194179,27.316945999999984
2015-06-09,0,1,1,0,0,0,0,0,26.946392,-0.242877,0.0501,0.0005,1.167,216.0,-0.8671303980591184,-0.04127024735691949,-0.07239999999999999,0.00020000000000000004,147.0,-0.0496,-1.118515161919071,43.146583882520446,-0.03513803007082217,0.0059869016155804575,-0.041124931686402626,27.325469949999984
2015-06-10,0,0,1,0,1,0,0,0,27.465282,1.9256234,0.088,0.0009,1.833,179.0,0.06403118241792408,0.5287902418577923,0.037899999999999996,0.00039999999999999996,-37.0,-0.0871,0.5700604892147119,52.378458183447144,-0.017438193673765312,0.0013018825577113032,-0.018740076231476617,27.358049649999987
2015-06-11,0,1,1,0,0,0,0,0,27.338041,-0.46326518,0.043,0.0021,1.917,211.0,0.18747462657711414,-0.1639837010129399,-0.045,0.0012,32.0,-0.0409,-0.6927739428707322,50.22474667653447,-0.01352235383363265,-0.0016629647205574877,-0.011859389113075162,27.360136849999986
2015-06-12,0,1,1,0,1,0,0,0,27.210308,-0.4672408,0.0992,0.0006,1.583,232.0,-0.2845542120078062,0.683864048912875,0.0562,-0.0015,21.0,-0.0986,0.8478477499258149,48.087155594014845,-0.02048981431406105,-0.0054283346392582,-0.01506147967480285,27.36257224999999
2015-06-15,0,0,1,0,0,0,0,0,26.98814,-0.8164823,0.1632,0.0008,1.125,64.0,-0.9083752407300539,1.5974678785044152,0.06400000000000002,0.0002000000000000001,-168.0,-0.16240000000000002,0.9136038295915402,44.53667047328027,-0.043437952134180335,-0.013030258138242627,-0.030407693995937707,27.353451749999987
2015-06-16,0,1,1,0,0,0,0,0,27.081085,0.34438372,0.0436,0.0007,1.333,191.0,-0.5933592528184696,-0.18163959334664137,-0.11960000000000001,-0.00010000000000000005,127.0,-0.0429,-1.7791074718510567,46.32226163242931,-0.05350782704014989,-0.02112577191862408,-0.03238205512152581,27.34249239999999
2015-06-17,0,0,1,0,0,0,0,0,27.167068,0.31750202,0.0513,0.001,1.208,206.0,-0.7460935901161342,-0.04937180287519612,0.0076999999999999985,0.00030000000000000003,15.0,-0.0503,0.13226779047144524,47.99039545047332,-0.05392851162983803,-0.027686319860866872,-0.026242191768971156,27.32780539999999
2015-06-18,0,0,1,0,1,0,0,0,27.643215,1.7526507,0.0659,0.0003,1.375,253.0,-0.4996640601717305,0.18513867682367435,0.014600000000000002,-0.0007000000000000001,47.0,-0.0656,0.23451047969887048,56.12232214266197,-0.01566030141800212,-0.02528111617229392,0.009620814754291801,27.32623984999999
2015-06-19,0,0,1,0,0,0,1,0,27.709814,0.2409339,0.0761,-0.0249,1.083,203.0,-0.8953388230636139,0.33624044108967915,0.0102,-0.0252,-50.0,-0.101,0.1511017642660048,57.13193556855616,0.01981312027410098,-0.016262268883014942,0.036075389157115924,27.333695049999996
2015-06-22,0,0,1,0,0,0,0,0,27.817171,0.38741827,0.1435,-0.0039,1.25,99.0,-0.666826012206059,1.3197089833511266,0.06739999999999999,0.020999999999999998,-104.0,-0.14739999999999998,0.9834685422614475,58.77851416586882,0.05594398775054188,-0.001821017556303579,0.05776500530684546,27.346518099999997
2015-06-23,0,1,1,0,0,0,0,0,28.001566,0.6628871,0.0559,-0.0043,2.25,231.0,0.732420887962644,-0.03548147227625815,-0.08759999999999998,-0.0004000000000000002,132.0,-0.0602,-1.3551904556273848,61.51294374285342,0.09832368178193462,0.018207922311344063,0.08011575947059056,27.386776699999995
2015-06-24,0,0,1,0,0,0,0,0,27.762001,-0.85553527,0.0543,-0.0013,2.417,359.0,0.9589113970989789,-0.05852768520325339,-0.0015999999999999973,0.003,128.0,-0.055600000000000004,-0.02304621292699524,56.28870220289626,0.11129604967796425,0.0368255477846681,0.07447050189329615,27.3975123
2015-06-25,0,0,1,0,1,0,0,0,27.73119,-0.11099577,0.0995,-0.0011,1.75,253.0,0.042851719836569525,0.6449247317520189,0.045200000000000004,0.00019999999999999987,-106.0,-0.10060000000000001,0.7034524169552723,55.63426764988747,0.11773339717852238,0.05300711766343896,0.06472627951508342,27.406881399999996
2015-06-26,0,0,1,0,0,0,0,0,27.488144,-0.8764267,0.1084,0.0011,0.917,253.0,-1.1712965481495536,0.8113089656109231,0.008899999999999991,0.0022,0.0,-0.10729999999999999,0.16638423385890422,50.633357210542165,0.10204692701880802,0.06281507953451278,0.03923184748429524,27.426115950000003
2015-06-29,0,0,0,0,0,0,0,0,26.901167,-2.13539,0.0279,0.0087,1.792,82.0,0.07011052725854859,-0.694924556341312,-0.08049999999999999,0.007599999999999999,-171.0,-0.019200000000000002,-1.5062335219522351,41.038912672954005,0.041769653508843874,0.058605994329379,-0.016836340820535124,27.40633465
2015-06-30,0,1,1,0,1,0,0,0,26.841024,-0.22355914,0.0847,-0.0077,1.458,276.0,-0.40874504013563856,0.39379546767147633,0.056799999999999996,-0.016399999999999998,194.0,-0.0924,1.0887200240127883,40.198407012852726,-0.010729870221286575,0.044738821419245886,-0.05546869164053246,27.371767
2015-07-01,0,0,1,0,0,0,1,0,27.003052,0.6036639,0.0392,-0.0212,1.167,151.0,-0.8105233445836153,-0.6084064193416758,-0.0455,-0.0135,-125.0,-0.060399999999999995,-1.0022018870131522,43.552529726271054,-0.03881438744322452,0.028028179646751805,-0.06684256708997632,27.341970600000003
2015-07-02,0,0,1,0,0,0,0,0,27.203854,0.7436156,0.0515,0.0015,1.667,128.0,-0.08877504130345902,-0.3339157773890716,0.012299999999999998,0.0227,-23.0,-0.049999999999999996,0.27449064195260425,47.48370931715459,-0.044357204213195445,0.013551102874762355,-0.0579083070879578,27.331160649999998
2015-07-03,0,0,1,0,0,0,0,0,27.203854,0.0,0.0345,-0.001,0.375,191.0,-1.927003806615539,-0.68294095766689,-0.016999999999999994,-0.0025,63.0,-0.035500000000000004,-0.3490251802778184,47.48370931715459,-0.048194371720004625,0.0012020079558089578,-0.04939637967581358,27.32571845
2015-07-06,0,0,1,0,0,0,0,0,27.118362,-0.31425357,0.0302,-0.0005,0.833,65.0,-1.249028802874175,-0.7782973697536554,-0.004300000000000002,0.0005,-126.0,-0.0307,-0.09535641208676537,45.9051299157405,-0.05747135057325892,-0.010532663750004619,-0.0469386868232543,27.3310365
2015-07-07,0,0,1,0,0,0,0,0,27.33755,0.8082628,0.0466,0.0013,1.5,183.0,-0.2848848473365036,-0.4076134833811605,0.0164,0.0018,118.0,-0.0453,0.3706838863724949,50.45306798179989,-0.04659961206143848,-0.01774605341229139,-0.028853558649147088,27.3505944
2015-07-08,0,0,1,0,0,0,0,0,26.92353,-1.5144646,0.038,0.0017,1.208,214.0,-0.7007633985355705,-0.5737700310164828,-0.008600000000000003,0.00039999999999999996,31.0,-0.0363,-0.16615654763532234,43.084707870851695,-0.07057805497028369,-0.02831245372388985,-0.042265601246393836,27.3235068
2015-07-09,0,0,1,0,1,0,0,0,27.070152,0.5445838,0.0718,0.0013,1.208,143.0,-0.7070526205781088,0.1221391576668228,0.033800000000000004,-0.00039999999999999996,-71.0,-0.07050000000000001,0.6959091886833056,46.08756527501737,-0.07686393411572823,-0.038022749802257526,-0.0388411843134707,27.310112350000004
2015-07-10,0,1,1,0,0,0,1,0,27.639734,2.1040916,0.035,-0.0227,0.667,173.0,-1.4346799227205511,-0.7680839167991377,-0.0368,-0.024,30.0,-0.0577,-0.8902230744659605,55.835651624628845,-0.03547608519417622,-0.03751341688064126,0.002037331686465041,27.33158365
2015-07-13,0,0,1,0,0,0,0,0,28.416079,2.8087974,0.054,0.0039,1.208,68.0,-0.6472295460815102,-0.3061962260265097,0.018999999999999996,0.026600000000000002,-105.0,-0.0501,0.461887690772628,65.09872159828792,0.05928523330783264,-0.01815368684294648,0.07743892015077912,27.402980599999996
2015-07-14,0,1,1,0,1,0,0,0,29.034864,2.177596,0.1201,0.0054,2.333,155.0,0.9874929981436966,1.2712103062517843,0.06609999999999999,0.0015000000000000005,87.0,-0.1147,1.577406532278294,70.42347983290055,0.18221458275176516,0.021919967075995854,0.1602946156757693,27.50066954999999
2015-07-15,0,1,1,0,0,0,0,0,29.023935,-0.037652254,0.1445,0.0064,1.875,221.0,0.3731671401687645,1.778499373942617,0.02439999999999999,0.001,66.0,-0.1381,0.5072890676908326,70.21970858106023,0.27557840259813204,0.0726516541804231,0.20292674841770894,27.593512899999997
2015-07-16,0,0,1,0,0,0,0,0,29.909626,3.051579,0.2418,0.0043,2.917,176.0,2.013112462080502,3.545040067795285,0.0973,-0.0021000000000000003,-45.0,-0.2375,1.7665406938526682,76.22387804200713,0.41623961298946455,0.14136924594223138,0.27487036704723317,27.706833449999994
2015-07-17,1,1,1,0,0,0,0,0,34.772457,16.258419,0.2418,0.1902,3.458,295.0,2.7059638572059033,3.539790769340451,0.0,0.1859,119.0,-0.05159999999999998,-0.005249298454834239,89.15376375292665,0.9096189360825093,0.295019183970287,0.6145997521122224,28.05996559999999
2015-07-20,0,0,1,0,0,0,0,0,34.435482,-0.9690881,0.4209,0.1202,1.875,61.0,0.3645259651549741,5.234098944851983,0.1791,-0.07,-234.0,-0.30069999999999997,1.694308175511532,85.67672360593245,1.2589224634507659,0.48779983986638276,0.7711226235843831,28.39088114999999
2015-07-21,0,1,1,0,0,0,0,0,34.560226,0.3622651,0.095,0.0105,2.083,190.0,0.6893365745818687,0.2682886201053537,-0.32589999999999997,-0.1097,129.0,-0.0845,-4.965810324746629,85.89601347815157,1.5281977118053724,0.6958794142541807,0.8323182975511918,28.718814149999993
2015-07-22,0,0,1,0,0,0,0,0,34.547806,-0.0359416,0.1005,0.0028,2.292,128.0,0.9815684136723934,0.3454543507612998,0.005500000000000005,-0.0077,-62.0,-0.09770000000000001,0.07716573065594612,85.75523914534806,1.7207622202107729,0.9008559754454991,0.8199062447652737,29.05810439999999
2015-07-23,0,1,1,0,0,0,0,0,33.535378,-2.930516,0.0446,-0.0069,2.167,208.0,0.7679919844743665,-0.4998771479916507,-0.055900000000000005,-0.0097,80.0,-0.051500000000000004,-0.8453314987529505,74.96923063627918,1.771258536252489,1.0749364876068972,0.6963220486455919,29.348313799999993
2015-07-24,0,0,1,0,0,0,0,0,32.54333,-2.9582143,0.0551,0.0032,1.292,237.0,-0.5895296116157079,-0.3382120101493784,0.010500000000000002,0.0101,29.0,-0.0519,0.16166513784227232,66.18483641460011,1.7114981623677643,1.2022488225590706,0.5092493398086937,29.60107309999999
2015-07-27,0,0,1,0,1,0,0,0,32.71728,0.53453445,0.1629,0.0073,1.667,74.0,-0.010255807544882683,1.2646624491462983,0.10779999999999998,0.0040999999999999995,-163.0,-0.1556,1.6028744592956767,66.91683830355299,1.6590494573313812,1.2936089495135328,0.3654405078178484,29.89187874999999
2015-07-28,0,1,1,0,0,0,0,0,32.78636,0.2111435,0.1974,0.0029,2.083,298.0,0.6233001639059291,1.7030472653058757,0.0345,-0.0044,224.0,-0.1945,0.43838481615957736,67.22030995699149,1.6045612758090684,1.35579941477264,0.2487618610364284,30.18914554999999
2015-07-29,0,0,1,0,0,0,0,0,32.874336,0.2683282,0.1974,0.0028,1.792,217.0,0.17262843698040628,1.6318333060489507,0.0,-9.999999999999983e-05,-81.0,-0.1946,-0.07121395925692497,67.62758036087523,1.5506035350060117,1.3947602388193143,0.15584329618669734,30.482709749999987
2015-07-30,0,0,1,0,0,0,0,0,33.029907,0.47322512,0.1974,0.0042,2.333,214.0,0.9813921554745866,1.5655182836770685,0.0,0.0013999999999999998,-3.0,-0.19319999999999998,-0.06631502237188225,68.37582956774946,1.5030684784223602,1.4164218867399234,0.08664659168243682,30.774012399999986
2015-07-31,0,1,1,0,0,0,0,0,32.679016,-1.0623574,0.0731,-0.0152,1.292,291.0,-0.6247609740256604,-0.19619472804885923,-0.1243,-0.0194,77.0,-0.0883,-1.7617130117259276,64.74104180984665,1.4207056223705194,1.4172786338660426,0.003426988504476869,31.04777049999999
2015-08-03,0,0,1,0,1,0,0,0,33.037857,1.0980964,0.2983,0.0123,1.125,39.0,-0.8767956525773482,2.749126699518034,0.2252,0.0275,-252.0,-0.28600000000000003,2.9453214275668933,66.69111561184468,1.3686114346105853,1.407545194014951,-0.03893375940436572,31.34374524999999
2015-08-04,0,1,1,0,0,0,0,0,32.86689,-0.51749945,0.0443,0.0058,0.833,111.0,-1.2814872581525372,-0.6306507403273798,-0.254,-0.006500000000000001,72.0,-0.0385,-3.379777439845414,64.85080199550183,1.2985617953729047,1.3857485142865418,-0.08718671891363705,31.62021224999999
2015-08-05,0,0,1,0,0,0,0,0,33.463806,1.8161654,0.047,0.0034,1.542,145.0,-0.2152360702273994,-0.5867745801015181,0.002700000000000001,-0.0024,34.0,-0.0436,0.043876160225861716,68.15489424969577,1.2764984051397086,1.363898492457175,-0.08740008731746651,31.94722604999999
2015-08-06,0,1,1,0,1,0,0,0,33.307743,-0.46635866,0.108,0.0029,1.083,195.0,-0.9458388882494062,0.2083255509230654,0.061,-0.0005,50.0,-0.1051,0.7951001310245834,66.39753671889366,1.2322158127331875,1.3375619565123775,-0.10534614377919005,32.259105599999984
2015-08-07,0,0,1,0,0,0,0,0,33.02146,-0.85951686,0.0438,-0.0009,0.5,135.0,-1.7949983253957251,-0.6500621926483853,-0.06420000000000001,-0.0037999999999999996,-60.0,-0.0447,-0.8583877435714506,63.17929862837492,1.1606417381955048,1.302177912849003,-0.14153617465349821,32.52819189999999
2015-08-10,0,0,1,0,1,0,0,0,32.95933,-0.18814206,0.1813,0.0007,2.083,78.0,0.5891291504918411,1.1561074298578011,0.13749999999999998,0.0015999999999999999,-57.0,-0.18059999999999998,1.8061696225061863,62.47161457298497,1.0863822582791371,1.2590187819350298,-0.17263652365589266,32.75535444999999
2015-08-11,0,1,1,0,0,0,0,0,34.30924,4.0956616,0.0971,0.0013,3.958,1280.0,3.1126396233437954,0.03508649754243004,-0.08419999999999998,0.0006,1202.0,-0.09580000000000001,-1.121020932315371,70.26492240296466,1.123506457680513,1.2319163170841265,-0.10840985940361358,33.01907325
2015-08-12,1,0,1,0,0,0,0,0,34.367382,0.16949177,0.1092,0.0189,2.792,782.0,1.4476881336670957,0.19142788012853387,0.0121,0.0176,-498.0,-0.0903,0.15634138258610383,70.54860821065326,1.1444269847593134,1.214418450619164,-0.06999146585985061,33.286245599999994
2015-08-13,0,0,1,0,0,0,0,0,34.12087,-0.71730614,0.0956,0.0048,1.667,220.0,-0.08998394669601212,0.0015478539311598698,-0.013600000000000001,-0.014100000000000001,-562.0,-0.0908,-0.189880026197374,67.6036998834942,1.128111033214104,1.197156967138152,-0.0690459339240479,33.49680779999999
2015-08-14,0,1,1,0,0,0,0,0,34.26302,0.4166007,0.0518,-0.0025,1.125,291.0,-0.8257628348460322,-0.5825572100490762,-0.043800000000000006,-0.007299999999999999,71.0,-0.0543,-0.5841050639802361,68.42227336775817,1.1138115152431922,1.18048787675916,-0.06667636151596779,33.47133594999999
2015-08-17,0,0,1,0,0,0,0,0,34.4986,0.68758726,0.0953,0.0057,1.708,90.0,-0.052577498393620296,-0.008840429294972427,0.0435,0.0082,-201.0,-0.0896,0.5737167807541038,69.78485694608538,1.1087078870295883,1.1661318788132458,-0.057423991783657424,33.47449184999999
2015-08-18,0,1,1,0,0,0,0,0,34.231205,-0.7750988,0.0562,0.0017,2.583,325.0,1.1401172117368743,-0.5312306031808683,-0.039099999999999996,-0.004,235.0,-0.0545,-0.5223901738858959,66.28846737677047,1.0707438149302817,1.147054266036653,-0.07631045110637125,33.45804079999999
2015-08-19,0,1,1,0,0,0,0,0,34.495125,0.7709861,0.0808,0.0013,2.167,331.0,0.5700153147784369,-0.20713936980935066,0.024599999999999997,-0.00039999999999999996,6.0,-0.0795,0.3240912333715177,67.993007375753,1.0498511223746405,1.1276136373042505,-0.07776251492960995,33.455406749999995
2015-08-20,0,0,1,0,0,0,1,0,33.77146,-2.097863,0.0662,-0.0801,1.208,220.0,-0.7289128566139168,-0.39927128208009866,-0.014600000000000002,-0.0814,-111.0,-0.14629999999999999,-0.192131912270748,59.16003147769091,0.9637898262427314,1.0948488750919467,-0.13105904884921538,33.467210849999994
2015-08-21,0,1,1,0,0,0,0,0,32.00953,-5.2172127,0.0653,-0.0027,0.958,225.0,-1.065282750440546,-0.4125427117996377,-0.000899999999999998,0.07740000000000001,5.0,-0.06799999999999999,-0.01327142971953904,44.12864213723762,0.7448267044727999,1.0248444409681174,-0.2800177364953176,33.44052085
2015-08-24,0,0,1,0,0,0,0,0,30.721254,-4.024667,0.0466,-0.0167,0.208,72.0,-2.059385097465481,-0.6501812211382691,-0.018699999999999994,-0.013999999999999999,-153.0,-0.0633,-0.23763850933863145,36.77181229330041,0.4620178916391211,0.9122791311023182,-0.45026123946319707,33.34071955
2015-08-25,0,1,1,0,0,0,1,0,30.440935,-0.91246367,0.0537,-0.0416,0.292,163.0,-1.8461204417756683,-0.5404802229895012,0.007099999999999995,-0.0249,91.0,-0.0953,0.10970099814876799,35.3892956488103,0.21281724464248697,0.7723867538103519,-0.559569509167865,33.2234483
2015-08-26,0,1,1,0,1,0,0,0,32.790344,7.7179313,0.1043,0.0108,1.0,173.0,-0.8311656959566835,0.12073839500531795,0.050600000000000006,0.0524,10.0,-0.0935,0.6612186179948191,51.759607227555,0.20256654691415577,0.6584227124311127,-0.45585616551695696,33.2192487
2015-08-27,0,0,1,0,0,0,0,0,33.1989,1.2459636,0.0887,0.0156,1.042,196.0,-0.7486404630495834,-0.09370047633527663,-0.015600000000000003,0.004799999999999999,23.0,-0.0731,-0.21443887134059458,53.94489144131369,0.22481828462655074,0.5717018268702003,-0.3468835422436496,33.227698350000004
2015-08-28,0,1,1,0,0,0,1,0,32.787865,-1.2381136,0.0705,-0.0378,0.458,221.0,-1.5116725742102624,-0.37817130925846165,-0.018200000000000008,-0.0534,25.0,-0.1083,-0.28447083292318504,51.42111724173937,0.2069008337217113,0.4987416282405025,-0.2918407945187912,33.2331408
2015-08-31,0,0,1,0,0,0,0,0,32.197903,-1.7993271,0.072,-0.0048,1.208,101.0,-0.47345381453024515,-0.3458464941208142,0.0015000000000000013,0.033,-120.0,-0.0768,0.032324815137647456,47.95335667294639,0.14344260485072624,0.42768182356254725,-0.284239218711821,33.1911431
2015-09-01,0,0,1,0,0,0,0,0,31.290342,-2.8186917,0.079,-0.0087,1.917,286.0,0.477537444436515,-0.25669194173601195,0.007000000000000006,-0.0039,185.0,-0.0877,0.08915455238480224,43.134252234905986,0.019691917218466415,0.34608384229373107,-0.32639192507526466,33.112315699999996
2015-09-02,0,1,1,0,0,0,0,0,32.053265,2.4381995,0.0333,-0.0038,1.083,486.0,-0.6428105254965534,-0.870958710427768,-0.0457,0.0049,200.0,-0.0371,-0.614266768691756,47.876362095453885,-0.016628204626961463,0.27354143290959254,-0.290169637536554,33.04178865
2015-09-03,0,0,1,0,0,0,0,0,31.66261,-1.2187719,0.0528,-0.0037,0.833,254.0,-0.9532529384268696,-0.6059781700494188,0.019499999999999997,9.999999999999983e-05,-232.0,-0.0565,0.26498054037834917,45.771547645188235,-0.07605800715968769,0.20362154489573647,-0.27967955205542416,32.959532
2015-09-04,0,0,1,0,0,0,0,0,31.260523,-1.2699068,-0.1389,-0.0203,0.292,242.0,-1.6190832687595273,-2.943621941056684,-0.19169999999999998,-0.016599999999999997,-12.0,0.1186,-2.337643771007265,43.64470404489217,-0.1538283765837889,0.1321315605998314,-0.2859599371836203,32.87148515
2015-09-07,0,0,1,0,0,0,0,0,31.260523,0.0,0.0627,0.0017,0.125,56.0,-1.772245878693585,-0.3635587441849339,0.2016,0.022,-186.0,-0.061000000000000006,2.58006319687175,43.64470404489217,-0.21300654776695893,0.06310393892647333,-0.27611048669343224,32.7865448
2015-09-08,0,0,1,0,0,0,0,0,32.002075,2.3721695,0.0701,0.0005,0.667,76.0,-1.0489430148829437,-0.275352685115406,0.00739999999999999,-0.0012,20.0,-0.0696,0.08820605906952789,48.73936070199258,-0.1977886414544372,0.010925422850291223,-0.2087140643047284,32.67118655
2015-09-09,0,0,1,0,0,0,0,0,31.978712,-0.07300377,0.0892,-0.0045,0.167,184.0,-1.6292211615785759,-0.03887905457338296,0.019100000000000006,-0.004999999999999999,108.0,-0.0937,0.23647363054202303,48.59032111543728,-0.185475493871067,-0.02835476049398042,-0.15712073337708657,32.551753049999995
2015-09-10,0,0,1,0,0,0,0,0,32.359924,1.1920929,0.064,-0.0021,0.333,146.0,-1.3770682830507446,-0.3619486426339746,-0.0252,0.0024,-38.0,-0.0661,-0.3230695880605916,51.21187377012132,-0.14330468600522295,-0.051344745596228925,-0.09195994040899402,32.463705749999995
2015-09-11,0,0,1,0,0,0,0,0,32.56967,0.6481528,0.0584,0.0001,0.458,215.0,-1.1976145426587954,-0.429520447285508,-0.005600000000000001,0.0021999999999999997,69.0,-0.0583,-0.0675718046515334,52.6427816856447,-0.09189990279403304,-0.05945577703578975,-0.03244412575824329,32.379038249999994
2015-09-14,0,0,1,0,0,0,0,0,32.429016,-0.4318595,0.0747,0.0016,1.333,124.0,-0.13476682025318493,-0.206543815756489,0.016300000000000002,0.0015,-91.0,-0.0731,0.22297663152901898,51.55089679676319,-0.06179846976197467,-0.05992431558102673,-0.00187415418094794,32.27555905
2015-09-15,0,1,1,0,1,0,0,0,33.05526,1.9311428,0.1387,-0.0188,0.875,209.0,-0.6672867387578233,0.5982348309900016,0.06399999999999999,-0.0204,85.0,-0.1575,0.8047786467464906,55.93341377738849,0.012446316457015882,-0.04545018917341821,0.057896505630434095,32.21676179999999
2015-09-16,0,0,1,0,0,0,0,0,33.07762,0.06765127,0.0967,0.0378,0.458,188.0,-1.1390402059971316,0.04966937923997104,-0.041999999999999996,0.0566,-21.0,-0.058899999999999994,-0.5485654517500306,56.08615358811853,0.07225717384844899,-0.02190871656904477,0.09416589041749376,32.14588654999999
2015-09-17,0,0,1,0,0,0,0,0,33.383293,0.9240866,0.0812,0.0025,0.375,182.0,-1.1995157129289171,-0.14592246337029902,-0.0155,-0.0353,-6.0,-0.07869999999999999,-0.19559184261027007,58.21821539221489,0.14267825956710567,0.01100867865818532,0.13166958090892034,32.126478199999994
2015-09-18,0,0,1,0,0,0,0,0,32.848995,-1.600486,0.0905,-0.0019,0.208,139.0,-1.368399990549026,-0.022383297360584475,0.009300000000000003,-0.0044,-43.0,-0.0924,0.12353916600971454,53.34307104774506,0.15360344912369328,0.039527632751286915,0.11407581637240637,32.168451449999985
2015-09-21,0,0,1,0,0,0,0,0,33.15019,0.91689825,0.0905,-0.0032,0.833,110.0,-0.6021847366404495,-0.03603091622400161,0.0,-0.0013000000000000002,-29.0,-0.09369999999999999,-0.013647618863417137,55.60021051289863,0.18443955548143265,0.06851001729731607,0.11592953818411658,32.28989824999998
2015-09-22,0,1,1,0,0,0,0,0,32.465294,-2.066028,-0.0982,-0.0217,0.458,180.0,-1.020833730047148,-2.324579171404989,-0.18869999999999998,-0.0185,70.0,0.0765,-2.288548255180987,49.71100944433894,0.15186144444569294,0.08518030272699144,0.0666811417187015,32.391116199999985
2015-09-23,0,0,1,0,1,0,0,0,32.469772,0.013780594,0.1068,-0.0006,0.333,150.0,-1.1396402599293676,0.19106705057940104,0.20500000000000002,0.0211,-30.0,-0.10740000000000001,2.51564622198439,49.748487170180624,0.12496388799950608,0.09313701978149437,0.031826868218011714,32.375087599999986
2015-09-24,0,0,1,0,0,0,0,0,32.550285,0.24796724,0.1051,0.0019,0.5,144.0,-0.9161693870948755,0.1592746123908216,-0.001700000000000007,0.0025,-6.0,-0.1032,-0.031792438188579436,50.46330267380353,0.10888890345620439,0.09628739651643638,0.012601506939768012,32.34265684999998
2015-09-25,0,0,1,0,0,0,0,0,31.816687,-2.253729,0.1076,-0.0015,1.458,143.0,0.1791508367827036,0.17589710769548592,0.0025000000000000022,-0.0034000000000000002,-1.0,-0.1091,0.01662249530466431,44.28238899988359,0.03653300498545775,0.08433651821024066,-0.047803513224782906,32.29409794999999
2015-09-28,0,1,1,0,0,0,0,0,31.026423,-2.483803,0.0702,0.0004,1.25,177.0,-0.07352816987343005,-0.29940627717353685,-0.0374,0.0019,34.0,-0.0698,-0.4753033848690228,38.77298091369701,-0.08361342264815619,0.050746530038561284,-0.13435995268671747,32.23552394999999
2015-09-29,0,1,1,0,1,0,0,1,30.944912,-0.2627194,0.119,0.0005,2.833,254.0,1.7197732007004476,0.2965430828519949,0.048799999999999996,9.999999999999999e-05,77.0,-0.1185,0.5959493600255317,38.24444924246436,-0.1832946816471619,0.003938287701416646,-0.18723296934857853,32.21825244999999
2015-09-30,0,0,1,0,0,0,0,0,31.728216,2.53129,0.1202,0.0001,2.292,726.0,1.0676400591863424,0.2955093845198443,0.0012000000000000066,-0.0004,472.0,-0.1201,-0.0010336983321505566,45.879353688944775,-0.19681791668459425,-0.03621295317578553,-0.1606049635088087,32.201999999999984
2015-10-01,0,0,1,0,0,0,0,0,31.908636,0.56864023,0.1255,-0.0113,1.875,331.0,0.5794708847114033,0.3508618527419833,0.005299999999999999,-0.011399999999999999,-395.0,-0.1368,0.05535246822213896,47.489670647606395,-0.19077762599671644,-0.06712588773997172,-0.12365173825674472,32.21430129999999
2015-10-02,0,0,1,0,0,0,0,0,32.65366,2.3348808,0.1463,-0.0009,1.833,323.0,0.5114358910626292,0.5905861582033812,0.020800000000000013,0.0104,-8.0,-0.14720000000000003,0.23972430546139795,53.62580729871572,-0.12443898655753571,-0.07858850750348452,-0.045850479054051194,32.28395814999999
2015-10-05,0,0,1,0,0,0,0,0,33.38379,2.235961,0.2058,-0.0065,2.167,98.0,0.8676973311772516,1.2936270203998368,0.0595,-0.0056,-225.0,-0.21230000000000002,0.7030408621964556,58.71717332414097,-0.012802172335298678,-0.06543124046984736,0.05262906813454868,32.390121499999985
2015-10-06,0,1,1,0,0,0,0,0,33.381798,-0.005954504,0.0872,0.0021,1.75,299.0,0.4107617052339092,-0.17757287971164445,-0.11860000000000001,0.0086,201.0,-0.0851,-1.4711999001114813,58.698238692881375,0.07464955587112598,-0.037415081201652683,0.11206463707277867,32.459107649999986
2015-10-07,0,0,1,0,0,0,0,0,33.30029,-0.24418235,0.068,-0.0012,1.833,241.0,0.5063577732642631,-0.40143333577316126,-0.019199999999999995,-0.0033,-58.0,-0.06920000000000001,-0.2238604560615168,57.875835904101436,0.1358130972764897,-0.002769445506024204,0.13858254278251392,32.52518654999999
2015-10-08,0,0,1,0,0,0,0,0,33.151184,-0.44775605,0.0577,0.0002,1.917,341.0,0.6358057459816311,-0.5043524864692916,-0.010300000000000004,0.0014,100.0,-0.0575,-0.10291915069613039,56.3212617382003,0.17029102746842995,0.03184264908886663,0.1384483783795633,32.56474954999999
2015-10-09,0,0,1,0,0,0,0,0,33.36192,0.6356716,0.0777,-0.0009,0.833,185.0,-0.6081831165647291,-0.219860027084026,0.020000000000000004,-0.0011,-156.0,-0.0786,0.2844924593852657,58.036840440228886,0.21217386135135996,0.0679088915413653,0.14426496980999465,32.604362049999985
2015-10-12,0,0,1,0,0,0,0,0,33.61987,0.77319145,0.0608,-0.0014,0.708,81.0,-0.7371610782103101,-0.4401257488234874,-0.016900000000000005,-0.0005,-104.0,-0.0622,-0.22026572173946138,60.10254061397748,0.26314731967728733,0.1069565771685497,0.15619074250873763,32.663904749999986
2015-10-13,0,1,1,0,1,0,0,0,33.954865,0.99642277,0.1672,0.0212,0.833,163.0,-0.5611376422672645,1.2234552990095495,0.1064,0.0226,82.0,-0.146,1.6635810478330368,62.672440351024505,0.32680820788504406,0.15092690331184858,0.17588130457319548,32.70888499999999
2015-10-14,0,1,0,0,0,0,0,0,33.817688,-0.40400028,0.0238,0.0009,1.667,183.0,0.48542630170012596,-1.007717307362935,-0.14339999999999997,-0.0203,20.0,-0.0229,-2.2311726063724846,60.94138514287349,0.3620177675021168,0.19314507614990223,0.16887269135221455,32.745888399999984
2015-10-15,0,0,0,0,0,0,0,0,34.444424,1.8532872,0.0107,-0.001,0.542,244.0,-0.8870857455598331,-1.1935196515833033,-0.013100000000000002,-0.0019,61.0,-0.011699999999999999,-0.18580234422036823,65.61441688380184,0.4354740803929573,0.24161087699851325,0.19386320339444407,32.798944949999985
2015-10-16,0,0,1,0,0,0,0,0,34.558743,0.33189058,0.0648,0.0019,1.458,174.0,0.25598486538999765,-0.35814519957310115,0.054099999999999995,0.0029,-70.0,-0.0629,0.8353744520102022,66.40398236350012,0.49718211949099356,0.2927251254970093,0.20445699399398426,32.88443234999998
2015-10-19,0,0,1,0,1,0,0,0,34.78886,0.66587925,0.1095,-0.0001,1.167,84.0,-0.09789105422062935,0.35281122309202706,0.044700000000000004,-0.002,-90.0,-0.1096,0.7109564226651282,67.99698894648,0.5582198923513744,0.3458240788678823,0.21239581348349207,32.96636584999999
2015-10-20,0,0,1,0,0,0,0,0,33.797302,-2.8502047,0.1125,0.0002,2.542,242.0,1.5960539715626694,0.43267558144009094,0.0030000000000000027,0.00030000000000000003,158.0,-0.1123,0.07986435834806388,55.73382065412304,0.5205813851354222,0.38077554012139025,0.13980584501403193,33.032966249999994
2015-10-21,0,1,1,0,0,0,0,0,33.389755,-1.2058794,0.2246,-0.0057,2.375,370.0,1.3603802575195012,2.1948631739655,0.11209999999999999,-0.0059,128.0,-0.2303,1.7621875925254091,51.61359169983548,0.45264910301311545,0.3951502526997353,0.057498850313380145,33.078965399999994
2015-10-22,0,0,1,0,0,0,0,0,33.853966,1.3903022,0.0656,0.0022,2.542,248.0,1.550712110158043,-0.2967732659372938,-0.15899999999999997,0.0079,-122.0,-0.06340000000000001,-2.491636439902794,55.63659013498101,0.43129848764078815,0.40237989968794585,0.0289185879528423,33.14414944999999
2015-10-23,1,1,1,0,1,0,0,1,35.752087,5.6067824,0.6541,0.1986,3.042,277.0,2.0449532712038496,5.8469726596753375,0.5885,0.1964,29.0,-0.4555,6.143745925612631,67.52590211619824,0.5610727748830939,0.43411847472697546,0.12695430015611847,33.34091944999999
2015-10-26,0,0,1,0,0,0,0,0,36.338066,1.6390204,0.0369,0.0022,1.083,148.0,-0.24740083080905562,-0.5663701877184286,-0.6172,-0.1964,-129.0,-0.0347,-6.413342847393766,70.18261262072944,0.7030985580514724,0.4879144913918748,0.21518406665959755,33.60650159999999
2015-10-27,0,1,1,0,1,0,0,0,36.42256,0.23252964,0.1343,0.0022,0.667,185.0,-0.7295196733808637,0.4728702037870576,0.0974,0.0,37.0,-0.1321,1.0392403915054862,70.55665668046454,0.8131000627212615,0.5529516056577521,0.2601484570635093,33.880383999999985
2015-10-28,0,1,1,0,0,0,0,0,36.626347,0.55948496,0.0715,-0.0003,1.083,187.0,-0.2347801499975361,-0.21246926849608216,-0.06280000000000001,-0.0025,2.0,-0.07179999999999999,-0.6853394722831397,71.48573151761512,0.9062739930155885,0.6236160831293194,0.28265790988626915,34.12529054999999
2015-10-29,0,0,1,0,0,0,0,0,37.020473,1.0760903,0.0775,-0.0003,1.667,288.0,0.43560251636517405,-0.1418437472936184,0.006000000000000005,0.0,101.0,-0.0778,0.07062552120246376,73.2441628435895,1.0003858530123892,0.6989700371059333,0.30141581590645594,34.38088239999999
2015-10-30,0,0,1,0,0,0,0,0,36.649704,-1.0015368,0.0336,-0.0003,1.25,251.0,-0.06606734978212762,-0.6159005239425693,-0.0439,0.0,-37.0,-0.0339,-0.47405677664895096,68.93721208227727,1.033142793431395,0.7658045883710256,0.2673382050603694,34.58068459999999
2015-11-02,0,0,1,0,1,0,0,0,37.164116,1.403594,0.0904,0.0033,1.417,53.0,0.14431788402831458,0.016604338006545354,0.056799999999999996,0.0036,-198.0,-0.0871,0.6325048619491147,71.4459588562886,1.0880690710425043,0.8302574849053214,0.2578115861371829,34.76970089999999
2015-11-03,0,1,0,0,0,0,0,0,37.217796,0.1444459,-0.0276,-0.0038,1.542,166.0,0.37302139161275627,-1.2346437902965528,-0.118,-0.0071,113.0,0.023799999999999998,-1.251248128303098,71.70278907814065,1.1229849971362,0.8888029873514971,0.23418200978470294,34.961500799999996
2015-11-04,0,0,0,0,0,0,0,0,37.540356,0.8666754,0.0094,-0.0008,0.708,106.0,-0.6865044969624475,-0.8131266378259895,0.037,0.003,-60.0,-0.0102,0.4215171524705633,73.25923846842072,1.163274511914608,0.9436972922641192,0.2195772196504887,35.17350409999999
2015-11-05,0,0,1,0,1,1,0,0,37.806767,0.7096529,0.1009,0.0004,0.417,43.0,-1.0420492535703245,0.16822453291444417,0.0915,0.0012000000000000001,-63.0,-0.1005,0.9813511707404337,74.50647161647544,1.2028358410211695,0.9955250020155293,0.20731083900564018,35.40628324999999
2015-11-06,0,0,0,0,0,0,0,0,37.85298,0.12224913,0.019,0.0015,0.0,40.0,-1.5401986517230812,-0.7028199101045514,-0.0819,0.0011,-3.0,-0.017499999999999998,-0.8710444430189955,74.72667950440001,1.2238101605089753,1.0411820337142186,0.1826281267947567,35.63083624999999
2015-11-09,0,0,0,0,0,0,0,0,37.513523,-0.8967817,0.0197,-0.0097,0.5,26.0,-0.8596016909316844,-0.6792064280366683,0.0006999999999999992,-0.0112,-14.0,-0.0294,0.02361348206788305,69.9472211736673,1.1992172864836448,1.0727890842681038,0.12642820221554096,35.825518899999985
2015-11-10,0,0,0,0,0,0,0,0,37.68698,0.462389,0.0184,-0.0001,1.125,46.0,-0.014873054809697998,-0.6840708569066528,-0.001299999999999999,0.009600000000000001,20.0,-0.0185,-0.004864428869984505,70.96899963016196,1.1801200970166974,1.0942552868178226,0.08586481019887482,36.01212464999998
2015-11-11,0,0,1,0,0,0,0,0,38.034397,0.92184544,-0.0991,0.0002,0.583,42.0,-0.7155475831482803,-1.8439648699754936,-0.1175,0.00030000000000000003,-4.0,0.0993,-1.1598940130688407,72.95254624712638,1.1794234261008043,1.111288914674419,0.06813451142638538,36.22296009999998
2015-11-12,0,0,1,0,1,0,0,0,37.600998,-1.1394918,0.1024,0.0006,0.5,27.0,-0.8078223155043773,0.22673989891939866,0.2015,0.00039999999999999996,-15.0,-0.1018,2.0707047688948923,66.81912598606328,1.1308637389034502,1.1152038795202253,0.015659859383224894,36.38078879999998
2015-11-13,0,1,1,0,0,0,0,0,36.782906,-2.1757185,0.0347,0.0004,1.5,34.0,0.5299854061221331,-0.4648684036605607,-0.06770000000000001,-0.00019999999999999993,7.0,-0.034300000000000004,-0.6916083025799593,57.06609990613336,1.0146701635903739,1.095097136334255,-0.08042697274388111,36.49199694999998
2015-11-16,0,0,1,0,1,0,0,0,37.297314,1.3985038,0.1173,0.001,0.667,16.0,-0.6092729295340502,0.37270636337248164,0.0826,0.0006000000000000001,-18.0,-0.1163,0.8375747670330423,60.927947029163235,0.9531075144010401,1.066699211947612,-0.11359169754657183,36.61741964999998
2015-11-17,0,1,0,0,0,0,0,0,37.07664,-0.59167147,0.0224,0.0001,0.917,39.0,-0.2860360103600445,-0.5966213717819483,-0.0949,-0.0009,23.0,-0.0223,-0.9693277351544299,58.49710226125568,0.8764094215672174,1.028641253871533,-0.1522318323043157,36.78138654999998
2015-11-18,0,0,1,0,0,0,0,0,37.773952,1.880753,0.0772,-0.0035,1.292,20.0,0.2229634088685877,-0.029687002053261566,0.0548,-0.0036,-19.0,-0.08070000000000001,0.5669343697286867,63.45833567675544,0.8619567799274179,0.99530435908271,-0.13334757915529205,37.00059639999998
2015-11-19,0,1,0,0,0,0,0,0,37.77048,-0.009196997,0.0163,-0.0035,1.167,87.0,0.04822331329768802,-0.6402914363966795,-0.06090000000000001,0.0,67.0,-0.019799999999999998,-0.6106044343434179,63.41768583203883,0.8405336472474971,0.9643502167156675,-0.12381656946817032,37.19642209999998
2015-11-20,0,0,0,0,0,0,0,0,38.618393,2.2449017,0.0167,-0.0017,0.625,74.0,-0.7031882582937544,-0.6249510930719452,0.00040000000000000105,0.0018000000000000002,-13.0,-0.0184,0.015340343324734329,68.69216426068752,0.881810194039609,0.9478422121804557,-0.0660320181408467,37.339737399999976
2015-11-23,0,0,0,0,0,0,0,0,38.603485,-0.03860593,-0.0581,-0.0401,1.0,5.0,-0.1810329584382676,-1.344180007354716,-0.0748,-0.0384,-69.0,0.018000000000000002,-0.7192289142827709,68.50514587046962,0.9029110076910953,0.9388559712825837,-0.035944963591488355,37.453008349999976
2015-11-24,0,1,0,0,0,0,0,0,38.25209,-0.91026425,0.017,-0.0004,1.0,62.0,-0.16156050553617082,-0.5783462217071863,0.0751,0.0397,57.0,-0.017400000000000002,0.7658337856475298,64.07682600919831,0.8811218900939224,0.9273091550448515,-0.04618726495092906,37.544484849999975
2015-11-25,0,0,1,0,0,0,0,0,38.2337,-0.048077106,0.0387,0.0009,0.583,55.0,-0.7275710351254208,-0.36219585066741966,0.021699999999999997,0.0013,-7.0,-0.0378,0.21615037103976664,63.844226789215796,0.8525423604654421,0.9123557961289696,-0.05981343566352748,37.624852499999974
2015-11-26,0,0,0,0,0,0,0,0,38.2337,0.0,-0.0134,-0.0004,0.167,33.0,-1.272566955680683,-0.8674544439206359,-0.0521,-0.0013,-22.0,0.013000000000000001,-0.5052585932532162,63.844226789215796,0.8204354086429504,0.8939717186317657,-0.07353630998881533,37.68551384999997
2015-11-27,0,0,1,0,1,0,0,0,38.368393,0.3522873,0.0886,-0.0044,0.0,12.0,-1.481560792791834,0.11429623285465008,0.102,-0.004,-21.0,-0.093,0.9817506767752859,64.92573182154244,0.7966754388829571,0.874512462682004,-0.07783702379904689,37.77144829999997
2015-11-30,0,0,1,0,0,0,0,0,37.91511,-1.1813939,0.3716,-0.0065,0.708,11.0,-0.5406150133628231,2.7854854881168194,0.283,-0.0020999999999999994,-1.0,-0.3781,2.671189255262169,58.57567934894997,0.7328218279441288,0.8461743357344289,-0.11335250779030015,37.80899799999997
2015-12-01,0,1,1,0,0,0,1,0,38.95587,2.7449727,0.0551,-0.0492,1.333,55.0,0.3037427319318099,-0.26371650690953785,-0.3165,-0.0427,44.0,-0.1043,-3.0492019950263574,66.642760232806,0.757466413927169,0.8284327513729769,-0.07096633744580794,37.89590169999997
2015-12-02,0,0,1,0,1,0,1,0,38.660637,-0.75786114,0.1432,-0.0575,1.542,48.0,0.566850476030852,0.5750561121889253,0.08809999999999998,-0.008300000000000002,-7.0,-0.2007,0.8387726190984631,62.90066167907808,0.7445914039261012,0.8116644818836017,-0.0670730779575005,37.95191574999997
2015-12-03,0,1,1,0,0,0,0,0,38.181015,-1.2405932,0.2831,0.0081,1.417,61.0,0.37098459118435,1.8298215154159958,0.13990000000000002,0.0656,13.0,-0.275,1.2547654032270705,57.27414348860261,0.687758328809295,0.7868832512687404,-0.09912492245944537,37.97062814999997
2015-12-04,0,0,1,0,0,0,0,0,38.728237,1.4332414,0.1973,0.0014,0.583,26.0,-0.8081516743311621,0.9994548516449193,-0.08580000000000002,-0.006699999999999999,-35.0,-0.1959,-0.8303666637710765,61.50508494096748,0.6790463260390496,0.7653158662228022,-0.08626954018375266,38.01439099999997
2015-12-07,0,0,0,0,0,0,0,0,38.41909,-0.7982552,-0.0217,-0.0002,1.333,11.0,0.2504698534801582,-1.0042248186089993,-0.219,-0.0016,-15.0,0.021500000000000002,-2.0036796702539186,58.010170481745206,0.6398209640277273,0.7402168857837872,-0.10039592175605994,38.059669349999965
2015-12-08,0,1,1,0,0,0,0,0,38.52595,0.2781391,0.0401,0.0009,1.333,61.0,0.23990095157908312,-0.4221266319529236,0.061799999999999994,0.0011,50.0,-0.0392,0.5820981866560757,58.87995941836284,0.6103218802407611,0.714237884675182,-0.10391600443442095,38.10161784999997
2015-12-09,0,0,1,0,0,0,0,0,37.900196,-1.6242266,0.081,0.0002,1.5,61.0,0.45438826280261263,-0.04423834633144645,0.040900000000000006,-0.0007,0.0,-0.0808,0.37788828562147714,52.077124780160524,0.5303371293507908,0.6774577336103038,-0.147120604259513,38.09490779999997
2015-12-10,0,0,1,0,0,0,0,0,37.775448,-0.3291607,0.0597,0.0014,1.0,59.0,-0.27458060597567274,-0.2363988523398727,-0.0213,0.0012,-2.0,-0.058300000000000005,-0.19216050600842627,50.81662472664292,0.4516758786039432,0.6323013626090317,-0.1806254840050885,38.10363029999997
2015-12-11,0,0,1,0,0,0,0,0,37.297314,-1.2657225,0.0368,-0.0045,0.083,49.0,-1.5828650282766832,-0.4376221595739975,-0.022900000000000004,-0.0059,-10.0,-0.041299999999999996,-0.20122330723412482,46.20083115752512,0.3467576464962505,0.5751926193864755,-0.22843497289022496,38.12935069999997
2015-12-14,0,0,0,0,0,0,0,0,37.8997,1.6150951,0.003,-0.0004,0.583,12.0,-0.8576873343020751,-0.7305708228169441,-0.0338,0.0040999999999999995,-37.0,-0.0034000000000000002,-0.29294866324294655,52.10357076554241,0.30865868234924676,0.5218858319790297,-0.21322714962978295,38.15946999999997
2015-12-15,0,1,0,0,0,0,0,0,37.777935,-0.32128692,0.0324,0.0062,1.167,33.0,-0.042490943953441565,-0.49304099021513237,0.0294,0.0066,21.0,-0.026199999999999998,0.2375298326018117,50.888149025987815,0.26557814140957703,0.47062429386513915,-0.20504615245556213,38.19453474999997
2015-12-16,0,0,0,0,0,0,0,0,38.598015,2.1708012,0.0254,0.0004,3.375,70.0,2.8735830100157935,-0.5444479361927232,-0.006999999999999999,-0.0058,37.0,-0.024999999999999998,-0.05140694597759088,57.99502412653016,0.294218536497759,0.4353431423916631,-0.14112460589390413,38.23573789999997
2015-12-17,0,0,0,0,0,0,0,0,38.262028,-0.87047815,0.0254,-0.001,1.25,81.0,-0.013261913450734159,-0.5309741640206321,0.0,-0.0014,11.0,-0.0264,0.013473772172091114,54.51441937908682,0.286502292917298,0.4055749724967901,-0.11907267957949208,38.26031529999997
2015-12-18,0,0,1,0,1,0,0,0,37.616898,-1.6860902,0.1523,-0.0004,0.292,29.0,-1.274663739599862,0.6381727855575552,0.12689999999999999,0.0006000000000000001,-52.0,-0.1527,1.1691469495781872,48.4960382909415,0.22572845771417605,0.3696056695402673,-0.14387721182609126,38.210240549999966
2015-12-21,0,0,1,0,0,0,0,0,37.813225,0.5219102,0.1419,0.0009,0.417,10.0,-1.0770523470080227,0.5296471686950458,-0.010399999999999993,0.0013,-19.0,-0.141,-0.10852561686250939,50.29445611897435,0.191202638592479,0.33392506335070965,-0.14272242475823066,38.17072754999997
2015-12-22,0,1,1,0,0,0,0,0,38.12784,0.8320093,0.058,0.0006,1.958,53.0,1.0250583930944261,-0.23574642343212993,-0.0839,-0.00030000000000000003,43.0,-0.0574,-0.7653935921271757,53.1195066101433,0.18707104083510728,0.3045542588475892,-0.1174832180124819,38.16451504999997
2015-12-23,0,0,1,0,0,0,0,0,38.196426,0.17988682,0.0555,0.0001,1.375,117.0,0.24980299786962734,-0.2489919402806006,-0.0025000000000000022,-0.0004999999999999999,64.0,-0.0554,-0.013245516848470668,53.736808641322696,0.1871734181951794,0.2810780907171072,-0.0939046725219278,38.16265134999997
2015-12-24,0,0,0,0,0,0,0,0,38.06372,-0.34742355,0.036,0.0173,0.25,50.0,-1.278823607867892,-0.4153617124942898,-0.019500000000000003,0.0172,-67.0,-0.018699999999999998,-0.16636977221368923,52.301776141103275,0.17453436435255298,0.2597693454441964,-0.0852349810916434,38.15415234999997
2015-12-25,0,0,0,0,0,0,0,0,38.06372,0.0,0.0222,0.0268,0.0,20.0,-1.5618875674528492,-0.5241724845323614,-0.013799999999999996,0.009500000000000001,-30.0,0.0046,-0.1088107720380716,52.301776141103275,0.16264297613565049,0.24034407158248722,-0.07770109544683673,38.13891869999997
2015-12-28,0,0,1,0,1,0,0,0,38.87883,2.141428,0.0857,0.003,0.5,11.0,-0.8475374782840609,0.08252729551402123,0.0635,-0.0238,-9.0,-0.0827,0.6066997800463827,59.92529131881841,0.2164959001692992,0.23557443729984962,-0.01907853713055041,38.18710469999997
2015-12-29,0,1,1,0,0,0,0,0,39.461338,1.49827,0.2359,0.0055,1.083,32.0,-0.023760385646796525,1.4387395044021238,0.1502,0.0024999999999999996,21.0,-0.2304,1.3562122088881026,64.31476076861827,0.3026890469173793,0.24899735922335556,0.05369168769402374,38.21237809999997
2015-12-30,0,1,1,0,0,0,0,0,39.27943,-0.46098828,0.2932,0.0893,0.208,36.0,-1.203451140348684,1.8718424075364164,0.05730000000000002,0.0838,4.0,-0.20390000000000003,0.43310290313429256,62.029810768326534,0.3522586627807769,0.2696496199348398,0.08260904284593706,38.243317749999974
2015-12-31,0,0,1,0,0,0,1,0,38.66859,-1.5551031,0.1283,-0.0752,0.083,22.0,-1.3302368382750414,0.39177696207968954,-0.16490000000000002,-0.1645,-14.0,-0.20350000000000001,-1.4800654454567268,54.967708132277416,0.3383529354625736,0.2833902830403866,0.05496265242218701,38.26769649999997
2016-01-01,0,0,0,0,0,0,0,0,38.66859,0.0,0.0,0.0013,0.0,4.0,-1.402701251124427,-0.735391677686161,-0.1283,0.0765,-18.0,0.0013,-1.1271686397658505,54.967708132277416,0.32360226094873923,0.29143267862205713,0.0321695823266821,38.26471414999997
2016-01-04,0,0,1,0,1,0,0,0,37.745625,-2.386862,0.0992,0.0019,1.375,3.0,0.45736495163411645,0.13793976619049314,0.0992,0.0006000000000000001,-1.0,-0.0973,0.8733314438766542,45.82520503488343,0.2347308520168241,0.28009231330101053,-0.045361461284186444,38.23104089999997
2016-01-05,0,1,0,0,0,0,0,0,37.849506,0.27520657,0.0,0.0012,0.875,23.0,-0.22546524337391038,-0.7167088528376946,-0.0992,-0.0007000000000000001,20.0,0.0012,-0.8546486190281877,46.895792106564926,0.17071406322952498,0.25821666328671344,-0.08750260005718846,38.19721869999997
2016-01-06,0,0,0,0,0,0,0,0,37.74016,-0.2888918,-0.0092,-0.0015,0.583,8.0,-0.6010325221227673,-0.790846861585341,-0.0092,-0.0027,-15.0,0.0077,-0.07413800874764642,45.868276093822196,0.109890242234016,0.22855137907617395,-0.11866113684215795,38.18921689999998
2016-01-07,0,0,0,0,0,0,0,0,36.82912,-2.4139822,-0.0113,-0.0007,1.042,19.0,0.015703517025817976,-0.8042824702746205,-0.0020999999999999994,0.0008,11.0,0.0106,-0.01343560868927951,38.33230990056105,-0.011691614582801435,0.1805027803443789,-0.19219439492718032,38.14190049999998
2016-01-08,0,1,0,0,0,0,0,0,36.32763,-1.36168,-0.0061,-0.0291,1.0,26.0,-0.03159230761432364,-0.7445546672805757,0.005199999999999999,-0.0284,7.0,-0.023,0.05972780299404479,34.93028014688188,-0.14681971762067292,0.11503828075136853,-0.26185799837204143,38.09341629999997
2016-01-11,0,0,0,0,0,0,0,0,36.43499,0.29553175,0.0,-0.0267,0.417,5.0,-0.8131016539056384,-0.6727970300454436,0.0061,0.0023999999999999994,-21.0,-0.0267,0.07175763723513218,36.23500918241498,-0.2424518243583691,0.04354025972942101,-0.2859920840877901,38.02018079999997
2016-01-12,0,1,1,0,0,0,0,0,37.044834,1.6737938,0.0,-0.0479,1.5,27.0,0.7193163388246878,-0.6545164330911808,0.0,-0.021199999999999997,22.0,-0.0479,0.018280596954262762,43.20185898677257,-0.26596575614023266,-0.018360943444509725,-0.24760481269572293,37.98352574999997
2016-01-13,0,1,0,0,0,0,0,0,35.76401,-3.4574866,0.0,-0.0024,2.583,53.0,2.2277794493875183,-0.6290364656986768,0.0,0.0455,26.0,-0.0024,0.02547996739250402,34.64127489032115,-0.3835313977796915,-0.09139503431154608,-0.2921363634681454,37.84182549999997
2016-01-14,0,0,0,0,0,0,0,0,36.35149,1.6426444,-0.0034,0.0022,1.5,26.0,0.7592008425768989,-0.6465571306498373,-0.0034,0.0046,-27.0,0.0056,-0.01752066495116056,40.46818598833163,-0.42440600136867346,-0.15799722772297156,-0.2664087736457019,37.746298599999974
2016-01-15,0,0,0,0,0,0,0,0,35.312717,-2.8575659,-0.0057,0.0082,0.958,22.0,0.02152375745511695,-0.7676989550973585,-0.0023000000000000004,0.006,-4.0,0.013900000000000001,-0.1211418244475212,34.59515432693541,-0.5344588104327599,-0.23328954426492923,-0.3011692661678307,37.63108954999997
2016-01-18,0,0,1,0,0,0,0,0,35.312717,0.0,0.0,0.0397,0.167,6.0,-1.1947214244858286,-0.6905129122378877,0.0057,0.0315,-16.0,0.0397,0.07718604285947084,34.595154326935415,-0.6145918225435665,-0.3095499999206567,-0.3050418226229098,37.50606414999997
2016-01-19,0,1,0,0,0,0,0,0,35.739662,1.2090325,0.0,-0.0036,0.833,9.0,-0.15527520465278,-0.6661671818993695,0.0,-0.0433,3.0,-0.0036,0.024345730338518168,38.826992786248645,-0.6363119109774615,-0.37490238213201765,-0.2614095288454439,37.386655249999976
2016-01-20,0,0,0,0,0,0,0,0,35.713818,-0.072318316,0.0018,-0.0008,0.833,19.0,-0.148779370379925,-0.6291461127859839,0.0018,0.0028,10.0,-0.0026,0.03702106911338565,38.6639140054355,-0.6481392861210864,-0.4295497629298314,-0.21858952319125502,37.26252484999998
2016-01-21,0,0,0,0,0,0,0,0,36.116894,1.1286259,0.0,0.0073,1.5,19.0,0.9069173843519721,-0.6333215503663783,-0.0018,0.0081,0.0,0.0073,-0.004175437580394403,42.705819057552894,-0.617865334611146,-0.4672128772660943,-0.15065245734505173,37.16518354999998
2016-01-22,0,1,1,0,0,0,1,0,37.0508,2.5857806,-0.022,0.0496,2.958,21.0,2.9256851904023793,-0.875731513417745,-0.022,0.0423,2.0,0.0716,-0.24240996305136675,50.796210085029394,-0.5126056024069356,-0.4762914222942626,-0.03631418011267307,37.11453754999998
2016-01-25,0,0,1,0,0,0,0,0,36.462322,-1.5882969,0.0,0.0315,1.75,12.0,1.1458725165789312,-0.6001138874000406,0.022,-0.018099999999999998,-9.0,0.0315,0.27561762601770445,46.35438390121686,-0.47123960592322334,-0.47528105902005474,0.004041453096831404,36.99371214999998
2016-01-26,0,1,0,0,0,0,0,0,36.47077,0.023174286,0.0,-0.0053,1.583,23.0,0.902166904999078,-0.6080234323998986,0.0,-0.0368,11.0,-0.0053,-0.007909544999858076,46.42680850456621,-0.4327861829696218,-0.46678208380996816,0.03399590084034637,36.84418374999998
2016-01-27,0,0,0,0,0,0,0,0,35.665108,-2.2090733,0.0,0.0038,2.458,22.0,2.0502609266136527,-0.6055634673429817,0.0,0.0091,-1.0,0.0038,0.002459965056916924,40.77337592127237,-0.46199615435389063,-0.46582489791875265,0.003828743564862014,36.66346764999998
2016-01-28,0,0,0,0,0,0,0,0,37.19195,4.281068,-0.0014,-0.0069,3.083,46.0,2.6908339823267853,-0.6018323076829208,-0.0014,-0.0107,24.0,-0.0055,0.0037311596600608787,52.562707491093796,-0.35781718430619947,-0.444223355196242,0.08640617089004254,36.58963564999998
2016-01-29,0,0,0,0,0,0,0,0,37.840557,1.7439485,0.024,0.0064,1.542,12.0,0.6421034994836438,-0.3056115712992671,0.0254,0.0133,-34.0,-0.0176,0.29622073638365376,56.521969840688854,-0.22037706607161311,-0.3994540973713162,0.1790770312997031,36.54823399999998
2016-02-01,0,0,0,0,0,0,0,0,38.30875,1.2372732,0.0035,0.003,2.917,11.0,2.3133179072622063,-0.5416929508490108,-0.0205,-0.0034000000000000002,-1.0,-0.0005,-0.23608137954974373,59.171024028561646,-0.07283591285566615,-0.3341304604681862,0.26129454761252,36.57639024999998
2016-02-02,1,1,1,0,1,0,0,1,38.81273,1.315558,0.0723,0.3747,2.917,67.0,2.180135427761475,0.2523440038708845,0.0688,0.3717,56.0,0.3024,0.7940369547198953,61.864560195559825,0.08379257941159324,-0.25054585249223027,0.3343384319038235,36.62455144999998
2016-02-03,0,0,1,0,0,0,0,0,37.245632,-4.037589,0.0317,0.0969,2.25,36.0,1.317857020227673,-0.25483299978075674,-0.040600000000000004,-0.2778,-31.0,0.06520000000000001,-0.5071770036516412,50.670723501906004,0.08054164224877525,-0.18432835354402916,0.2648699957928044,36.59982504999998
2016-02-04,0,1,0,0,0,0,0,0,36.283894,-2.5821328,-0.0006,0.0087,2.042,37.0,1.0321388668937093,-0.6221037966569515,-0.0323,-0.0882,1.0,0.0093,-0.36727079687619474,45.25842460572234,0.00035691777934232505,-0.14739129927935485,0.14774821705869717,36.57256374999998
2016-02-05,0,0,1,1,0,0,0,0,34.97822,-3.5984933,-0.0283,0.0102,1.208,13.0,0.036376101699745436,-0.9353889102821901,-0.0277,0.0015000000000000013,-24.0,0.0385,-0.3132851136252386,39.14525485554794,-0.16662626997054986,-0.15123829341759384,-0.015387976552956012,36.50509324999997
2016-02-08,0,0,0,0,0,0,0,0,34.998104,0.05685091,0.0,0.0149,1.333,7.0,0.17386363273957722,-0.5761633307075211,0.0283,0.004699999999999999,-6.0,0.0149,0.35922557957466894,39.279764724722284,-0.2939684909145299,-0.17978433291698107,-0.11418415799754886,36.43324894999998
2016-02-09,0,1,1,0,0,0,0,0,34.842045,-0.4459262,0.0042,0.1071,1.458,27.0,0.3137791267196035,-0.5215209916881182,0.0042,0.0922,20.0,0.1029,0.05464233901940296,38.559388145111775,-0.4028371199627827,-0.2243948903261414,-0.1784422296366413,36.32310949999997
2016-02-10,0,1,0,0,0,0,0,0,35.1318,0.83163977,0.007,0.0096,1.25,45.0,0.06373369717536498,-0.47370874210585623,0.0028000000000000004,-0.0975,18.0,0.002599999999999999,0.047812249582261934,40.73275118587475,-0.46042795901810507,-0.27160150406453415,-0.18882645495357092,36.29149899999997
2016-02-11,0,0,0,0,0,0,0,0,35.10745,-0.06931424,0.0067,0.0004,1.208,21.0,0.012244231676201827,-0.474992446578328,-0.0002999999999999999,-0.0092,-24.0,-0.0063,-0.0012837044724717805,40.60276862060905,-0.5022443946424389,-0.3177300821801151,-0.18451431246232375,36.229296999999974
2016-02-12,0,1,0,0,0,0,0,0,35.133793,0.07503033,-0.027,-0.0014,0.792,23.0,-0.4939453949057351,-0.863298800518959,-0.0337,-0.0018,2.0,0.0256,-0.388306353940631,40.82278087032496,-0.5271815405630136,-0.3596203738566948,-0.16756116670631876,36.22035079999997
2016-02-15,0,0,0,0,0,0,0,0,35.133793,0.0,0.0,-0.0006,0.0,6.0,-1.4072250059166913,-0.5605921110454086,0.027,0.0008,-17.0,-0.0006,0.3027066894735504,40.82278087032497,-0.5407114236567665,-0.39583858381670917,-0.14487283984005733,36.211404599999966
2016-02-16,0,0,0,0,0,0,0,0,35.668087,1.520741,0.0142,0.0016,0.5,8.0,-0.7989357757125418,-0.3898379384701172,0.0142,0.0022,2.0,-0.0126,0.1707541725752914,45.5656197818328,-0.5025280622782944,-0.4171764795090262,-0.08535158276926819,36.20782584999997
2016-02-17,0,0,0,0,0,0,0,0,36.380318,1.9968152,-0.0005,0.0003,0.75,36.0,-0.5076290620220129,-0.5566300730538505,-0.014700000000000001,-0.0013000000000000002,28.0,0.0007999999999999999,-0.16679213458373326,51.18237766365953,-0.4100693596338658,-0.4157550555339941,0.005685695900128296,36.241150849999975
2016-02-18,0,0,0,0,0,0,0,0,35.661625,-1.9754887,0.0004,0.0001,1.417,38.0,0.26111158639386617,-0.5495939944222412,0.0009,-0.00019999999999999998,2.0,-0.00030000000000000003,0.007036078631609266,46.02196102356886,-0.390288685372461,-0.4106617815016875,0.020373096129226498,36.21838739999997
2016-02-19,0,0,0,0,0,0,0,0,35.890255,0.64110756,-0.0022,-0.0013,0.5,18.0,-0.8585207878102395,-0.562304918617697,-0.0026000000000000003,-0.0014,-20.0,0.0009000000000000002,-0.01271092419545583,47.82418208453157,-0.35210498120329703,-0.3989504214420094,0.046845440238712344,36.160360149999974
2016-02-22,0,0,1,0,0,0,0,0,36.235184,0.9610772,-0.0556,0.0001,0.458,12.0,-0.9009328939941614,-1.2815598735549736,-0.053399999999999996,0.0014,-6.0,0.0557,-0.7192549549372765,50.50890340156512,-0.2906606775812648,-0.37729247266986043,0.08663179508859564,36.14900324999998
2016-02-23,0,1,1,0,0,0,0,0,35.65069,-1.6130626,-0.0128,-0.0532,0.542,26.0,-0.7795252092868984,-0.6757243928767009,0.0428,-0.0533,14.0,-0.0404,0.6058354806782726,46.17324211234887,-0.28583448326107685,-0.3590008747881037,0.07316639152702686,36.10799924999998
2016-02-24,0,0,0,0,0,0,0,0,35.830116,0.5032897,0.0,-0.0127,1.333,21.0,0.17609594785354207,-0.4757295158244953,0.0128,0.040499999999999994,-5.0,-0.0127,0.19999487705220564,47.65857218527163,-0.26448271867106854,-0.34009724356469667,0.07561452489362813,36.11624964999997
2016-02-25,0,0,0,0,0,0,0,0,36.238667,1.1402369,0.0,-0.0005,1.042,49.0,-0.16683490862126582,-0.4596195910749789,0.0,0.012199999999999999,28.0,-0.0005,0.01610992474951639,50.97583974188164,-0.21214911714132967,-0.31450761828002327,0.1023585011386936,36.06858549999997
2016-02-26,0,0,0,0,0,0,0,0,36.026936,-0.58426857,-0.0018,-0.0006,0.083,19.0,-1.298595216654218,-0.4633747044721024,-0.0018,-9.999999999999994e-05,-30.0,0.0012000000000000001,-0.0037551133971234774,49.234330333152506,-0.18561957614633684,-0.288730009853286,0.10311043370694917,35.97790444999997
2016-02-29,0,0,0,0,0,0,0,0,35.647213,-1.0539949,0.0,0.0043,1.167,9.0,-0.00286238694066469,-0.44117997031620654,0.0018,0.0049,-10.0,0.0043,0.022194734155895846,46.18681045958189,-0.19301029387224133,-0.2695860666570771,0.07657577278483574,35.84482759999997
2016-03-01,0,1,0,0,0,0,0,0,36.887276,3.4787178,0.0007,-0.0176,1.083,32.0,-0.09810056631223654,-0.41814596892459505,0.0007,-0.021900000000000003,23.0,-0.0183,0.02303400139161149,55.80718002821757,-0.09767879016606429,-0.23520461135887452,0.13752582119281023,35.748554899999974
2016-03-02,0,0,1,0,0,0,0,0,36.753574,-0.36245584,0.0,0.0395,0.5,24.0,-0.7707984081275492,-0.40972821544748494,-0.0007,0.0571,-8.0,0.0395,0.008417753477110101,54.672301917503006,-0.0325414036137488,-0.19467196980984938,0.16213056619610058,35.72395199999997
2016-03-03,0,0,0,0,0,0,0,0,36.36143,-1.0669589,0.0079,0.0003,1.125,19.0,-0.030492061788580684,-0.2637558594298221,0.0079,-0.0392,-5.0,-0.007600000000000001,0.14597235601766284,51.372540509604335,-0.012419138894827597,-0.15822140362684503,0.14580226473201743,35.72782879999997
2016-03-04,0,0,0,0,0,0,0,0,36.29333,-0.1872778,0.0,0.0003,0.208,30.0,-1.1264734541499615,-0.38561667067480004,-0.0079,0.0,11.0,0.0003,-0.12186081124497794,50.7991404107031,-0.001944781762972525,-0.12696607925407052,0.125021297491098,35.79358429999997
2016-03-07,0,0,0,0,0,0,0,0,35.42753,-2.3855805,0.0,0.0002,0.833,2.0,-0.3872530594458353,-0.3846609403578189,0.0,-9.999999999999996e-05,-28.0,0.0002,0.0009557303169811515,44.0650876934978,-0.0627828805142201,-0.11412943950610044,0.05134655899188034,35.81505559999997
2016-03-08,0,0,0,0,0,0,0,0,35.463814,0.10242462,0.0,-0.0013,0.875,18.0,-0.33090722980086734,-0.3752406980664039,0.0,-0.0015,16.0,-0.0013,0.00942024229141497,44.39774328451397,-0.10683813303426604,-0.11267117821173356,0.005833045177467522,35.84614404999997
2016-03-09,0,0,0,0,0,0,0,0,36.05427,1.6649723,-0.001,0.0002,1.958,24.0,1.0471901525114757,-0.3841300520932216,-0.001,0.0015,6.0,0.0012000000000000001,-0.008889354026817675,49.64586688204806,-0.0930349248031419,-0.10874392753001523,0.015709002726873325,35.89226754999997
2016-03-10,0,1,1,0,1,0,0,0,36.390255,0.93188286,0.0469,0.0001,1.417,26.0,0.3604368121838735,0.40981313490418503,0.0479,-0.0001,2.0,-0.046799999999999994,0.7939431869974066,52.39910507699299,-0.0543579961342715,-0.09786674125086649,0.043508745116594985,35.95640779999997
2016-03-11,0,0,0,0,0,0,0,0,37.02147,1.7345667,0.0014,0.0004,0.042,20.0,-1.359602927008788,-0.3205362586927665,-0.0455,0.00030000000000000003,-6.0,-0.001,-0.7303493935969515,57.14041877855127,0.02691723853374839,-0.07290994529394351,0.0998271838276919,36.05079164999997
2016-03-14,0,0,1,0,0,0,0,0,37.288372,0.7209301,-0.1213,-0.0067,0.875,5.0,-0.32731583219109694,-2.35523720891176,-0.1227,-0.0071,-15.0,0.11460000000000001,-2.0347009502189937,59.00004701707737,0.1115789951706958,-0.036012157201015645,0.14759115237171144,36.158520599999974
2016-03-15,0,1,1,0,0,0,0,0,37.30477,0.043976307,0.0,-0.087,1.5,21.0,0.47364049743819997,-0.2503445551530789,0.1213,-0.0803,16.0,-0.087,2.1048926537586814,59.117412481467746,0.17794597834584636,0.006779469908356754,0.1711665084374896,36.24035474999997
2016-03-16,0,1,0,0,0,0,0,0,37.642246,0.90464354,-0.0009,0.0012,0.625,25.0,-0.6201380251484291,-0.2506072570529633,-0.0009,0.0882,4.0,0.0021,-0.00026270189988436554,61.55644292927738,0.25483619048198847,0.056390814023083095,0.19844537645890536,36.30345114999997
2016-03-17,0,0,0,0,0,0,0,0,37.69791,0.14787912,-0.0013,0.0024,1.333,21.0,0.2564071059243971,-0.24695310935860162,-0.00039999999999999996,0.0012,-4.0,0.0036999999999999997,0.003654147694361648,61.959568625270144,0.31661412659455124,0.10843547653737673,0.2081786500571745,36.405265399999976
2016-03-18,0,0,0,0,0,0,0,0,37.54533,-0.40474534,0.0,0.0003,0.875,22.0,-0.3542949421816898,-0.2178969784953111,0.0013,-0.0021,1.0,0.0003,0.029056130863290536,60.09922291971612,0.3492358813654235,0.1565955575029861,0.1926403238624374,36.48801914999997
2016-03-21,0,0,0,0,0,0,0,0,37.880814,0.89353323,0.0,-0.0008,0.667,3.0,-0.6303945644420467,-0.19576489245709422,0.0,-0.0011,-19.0,-0.0008,0.02213208603821687,62.74770585729097,0.3975765965692091,0.2047917653162307,0.19278483125297838,36.57030064999997
2016-03-22,0,0,0,0,0,0,0,0,37.775944,-0.2768457,0.0,0.0014,0.542,20.0,-0.7777525297774266,-0.1480667662043499,0.0,0.0022,17.0,0.0014,0.04769812625274433,61.37625469199938,0.42255389085628536,0.24834419042424163,0.17420970043204373,36.67656334999997
2016-03-23,0,0,0,0,0,0,0,0,37.65219,-0.32759905,-0.0008,-0.0001,1.583,35.0,0.5498721117465235,-0.10036715913038045,-0.0008,-0.0015,15.0,0.0007,0.04769960707396943,59.717520029313064,0.4274354531512117,0.28416244296963566,0.143273010181576,36.76766704999997
2016-03-24,0,0,0,0,0,0,0,0,37.517002,-0.35905242,-0.0062,-0.0003,1.083,21.0,-0.1301866014178726,-0.24100982103591748,-0.005399999999999999,-0.00019999999999999998,-14.0,0.0059,-0.14064266190553704,57.87738776741362,0.41560475177941925,0.31045090473159237,0.10515384704782688,36.831583799999976
2016-03-25,0,0,1,0,0,0,0,0,37.517002,0.0,0.0,-0.0883,0.0,15.0,-1.5760121628831536,-0.0016088773099860996,0.0062,-0.08800000000000001,-6.0,-0.0883,0.23940094372593138,57.87738776741362,0.40159944726557484,0.3286806132383889,0.07291883402718596,36.90608709999998
2016-03-28,0,0,0,0,1,0,0,0,37.43946,-0.20666122,0.0,0.0106,0.333,7.0,-1.0973421591969452,0.07198420690476251,0.0,0.0989,-8.0,0.0106,0.07359308421474861,56.71483632105592,0.37986431185141356,0.3389173529609938,0.04094695889041977,36.99569944999998
2016-03-29,0,0,0,0,0,0,0,0,38.066208,1.6740203,0.0,0.0027,0.833,26.0,-0.4353196341743066,0.07198420690476251,0.0,-0.0079,19.0,0.0027,0.0,63.15658502532446,0.4085034130300542,0.35283456497480586,0.055668848055248354,37.05464604999998
2016-03-30,0,0,0,0,0,0,0,0,38.18798,0.31989813,0.001,0.0015,0.75,23.0,-0.5500232143746051,0.10915261719564347,0.001,-0.0012000000000000001,-3.0,0.0005,0.03716841029088096,64.26920427212201,0.43600015141183235,0.36946768226221116,0.06653246914962119,37.126366349999984
2016-03-31,0,0,0,0,0,0,0,0,37.917595,-0.7080257,-0.0139,0.0002,0.583,39.0,-0.7575010274800339,-0.5544584063687563,-0.0149,-0.0013,16.0,0.0141,-0.6636110235643998,59.940788400873046,0.43100534357519393,0.3817752145248077,0.04923012905038621,37.20417459999998
2016-04-01,0,0,0,0,1,0,0,0,38.25408,0.8874059,-0.0013,0.0038,1.792,51.0,0.8145861553932363,0.004691054954425167,0.0126,0.0036,12.0,0.0051,0.5591494613231814,63.25718374130107,0.44902239904705965,0.3952246514292581,0.05379774761780154,37.302212099999984
2016-04-04,0,0,0,0,0,0,0,0,38.02793,-0.5911648,0.0,0.0003,0.375,11.0,-1.0415863771998892,0.06277078296159387,0.0013,-0.0035,-40.0,0.0003,0.05807972800716871,59.68103315549725,0.43998080548174556,0.4041758822397556,0.03580492324198997,37.43223209999998
2016-04-05,0,0,0,0,0,0,0,0,37.702385,-0.8560717,-0.0183,0.0007,0.458,18.0,-0.9051124678853899,-0.737727090455921,-0.0183,0.0004,7.0,0.019,-0.8004978734175149,54.87201950295907,0.4019135078965945,0.4037234073711234,-0.0018098994745288643,37.54416064999999
2016-04-06,0,0,0,0,1,0,0,0,38.174553,1.2523532,0.0,0.0006,0.542,16.0,-0.770922672593396,0.07604058617719257,0.0183,-0.00010000000000000005,-2.0,0.0006,0.8137676766331136,59.916903103312656,0.40517431454188113,0.40401358880527494,0.001160725736606194,37.65017479999999
2016-04-07,0,0,0,0,0,0,0,0,37.779427,-1.0350585,0.001,-0.0083,0.958,30.0,-0.2031286256824696,0.11723958218615442,0.001,-0.0089,14.0,-0.0093,0.04119899600896185,54.4329829063226,0.3715916836851534,0.3975292077812506,-0.02593752409609723,37.719633399999985
2016-04-08,0,0,0,0,0,0,0,0,37.747116,-0.085514784,0.0024,0.0057,0.542,21.0,-0.7476349859126545,0.1734917092587047,0.0013999999999999998,0.014,-9.0,0.0033000000000000004,0.05625212707255027,53.99775478842243,0.33846832693203766,0.385717031611408,-0.04724870467937037,37.75591569999999
2016-04-11,0,0,0,0,0,0,0,0,37.651188,-0.2541244,0.0235,-0.0029,0.667,6.0,-0.5983329569940465,1.083228440604136,0.0211,-0.0086,-15.0,-0.0264,0.9097367313454312,52.651747912647615,0.301007414069268,0.36877510810298003,-0.06776769403371202,37.774056499999986
2016-04-12,0,1,0,0,0,0,0,0,37.988167,0.8949995,0.0,0.0023,0.75,25.0,-0.4842411189988271,0.04885752007600938,-0.0235,0.0052,19.0,0.0023,-1.0343709205281266,56.73194446939475,0.29510892776288244,0.3540418720349605,-0.05893294427207807,37.80822634999999
2016-04-13,0,0,0,0,0,0,0,0,38.36541,0.9930372,0.0012,0.0014,1.167,26.0,0.06975148429898531,0.10212188013692829,0.0012,-0.0009,1.0,0.0002000000000000001,0.053264360060918906,60.804069880063096,0.31721800056828187,0.3466770977416248,-0.02945909717334294,37.84438454999999
2016-04-14,0,0,0,0,0,0,0,0,38.538372,0.4508257,0.0,0.0002,1.542,24.0,0.5739526885605513,0.04930021799713779,-0.0012,-0.0012,-2.0,0.0002,-0.0528216621397905,62.54460327237399,0.3447224422184547,0.3462861666369908,-0.0015637244185360832,37.88640764999999
2016-04-15,0,0,0,0,0,0,0,0,38.767498,0.5945325,-0.0097,-0.0001,0.958,26.0,-0.17751663083438954,-0.38903648706036853,-0.0097,-0.00030000000000000003,2.0,0.009600000000000001,-0.4383367050575063,64.77605616589071,0.3806209028592633,0.3531531138814453,0.027467788977817986,37.94751604999999
2016-04-18,0,0,0,0,0,0,0,0,39.149204,0.9846091,-0.0066,-0.0033,2.458,11.0,1.8961063733603722,-0.24675818452637618,0.0031000000000000003,-0.0032,-15.0,0.0033,0.14227830253399235,68.17738402496691,0.4348583987703307,0.3694941708592224,0.0653642279111083,38.010935549999985
2016-04-19,0,0,0,0,0,0,0,0,38.581112,-1.451093,-0.0013,-0.0091,2.458,24.0,1.8282761370236364,-0.011213114722431137,0.0053,-0.0058000000000000005,13.0,-0.0078000000000000005,0.23554506980394505,59.03982950591923,0.4270786317631021,0.3810110630399984,0.04606756872310375,38.051193949999984
2016-04-20,0,0,0,0,0,0,0,0,38.515007,-0.17133951,-0.0043,-0.0139,3.333,53.0,2.8590212119318483,-0.140806407872123,-0.003,-0.004799999999999999,29.0,-0.0096,-0.12959329314969187,58.06461198435089,0.4108430464239561,0.38697745971678993,0.023865586707166153,38.094334799999984
2016-04-21,0,0,0,0,0,0,0,0,38.767498,0.6555557,-0.0054,-0.0026,3.208,24.0,2.6754603875213676,-0.1864814786671819,-0.0011000000000000003,0.0113,-29.0,0.0028000000000000004,-0.04567507079505889,60.73260545944411,0.41358261863489076,0.3922984915004101,0.02128412713448069,38.15685959999998
2016-04-22,0,1,1,0,1,0,1,1,36.668583,-5.4141045,0.0336,-0.1055,2.542,40.0,1.7543269092210148,1.5175059441023047,0.039,-0.10289999999999999,16.0,-0.1391,1.7039874227694867,38.694089013667444,0.24358100006926975,0.362554993214182,-0.11897399314491225,38.11443864999998
2016-04-25,0,0,0,0,0,0,0,0,36.889263,0.6018162,0.0307,0.0049,0.833,9.0,-0.35946650445218026,1.3493208046375513,-0.0028999999999999963,0.1104,-31.0,-0.025800000000000003,-0.16818513946475333,41.11360351391933,0.12521709948288162,0.31508741446792193,-0.1898703149850403,38.08692879999999
2016-04-26,0,1,0,0,0,0,0,0,36.052284,-2.2688985,0.0015,0.0191,1.542,19.0,0.6277392762862044,0.15401018614778858,-0.0292,0.014199999999999999,10.0,0.017599999999999998,-1.1953106184897628,35.4061673092954,-0.03571268131252481,0.24492739531183258,-0.2806400766243574,37.98623259999999
2016-04-27,0,1,0,0,0,0,0,0,35.857944,-0.5390346,-0.0331,-0.0044,1.917,39.0,1.1625536969712287,-1.4392683424369996,-0.0346,-0.0235,20.0,0.028699999999999996,-1.5932785285847881,34.21835725027293,-0.17689319126547787,0.1605632779963705,-0.33745646926184836,37.869730799999985
2016-04-28,0,0,0,0,1,0,0,0,35.042835,-2.2731662,-0.0022,-0.0026,1.75,32.0,0.944997079199487,0.03130672171315999,0.030899999999999997,0.0018000000000000004,-7.0,-0.00039999999999999975,1.4705750641501596,29.715489933987698,-0.3505117652597818,0.058348269345140036,-0.4088600346049218,37.725992799999986
2016-04-29,0,0,0,0,0,0,0,0,35.183002,0.3999591,0.0,0.0003,1.292,33.0,0.3023897087384741,0.11494313588754547,0.0022,0.0029,1.0,0.0003,0.08363641417438547,31.387534288312175,-0.4713618643691717,-0.047593757397722314,-0.4237681069714494,37.57243889999998
2016-05-02,0,0,0,0,0,0,0,0,35.50755,0.92247725,0.0,-0.0107,0.667,7.0,-0.554859414232198,0.11494313588754547,0.0,-0.011,-26.0,-0.0107,0.0,35.22974869737324,-0.5347834763281583,-0.1450317011838095,-0.3897517751443488,37.44641989999998
2016-05-03,0,0,0,0,0,0,0,0,35.21083,-0.8356571,-0.0024,0.0007,1.375,34.0,0.4356045003943417,0.004659559837073713,-0.0024,0.011399999999999999,27.0,0.0031,-0.11028357605047176,33.38883912596432,-0.6020483463663595,-0.23643503022031953,-0.36561331614604,37.32184214999998
2016-05-04,0,0,0,0,0,0,0,0,35.356457,0.4135847,0.0,0.0001,1.792,31.0,0.9974560646018558,0.12617957932780524,0.0024,-0.0006,-3.0,0.0001,0.12152001949073153,35.17910566728432,-0.6362708246428213,-0.3164021891048199,-0.3198686355380014,37.18093734999998
2016-05-05,0,0,0,0,0,0,0,0,35.522457,0.4695177,0.0,0.0002,0.792,35.0,-0.37835652759144583,0.13178134027777397,0.0,0.0001,4.0,0.0002,0.005601760949968726,37.249433921972354,-0.6425901928122144,-0.38163978984629876,-0.26095040296591565,37.06808884999998
2016-05-06,0,0,0,0,0,0,0,0,36.04284,1.4649272,-0.001,0.001,0.583,24.0,-0.6612050357185076,0.06321837364014825,-0.001,0.0008,-11.0,0.002,-0.06856296663762572,43.35702486755957,-0.5987062653915132,-0.42505308495534166,-0.1736531804361715,36.982875049999976
2016-05-09,0,0,0,0,0,0,0,0,36.239162,0.544703,0.0,-0.0027,0.417,6.0,-0.9106200369278185,0.11216163065187591,0.001,-0.0037,-18.0,-0.0027,0.048943257011727664,45.51172055193781,-0.5418403933053071,-0.44841054662533475,-0.09342984667997234,36.912273749999976
2016-05-10,0,0,0,0,0,0,0,0,36.748608,1.4057875,0.0,-0.0004,0.958,10.0,-0.16627221725935973,0.12442896813479191,0.0,0.0023,4.0,-0.0004,0.012267337482916002,50.74750753520134,-0.450472973371042,-0.4488230319744762,-0.0016499413965657683,36.85029579999998
2016-05-11,0,1,0,0,0,0,0,0,36.309734,-1.1942506,-0.0208,-0.0005,1.375,24.0,0.4049453683248954,-0.876776686814385,-0.0208,-9.999999999999999e-05,14.0,0.0203,-1.001205654949177,46.59382220896633,-0.4087651090536468,-0.4408114473903103,0.03204633833666348,36.74751199999998
2016-05-12,0,0,0,0,1,0,0,1,36.186478,-0.3394723,-0.0008,0.0008,1.833,30.0,1.0310855318956547,0.1020322757741412,0.02,0.0013,6.0,0.0016,0.9788089625885262,45.468233173079376,-0.3812621030037846,-0.42890157851300514,0.04763947550922054,36.629917299999974
2016-05-13,0,0,0,0,0,0,0,0,36.02544,-0.44500828,-0.0086,0.0196,1.25,28.0,0.20164223602337197,-0.27397587411126495,-0.0078,0.0188,-2.0,0.0282,-0.37600814988540615,43.973553726620565,-0.3682156327025723,-0.4167643893509186,0.04854875664834629,36.49281439999997
2016-05-16,0,0,1,0,0,0,0,0,36.297314,0.7546544,-0.0305,-0.0994,1.542,5.0,0.5883078751801198,-1.4240799143112182,-0.0219,-0.119,-23.0,-0.0689,-1.1501040401999532,47.13325858786381,-0.33210989519931644,-0.39983349052059813,0.0677235953212817,36.35021989999997
2016-05-17,0,1,0,0,1,0,0,0,35.794827,-1.3843536,0.0,-0.0034,1.5,27.0,0.5084909028065002,0.12070501399223067,0.0305,0.096,22.0,-0.0034,1.544784928303449,42.37640888778561,-0.3401216291189897,-0.38789111824027644,0.04776948912128676,36.21090564999997
2016-05-18,0,0,0,0,0,0,0,0,35.87385,0.2207756,0.0,-0.0014,2.167,29.0,1.4078935996773532,0.12070501399223067,0.0,0.002,2.0,-0.0014,0.0,43.34478752899276,-0.33621876960740593,-0.37755664851370235,0.04133787890629642,36.07884779999997
2016-05-19,0,0,0,0,0,0,0,0,35.55228,-0.8964002,0.0001,0.0001,2.792,67.0,2.145998164927976,0.12572949822907678,0.0001,0.0015,38.0,0.0,0.005024484236846108,40.37156660664794,-0.3549817284560888,-0.3730416645021796,0.018059936046090852,35.91808689999997
2016-05-20,0,0,0,0,0,0,0,0,35.87038,0.89473724,-0.0007,-0.0008,1.667,34.0,0.6195968824279823,0.0839003500824963,-0.0008,-0.0009000000000000001,-33.0,-0.00010000000000000005,-0.04182914814658048,44.432135084287914,-0.3402611779420184,-0.36648556719014735,0.026224389248128976,35.878176749999966
2016-05-23,0,0,0,0,0,0,0,0,35.6487,-0.61799884,0.0,0.0001,0.667,7.0,-0.7208831315136207,0.11967511864559117,0.0007,0.0009000000000000001,-27.0,0.0001,0.035774768563094875,42.271749887174344,-0.34253423747724554,-0.361695301247567,0.01916106377032145,35.81614859999996
2016-05-24,0,0,0,0,0,0,0,0,36.433,2.200079,0.0039,-0.0002,1.708,27.0,0.6669065582785841,0.31605942595187125,0.0039,-0.00030000000000000003,20.0,-0.0040999999999999995,0.1963843073062801,51.29473614825814,-0.2778463583384294,-0.34492551266573945,0.06707915432731004,35.83518439999996
2016-05-25,0,0,0,0,0,0,0,0,36.684982,0.6916404,-0.0092,-0.0009,1.125,30.0,-0.13171229963399775,-0.34485792055250375,-0.0131,-0.0007,3.0,0.0083,-0.660917346504375,53.793564129823615,-0.20389750307766974,-0.3167199107481255,0.11282240767045576,35.87653629999996
2016-05-26,0,0,0,0,1,0,0,0,36.62684,-0.15851259,0.0,-0.0002,0.708,21.0,-0.6844881941382078,0.13160627412510137,0.0092,0.0007,-9.0,-0.0002,0.47646419467760515,53.11639956984382,-0.1482748557585225,-0.2830308997502049,0.1347560439916824,35.95573654999997
2016-05-27,0,1,1,0,0,0,0,0,37.157154,1.4479041,-0.0334,0.0061,0.292,22.0,-1.250830857719703,-1.5172797126256707,-0.0334,0.0063,1.0,0.0395,-1.6488859867507721,58.27559376428477,-0.06070186591293947,-0.2385650929827518,0.17786322706981234,36.054444149999966
2016-05-30,0,0,0,0,1,0,0,0,37.157154,0.0,0.0,0.0013,0.042,4.0,-1.5422174757648925,0.15689083252455732,0.0334,-0.0048000000000000004,-18.0,0.0013,1.674170545150228,58.27559376428477,0.00860121007335124,-0.1891318323715312,0.19773304244488243,36.136924349999966
2016-05-31,0,0,0,0,0,0,0,0,37.219284,0.16720295,0.0,-0.0029,0.083,7.0,-1.4458914620290175,0.15689083252455732,0.0,-0.0042,3.0,-0.0029,0.0,58.890265466032645,0.06775671165721064,-0.13775412356578282,0.20551083522299346,36.23734704999997
2016-06-01,0,0,0,0,0,0,0,0,37.1999,-0.05208254,0.0026,-0.0102,0.333,19.0,-1.082493400224802,0.2840382207642113,0.0026,-0.007300000000000001,12.0,-0.0128,0.127147388239654,58.60021139323733,0.11178515635502606,-0.08784626758162103,0.1996314239366471,36.329519199999964
2016-06-02,0,0,0,0,0,0,0,0,36.99165,-0.5598128,0.0068,0.0003,0.292,32.0,-1.100873314391731,0.5574664518883539,0.0042,0.0105,13.0,-0.0065,0.27342823112414255,55.44090284658778,0.12839393603160687,-0.04459822685897545,0.17299216289058233,36.40297884999997
2016-06-03,0,0,0,0,0,0,0,0,36.573654,-1.1299729,0.0,0.0006,0.25,16.0,-1.1664686205595232,0.199046927339221,-0.0068,0.0003,-16.0,0.0006,-0.35841952454913284,49.65432570144752,0.10659892368668267,-0.014358796749843823,0.12095772043652649,36.429519549999966
2016-06-06,0,0,0,0,0,0,0,0,36.28539,-0.788188,0.0,-0.0019,0.667,6.0,-0.6188775825813481,0.15945485529195688,0.0,-0.0025,-10.0,-0.0019,-0.039592072047264115,46.08219319936483,0.06531283796132215,0.0015755301923893704,0.06373730776893277,36.43183094999997
2016-06-07,0,1,1,0,0,0,0,0,36.336575,0.1410842,0.0015,-0.0927,0.208,20.0,-1.1738902809839464,0.29446919561583734,0.0015,-0.0908,14.0,-0.0942,0.13501434032388046,46.81384766351821,0.03630501765842098,0.008521427685595693,0.027783589972825287,36.411229299999974
2016-06-08,0,0,0,0,0,0,0,0,36.925045,1.619494,0.0,-0.0033,0.667,10.0,-0.5862039049990666,0.15568183348553785,-0.0015,0.08940000000000001,-10.0,-0.0033,-0.1387873621302995,54.46437564012497,0.060107836308191054,0.018838709410114767,0.04126912689807628,36.44199484999997
2016-06-09,0,0,0,0,0,0,0,0,36.904675,-0.05517602,0.0,-0.0017,1.292,15.0,0.217065297595144,0.15366814817820007,0.0,0.0016,5.0,-0.0017,-0.0020136853073377814,54.17388363131922,0.0764468214462326,0.030360331817338333,0.04608648962889427,36.47790469999997
2016-06-10,0,0,0,0,0,0,0,0,36.44095,-1.2565374,-0.0076,-0.0052,0.417,23.0,-0.8912787930401488,-0.5294145752979403,-0.0076,-0.0034999999999999996,8.0,0.0024000000000000002,-0.6830827234761404,47.90925613296222,0.05138452408775862,0.03456517027142239,0.01681935381633623,36.498680199999974
2016-06-13,0,0,1,0,1,0,0,0,36.37584,-0.17866492,0.3796,-0.0018,0.167,1.0,-1.188389837197699,7.435468979981874,0.3872,0.0034,-22.0,-0.3814,7.964883555279814,47.08593670194667,0.02596928229308304,0.03284599267575452,-0.006876710382671479,36.50260649999997
2016-06-14,0,1,0,0,0,0,0,0,36.44393,0.18719435,-0.016,-0.0004,0.208,14.0,-1.1221374358369518,-0.4010015190944511,-0.3956,0.0014,13.0,0.015600000000000001,-7.8364704990763245,48.09058804403063,0.011192790490497373,0.02851535223870309,-0.017322561748205716,36.535061649999975
2016-06-15,0,0,0,0,0,0,0,0,36.39125,-0.1445651,0.0,-0.0005,0.292,23.0,-0.984416979849776,-0.08450508796145206,0.016,-9.999999999999999e-05,9.0,-0.0005,0.316496431132999,47.341668894608254,-0.004714179331934076,0.021869445924575653,-0.02658362525650973,36.56093164999997
2016-06-16,0,0,0,0,0,0,0,0,35.99662,-1.0844171,0.0018,-0.024,0.667,15.0,-0.506101492585921,-0.05152607665741508,0.0018,-0.0235,-8.0,-0.0258,0.032979011304036986,42.05781750327605,-0.048603637975354275,0.007774829144589667,-0.056378467119943945,36.58314864999998
2016-06-17,0,0,1,0,0,0,0,0,35.002583,-2.7614772,0.0,-0.031,0.25,21.0,-1.0376647318691639,-0.08717512392840053,-0.0018,-0.006999999999999999,6.0,-0.031,-0.03564904727098545,32.28352873133641,-0.16173247722048245,-0.026126632128424757,-0.1356058450920577,36.53975879999997
2016-06-20,0,0,0,0,0,0,0,0,35.096016,0.26694536,0.0,-0.0008,0.292,7.0,-0.9832955573291061,-0.08717512392840053,0.0,0.0302,-14.0,-0.0008,0.0,33.839913335078585,-0.24106973329890735,-0.06911525236252128,-0.17195448093638607,36.51212459999998
2016-06-21,0,0,0,0,1,0,0,0,35.2327,0.38944483,0.0055,-0.0004,0.75,21.0,-0.40721010391398615,0.0199382973488469,0.0055,0.0004,14.0,-0.0059,0.10711342127724743,36.15183490782737,-0.2895777517843001,-0.11320775224687704,-0.17636999953742308,36.45210959999998
2016-06-22,0,0,0,0,0,0,0,0,35.311726,0.22429228,-0.01,0.0001,0.458,20.0,-0.7641251437108793,-0.28324317176982866,-0.0155,0.0005,-1.0,0.0101,-0.30318146911867555,37.51144542338206,-0.31797850983656417,-0.15416190376481448,-0.1638166060717497,36.38344679999998
2016-06-23,0,0,0,0,0,0,0,0,35.53041,0.6193161,-0.0038,0.0048,0.417,16.0,-0.8098299400792578,-0.16400188077324862,0.006200000000000001,0.004699999999999999,-4.0,0.0086,0.11924129099658004,41.24031541906957,-0.3191612517882021,-0.187161773369492,-0.1319994784187101,36.32862529999998
2016-06-24,0,0,0,0,0,0,0,0,34.05576,-4.1503906,-0.001,0.0077,0.333,22.0,-0.8843843773347911,-0.10863141755557273,0.0028,0.0029000000000000007,6.0,0.0087,0.055370463217675886,28.77208685073996,-0.43408663363877054,-0.2365467454233477,-0.19753988821542284,36.17355559999997
2016-06-27,0,0,0,0,0,0,0,0,33.853966,-0.59253573,0.0,-0.0021,1.5,9.0,0.5475196062555341,-0.08882021678555947,0.001,-0.0098,-13.0,-0.0021,0.019811200770013263,27.544853304767148,-0.5352785580671267,-0.2962931079521035,-0.23898545011502315,36.00839619999998
2016-06-28,0,1,1,1,0,0,0,0,34.35695,1.4857292,-0.0347,0.0007,1.125,31.0,0.06532236245874848,-0.7682727022158404,-0.0347,0.0028,22.0,0.0354,-0.6794524854302809,34.9883599770118,-0.5683358600201913,-0.3507016583657211,-0.21763420165447023,35.86527949999997
2016-06-29,0,0,0,0,0,0,0,0,34.552284,0.56853294,-0.0134,0.0008,1.667,16.0,0.7219375146564682,-0.3429696207827272,0.0213,0.00010000000000000005,-15.0,0.0142,0.42530308143311324,37.66652915983536,-0.5721764941997236,-0.3949966255325216,-0.17717986866720203,35.73289869999998
2016-06-30,0,1,0,0,1,0,0,1,34.966793,1.1996746,0.0175,0.0044,2.208,32.0,1.3531867690227306,0.26099400087208763,0.030900000000000004,0.0036000000000000003,16.0,-0.0131,0.6039636216548148,43.029864402690755,-0.5355987632098973,-0.42311705306799674,-0.11248171014190056,35.63165584999997
2016-07-01,0,0,0,0,0,0,0,0,35.300785,0.95517635,0.0,-0.0131,0.792,34.0,-0.40230864905661173,-0.08322623864288387,-0.0175,-0.0175,2.0,-0.0131,-0.3442202395149715,46.987863789060484,-0.47419407068841224,-0.43333245659207986,-0.04086161409633238,35.56801239999997
2016-07-04,0,0,0,0,0,0,0,0,35.300785,0.0,0.0,-0.0002,0.042,3.0,-1.3026345899222154,-0.07559533697388504,0.0,0.0129,-31.0,-0.0002,0.007630901668998824,46.98786378906048,-0.42068106007256745,-0.4308021772881774,0.010121117215609932,35.51878214999998
2016-07-05,0,0,1,0,0,0,0,0,35.034386,-0.75466037,-0.0969,0.0001,0.708,3.0,-0.48645404166217737,-1.8948902484379744,-0.0969,0.00030000000000000003,0.0,0.097,-1.8192949114640893,44.15040812367148,-0.3952120282786993,-0.42368414748628175,0.02847211920758247,35.45367269999998
2016-07-06,0,1,0,0,1,0,0,0,35.237167,0.57879686,0.0067,-0.0103,1.167,9.0,0.07509788470645122,0.08398734203417024,0.1036,-0.0104,6.0,-0.017,1.9788775904721447,46.78467317785406,-0.35457755575325933,-0.40986282913967725,0.05528527338641792,35.369278799999975
2016-07-07,0,0,0,0,0,0,0,0,35.15218,-0.24117827,-0.0074,-0.0032,0.917,19.0,-0.21846188908512443,-0.18315465533256556,-0.014100000000000001,0.0071,10.0,0.004200000000000001,-0.26714199736673583,45.809449006323774,-0.3254802504327259,-0.392986313398287,0.06750606296556111,35.28165404999998
2016-07-08,0,0,0,0,0,0,0,0,35.67505,1.4874339,0.0,-0.0004,0.25,16.0,-1.0128689197430196,-0.04483630667139801,0.0074,0.0028,-3.0,-0.0004,0.13831834866116755,52.38551093334471,-0.25726361235614803,-0.3658417731898592,0.10857816083371119,35.24335904999998
2016-07-11,0,0,0,0,0,0,0,0,36.143238,1.3123751,0.0,-0.0007,0.792,3.0,-0.32809717874547684,-0.04695044768023718,0.0,-0.0003,-13.0,-0.0007,-0.0021141410088391654,57.373579650140236,-0.16353741885049544,-0.32538090232198646,0.16184348347149102,35.231728949999976
2016-07-12,0,0,0,0,1,0,0,1,36.40715,0.73019266,0.0086,0.0006,2.042,10.0,1.2526774717286366,0.11435621590224243,0.0086,0.0013,7.0,-0.008,0.1613066635824796,59.92228590743414,-0.0671887325557492,-0.273742468368739,0.2065537358129898,35.22988994999998
2016-07-13,0,0,0,0,0,0,0,0,36.256557,-0.41365027,-0.0037,0.0006,1.667,28.0,0.8743327946825054,-0.12105228796314817,-0.0123,0.0,18.0,0.0043,-0.23540850386539058,57.79860808285413,-0.0029493033213370268,-0.2195838353592586,0.21663453203792157,35.22315529999998
2016-07-14,0,1,1,0,0,0,0,0,36.57068,0.8663893,-0.04,-0.0063,2.667,33.0,2.31580973919774,-0.7999258233880494,-0.0363,-0.0069,5.0,0.0337,-0.6788735354249013,60.91060291072745,0.07247258913663757,-0.16117255046007936,0.23364513959671693,35.25185829999998
2016-07-15,0,0,0,0,0,0,0,0,36.562225,-0.023114681,0.0,-0.0043,0.542,9.0,-0.6343220594169093,-0.028494100687982964,0.04,0.002,-24.0,-0.0043,0.7714317227000664,60.780682847029766,0.13006344403520131,-0.10292535156102323,0.23298879559622454,35.32984039999998
2016-07-18,0,0,0,0,0,0,0,0,37.435486,2.3884177,0.0,0.0001,0.333,2.0,-0.9194593441726489,-0.01878133498400307,0.0,0.0044,-7.0,0.0001,0.009712765703979893,68.30111012432151,0.24336412586131217,-0.03366745607655615,0.2770315819378683,35.44681389999998
2016-07-19,0,0,0,0,1,0,0,0,37.44592,0.027871132,0.0118,-0.0021,0.792,15.0,-0.24044843613481443,0.20362036011652995,0.0118,-0.0021999999999999997,13.0,-0.0139,0.22240169510053304,68.37913044795695,0.3301914278520073,0.03910432070915654,0.29108710714285074,35.55747489999998
2016-07-20,0,0,0,0,0,0,0,0,37.62833,0.48712492,-0.0038,-0.0011,0.625,26.0,-0.4583686489369681,-0.1044505895855682,-0.0156,0.0009999999999999998,11.0,0.0027,-0.30807094970209814,69.77951594706681,0.40900687610282205,0.11308483178788964,0.2959220443149324,35.67330509999998
2016-07-21,0,0,0,0,0,0,0,0,37.495625,-0.35266876,0.0,-0.0014,0.458,17.0,-0.6783944783860509,-0.03221615073497802,0.0038,-0.0002999999999999999,-9.0,-0.0014,0.07223443885059018,67.43953828730956,0.45550967030384726,0.18156979949108115,0.2739398708127661,35.77156584999999
2016-07-22,0,0,0,0,0,0,0,0,37.737675,0.64554214,0.0,-0.0005,0.0,9.0,-1.3105248792616386,-0.03221615073497802,0.0,0.0009,-8.0,-0.0005,0.0,69.45174524523347,0.5060613219393701,0.24646810398073896,0.2595932179586312,35.955661599999985
2016-07-25,0,0,0,0,0,0,0,0,37.650204,-0.23179054,0.0,-0.0002,1.0,7.0,0.14875103747025284,-0.03221615073497802,0.0,0.00030000000000000003,-2.0,-0.0002,0.0,67.82061917122418,0.532922492628856,0.30375898171036236,0.22916351091849368,36.14547349999999
2016-07-26,0,0,0,0,1,0,0,0,37.656666,0.017166138,0.007,-0.0006,1.417,19.0,0.7594755516702337,0.09914068210051319,0.007,-0.00039999999999999996,12.0,-0.0076,0.1313568328354912,67.88063404205033,0.5484098657601777,0.35268915852032545,0.19572070723985224,36.310459299999984
2016-07-27,0,0,0,0,0,0,0,0,37.87137,0.57017803,-0.0057,0.0004,1.458,12.0,0.8352511172547235,-0.14278508184658972,-0.0127,0.001,-7.0,0.0061,-0.2419257639471029,69.8899599786466,0.5714215470937205,0.39643563623500444,0.17498591085871606,36.47641359999999
2016-07-28,0,0,0,0,0,0,0,0,38.06372,0.5079031,-0.0058,0.0011,2.5,25.0,2.2335471546378716,-0.14282531067814075,-9.99999999999994e-05,0.0007000000000000001,13.0,0.0069,-4.0228831551025745e-05,71.60383763053669,0.5982828752371603,0.4368050840354356,0.16147779120172467,36.63125994999998
2016-07-29,1,1,1,0,1,0,0,1,39.33112,3.3296704,0.1683,0.276,2.208,34.0,1.738261692035235,2.9059971762098424,0.1741,0.27490000000000003,9.0,0.10770000000000002,3.048822486887983,79.77338354406088,0.7136131707884417,0.4921667013860368,0.22144646940240487,36.832776699999975
2016-08-01,0,0,0,0,0,0,0,0,39.808258,1.2131333,0.0,0.0018,1.667,11.0,0.9591390378018995,-0.07919722520692737,-0.1683,-0.2742,-23.0,0.0018,-2.98519440141677,81.8862045787847,0.8339016112256132,0.5605136833539521,0.2733879278716611,37.05815034999998
2016-08-02,0,0,0,0,0,0,0,0,39.7675,-0.1023829,-0.006,0.0025,1.208,25.0,0.32129352909676673,-0.18380393356889965,-0.006,0.0007000000000000001,14.0,0.0085,-0.10460670836197228,81.10682252251695,0.9153901886481748,0.6314889844127967,0.2839012042353781,37.29480604999998
2016-08-03,0,0,0,0,1,0,0,0,39.70786,-0.14998317,0.018,0.0006,0.75,21.0,-0.2948206462538042,0.23061439719815402,0.024,-0.0019000000000000002,-4.0,-0.0174,0.4144183307670537,79.90831412287291,0.9640451118294067,0.6980002098961187,0.266044901933288,37.518340699999975
2016-08-04,0,0,0,0,0,0,0,0,39.624855,-0.20903349,0.0033,0.0008,0.167,15.0,-1.0627138918333296,-0.03160742465082757,-0.014699999999999998,0.0002000000000000001,-6.0,-0.0025,-0.2622218218489816,78.1768512981258,0.9845573153266187,0.7553116309822187,0.22924568434440007,37.74197444999997
2016-08-05,0,0,0,0,0,0,0,0,40.10597,1.2141824,0.0,0.0003,0.375,14.0,-0.7527201093700101,-0.09279094371476419,-0.0033,-0.0005,-1.0,0.0003,-0.061183519063936626,80.77686030336744,1.0277876478064698,0.8098068343470689,0.2179808134594009,37.96352044999997
2016-08-08,0,0,0,0,0,0,0,0,40.02148,-0.21067262,-0.0131,-0.0003,0.667,6.0,-0.332320725676542,-0.33149954554293887,-0.0131,-0.0006,-8.0,0.0128,-0.23870860182817466,78.996906939841,1.043204943649016,0.8564864562074583,0.18671848744155772,38.15743254999997
2016-08-09,0,1,1,0,0,0,0,0,40.133312,0.27942657,-0.0079,-0.0888,1.167,10.0,0.36932084729836046,-0.23644933223425033,0.0052,-0.08850000000000001,4.0,-0.0809,0.09505021330868854,79.63652256373555,1.0523167173871997,0.8956525084434066,0.15666420894379307,38.34374064999997
2016-08-10,0,1,0,0,0,0,0,0,40.18351,0.12507439,0.0,-0.0018,0.917,15.0,0.051966677234622574,-0.09580811818100064,0.0079,0.08700000000000001,5.0,-0.0018,0.1406412140532497,79.93194675643173,1.0514677570124178,0.9268155581572088,0.12465219885520895,38.540088299999965
2016-08-11,0,0,0,0,0,0,0,0,40.16909,-0.035870075,-0.0109,0.0042,1.792,23.0,1.3972022903086379,-0.2864127017047074,-0.0109,0.006,8.0,0.015099999999999999,-0.19060458352370674,79.5748110613458,1.037669765185882,0.9489863995629435,0.08868336562293844,38.72000879999997
2016-08-12,0,0,1,0,0,0,0,0,40.111935,-0.14228225,-0.0751,-0.0166,1.083,21.0,0.34845817341454566,-1.3833033431370605,-0.06420000000000001,-0.0208,-2.0,0.058499999999999996,-1.0968906414323532,78.0855958970304,1.0104747030404653,0.9612840602584478,0.04919064278201746,38.89749429999996
2016-08-15,0,0,0,0,0,0,0,0,40.057766,-0.13507009,0.0,0.0121,0.917,3.0,0.08929734038586756,-0.06925994392222026,0.0751,0.0287,-18.0,0.0121,1.3140433992148401,76.62201518915863,0.9733314753990072,0.9636935432865597,0.009637932112447567,39.028608299999966
2016-08-16,0,0,0,0,0,0,0,0,39.820686,-0.59182644,0.0,-0.0001,2.583,20.0,2.4986577739975067,-0.06811989898457174,0.0,-0.012199999999999999,17.0,-0.0001,0.001140044937648521,70.40242000264789,0.9142261947636925,0.9538000735819863,-0.03957387881829377,39.14734659999997
2016-08-17,0,0,0,0,0,0,0,0,40.030922,0.5279541,-0.0175,-0.0026,1.208,11.0,0.48705362928971124,-0.37161440686231184,-0.0175,-0.0025,-9.0,0.014900000000000002,-0.3034945078777401,72.53172004932473,0.874271069539283,0.9378942727734456,-0.0636232032341626,39.26747619999997
2016-08-18,0,1,0,0,0,0,0,0,39.89822,-0.33150315,-0.0031,-0.0235,0.208,14.0,-0.9536262144084765,-0.11893683107194686,0.014400000000000001,-0.020900000000000002,3.0,-0.0204,0.252677575790365,69.15007231007228,0.8224180788986288,0.9147990339984823,-0.09238095509985345,39.38760594999997
2016-08-19,0,0,0,0,0,0,0,0,39.74414,-0.38616657,0.0,0.0008,0.083,13.0,-1.124078954614094,-0.07474184401175972,0.0031,0.0243,-1.0,0.0008,0.04419498706018714,65.34083065120281,0.7601289485801885,0.8838650169148236,-0.12373606833463502,39.487929199999975
2016-08-22,0,0,0,0,0,0,0,0,39.609947,-0.33765435,0.0,0.0025,0.792,2.0,-0.1212325939531214,-0.07474184401175972,0.0,0.0017000000000000001,-11.0,0.0025,0.0,62.13071616171053,0.6919596305406088,0.8454839396399806,-0.15352430909937176,39.58591634999998
2016-08-23,0,0,0,0,0,0,0,0,39.592052,-0.0451684,0.0,0.0001,1.042,8.0,0.22279220298752522,-0.07474184401175972,0.0,-0.0024000000000000002,6.0,0.0001,0.0,61.695429472852624,0.6292375194777975,0.8022346556075439,-0.17299713612974643,39.682685649999975
2016-08-24,0,0,0,0,0,0,0,0,39.443447,-0.3753543,0.0,0.0006,1.5,31.0,0.8694740437417817,-0.07397861052884792,0.0,0.0004999999999999999,23.0,0.0006,0.0007632334829117959,58.05781935331103,0.5610709365143052,0.7540019117888962,-0.19293097527459102,39.761289499999975
2016-08-25,0,0,0,0,0,0,0,0,39.32913,-0.28982162,0.0,-0.0002,0.542,13.0,-0.552187342987529,-0.07198831172961884,0.0,-0.0007999999999999999,-18.0,-0.0002,0.001990298799229087,55.354020331040786,0.4921507938903247,0.7016316882091819,-0.2094808943188572,39.82455999999998
2016-08-26,0,1,1,0,0,0,0,0,39.424557,0.24263859,0.0,-0.0352,0.625,17.0,-0.44143394824784254,-0.07198831172961884,0.0,-0.035,4.0,-0.0352,0.0,57.14804917078692,0.44015738535141935,0.6493368276376293,-0.20917944228621,39.82923184999997
2016-08-29,0,0,0,0,0,0,0,0,39.553783,0.32777786,0.0,-0.0019,0.583,6.0,-0.5015301614284617,-0.07198831172961884,0.0,0.0333,-11.0,-0.0019,0.0,59.52023320731151,0.40471439706195156,0.6004123415224938,-0.19569794446054223,39.81650809999997
2016-08-30,0,0,0,0,0,0,0,0,39.359947,-0.4900515,-0.002,-0.0007,2.125,23.0,1.7205353170751727,-0.10604427064162918,-0.002,0.0012000000000000001,17.0,0.0013,-0.03405595891201034,54.63466287631618,0.3568708433073837,0.5517040418794718,-0.19483319857208803,39.79613044999997
2016-08-31,0,0,0,0,0,0,0,0,39.257065,-0.26140213,0.0,0.0055,2.0,33.0,1.4783047205737208,-0.07095931757574689,0.002,0.0062,10.0,0.0055,0.03508495306588229,52.18618686737856,0.3071125622369095,0.5027857459509593,-0.19567318371404974,39.77359069999997
2016-09-01,0,0,0,0,0,0,0,0,39.334106,0.19624233,0.0027,-0.0008,0.625,17.0,-0.4861207002363978,-0.02438497562165856,0.0027,-0.0063,-16.0,-0.0035,0.04657434195408833,53.853931265273694,0.27077401652942257,0.4563834000666519,-0.18560938353722933,39.75905324999997
2016-09-02,0,0,0,0,0,0,0,0,39.605972,0.69117546,0.0016,-0.0004,0.958,19.0,-0.019665823505557952,-0.04638834470786472,-0.0011,0.0004,2.0,-0.002,-0.022003369086206162,59.25487260159049,0.2609052184220815,0.4172877637377378,-0.15638254531565632,39.73405334999997
2016-09-05,0,0,1,0,0,0,0,0,39.605972,0.0,-0.0719,-0.0004,0.375,3.0,-0.8732908840402815,-2.2876584432152134,-0.07350000000000001,0.0,-16.0,0.07150000000000001,-2.2412700985073486,59.25487260159049,0.2501999752505526,0.38387020604030075,-0.13367023078974816,39.71327794999997
2016-09-06,0,1,0,0,1,0,0,0,40.16015,1.399219,0.0,0.0001,0.958,5.0,-0.04347474868790981,0.10066404306655233,0.0719,0.0005,2.0,0.0001,2.3883224862817656,68.08542014731262,0.28316932632413483,0.36373003009706756,-0.08056070377293273,39.71461984999997
2016-09-07,0,0,0,0,0,0,0,0,40.158657,-0.0037133694,0.0,-0.0008,0.667,20.0,-0.4842141636555227,0.10066404306655233,0.0,-0.0009000000000000001,15.0,-0.0008,0.0,68.04263546713717,0.30565391390230445,0.3521148068581149,-0.04646089295581046,39.71337719999997
2016-09-08,0,0,0,0,0,0,0,0,39.90269,-0.63738227,-0.0039,-0.0005,2.042,14.0,1.4927071095411537,-0.026382035005419434,-0.0039,0.00030000000000000003,-6.0,0.0034,-0.12704607807197177,60.968862534950695,0.2993677883421597,0.3415654031549239,-0.042197614812764184,39.70005719999997
2016-09-09,0,1,0,0,1,0,0,0,39.188965,-1.7886579,0.0185,0.0429,0.625,24.0,-0.5839983987467685,0.7083517586343354,0.0224,0.0434,10.0,0.0244,0.7347337936397549,46.463883428425234,0.2340958348310238,0.32007148949014386,-0.08597565465912005,39.653908699999974
2016-09-12,0,0,0,0,0,0,0,0,39.702896,1.3113976,0.0,0.0044,1.583,9.0,0.7938569100897914,0.09316479980160533,-0.0185,-0.0385,-15.0,0.0044,-0.6151869588327301,54.80230569206932,0.2212864258427416,0.3003144767606634,-0.07902805091792181,39.63616519999997
2016-09-13,0,0,0,0,0,0,0,0,39.2009,-1.2643754,0.001,0.0012,1.292,29.0,0.3517580206669574,0.12897840496746743,0.001,-0.0032000000000000006,20.0,0.00019999999999999987,0.0358136051658621,47.0875338002832,0.1686835165118339,0.27398828471089753,-0.10530476819906365,39.60517589999997
2016-09-14,0,0,0,0,0,0,0,0,39.287388,0.22062063,0.0,0.0001,1.458,27.0,0.5742247625513393,0.09020024262432456,-0.001,-0.0010999999999999998,-2.0,0.0001,-0.038778162343142866,48.43440048626799,0.13244741926953196,0.24568011162262443,-0.11323269235309247,39.56799919999997
2016-09-15,0,0,0,0,0,0,0,0,39.82267,1.3624787,-0.0016,-0.0027,1.0,25.0,-0.11925550678669711,0.0357250776425856,-0.0016,-0.0028,-2.0,-0.0011,-0.05447516498173897,55.9140062894299,0.14524850069771134,0.2255937894376418,-0.08034528873993046,39.56422169999997
2016-09-16,0,0,0,0,0,0,0,0,39.660645,-0.4068792,0.0,0.0072,0.708,23.0,-0.5689613435713329,0.08842152009001744,0.0016,0.009899999999999999,-2.0,0.0072,0.052696442447431845,53.38959930020821,0.1406975132047137,0.2086145341910562,-0.0679170209863425,39.56004694999997
2016-09-19,0,0,1,0,0,0,0,0,39.53241,-0.32331347,0.0,-0.0976,1.75,8.0,0.9874826696119393,0.08842152009001744,0.0,-0.1048,-15.0,-0.0976,0.0,51.411236042215315,0.1252989615996043,0.1919514196727658,-0.0666524580731615,39.55617009999997
2016-09-20,0,1,0,0,0,0,0,0,39.750603,0.551939,-0.002,-0.0069,2.083,44.0,1.4358712196432122,0.0037535641417633585,-0.002,0.0907,36.0,-0.0049,-0.08466795594825409,54.50063258217599,0.12921237032380617,0.17940360980297387,-0.050191239479167704,39.564097649999965
2016-09-21,0,0,0,0,0,0,0,0,40.01154,0.6564379,-0.0035,0.0001,3.083,25.0,2.700605109222269,-0.052277436588742114,-0.0015,0.007,-19.0,0.0036,-0.05603100073050547,57.94445394421452,0.15162141282483788,0.17384717040734668,-0.022225757582508804,39.592502299999964
2016-09-22,0,0,0,0,1,0,0,0,40.554283,1.3564706,0.0008,-0.0006,1.542,27.0,0.5949056155720662,0.10217510279291615,0.0043,-0.0007,2.0,-0.0014,0.15445253938165826,64.04102704229553,0.21074621349858091,0.18122697902559354,0.029519234472987377,39.65375994999997
2016-09-23,0,0,0,0,0,0,0,0,40.50508,-0.121331215,-0.0026,0.0008,2.125,14.0,1.36333008808117,-0.011203202897445003,-0.0034,0.0014,-13.0,0.0034,-0.11337830569036116,63.14731129826864,0.25074237113756936,0.1951300574479887,0.05561231368958067,39.70778609999997
2016-09-26,0,0,0,0,1,0,0,0,39.89325,-1.510495,0.0,-0.0052,1.5,2.0,0.4723683758416828,0.07662090021820424,0.0026,-0.006,-12.0,-0.0052,0.08782410311564924,53.204419802103686,0.23041397759390492,0.20218684147717195,0.02822713611673297,39.72475944999997
2016-09-27,0,0,0,0,0,0,0,0,40.294834,1.0066509,0.0051,0.0029,2.125,22.0,1.3062377316980631,0.2108611020313928,0.0051,0.0081,20.0,-0.0022000000000000006,0.13424020181318858,57.89106824271487,0.24389656410420457,0.21052878600257846,0.03336777810162611,39.77150379999997
2016-09-28,0,1,1,0,0,0,0,0,40.26154,-0.08263588,-0.0325,0.0025,1.542,25.0,0.4830110629214181,-1.150914941581756,-0.0376,-0.00039999999999999975,3.0,0.035,-1.3617760436131487,57.37799757595504,0.24902446448572846,0.21822792169920846,0.030796542786519998,39.82172754999997
2016-09-29,0,0,0,0,0,0,0,0,39.89275,-0.9159863,-0.0017,0.0005,2.0,18.0,1.0859122940726211,-0.021105647214779692,0.0308,-0.002,-7.0,0.0021999999999999997,1.1298092943669762,51.891905578684316,0.22078501932042371,0.2187393412234515,0.0020456780969722033,39.849659749999965
2016-09-30,0,0,0,0,1,0,0,0,39.963326,0.1769185,0.0,-0.0011,1.042,49.0,-0.25834950984020666,0.041475050922067026,0.0017,-0.0016,31.0,-0.0011,0.06258069813684672,52.821564876737504,0.20177402360036467,0.21534627769883413,-0.01357225409846946,39.86752744999997
2016-10-03,0,0,1,0,0,0,0,0,39.780426,-0.45767426,0.0274,-0.0033,1.833,5.0,0.823253911186265,1.0239532850492197,0.0274,-0.0021999999999999997,-44.0,-0.0307,0.9824782341271526,50.11856728627823,0.1699896363712483,0.20627494943331698,-0.03628531306206867,39.876250149999976
2016-10-04,0,1,0,0,0,0,0,0,39.900204,0.30109882,0.002,0.0003,3.25,21.0,2.6322992239371397,0.10150148071383125,-0.0254,0.0036,16.0,-0.0017000000000000001,-0.9224518043353884,51.85606412155068,0.1527050750222685,0.19556097455110727,-0.04285589952883878,39.863252849999974
2016-10-05,0,0,0,0,0,0,0,0,39.82267,-0.19432306,-0.0001,0.0,3.333,128.0,2.555038845682553,0.02263913867259055,-0.0021,-0.0003,107.0,0.0001,-0.07886234204124071,50.62674420361498,0.13123776256911412,0.18269633215470865,-0.05145856958559453,39.84645349999998
2016-10-06,0,0,0,0,0,0,0,0,39.914623,0.23089647,-0.0248,-0.0136,2.125,34.0,1.0715893199087827,-0.8983950739205513,-0.0247,-0.0136,-94.0,0.0112,-0.9210342125931419,52.077723463687974,0.12025833813921594,0.1702087333516101,-0.049950395212394166,39.84705014999998
2016-10-07,0,0,0,0,0,0,0,0,39.796825,-0.29511452,-0.0005,-0.003,0.375,34.0,-1.1467618604980974,-0.0009230109922135854,0.0243,0.010599999999999998,0.0,-0.0025,0.8974720629283377,50.04855691005204,0.10088876813699699,0.15634474030868747,-0.05545597217169049,39.877443149999976
2016-10-10,0,0,0,0,1,0,0,0,40.46581,1.680994,0.0,-0.0003,0.667,7.0,-0.7893880555920221,0.017537208852057954,0.0005,0.0027,-27.0,-0.0003,0.018460219844271538,59.66136101012348,0.13792977433882214,0.15266174711471442,-0.014731972775892277,39.91558884999998
2016-10-11,0,0,0,0,0,0,0,0,40.237186,-0.5649924,-0.0136,-0.0107,0.75,20.0,-0.6821412112850643,-0.46889242053241503,-0.0136,-0.0104,13.0,0.0029,-0.486429629384473,55.71527579759482,0.14714084444750597,0.15155756658127273,-0.0044167221337667595,39.967403149999974
2016-10-12,0,0,0,0,1,0,0,0,40.34653,0.2717495,0.0,0.0018,0.792,31.0,-0.6338008935600821,0.030827504511517435,0.0136,0.012499999999999999,11.0,0.0018,0.4997199250439325,57.17421260476,0.16140327436801272,0.15352670813862074,0.00787656622939198,40.020360249999975
2016-10-13,0,0,0,0,0,0,0,0,39.96433,-0.9473026,-0.0005,0.0007,0.917,45.0,-0.48745791019504087,0.01267566696187787,-0.0005,-0.0010999999999999998,14.0,0.0012000000000000001,-0.018151837549639567,50.86620403362018,0.14024930038130634,0.15087122658715785,-0.010621926205851506,40.027443249999976
2016-10-14,0,0,0,0,0,0,0,0,39.99016,0.06465912,-0.0014,0.0013,0.333,22.0,-1.260874154562123,-0.019690455158616345,-0.0009,0.0006,-23.0,0.0027,-0.032366122120494216,51.25760094147221,0.12413790423353532,0.14552456211643333,-0.021386657882898008,40.043918999999974
2016-10-17,0,0,0,0,1,0,0,0,40.10151,0.2784133,0.0,-0.0023,0.0,1.0,-1.6361551479664467,0.031996989632751535,0.0014,-0.0036,-21.0,-0.0023,0.05168744479136788,52.9958954353717,0.11898295962506467,0.1402162416181596,-0.021233281993094932,40.07237399999997
2016-10-18,0,1,0,0,0,0,0,0,40.829628,1.8157125,0.0312,0.0016,0.667,14.0,-0.7665935357594822,1.156290178994996,0.0312,0.0039,13.0,-0.029599999999999998,1.1242931893622445,62.43092361060392,0.1716717413748441,0.1465073415694965,0.025164399805347598,40.126325249999965
2016-10-19,0,1,0,0,0,0,0,0,41.10796,0.6816983,0.0018,0.0006,0.708,24.0,-0.6961624240326615,0.07810875120016102,-0.0294,-0.001,10.0,-0.0012000000000000001,-1.078181427794835,65.29841904415822,0.23319887532267813,0.16384564832013282,0.06935322700254531,40.18114624999997
2016-10-20,0,0,0,0,0,0,0,0,40.836586,-0.66015124,0.0023,0.0002,0.25,38.0,-1.2376025089551017,0.09146620857596953,0.0005,-0.00039999999999999996,14.0,-0.0021,0.013357457375808512,60.453531801427914,0.2570982893806928,0.1824961765322448,0.07460211284844798,40.19526139999998
2016-10-21,0,0,0,0,0,0,0,0,40.957367,0.29574633,0.0,0.0002,0.042,20.0,-1.449817048131438,0.18663544087874928,-0.0023,0.0,-18.0,0.0002,0.09516923230277975,61.81161799415644,0.2825279580656783,0.20250253283893152,0.0800254252267468,40.217875749999976
2016-10-24,0,0,0,0,0,0,0,0,41.53788,1.4173746,0.0,-0.0004,0.292,7.0,-1.095816391083232,0.18663544087874928,0.0,-0.0006000000000000001,-13.0,-0.0004,0.0,67.57522784885754,0.34554052517709977,0.23111013130656516,0.11443039387053461,40.300107249999975
2016-10-25,0,0,0,0,0,0,0,0,41.180527,-0.8603096,0.0011,0.0015,0.292,21.0,-1.0660323515109118,0.24748032122194036,0.0011,0.0019,14.0,0.00039999999999999996,0.06084488034319108,61.42902222544174,0.3624647697780503,0.25738105900086217,0.10508371077718814,40.34439189999997
2016-10-26,0,0,0,0,0,0,0,0,40.859947,-0.7784724,-0.0006,0.0102,1.125,30.0,-0.035598936807906295,0.16361280708195916,-0.0017000000000000001,0.008700000000000001,9.0,0.0108,-0.0838675141399812,56.46721790010055,0.3460205195961379,0.2751089511199173,0.0709115684762206,40.374312249999974
2016-10-27,0,0,0,0,0,0,0,0,40.623863,-0.57778955,-0.0129,-0.006,1.583,25.0,0.5126066265667095,-0.5924680737158351,-0.0123,-0.0162,-5.0,0.0069,-0.7560808807977942,53.067745775637384,0.31036068233571257,0.2821592973630763,0.028201384972636245,40.41086789999998
2016-10-28,0,1,0,0,1,0,0,0,40.733704,0.2703905,0.1209,0.1403,1.125,47.0,-0.08230897668153458,5.4117737200107925,0.1338,0.1463,22.0,0.019400000000000014,6.004241793726628,54.4419854700501,0.28764743454095054,0.28325692479865117,0.0043905097422993755,40.44938679999997
2016-10-31,0,0,1,0,0,0,0,0,40.25359,-1.1786759,-0.0051,0.2007,0.5,10.0,-0.8726740898890938,-0.16745896223992002,-0.126,0.06039999999999998,-37.0,0.20579999999999998,-5.579232682250712,47.84704645221659,0.22827442917991903,0.2722604256749047,-0.04398599649498569,40.47304499999997
2016-11-01,0,1,0,0,1,0,0,0,40.0339,-0.545758,0.0055,0.0027,0.958,12.0,-0.286109626125146,0.29244246747578656,0.0106,-0.19799999999999998,2.0,-0.0027999999999999995,0.4599014297157066,45.151776479025415,0.16163057108588674,0.2501344547571011,-0.08850388367121437,40.47972979999997
2016-11-02,0,0,0,0,0,0,0,0,39.185986,-2.1179855,0.0009,-0.0146,0.625,23.0,-0.7004590253207957,0.0878985779228245,-0.0046,-0.0173,11.0,-0.0155,-0.20454388955296204,36.585655880838836,0.03993491507392122,0.20809454682046513,-0.1681596317465439,40.44789559999997
2016-11-03,0,0,0,0,0,0,0,0,38.876343,-0.7901907,0.004,0.0103,1.25,14.0,0.10248865195135344,0.21454572317487186,0.0031000000000000003,0.0249,-9.0,0.0063,0.12664714525204734,34.045484574260335,-0.08056664920980694,0.15036230761441072,-0.23092895682421766,40.39598159999997
2016-11-04,0,1,0,1,0,0,0,0,38.82217,-0.13935566,-0.0257,-0.0103,0.542,24.0,-0.7826043561310402,-1.247269486061444,-0.0297,-0.0206,10.0,0.0154,-1.461815209236316,33.60586847570367,-0.178380061122013,0.08461383386712597,-0.26299389498913894,40.34724884999997
2016-11-07,0,0,0,0,1,0,0,0,39.86244,2.6795626,0.0155,0.0017,0.708,6.0,-0.5670112846379801,0.7371329401887361,0.0412,0.012,-18.0,-0.0138,1.98440242625018,47.598659181449754,-0.16999717802050185,0.0336916314896004,-0.20368880951010226,40.31708034999997
2016-11-08,0,0,0,0,0,0,0,0,40.356964,1.2405992,0.0,0.0004,0.5,22.0,-0.8042882309081062,-0.011920419050254916,-0.0155,-0.0013,16.0,0.0004,-0.749053359238991,52.701881531675085,-0.12204289435953797,0.002544726319772723,-0.12458762067931069,40.32306924999997
2016-11-09,0,0,0,0,0,0,0,0,40.03937,-0.7869482,0.0,-0.0002,0.083,25.0,-1.299861117605115,-0.026181848574538678,0.0,-0.0006000000000000001,3.0,-0.0002,-0.014261429524283761,49.37613761441902,-0.1084162060854581,-0.01964746016127344,-0.08876874592418466,40.30771124999997
2016-11-10,0,0,0,0,0,0,0,0,38.78191,-3.1405747,-0.0015,-0.0007,1.208,21.0,0.11318774156643772,-0.10044967758647605,-0.0015,-0.0005,-4.0,0.0008,-0.07426782901193738,38.907264128049704,-0.19681471292387442,-0.05508091071379363,-0.1417338022100808,40.248590249999964
2016-11-11,0,0,0,0,0,0,0,0,38.357456,-1.0944605,-0.0124,-0.0003,0.375,25.0,-0.9733010767819701,-0.6185693587451253,-0.0109,0.0004,4.0,0.0121,-0.5181196811586493,36.12313480986577,-0.29768947796338807,-0.10360262416371252,-0.19408685379967555,40.16695504999997
2016-11-14,0,0,0,0,0,0,0,0,37.436478,-2.401042,0.0,0.0003,1.375,10.0,0.3120648761591955,-0.017373273955610974,0.0124,0.0006,-15.0,0.0003,0.6011960847895144,30.948276251358887,-0.44679827133664674,-0.17224175359829935,-0.2745565177383474,40.03370344999997
2016-11-15,0,0,0,0,0,0,0,0,38.52694,2.9128313,-0.0018,-0.0001,2.083,25.0,1.194233837926483,-0.1031799670176428,-0.0018,-0.00039999999999999996,15.0,0.0017,-0.08580669306203183,41.61353086630133,-0.4715412602036011,-0.2321016549193597,-0.2394396052842414,39.91856904999997
2016-11-16,0,0,0,0,0,0,0,0,38.766506,0.6218076,0.0,-0.0007,1.583,25.0,0.5505465094240889,-0.015917348083379513,0.0018,-0.0006,0.0,-0.0007,0.08726261893426329,43.67189027885679,-0.466442425154014,-0.27896980896629053,-0.18747261618772348,39.801496349999965
2016-11-17,0,0,0,0,1,0,0,0,39.073658,0.79232454,0.0012,0.0004,1.333,27.0,0.21428197506966815,0.04128763012738232,0.0012,0.0011,2.0,-0.0007999999999999999,0.05720497821076183,46.286490970437434,-0.4326298743299404,-0.3097018220390205,-0.12292805229091985,39.713349949999966
2016-11-18,0,0,0,0,0,0,0,0,38.5672,-1.2961686,0.0,-0.0004,1.25,22.0,0.09434971132387501,-0.01688672151981,-0.0012,-0.0008,-5.0,-0.0004,-0.05817435164719232,42.761875743457956,-0.4416095125808184,-0.3360833601473801,-0.10552615243343827,39.59384159999997
2016-11-21,0,0,0,0,0,0,0,0,39.006065,1.1379361,0.0,0.0003,0.542,3.0,-0.8198714874708788,-0.01688672151981,0.0,0.0007,-19.0,0.0003,0.0,46.559403419255574,-0.4086030808676213,-0.35058730429142837,-0.058015776576192946,39.46725084999997
2016-11-22,0,0,0,0,0,0,0,0,39.016006,0.025475025,0.0,0.001,0.5,14.0,-0.8449888549508181,-0.01850468814300219,0.0,0.0007000000000000001,11.0,0.001,-0.0016179666231921908,46.64575461320825,-0.377293881310365,-0.3559286196952157,-0.02136526161514929,39.35902479999997
2016-11-23,0,0,0,0,0,0,0,0,38.7178,-0.76432824,-0.0011,0.0001,0.75,29.0,-0.4967485952028716,-0.07094523738395511,-0.0011,-0.0009,15.0,0.0012000000000000001,-0.05244054924095292,44.33165534913335,-0.3722527491066927,-0.3591934455775111,-0.01305930352918161,39.251917449999965
2016-11-24,0,0,0,0,1,0,0,0,38.7178,0.0,0.002,-0.0003,0.5,17.0,-0.8204707344944164,0.07991883694074858,0.0031000000000000003,-0.00039999999999999996,-12.0,-0.0023,0.1508640743247037,44.33165534913335,-0.36406094753279916,-0.3601669459685687,-0.003894001564230476,39.156614299999966
2016-11-25,0,0,0,0,0,0,0,0,38.778927,0.1578927,0.0,-0.0005,0.0,5.0,-1.4292635658184614,-0.015757969546186273,-0.002,-0.00020000000000000004,-12.0,-0.0005,-0.09567680648693486,44.980547021257934,-0.34861779874946563,-0.35785711652474805,0.009239317775282418,39.05887544999997
2016-11-28,0,0,0,0,0,0,0,0,39.05528,0.7126093,0.0,0.0001,0.5,4.0,-0.7902362748066333,-0.08316699620543806,0.0,0.0006000000000000001,-1.0,0.0001,-0.06740902665925179,47.93531203428389,-0.31050035968844725,-0.34838576515748787,0.03788540546904062,38.998959949999964
2016-11-29,0,1,0,0,1,0,0,0,39.236687,0.464499,0.0283,0.0057,0.792,16.0,-0.4094708313082811,1.411347322197146,0.0283,0.0056,12.0,-0.0226,1.494514318402584,49.839640508896146,-0.26262658994333776,-0.33123393011465785,0.06860734017132009,38.95909929999996
2016-11-30,0,1,0,0,0,0,0,0,38.56273,-1.7176688,0.0,0.0008,1.833,24.0,0.9032535256227057,-0.10703812612747794,-0.0283,-0.0049,8.0,0.0008,-1.518385448324624,43.47720952868828,-0.2758887066394138,-0.320164885419609,0.04427617878019524,38.927936499999966
2016-12-01,0,0,0,0,0,0,0,0,37.98867,-1.488632,0.0005,-0.011,1.042,29.0,-0.09153406610205811,-0.08421358759961653,0.0005,-0.0118,5.0,-0.0115,0.022824538527861413,38.9197012844629,-0.3289291831774861,-0.3219177449711844,-0.007011438206301679,38.88355284999996
2016-12-02,0,0,0,0,0,0,0,0,37.995132,0.017011166,0.0,0.0132,0.208,13.0,-1.1560888274832959,-0.09513844738793514,-0.0005,0.0242,-16.0,0.0132,-0.010924859788318614,38.997220572258236,-0.36622114418962326,-0.3307784248148722,-0.035442719374751075,38.84220094999996
2016-12-05,0,0,0,0,0,0,0,0,38.679028,1.799953,0.0,-0.0005,0.958,10.0,-0.17714696071059285,-0.09513844738793514,0.0,-0.0137,-3.0,-0.0005,0.0,46.70614132101882,-0.33670922596049735,-0.33196458504399723,-0.00474464091650012,38.78303034999996
2016-12-06,0,0,0,0,1,0,0,0,38.577637,-0.2621293,0.0079,0.0004,1.833,21.0,0.9350535319325411,0.32539441934247887,0.0079,0.0009,11.0,-0.007500000000000001,0.420532866730414,45.78242883686593,-0.3178383814680501,-0.3291393443288078,0.011300962860757713,38.69406399999996
2016-12-07,0,0,0,0,0,0,0,0,39.337578,1.9698977,0.001,0.0001,1.208,28.0,0.13881831160574046,-0.048159867494359986,-0.006900000000000001,-0.00030000000000000003,7.0,-0.0009,-0.37355428683683883,53.24600106064183,-0.2388093679031087,-0.311073349043668,0.07226398114055932,38.65897439999996
2016-12-08,0,0,0,0,0,0,0,0,39.521477,0.46749115,0.0013,0.0001,0.917,21.0,-0.23325072584531695,-0.03457732629684113,0.0002999999999999999,0.0,-7.0,-0.0012,0.013582541197518859,54.86520780423362,-0.15950056960689096,-0.2807587931563126,0.12125822354942162,38.69595274999996
2016-12-09,0,0,0,0,0,0,0,0,40.231216,1.7958403,0.0,0.0001,0.125,19.0,-1.224674658430529,-0.10481252033729961,-0.0013,0.0,-2.0,0.0001,-0.07023519404045848,60.544509890169316,-0.038929020290972005,-0.23239283858324447,0.19346381829227247,38.78964074999997
2016-12-12,0,0,0,0,0,0,0,0,40.154182,-0.19148588,0.0,0.0,1.5,5.0,0.5296275582926514,-0.10481252033729961,0.0,-0.0001,-14.0,0.0,0.0,59.666931961576175,0.04983434193991343,-0.1759474024786129,0.22578174441852633,38.925525949999965
2016-12-13,0,0,0,0,0,0,0,0,40.523968,0.9209156,0.0017,0.0,2.75,18.0,2.0599295392189756,-0.016304497801222114,0.0017,0.0,13.0,-0.0017,0.0885080225360775,62.47847119606584,0.14830897226963913,-0.11109612752896249,0.2594050997986016,39.02537734999997
2016-12-14,0,0,0,0,0,0,0,0,40.650703,0.31274557,-0.0003,0.0,2.5,39.0,1.80846383374391,-0.1273624734926447,-0.002,0.0,21.0,0.0003,-0.11105797569142259,63.41962759541326,0.2338812442115099,-0.042100653180868,0.2759818973923779,39.11958719999997
2016-12-15,0,0,0,0,0,0,0,0,40.539375,-0.27387142,0.0,0.0,0.667,17.0,-0.517724168067398,-0.11040964750964001,0.0003,0.0,-22.0,0.0,0.016952825983004696,61.94964359539604,0.2893788675937614,0.024195250974057878,0.2651836166197035,39.19287304999996
2016-12-16,0,0,0,0,0,0,0,0,40.250607,-0.7123172,0.0,0.0005,0.333,12.0,-0.914853477739935,-0.11280194016694783,0.0,0.0005,-5.0,0.0005,-0.0023922926573078235,58.18251250693862,0.3065265227497207,0.08066150532919045,0.22586501742053025,39.27704339999997
2016-12-19,0,0,0,0,0,0,0,0,40.38281,0.32845736,0.0,0.0001,0.667,7.0,-0.4662784462636503,-0.11280194016694783,0.0,-0.0004,-5.0,0.0001,0.0,59.39975608620335,0.32701422382348255,0.12993204902804886,0.1970821747954337,39.34588064999996
2016-12-20,0,1,0,0,0,0,0,0,40.517014,0.33231974,-0.0161,-0.0388,0.75,20.0,-0.33492236599572345,-0.9572926026364224,-0.0161,-0.038900000000000004,13.0,-0.0227,-0.8444906624694746,60.65189415869512,0.3500449158462473,0.17395462239168855,0.17609029345455876,39.420931049999965
2016-12-21,0,0,1,0,0,0,0,0,40.3679,-0.36802292,-0.152,-0.3404,1.292,5.0,0.384012533214454,-5.6407617885855466,-0.1359,-0.3016,-15.0,-0.18839999999999998,-4.683469185949124,58.493317507368815,0.35220465556954395,0.20960462902725963,0.14260002654228432,39.50343604999996
2016-12-22,0,1,0,0,1,0,0,0,40.242657,-0.31026006,0.0,-0.0268,0.917,17.0,-0.08783540199330822,0.008612151827983342,0.152,0.3136,12.0,-0.0268,5.64937394041353,56.669049019411354,0.33989213648585803,0.2356621305189793,0.10423000596687873,39.57967889999996
2016-12-23,0,0,0,0,0,0,0,0,40.14921,-0.23220181,0.0,-0.0128,0.083,13.0,-1.1686281615193133,0.008612151827983342,0.0,0.014,-4.0,-0.0128,0.0,55.28364713516114,0.31891769975094064,0.25231324436537156,0.06660445538556908,39.64819304999997
2016-12-26,0,0,0,0,0,0,0,0,40.14921,0.0,0.0,-0.0005,0.0,1.0,-1.2356539574014018,0.025824386450013153,0.0,0.0123,-12.0,-0.0005,0.01721223462202981,55.28364713516114,0.29885034675633904,0.26162066484356505,0.03722968191277398,39.702889549999966
2016-12-27,0,0,0,0,0,0,0,0,40.255077,0.26369095,0.0,-0.0007,0.167,2.0,-1.0247744097160254,0.027077164918677725,0.0,-0.00019999999999999998,1.0,-0.0007,0.001252778468664572,56.67529722200495,0.2881675904584995,0.26693004996655195,0.021237540491947537,39.75380904999997
2016-12-28,0,0,0,0,0,0,0,0,39.98867,-0.6617904,0.0,0.0014,0.083,7.0,-1.1866958339995608,0.027014587809706395,0.0,0.0021,5.0,0.0014,-6.257710897132965e-05,52.267092763381086,0.25526210799770155,0.2645964615727819,-0.009334353575080334,39.825106049999974
2016-12-29,0,0,0,0,0,0,0,0,39.90468,-0.21004677,0.0,0.003,0.125,11.0,-1.096651394525248,0.011588010031490084,0.0,0.0016,4.0,0.003,-0.015426577778216311,50.92233860433958,0.2198724324743111,0.25565165575308774,-0.03577922327877664,39.92090654999997
2016-12-30,0,0,0,0,0,0,0,0,39.386288,-1.2990713,0.0,-0.0008,0.375,5.0,-0.6888024639255228,0.011273111293022086,0.0,-0.0038,-6.0,-0.0008,-0.0003148987384679978,43.48570389683607,0.14828660199331267,0.23417864500113272,-0.08589204300782005,39.990464349999975
2017-01-02,0,1,1,0,0,0,0,0,39.386288,0.0,-0.1057,0.0002,0.042,15.0,-1.2003476622248408,-3.4828553082530025,-0.1057,0.001,10.0,0.10590000000000001,-3.4941284195460245,43.48570389683608,0.09051096156525773,0.20544510831395774,-0.1149341467487,40.02582734999997
2017-01-03,0,0,1,0,1,0,0,0,40.15965,1.963532,0.1171,-0.0082,0.542,14.0,-0.3884475275045723,3.4969469737289054,0.2228,-0.008400000000000001,-1.0,-0.1253,6.979802281981907,54.88510351848564,0.10590637762231125,0.18553736217562844,-0.07963098455331719,40.10492799999997
2017-01-04,0,1,0,0,0,0,0,0,40.14772,-0.029706955,0.0221,-0.0012,1.583,62.0,1.2487875750058233,0.6437781774911185,-0.095,0.007000000000000001,48.0,-0.0233,-2.853168796237787,54.70180135858642,0.11580972208156481,0.17159183415681573,-0.05578211207525091,40.14543509999997
2017-01-05,0,1,1,0,0,0,1,0,40.408653,0.64994097,0.4227,-0.0831,1.583,92.0,1.215762169881848,6.485340634582237,0.4006,-0.08189999999999999,30.0,-0.5058,5.841562457091118,58.00534719473895,0.14306415181937382,0.16588629768932733,-0.022822145869953514,40.18979389999997
2017-01-06,0,0,1,0,0,0,0,0,41.014526,1.4993548,0.5525,-0.0108,0.083,28.0,-1.1226628980672617,5.633475061203797,0.12979999999999997,0.07229999999999999,-64.0,-0.5633,-0.8518655733784399,64.48243600244949,0.21111872609463944,0.17493278337038976,0.03618594272424969,40.22895939999997
2017-01-09,0,1,1,0,0,0,0,0,41.112442,0.23874044,0.0471,-0.0006,1.25,51.0,0.6699270076934578,0.31048925831970137,-0.5054,0.0102,23.0,-0.047700000000000006,-5.322985802884096,65.41093497474985,0.26984288854854555,0.1939148044060209,0.07592808414252464,40.276872399999974
2017-01-10,0,0,1,0,0,0,0,0,41.054287,-0.14144778,0.0372,-0.0003,2.042,83.0,1.826309298844491,0.20535476976571776,-0.009900000000000006,0.0003,32.0,-0.0375,-0.10513448855398361,64.3352007258276,0.30813756980390394,0.21675935748559752,0.09137821231830642,40.30338834999998
2017-01-11,0,0,1,0,0,0,0,0,41.245636,0.46608448,0.1959,0.005,0.833,47.0,-0.024899442545606207,1.7879740542208633,0.1587,0.0053,-36.0,-0.1909,1.5826192844551454,66.29910319861759,0.3498932936386794,0.2433861447162139,0.10650714892246549,40.33313499999998
2017-01-12,0,0,0,0,0,0,0,0,41.229237,-0.03976226,0.0289,-0.0004,1.458,45.0,0.9002549864148092,0.07730794366527931,-0.16699999999999998,-0.0054,-2.0,-0.0293,-1.710666110555584,65.96385840959468,0.37731232178685303,0.2701713801303417,0.10714094165651133,40.367628099999976
2017-01-13,0,1,1,0,0,0,0,0,41.299316,0.1699686,0.0624,-0.0002,0.542,64.0,-0.5195649396884561,0.40860035093144215,0.0335,0.0002,19.0,-0.0626,0.3312924072661628,66.73789122828944,0.4000849584068007,0.2961540957856335,0.10393086262116719,40.42006354999998
2017-01-16,0,0,1,0,0,0,0,0,41.299316,0.0,-0.1054,0.0003,0.125,16.0,-1.1553368768265633,-1.2690633981618358,-0.1678,0.0005,-48.0,0.10569999999999999,-1.677663749093278,66.73789122828944,0.4133673949790406,0.31959675562431494,0.09377063935472568,40.465888849999985
2017-01-17,0,1,1,0,1,0,0,0,41.126354,-0.41880012,0.1432,0.0009,1.417,27.0,0.8072179942937561,1.1959859636958026,0.2486,0.0006000000000000001,11.0,-0.14229999999999998,2.4650493618576386,62.65906562331152,0.40526558437348825,0.3367305213741496,0.06853506299933865,40.49635584999998
2017-01-18,0,1,1,0,0,0,0,0,41.203888,0.18852949,0.051,-0.0069,1.667,75.0,1.1663110131447711,0.27010309475633587,-0.0922,-0.0078,48.0,-0.05789999999999999,-0.9258828689394667,63.72921831286329,0.4004846491768461,0.3494813469346889,0.05100330224215721,40.53815524999998
2017-01-19,0,1,0,0,0,0,0,0,40.97277,-0.5608976,0.0136,-0.0016,1.417,121.0,0.7921250668418324,-0.10643259845965308,-0.037399999999999996,0.0053,46.0,-0.0152,-0.37653569321598895,58.360101317092926,0.37373821106920246,0.35433271976159164,0.019405491307610823,40.574660899999984
2017-01-20,0,0,1,0,1,0,0,0,41.161644,0.46095848,0.0744,-0.0002,0.917,54.0,0.031414594203778436,0.5096667244407013,0.06079999999999999,0.0014,-67.0,-0.0746,0.6160993229003544,61.23441220604601,0.36359077140003393,0.3561843300892801,0.007406441310753853,40.62528259999998
2017-01-23,0,0,1,0,0,0,0,0,41.969795,1.9633532,0.1243,-0.0004,0.917,17.0,0.020822006005325168,0.9803288033577728,0.0499,-0.0002,-37.0,-0.12469999999999999,0.47066207891707157,70.58923258055148,0.41596489962048366,0.3681404439955208,0.04782445562496285,40.716311849999975
2017-01-24,0,1,1,0,0,0,0,0,42.223274,0.60396194,0.2546,0.0011,1.708,60.0,1.2033689776873657,2.1445371305595975,0.1303,0.0015,43.0,-0.2535,1.1642083272018247,72.80588766070848,0.47247896703398595,0.38900814860321387,0.08347081843077209,40.81472169999997
2017-01-25,0,0,1,0,0,0,0,0,42.666615,1.0499954,0.2417,-0.0006,1.167,29.0,0.3678716476008453,1.920368321609275,-0.012899999999999995,-0.0017000000000000001,-31.0,-0.2423,-0.22416880895032243,76.18650147886648,0.5467382282037221,0.4205541645233155,0.12618406368040658,40.948618949999975
2017-01-26,0,0,1,0,0,0,0,0,42.59355,-0.17124414,0.2419,-0.0094,2.75,43.0,2.579928853976886,1.8314652281004233,0.00020000000000000573,-0.0088,14.0,-0.2513,-0.08890309350885173,74.54183837464251,0.5928593789412275,0.45501520740689794,0.1378441715343296,41.08306244999998
2017-01-27,0,1,1,0,0,0,1,0,41.99962,-1.3944209,0.623,-0.0244,2.5,116.0,2.096978047272887,4.27693554105251,0.3811,-0.015000000000000001,73.0,-0.6474,2.4454703129520867,62.69408410363354,0.5748589200724155,0.47898394994000143,0.09587497013241403,41.213729049999976
2017-01-30,0,0,1,0,0,0,0,0,40.945934,-2.5087893,0.3564,0.0301,1.958,24.0,1.3013711025529924,2.158429242055251,-0.2666,0.0545,-92.0,-0.3263,-2.1185062989972594,48.090592705957114,0.4701501740062852,0.4772171947532582,-0.007067020746972963,41.29171134999997
2017-01-31,0,1,1,0,0,0,0,0,40.765022,-0.4418373,0.111,0.0065,1.083,46.0,0.09556648951714525,0.3919179675836315,-0.2454,-0.0236,22.0,-0.1045,-1.7665112744716194,46.10487357067596,0.36832384390881856,0.4554385245843703,-0.08711468067555173,41.32197994999998
2017-02-01,0,0,0,0,0,0,0,0,40.518993,-0.6035209,0.0,-0.0042,1.292,15.0,0.3587228279255662,-0.4011104288759255,-0.111,-0.0107,-31.0,-0.0042,-0.793028396459557,43.47576492694556,0.2647217124203891,0.41729516215157403,-0.15257344973118492,41.340543599999975
2017-02-02,0,0,0,0,0,0,0,0,40.669098,0.37044287,-0.0014,0.0119,1.542,20.0,0.6951465418210756,-0.4111265446581307,-0.0014,0.0161,5.0,0.013300000000000001,-0.010016115782205182,45.517105241771276,0.1925093676654086,0.37233800325434097,-0.17982863558893236,41.35356584999998
2017-02-03,0,0,0,0,0,0,0,0,40.76204,0.22852421,0.0023,0.028,0.958,16.0,-0.126108172644254,-0.3867442222541453,0.0037,0.0161,-4.0,0.0257,0.024382322403985413,46.79827872273224,0.14115308197229837,0.3261010189979324,-0.18494793702563406,41.340941549999975
2017-02-06,0,0,0,0,0,0,0,0,40.836094,0.18168688,0.0,0.0002,2.792,7.0,2.2869822718196002,-0.40318925296563607,-0.0023,-0.027800000000000002,-9.0,0.0002,-0.016445030711490782,47.85052856357407,0.10521553526718463,0.28192392225178287,-0.17670838698459823,41.327124149999975
2017-02-07,0,0,0,0,0,0,0,0,41.21432,0.9262085,-0.0007,-0.0003,1.708,27.0,0.8618099736600191,-0.4083477841699929,-0.0007,-0.0005,20.0,0.0004,-0.005158531204356831,52.9671365754393,0.10603217491112815,0.24674557278365192,-0.14071339787252377,41.33512579999997
2017-02-08,0,0,0,0,0,0,0,0,41.246628,0.07839203,-0.0005,-0.0043,1.583,149.0,0.6940164376030594,-0.4068481291249418,0.00019999999999999998,-0.004,122.0,-0.0038,0.0014996550450511181,53.38783884283259,0.10804092477562932,0.2190046431820474,-0.11096371840641808,41.335175399999976
2017-02-09,0,0,0,0,0,0,0,0,41.255577,0.02169609,-0.0008,-0.0085,1.042,221.0,-0.025711934840511538,-0.40871506263463664,-0.00030000000000000003,-0.004200000000000001,72.0,-0.0077,-0.001866933509694857,53.511879636620044,0.10909737638143469,0.19702318982192485,-0.08792581344049016,41.336492399999976
2017-02-10,0,0,0,0,0,0,0,0,41.49365,0.5770564,0.0002,-0.0004,0.583,171.0,-0.6258163379270392,-0.401593275283484,0.001,0.008100000000000001,-50.0,-0.0006000000000000001,0.007121787351152653,56.80508096324763,0.12767338403405404,0.1831532286643507,-0.05547984463029665,41.346209099999975
2017-02-13,0,0,0,0,0,0,0,0,41.697926,0.49231052,-0.0132,0.0012,1.375,70.0,0.41792785415346734,-0.49546900234135577,-0.0134,0.0015999999999999999,-101.0,0.0144,-0.09387572705787178,59.45885642348443,0.15706779021164152,0.17793614097380886,-0.020868350762167337,41.36613959999998
2017-02-14,0,0,0,0,0,0,0,0,41.75111,0.12754202,-0.0028,-0.0009,1.667,230.0,0.7837918822186121,-0.42077447260119705,0.0104,-0.0021,160.0,0.0019,0.07469452974015872,60.14538475800719,0.18255024758482818,0.17885896229601272,0.00369128528881546,41.39737739999998
2017-02-15,0,0,0,0,0,0,0,0,41.616413,-0.32261014,-0.0056,-0.0112,0.792,178.0,-0.3923556360661052,-0.44013867091709985,-0.0028,-0.0103,-52.0,-0.0056,-0.019364198315902803,57.4900646927017,0.18968973130930067,0.1810251160986703,0.008664615210630361,41.41800364999998
2017-02-16,0,0,0,0,0,0,0,0,41.85747,0.579226,-0.0012,0.0001,1.583,267.0,0.6471736160825156,-0.40827095673304314,0.0044,0.0113,89.0,0.0013,0.031867714184056706,60.82346236972847,0.21235125580785308,0.18729034404050687,0.025060911767346206,41.46223864999998
2017-02-17,0,0,0,0,0,0,0,0,42.07516,0.52007437,-0.0001,0.0001,0.625,316.0,-0.6663169209981882,-0.4004023192626065,0.0010999999999999998,0.0,49.0,0.0002,0.007868637470436646,63.59939369203577,0.24505163818355413,0.19884260286911631,0.04620903531443782,41.50791444999998
2017-02-20,0,0,0,0,0,0,0,0,42.07516,0.0,0.0,0.0004,0.125,88.0,-1.3286412329330892,-0.3996882502114902,0.0001,0.00030000000000000003,-228.0,0.0004,0.0007140690511163172,63.59939369203577,0.2678789846239624,0.21264987922008555,0.05522910540387688,41.51318269999998
2017-02-21,0,0,0,0,0,0,0,0,42.210346,0.3213048,-0.0004,-0.0003,0.208,90.0,-1.1901609624912495,-0.3987158859791176,-0.0004,-0.0007,2.0,0.00010000000000000005,0.000972364232372569,65.36680577632495,0.293494974175573,0.22881889821118304,0.06467607596438998,41.51253629999998
2017-02-22,0,0,0,0,0,0,0,0,42.314224,0.24609566,-0.0009,0.0005,1.958,165.0,1.1476398813364619,-0.4021580764776983,-0.0005,0.0007999999999999999,75.0,0.0014,-0.0034421904985806884,66.70460197716149,0.31850637369122126,0.24675639330719068,0.07174998038403058,41.49491674999998
2017-02-23,0,0,0,0,0,0,0,0,42.296333,-0.042289495,0.0005,0.0004,1.917,210.0,1.0629611555584881,-0.3921718879876526,0.0014,-9.999999999999999e-05,45.0,-9.999999999999999e-05,0.009986188490045678,66.23008859427367,0.33304529497907254,0.26401417364156704,0.0690311213375055,41.48005589999998
2017-02-24,0,0,0,0,0,0,0,0,42.137783,-0.3748536,-0.0176,-0.0037,2.375,424.0,1.604438518631356,-0.5186820592763034,-0.0181,-0.0041,214.0,0.013900000000000001,-0.12651017128865077,62.01955053833017,0.3279929365011327,0.27680992621348016,0.05118301028765254,41.486964049999976
2017-02-27,0,0,0,0,0,0,0,0,42.230232,0.21939278,-0.0006,-0.0012,0.917,113.0,-0.30313530646948855,-0.3974564132181404,0.017,0.0025000000000000005,-311.0,-0.0006,0.121225646058163,63.477567611763355,0.3276715737449081,0.28698225571976577,0.04068931802514231,41.55117894999998
2017-02-28,0,1,0,0,0,0,0,0,41.994644,-0.5578637,-0.0329,-0.0038,1.333,211.0,0.2538044107346418,-0.621308601275527,-0.032299999999999995,-0.0026,98.0,0.029099999999999997,-0.2238521880573866,57.427527437523,0.3048923000898043,0.2905642645937735,0.014328035496030789,41.612660049999974
2017-03-01,0,1,0,0,0,0,0,0,42.58212,1.3989329,-0.0026,-0.0013,1.375,273.0,0.3052320849812465,-0.4054082952253743,0.0303,0.0025,62.0,0.0013,0.2159003060501527,66.10344140871871,0.33043491702565575,0.29853839508014995,0.031896521945505796,41.71581639999998
2017-03-02,0,0,0,0,0,0,0,0,42.239174,-0.805372,-0.0061,-0.0009,1.0,170.0,-0.19022256762084536,-0.42925474739449593,-0.0035000000000000005,0.00039999999999999996,-103.0,0.005200000000000001,-0.023846452169121624,58.5962654327277,0.31932378309191733,0.3026954726825034,0.016628310409413927,41.79432019999998
2017-03-03,0,0,0,0,0,0,0,0,42.200912,-0.0905931,-0.0002,-0.0005,0.5,202.0,-0.8648088287415119,-0.3873061972946417,0.005900000000000001,0.00039999999999999996,32.0,-0.00030000000000000003,0.04194855009985421,57.80747231038972,0.3039272219405049,0.30294182253410373,0.0009853994064011884,41.866263799999984
2017-03-06,0,0,0,0,0,0,0,0,42.110947,-0.21318197,-0.026,-0.0273,0.583,93.0,-0.7321505994182328,-0.5666970010256764,-0.0258,-0.0268,-109.0,-0.0013000000000000025,-0.17939080373103472,55.901964013065175,0.28122413588808115,0.2985982852048992,-0.017374149316818077,41.930006449999986
2017-03-07,0,0,0,0,0,0,0,0,42.303795,0.4579425,-0.0106,-0.0156,1.292,197.0,0.2496304784219606,-0.45570664913905473,0.015399999999999999,0.011700000000000002,104.0,-0.004999999999999999,0.11099035188662171,59.020293132130774,0.2756158703383136,0.2940018022315821,-0.018385931893268537,41.984480199999986
2017-03-08,0,0,0,0,0,0,0,0,42.42755,0.29255152,-0.0004,-0.0033,1.458,258.0,0.5182260062396348,-0.3833718087529805,0.0102,0.012299999999999998,61.0,-0.0029,0.07233484038607424,60.92962986092031,0.27795320222566744,0.2907920822303992,-0.012838880004731767,42.04352629999998
2017-03-09,0,0,0,0,0,0,0,0,42.636295,0.4920125,-0.0008,-0.0013,2.125,410.0,1.4123026121932847,-0.386099157821724,-0.0004,0.002,152.0,-0.0004999999999999999,-0.002727349068743501,63.97833532470799,0.29326891008926026,0.2912874478021714,0.001981462287088842,42.112562199999985
2017-03-10,0,0,0,0,0,0,0,0,42.813488,0.4155755,-0.0002,-0.0002,1.292,403.0,0.2237923698239288,-0.38181801166296087,0.0006000000000000001,0.0010999999999999998,-7.0,0.0,0.004281146158763127,66.37674238676759,0.316061354596755,0.2962422291610881,0.019819125435666884,42.178554099999985
2017-03-13,0,0,0,0,0,0,0,0,42.971287,0.3685832,0.0,-0.0018,1.083,125.0,-0.08246099871610306,-0.38040001954240027,0.0002,-0.0015999999999999999,-278.0,-0.0018,0.001417992120560596,68.39491560435712,0.34290479853171973,0.3055747430352144,0.03733005549650531,42.24222214999998
2017-03-14,0,0,0,0,0,0,0,0,43.037388,0.15382767,0.0005,0.0012,1.0,199.0,-0.20690094060485448,-0.3791470121677718,0.0005,0.003,74.0,0.0006999999999999999,0.0012530073746284676,69.22813792231345,0.36530125405305114,0.31752004523878175,0.047781208814269394,42.30653604999998
2017-03-15,0,0,0,0,0,0,0,0,43.160656,0.28641224,-0.0015,0.0039,1.0,267.0,-0.1999704579643161,-0.4182885383396141,-0.002,0.0027,68.0,0.0054,-0.0391415261718423,70.77545291060183,0.3885187020648857,0.33171977660400254,0.056798925460883165,42.38374819999998
2017-03-16,0,0,0,0,0,0,0,0,43.24067,0.18539429,-0.0011,0.0009,1.792,285.0,0.9026069823613108,-0.4152453694350641,0.00039999999999999996,-0.003,18.0,0.002,0.0030431689045499755,71.7678141106891,0.4086643299708541,0.3471086872773729,0.06155564269348124,42.45290819999998
2017-03-17,0,0,0,0,0,0,0,0,43.358467,0.27241707,-0.0008,-0.0076,2.292,388.0,1.5571209073098713,-0.4129667905447724,0.00030000000000000003,-0.0085,103.0,-0.0068,0.002278578890291705,73.21008315894957,0.4291877098975121,0.36352449180140073,0.06566321809611136,42.51707354999998
2017-03-20,0,0,0,0,0,0,0,0,43.136795,-0.51124096,-0.0028,-0.0004,1.667,96.0,0.6471001677254459,-0.42700660930735806,-0.002,0.0072,-292.0,0.0024,-0.014039818762585643,66.34176946612651,0.422693016564871,0.37535819675409476,0.04733481981077625,42.57015529999998
2017-03-21,0,0,0,0,0,0,0,0,42.25359,-2.0474553,-0.0157,-0.0013,2.458,376.0,1.7252918036972587,-0.5177681571003964,-0.012899999999999998,-0.0009,280.0,0.0144,-0.0907615477930383,47.30098711277575,0.3423324674687578,0.36875305089702737,-0.026420583428269584,42.57231749999998
2017-03-22,0,0,0,0,0,0,0,0,42.236694,-0.039988756,-0.0019,-0.0001,2.625,426.0,1.8918151621644113,-0.4179822359100734,0.013799999999999998,0.0012,50.0,0.0018,0.09978592119032298,47.02294242341861,0.27412286954480436,0.3498270146265828,-0.07570414508177842,42.568440999999986
2017-03-23,0,0,0,0,0,0,0,0,41.732216,-1.1943996,-0.0018,-0.0006,1.958,437.0,0.9118020158584689,-0.41700716920865627,0.00010000000000000005,-0.0004999999999999999,11.0,0.0012000000000000001,0.0009750667014171155,39.547940818842584,0.1773151347662676,0.31532463865451976,-0.13800950388825217,42.54023514999999
2017-03-24,0,0,0,0,0,0,0,0,41.50806,-0.5371332,-0.0061,-0.0015,1.583,311.0,0.34299013209636875,-0.44713564621651136,-0.0043,-0.0009000000000000001,-126.0,0.0046,-0.030128477007855092,36.75231520186848,0.0815665433042696,0.2685730195844697,-0.18700647628020012,42.50874899999998
2017-03-27,0,0,0,0,0,0,0,0,41.67556,0.40353537,-0.001,-0.0052,0.75,102.0,-0.9279745007287452,-0.427315479551428,0.0051,-0.0036999999999999997,-209.0,-0.0042,0.01982016666508335,40.15656022342124,0.01898213069667065,0.21865484180690992,-0.19967271111023926,42.48101539999998
2017-03-28,0,0,0,0,0,0,0,0,41.78093,0.25283098,-0.0041,-0.0023,0.5,206.0,-1.3038881546824679,-0.4351721227689827,-0.0031000000000000003,0.0029,104.0,0.0018000000000000004,-0.007856643217554693,42.261915542430515,-0.021861977536595134,0.1705514779382089,-0.19241345547480404,42.470329699999986
2017-03-29,0,0,0,0,0,0,0,0,42.24017,1.0991693,-0.0011,-0.001,0.708,204.0,-0.9603334001246769,-0.4101260643143242,0.003,0.0013,-2.0,0.00010000000000000005,0.025046058454658515,50.44478510746623,-0.016978677975345136,0.1330454467554981,-0.15002412473084323,42.45323219999999
2017-03-30,0,0,0,0,0,0,0,0,42.220787,-0.045889616,-0.0036,-0.0018,0.583,215.0,-1.1122539735079666,-0.4016460153634297,-0.0024999999999999996,-0.0007999999999999999,11.0,0.0018,0.008480048950894492,50.12190831830663,-0.014505464040169613,0.10353526459636456,-0.11804072863653417,42.452312849999984
2017-03-31,0,0,0,0,0,0,0,0,42.137287,-0.19776821,-0.0041,-0.0121,0.0,209.0,-1.9697341241556803,-0.3882665521068205,-0.0005000000000000004,-0.0103,-6.0,-0.008,0.013379463256609214,48.676501595806556,-0.019063425042077142,0.07901552666867621,-0.09807895171075336,42.44913159999998
2017-04-03,0,0,1,0,0,0,0,0,42.58212,1.0556817,-0.0358,0.008,3.042,0.0,2.3704690013111236,-0.6596215505088515,-0.0317,0.0201,-209.0,0.0438,-0.27135499840203103,55.96237422848529,0.013068023461187295,0.06582602602717844,-0.05275800256599114,42.472690249999985
2017-04-04,0,0,1,0,0,0,0,0,42.374367,-0.4878819,-0.1427,-0.0003,2.625,0.0,1.7367324822675476,-1.560668522191985,-0.1069,-0.0083,0.0,0.1424,-0.9010469716831334,52.232925323016865,0.021520423018316137,0.05696490542540598,-0.03544448240708984,42.47621884999998
2017-04-05,0,0,1,0,0,0,0,0,42.192455,-0.42930245,-0.0745,0.0004,1.833,0.0,0.619657670064231,-0.929803329001443,0.0682,0.0007,0.0,0.0749,0.6308651931905419,49.14459986255348,0.013385927822127996,0.048249109904750384,-0.03486318208262239,42.46446409999998
2017-04-06,0,0,1,0,1,1,0,0,42.002846,-0.44940114,0.0389,-0.0002,1.417,0.0,0.044674772929290216,0.07765387664257713,0.1134,-0.0006000000000000001,0.0,-0.039099999999999996,1.00745720564402,46.085951485422285,-0.008265302634399063,0.036946227396920495,-0.04521153003131956,42.43279164999998
2017-04-07,0,0,1,0,0,0,0,0,41.853992,-0.3543973,0.1074,-0.0005,2.0,0.0,0.8231455870915328,0.678187567101815,0.0685,-0.00030000000000000003,0.0,-0.1079,0.6005336904592379,43.78219018687767,-0.03700871905891745,0.022155238105752907,-0.05916395716467036,42.38481684999998
2017-04-10,0,0,1,0,0,0,0,0,41.834114,-0.04749298,0.3686,-0.0073,2.375,0.0,1.3105966807695373,2.7605463222531346,0.2612,-0.0068000000000000005,0.0,-0.37589999999999996,2.0823587551513194,43.469688541362196,-0.06069244737945212,0.005585701008711901,-0.06627814838816402,42.327958199999976
2017-04-11,0,0,1,0,0,0,0,0,41.74365,-0.21623969,0.3419,-0.0056,1.208,0.0,-0.3314804020252543,2.3975909593669518,-0.0267,0.0017000000000000001,0.0,-0.3475,-0.3629553628861828,42.000436139165366,-0.08577292458352304,-0.012686024109735086,-0.07308690047378795,42.26327129999998
2017-04-12,0,0,1,0,0,0,0,0,41.822178,0.18812418,0.5705,-0.001,1.458,0.0,0.026017921602632128,3.6488762899560365,0.22860000000000003,0.0046,0.0,-0.5715,1.2512853305890848,43.77690684046151,-0.09818106000456339,-0.029785031288700747,-0.06839602871586264,42.19634739999998
2017-04-13,0,0,1,0,0,0,0,0,41.75856,-0.15212297,0.0557,-0.0009,1.125,0.0,-0.4364150304620004,0.029552188403066455,-0.5148,0.00010000000000000005,0.0,-0.0566,-3.6193241015529702,42.637534777452565,-0.11185860131729441,-0.04619974529441948,-0.06565885602287494,42.12224189999998
2017-04-14,0,0,1,0,0,0,0,0,41.75856,0.0,0.0688,-0.0009,0.083,0.0,-1.8379122966296935,0.12224800980094949,0.0131,0.0,0.0,-0.0697,0.09269582139788304,42.63753477745257,-0.12129988181795426,-0.06121977259912644,-0.06008010921882782,42.04224654999997
2017-04-17,0,0,1,0,0,0,0,0,42.501606,1.7793894,-0.0611,-0.0013,1.792,0.0,0.4909436996454793,-0.7665196780310516,-0.12990000000000002,-0.00039999999999999996,0.0,0.0598,-0.8887676878320011,57.58951690756584,-0.0680402368333688,-0.06258386544597491,-0.005456371387393882,42.01048709999998
2017-04-18,0,0,1,0,1,0,0,1,42.444946,-0.13331175,0.0539,0.0003,2.208,0.0,1.043513053961309,0.06375404509170009,0.115,0.0015999999999999999,0.0,-0.0536,0.8302737231227517,56.38264287235496,-0.0300570934769695,-0.05607851105217383,0.026021417575204334,42.02005489999998
2017-04-19,0,0,1,0,0,0,0,0,42.57019,0.29507875,0.0611,0.0005,1.25,0.0,-0.26654443295830227,0.13896323999357388,0.007199999999999998,0.00020000000000000004,0.0,-0.0606,0.07520919490187379,58.45517142535287,0.01003528486182148,-0.04285575186937477,0.05289103673119625,42.036729699999974
2017-04-20,0,0,1,0,0,0,0,0,42.74763,0.41681528,0.0399,0.0002,1.5,0.0,0.10641202503853334,0.009698346988144394,-0.021200000000000004,-0.00030000000000000003,0.0,-0.0397,-0.12926489300542948,61.263457294444336,0.05548708800633051,-0.023187183894233715,0.07867427190056422,42.08750039999997
2017-04-21,0,0,1,0,0,0,0,0,42.691475,-0.1313746,0.036,-0.0002,0.708,0.0,-0.975911806925852,0.0645984016357954,-0.0039000000000000007,-0.0004,0.0,-0.036199999999999996,0.054900054647651006,59.88384949882519,0.0859855424585092,-0.001352638623685131,0.08733818108219434,42.14667114999997
2017-04-24,0,0,1,0,0,0,0,0,43.68451,2.3260832,0.0686,0.0001,1.0,0.0,-0.5396926137774548,0.433315074106979,0.0326,0.00030000000000000003,0.0,-0.06849999999999999,0.3687166724711836,71.92435436597977,0.18811691796994268,0.03654127269504043,0.15157564527490225,42.24711864999997
2017-04-25,0,0,1,0,0,0,0,0,44.17705,1.1275172,0.2042,0.0001,2.583,0.0,1.6450255252986077,1.7024992464394486,0.1356,0.0,0.0,-0.2041,1.2691841723324697,75.80352728988522,0.30528153504619837,0.09028932516527202,0.21499220988092635,42.36692464999997
2017-04-26,0,0,1,0,0,0,0,0,44.19197,0.03374815,0.0802,-0.0003,1.958,0.0,0.7543503830866248,0.5071198530742425,-0.124,-0.00039999999999999996,0.0,-0.08049999999999999,-1.1953793933652062,75.912099912673,0.3947883827834815,0.15118913668891393,0.24359924609456757,42.46451464999997
2017-04-27,0,0,1,0,0,0,0,0,44.30628,0.25868416,0.041,0.0022,2.625,0.0,1.6177882971978168,0.1275038101868892,-0.03919999999999999,0.0025,0.0,-0.0388,-0.3796160428873533,76.77206144002074,0.46953456397042004,0.21485822214521516,0.2546763418252049,42.56878929999997
2017-04-28,1,0,1,0,0,0,0,0,45.95042,3.710854,0.4264,0.0511,3.0,0.0,2.0135846537126545,3.350345390622783,0.3854,0.0489,0.0,-0.3753,3.222841580435894,85.04311078799839,0.6539020328323204,0.3026669842826362,0.3512350485496842,42.75944594999997
2017-05-01,0,0,1,0,0,0,0,0,46.362953,0.89776516,0.1887,0.0111,0.208,0.0,-1.6028789150398144,1.2732627794470204,-0.2377,-0.04,0.0,-0.1776,-2.0770826111757623,86.35591219099905,0.8238062203129317,0.4068948314886953,0.4169113888242364,42.948487599999964
2017-05-02,0,0,0,0,0,0,0,0,46.575172,0.45775175,0.022,0.0032,1.208,0.0,-0.2734008412769768,-0.1367832740087767,-0.16670000000000001,-0.0079,0.0,-0.018799999999999997,-1.410046053455797,86.98860356964829,0.9644630826374794,0.5184084817184521,0.44605460091902727,43.15852784999996
2017-05-03,0,0,1,0,1,0,0,0,47.13979,1.2122512,0.128,0.0011,1.792,0.0,0.4917108802311763,0.7375164630457529,0.10600000000000001,-0.0021000000000000003,0.0,-0.1269,0.8742997370545296,88.51458497879865,1.108714047904428,0.6364695949556473,0.4722444529487807,43.40589459999996
2017-05-04,0,0,1,0,0,0,0,0,47.45142,0.6610751,-0.0443,-0.2444,2.25,0.0,1.0603179165815146,-0.7036885073444142,-0.1723,-0.2455,0.0,-0.2001,-1.4412049703901673,89.26305641084278,1.2339556412286328,0.7559668042102443,0.47798883701838846,43.67832329999996
2017-05-05,0,0,1,0,1,0,1,0,47.230743,-0.46504736,0.1247,-0.2088,0.667,0.0,-1.0127420070154878,0.6938862146241226,0.169,0.03559999999999999,0.0,-0.3335,1.3975747219685368,85.03696596611364,1.3004133608845905,0.8648561155451135,0.43555724533947693,43.94716084999996
2017-05-08,0,0,1,0,0,0,0,0,47.648743,0.88500977,0.106,-0.0117,1.167,0.0,-0.3529693976094817,0.5206952004921956,-0.01870000000000001,0.19710000000000003,0.0,-0.1177,-0.17319101413192695,86.3547726448124,1.371006578724618,0.9660862081810144,0.4049203705436035,44.237892299999956
2017-05-09,0,0,0,0,0,0,0,0,47.55033,-0.2065301,0.023,-0.0018,0.875,0.0,-0.7151471169803999,-0.17650418542890164,-0.08299999999999999,0.0099,0.0,-0.0248,-0.6971993859210973,84.46857125129893,1.4028400390981517,1.0534369743644418,0.34940306473370986,44.52822629999996
2017-05-10,0,0,1,0,0,0,0,0,47.457382,-0.19547343,-0.0761,-0.0026,0.667,0.0,-0.981148148274885,-0.9885195428324899,-0.0991,-0.0007999999999999999,0.0,0.0735,-0.8120153574035882,82.63276740385794,1.4043793480620508,1.1236254491039637,0.2807538989580871,44.809986499999965
2017-05-11,0,0,1,0,0,0,0,0,47.509575,0.10997057,0.0362,-0.0069,0.792,0.0,-0.797351057646656,-0.061136756346972715,0.11230000000000001,-0.0043,0.0,-0.0431,0.9273827864855172,82.85806054932196,1.393744580463256,1.177649275375822,0.2160953050874339,45.09753724999997
2017-05-12,0,0,1,0,1,0,0,0,47.472294,-0.078463554,0.0726,-0.0007,0.708,0.0,-0.9094089093069873,0.23158057897957213,0.036399999999999995,0.0062,0.0,-0.0733,0.29271733532654487,82.03940756498491,1.3665553855586339,1.2154304974123844,0.15112488814624947,45.383223949999966
2017-05-15,0,0,1,0,0,0,0,0,47.675076,0.42716265,0.1305,-0.0009,2.083,0.0,0.8456686060162053,0.6931438780939122,0.05790000000000001,-0.00019999999999999998,0.0,-0.13140000000000002,0.4615632991143401,83.02201011888477,1.3458563709118962,1.2415156721122869,0.10434069879960939,45.641897449999966
2017-05-16,0,0,1,0,0,0,0,0,47.942966,0.5619168,-0.1258,-0.0004,1.375,0.0,-0.1172270182837147,-1.3935303892149455,-0.2563,0.0005,0.0,0.12539999999999998,-2.0866742673088576,84.24804670367708,1.3356719421042058,1.2603469261106706,0.07532501599353525,45.916798449999966
2017-05-17,0,0,1,0,1,0,0,1,46.82766,-2.3263216,0.0599,0.0004,2.5,0.0,1.373061346307836,0.11474872795817816,0.1857,0.0008,0.0,-0.059500000000000004,1.5082791171731238,63.64241152306429,1.2235010768890149,1.2529777562663393,-0.029476679377324455,46.12967194999997
2017-05-18,0,0,0,0,0,0,0,0,47.241676,0.8841276,0.022,0.0001,2.625,0.0,1.4988663739008694,-0.1981783501101873,-0.0379,-0.00030000000000000003,0.0,-0.0219,-0.31292707806836545,66.8806969466945,1.154701805545045,1.2333225661220806,-0.07862076057703549,46.354374249999964
2017-05-19,0,0,1,0,0,0,0,0,47.44794,0.43661594,0.044,0.0001,1.083,0.0,-0.5009156764190109,-0.026639930788213907,0.022,0.0,0.0,-0.043899999999999995,0.1715384193219734,68.39119153623304,1.104094355853391,1.2074769240683427,-0.10338256821495162,46.59219749999997
2017-05-22,0,0,1,0,0,0,0,0,47.916134,0.9867549,0.0376,0.0001,0.375,0.0,-1.4087097195722678,-0.08445535841205383,-0.006399999999999996,0.0,0.0,-0.0375,-0.05781542762383993,71.56169862682026,1.0892111818117414,1.1838237756170225,-0.09461259380528109,46.80377869999997
2017-05-23,0,0,1,0,1,0,0,0,48.238197,0.67214966,0.3019,-0.0009,1.292,0.0,-0.2083879401182829,1.9775828438085723,0.2643,-0.001,0.0,-0.3028,2.0620382022206263,73.52866156963042,1.0908295476559005,1.165224930024798,-0.07439538236889764,47.00683604999996
2017-05-24,0,0,1,0,0,0,0,0,48.589096,0.727427,0.2809,0.0052,0.875,0.0,-0.7393721773846574,1.7294750946255546,-0.02100000000000002,0.0060999999999999995,0.0,-0.2757,-0.2481077491830177,75.5156997081206,1.1076583351673506,1.1537116110533086,-0.04605327588595798,47.226692349999965
2017-05-25,0,0,1,0,0,0,0,0,49.297348,1.4576316,0.0917,0.0027,0.542,0.0,-1.1528057936766967,0.24796909542179002,-0.18919999999999998,-0.0024999999999999996,0.0,-0.08900000000000001,-1.4815059992037645,78.95023454583372,1.164719130680112,1.1559131149786692,0.008806015701442682,47.47624574999996
2017-05-26,0,0,1,0,0,0,0,0,49.367424,0.142169,0.1065,0.0007,0.208,0.0,-1.5636716105379254,0.34954347379981293,0.014799999999999994,-0.002,0.0,-0.10579999999999999,0.10157437837802291,79.26022649549884,1.201741837925951,1.1650788595681256,0.03666297835782539,47.647095949999965
2017-05-29,0,0,1,0,0,0,0,0,49.367424,0.0,0.2832,0.0114,0.0,0.0,-1.7848577435478854,1.6515207547196746,0.17670000000000002,0.010700000000000001,0.0,-0.2718,1.3019772809198618,79.26022649549884,1.2170531688117094,1.1754737214168425,0.041579447394866964,47.79731949999997
2017-05-30,0,0,0,0,0,0,0,0,49.511562,0.29195547,0.0248,-0.0011,1.208,0.0,-0.2654665007120233,-0.32527868887539285,-0.2584,-0.0125,0.0,-0.0259,-1.9767994435950675,79.96409365377187,1.2266778620263423,1.1857145495387424,0.04096331248759988,47.94413899999997
2017-05-31,0,0,1,0,0,0,0,0,49.060272,-0.9114802,0.0454,0.0007,1.667,0.0,0.30630882593911224,-0.17396255970789523,0.020600000000000004,0.0018,0.0,-0.044700000000000004,0.15131612916749762,71.753209473364,1.184238999308164,1.1854194394926267,-0.0011804401844628387,48.04016309999997
2017-06-01,0,1,0,0,0,0,0,0,49.119915,0.12156963,-0.0035,-0.0055,1.042,101.0,-0.4575188274993154,-0.5481793721728601,-0.048900000000000006,-0.0062,101.0,-0.0019999999999999996,-0.37421681246496485,72.16007548676096,1.1422514231123486,1.176785836216571,-0.03453441310422245,48.12358784999997
2017-06-02,0,0,0,0,0,0,0,0,49.50908,0.79227686,-0.0079,-0.0081,0.875,264.0,-0.6569930439985215,-0.5805818609877769,-0.004400000000000001,-0.0026,163.0,-0.0001999999999999988,-0.03240248881491681,74.71888259083755,1.1273825651456804,1.166905182002393,-0.039522616856712656,48.237504699999974
2017-06-05,0,0,0,0,0,0,0,0,49.894764,0.7790208,-0.0018,-0.0136,1.417,90.0,0.017048291287031624,-0.5335837368290193,0.006100000000000001,-0.0055,-174.0,-0.0118,0.04699812415875759,76.977319261517,1.1336523252556105,1.1602546106530365,-0.02660228539742593,48.34980574999998
2017-06-06,0,1,0,0,0,0,0,0,49.536907,-0.71721673,0.0195,0.0014,0.792,287.0,-0.7628005142586495,-0.3733603791549009,0.0213,0.015,197.0,-0.0181,0.16022335767411838,70.66913988230293,1.0970984185012185,1.147623372222673,-0.05052495372145449,48.44913459999998
2017-06-07,0,0,0,0,0,0,0,0,49.78095,0.4926443,0.0009,-0.0004,0.292,215.0,-1.3562840254317907,-0.5162954095627517,-0.0186,-0.0018,-72.0,-0.0013,-0.14293503040785077,72.33418585274191,1.075424589351755,1.1331836156484894,-0.05775902629673446,48.565312999999975
2017-06-08,0,0,0,0,0,0,0,0,49.914642,0.2685666,-0.0004,-0.0041,0.5,213.0,-1.0640643242361154,-0.5263745358476316,-0.0013,-0.0037,-2.0,-0.0037,-0.010079126284879947,73.23071007876851,1.0568530070910356,1.1179174939369987,-0.061064486845963106,48.685566349999974
2017-06-09,0,0,0,0,0,0,0,0,48.216827,-3.4014404,-0.0003,0.0005,1.125,224.0,-0.27572065626256614,-0.5256899012259555,0.00010000000000000005,0.0046,11.0,0.0007999999999999999,0.0006846346216761168,50.7423143390046,0.8948204795979819,1.0732980910691954,-0.17847761147121344,48.72279299999997
2017-06-12,0,0,0,0,0,0,0,0,47.803802,-0.85659623,-0.0069,-0.005,0.75,93.0,-0.7198270701416982,-0.5755868784789002,-0.0066,-0.0055,-131.0,0.0018999999999999998,-0.04989697725294473,46.96397681115767,0.7247266705410524,1.0035838069635667,-0.2788571364225143,48.72922929999997
2017-06-13,0,0,0,0,0,0,0,0,48.235714,0.90351105,-0.0042,-0.0026,1.042,181.0,-0.3347591496307297,-0.5568639240916603,0.0027,0.0024000000000000002,88.0,0.0015999999999999999,0.01872295438723992,51.06727864059772,0.6176578153478403,0.9263986086404215,-0.3087407932925812,48.74386669999997
2017-06-14,0,0,0,0,0,0,0,0,48.10798,-0.26481748,-0.0016,-0.0003,0.875,270.0,-0.5192395109747383,-0.5369712163187931,0.0026,0.0023,89.0,0.0013000000000000002,0.019892707772867224,49.83919083216524,0.5165435177993345,0.8444275904722041,-0.32788407267286956,48.80788269999997
2017-06-15,0,0,0,0,0,0,0,0,47.72279,-0.8006811,-0.0053,-0.005,1.333,197.0,0.08310955899562517,-0.5647620871070759,-0.0037,-0.0047,-73.0,0.0002999999999999999,-0.027790870788282795,46.228813245200975,0.4007089710841356,0.7556838665945904,-0.3549748955104548,48.83193839999997
2017-06-16,0,0,0,0,0,0,0,0,47.645256,-0.16247034,-0.0772,-0.105,1.208,152.0,-0.07055524778371096,-1.0985461727280155,-0.0719,-0.09999999999999999,-45.0,-0.02779999999999999,-0.5337840856209396,45.51410382372638,0.2992038764088676,0.6643878685574458,-0.3651839921485782,48.84180419999997
2017-06-19,0,0,0,0,0,0,0,0,48.470306,1.7316461,-0.0054,-0.0043,1.0,143.0,-0.3462683548641216,-0.5514519274187989,0.0718,0.1007,-9.0,0.0011000000000000003,0.5470942453092166,53.71449438011736,0.28208331646204954,0.5879269581383666,-0.30584364167631706,48.86951279999998
2017-06-20,0,0,0,0,0,0,0,0,48.160664,-0.6388247,0.0031,-0.0005,0.708,248.0,-0.7328580370885396,-0.48793606864357386,0.0085,0.0038,105.0,-0.0036,0.06351585877522503,50.634424329996385,0.2407543613303531,0.5184924387767639,-0.27773807744641077,48.86563614999998
2017-06-21,0,0,0,0,0,0,0,0,48.637806,0.99072456,-0.0002,-0.0007,0.375,233.0,-1.151777513724135,-0.5131970446189766,-0.0033,-0.00019999999999999998,-15.0,-0.0005,-0.025260975975402777,54.92375293198314,0.24369309606957046,0.4635325702353252,-0.21983947416575472,48.868071649999976
2017-06-22,0,0,0,0,0,0,0,0,48.539894,-0.20130873,-0.0004,-0.0004,0.542,175.0,-0.9339042912801181,-0.5152373866822341,-0.0002,0.0003,-58.0,0.0,-0.0020403420632574276,53.88899642305288,0.23540775039722206,0.41790760626770457,-0.1824998558704825,48.830198949999975
2017-06-23,0,0,0,0,0,0,0,0,49.010567,0.9696722,-0.0002,0.0004,0.75,246.0,-0.6943365113700868,-0.5143465203420411,0.0002,0.0008,71.0,0.0006000000000000001,0.0008908663401929751,57.98663351162955,0.26378023740153367,0.3870821324944704,-0.12330189509293671,48.812356099999974
2017-06-26,0,0,0,0,0,0,0,0,48.314747,-1.4197409,-0.018,-0.0034,2.167,94.0,1.2374241038270866,-0.6532333504258221,-0.0178,-0.0038,-152.0,0.014599999999999998,-0.138886830083781,50.79957324652534,0.2274963427479193,0.35516497454516016,-0.12766863179724086,48.759722249999975
2017-06-27,0,1,1,0,0,0,0,0,47.1219,-2.4689019,-0.2905,-0.1025,3.167,425.0,2.522482155610892,-2.6075571432822175,-0.27249999999999996,-0.0991,331.0,0.188,-1.9543237928563955,41.340091516349844,0.10132035300223663,0.30439605023657546,-0.20307569723433883,48.64023914999997
2017-06-28,0,0,1,0,0,0,0,0,47.764046,1.3627291,-0.5165,-0.0514,1.833,337.0,0.7478537673266713,-3.710680103150944,-0.22599999999999998,0.05109999999999999,-88.0,0.46509999999999996,-1.1031229598687267,47.05567315138136,0.052535194620261905,0.25402387911331276,-0.20148868449305085,48.57542784999997
2017-06-29,0,0,1,1,0,0,0,0,46.61146,-2.413088,-0.0648,-0.0022,0.458,279.0,-1.0502709795557434,-0.7770547729383491,0.4517,0.0492,-58.0,0.0626,2.933625330212595,39.59780927287584,-0.07822966957780864,0.18757316937508847,-0.26580283895289714,48.45000509999997
2017-06-30,0,0,0,0,0,0,0,0,46.206886,-0.86796284,-0.0279,-0.0012,0.292,181.0,-1.2257252524854474,-0.5246022706125012,0.036899999999999995,0.0010000000000000002,-98.0,0.0267,0.2524525023258479,37.35953532284035,-0.21206297720219425,0.10764594005963192,-0.31970891726182615,48.28489539999997
2017-07-03,0,0,1,1,0,0,0,0,45.69893,-1.0993063,-0.0381,-0.0049,0.25,52.0,-1.2423818280644732,-0.565311202575373,-0.0102,-0.0037,-129.0,0.0332,-0.04070893196287184,34.70693878086117,-0.3550221671962035,0.015112318608464834,-0.37013448580466835,48.07510369999997
2017-07-04,0,1,1,0,0,0,0,0,45.69893,0.0,-0.0708,-0.0018,0.208,138.0,-1.2583057726354114,-0.758561729615733,-0.0327,0.0031,86.0,0.069,-0.19325052704035994,34.706938780861165,-0.4629813939186178,-0.0805064238969517,-0.3824749700216661,47.88320484999997
2017-07-05,0,0,1,0,0,0,0,0,46.335114,1.3921142,-0.0497,-0.0012,0.625,66.0,-0.695122618714586,-0.6161478484121913,0.0211,0.0006000000000000001,-72.0,0.0485,0.1424138812035417,40.81122768618746,-0.49153897161944116,-0.1627129334414496,-0.32882603817799155,47.710913049999974
2017-07-06,0,1,0,0,0,0,0,0,46.107983,-0.49020648,-0.0253,-0.0091,0.583,163.0,-0.7344971657404651,-0.41618320976451506,0.0244,-0.0079,97.0,0.0162,0.19996463864767622,39.395143446636446,-0.526430270711316,-0.23545640089542288,-0.2909738698158931,47.520580099999975
2017-07-07,0,0,0,0,0,0,0,0,46.760067,1.4142632,-0.0064,-0.0006,0.25,183.0,-1.1739008128843471,-0.2603002301898553,0.0189,0.0085,20.0,0.0058000000000000005,0.15588297957465974,45.2669396817863,-0.4957494563734812,-0.2875150119910346,-0.20823444438244665,47.44774209999998
2017-07-10,0,0,0,0,0,0,0,0,47.266525,1.0831118,-0.0045,0.0001,0.833,95.0,-0.39804477503113456,-0.25377949197955485,0.0019000000000000006,0.0007,-88.0,0.0046,0.00652073821030047,49.369896432704266,-0.42566100689086994,-0.31514421097100165,-0.1105167959198683,47.42087824999997
2017-07-11,0,0,0,0,0,0,0,0,47.392273,0.26603937,-0.0072,0.0001,1.417,291.0,0.38690582312810595,-0.2667693974463762,-0.0027,0.0,196.0,0.0073,-0.012989905466821328,50.364796248579836,-0.35586638684733174,-0.3232886461462677,-0.03257774070106406,47.378706199999975
2017-07-12,0,0,0,0,0,0,0,0,48.094555,1.4818549,-0.0018,-0.0004,1.917,293.0,1.0255077212425017,-0.21673962797188795,0.0054,-0.0005,2.0,0.0014,0.05002976947448823,55.61095545500471,-0.2411060390998614,-0.3068521247369864,0.06574608563712503,47.37803494999998
2017-07-13,0,0,0,0,0,0,0,0,48.153706,0.1229763,-0.0055,-0.0012,1.375,422.0,0.3168036659661487,-0.23950450143984486,-0.0036999999999999997,-0.0007999999999999999,129.0,0.0043,-0.022764873467956914,56.03247615055405,-0.14372784027663243,-0.27422726784491563,0.1304994275682832,47.39958074999997
2017-07-14,0,0,0,0,0,0,0,0,48.554302,0.83191395,-0.0038,-0.0012,0.208,266.0,-1.194816772354128,-0.2210765742044553,0.0016999999999999997,0.0,-156.0,0.0026,0.018427927235389552,58.88035593321068,-0.033840079486047614,-0.22614983017314202,0.1923097506870944,47.44503304999997
2017-07-17,0,0,1,0,0,0,0,0,48.507084,-0.09724498,-0.0308,0.0003,0.375,76.0,-0.9564181997192189,-0.4175486457614564,-0.027,0.0014999999999999998,-190.0,0.031100000000000003,-0.19647207155700108,58.400191948738176,0.04887328386254097,-0.17114520736600541,0.2200184912285464,47.44687194999997
2017-07-18,0,0,0,0,0,0,0,0,49.05331,1.1260748,-0.0145,-0.0019,1.25,183.0,0.20926393020126208,-0.2672655743190441,0.016300000000000002,-0.0022,107.0,0.0126,0.15028307144241232,62.23671959913361,0.15669382456172087,-0.10557740098046016,0.262271225542181,47.49150424999997
2017-07-19,0,0,0,0,0,0,0,0,49.34258,0.5896926,-0.0007,0.0001,1.625,353.0,0.7218086666472578,-0.14805009858931836,0.013800000000000002,0.002,170.0,0.0008,0.11921547572972571,64.1237122759868,0.2624585920660749,-0.03197020237115314,0.294428794437228,47.52674294999997
2017-07-20,0,0,0,0,0,0,0,0,49.31375,-0.058418512,-0.0017,0.0002,0.625,279.0,-0.5969462160145006,-0.15034177819693653,-0.001,0.0001,-74.0,0.0019,-0.002291679607618169,63.78163668107866,0.34003191598468163,0.04243022130001381,0.2976016946846678,47.56543574999997
2017-07-21,0,0,0,0,0,0,0,0,49.39576,0.16629696,-0.0005,-0.0009,0.625,288.0,-0.5780478363439792,-0.09346236724552305,0.0012,-0.0011,9.0,-0.00039999999999999996,0.05687941095141348,64.36400689361777,0.4034758373911771,0.11463934451824646,0.2888364928729306,47.58469539999997
2017-07-24,0,0,0,0,0,0,0,0,49.61793,0.44976473,0.0024,-0.0101,2.042,92.0,1.4694639476848668,-0.04194464116268765,0.0029,-0.0092,-196.0,-0.012499999999999999,0.0515177260828354,65.96081515224016,0.46630756114394245,0.18497298784338567,0.2813345733005568,47.64985454999997
2017-07-25,0,1,1,0,0,0,0,0,48.16266,-2.9329479,-0.236,-0.0265,2.542,330.0,2.0912586422826305,-2.0506320542460412,-0.2384,-0.016399999999999998,238.0,0.2095,-2.0086874130833534,50.11888346814375,0.39413073432751844,0.22680453714021223,0.1673261971873062,47.70189254999997
2017-07-26,0,1,1,0,0,0,0,0,47.97776,-0.38389564,-0.0496,-0.0076,1.0,339.0,-0.07757095451438578,-0.4282020963385577,0.18639999999999998,0.0189,9.0,0.041999999999999996,1.6224299579074835,48.52425676588649,0.31834056249895326,0.24511174221196044,0.07322882028699282,47.712578249999964
2017-07-27,0,0,0,0,0,0,0,0,47.341576,-1.3259947,-0.0013,-0.0058,1.083,293.0,0.07086429966430277,-0.0161426593951242,0.048299999999999996,0.0018000000000000004,-46.0,-0.0045,0.4120594369434335,43.40688698672446,0.20458326477002942,0.23700604672357423,-0.03242278195354481,47.74908404999997
2017-07-28,0,0,0,0,1,0,0,0,47.630836,0.61101913,-0.0007,0.0089,0.417,286.0,-0.8971493191142175,0.007255355468088212,0.0006,0.0147,-7.0,0.0096,0.023398014863212413,46.18580101415849,0.13620061538389194,0.21684496045563778,-0.08064434507174584,47.82028154999997
2017-07-31,0,0,0,0,0,0,0,0,46.993168,-1.3387859,0.003,0.0011,0.292,64.0,-1.0488697444035182,0.05512141987197752,0.0037,-0.0078,-222.0,-0.0019,0.04786606440388931,41.363843908722906,0.030204219250784092,0.17951681221466703,-0.14931259296388294,47.88499344999997
2017-08-01,0,0,0,0,0,0,0,0,47.04585,0.112104416,-0.0038,0.0004,0.625,263.0,-0.5591006015227197,-0.0009566454241698186,-0.0068000000000000005,-0.0007000000000000001,199.0,0.0042,-0.05607806529614734,41.90350007682328,-0.04898304517544716,0.13381684073664418,-0.18279988591209134,47.95233944999997
2017-08-02,0,0,0,0,1,0,0,0,47.09953,0.11409521,-0.0018,-0.0011,0.125,203.0,-1.2540812164262383,0.005789742244397452,0.002,-0.0015,-60.0,0.0006999999999999999,0.006746387668567271,42.48436150046658,-0.10618397262990698,0.08581667806333396,-0.19200065069324093,47.990560249999966
2017-08-03,0,0,0,0,0,0,0,0,46.734715,-0.7745564,-0.0002,-0.0003,0.333,155.0,-0.9395007999107581,0.0253704192001962,0.0015999999999999999,0.0008000000000000001,-48.0,-9.999999999999996e-05,0.01958067695579875,39.58751383798935,-0.17889149160271245,0.03287504413012468,-0.21176653573283713,48.02189684999997
2017-08-04,0,1,0,0,0,0,0,0,47.007584,0.58386326,0.001,0.0277,0.875,189.0,-0.17462983672464694,0.04678223387383958,0.0012000000000000001,0.028,34.0,0.026699999999999998,0.021411814673643375,42.73285864930772,-0.2120500948822368,-0.016109983672347616,-0.1959401112098892,48.03427269999996
2017-08-07,0,1,0,0,0,0,0,0,47.005592,-0.0042259693,-0.005,-0.0013,1.333,225.0,0.5030568943767355,0.013631986749318807,-0.006,-0.028999999999999998,36.0,0.0037,-0.03315024712452077,42.715374456393725,-0.23577143825072255,-0.06004227458802261,-0.17572916366269994,48.02122604999996
2017-08-08,0,0,0,0,0,0,0,0,46.92806,-0.16495585,-0.0195,-0.001,2.167,500.0,1.6551877985683987,-0.13443017342064867,-0.014499999999999999,0.0002999999999999999,275.0,0.0185,-0.14806216016996748,41.995164262490974,-0.25785457122317723,-0.09960473391505353,-0.1582498373081237,47.99801539999996
2017-08-09,0,0,0,0,0,0,0,0,46.723785,-0.43528676,-0.0337,-0.013,1.167,584.0,0.28098688156101526,-0.2501656889305397,-0.0142,-0.012,84.0,0.020700000000000003,-0.11573551550989103,40.077828620812966,-0.28851309909364176,-0.13738640695077117,-0.15112669214287058,47.929476899999955
2017-08-10,0,0,0,0,0,0,0,0,45.904194,-1.754111,-0.034,-0.0102,1.0,347.0,0.07881714181574116,-0.24439809578220528,-0.00030000000000000165,0.0027999999999999987,-237.0,0.0238,0.005767593148334416,33.474287990534265,-0.3746258933044686,-0.18483430422151065,-0.18979158908295796,47.81700129999996
2017-08-11,0,1,0,0,1,0,0,0,46.227264,0.7037759,-0.0062,-0.0053,1.5,464.0,0.8409490684777474,0.017106637144734642,0.027800000000000002,0.004900000000000001,117.0,0.0008999999999999998,0.26150473292693993,37.823242592193765,-0.4120519754547871,-0.23027783846816594,-0.18177413698662118,47.70064939999996
2017-08-14,0,0,0,0,0,0,0,0,46.666622,0.95044374,-0.0025,-0.0007,1.542,142.0,0.876137746990683,0.05715229413101906,0.0036999999999999997,0.0046,-322.0,0.0018,0.04004565698628442,43.25601789191752,-0.40163015405740055,-0.26454830158601284,-0.1370818524713877,47.608626299999955
2017-08-15,0,0,0,0,0,0,0,0,46.624386,-0.090521574,-0.0019,-0.0001,1.167,450.0,0.299541879221342,0.1175360603859214,0.0006000000000000001,0.0006,308.0,0.0018,0.06038376625490234,42.8682442406288,-0.39225718112147234,-0.2900900774931047,-0.10216710362836762,47.487180099999954
2017-08-16,0,0,0,0,0,0,0,0,46.932037,0.6598592,-0.0015,-0.0004,0.917,318.0,-0.08885966675673815,0.1817068840117777,0.00039999999999999996,-0.00030000000000000003,-132.0,0.0011,0.0641708236258563,46.621905347497986,-0.35590155638681154,-0.30325237327184607,-0.05264918311496547,47.36665294999996
2017-08-17,0,0,0,0,0,0,0,0,46.10648,-1.7590344,-0.0013,0.0008,1.167,351.0,0.2832596560164747,0.2027689801975943,0.0002000000000000001,0.0012000000000000001,33.0,0.0021,0.021062096185816587,39.18243052544792,-0.3892183454820284,-0.32044556771388255,-0.06877277776814583,47.20628944999996
2017-08-18,0,0,0,0,0,0,0,0,46.03292,-0.15953779,-0.0047,0.001,0.083,238.0,-1.3924867902144233,0.18906740437514472,-0.0034000000000000002,0.00019999999999999998,-113.0,0.0057,-0.013701575822449574,38.59151764366211,-0.4167537404086872,-0.33970720225284345,-0.07704653815584372,47.038147449999954
2017-08-21,0,0,0,0,0,0,0,0,45.769005,-0.5733311,-0.0061,-0.0007,0.958,101.0,-0.06420696646879054,0.2522639517823542,-0.0014000000000000002,-0.0017000000000000001,-137.0,0.0054,0.06319654740720951,36.46663562927072,-0.45463077358018467,-0.3626919165183117,-0.09193885706187299,46.84570119999996
2017-08-22,0,0,0,0,0,0,0,0,46.739685,2.1208286,-0.0003,-0.0004,1.208,381.0,0.3306698260821961,0.3291108016777207,0.0058000000000000005,0.0003,280.0,-0.00010000000000000005,0.0768468498953665,47.8418982072526,-0.4016923719501051,-0.3704920076046704,-0.031200364345434717,46.77455244999996
2017-08-23,0,0,0,0,0,0,0,0,46.84804,0.23181438,-0.0019,-0.0001,1.833,347.0,1.3066313392034834,0.32107439288780326,-0.0016,0.00030000000000000003,-34.0,0.0018,-0.00803640878991746,48.940879908704844,-0.3469950217048847,-0.3657926104247132,0.018797588719828506,46.71806644999996
2017-08-24,0,0,0,0,0,0,0,0,46.565228,-0.6036639,-0.0038,-0.0003,1.0,429.0,-0.0011261071449721913,0.2977145468912118,-0.0019,-0.00019999999999999998,82.0,0.0035,-0.023359845996591466,46.20443976808914,-0.3227471145702552,-0.35718351125382164,0.03443639668356646,46.67924904999996
2017-08-25,0,0,0,0,0,0,0,0,46.24764,-0.682044,-0.002,0.0005,0.458,273.0,-0.837039535623575,0.31858544695063623,0.0018,0.0007999999999999999,-156.0,0.0025,0.020870900059424435,43.27804603348732,-0.3254060920052808,-0.35082802740411345,0.02542193539883264,46.61008924999996
2017-08-28,0,0,0,0,0,0,0,0,46.129845,-0.25470257,-0.0007,0.0005,0.5,69.0,-0.7467623834169373,0.33435806215914715,0.0013,0.0,-204.0,0.0012000000000000001,0.01577261520851092,42.21018734684052,-0.3331777570383636,-0.34729797333096346,0.014120216292599852,46.56692309999996
2017-08-29,0,0,0,0,0,0,0,0,46.508575,0.8210063,-0.0016,-0.0022,0.958,173.0,-0.03631206197850011,0.32825949401312554,-0.0009000000000000001,-0.0027,104.0,-0.0006000000000000001,-0.00609856814602161,46.75882465726577,-0.3052576911008771,-0.3388899168849462,0.0336322257840691,46.540059349999964
2017-08-30,0,0,0,0,0,0,0,0,46.90022,0.8420944,-0.0014,-0.0007,1.333,394.0,0.5263033160605753,0.33125793106529666,0.0002000000000000001,0.0015,221.0,0.0007,0.0029984370521711212,51.04958231874491,-0.24866193925696933,-0.3208443213593508,0.07218238210238148,46.530093849999965
2017-08-31,0,0,0,0,0,0,0,0,47.477264,1.2303591,-0.0094,-0.0014,0.583,296.0,-0.6573284931196244,0.23442301676965965,-0.008,-0.0007,-98.0,0.008,-0.09683491429563701,56.59944981016767,-0.15545478394614065,-0.28776641387670876,0.1323116299305681,46.56722129999996
2017-09-01,0,0,0,0,0,0,0,0,47.31573,-0.34023523,-0.0012,-0.0003,0.208,220.0,-1.209258485533893,0.33597096230300416,0.0082,0.0011,-76.0,0.0009,0.10154794553334451,54.72884437771391,-0.09354357355792331,-0.24892184581295168,0.15537827225502837,46.582628599999964
2017-09-04,0,0,0,0,0,0,0,0,47.31573,0.0,-0.0045,-0.0003,0.0,63.0,-1.4862523182251883,0.29464891883689565,-0.0033,0.0,-157.0,0.0042,-0.041322043466108516,54.728844377713905,-0.043971615862787417,-0.20793179982291882,0.1639601839601314,46.59813549999997
2017-09-05,0,0,0,0,0,0,0,0,46.79337,-1.1039972,-0.0056,-0.0008,0.667,155.0,-0.45624445595528057,0.28136770353833834,-0.0011000000000000003,-0.0005,92.0,0.0048,-0.013281215298557303,48.69332380387297,-0.04630183002343813,-0.17560580586302268,0.12930397583958456,46.59140099999997
2017-09-06,0,0,0,0,0,0,0,0,46.820198,0.05735159,-0.0016,0.0002,0.583,190.0,-0.5754607231857706,0.33080273197845633,0.004,0.001,35.0,0.0018000000000000002,0.04943502844011799,49.00437682789751,-0.04545971484989764,-0.14957658766039766,0.10411687281050003,46.59622164999997
2017-09-07,0,0,0,0,0,0,0,0,47.211357,0.83544254,-0.003,-0.0002,0.292,219.0,-0.9863443840875727,0.3129816293315096,-0.0014,-0.0004,29.0,0.0028,-0.01782110264694675,53.4369105472725,-0.013078311624468597,-0.12227693245321185,0.10919862082874325,46.66157979999997
2017-09-08,0,0,0,0,0,0,0,0,46.789886,-0.8927405,-0.0009,-0.001,0.792,260.0,-0.21935450412485388,0.32394466673350897,0.0021000000000000003,-0.0008,41.0,-0.00010000000000000005,0.010963037401999387,48.54106714149031,-0.021180844007680832,-0.10205771476410565,0.08087687075642482,46.68971089999997
2017-09-11,0,0,0,0,0,0,0,0,46.88332,0.1996994,-0.0095,-0.0022,1.417,53.0,0.7138178288717649,0.21832752913429304,-0.0086,-0.0012000000000000001,-207.0,0.007299999999999999,-0.10561713759921593,49.64253533582886,-0.019834180273647917,-0.0856130078660141,0.06577882759236618,46.70054579999997
2017-09-12,0,1,1,0,0,0,0,0,47.050323,0.35619736,-0.3475,-0.0567,1.125,153.0,0.26303214346334786,-3.4720751481382948,-0.33799999999999997,-0.0545,100.0,0.29079999999999995,-3.690402677272588,51.63524572645617,-0.0052308946669441525,-0.06953658522620011,0.06430569055925596,46.72184264999998
2017-09-13,0,0,0,0,0,0,0,0,47.238693,0.40035248,-0.0375,-0.0076,0.25,152.0,-1.0510403050832584,-0.04321005265605011,0.31,0.0491,-1.0,0.0299,3.428865095482245,53.85340213125678,0.021296703966996233,-0.05136992738756084,0.07266663135455707,46.73717544999998
2017-09-14,0,1,0,0,1,0,0,1,46.726265,-1.0847569,-0.0039,-0.0117,1.958,228.0,1.4602776757826332,0.3288286996385097,0.0336,-0.0041,76.0,-0.0078000000000000005,0.3720387522945598,47.47471444068909,0.0009602903158949516,-0.04090388384686968,0.04186417416276463,46.76816469999998
2017-09-15,0,1,1,0,0,0,0,0,46.485714,-0.5148232,-0.1642,-0.2013,1.833,382.0,1.2330578716115494,-1.3907519329016973,-0.16030000000000003,-0.18960000000000002,154.0,-0.037099999999999994,-1.719580632540207,44.79256410852277,-0.034172994343123264,-0.039557705946120396,0.005384711602997132,46.79080439999998
2017-09-18,0,0,0,0,1,0,0,1,46.21036,-0.5923331,-0.0043,-0.001,1.875,191.0,1.3161185749898725,0.3463472460065786,0.15990000000000001,0.2003,-191.0,0.0033,1.737099178908276,41.87610468716352,-0.08327519748801393,-0.0483012042544991,-0.03497399323351483,46.81287214999998
2017-09-19,0,0,0,0,0,0,0,0,46.56374,0.7647157,-0.0169,-0.0051,1.375,285.0,0.6823751152340528,0.17142126330963797,-0.012599999999999998,-0.0041,94.0,0.011799999999999998,-0.17492598269694065,46.67474517261442,-0.0926067219179103,-0.05716230778718134,-0.03544441413072896,46.80407489999998
2017-09-20,0,0,0,0,0,0,0,0,47.094555,1.1399746,-0.0018,-0.0037,2.5,318.0,2.409040989644647,0.36919944311943176,0.015099999999999999,0.0014000000000000002,33.0,-0.0019000000000000002,0.19777817980979379,52.95736838209941,-0.0565181815491016,-0.057033482539565396,0.0005153009904637976,46.816400649999984
2017-09-21,0,1,1,0,0,0,0,0,47.095047,0.0010490417,-0.0008,0.0788,3.0,665.0,2.907255209034341,0.36929321695154266,0.001,0.08249999999999999,347.0,0.07959999999999999,9.37738321108994e-05,52.96290003870253,-0.027560354404890575,-0.05113885691263043,0.02357850250773986,46.84289159999999
2017-09-22,0,0,1,0,0,0,0,0,46.88184,-0.452739,-0.0016,0.0327,0.708,352.0,-0.45317701079743816,0.34734003887786785,-0.0008,-0.046099999999999995,-313.0,0.0343,-0.021953178073674806,50.207688968794415,-0.021566485794416224,-0.04522438268898759,0.023657896894571366,46.874601599999984
2017-09-25,0,0,0,0,0,0,0,0,46.435516,-0.9520173,-0.0014,0.021,0.5,75.0,-0.7699566517765022,0.3400647006742496,0.0002000000000000001,-0.011699999999999999,-277.0,0.0224,-0.0072753382036182535,44.93750757986537,-0.052228856703081306,-0.04662527749180633,-0.005603579211274974,46.889885149999984
2017-09-26,0,0,0,0,0,0,0,0,46.59207,0.33715963,-0.0029,0.0036,1.375,246.0,0.5017709315777039,0.29588239054452814,-0.0014999999999999998,-0.017400000000000002,171.0,0.0065,-0.04418231012972146,47.037521825130504,-0.06316824295114998,-0.04993387058367506,-0.01323437236747492,46.89405989999999
2017-09-27,0,0,0,0,0,0,0,0,47.708878,2.396977,-0.0007,0.0019,2.125,336.0,1.5579265828436624,0.32062848158105295,0.0021999999999999997,-0.0017,90.0,0.0026,0.02474609103652481,59.039026010281106,0.01807097572003613,-0.03633290132293282,0.05440387704296895,46.93449279999999
2017-09-28,0,0,0,0,0,0,0,0,47.952915,0.51151514,-0.0097,0.0011,1.583,379.0,0.7368939958283522,0.15792545652553097,-0.009000000000000001,-0.0007999999999999999,43.0,0.0108,-0.16270302505552198,61.11268430500169,0.10098133820350341,-0.008870053417645574,0.10985139162114899,46.95827534999999
2017-09-29,0,0,0,0,0,0,0,0,48.395752,0.9234905,-0.0007,0.0021,0.917,299.0,-0.260738369726957,0.3142163843756306,0.009000000000000001,0.0009999999999999998,-80.0,0.0028,0.15629092785009963,64.6135600501996,0.20011484341757324,0.032926925949398195,0.16718791746817505,47.01227644999999
2017-10-02,0,0,1,0,0,0,0,0,48.085117,-0.6418705,-0.001,0.0614,1.375,136.0,0.40679799859769494,0.30783541337234765,-0.00030000000000000003,0.059300000000000005,-163.0,0.062400000000000004,-0.0063809710032829425,60.499135785876504,0.25072303304776966,0.0764861473690725,0.17423688567869716,47.05074579999998
2017-10-03,0,1,0,0,0,0,0,0,48.314243,0.47650337,-0.0041,0.0164,1.125,421.0,0.042427361948148494,0.25245907630259784,-0.0031000000000000003,-0.045,285.0,0.0205,-0.055376337069749815,62.40096189961133,0.3057939390765867,0.12234770571057535,0.18344623336601135,47.12678944999998
2017-10-04,0,0,0,0,0,0,0,0,48.050823,-0.54522157,-0.001,0.008,2.25,386.0,1.6892116897796097,0.30660870718594796,0.0031000000000000003,-0.008400000000000001,-35.0,0.009000000000000001,0.05414963088335012,58.890467639029595,0.32444226785612784,0.16276661813968585,0.161675649716442,47.188320699999984
2017-10-05,0,0,0,0,0,0,0,0,48.96584,1.9042611,-0.0001,-0.0008,2.0,1439.0,1.2889596192137798,0.32068210717480694,0.0009,-0.0088,1053.0,-0.0007,0.014073399988858981,66.03771735164733,0.40834824319216523,0.21188294315018172,0.1964653000419835,47.276044849999984
2017-10-06,0,0,0,0,0,0,0,0,49.385822,0.8576989,-0.0012,0.0001,0.458,461.0,-0.9633243096140424,0.300562055666918,-0.0010999999999999998,0.0009000000000000001,-978.0,0.0013,-0.020120051507888925,68.72537944730564,0.502935839330739,0.2700935223862932,0.23284231694444585,47.40584164999998
2017-10-09,0,0,0,0,0,0,0,0,49.319717,-0.13384819,-0.0021,0.0,1.667,123.0,0.7773180159575831,0.276321483710685,-0.0009,-0.0001,-338.0,0.0021,-0.024240571956233026,67.81568351380756,0.566038134432695,0.32928244479557356,0.23675568963712146,47.52766149999998
2017-10-10,0,0,0,0,0,0,0,0,49.09556,-0.45450926,-0.0059,0.0,1.167,443.0,0.04440115816861197,0.20711225795950527,-0.0038,0.0,320.0,0.0059,-0.06920922575117971,64.68880564140049,0.5911452074107757,0.38165499731861396,0.20949021009216173,47.62992334999997
2017-10-11,0,0,0,0,0,0,0,0,49.982735,1.8070459,-0.0011,0.0003,0.875,306.0,-0.3677390851480445,0.2913695387953483,0.0048,0.0003,-137.0,0.0014,0.08425728083584305,70.48859627414761,0.6748510884345009,0.4402942155417914,0.23455687289270954,47.76712544999997
2017-10-12,0,0,0,0,0,0,0,0,49.982735,0.0,-0.001,0.0023,1.292,339.0,0.23195376574972645,0.2929003490888695,0.00010000000000000005,0.002,33.0,0.0033,0.001530810293521201,70.48859627414761,0.7327420084566896,0.49878377412477104,0.23395823433191854,47.929948949999975
2017-10-13,0,0,0,0,0,0,0,0,50.09308,0.22075176,-0.0025,0.0009,0.25,359.0,-1.2899083230483965,0.2672396878271596,-0.0015,-0.0014,20.0,0.0034000000000000002,-0.025660661261709905,71.17161552580899,0.7785502562409476,0.5547370705480064,0.22381318569294129,48.11031724999997
2017-10-16,0,0,0,0,0,0,0,0,50.16663,0.146842,-0.0005,0.0001,0.375,43.0,-1.0718402641896623,0.30323202399124877,0.002,-0.0007999999999999999,-316.0,0.0006000000000000001,0.035992336164089145,71.64272546483946,0.8114347779381248,0.60607661202603,0.20535816591209477,48.308130749999975
2017-10-17,0,0,0,0,0,0,0,0,50.248642,0.1634717,-0.0003,-0.0006,1.583,241.0,0.760808689992019,0.2749029050143405,0.00020000000000000004,-0.0007,198.0,-0.0003,-0.028329118976908263,72.18849077486837,0.8344941521688085,0.6517601200545857,0.1827340321142228,48.49237584999997
2017-10-18,0,0,0,0,0,0,0,0,50.335125,0.17211437,0.0,0.0001,0.958,595.0,-0.19368459350096368,0.2652711030251636,0.0003,0.0007,354.0,0.0001,-0.009631801989176902,72.78334991140851,0.8499496373675655,0.6913980235171817,0.15855161385038374,48.65440434999997
2017-10-19,0,0,0,0,0,0,0,0,49.79338,-1.0762751,-0.0011,0.0001,1.417,358.0,0.4984024784680557,0.24281922779150536,-0.0011,0.0,-237.0,0.0012000000000000001,-0.02245187523365824,63.60564501451529,0.8091564746330562,0.7149497137403567,0.09420676089269953,48.789320999999966
2017-10-20,0,0,0,0,0,0,0,0,49.95391,0.32240152,-0.0012,0.0001,0.708,495.0,-0.594138140105899,0.2409644755165954,-9.999999999999983e-05,0.0,137.0,0.0013,-0.001854752274909971,65.01347071128751,0.7807806750589137,0.7281159060040681,0.05266476905484563,48.94292449999996
2017-10-23,0,0,0,0,0,0,0,0,48.983234,-1.9431531,-0.0007,0.0022,0.5,143.0,-0.9240865083454911,0.2524853967487734,0.0004999999999999999,0.0021000000000000003,-352.0,0.0029000000000000002,0.011520921232178016,51.932093692532,0.6722182944802171,0.7169363836992979,-0.044718089219080825,49.07031039999997
2017-10-24,0,0,0,0,0,0,0,0,49.129852,0.2993226,-0.0008,0.0012,0.375,333.0,-1.103997299566521,0.2493757487097858,-0.00010000000000000005,-0.0010000000000000002,190.0,0.002,-0.0031096480389876113,53.45550140588667,0.5911977137478459,0.6917886497090076,-0.10059093596116164,49.19719949999997
2017-10-25,0,0,0,0,0,0,0,0,49.277473,0.300467,-0.0055,-0.0001,0.333,236.0,-1.1823117002995187,0.1550287661108124,-0.004699999999999999,-0.0013,-97.0,0.005399999999999999,-0.0943469825989734,55.00182843317985,0.5327587890857544,0.6599826775843569,-0.12722388849860256,49.275629249999966
2017-10-26,0,0,0,0,0,0,0,0,49.275475,-0.004041195,-0.0012,0.0004,1.5,281.0,0.5969194393464279,0.24291090156875317,0.0043,0.0005,45.0,0.0015999999999999999,0.08788213545794077,54.97520697206858,0.48074259695351174,0.6241346614581879,-0.14339206450467612,49.341757249999965
2017-10-27,1,1,1,0,0,0,0,0,51.37538,4.261565,0.2314,0.0742,1.917,316.0,1.206388508134277,4.122693762782658,0.2326,0.0738,35.0,-0.1572,3.879782861213905,70.9109696341816,0.6020244111296336,0.619712611392477,-0.017688200262843456,49.49073864999996
2017-10-30,0,0,0,0,0,0,0,0,51.348545,-0.05224347,0.0081,0.0066,1.292,102.0,0.24369859444954972,0.29397493282743997,-0.2233,-0.06760000000000001,-214.0,-0.0014999999999999996,-3.828718829955218,70.5672447893949,0.6880444147020413,0.6333789720543899,0.054665442647651385,49.653910049999965
2017-10-31,0,0,0,0,0,0,0,0,51.344078,-0.008708239,-0.0036,-0.0013,1.542,311.0,0.6575466152933499,0.08919504002241609,-0.011699999999999999,-0.0079,209.0,0.0023,-0.2047798928050239,70.5059783727201,0.7472417005242775,0.6561515177483674,0.09109018277591008,49.80540179999996
2017-11-01,0,0,0,0,0,0,0,0,51.81897,0.92493296,-0.0017,-0.0004,1.458,460.0,0.5167397595817855,0.11275657922493112,0.0019,0.0009,149.0,0.0013,0.02356153920251504,73.17260050838973,0.8229888879858649,0.689518991795867,0.13346989618999794,49.99380914999996
2017-11-02,0,0,0,0,0,0,0,0,51.837612,0.035965443,-0.0048,-0.0002,0.792,391.0,-0.5210822500573946,0.0513483625048086,-0.0030999999999999995,0.0002,-69.0,0.0046,-0.061408216720122526,73.2747489188715,0.8744432953932488,0.7265038525153433,0.1479394428779055,50.13739774999997
2017-11-03,0,0,0,0,0,0,0,0,52.186516,0.6730795,-0.0032,-0.0004,0.875,286.0,-0.3755558443001035,0.07796349548171526,0.0015999999999999994,-0.0002,-105.0,0.0028,0.02661513297690666,75.17959556885722,0.9326242095113599,0.7677279239145467,0.16489628559681324,50.27743244999997
2017-11-06,0,0,0,0,0,0,0,0,51.823204,-0.6961942,-0.0006,-0.0003,0.417,71.0,-1.0579317625112552,0.1220612383410972,0.0026000000000000003,0.00010000000000000005,-215.0,0.0003,0.044097742859381936,69.61540428540829,0.9385971968174474,0.8019017784951268,0.13669541832232057,50.40260679999997
2017-11-07,0,0,0,0,0,0,0,0,52.305805,0.93125105,-0.0008,-0.0001,1.458,277.0,0.5554779221245552,0.11830798300988049,-0.0002000000000000001,0.00019999999999999998,206.0,0.0007,-0.003753255331216704,72.52439593211719,0.9710787088456598,0.8357371645652334,0.13534154428042644,50.56311904999997
2017-11-08,0,0,0,0,0,0,0,0,52.59905,0.56062937,0.0,-0.0005,0.75,371.0,-0.5398073964758524,0.13160865067020464,0.0008,-0.0004,94.0,-0.0005,0.013300667660324145,74.14424067337711,1.0088535264307765,0.870360436938342,0.13849308949243455,50.69393479999997
2017-11-09,0,0,0,0,0,0,0,0,52.07369,-0.9987891,-0.0001,0.0007,0.625,220.0,-0.7166301836061402,0.1295428390088979,-0.0001,0.0012000000000000001,-151.0,0.0008,-0.0020658116613067323,66.57193100475918,0.9850432151207613,0.8932969925748259,0.09174622254593545,50.798482549999974
2017-11-10,0,0,0,0,0,0,0,0,51.896263,-0.3407359,-0.0028,-0.0025,0.083,250.0,-1.5539990733647433,0.0826388210033528,-0.0027,-0.0032,30.0,0.0002999999999999999,-0.0469040180055451,64.18769038428144,0.9410091283095454,0.9028394197217697,0.038169708587775686,50.88864169999997
2017-11-13,0,0,0,0,0,0,0,0,51.749638,-0.28253198,-0.0036,-0.0024,0.917,101.0,-0.2643796205469796,0.06818613754157382,-0.0007999999999999999,0.00010000000000000026,-149.0,0.0012000000000000001,-0.014452683461778984,62.20498972862505,0.8840891556989448,0.8990893669172048,-0.015000211218260007,50.967792099999976
2017-11-14,0,1,1,0,0,0,0,0,51.77151,0.042259693,-0.1375,-0.001,0.875,222.0,-0.32048999528518096,-2.1062082827612083,-0.13390000000000002,0.0013999999999999998,121.0,0.1365,-2.1743944203027823,62.39160849567587,0.8311634203977718,0.8855041776133181,-0.05434075721554632,51.043935499999975
2017-11-15,0,1,0,0,1,0,0,0,51.51157,-0.5020857,-0.0055,-0.0021,0.625,279.0,-0.6805410184461973,0.0729141777161093,0.132,-0.0010999999999999998,57.0,0.0034,2.1791224604773176,58.68306852832617,0.7594894862398931,0.8603012393386331,-0.10081175309874002,51.10275774999998
2017-11-16,0,0,0,0,0,0,0,0,52.11097,1.1636257,-0.0056,-0.0026,0.875,287.0,-0.2882217427107813,0.07176211310724476,-0.00010000000000000026,-0.0005,8.0,0.003,-0.0011520646088645364,63.99729673334152,0.7424949282958053,0.8367399771300675,-0.09424504883426221,51.218637249999986
2017-11-17,0,0,0,0,0,0,0,0,51.485725,-1.1998415,-0.0009,-0.001,0.083,220.0,-1.491822306527132,0.1490189227616296,0.0047,0.0015999999999999999,-67.0,-0.00010000000000000005,0.07725680965438483,55.91786373353019,0.6708415290143037,0.8035602875069148,-0.13271875849261106,51.29522799999999
2017-11-20,0,0,0,0,0,0,0,0,51.42459,-0.11873841,-0.0016,-0.0006,0.375,66.0,-1.0368828490818247,0.1377196356951378,-0.0007000000000000001,0.0004000000000000001,-154.0,0.001,-0.011299287066491803,55.18426447265911,0.6021810420670946,0.7632844384189508,-0.16110339635185622,51.41729579999999
2017-11-21,0,0,0,0,0,0,0,0,52.201935,1.5116096,-0.0023,-0.001,0.958,168.0,-0.14405688263631902,0.12636316439979087,-0.0006999999999999999,-0.0004000000000000001,102.0,0.0013,-0.01135647129534692,62.00915704748071,0.6035351785948677,0.7313345864541342,-0.12779940785926647,51.57089994999999
2017-11-22,0,0,0,0,0,0,0,0,52.282448,0.1542449,-0.0018,-0.0006,1.0,343.0,-0.07134798170517437,0.13472710799020463,0.0005,0.0004000000000000001,175.0,0.0012000000000000001,0.008363943590413758,62.64370718903972,0.6041409074574275,0.7058958506547929,-0.10175494319736533,51.72114869999999
2017-11-23,0,0,0,0,0,0,0,0,52.282448,0.0,-0.0008,-0.0012,0.417,208.0,-0.9578687456061635,0.14883716494005086,0.001,-0.0006,-135.0,-0.00039999999999999986,0.01411005694984624,62.64370718903972,0.597730684686411,0.6842628174611165,-0.0865321327747055,51.87149734999999
2017-11-24,0,0,0,0,0,0,0,0,52.51107,0.43728352,-0.0009,-0.002,0.333,111.0,-1.0936292913998567,0.14710279598033418,-9.999999999999994e-05,-0.0008000000000000001,-97.0,-0.0011,-0.0017343689597166811,64.59138591734497,0.6041343371058545,0.6682371213900641,-0.06410278428420957,51.92828185
2017-11-27,0,0,0,0,0,0,0,0,53.280956,1.4661431,-0.0036,-0.0009,0.625,70.0,-0.6741548811634696,0.10230123688578385,-0.0027,0.0011,-41.0,0.0027,-0.04480155909455033,70.22185171206252,0.6636821293193123,0.6673261229759138,-0.0036439936566015074,52.024902399999995
2017-11-28,0,0,0,0,0,0,0,0,52.847553,-0.8134246,-0.0037,-0.0008,1.458,250.0,0.6074366315922084,0.1001242037048759,-0.00010000000000000026,9.999999999999994e-05,180.0,0.0029000000000000002,-0.00217703318090795,64.04754683836097,0.6681995946794999,0.667500817316631,0.0006987773628688299,52.10007614999999
2017-11-29,0,0,0,0,0,0,0,0,51.55978,-2.436781,-0.0098,-0.001,1.208,254.0,0.20126930198512336,0.0017327141787048825,-0.0060999999999999995,-0.00019999999999999998,4.0,0.008799999999999999,-0.09839148952617102,49.98440378672074,0.561395778711784,0.6462798095956617,-0.08488403088387764,52.08711665
2017-11-30,0,0,0,1,0,0,0,0,51.49964,-0.11663437,-0.0277,-0.0113,1.917,297.0,1.271312102884146,-0.2866892740605933,-0.0179,-0.0103,43.0,0.016399999999999998,-0.2884219882392982,49.43845292186888,0.46652240974891157,0.6103283296263117,-0.1438059198774001,52.070218049999994
2017-12-01,0,0,0,0,1,0,0,0,50.94795,-1.0712624,-0.0085,-0.0023,1.208,428.0,0.14801614815578304,0.03205620682296171,0.0192,0.009,131.0,0.006200000000000001,0.31874548088355503,44.62342995798919,0.34286546928228745,0.5568357575575068,-0.21397028827521936,52.008289749999996
2017-12-04,0,0,0,0,0,0,0,0,50.291885,-1.2877107,-0.0023,-0.001,1.25,184.0,0.21877254905040394,0.13232899756147457,0.006200000000000001,0.0013,-244.0,0.0013,0.10027279073851286,39.67480306044479,0.18974028265706977,0.4834166625774194,-0.2936763799203496,51.9317238
2017-12-05,0,0,0,0,0,0,0,0,50.67608,0.7639289,-0.0002,-0.0005,2.167,396.0,1.5991134664470594,0.10461888625967243,0.0021,0.0005,212.0,-0.00030000000000000003,-0.027710111301802134,43.618027952355895,0.09825615886059325,0.40638456183405414,-0.3081284029734609,51.850237549999996
2017-12-06,0,0,0,0,0,0,0,0,51.32817,1.2867808,-0.0011,-0.0005,1.875,472.0,1.113598474881918,0.0686302980506877,-0.0009000000000000001,0.0,76.0,0.0006000000000000001,-0.035988588208984734,49.63554651945537,0.07747941048602769,0.34060353156444884,-0.26312412107842115,51.786693549999995
2017-12-07,0,0,0,0,0,0,0,0,51.917133,1.147449,-0.0241,-0.0026,0.708,286.0,-0.6668408275047365,-0.48034380188985054,-0.023,-0.0021,-186.0,0.0215,-0.5489740999405383,54.372202445534015,0.10730117844913423,0.2939430609413859,-0.18664188249225167,51.7788657
2017-12-08,0,0,0,0,0,0,0,0,52.1562,0.46048164,-0.0044,0.0025,0.708,266.0,-0.6418930013177054,-0.07869741948434336,0.0197,0.0051,-20.0,0.0069,0.4016463824055072,56.17395958038161,0.14851387781111924,0.26485722431533254,-0.1163433465042133,51.79186255
2017-12-11,0,0,0,0,1,0,0,0,52.28493,0.24681091,0.0002,-0.0006,1.083,109.0,-0.031464783682312404,0.04856040267893257,0.0046,-0.0031,-157.0,-0.0007999999999999999,0.12725782216327594,57.15505479455507,0.18937962371796146,0.24976170419585833,-0.060382080477896866,51.81862715
2017-12-12,0,0,0,0,0,0,0,0,52.125885,-0.30418634,0.0005,0.0003,1.0,310.0,-0.15395773131306703,0.04891950706985353,0.00030000000000000003,0.0009,201.0,-0.00020000000000000004,0.0003591043909209543,55.50190670362228,0.2065514232322343,0.2411196480031335,-0.034568224770899214,51.83634589999999
2017-12-13,0,0,0,0,0,0,0,0,52.2561,0.24981499,0.0015,-0.0002,2.458,341.0,2.178742935620275,0.07553530440383913,0.001,-0.0005,31.0,-0.0017000000000000001,0.0266157973339856,56.60849856185417,0.22803877130487393,0.2385034726634816,-0.010464701358607664,51.873572399999986
2017-12-14,0,0,0,0,0,0,0,0,52.55829,0.57828426,-0.0046,-0.0004,1.792,390.0,1.2335012154053773,-0.0944941067880084,-0.0060999999999999995,-0.0002,49.0,0.0042,-0.17002941119184753,59.14753036604116,0.26638118052070325,0.24407901423492592,0.02230216628577733,51.89593839999999
2017-12-15,0,0,0,0,1,0,0,0,53.28046,1.374042,0.0011,-0.0007,0.583,342.0,-0.8424993539669032,0.06477757768709601,0.0057,-0.0003,-48.0,-0.0018,0.15927168447510442,64.49445095126886,0.35099484950152515,0.2654621812882458,0.08553266821327937,51.985675149999985
2017-12-18,0,0,0,0,0,0,0,0,53.931057,1.2210727,-0.0057,-0.0013,0.375,126.0,-1.1914104928112585,-0.12470362492613067,-0.0068000000000000005,-0.0006,-216.0,0.0044,-0.18948120261322668,68.49502124319183,0.465187144577655,0.3054071739461276,0.15977997063152738,52.11099849999998
2017-12-19,0,0,0,0,0,0,0,0,53.66714,-0.48935413,-0.0015,-0.0018,0.375,152.0,-1.1521985047018648,-0.007087158616547193,0.004200000000000001,-0.0005,26.0,-0.0002999999999999999,0.11761646630958347,65.28167901518806,0.5282995564512305,0.3499856504471482,0.1783139060040823,52.184258749999984
2017-12-20,0,0,0,0,1,0,0,0,53.357998,-0.57603717,0.0,-0.0003,1.25,254.0,0.36559610442773416,0.03482534791144548,0.0015,0.0015,102.0,-0.0003,0.04191250652799267,61.63418201812444,0.547065194740199,0.38940155930575837,0.15766363543444062,52.23803624999998
2017-12-21,0,0,0,0,0,0,0,0,53.2233,-0.25244355,-0.001,-0.0021,0.917,178.0,-0.19693795166560815,0.002582658181713926,-0.001,-0.0018,-76.0,-0.0010999999999999998,-0.03224268972973156,60.05956963823723,0.5447881171063145,0.4204788708658696,0.12430924624044487,52.28507884999998
2017-12-22,0,0,0,0,0,0,0,0,53.1244,-0.1858294,-0.0005,-0.0142,1.417,398.0,0.6641238511659161,0.016575947928834617,0.0005,-0.012100000000000001,220.0,-0.0137,0.01399328974712069,58.870332826920446,0.5289062116426564,0.442164339021227,0.0867418726214294,52.31574534999997
2017-12-25,0,0,0,0,0,0,0,0,53.1244,0.0,0.0008,-0.0005,0.042,56.0,-1.6668749559595415,0.0523562218090083,0.0013,0.0137,-342.0,-0.0013,0.035780273880173685,58.870332826920446,0.5104357021011268,0.45581861163720694,0.054617090463919826,52.30791754999997
2017-12-26,0,0,0,0,0,0,0,0,52.974792,-0.2816081,-0.0005,0.0011,0.0,83.0,-1.6658823655370267,0.014040784374697534,-0.0013,0.0016,27.0,0.0016,-0.03831543743431076,56.8939102618024,0.4782130327782639,0.46029749586541835,0.01791553691284553,52.31427949999998
2017-12-27,0,0,0,0,0,0,0,0,52.693974,-0.5300939,-0.0026,0.0014,0.042,120.0,-1.5618194066792355,-0.044375638971627045,-0.0021,0.0002999999999999999,37.0,0.004,-0.058416423346324575,53.278246445705236,0.4251161946161517,0.45326123561556503,-0.02814504099941334,52.370989199999975
2017-12-28,0,0,0,0,1,0,0,0,52.482742,-0.40087104,0.0011,0.0008,0.083,150.0,-1.4510805025513311,0.059306942997887774,0.0037,-0.0006,30.0,-0.00030000000000000003,0.10368258196951483,50.66974871853064,0.3618210627841165,0.43497320104927534,-0.07315213826515882,52.42014429999997
2017-12-29,0,0,0,0,0,0,0,0,52.356007,-0.2414763,-0.0012,-0.0024,0.292,143.0,-1.0823794827566018,-0.0054939923442223725,-0.0023,-0.0031999999999999997,-7.0,-0.0012,-0.06480093534211015,49.115985126150974,0.29799762829708953,0.4075780864988382,-0.10958045820174867,52.490547149999976
2018-01-01,0,0,0,0,0,0,0,0,52.356007,0.0,-0.0045,-0.0023,0.083,52.0,-1.390599668117694,-0.09733512469231863,-0.0033,9.999999999999983e-05,-91.0,0.0021999999999999997,-0.09184113234809625,49.115985126150974,0.2445975285901909,0.3749819749171087,-0.1303844463269178,52.59375324999998
2018-01-02,0,0,0,0,1,0,0,0,53.340595,1.8805742,-0.0003,-0.0004,0.417,101.0,-0.7968668861046192,0.018361823749671827,0.0042,0.0019,49.0,-0.00010000000000000005,0.11569694844199045,60.13127386913292,0.27851503989002424,0.35568858791169183,-0.07717354802166759,52.72697899999997
2018-01-03,0,0,0,0,0,0,0,0,54.25064,1.7060995,0.0053,0.0032,1.208,178.0,0.5360574179847964,0.1731012007253456,0.0056,0.0036000000000000003,77.0,-0.0021,0.15473937697567378,67.19919949117683,0.3745108103968491,0.3594530324087233,0.015057777988125798,52.87310249999997
2018-01-04,0,1,1,0,0,0,0,0,54.46138,0.3884554,-0.0364,-0.0055,0.958,216.0,0.1223337824411793,-0.9768116478960556,-0.0417,-0.0087,38.0,0.030900000000000004,-1.1499128486214012,68.58795138218836,0.4622644105330025,0.38001530803357914,0.08224910249942335,53.000314849999974
2018-01-05,0,0,0,0,0,0,0,0,55.183548,1.3260245,-0.0031,0.0012,1.292,197.0,0.6651631092975913,-0.04623497289586418,0.0333,0.006699999999999999,-19.0,0.0043,0.9305766750001914,72.83279020895861,0.5833581039669369,0.4206838672202507,0.16267423674668618,53.15168224999998
2018-01-08,0,0,0,0,1,0,0,1,55.378376,0.35305023,-0.0011,-0.0011,1.792,104.0,1.4634606434912163,0.009917522691234424,0.002,-0.0023,-93.0,0.0,0.0561524955870986,73.85911096689973,0.6871259594611345,0.4739722856684275,0.21315367379270705,53.306354549999966
2018-01-09,0,1,1,0,0,0,0,0,55.307804,-0.12743473,-0.2796,-0.0733,1.667,379.0,1.2460567039316746,-5.394264713368733,-0.2785,-0.0722,275.0,0.2063,-5.404182236059967,72.78646977951834,0.7549653908658627,0.5301709067079146,0.22479448415794812,53.46545049999996
2018-01-10,0,0,1,0,0,0,0,0,55.17609,-0.2381444,-0.0831,-0.0124,0.667,238.0,-0.4322762054907196,-1.4636126129443714,0.1965,0.0609,-141.0,0.0707,3.9306521004243615,70.72208962965438,0.7890052486232335,0.5819377750909783,0.2070674735322552,53.611449999999955
2018-01-11,0,1,0,0,1,1,0,0,55.271027,0.17205477,-0.0054,-0.0057,1.042,273.0,0.21112743406256773,0.04194870054465855,0.07769999999999999,0.006699999999999999,35.0,-0.0002999999999999999,1.50556131348903,71.3527708348552,0.8142564619815928,0.6284015124691013,0.1858549495124916,53.74708684999996
2018-01-12,0,0,0,0,0,0,0,0,56.195477,1.6725779,-0.0029,-0.0029,1.0,308.0,0.13185911894689542,0.09090503777475638,0.0025000000000000005,0.0028000000000000004,35.0,0.0,0.048956337230097825,76.63153841316165,0.8985061993765271,0.6824224498505864,0.21608374952594067,53.89283769999996
2018-01-15,0,0,0,0,0,0,0,0,56.195477,0.0,-0.0006,-0.0043,0.292,77.0,-1.0571242286575988,0.13540498951612873,0.0023,-0.0014000000000000002,-231.0,-0.0037,0.04449995174137235,76.63153841316164,0.9542744415021716,0.7367928481809034,0.21748159332126815,54.00605869999996
2018-01-16,0,0,0,0,0,0,0,0,56.19796,0.0044226646,-0.0007,0.0006,1.667,211.0,1.2187502826278482,0.1334359383618787,-0.00010000000000000005,0.0049,134.0,0.0013,-0.001969051154250029,76.64494423633042,0.9872906603584184,0.7868924106164064,0.20039824974201204,54.13259969999996
2018-01-17,0,0,0,0,0,0,0,0,56.615456,0.7429004,-0.0055,0.0008,1.917,290.0,1.573502992803484,0.04049869471442753,-0.0048,0.0002000000000000001,79.0,0.0063,-0.09293724364745116,78.84272046087688,1.0352114168941284,0.8365562118719507,0.1986552050221777,54.29547259999996
2018-01-18,0,0,0,0,0,0,0,0,56.45989,-0.2747774,-0.0027,-0.0011,1.625,453.0,1.0828265515353819,0.09520126548239932,0.0027999999999999995,-0.0019000000000000002,163.0,0.0016,0.05470257076797179,75.97383212590397,1.048549064699671,0.8789547824374948,0.1695942822621761,54.45730209999996
2018-01-19,0,0,0,0,0,0,0,0,56.83415,0.66286325,-0.0005,-0.0064,1.833,318.0,1.4334069761250894,0.26756056826836805,0.0022,-0.0053,-135.0,-0.005900000000000001,0.17235930278596873,78.04375221021196,1.076905010248744,0.9185448279997447,0.1583601822489994,54.64278959999996
2018-01-22,0,0,0,0,0,0,0,0,57.860992,1.8067479,-0.0031,-0.0027,0.958,107.0,-0.006335956676480367,0.2090933024147964,-0.0026,0.0037,-211.0,0.00039999999999999975,-0.05846726585357165,82.4987953069417,1.168762107072105,0.9685882838142168,0.20017382325788824,54.87961919999996
2018-01-23,0,0,0,0,0,0,0,0,58.457912,1.0316372,-0.002,0.0046,1.167,255.0,0.3534544467461669,0.23525224953986054,0.0010999999999999998,0.0073,148.0,0.0066,0.02615894712506414,84.471332363525,1.2750282415397294,1.0298762753593194,0.24515196618041002,55.15377519999996
2018-01-24,0,0,0,0,0,0,0,0,58.215366,-0.41490793,-0.0037,0.0013,1.708,290.0,1.2417208648430278,0.19462153475520175,-0.0017000000000000001,-0.0033,35.0,0.005,-0.040630714784658795,80.5010495931026,1.3244065492674721,1.0887823301409498,0.23562421912652232,55.429844799999955
2018-01-25,0,0,0,0,0,0,0,0,58.754627,0.9263277,-0.0013,0.0004,1.458,330.0,0.8044509434731327,0.2516910374629357,0.0024000000000000002,-0.0009,40.0,0.0017,0.05706950270773395,82.47346235591777,1.3910182769827344,1.1492295195093067,0.24178875747342765,55.743439049999964
2018-01-26,0,0,0,0,0,0,0,0,59.024014,0.45849085,-0.0002,0.0014,1.167,322.0,0.31568750555990494,0.27722443342388164,0.0010999999999999998,0.001,-8.0,0.0016,0.025533395960945948,83.3780108763875,1.4488444536601364,1.2091525063394726,0.2396919473206638,56.07683939999996
2018-01-29,0,0,0,0,0,0,0,0,58.970337,-0.09094477,0.002,0.0021,1.083,100.0,0.15989206500794548,0.32971809236642613,0.0022,0.0006999999999999999,-222.0,9.999999999999983e-05,0.052493658942544486,82.46473852768982,1.4733568889069844,1.261993382852975,0.21136350605400933,56.407555899999956
2018-01-30,0,0,0,0,0,0,0,0,58.51755,-0.7678211,-0.0013,0.0047,2.083,171.0,1.7648989089483968,0.24947574778872283,-0.0033,0.0026000000000000003,71.0,0.006,-0.0802423445777033,75.00178440182212,1.439651635736773,1.2975250334297346,0.14212660230703844,56.666403649999964
2018-01-31,0,0,0,0,0,0,0,0,58.758606,0.41193962,-0.0038,0.0039,1.5,321.0,0.7937034386202529,0.1901335800727303,-0.0025,-0.0008000000000000004,150.0,0.0077,-0.059342167715992544,76.23486496450363,1.4160676381163952,1.3212335543670668,0.09483408374932845,56.891801949999966
2018-02-01,0,0,0,0,0,0,0,0,58.72729,-0.053292513,-0.0005,0.0021,2.208,288.0,1.8467290520615307,0.27080126108916786,0.0033,-0.0018,-33.0,0.0026,0.08066768101643756,75.71236976550522,1.378954481711638,1.332777739835981,0.0461767418756569,57.105097449999974
2018-02-02,0,1,1,1,0,0,0,0,55.62639,-5.280173,-0.1002,-0.039,2.292,335.0,1.8977600694645198,-2.0445226787315707,-0.0997,-0.0411,47.0,0.0612,-2.3153239398207384,43.742603676010454,1.086797399266743,1.2835816717221333,-0.19678427245539032,57.12723954999997
2018-02-05,0,0,0,0,1,0,0,0,52.80283,-5.0759373,0.0035,-0.0029,1.083,105.0,0.011395707759076433,0.39003314788907445,0.1037,0.0361,-230.0,-0.0063999999999999994,2.4345558266206453,30.933982156226786,0.620272991091781,1.1509199355960629,-0.5306469445042818,56.99846224999997
2018-02-06,0,0,0,0,0,0,0,0,53.898262,2.0745754,-0.0023,-0.007,1.542,277.0,0.7065125757844973,0.217437339955044,-0.0058,-0.0041,172.0,-0.0047,-0.17259580793403045,38.46251874804634,0.33507866570010236,0.9877516816168708,-0.6526730159167684,56.92798514999996
2018-02-07,0,0,0,0,0,0,0,0,52.45591,-2.6760578,-0.001,0.004,1.25,344.0,0.23807444968133307,0.24848585437272408,0.0013,0.011,67.0,0.005,0.031048514417680084,33.31337204772827,-0.007242160925294172,0.7887529131084378,-0.7959950740337319,56.79197614999996
2018-02-08,0,0,0,0,0,0,0,0,50.085125,-4.519576,-0.0024,-0.0037,1.583,436.0,0.7358896998447239,0.21150390979475145,-0.0013999999999999998,-0.0077,92.0,-0.0013000000000000004,-0.03698194457797263,26.93131482212468,-0.46448215715972196,0.5381058990548058,-1.0025880562145277,56.532681049999965
2018-02-09,0,0,1,1,0,0,0,0,52.001633,3.826499,-0.188,-0.0112,1.542,290.0,0.6464878520987971,-3.827468681879956,-0.1856,-0.0075,-146.0,0.1768,-4.038972591674708,37.37580826605456,-0.664541548429888,0.297576409557867,-0.962117957987755,56.322988849999966
2018-02-12,0,0,0,0,0,0,0,0,52.413662,0.79233646,-0.0274,-0.0007,1.167,74.0,0.03278601612024238,-0.2884599276871093,0.1606,0.0105,-216.0,0.0267,3.5390087541928468,39.38194226062224,-0.7808417034315269,0.08189278695998822,-0.8627344903915152,56.13389809999997
2018-02-13,0,1,0,0,1,0,0,0,52.392784,-0.039833784,-0.0011,-0.0021,1.333,295.0,0.28871273558182686,0.2890102704783258,0.0263,-0.0013999999999999998,221.0,-0.0009999999999999998,0.5774701981654351,39.31321924564213,-0.8647270590204883,-0.10743118223610709,-0.7572958767843812,55.94363929999996
2018-02-14,0,0,0,0,0,0,0,0,53.315247,1.7606735,-0.0004,-0.0008,1.542,320.0,0.6074393970995687,0.3038325209499095,0.0007000000000000001,0.0013,25.0,-0.0004,0.014822250471583698,43.965889767910134,-0.847007972270859,-0.2553465402430575,-0.5916614320278015,55.77862884999996
2018-02-15,0,0,0,0,0,0,0,0,54.242687,1.7395377,-0.0035,0.0099,0.833,305.0,-0.54174007311895,0.23678025119660173,-0.0031,0.010700000000000001,-15.0,0.0134,-0.06705226975330775,48.26075770237742,-0.7494891667288925,-0.3541750655402245,-0.39531410118866805,55.667768699999954
2018-02-16,0,0,0,0,0,0,0,0,54.448456,0.3793478,-0.004,0.0025,1.125,297.0,-0.09335792389567374,0.2269964069332309,-0.0005,-0.0074,-8.0,0.006500000000000001,-0.009783844263370839,49.19125393312076,-0.6481297359854281,-0.4129659996292652,-0.2351637363561629,55.54848399999996
2018-02-19,0,0,0,0,0,0,0,0,54.448456,0.0,-0.0052,-0.0022,0.125,101.0,-1.688402626003413,0.20123090291914894,-0.0011999999999999997,-0.0047,-196.0,0.0029999999999999996,-0.025765504014081952,49.19125393312076,-0.561330982713649,-0.442638996246142,-0.118691986467507,55.37785719999997
2018-02-20,0,0,0,0,0,0,0,0,54.850544,0.7384777,-0.0099,-0.0021,1.25,213.0,0.12878291920653703,0.10021447809693956,-0.004700000000000001,0.00010000000000000026,112.0,0.007800000000000001,-0.10101642482220938,51.18098375621194,-0.45485393120198836,-0.4450819832373113,-0.009771947964677064,55.19748879999996
2018-02-21,0,0,0,0,0,0,0,0,55.355515,0.9206295,-0.0016,0.0017,0.708,275.0,-0.7285875390211686,0.2795868945543534,0.0083,0.0037999999999999996,62.0,0.0033,0.17937241645741386,53.63660225983901,-0.3259656323686144,-0.42125871306357193,0.09529308069495751,55.054496249999964
2018-02-22,0,0,0,0,0,0,0,0,55.164165,-0.34567118,-0.0183,-0.0053,0.958,270.0,-0.30520931196217044,-0.09098571306699359,-0.0167,-0.007,-5.0,0.013000000000000001,-0.370572607621347,52.55776612647725,-0.2365344508624787,-0.38431386062335327,0.14777940976087456,54.87497314999996
2018-02-23,0,0,0,0,0,0,0,0,56.06824,1.6388774,-0.0182,-0.004,0.958,211.0,-0.29823629197960444,-0.08523643394581763,9.99999999999994e-05,0.0013,-59.0,0.0142,0.005749279121175954,56.96233681634965,-0.09165179354727826,-0.3257814472081383,0.23412965366086003,54.72718444999996
2018-02-26,0,0,0,0,1,0,0,0,56.84408,1.3837576,-0.0016,-0.0005,0.542,108.0,-0.9474123379575049,0.2796289704423088,0.0166,0.0035,-103.0,0.0011,0.3648654043881264,60.36320194068151,0.08479509515890271,-0.2436661387347301,0.3284612338936328,54.620871599999965
2018-02-27,0,0,0,0,0,0,0,0,55.542397,-2.289933,-0.0024,-0.0019,1.875,306.0,1.22283558805492,0.26290131174714015,-0.0007999999999999997,-0.0014,198.0,0.0004999999999999998,-0.016727658695168623,52.82150241352793,0.11823267354512978,-0.1712863762787581,0.2895190498238879,54.47211394999996
2018-02-28,0,0,0,0,0,0,0,0,54.866947,-1.2160897,-0.0048,-0.0011,0.875,364.0,-0.38494476752003637,0.21153112695575849,-0.0024,0.0007999999999999999,58.0,0.0036999999999999993,-0.05137018479138167,49.37427195781031,0.08920077429165474,-0.11918894616467551,0.20838972045633025,54.277530999999954
2018-03-01,0,0,0,0,0,0,0,0,53.251137,-2.9449582,-0.0162,-0.0024,1.042,300.0,-0.11905188364255738,-0.042270788306914886,-0.0114,-0.0012999999999999997,-64.0,0.0138,-0.25380191526267337,42.267842944190676,-0.0634580729786336,-0.10804277152746714,0.04458469854883354,54.00372334999995
2018-03-02,0,0,1,0,0,0,0,0,53.883842,1.1881471,-0.0363,-0.002,0.583,231.0,-0.8732462362861221,-0.47236993650321635,-0.0201,0.00039999999999999975,-69.0,0.0343,-0.43009914819630146,45.57134067388478,-0.13186722029320208,-0.11280766128061412,-0.019059559012587962,53.91659594999995
2018-03-05,0,0,0,0,1,0,0,0,54.411674,0.9795785,-0.0035,-0.001,1.333,114.0,0.35797524114858026,0.25011571672523963,0.032799999999999996,0.001,-117.0,0.0025,0.722485653228456,48.232626331177265,-0.14185511382692084,-0.11861715178987546,-0.02323796203704538,53.997038149999945
2018-03-06,0,0,0,0,0,0,0,0,54.716843,0.56085587,-0.0016,-0.0007,1.042,305.0,-0.12321506342743896,0.29274138336467026,0.0019,0.00030000000000000003,191.0,0.0009000000000000001,0.042625666639430626,49.7620409121115,-0.12371983823280175,-0.11963768907846072,-0.004082149154341033,54.03796719999995
2018-03-07,0,0,0,0,0,0,0,0,55.41963,1.2844086,-0.0002,-0.0009,1.5,348.0,0.6856521611832437,0.3242306151217642,0.0014,-0.00019999999999999998,43.0,-0.0007,0.03148923175709395,53.19176620698671,-0.05203859566495339,-0.10611787039575925,0.05407927473080586,54.18615319999996
2018-03-08,0,0,0,0,0,0,0,0,56.13236,1.2860537,-0.0003,-0.0012,0.708,322.0,-0.6489418568794284,0.32031299879852704,-9.999999999999996e-05,-0.0002999999999999999,-26.0,-0.0009,-0.003917616323237172,56.43967944170043,0.06157090886159722,-0.07258011454428795,0.13415102340588517,54.48851494999995
2018-03-09,0,0,0,0,0,0,0,0,57.695976,2.7855992,-0.0056,-0.0004,0.625,205.0,-0.7947344551683304,0.20635499906146737,-0.0053,0.0007999999999999999,-117.0,0.0052,-0.11395799973705967,62.574957091696724,0.2746124419366751,-0.0031416032480953426,0.2777540451847704,54.77323209999995
2018-03-12,0,0,0,0,0,0,0,0,57.948967,0.43848753,-0.0049,-0.0035,0.75,116.0,-0.5948191717701063,0.22145260724345917,0.0007000000000000001,-0.0031,-89.0,0.0013999999999999998,0.015097608181991795,63.47142658507262,0.4585774556913833,0.08920220853980039,0.36937524715158293,55.049997349999956
2018-03-13,0,0,0,0,0,0,0,0,56.655716,-2.2316992,-0.0003,-0.0009,1.958,232.0,1.4671428434321172,0.3221949899697519,0.0046,0.0026,116.0,-0.0006000000000000001,0.10074238272629271,56.07676061914022,0.494318313126648,0.1702254294571699,0.3240928836694781,55.26314394999996
2018-03-14,0,0,0,0,0,0,0,0,57.10204,0.78778267,-0.0062,-0.0031,2.708,512.0,2.5723355391196643,0.19476973348090917,-0.0059,-0.0021999999999999997,280.0,0.0031,-0.1274252564888427,57.899721587464924,0.552291346010378,0.24663861276781152,0.3056527332425665,55.45248359999996
2018-03-15,0,0,0,0,0,0,0,0,57.187523,0.14970303,-0.0127,-0.011,1.667,539.0,0.8395658742021672,0.05600243538547259,-0.0065,-0.007899999999999999,27.0,0.0017000000000000001,-0.1387672980954366,58.25706043696036,0.5982370515915321,0.31695830053255564,0.28127875105897643,55.59972539999997
2018-03-16,0,0,0,0,0,0,0,0,56.382854,-1.407069,-0.0013,-0.0013,1.167,351.0,0.030062642799640448,0.3075099590787838,0.0114,0.0097,-188.0,0.0,0.2515075236933112,53.6415593291134,0.5632267633535051,0.3662119930967455,0.19701477025675956,55.69644529999996
2018-03-19,0,0,0,0,0,0,0,0,54.675594,-3.0279875,0.0002,-0.001,1.917,133.0,1.2248334576903488,0.3408105814341561,0.0015,0.0002999999999999999,-218.0,-0.0012000000000000001,0.03330062235537229,45.41951421129589,0.39318683082110084,0.3716069606416166,0.021579870179484262,55.70780219999996
2018-03-20,0,0,0,0,0,0,0,0,54.463367,-0.38814545,-0.0036,-0.0041,2.125,323.0,1.5323233393507798,0.25829381433997234,-0.0038,-0.0031000000000000003,190.0,-0.0005000000000000004,-0.08251676709418376,44.506273327902,0.23855411067951593,0.34499639064919646,-0.10644227996968053,55.688443349999964
2018-03-21,0,0,0,0,0,0,0,0,54.3739,-0.1642704,-0.0124,0.0031,2.417,494.0,1.9587405819996218,0.0679419047899155,-0.008799999999999999,0.0072,171.0,0.0155,-0.19035190955005682,44.10368180132369,0.10754758509076368,0.2975066295375099,-0.18995904444674622,55.63936259999997
2018-03-22,0,0,0,0,0,0,0,0,52.343582,-3.7340045,-0.0007,-0.0009,1.542,383.0,0.4578293213284207,0.3267708250076438,0.0117,-0.004,-111.0,-0.00019999999999999998,0.2588289202177283,36.118888928277094,-0.15828115814932175,0.20634907200014357,-0.36463023014946533,55.498333449999976
2018-03-23,0,0,0,0,0,0,0,0,51.021507,-2.5257528,-0.001,-0.0019,0.417,272.0,-1.514602828512343,0.3200704067848809,-0.00030000000000000003,-0.001,-111.0,-0.0009,-0.006700418222762905,32.04985268767695,-0.470212439512359,0.07103676969764305,-0.5412492092100021,55.245996799999965
2018-03-26,0,0,0,0,0,0,0,0,52.390297,2.6827574,-0.0172,-0.0007,1.208,149.0,-0.16771733570378056,-0.032707341277672615,-0.0162,0.0012000000000000001,-123.0,0.0165,-0.3527777480625535,39.632576380816666,-0.6000532731784176,-0.06318123887756907,-0.5368720343008485,55.02330764999996
2018-03-27,0,0,0,0,1,0,0,1,50.046852,-4.473048,-0.0039,-0.0011,2.083,304.0,1.3848479617571106,0.2623170693425465,0.0133,-0.0004000000000000001,155.0,0.0027999999999999995,0.2950244106202191,32.86967746848591,-0.8818836896042086,-0.22692172902289698,-0.6549619605813116,54.74853039999996
2018-03-28,0,0,0,0,0,0,0,0,49.959377,-0.17479062,-0.0168,-0.0046,1.792,495.0,0.8287869196244044,-0.014454983067804137,-0.012899999999999998,-0.0034999999999999996,191.0,0.012199999999999999,-0.27677205241035063,32.645742963624706,-1.0996191020220891,-0.4014612036227354,-0.6981578983993537,54.503151899999956
2018-03-29,0,0,0,0,1,0,0,0,51.547848,3.1795382,-0.0063,-0.0086,0.667,268.0,-1.2036237789451272,0.20704008406613977,0.010499999999999999,-0.004,-227.0,-0.0023,0.2214950671339439,40.56441149579923,-1.130962617711063,-0.547361486440401,-0.583601131270662,54.417987449999956
2018-03-30,0,0,0,0,0,0,0,0,51.547848,0.0,-0.0037,-0.0022,0.0,175.0,-2.263710138885003,0.26488128104824066,0.0026,0.0063999999999999994,-93.0,0.0015,0.057841196982100884,40.56441149579923,-1.142631040342465,-0.6664153972208138,-0.4762156431216513,54.301187749999954
2018-04-02,0,0,0,0,0,0,0,0,50.329655,-2.3632348,-0.0012,-0.0013,1.0,120.0,-0.5162837161325392,0.32031339234121775,0.0025000000000000005,0.0009000000000000002,-55.0,-0.00010000000000000005,0.05543211129297709,36.724276124600905,-1.235929319722139,-0.7803181817210788,-0.45561113800106023,54.09708679999996
2018-04-03,0,0,0,0,0,0,0,0,50.630356,0.5974531,-0.0045,-0.0037,1.75,342.0,0.7796329015167361,0.22715991548988718,-0.0033,-0.0024000000000000002,222.0,0.0007999999999999995,-0.09315347685133057,38.277549753575336,-1.27095405348431,-0.8784453560737251,-0.3925086974105849,53.89276244999995
2018-04-04,0,0,0,0,0,0,0,0,51.178566000000004,1.082766,-0.0005,-0.0005,2.167,468.0,1.4462226532615003,0.33598685117226007,0.004,0.0032,126.0,0.0,0.1088269356823729,41.11552384879308,-1.2401794254804912,-0.9507921699550783,-0.2893872555254129,53.68070924999995
2018-04-05,0,0,0,0,0,0,0,0,51.324192,0.28454065,-0.0007,-0.0013,0.875,345.0,-0.7640278076056997,0.3255878231463421,-0.00019999999999999998,-0.0007999999999999999,-123.0,-0.0006,-0.010399028025917967,41.88000622585311,-1.190318261939261,-0.9986973883519148,-0.19162087358734614,53.44030084999995
2018-04-06,0,0,0,0,0,0,0,0,50.196457,-2.1972775,-0.0155,-0.0033,0.083,236.0,-2.023110988236655,-0.20718983429771465,-0.0148,-0.002,-109.0,0.012199999999999999,-0.5327776574440568,37.78853467091739,-1.2276501336726042,-1.0444879374160527,-0.1831621962565515,53.06532489999995
2018-04-09,0,0,0,0,1,0,0,0,50.700436,1.0040045,-0.0046,-0.0025,0.375,69.0,-1.548275793909289,0.193439280194635,0.0109,0.0007999999999999999,-167.0,0.0021,0.4006291144923496,40.582231043483134,-1.2027049832224037,-1.076131346577323,-0.1265736366450807,52.702898349999955
2018-04-10,0,1,0,0,0,0,0,0,51.51604,1.6086817,-0.0249,-0.003,1.0,260.0,-0.49273354663570734,-0.5328744264980163,-0.0203,-0.0005,191.0,0.0219,-0.7263137066926513,44.89495558142161,-1.1043925948842457,-1.0817835962387075,-0.022608998645538225,52.445914549999955
2018-04-11,0,0,0,0,0,0,0,0,50.947456,-1.1037111,-0.0115,-0.0017,0.625,269.0,-1.079141090371542,-0.04027061323299864,0.013399999999999999,0.0013000000000000002,9.0,0.0098,0.4926038132650177,42.574947635369256,-1.0601386770137893,-1.0774546123937239,0.01731593537993459,52.13818534999996
2018-04-12,0,0,0,0,1,0,0,0,51.555305,1.1931062,-0.0006,-0.0013,0.667,259.0,-0.9776211752820015,0.3561441329918233,0.0109,0.00039999999999999996,-10.0,-0.0007,0.3964147462248219,45.799580875927745,-0.9648960726763818,-1.0549429044502554,0.09004683177387363,51.85657444999996
2018-04-13,0,0,0,0,0,0,0,0,51.493183,-0.12050867,-0.0101,-0.0004,1.125,231.0,-0.2033298775100123,0.015401224745444026,-0.0095,0.0009,-28.0,0.0097,-0.34074290824637926,45.51826191595362,-0.8842354331222637,-1.020801410184657,0.13656597706239326,51.61209089999996
2018-04-16,0,0,0,0,0,0,0,0,51.993183,0.97100735,-0.006,-0.009,0.625,107.0,-1.0187550972173651,0.16698328533456086,0.0040999999999999995,-0.0086,-124.0,-0.002999999999999999,0.15158206058911683,48.27229990907166,-0.7710769783932889,-0.9708565238263833,0.1997795454330944,51.477970349999964
2018-04-17,0,0,0,0,0,0,0,0,53.646267,3.179419,-0.0009,-0.0013,1.167,259.0,-0.1233519685279404,0.35258241421842723,0.0051,0.007699999999999999,152.0,-0.00039999999999999996,0.18559912888386637,56.162289633657224,-0.5417629186666701,-0.8850378027944407,0.3432748841277705,51.437115349999964
2018-04-18,0,0,0,0,0,0,0,0,53.448948,-0.36780834,-0.0003,-0.0012,0.542,303.0,-1.1173425219624007,0.372186899111683,0.0006000000000000001,0.00010000000000000005,44.0,-0.0009,0.01960448489325578,55.08228923344303,-0.37166751667383124,-0.7823637455703187,0.4106962288964875,51.39086774999996
2018-04-19,0,0,0,0,0,0,0,0,54.147755,1.3074279,-0.0022,-0.0009,0.458,240.0,-1.2138209210330946,0.303425563536986,-0.0019000000000000002,0.0002999999999999999,-63.0,0.0013000000000000002,-0.06876133557469699,58.151535019904344,-0.17842107332703705,-0.6615752111216624,0.48315413779462535,51.481076399999964
2018-04-20,0,0,0,0,0,0,0,0,53.54487,-1.1134088,-0.0009,-0.0013,0.583,216.0,-0.9867039162943381,0.35137424286475244,0.0013000000000000002,-0.00039999999999999996,-24.0,-0.00039999999999999996,0.04794867932776642,54.68012834248365,-0.07307726645046841,-0.5438756221874236,0.47079835573695517,51.60724454999996
2018-04-23,0,0,0,0,0,0,0,0,53.370422,-0.325799,0.0066,-0.0012,2.5,129.0,1.9906803923566285,0.6215127863164682,0.0075,0.00010000000000000005,-87.0,-0.0078,0.2701385434517158,53.68154229064005,-0.0036262352343428006,-0.4358257447968074,0.4321995095624646,51.65625079999997
2018-04-24,0,1,1,0,0,0,0,0,50.827175,-4.765278,0.3267,0.0186,2.708,342.0,2.231909447704661,6.446887812190128,0.3201,0.019799999999999998,213.0,-0.3081,5.82537502587366,41.71956504835312,-0.15205181208513352,-0.3790709582544726,0.2270191461693391,51.69526694999996
2018-04-25,0,0,1,0,0,0,0,0,50.84457,0.034224987,0.0315,-0.0089,1.833,337.0,0.8973259255335083,0.6946956413105765,-0.2952,-0.027499999999999997,-5.0,-0.0404,-5.752192170879551,41.81506630941737,-0.2652192376852085,-0.3563006141406198,0.09108137645541131,51.73952659999996
2018-04-26,0,1,0,0,0,0,0,0,51.854515,1.9863367,0.0013,-0.0014,0.833,342.0,-0.5789467946388077,0.1095503688713857,-0.0302,0.0075,5.0,-0.0027,-0.5851452724391908,47.22252154500415,-0.2702953205606491,-0.33909955542462566,0.06880423486397658,51.75485994999997
2018-04-27,0,0,0,0,0,0,0,0,51.26505,-1.1367798,-0.0053,-0.001,0.542,251.0,-0.9935279081898467,-0.0503213858459957,-0.0066,0.00039999999999999996,-91.0,0.0043,-0.1598717547173814,44.61624560449068,-0.31821486901792184,-0.3349226181432849,0.016707749125363047,51.74072004999997
2018-04-30,0,0,0,0,1,0,0,0,50.62538,-1.2477517,-0.001,-0.0005,0.917,109.0,-0.40780620957676783,0.036988957466730484,0.0043,0.0005,-142.0,0.0005,0.08731034331272619,41.91289997225618,-0.4031601007833885,-0.3485701146713056,-0.05458998611208288,51.755506299999965
2018-05-01,0,0,0,0,0,0,0,0,51.727272,2.176559,-0.0174,-0.0011,0.083,276.0,-1.6266763099148362,-0.28510099238919806,-0.016399999999999998,-0.0006000000000000001,167.0,0.0163,-0.32208994985592854,47.78230379525716,-0.3772179991662128,-0.35429969157028707,-0.022918307595925724,51.81035209999997
2018-05-02,0,0,0,0,1,0,0,0,50.996655,-1.4124453,-0.0007,-0.0008,0.708,185.0,-0.6632873270850088,0.04786563585131012,0.0167,0.00030000000000000003,-91.0,-0.00010000000000000005,0.33296662824050816,44.56671611238799,-0.4108770477662489,-0.3656151628094794,-0.04526188495676947,51.80125654999996
2018-05-03,0,0,0,0,0,0,0,0,51.009083,0.024366379,-0.0005,-0.0005,0.833,276.0,-0.45652841047727294,0.051221806171661645,0.00019999999999999998,0.00030000000000000003,91.0,0.0,0.0033561703203515217,44.63496961898741,-0.4315743303130972,-0.378806996310203,-0.05276733400289424,51.785501099999955
2018-05-04,0,0,0,0,0,0,0,0,52.23672,2.4066925,-0.0005,-0.0004,0.833,342.0,-0.43935860797312937,-0.012688649478840307,0.0,9.999999999999999e-05,66.0,9.999999999999999e-05,-0.06391045565050195,51.04688917046401,-0.34494076729068013,-0.3720337505062984,0.02709298321561826,51.88751424999996
2018-05-07,0,0,0,0,0,0,0,0,52.657196,0.8049488,-0.0011,-0.0007,1.083,82.0,-0.05834929732066023,-0.036479331704063596,-0.0006000000000000001,-0.0003,-260.0,0.0004000000000000001,-0.02379068222522329,53.05238597277639,-0.23959227469715927,-0.34554545534447056,0.1059531806473113,51.98535224999996
2018-05-08,0,0,0,0,0,0,0,0,52.613956,-0.08211732,0.0,-0.0005,2.5,463.0,1.989957350100903,-0.011740595273480713,0.0011,0.00019999999999999998,381.0,-0.0005,0.024738736430582883,52.81277328605455,-0.15777323036095225,-0.3079910103477669,0.15021777998681463,52.04024804999996
2018-05-09,0,0,0,0,0,0,0,0,54.122906,2.867961,-0.0001,-0.0001,2.833,1219.0,2.33519854498627,-0.014142109477422905,-0.0001,0.0004,756.0,0.0,-0.0024015142039421917,59.65999894668455,0.0285000748068569,-0.24069279331684212,0.269192868123699,52.19902054999996
2018-05-10,0,0,0,0,0,0,0,0,54.94398,1.5170574,0.0001,-0.0003,1.375,692.0,0.2847899437736887,-0.010940907595019684,0.0002,-0.00019999999999999998,-527.0,-0.00039999999999999996,0.0032012018824032207,62.82137155073482,0.2396146919633253,-0.14463129626080862,0.3842459882241339,52.368454299999954
2018-05-11,0,0,0,0,0,0,0,0,54.840107,-0.18905401,0.0001,-0.0003,1.542,461.0,0.5076606297661211,-0.012505059451161139,0.0,0.0,-231.0,-0.00039999999999999996,-0.0015641518561414543,62.15772030141904,0.3940010650407473,-0.03690482400049744,0.4309058890412447,52.53580049999995
2018-05-14,0,0,0,0,0,0,0,0,55.000145,0.29182434,-0.0004,-0.0005,1.417,126.0,0.3086028272965081,-0.025776448847598044,-0.0005,-0.00020000000000000004,-335.0,-9.999999999999999e-05,-0.013271389396436906,62.809601504061675,0.5232355731208855,0.07512325542377916,0.44811231769710635,52.686148599999946
2018-05-15,0,0,0,0,0,0,0,0,53.92012,-1.9636691,-0.0003,-0.0007,1.292,387.0,0.1298412501102668,-0.02716282702294561,0.00010000000000000005,-0.00019999999999999998,261.0,-0.0004,-0.001386378175347567,55.82108754850115,0.5323690415811555,0.16657241265525444,0.36579662892590104,52.69984124999994
2018-05-16,0,0,0,0,0,0,0,0,53.881355,-0.07190108,-0.0021,-0.0008,0.667,295.0,-0.757316045787257,-0.06817329067692124,-0.0018,-0.00010000000000000005,-92.0,0.0013,-0.04101046365397563,55.582040191765024,0.5303656446018081,0.23933105904456517,0.29103458555724293,52.72146159999994
2018-05-17,0,0,0,0,0,0,0,0,53.7407,-0.2610445,0.0,-0.0007,1.417,302.0,0.29753242052259626,-0.027131123695916585,0.0021,0.00010000000000000005,7.0,-0.0007,0.04104216698100466,54.66726771192803,0.5115316367735261,0.29377117459035734,0.21776046218316875,52.70110884999995
2018-05-18,0,0,0,0,0,0,0,0,53.163166,-1.0746658,-0.0249,-0.0009,1.208,228.0,-0.005430216490039309,-0.594666358836779,-0.0249,-0.00019999999999999998,-74.0,0.023999999999999997,-0.5675352351408623,50.958717518624944,0.44487513905309584,0.32399196748290504,0.1208831715701908,52.68202364999995
2018-05-21,0,0,0,0,0,0,0,0,53.87738,1.343441,-0.0032,-0.0012,0.833,131.0,-0.5487607475151604,-0.09719185978018852,0.021699999999999997,-0.0002999999999999999,-97.0,0.002,0.49747449905659047,55.02230379978599,0.44455592130571375,0.3481047582474668,0.09645116305824697,52.70737154999995
2018-05-22,0,0,0,0,0,0,0,0,53.444977,-0.8025706,-0.0205,-0.0019,0.75,306.0,-0.6433034749527863,-0.48541638328436404,-0.0173,-0.0007000000000000001,175.0,0.018600000000000002,-0.3882245235041755,52.20209895123931,0.4047459709759309,0.3594330007931596,0.045312970182771306,52.83826164999995
2018-05-23,0,0,1,0,0,0,0,0,53.9743,0.9904027,-0.0344,-0.0012,0.667,211.0,-0.7551988374813121,-0.7876271280816995,-0.0139,0.0007000000000000001,-95.0,0.0332,-0.3022107447973355,55.22741534600375,0.41116854583463436,0.36978010980145454,0.04138843603317982,52.99474814999995
2018-05-24,0,1,0,0,0,0,0,0,53.948948,-0.0469625,-0.0116,-0.0015,0.792,223.0,-0.5688998222930892,-0.2712594530878047,0.0228,-0.00030000000000000014,12.0,0.0101,0.5163676749938948,55.04770324439426,0.4094924145035961,0.37772257074188287,0.03176984376171321,53.09946979999995
2018-05-25,0,0,0,0,0,0,0,0,53.88086,-0.1262188,-0.0088,-0.0012,0.833,191.0,-0.5184634413545429,-0.21922544286750884,0.0027999999999999987,0.00030000000000000014,-32.0,0.007600000000000001,0.05203401022029586,54.53444429446962,0.3980811046060211,0.3817942775147105,0.016286827091310574,53.230260299999955
2018-05-28,0,0,0,0,0,0,0,0,53.88086,0.0,-0.008,-0.0015,0.083,84.0,-1.5328937795309872,-0.19916106314362855,0.0008000000000000004,-0.00030000000000000014,-107.0,0.006500000000000001,0.020064379723880282,54.53444429446962,0.384604082838905,0.3823562385795494,0.0022478442593555914,53.393034299999954
2018-05-29,0,0,0,0,0,0,0,0,53.08513,-1.4768243,-0.0033,-0.0008,0.667,128.0,-0.7005061761597762,-0.09103965413927512,0.0047,0.0007,44.0,0.0025,0.10812140900435344,48.41587811819374,0.30618517310296767,0.36712202548423306,-0.060936852381265394,53.46092719999996
2018-05-30,0,0,0,0,0,0,0,0,53.552326,0.88009834,-0.003,-0.0012,0.917,213.0,-0.3372070498921902,-0.08310856480232638,0.0002999999999999999,-0.00039999999999999986,85.0,0.0018000000000000002,0.007931089336948735,51.83289688858343,0.278525763217516,0.3494027730308896,-0.07087700981337364,53.58871074999996
2018-05-31,0,0,0,0,0,0,0,0,54.672115,2.0910025,-0.0006,0.0007,1.917,461.0,1.0298112513303068,-0.028121936886910236,0.0024000000000000002,0.0018999999999999998,248.0,0.0013,0.05498662791541614,58.86609744771925,0.3430091000512263,0.348124038434957,-0.005114938383730672,53.77186234999996
2018-06-01,0,0,0,0,0,0,0,0,56.411682,3.1818151,-0.0024,-0.0012,1.25,395.0,0.08651079403626048,-0.07050467917928051,-0.0018,-0.0018999999999999998,-66.0,0.0012,-0.04238274229237027,66.94166564473223,0.5283901747779041,0.3841772657035464,0.1442129090743577,53.98061044999996
2018-06-04,0,0,0,0,0,0,0,0,57.308308,1.5894294,-0.0013,-0.0006,0.875,121.0,-0.4421846649193019,-0.04672932691213102,0.0010999999999999998,0.0006,-274.0,0.0007,0.02377535226714949,70.19019746092299,0.7391359378853863,0.45516900013991435,0.283966937745472,54.21316604999996
2018-06-05,0,1,1,0,0,0,0,0,57.207905,-0.17518997,-0.0411,-0.0018,0.792,299.0,-0.5353934388769985,-0.93426738244427,-0.039799999999999995,-0.0012000000000000001,178.0,0.039299999999999995,-0.8875380555321389,69.3681697885558,0.8878175820535219,0.5416987165226359,0.346118865530886,54.442863499999966
2018-06-06,0,0,0,0,0,0,0,0,57.00562,-0.35360456,-0.0113,-0.0018,0.708,218.0,-0.6311135496165247,-0.2558798150192299,0.0298,0.0,-81.0,0.0095,0.6783875674250401,67.6491765759894,0.9780517752672608,0.6289693282715609,0.3490824469956999,54.58699919999996
2018-06-07,0,0,0,0,0,0,0,0,56.382854,-1.0924518,-0.0194,-0.0021,2.167,338.0,1.4795125926347326,-0.43670945077399564,-0.008100000000000001,-0.0002999999999999999,120.0,0.0173,-0.18082963575476574,62.51310689431858,0.9879228522835248,0.7007600330739537,0.2871628192095711,54.65894289999996
2018-06-08,0,0,0,0,0,0,0,0,56.297863,-0.15075207,-0.0079,-0.0014,1.625,538.0,0.6804271004585487,-0.17350646399170547,0.0115,0.0006999999999999999,200.0,0.006500000000000001,0.26320298678229015,61.82325951382379,0.9776183131676817,0.7561316890926993,0.22148662407498232,54.73183069999995
2018-06-11,0,0,0,0,1,0,0,0,56.704926,0.723052,-0.0001,-0.0004,0.708,98.0,-0.618304960310269,0.003361359865791582,0.0078000000000000005,0.001,-440.0,-0.00030000000000000003,0.17686782385749705,63.879209542433976,0.9908762689809976,0.8030806050703589,0.18779566391063862,54.81706974999995
2018-06-12,0,0,0,0,0,0,0,0,57.067245,0.6389618,-0.0045,0.0008,0.542,193.0,-0.831374359610595,-0.09600362740606701,-0.004399999999999999,0.0012000000000000001,95.0,0.0053,-0.09936498727185859,65.65227919408133,1.0188744592167112,0.8462393758996294,0.17263508331708177,54.97442599999995
2018-06-13,0,0,0,0,0,0,0,0,56.870426,-0.3448844,-0.0097,-0.0006,0.5,266.0,-0.868929914703774,-0.2149108631118943,-0.005200000000000001,-0.0014,73.0,0.0091,-0.1189072357058273,63.81961323212738,1.0134985973305461,0.8796912201858127,0.13380737714473345,55.12387954999995
2018-06-14,0,0,0,0,0,0,0,0,57.6597,1.3878345,-0.0019,-0.0005,0.5,222.0,-0.841150021341034,-0.037662810904127444,0.0078000000000000005,9.999999999999994e-05,-44.0,0.0014,0.17724805220776685,67.71203297118753,1.0606989266524351,0.9158927614791372,0.14480616517329792,55.31982954999994
2018-06-15,0,0,0,0,0,0,0,0,57.617947,-0.07240772,-0.0047,-0.0008,0.292,258.0,-1.1478729652202533,-0.09972071666261709,-0.0028000000000000004,-0.00030000000000000003,36.0,0.0039000000000000003,-0.06205790575848964,67.29955267182277,1.0822607809456244,0.9491663653724347,0.13309441557318968,55.54256859999994
2018-06-18,0,0,0,0,1,0,0,1,58.826195,2.0969987,0.0005,0.0035,2.708,220.0,2.3302760387303842,0.01145970353524869,0.0052,0.0043,-38.0,0.003,0.11118042019786578,72.51696471146502,1.1832049712785135,0.9959740865536505,0.18723088472486304,55.79000934999995
2018-06-19,0,0,0,0,0,0,0,0,58.583153,-0.4131496,-0.0009,0.0018,1.583,475.0,0.7411606049326351,-0.021445754675107325,-0.0014,-0.0017000000000000001,255.0,0.0027,-0.032905458210356016,70.09429589806024,1.229420516738422,1.0426633725906047,0.1867571441478173,56.04691814999994
2018-06-20,0,0,0,0,0,0,0,0,58.85055,0.45644045,-0.0004,-0.001,0.583,340.0,-0.6843863049164711,-0.01632233197790538,0.0005,-0.0028,-135.0,-0.0006000000000000001,0.0051234226972019445,71.2329949623747,1.272949602021967,1.0887206184768772,0.18422898354508987,56.29073064999993
2018-06-21,0,0,0,0,0,0,0,0,58.12341,-1.2355745,-0.0001,0.001,0.75,306.0,-0.4432109654573288,-0.011855869529824996,0.00030000000000000003,0.002,-34.0,0.0011,0.0044664624480803845,64.08687628489828,1.23454156796182,1.1178848083738657,0.11665675958795418,56.49945374999993
2018-06-22,0,0,0,0,0,0,0,0,58.115967,-0.012814999,-0.0002,-0.0006,0.875,280.0,-0.2876771316974518,-0.015455433371858193,-0.0001,-0.0015999999999999999,-26.0,-0.00039999999999999996,-0.0035995638420331967,64.0160828829401,1.189787210017684,1.1322652887026294,0.057521921315054625,56.71120909999993
2018-06-25,0,0,0,0,0,0,0,0,56.624405,-2.5665224,0.0,-0.0005,0.75,82.0,-0.4669010151298673,-0.011364419395766082,0.0002,9.999999999999994e-05,-198.0,-0.0005,0.004091013976092111,51.692678725765425,1.0221794229102557,1.1102481155441546,-0.08806869263389894,56.84838634999993
2018-06-26,0,0,0,0,0,0,0,0,56.293385,-0.5845785,-0.0003,-0.0007,1.167,219.0,0.1693248434132859,-0.019776224398751888,-0.0003,-0.00019999999999999998,137.0,-0.0004,-0.008411805002985806,49.41897969112782,0.8528078583912162,1.0587600641135668,-0.20595220572235062,57.00879909999993
2018-06-27,0,0,0,0,0,0,0,0,55.514057,-1.3844073,-0.0002,-0.0007,1.75,326.0,1.070218359483201,-0.017616794317946775,9.999999999999996e-05,0.0,107.0,-0.0005,0.002159430080805113,44.460700582233066,0.6482221157236907,0.9766524744355916,-0.32843035871190085,57.10688564999994
2018-06-28,0,0,0,0,0,0,0,0,56.00313,0.8809805,-0.0006,-0.0015,1.458,522.0,0.6091605214522242,-0.026747247614955467,-0.00039999999999999996,-0.0008,196.0,-0.0009000000000000001,-0.009130453297008692,47.98751714848796,0.519561364451711,0.8852342524388155,-0.3656728879871045,57.173436399999936
2018-06-29,0,0,0,0,0,0,0,0,56.12291,0.2138853,-0.0015,-0.0008,0.542,280.0,-0.8046047882504589,-0.05256875796254854,-0.0009000000000000001,0.0007,-242.0,0.0007,-0.025821510347593075,48.844302029021655,0.4223929540311957,0.7926659927572915,-0.37027303872609585,57.15899779999994
2018-07-02,0,0,0,0,0,0,0,0,56.765057,1.1441827,-0.0016,-0.0016,0.625,80.0,-0.6871501328265041,-0.05598811548844147,-0.00010000000000000005,-0.0008,-200.0,0.0,-0.0034193575258929312,53.286906689820846,0.39267566433954926,0.712667927073743,-0.3199922627341938,57.13183524999995
2018-07-03,0,0,0,0,0,0,0,0,55.481262,-2.261597,0.0001,-0.0008,1.0,204.0,-0.10645987973368384,-0.026859741823713038,0.0017000000000000001,0.0008,124.0,-0.0009000000000000001,0.029128373664728435,44.89293405494611,0.2625069540188676,0.6226357324627679,-0.36012877844390034,57.04550309999995
2018-07-04,0,0,0,0,0,0,0,0,55.481262,0.0,-0.0004,-0.001,0.542,265.0,-0.812207628166112,-0.04252674483946069,-0.0005,-0.00019999999999999998,61.0,-0.0006000000000000001,-0.01566700301574765,44.89293405494611,0.15753138947680867,0.5296148638655761,-0.37208347438876743,56.96928519999996
2018-07-05,0,0,0,0,0,0,0,0,56.724308,2.240479,0.0,-0.0007,0.792,132.0,-0.4296708244523646,-0.03361814480066947,0.0004,0.00030000000000000003,-133.0,-0.0007,0.008908600038791216,53.175762074719266,0.17265071196406723,0.45822203348527435,-0.2855713215212071,56.98635789999996
2018-07-06,0,0,0,0,0,0,0,0,57.40969,1.2082696,-0.0012,-0.0005,0.25,181.0,-1.230165457332186,-0.06445543389000873,-0.0012,0.00019999999999999998,49.0,0.0006999999999999999,-0.030837289089339255,57.0123506610347,0.23720315309266482,0.41401825740675247,-0.17681510431408765,57.04194924999996
2018-07-09,0,0,0,0,0,0,0,0,58.01606,1.0562062,-0.0028,-0.0007,0.833,67.0,-0.34533445109973565,-0.10226243031412682,-0.0016,-0.00019999999999999998,-114.0,0.0021,-0.0378069964241181,60.125230745410285,0.3334466536567504,0.39790393665675206,-0.06445728300000164,57.10750594999995
2018-07-10,0,0,0,0,0,0,0,0,58.009106,-0.0119924545,-0.002,-0.0014,1.458,290.0,0.6033191491039169,-0.08355242374076331,0.0007999999999999999,-0.0007,223.0,0.0006000000000000001,0.01871000657336351,60.071506678497265,0.40449640875788617,0.39922243107697886,0.005273977680907316,57.15459899999995
2018-07-11,0,0,0,0,0,0,0,0,58.223812,0.37013292,-0.0005,-0.001,1.667,335.0,0.8927712784219403,-0.049186405247748206,0.0015,0.00039999999999999996,45.0,-0.0005,0.034366018493015106,61.223564270392274,0.4726800697772049,0.4139139588170241,0.058766110960180806,57.22226829999995
2018-07-12,0,0,0,0,0,0,0,0,59.70493,2.5438428,-0.0006,-0.0009,0.833,257.0,-0.39195021246412515,-0.05208422666961928,-9.999999999999994e-05,0.00010000000000000005,-78.0,-0.00030000000000000003,-0.0028978214218710746,68.06812849305162,0.6388655128005709,0.45890426961373343,0.17996124318683748,57.32452979999996
2018-07-13,0,0,0,0,0,0,0,0,59.861996,0.26305914,-0.0052,-0.0004,0.292,216.0,-1.2063869283463369,-0.15557715712671205,-0.0046,0.0005,-41.0,0.0048,-0.10349293045709276,68.69910313325984,0.7743167457926603,0.5219867648495188,0.2523299809431415,57.43673224999996
2018-07-16,0,0,0,0,0,0,0,0,59.468845,-0.6567538,-0.0011,-0.0011,0.667,110.0,-0.6113178063034173,-0.058936748064213014,0.0040999999999999995,-0.0007000000000000001,-106.0,0.0,0.09664040906249904,65.22484204681396,0.8402529112902499,0.585639994137665,0.25461291715258494,57.468864749999966
2018-07-17,0,0,0,0,0,0,0,0,60.292408,1.3848543,-0.0052,-0.0008,2.125,202.0,1.7758087958648947,-0.12034788901933303,-0.0040999999999999995,0.00030000000000000003,92.0,0.004399999999999999,-0.06141114095512002,68.78593890645458,0.9480341017936027,0.6581188156688526,0.28991528612475015,57.554327499999964
2018-07-18,0,1,1,0,0,0,0,0,60.283962,-0.0140070915,-0.0607,-0.0126,3.875,598.0,3.9752521578278452,-5.002915159076415,-0.055499999999999994,-0.0118,396.0,0.0481,-4.8825672700570815,68.70823150633142,1.0210004920535667,0.7306951509457954,0.2903053411077713,57.62599809999997
2018-07-19,0,1,1,0,0,0,0,0,59.597572,-1.1385918,-0.1388,-0.0104,2.875,687.0,2.3827869133560284,-6.41856679262727,-0.0781,0.0022000000000000006,89.0,0.12840000000000001,-1.4156516335508549,62.52622481237221,1.0117778007523626,0.7869116809071088,0.22486611984525373,57.699706199999966
2018-07-20,0,0,0,0,0,0,0,0,59.536938,-0.10173917,-0.0304,-0.0055,1.583,466.0,0.6151373973144397,-1.0711392931007953,0.10840000000000001,0.0049,-221.0,0.0249,5.347427499526475,61.99557096185649,0.9881849138268848,0.827166327491064,0.16101858633582078,57.770754749999966
2018-07-23,0,0,0,0,0,0,0,0,60.189026,1.0952711,-0.0316,-0.0022,2.375,124.0,1.6175461422188533,-1.0943864287717286,-0.0012000000000000031,0.0032999999999999995,-342.0,0.029400000000000003,-0.023247135670933394,65.39682972776161,1.0104575076735713,0.8638245635275654,0.14663294414600592,57.94898579999997
2018-07-24,1,1,1,0,1,1,0,1,62.53247,3.8934827,0.1717,0.0354,2.917,470.0,2.212898124843618,5.686637562938081,0.20329999999999998,0.0376,346.0,-0.13629999999999998,6.78102399170981,74.29888797295942,1.203333762024414,0.9317264032269351,0.2716073587974789,58.260940049999974
2018-07-25,1,1,1,0,0,0,0,0,63.416668,1.4139771,0.0733,0.0138,1.875,507.0,0.842610047586905,2.369688625976849,-0.09839999999999999,-0.0216,37.0,-0.059500000000000004,-3.316948936961232,76.73124499119027,1.4112687446408927,1.0276348715097265,0.38363387313116615,58.65607059999998
2018-07-26,0,0,0,0,0,0,0,0,63.891827,0.7492542,-0.0022,0.0015,1.208,448.0,-0.022821148635402515,0.06998788318546464,-0.0755,-0.0123,-59.0,0.0037,-2.2997007427913845,77.93951653267797,1.596002355014015,1.1413083682105842,0.45469398680343076,59.05050544999997
2018-07-27,0,0,0,0,0,0,0,0,62.271038,-2.5367558,-0.0005,-0.0013,0.958,312.0,-0.3479395137543383,0.12179313779299292,0.0017000000000000001,-0.0028,-136.0,-0.0007999999999999999,0.05180525460752827,65.45416219728554,1.593254894707897,1.2316976735100469,0.36155722119785016,59.35791184999997
2018-07-30,0,0,0,0,0,0,0,0,61.135353,-1.8237829,0.0012,-0.0013,0.583,79.0,-0.8163181505055082,0.17240197999677068,0.0017,0.0,-233.0,-0.0024999999999999996,0.05060884220377776,58.3952645102042,1.4823496207391997,1.2818280629558774,0.20052155778332237,59.57642664999996
2018-07-31,0,0,0,0,0,0,0,0,60.99519,-0.2292633,0.002,-0.0014,0.333,212.0,-1.105096206829754,0.19572779121591638,0.0008000000000000001,-0.00010000000000000005,133.0,-0.0034000000000000002,0.023325811219145703,57.57006957966272,1.3673840571370661,1.2989392617921152,0.06844479534495096,59.85212304999997
2018-08-01,0,0,0,0,0,0,0,0,61.28197,0.47017336,-0.0005,-0.0012,1.458,324.0,0.40244053123105517,0.11977531849071711,-0.0025,0.0002000000000000001,112.0,-0.0006999999999999999,-0.07595247272519927,58.85132276934565,1.284605634860327,1.2960725364057575,-0.011466901545430508,60.14215844999997
2018-08-02,0,0,0,0,0,0,0,0,61.686546,0.66018105,-0.0006,-0.001,1.542,452.0,0.5114960191813985,0.11708970776114935,-9.999999999999994e-05,0.00019999999999999987,128.0,-0.0004000000000000001,-0.0026856107295677584,60.6563081515818,1.2373852341037903,1.284335075945364,-0.04694984184157369,60.39027034999996
2018-08-03,0,0,0,0,0,0,0,0,61.53893,-0.23929477,-0.0008,-0.0011,0.792,323.0,-0.4845113777510873,0.11146003130302785,-0.0002000000000000001,-0.00010000000000000005,-129.0,-0.00030000000000000003,-0.005629676458121499,59.628552026649906,1.1745123020682868,1.2623705211699485,-0.0878582191016617,60.596732349999954
2018-08-06,0,0,0,0,0,0,0,0,61.51458,-0.039571524,-0.0037,-0.0011,1.042,145.0,-0.1385312966851214,0.024783314579048716,-0.0029000000000000002,0.0,-178.0,0.0026,-0.08667671672397914,59.449609599728625,1.1099256766607724,1.2318815522681132,-0.12195587560734089,60.77165834999996
2018-08-07,0,0,0,0,0,0,0,0,62.417664,1.4680743,-0.0013,-0.0009,2.083,352.0,1.2349121235482852,0.09842802657693248,0.0024000000000000002,0.0002000000000000001,207.0,0.00039999999999999996,0.07364471199788376,63.78975597858536,1.118715782946495,1.2092483984037896,-0.09053261545729452,60.992086249999964
2018-08-08,0,0,0,0,0,0,0,0,62.69052,0.4371524,0.0042,-0.0011,0.75,235.0,-0.5464856386436936,0.26268632110341883,0.0055,-0.0002000000000000001,-117.0,-0.0053,0.16425829452648635,65.00836290572903,1.1346200111424807,1.194322720951528,-0.05970270980904724,61.215421649999975
2018-08-09,0,0,0,0,0,0,0,0,62.846092,0.24815798,0.0,-0.001,0.25,217.0,-1.1754859041551875,0.13476950387044964,-0.0042,0.00010000000000000005,-18.0,-0.001,-0.1279168172329692,65.71679178571198,1.1465607482060847,1.1847703264024392,-0.03820957819635451,61.37247974999997
2018-08-10,0,0,0,0,0,0,0,0,62.25215,-0.9450674,-0.0005,-0.0007,0.167,152.0,-1.2453379035282905,0.10750593838409583,-0.0005,0.00030000000000000003,-65.0,-0.00019999999999999998,-0.027263565486353808,60.66691059179008,1.095469818575502,1.1669102248370518,-0.07144040626154968,61.49198744999997
2018-08-13,0,0,0,0,0,0,0,0,62.05981,-0.3089726,-0.0002,-0.0008,1.167,116.0,0.051166632236597044,0.11513238593515754,0.00030000000000000003,-0.00010000000000000005,-36.0,-0.0006000000000000001,0.007626447551061705,59.08354355396607,1.02761396409484,1.1390509726886093,-0.11143700859376926,61.62153569999996
2018-08-14,0,0,0,0,0,0,0,0,62.531975,0.76082945,-0.0009,-0.0006,1.833,448.0,0.8926097467018421,0.08394472587168701,-0.0007,0.0002000000000000001,332.0,0.00030000000000000003,-0.031187660063470526,61.7244898556618,1.0004054289422442,1.1113218639393363,-0.11091643499709214,61.73351404999996
2018-08-15,0,0,0,0,0,0,0,0,61.243702,-2.0601869,0.0002,-0.0009,0.833,354.0,-0.41076231547822567,0.1007324029269834,0.0011,-0.00030000000000000003,-94.0,-0.0011,0.016787677055296393,51.88443642138514,0.8649193523532617,1.0620413616221214,-0.1971220092688597,61.78150104999996
2018-08-16,0,0,0,0,0,0,0,0,60.83814,-0.66221356,-0.0022,-0.0006,1.958,397.0,1.0207116804291723,0.021866616054436804,-0.0024000000000000002,0.00030000000000000003,43.0,0.0016000000000000003,-0.0788657868725466,49.22401162605709,0.7165601373350796,0.992945116764713,-0.27638497942963336,61.84352944999997
2018-08-17,0,0,0,0,0,0,0,0,60.430077,-0.6707251,-0.0002,-0.001,1.958,541.0,0.9896375614668446,0.07920117741279199,0.002,-0.0004000000000000001,144.0,-0.0008,0.057334561358355185,46.633042263858094,0.5596063234338189,0.9062773580985342,-0.34667103466471527,61.888186399999974
2018-08-20,0,0,0,0,0,0,0,0,60.73326,0.5017042,0.0005,0.0006,0.042,82.0,-1.4662958312178582,0.09645518947089758,0.0007,0.0015999999999999999,-459.0,9.999999999999994e-05,0.01725401205810559,48.78981282681883,0.4544450695404265,0.8159109003869126,-0.3614658308464861,61.91539809999997
2018-08-21,0,1,1,0,0,0,0,0,60.507614,-0.37153363,-0.0868,-0.0031,0.958,183.0,-0.29948297068805224,-2.4237029084408945,-0.0873,-0.0036999999999999997,101.0,0.0837,-2.520158097911792,47.258995174862974,0.34887466185141136,0.7225036526798123,-0.37362899082840095,61.81415529999997
2018-08-22,0,1,0,0,0,0,0,0,60.72332,0.35649538,-0.0102,-0.0033,0.583,345.0,-0.7712412961047828,-0.17751859893019253,0.0766,-0.0002000000000000001,162.0,0.006900000000000001,2.246184309510702,48.909267837406176,0.27939434059247503,0.6338817902623448,-0.3544874496698698,61.67948789999997
2018-08-23,0,0,0,0,1,0,0,0,60.694,-0.048291683,-0.0019,-0.0017,1.208,249.0,0.044399235387238965,0.06605477404878825,0.0083,0.0016,-96.0,0.0002000000000000001,0.2435733729789808,48.686270213918974,0.21943529298969366,0.5509924908078145,-0.3315571978181209,61.519596549999974
2018-08-24,0,0,0,0,0,0,0,0,61.468853,1.276648,-0.0016,-0.0018,0.583,325.0,-0.7440285755003384,0.07444391991505096,0.0002999999999999999,-0.00010000000000000005,76.0,-0.00019999999999999987,0.008389145866262715,54.580072298099836,0.23176977942068078,0.4871479485303878,-0.255378169109707,61.479487299999974
2018-08-27,0,0,0,0,0,0,0,0,62.439037,1.578331,0.0021,-0.0007,0.292,121.0,-1.0949995070337457,0.18104472627776225,0.0037,0.0010999999999999998,-204.0,-0.0028,0.10660080636271128,60.67113233718613,0.31618589523503715,0.45295553787131765,-0.1367696426362805,61.54467149999998
2018-08-28,0,0,0,0,0,0,0,0,61.921635,-0.8286476,-0.0018,-0.0009,2.583,398.0,1.737689732095978,0.04823785963356631,-0.0039,-0.00019999999999999998,277.0,0.0009,-0.13280686664419594,56.332395214617335,0.3374463860270822,0.42985370750247054,-0.09240732147538833,61.590993749999974
2018-08-29,0,1,0,0,0,0,0,0,62.855537,1.5082002,-0.0247,-0.0022,2.625,1038.0,1.7105751285136634,-0.6203871487186059,-0.0229,-0.0013000000000000002,640.0,0.0225,-0.6686250083521722,61.66171525437024,0.4247572276900584,0.42883441153998814,-0.004077183849929722,61.66967209999997
2018-08-30,0,0,0,0,1,0,0,0,62.348076,-0.8073449,-0.0032,-0.0011,1.667,642.0,0.5638200573488481,0.005463781376964823,0.0215,0.0011,-396.0,0.0021000000000000003,0.6258509300955707,57.551583385090076,0.4478414001873716,0.4326358092694648,0.015205590917906797,61.70274859999997
2018-08-31,0,0,1,0,0,0,0,0,61.22283,-1.804775,-0.0332,-0.0009,0.667,470.0,-0.6394435502349715,-0.8626481382738078,-0.03,0.0002000000000000001,-172.0,0.0323,-0.8681119196507726,49.64882632808729,0.3710604709452383,0.4203207416046195,-0.04926027065938121,61.68694359999997
2018-09-03,0,0,0,0,0,0,0,0,61.22283,0.0,-0.008,-0.0011,0.333,101.0,-1.0334552767044705,-0.11920109311916181,0.0252,-0.0002000000000000001,-369.0,0.0069,0.743447045154646,49.648826328087296,0.30667586289575866,0.39759176586284734,-0.09091590296708868,61.672356099999966
2018-09-04,0,0,0,0,1,0,0,1,60.204437,-1.6634226,-0.0016,-0.0005,2.125,311.0,1.1047687679603178,0.06720406664114548,0.0064,0.0006000000000000001,210.0,0.0011,0.1864051597603073,43.39433888009031,0.1714978723966425,0.35237298716960636,-0.18087511477296386,61.56169474999997
2018-09-05,0,0,0,0,0,0,0,0,59.597572,-1.008004,-0.0016,-0.0012,2.25,388.0,1.212677804778771,0.06325592454244817,0.0,-0.0006999999999999999,77.0,0.0004000000000000002,-0.003948142098697302,40.148593530726835,0.01522391548255797,0.28494317283219667,-0.2697192573496387,61.40704734999996
2018-09-06,0,0,0,0,0,0,0,0,58.846577,-1.2601078000000001,-0.0037,-0.002,1.125,386.0,-0.15097607628043255,0.002495076884414585,-0.0021000000000000003,-0.0008000000000000001,-2.0,0.0017000000000000001,-0.06076084765803359,36.50931961403997,-0.16729487031032875,0.19449556420369157,-0.3617904345140203,61.20707159999996
2018-09-07,0,0,0,0,0,0,0,0,58.52848,-0.54054856,-0.0028,-0.001,0.5,274.0,-0.9142805908475914,0.027983984683473143,0.0009000000000000002,0.001,-112.0,0.0018,0.025488907799058557,35.05968154025344,-0.3337626840191632,0.08884391455912061,-0.4226065985782838,61.02088809999996
2018-09-10,0,0,0,0,0,0,0,0,58.40274,-0.21483898,-0.0035,-0.0006,1.0,108.0,-0.28044269178089337,0.009394480623543533,-0.0007000000000000001,0.0004000000000000001,-166.0,0.0029000000000000002,-0.01858950405992961,34.47693056664781,-0.47041316274809475,-0.02300750090232248,-0.44740566184577224,60.83803459999996
2018-09-11,0,0,0,0,0,0,0,0,59.144787,1.2705684,-0.0016,-0.0006,0.875,277.0,-0.4216355417473355,0.06551844218500413,0.0019,0.0,169.0,0.001,0.0561239615614606,40.73728896377064,-0.5129200373904368,-0.12099000819994535,-0.39193002919049147,60.66867519999995
2018-09-12,0,0,0,0,0,0,0,0,58.230766,-1.5453935,-0.0034,-0.0014,1.5,298.0,0.3400524972588815,0.014142235801648572,-0.0017999999999999997,-0.0008,21.0,0.002,-0.05137620638335556,36.15499719354208,-0.6132912578379646,-0.2194502581275492,-0.39384099971041536,60.51802839999995
2018-09-13,0,0,0,0,0,0,0,0,58.754627,0.89963675,-0.0091,-0.0032,1.292,417.0,0.06847872531041369,-0.14879896604964032,-0.0057,-0.0018000000000000002,119.0,0.005900000000000001,-0.1629412018512889,40.299863405630774,-0.6431511227716342,-0.30419043105636623,-0.338960691715268,60.41385274999995
2018-09-14,0,0,0,0,0,0,0,0,58.547863,-0.35191178,-0.0089,-0.0017,0.125,348.0,-1.3618668601163193,-0.1386624060197495,0.00020000000000000052,0.0015000000000000002,-69.0,0.0072,0.010136560029890829,39.21766017365033,-0.675710240622557,-0.3784943929696044,-0.2972158476529526,60.319742049999945
2018-09-17,0,0,0,0,1,0,0,0,57.645775,-1.5407741,-0.0001,-0.0007,0.083,81.0,-1.3810194982406234,0.1197279298791652,0.0088,0.001,-267.0,-0.0006,0.2583903358989147,34.82385530416244,-0.7654805552849879,-0.45589162543268114,-0.3095889298523068,60.16536779999994
2018-09-18,0,0,0,0,0,0,0,0,58.007607,0.6276846,-0.0047,-0.0018,1.292,249.0,0.09286832313305406,-0.013163205477670213,-0.0046,-0.0010999999999999998,168.0,0.0029000000000000002,-0.13289113535683542,37.832462581793536,-0.7982259065984607,-0.5243584816658371,-0.2738674249326236,60.04036744999994
2018-09-19,0,0,0,0,1,0,0,0,58.363476,0.61348677,0.0003,-0.0009,0.833,330.0,-0.44984369053129547,0.13338948570803033,0.005,0.0009,81.0,-0.0012,0.14655269118570055,40.73032173041398,-0.786396094589378,-0.5767660042505453,-0.20963009033883273,59.92237524999994
2018-09-20,0,0,0,0,0,0,0,0,59.223316,1.473248,-0.0033,-0.0006,1.167,289.0,-0.03528724923061742,0.029019512792277373,-0.0036,0.00030000000000000003,-41.0,0.0027,-0.10436997291575295,47.141536336941115,-0.6995747194302453,-0.6013277472864853,-0.09824697214375999,59.84884104999994
2018-09-21,0,0,0,0,0,0,0,0,58.25661,-1.632297,-0.0019,-0.0011,1.583,361.0,0.45458782486072097,0.0703232235948299,0.0014,-0.0005000000000000001,72.0,0.0007999999999999999,0.041303710802552525,41.682422519445225,-0.7006960611781565,-0.6212014100648195,-0.07949465111333698,59.688228899999935
2018-09-24,0,0,0,0,0,0,0,0,58.626404,0.6347537,-0.0222,-0.001,1.167,126.0,-0.06815513165192494,-0.5145047239622526,-0.020300000000000002,0.00010000000000000005,-235.0,0.0212,-0.5848279475570825,44.337815443127695,-0.6640902285170824,-0.6297791737552721,-0.03431105476181029,59.497597249999934
2018-09-25,0,0,0,0,0,0,0,0,59.338623,1.21485,-0.0065,-0.0006,1.292,392.0,0.0802204308991138,-0.05132599552270594,0.015700000000000002,0.0004000000000000001,266.0,0.0059,0.4631787284395466,49.141063051089496,-0.5710272743978138,-0.6180287938837805,0.04700151948596676,59.36844664999994
2018-09-26,0,0,0,0,0,0,0,0,59.34708,0.01424551,-0.0049,0.0003,1.542,382.0,0.37034439418855125,-0.002246742223501976,0.0015999999999999999,0.0009,-10.0,0.0052,0.04907925329920396,49.197122715896775,-0.4909326377015475,-0.5926095626473339,0.1016769249457864,59.19302379999995
2018-09-27,0,0,0,0,1,0,0,0,60.00811,1.1138439,-0.001,-0.0005,1.5,486.0,0.3041269908311298,0.11253957609203033,0.0039,-0.0007999999999999999,104.0,0.0005,0.1147863183155323,53.510592427564085,-0.3698540176380689,-0.5480584536454809,0.17820443600741198,59.07602549999994
2018-09-28,0,0,0,0,0,0,0,0,59.994198,-0.023192167,-0.0062,-0.0006,0.917,301.0,-0.44022992324082144,-0.03741872003886612,-0.0052,-9.999999999999994e-05,-185.0,0.0056,-0.14995829613089645,53.40781533237929,-0.2718867794955955,-0.4928241188155038,0.22093733931990833,59.01459389999995
2018-10-01,0,0,0,0,1,0,0,0,60.06626,0.1201272,-0.0005,-0.0003,1.042,158.0,-0.2877684940452656,0.128509041055303,0.0057,0.0003,-143.0,0.00020000000000000004,0.16592776109416912,53.901719545958535,-0.18628486038686987,-0.43151626712977703,0.24523140674290717,58.95676539999996
2018-10-02,0,0,0,0,0,0,0,0,60.022026,-0.0736475,0.0006,-0.0004,1.208,425.0,-0.07315147484477551,0.15945112828528485,0.0010999999999999998,-0.00010000000000000005,267.0,-0.001,0.030942087229981846,53.52663070034295,-0.12062356353089854,-0.36933772641000134,0.2487141628791028,58.94764484999996
2018-10-03,0,0,0,0,0,0,0,0,60.21537,0.32212734,0.0002,-0.0005,0.542,315.0,-0.8858715819529718,0.14738148124939984,-0.00039999999999999996,-9.999999999999999e-05,-110.0,-0.0007,-0.012069647035885006,55.0006295225104,-0.052381447036545126,-0.3059464705353101,0.253565023498765,58.97853474999996
2018-10-04,0,0,0,0,0,0,0,0,58.502636,-2.8443515,-0.0012,-0.0006,0.542,253.0,-0.8759879379698445,0.1066574598888781,-0.0014,-9.999999999999994e-05,-62.0,0.0006,-0.04072402136052174,42.22445280802261,-0.1349468150590738,-0.27174653944006283,0.13679972438098903,58.96133769999996
2018-10-05,0,0,0,1,0,0,0,0,58.043392,-0.78499913,-0.0234,-0.0014,0.333,249.0,-1.1394034652785956,-0.5336337643782061,-0.0222,-0.0008,-4.0,0.022000000000000002,-0.6402912242670842,39.57021451979158,-0.23473177501907116,-0.2643435865558645,0.02961181153679332,58.93708329999996
2018-10-08,0,0,1,1,0,0,0,0,57.451447,-1.0198355,-0.2055,-0.0036,1.875,117.0,0.7655692076892774,-4.592960185450826,-0.18209999999999998,-0.0021999999999999997,-132.0,0.2019,-4.05932642107262,36.39454888712248,-0.357456552480393,-0.2829661797407702,-0.07449037273962278,58.88951864999996
2018-10-09,0,1,1,0,0,0,0,0,56.917152,-0.9299934,-0.1936,-0.0958,3.042,646.0,2.139432183295521,-3.7063195304339476,0.011899999999999994,-0.09219999999999999,529.0,0.0978,0.8866406550168784,33.760860950628114,-0.4921566880699686,-0.3248042814066099,-0.1673524066633587,58.77813689999996
2018-10-10,0,1,0,0,0,0,0,0,54.282448,-4.62901,-0.0126,-0.0057,2.542,1311.0,1.6714174383307092,-0.035177526957771245,0.181,0.0901,665.0,0.0069,3.6711420034761764,24.388508384226878,-0.8022581767732575,-0.4202950604799394,-0.3819631162933181,58.58072099999996
2018-10-11,0,0,0,0,1,0,0,0,54.211872,-0.13002157,-0.0066,-0.0053,1.0,459.0,-0.30409186505583846,0.04565457554439926,0.006,0.0004000000000000002,-852.0,0.0013,0.0808321025021705,24.19474750726542,-1.0417026345690132,-0.5445765752977542,-0.4971260592712591,58.353583249999964
2018-10-12,0,0,0,0,0,0,0,0,55.692993,2.732098,-0.0174,-0.0027,1.083,287.0,-0.18096758160453044,-0.19589120875057595,-0.010799999999999999,0.0026,-172.0,0.014699999999999998,-0.2415457842949752,35.73405919499007,-1.0992782110805734,-0.655516902454318,-0.4437613086262554,58.21083974999997
2018-10-15,0,0,0,0,1,0,0,0,54.79338,-1.6153038,-0.002,-0.0017,0.958,158.0,-0.3248989221231987,0.13131709959601873,0.015399999999999999,0.0010000000000000002,-129.0,0.00030000000000000014,0.32720830834659465,32.49819889147235,-1.2036238939761787,-0.7651383007586902,-0.4384855932174886,58.068219999999975
2018-10-16,0,0,0,0,0,0,0,0,56.31625,2.779293,-0.0017,-0.0013,2.417,395.0,1.7456199372072354,0.23544139707646453,0.00030000000000000014,0.00039999999999999996,237.0,0.00039999999999999996,0.1041242974804458,42.06260802554214,-1.150177190900358,-0.8421460787870237,-0.3080311121133342,57.983652149999976
2018-10-17,0,0,0,0,0,0,0,0,56.043385,-0.48452616,-0.0014,-0.0033,1.375,459.0,0.2835060693047094,0.2867307082041362,0.0002999999999999999,-0.002,64.0,-0.0019,0.05128931112767168,40.943185357473524,-1.1169625695059011,-0.8971093769307992,-0.21985319257510194,57.86764759999998
2018-10-18,0,0,0,0,0,0,0,0,54.56824,-2.632153,-0.0012,-0.001,0.625,292.0,-0.7692372328448285,0.2916021070801451,0.0002000000000000001,0.0023,-167.0,0.00019999999999999987,0.004871398876008903,35.45042219044307,-1.1958861844304138,-0.9568647384307221,-0.23902144599969177,57.63489379999997
2018-10-19,0,0,0,0,0,0,0,0,54.929573,0.6621599,-0.0018,-0.0016,0.292,240.0,-1.211677799329595,0.2761685520291467,-0.0006000000000000001,-0.0006000000000000001,-52.0,0.00019999999999999987,-0.015433555050998415,37.65668250816716,-1.215268307981745,-1.0085454523409267,-0.20672285564081827,57.468541949999974
2018-10-22,0,0,0,0,0,0,0,0,55.23722,0.560081,-0.0009,-0.0009,0.833,126.0,-0.46017168924453583,0.3012961988497914,0.0009,0.0007000000000000001,-114.0,0.0,0.025127646820644722,39.551124514020344,-1.1920628799039363,-1.0452489378535286,-0.14681394205040776,57.29908274999997
2018-10-23,0,0,0,0,0,0,0,0,55.41317,0.31852722,-0.0097,-0.0012,0.792,239.0,-0.5336635042385789,0.07092284817321155,-0.0088,-0.0002999999999999999,113.0,0.0085,-0.23037335067657988,40.66169922972055,-1.1462613293597386,-1.0654514161547706,-0.080809913204968,57.102810099999964
2018-10-24,0,0,0,0,0,0,0,0,52.54089,-5.183387,-0.0054,-0.0013,1.292,243.0,0.18131005337793785,0.18851880536018562,0.0043,-0.00010000000000000005,4.0,0.0041,0.11759595718697406,30.73482556985757,-1.3264418657782784,-1.1176495060794722,-0.20879235969880616,56.76250059999997
2018-10-25,0,0,0,0,0,0,0,0,54.850544,4.395914,-0.005,-0.0016,2.125,352.0,1.3354877828111205,0.20132234827111994,0.0004000000000000002,-0.00030000000000000014,109.0,0.0034000000000000002,0.012803542910934329,42.82282656660427,-1.2682469029634262,-1.147768985456263,-0.1204779175071633,56.50462229999996
2018-10-26,0,1,1,0,0,0,0,0,53.864456,-1.7977715,-0.3676,-0.0288,2.625,446.0,1.9343766024445488,-5.911860583977069,-0.3626,-0.0272,94.0,0.3388,-6.113182932248189,39.6419419999725,-1.2868618933168747,-1.1755875670283853,-0.11127432628848943,56.19813519999995
2018-10-29,0,0,0,0,1,0,0,0,51.42807,-4.523182,-0.0037,-0.0024,1.625,89.0,0.557752074925032,0.2526329969885517,0.3639,0.0264,-357.0,0.0013000000000000004,6.164493580965621,33.09988694921098,-1.4811367730146827,-1.2366974082256448,-0.24443936478903794,55.76622569999995
2018-10-30,0,0,0,0,0,0,0,0,52.162663,1.4284015,-0.0177,-0.0031,1.25,347.0,0.06779436026701081,0.020117072005268587,-0.014,-0.0007000000000000001,258.0,0.0146,-0.2325159249832831,36.50241604186458,-1.5578673736552489,-1.3009314013115656,-0.25693597234368326,55.37325754999995
2018-10-31,0,0,0,0,0,0,0,0,54.20392,3.9132476,-0.0237,-0.0027,0.833,301.0,-0.50829045347791,-0.07380954723664489,-0.005999999999999998,0.00039999999999999975,-46.0,0.020999999999999998,-0.09392661924191348,44.89006890932165,-1.4373951505257168,-1.3282241511543957,-0.10917099937132102,55.07268504999995
2018-11-01,0,1,1,0,0,0,0,0,53.975292,-0.42179227,-0.179,-0.0095,2.458,320.0,1.6631481708462426,-2.51273499640898,-0.1553,-0.0068,19.0,0.16949999999999998,-2.438925449172335,44.18604917576989,-1.3448656406604087,-1.3315524490555983,-0.01331319160481037,54.846317849999956
2018-11-02,0,1,1,0,0,0,0,0,53.255108,-1.3342738,-0.359,-0.0133,1.375,494.0,0.16116937377146123,-4.355707645936568,-0.18,-0.0037999999999999996,174.0,0.3457,-1.8429726495275882,41.95398579727303,-1.3144954817555572,-1.3281410555955901,0.013645573840032954,54.60690364999996
2018-11-05,0,0,0,1,1,1,0,0,52.471806,-1.4708519,-0.0202,-0.0017,0.417,95.0,-1.140051508423033,0.11133171566462098,0.3388,0.0116,-399.0,0.0185,4.467039361601189,39.61029722762214,-1.338206821852836,-1.3301542088470393,-0.008052613005796738,54.35792159999996
2018-11-06,0,0,0,0,0,0,0,0,53.15968,1.3109326,-0.0182,-0.0017,0.292,200.0,-1.2658991412725475,0.1416440997303935,0.0019999999999999983,0.0,105.0,0.0165,0.03031238406577251,42.640663584958446,-1.2866607228196116,-1.3214555116415538,0.0347947888219422,54.170047999999966
2018-11-07,0,0,0,0,0,0,0,0,55.081654,3.6154747,-0.0053,-0.0006,0.833,247.0,-0.5285880195322793,0.3132517392985568,0.012900000000000002,0.0010999999999999998,47.0,0.0047,0.17160763956816333,50.16532813829859,-1.0782929389865217,-1.2728229971105474,0.19453005812402568,54.21000829999997
2018-11-08,0,0,0,0,0,0,0,0,54.405216,-1.2280643,-0.0048,-0.0007,1.708,292.0,0.6728600083429598,0.32048902507184807,0.0005000000000000004,-0.00010000000000000005,45.0,0.0040999999999999995,0.0072372857732912466,47.78915777862581,-0.9567144537727188,-1.2096012884429816,0.25288683467026285,54.21967549999997
2018-11-09,0,1,1,0,0,0,0,0,53.529964,-1.6087651,-0.0735,-0.0011,0.708,456.0,-0.6715025589691637,-0.5698100272629779,-0.0687,-0.0004000000000000001,164.0,0.07239999999999999,-0.890299052334826,44.83022797287855,-0.920378598362781,-1.1517567504269415,0.23137815206416046,54.11152404999997
2018-11-12,0,0,0,0,1,0,0,0,52.15521,-2.5682032,-0.0151,-0.0012,0.625,73.0,-0.812421512248481,0.20392609333371584,0.058399999999999994,-9.999999999999983e-05,-383.0,0.013900000000000001,0.7737361205966937,40.58016240504389,-0.9910886763366236,-1.119623135608878,0.12853445927225438,53.97961554999996
2018-11-13,0,0,0,0,0,0,0,0,52.086117,-0.1324594,-0.0057,-0.0035,1.167,245.0,-0.05890226588161876,0.3113922521065067,0.0094,-0.0023,172.0,0.0022,0.10746615877279084,40.37300071104899,-1.0407055445345108,-1.1038396173940046,0.0631340728594938,53.76810889999996
2018-11-14,0,0,0,0,0,0,0,0,52.414646,0.6307483,-0.0028,-0.002,1.542,381.0,0.4462012473918208,0.3480168610947112,0.0029000000000000002,0.0015,136.0,0.0007999999999999999,0.03662460898820452,41.891994461969084,-1.0415118253786133,-1.0913740589909264,0.04986223361231312,53.58667194999996
2018-11-15,0,0,0,0,0,0,0,0,53.233246,1.5617609,-0.0027,-0.0025,0.625,346.0,-0.8261044188356282,0.3495403461666491,9.999999999999983e-05,-0.0005,-35.0,0.0002000000000000001,0.0015234850719378912,45.61003823513759,-0.964973021762134,-1.066093851545168,0.10112082978303394,53.51992224999996
2018-11-16,0,0,0,0,0,0,0,0,53.095074,-0.25956035,-0.0009,-0.0012,1.0,236.0,-0.3129018464431413,0.3732085144140681,0.0018000000000000002,0.0013000000000000002,-110.0,-0.0002999999999999999,0.02366816824741902,45.085653685774695,-0.9050321468858371,-1.0338815106133017,0.12884936372746458,53.42819729999995
2018-11-19,0,0,0,0,0,0,0,0,51.064747,-3.823936,-0.0022,-0.0022,1.0,151.0,-0.33417274743848724,0.35707062309431203,-0.0013000000000000002,-0.0010000000000000002,-85.0,0.0,-0.01613789131975607,38.14557700763903,-1.0097195737276436,-1.02904912323617,0.01932954950852639,53.21957364999995
2018-11-20,0,0,0,0,0,0,0,0,51.215347,0.29491186,-0.0028,-0.0024,0.875,296.0,-0.4868450317223336,0.34936878935329574,-0.0005999999999999998,-0.00019999999999999966,145.0,0.0004000000000000002,-0.007701833741016295,38.89691047255302,-1.0682191865099355,-1.0368831358909232,-0.031336050619012346,53.009682499999954
2018-11-21,0,0,0,0,0,0,0,0,51.86048,1.2596607,-0.0017,-0.0012,0.5,287.0,-1.017127804322681,0.3584792503199414,0.0011,0.0012,-9.0,0.0005,0.00911046096664564,42.139225328031806,-1.0504151773050694,-1.0395895441737524,-0.010825633131317014,52.97566199999996
2018-11-22,0,0,0,0,0,0,0,0,51.86048,0.0,-0.0007,-0.001,0.208,353.0,-1.405837805743041,0.37109159688585697,0.001,0.00019999999999999987,66.0,-0.00030000000000000003,0.012612346565915589,42.139225328031806,-1.0244956239131682,-1.0365707601216356,0.012075136208467452,52.82615879999995
2018-11-23,0,0,0,0,0,0,0,0,51.19795,-1.2775242,-0.0025,-0.001,1.0,155.0,-0.22788222781193887,0.34016683327441527,-0.0018,0.0,-198.0,0.0015,-0.030924763611441697,39.634332104400784,-1.0453645137182264,-1.0383295108409538,-0.007035002877272545,52.69283349999995
2018-11-26,0,0,0,0,0,0,0,0,52.482246,2.5084853,-0.0033,-0.002,1.042,152.0,-0.18483527254976007,0.32845012900941173,-0.0007999999999999999,-0.001,-3.0,0.0013,-0.011716704265003541,46.29832830238483,-0.9473508346342285,-1.0201337755996087,0.07278294096538018,52.74554229999994
2018-11-27,0,0,0,0,0,0,0,0,52.30034,-0.346601,-0.0091,-0.0018,2.542,420.0,2.0525296611936357,0.25356564867366366,-0.0058000000000000005,0.0002000000000000001,268.0,0.007300000000000001,-0.07488448033574807,45.53162999229445,-0.8742744896580561,-0.9909619184112982,0.11668742875324212,52.75242614999994
2018-11-28,0,0,0,0,0,0,0,0,54.26406,3.7547112,-0.0075,-0.0032,1.417,595.0,0.3985982451140054,0.27614079464894875,0.0016000000000000007,-0.0014000000000000002,175.0,0.0043,0.022575145975285094,54.32499366086123,-0.6504076724868924,-0.922851069226417,0.27244339673952467,52.755433149999945
2018-11-29,0,0,0,0,0,0,0,0,54.402725,0.25553703,-0.0076,-0.0013,0.583,442.0,-0.8572728522983533,0.27575033968646534,-0.00010000000000000026,0.0019000000000000002,-153.0,0.0063,-0.00039045496248341083,54.878932728177624,-0.45653979382016985,-0.8295888141451676,0.37304902032499776,52.776804799999944
2018-11-30,0,0,0,0,0,0,0,0,55.151737,1.3767838,-0.0021,-0.0009,0.583,313.0,-0.8610718289055024,0.34836358207506013,0.0055,0.00039999999999999996,-129.0,0.0012,0.07261324238859479,57.85239788443206,-0.23969602798361933,-0.711610256912858,0.4719142289292386,52.87163624999995
2018-12-03,0,0,0,0,0,0,0,0,55.48524,0.6046891,-0.0027,-0.0012,0.542,169.0,-0.9057940196373414,0.34022677590105727,-0.0006000000000000003,-0.0002999999999999999,-144.0,0.0015000000000000002,-0.008136806174002864,59.143441528575515,-0.04046838206628678,-0.5773818819435437,0.5369134998772569,53.02230794999995
2018-12-04,0,0,0,0,0,0,0,0,52.806805,-4.8272967,-0.0023,-0.0007,1.375,338.0,0.3413467729312837,0.34569311745972875,0.0004000000000000002,0.0004999999999999999,169.0,0.0015999999999999999,0.005466341558671484,46.756229215709865,-0.09758149843228381,-0.4814218052412917,0.3838403068090079,53.004664199999944
2018-12-05,0,0,0,0,0,0,0,0,52.806805,0.0,-0.0051,-0.0008,1.375,427.0,0.34498231016276565,0.30905304912877074,-0.0028000000000000004,-0.00010000000000000005,89.0,0.0043,-0.03664006833095801,46.756229215709865,-0.14121620215571085,-0.41338068462417554,0.2721644824684647,52.89092174999995
2018-12-06,0,0,0,0,0,0,0,0,53.582645,1.4692187,-0.0018,-0.0024,1.75,478.0,0.8956061121125328,0.3509430017128801,0.0033000000000000004,-0.0015999999999999999,51.0,-0.0005999999999999998,0.04188995258410938,50.25621468620084,-0.11190326402271467,-0.35308520050388337,0.2411819364811687,52.84979319999995
2018-12-07,0,0,0,0,0,0,0,0,52.017033,-2.9218614,-0.0033,-0.0019,0.958,419.0,-0.3237084732383132,0.3297446711590409,-0.0015,0.0004999999999999998,-59.0,0.0014,-0.02119833055383924,43.974287403320616,-0.21255416133706007,-0.3249789926705187,0.11242483133345865,52.774146649999956
2018-12-10,0,0,0,0,0,0,0,0,52.34507,0.630641,-0.0034,-0.0014,2.458,296.0,1.9043575637479666,0.3292350081836614,-9.999999999999983e-05,0.0005,-123.0,0.002,-0.0005096629753794657,45.51114691979636,-0.26282123859089523,-0.31254744185459404,0.04972620326369881,52.783639649999955
2018-12-11,0,0,0,0,0,0,0,0,52.76605,0.80422163,-0.0218,-0.0095,2.958,610.0,2.4812287435560223,0.08970213512895224,-0.0184,-0.0081,314.0,0.0123,-0.23953287305470916,47.501442010658934,-0.26562671235284085,-0.3031632959542434,0.03753658360140255,52.81763629999995
2018-12-12,0,0,0,0,0,0,0,0,53.366444,1.1378527,-0.0222,-0.002,2.833,1109.0,2.1663312166303705,0.08947778438378139,-0.00040000000000000105,0.0075,499.0,0.020200000000000003,-0.00022435074517085374,50.290203384118705,-0.2169029700027636,-0.2859112307639474,0.06900826076118383,52.86522619999995
2018-12-13,0,0,0,0,0,0,0,0,53.357,-0.017690659,-0.0039,-0.0013,1.625,720.0,0.48114876839238396,0.3321496875455,0.0183,0.0007000000000000001,-389.0,0.0026,0.2426719031617186,50.244990619071025,-0.1770106365945452,-0.264131111930067,0.08712047533552181,52.87141389999995
2018-12-14,0,0,0,0,0,0,0,0,52.272,-2.033466,-0.0104,-0.0006,0.708,441.0,-0.7642114175337423,0.2480244744465614,-0.0065,0.0007,-279.0,0.0098,-0.08412521309893861,45.2155056890197,-0.23029145074372792,-0.2573631796927992,0.027071728949071283,52.830260199999955
2018-12-17,0,0,0,0,0,0,0,0,50.976772,-2.4778664,-0.0023,-0.0008,2.167,265.0,1.208239957865748,0.3506932233495468,0.0081,-0.0002000000000000001,-176.0,0.0015,0.10266874890298539,40.06029883759694,-0.3727343056954382,-0.280437404893327,-0.09229690080211117,52.825861449999955
2018-12-18,0,0,0,0,0,0,0,0,51.85948,1.7315865,-0.0005,-0.0024,1.625,721.0,0.46222062402584063,0.3730467116657267,0.0018,-0.0015999999999999999,456.0,-0.0018999999999999998,0.022353488316179948,44.688671453021314,-0.4096716956924169,-0.306284263053145,-0.10338743263927191,52.858068099999954
2018-12-19,0,0,1,0,0,0,0,0,51.46435,-0.76193213,-0.0387,-0.004,0.958,423.0,-0.43038030571320063,-0.1254248506849401,-0.0382,-0.0016000000000000003,-298.0,0.034699999999999995,-0.4984715623506668,43.0848858383101,-0.4654629648274593,-0.33812000340800785,-0.12734296141945145,52.83826159999995
2018-12-20,0,1,0,0,1,0,0,0,50.87389,-1.1473119,-0.0042,-0.0014,1.292,445.0,0.027809097436915155,0.3325409195176836,0.034499999999999996,0.0026,22.0,0.0027999999999999995,0.45796577020262375,40.73241529475824,-0.5509718740947704,-0.3806903775453604,-0.17028149654941005,52.788932099999954
2018-12-21,0,0,0,0,0,0,0,0,49.26703,-3.1585217,-0.006,-0.0012,0.333,311.0,-1.2474646417986275,0.30863382928188093,-0.0018000000000000004,0.0002000000000000001,-134.0,0.0048000000000000004,-0.023907090235802675,35.1135766874003,-0.7398697161236356,-0.4525262452610154,-0.2873434708626202,52.69238609999995
2018-12-24,0,0,0,0,0,0,0,0,48.939995,-0.663805,-0.0068,-0.0014,0.167,125.0,-1.4262416323174598,0.2995662601022859,-0.0007999999999999995,-0.0002000000000000001,-186.0,0.005399999999999999,-0.009067569179595059,34.083081136725085,-0.9055232992958366,-0.5431256560679797,-0.36239764322785695,52.51527354999995
2018-12-25,0,0,0,0,0,0,0,0,48.939995,0.0,-0.0016,0.0017,0.0,114.0,-1.5847365615521862,0.36907972882542467,0.0052,0.0031,-11.0,0.0033,0.0695134687231388,34.083081136725085,-1.024989516319117,-0.6394984281182071,-0.3854910882009098,52.34725629999995
2018-12-26,0,0,0,0,0,0,0,0,52.08015,6.4163566,-0.0049,-0.0015,0.0,75.0,-1.5506249153036091,0.3265721956006228,-0.0033,-0.0031999999999999997,-39.0,0.0034,-0.042507533224801886,50.31930223621708,-0.8564109169348626,-0.6828809258815383,-0.17352999105332434,52.23806079999995
2018-12-27,0,0,0,0,0,0,0,0,52.331158,0.48193932,0.0027,0.001,0.0,153.0,-1.5179719576156552,0.4264041184677029,0.0076,0.0025,78.0,-0.0017000000000000001,0.09983192286708009,51.35083868099425,-0.6945505679365453,-0.6852148542925397,-0.00933571364400565,52.13448244999995
2018-12-28,0,0,0,0,0,0,0,0,52.02201,-0.59074163,-0.0008,-0.0014,0.375,204.0,-1.0490297697837354,0.3745498439721042,-0.0035,-0.0024000000000000002,51.0,-0.0006,-0.05185427449559865,49.97455060166829,-0.5844831769214949,-0.6650685188183307,0.08058534189683586,51.97799609999995
2018-12-31,0,0,1,0,0,0,0,0,51.936516,-0.16434193,-0.0396,-0.0012,0.042,103.0,-1.4128698533904906,-0.18502187926541444,-0.0388,0.0002000000000000001,-101.0,0.038400000000000004,-0.5595717232375187,49.57880893775419,-0.49840729875390366,-0.6317362748054454,0.1333289760515417,51.80055989999995
2019-01-01,0,0,0,0,1,0,0,0,51.936516,0.0,-0.007,-0.0018,0.0,102.0,-1.44492339155353,0.23659481408308236,0.032600000000000004,-0.0006000000000000001,-1.0,0.0052,0.42161669334849683,49.5788089377542,-0.42528907741172617,-0.5904468353267015,0.16515775791497533,51.75704544999995
2019-01-02,0,0,0,0,0,0,0,0,52.419632,0.9301901,-0.0023,-0.0014,0.917,133.0,-0.24292796645377937,0.3025733270652661,0.0047,0.00039999999999999996,31.0,0.0009,0.06597851298218371,52.066449489796796,-0.32461695439535987,-0.5372808591404332,0.21266390474507335,51.73768679999996
2019-01-03,0,0,0,0,0,0,0,0,50.967827,-2.7695715,-0.0221,-0.0025,1.083,243.0,-0.026046750041291897,0.01726156691877477,-0.0198,-0.0011,110.0,0.019600000000000003,-0.2853117601464913,44.89774601778983,-0.3578569497028212,-0.5013960772529108,0.14353912755008957,51.60694589999996
2019-01-04,0,0,0,0,0,0,0,0,53.58215,5.129361,-0.0045,-0.0035,0.667,303.0,-0.5635329333788575,0.27106386170663777,0.0176,-0.001,60.0,0.0009999999999999996,0.253802294787863,56.50981374321887,-0.171271556286122,-0.43537117305955303,0.264099616773431,51.68520174999996
2019-01-07,0,0,0,0,0,0,0,0,53.47529,-0.19942522,-0.0033,0.001,0.833,133.0,-0.3424038614594645,0.28892729169559833,0.0011999999999999997,0.0045000000000000005,-170.0,0.0043,0.017863429988960566,55.99042258675342,-0.031659050831031266,-0.3546287486138487,0.3229696977828174,51.74171274999996
2019-01-08,0,0,0,0,0,0,0,0,53.944973,0.8783221,-0.0012,-0.0011,1.5,321.0,0.5669509003089565,0.3194550021812629,0.0021000000000000003,-0.0021000000000000003,188.0,9.999999999999983e-05,0.03052771048566455,57.825259419543926,0.11555234291105876,-0.2605925303088672,0.37614487321992596,51.80065889999996
2019-01-09,0,0,0,0,0,0,0,0,53.760082,-0.3427446,-0.0002,0.0008,0.625,451.0,-0.592105751105462,0.33373109399904083,0.0009999999999999998,0.0019000000000000002,130.0,0.001,0.014276091817777947,56.820979951077696,0.21482292954190996,-0.16550943833871176,0.38033236788062175,51.82034079999996
2019-01-10,0,0,0,0,0,0,0,0,53.619923,-0.26071668,-0.0008,-0.0007,1.583,365.0,0.6722136201176406,0.3248640682175435,-0.0006000000000000001,-0.0015,-86.0,0.00010000000000000005,-0.00886702578149734,56.02661282374362,0.27897013069666343,-0.07661352453163671,0.35558365522830016,51.833486949999966
2019-01-11,0,0,1,0,0,0,0,0,52.906204,-1.3310671,-0.1713,-0.0177,0.75,269.0,-0.4591883746642824,-2.0465627287403105,-0.1705,-0.017,-96.0,0.15360000000000001,-2.371426796957854,52.03712801936181,0.26911391358774495,-0.007468036907760378,0.2765819504955053,51.86519714999996
2019-01-14,0,0,0,0,1,0,0,0,52.262066,-1.2175024,-0.0022,-0.0018,0.792,113.0,-0.4013275594679483,0.33357264047143176,0.1691,0.0159,-156.0,0.0004000000000000002,2.380135369211742,48.668835879481534,0.20694075301992854,0.035413721077777405,0.17152703194215113,51.92946184999996
2019-01-15,0,1,1,0,0,0,0,0,54.001633,3.3285499,-0.0409,-0.0014,0.792,190.0,-0.4013275594679483,-0.20382139443185812,-0.0387,0.00039999999999999996,77.0,0.0395,-0.5373940349032899,56.801171996843614,0.294640165646058,0.08725900999143352,0.20738115565462448,52.03656949999996
2019-01-16,0,1,0,0,1,0,0,0,54.15074,0.27611256,-0.02,-0.0018,0.75,282.0,-0.44541841726930326,0.09385721947885742,0.0209,-0.00039999999999999996,92.0,0.0182,0.29767861391071554,57.4238197959138,0.37188738447682823,0.14418468488851247,0.22770269958831577,52.17088899999997
2019-01-17,0,0,0,0,0,0,0,0,54.62838,0.88204145,-0.0033,-0.0009,1.333,332.0,0.3655862036252703,0.32864580811978394,0.0167,0.0009,50.0,0.0024000000000000002,0.23478858864092653,59.440559236902246,0.4662730130824002,0.20860235052729004,0.2576706625551102,52.35861349999997
2019-01-18,0,0,0,0,0,0,0,0,55.03494,0.7442355,-0.0023,-0.0012,1.042,344.0,0.002478883481131857,0.3307544177697989,0.001,-0.0002999999999999999,12.0,0.0011,0.00210860965001497,61.128372748893476,0.5673403515843987,0.2803499507387118,0.2869904008456869,52.64700899999997
2019-01-21,0,0,1,0,0,0,0,0,55.03494,0.0,-0.0367,0.0005,1.917,104.0,1.2377867353536638,-0.28287145630937327,-0.0344,0.0017,-240.0,0.037200000000000004,-0.6136258740791722,61.12837274889349,0.6400587466889931,0.352291709928768,0.2877670367602251,52.951756249999974
2019-01-22,0,1,1,0,0,0,0,0,53.60998,-2.589184,-0.0269,-0.1118,2.0,399.0,1.318636030199528,-0.10242243891057544,0.009800000000000003,-0.1123,295.0,-0.0849,0.18044901739879782,52.284319417977784,0.5760657087032612,0.39704650968366667,0.17901919901959457,53.18525549999997
2019-01-23,0,1,0,0,1,0,0,0,53.897263,0.5358696,-0.0099,-0.0168,1.708,467.0,0.8843761126118899,0.20151472784576796,0.017,0.095,68.0,-0.006899999999999998,0.3039371667563434,53.73753233557984,0.5422810241423264,0.4260934125753986,0.11618761156692775,53.27611114999998
2019-01-24,0,0,0,0,0,0,0,0,53.87688,-0.037807226,-0.0077,-0.0053,1.333,352.0,0.4013566917056253,0.20457693727288456,0.0022000000000000006,0.0115,-115.0,0.0024000000000000002,0.0030622094271166023,53.612771221621955,0.5080057069035036,0.44247587144101963,0.06552983546248392,53.35339724999998
2019-01-25,0,0,0,0,0,0,0,0,54.74716,1.6153097,-0.0068,-0.0084,1.125,335.0,0.10887986964009581,0.22158733281833468,0.0009000000000000006,-0.0030999999999999995,-17.0,-0.0015999999999999999,0.017010395545450113,58.08707136766006,0.5447866326348674,0.4629380236797892,0.08184860895507817,53.48965474999998
2019-01-28,0,0,0,0,0,0,0,0,53.671116,-1.965487,-0.0052,-0.0026,1.208,137.0,0.21072502298194873,0.276086942039606,0.0015999999999999999,0.0058,-198.0,0.0026,0.05449960922127131,51.47579301489369,0.48155693475904116,0.4666618058956396,0.014895128863401552,53.576384749999974
2019-01-29,0,0,0,0,0,0,0,0,53.184044,-0.90752244,0.0016,-0.0045,1.25,303.0,0.25099688852063984,0.5360019880704041,0.0068,-0.0018999999999999998,166.0,-0.0060999999999999995,0.2599150460307981,48.76992938089452,0.3876754229217596,0.4508645293008636,-0.06318910637910402,53.63876114999998
2019-01-30,0,0,0,0,0,0,0,0,54.572212,2.610135,-0.0117,-0.0016,0.917,307.0,-0.23841620223943152,0.004900568832435641,-0.013300000000000001,0.0029,4.0,0.0101,-0.5311014192379685,55.887024365773144,0.4204406267766245,0.4447797487960158,-0.024339122019391257,53.74639014999998
2019-01-31,0,0,0,0,0,0,0,0,55.958897,2.5410056,-0.0018,-0.0028,2.125,310.0,1.501120499185135,0.4013640260278791,0.0099,-0.0012,3.0,-0.001,0.39646345719544346,61.62256343252488,0.5519387708022165,0.46621155319725593,0.0857272176049606,53.99594364999998
2019-02-01,0,0,0,0,0,0,0,0,55.59756,-0.645715,-0.0021,-0.0037,1.667,377.0,0.8132359489230191,0.3607394641070889,-0.0002999999999999999,-0.0009000000000000002,67.0,-0.0016000000000000003,-0.04062456192079017,59.45334405352733,0.6198498777077077,0.49693921809934627,0.12291065960836145,54.09671414999998
2019-02-04,0,0,0,0,0,0,0,0,56.73077,2.0382285,-0.002,-0.0022,2.875,248.0,2.384433702832928,0.35543220289568733,9.999999999999983e-05,0.0015,-129.0,-0.0002000000000000001,-0.0053072612114015705,63.761723067321455,0.7563912876455419,0.5488296320085854,0.2075616556369565,54.25948814999997
2019-02-05,1,1,1,0,0,0,0,0,57.250153,0.91552734,0.1135,0.0381,2.583,433.0,1.8896689443542372,4.28411774429001,0.1155,0.0403,185.0,-0.0754,3.928685541394323,65.56760007809369,0.8961805941478858,0.6182998244364455,0.27788076971144027,54.42474714999997
2019-02-06,0,0,0,0,0,0,0,0,55.80979,-2.515912,0.0114,0.0055,0.833,361.0,-0.42513067944633776,0.6843046312346498,-0.1021,-0.032600000000000004,-72.0,-0.005900000000000001,-3.5998131130553603,57.07338641128619,0.8805884941807989,0.6707575583853161,0.20983093579548273,54.52723254999997
2019-02-07,0,0,0,0,0,0,0,0,54.96585,-1.5121698,0.0017,-0.0033,1.417,326.0,0.33652031026750323,0.34179796534974777,-0.0097,-0.008799999999999999,-35.0,-0.005,-0.34250666588490203,52.760508501533074,0.791014415925325,0.6948089298933179,0.09620548603200707,54.59452889999998
2019-02-08,0,0,0,0,0,0,0,0,54.7904,-0.31920075,-0.0009,-0.0029,0.542,370.0,-0.8185646171761792,0.2508073807173917,-0.0026,0.0004000000000000002,44.0,-0.002,-0.09099058463235604,51.882734200099556,0.6978248740906849,0.6954121187327913,0.002412755357893648,54.68873869999999
2019-02-11,0,0,0,0,0,0,0,0,54.77748,-0.023585558,-0.0028,-0.0015,1.167,222.0,0.008756708319421873,0.18467704114420475,-0.0019,0.0013999999999999998,-148.0,0.0013,-0.06613033957318698,51.81437169795292,0.6158300493018345,0.6794957048465999,-0.06366565554476544,54.814509399999984
2019-02-12,0,0,0,0,0,0,0,0,56.042892,2.3100853,-0.0152,-0.0011,2.125,387.0,1.2401050909503533,-0.2420239994324984,-0.0124,0.00039999999999999996,165.0,0.0141,-0.4267010405767031,57.69401552926189,0.645515630458128,0.6726996899689055,-0.027184059510777514,54.91657234999998
2019-02-13,0,0,0,0,1,0,0,1,56.095078,0.0931263,-0.0066,0.001,2.417,382.0,1.559127227185339,0.06178609044009772,0.0086,0.0021000000000000003,-5.0,0.0076,0.3038100898725961,57.92204702775863,0.6655802466864671,0.6712758013124178,-0.005695554625950727,55.01378924999998
2019-02-14,0,0,0,0,0,0,0,0,56.12341,0.050497055,-0.0008,0.0011,2.5,522.0,1.604476455558926,0.26488506879339285,0.0058,0.00010000000000000005,140.0,0.0019000000000000002,0.20309897835329513,58.05423412644687,0.6759755300940142,0.6722157470687371,0.0037597830252771303,55.08854074999997
2019-02-15,0,0,0,0,0,0,0,0,55.647766,-0.8474946,-0.0013,0.0012,0.75,343.0,-0.6372880482504769,0.24664182395008713,-0.0004999999999999999,9.999999999999983e-05,-179.0,0.0024999999999999996,-0.018243244843305723,54.934149696394954,0.6384734469507052,0.6654672870451307,-0.026993840094425514,55.11918204999997
2019-02-18,0,0,0,0,0,0,0,0,55.647766,0.0,-0.0025,0.0009,0.583,173.0,-0.8369257088837516,0.20415524755648443,-0.0012000000000000001,-0.0002999999999999999,-170.0,0.0034000000000000002,-0.042486576393602704,54.93414969639496,0.6018154223005254,0.6527369140962096,-0.05092149179568417,55.14982334999998
2019-02-19,0,0,0,0,0,0,0,0,55.98971,0.6144881,-0.0008,0.0008,0.708,222.0,-0.6519603177885579,0.25866285187016563,0.0017000000000000001,-9.999999999999994e-05,49.0,0.0016,0.05450760431368121,56.86694131722806,0.5935140363518059,0.6408923385473289,-0.04737830219552297,55.26880984999998
2019-02-20,0,0,0,0,0,0,0,0,55.695473,-0.52552223,-0.0004,-0.0009,1.083,355.0,-0.156804338741185,0.2683496808165216,0.0004,-0.0017000000000000001,133.0,-0.0005,0.009686828946355974,54.69324853501079,0.5567745113338418,0.6240687731046315,-0.06729426177078968,55.35872034999998
2019-02-21,0,0,0,0,0,0,0,0,54.881355,-1.4617324,-0.0035,-0.0023,1.167,463.0,-0.06046144737509144,0.1575623750890774,-0.0031,-0.0014,108.0,0.0012000000000000001,-0.11078730572744422,49.10080436824719,0.4567010884698064,0.5905952361776665,-0.13389414770786012,55.40894409999997
2019-02-22,0,0,0,0,0,0,0,0,55.49518,1.1184573,-0.0074,-0.0019,0.417,432.0,-1.0351636062502845,0.024356728707579954,-0.0039000000000000003,0.00039999999999999996,-31.0,0.0055000000000000005,-0.13320564638149743,53.002758868402154,0.42205751114362755,0.5568876911708587,-0.13483018002723113,55.446345099999974
2019-02-25,0,0,0,0,0,0,0,0,55.533443,0.06895065,-0.0002,-0.0009,0.5,179.0,-0.9251887792625471,0.27453083354804475,0.007200000000000001,0.001,-253.0,-0.0007,0.2501741048404648,53.24337986456072,0.3931576541371484,0.5241416837641166,-0.1309840296269682,55.539461449999976
2019-02-26,0,0,0,0,0,0,0,0,55.766056,0.41886568,-0.0009,-0.0014,0.5,304.0,-0.9001874445556006,0.24920392779163858,-0.0007,-0.0005,125.0,-0.0005,-0.02532690575640617,54.759819519994835,0.3845909097117115,0.4962315289536356,-0.11164061924192409,55.66856204999997
2019-02-27,0,0,0,0,0,0,0,0,55.80979,0.07842779,-0.0014,-0.0009,0.5,349.0,-0.8758658507868928,0.22949397236334484,-0.0005,0.0005,45.0,0.0005,-0.019709955428293735,55.05496331932298,0.376985022658026,0.47238222769451366,-0.09539720503648763,55.73044094999997
2019-02-28,0,0,0,0,0,0,0,0,55.991703,0.32595396,0.0005,0.0008,0.458,268.0,-0.9000613457087352,0.29442086220188646,0.0019,0.0017000000000000001,-81.0,0.00030000000000000003,0.06492688983854161,56.33113886806675,0.3812414470728527,0.45415407157018145,-0.07291262449732877,55.732081249999965
2019-03-01,0,0,0,0,0,0,0,0,57.083652,1.9502044,-0.0016,-0.0019,0.042,273.0,-1.391568819699699,0.22006046147625075,-0.0021000000000000003,-0.0027,5.0,-0.0002999999999999999,-0.07436040072563571,63.10346106417632,0.46733866338563956,0.45679098993327305,0.010547673452366513,55.80638584999997
2019-03-04,0,0,0,0,0,0,0,0,57.32719,0.42663813,-0.0006,-0.0007,1.292,139.0,0.21692103645923627,0.253256884121977,0.001,0.0012000000000000001,-134.0,-0.00010000000000000005,0.03319642264572625,64.4284657284012,0.5488954834211697,0.4752118886308524,0.07368359479031727,55.836206849999975
2019-03-05,0,0,0,0,0,0,0,0,58.110985,1.3672352,-0.0143,-0.0012,1.25,385.0,0.2097702313275568,-0.22959899958312582,-0.0137,-0.0004999999999999999,246.0,0.0131,-0.4828558837051028,68.36585469382048,0.6690630149769774,0.5139821139000774,0.15508090107689998,55.87924844999998
2019-03-06,0,0,0,0,1,0,0,0,57.899754,-0.3635049,-0.0073,-0.0008,1.25,347.0,0.25828600873732405,0.006422669110807722,0.007,0.00039999999999999986,-38.0,0.0065,0.23602166869393354,66.23794865920446,0.7387363799853475,0.5589329671171315,0.179803412868216,55.98374664999998
2019-03-07,0,0,0,0,0,0,0,0,57.19946,-1.2095034,-0.0002,-0.0004,0.583,349.0,-0.6721844434725334,0.2528896434112036,0.0071,0.0004,2.0,-0.0002,0.2464669743003959,59.61328701728964,0.7290412171858094,0.5929546171308671,0.13608660005494233,56.09542714999998
2019-03-08,0,0,0,0,0,0,0,0,57.155716,-0.07646084,-0.0011,-0.0007,1.417,278.0,0.5058853651513394,0.2158789492888786,-0.0009000000000000001,-0.0003,-71.0,0.0004000000000000001,-0.03701069412232502,59.214895060326214,0.7096475800387481,0.6162932097124433,0.09335437032630478,56.213692949999974
2019-03-11,0,0,0,0,0,0,0,0,58.611485,2.5470257,-0.0015,-0.0005,1.708,182.0,0.9471466670234372,0.20139128837055267,-0.00039999999999999996,0.00019999999999999998,-96.0,0.001,-0.014487660918325929,67.09582046171838,0.8024957038689564,0.6535337085437459,0.14896199532521048,56.40539319999997
2019-03-12,0,1,1,0,0,0,0,0,59.505623,1.5255332,-0.154,-0.004,2.583,424.0,2.121224155611798,-4.208751238101284,-0.1525,-0.0035,242.0,0.15,-4.410142526471836,70.82477139593628,0.9374219581077909,0.7103113584565549,0.22711059965123603,56.57852974999997
2019-03-13,0,1,0,0,0,0,0,0,59.59559,0.15118122,-0.0197,-0.0043,2.542,615.0,1.958859992263291,-0.29948695898566813,0.1343,-0.0002999999999999999,191.0,0.015399999999999999,3.909264279115616,71.17869748456712,1.0396273942424088,0.7761745656137257,0.26345282862868313,56.753555349999964
2019-03-14,0,0,0,0,1,0,0,1,59.271034,-0.5445957,-0.0021,-0.0041,2.208,580.0,1.458253284416409,0.21595263051344557,0.017599999999999998,0.00019999999999999966,-35.0,-0.0020000000000000005,0.5154395894991137,67.97509079434573,1.0819647656385598,0.8373326056186925,0.24463216001986732,56.910936549999974
2019-03-15,0,0,0,0,0,0,0,0,59.1602,-0.18699765,-0.0016,-0.0029,1.25,490.0,0.16251625809662104,0.22838918073414827,0.0004999999999999998,0.0012000000000000005,-90.0,-0.0012999999999999997,0.012436550220702697,66.86827004679216,1.0939635293747045,0.8886587903698949,0.2053047390048096,57.086558249999975
2019-03-18,0,0,0,0,0,0,0,0,59.07322,-0.14702678,-0.0018,-0.0008,1.292,202.0,0.1965852491159922,0.2199978835425495,-0.00019999999999999987,0.0021,-288.0,0.001,-0.008391297191598757,65.96056872847528,1.0839588738474717,0.9277188070654103,0.15624006678206137,57.25783094999997
2019-03-19,0,0,0,0,0,0,0,0,59.764572,1.1703253,-0.0022,-0.002,2.167,391.0,1.3489095512416818,0.20857658488114242,-0.0004000000000000002,-0.0012000000000000001,189.0,0.0002000000000000001,-0.011421298661407092,69.50404566745297,1.1189182477352801,0.9659586951993843,0.15295955253589588,57.44657404999997
2019-03-20,0,0,0,0,0,0,0,0,60.95593,1.9934177,-0.0115,-0.0072,3.042,1112.0,2.4083076126467295,-0.06089869556191546,-0.0093,-0.0052,721.0,0.0043,-0.2694752804430579,74.44156985066977,1.2285939708925682,1.0184857503380211,0.21010822055454703,57.70959689999997
2019-03-21,0,0,1,0,0,0,0,0,61.438034,0.79090595,-0.1873,-0.0275,1.833,632.0,0.7708227860068154,-4.254369109867161,-0.17579999999999998,-0.0203,-480.0,0.1598,-4.193470414305246,76.12608087722337,1.3389796118745707,1.082584522645331,0.2563950892292397,58.03743084999998
2019-03-22,0,0,0,0,1,0,0,0,60.02253,-2.303958,-0.0072,-0.0052,0.917,414.0,-0.4903957938424595,0.1339239927945844,0.18009999999999998,0.0223,-218.0,0.002,4.388293102661746,62.99749339905299,1.2972873635057738,1.1255250908174195,0.1717622726883543,58.26379834999998
2019-03-25,0,0,0,0,0,0,0,0,59.512085,-0.8504212,-0.0078,-0.0033,1.167,164.0,-0.1774154262774658,0.10677768585121875,-0.0005999999999999998,0.0018999999999999998,-250.0,0.0045,-0.027146306943365645,59.04313118311729,1.2091193357124936,1.1422439397964343,0.06687539591605929,58.46273044999998
2019-03-26,0,0,0,0,0,0,0,0,59.137337,-0.6297052,-0.0133,-0.0017,2.333,376.0,1.4249680937922165,-0.02514906020211946,-0.0055,0.0016,212.0,0.0116,-0.1319267460533382,56.25147367838711,1.0963682559802876,1.133068803033205,-0.036700547052917365,58.63129449999999
2019-03-27,0,0,0,0,1,0,0,1,58.54936,-0.99425316,-0.0057,-0.0011,2.125,444.0,1.0921416063086984,0.16214981743136378,0.007599999999999999,0.0005999999999999998,68.0,0.0046,0.18729887763348324,52.089949796886316,0.9486321421618413,1.0961814708589324,-0.14754932869709103,58.768272999999986
2019-03-28,0,0,0,0,0,0,0,0,58.264076,-0.487262,-0.0012,-0.0015,1.0,499.0,-0.4951471955434456,0.2636844214106604,0.0045000000000000005,-0.00039999999999999996,55.0,-0.00030000000000000014,0.10153460397929662,50.15128677037568,0.7993161539318621,1.0368084074735182,-0.23749225354165615,58.881891649999986
2019-03-29,0,0,0,0,0,0,0,0,58.493694,0.3941059,-0.0043,-0.0018,0.125,377.0,-1.6886039109347737,0.1877723836916577,-0.0031000000000000003,-0.0002999999999999999,-122.0,0.0025,-0.0759120377190027,51.70913995693797,0.6915387824817998,0.9677544824751745,-0.2762156999933747,58.952393749999985
2019-04-01,0,0,0,0,0,0,0,0,59.591606,1.876986,-0.0002,-0.0008,1.167,223.0,-0.2511093799077844,0.2867032826148219,0.0041,0.001,-154.0,-0.0006000000000000001,0.09893089892316423,58.4030563282959,0.686799761744787,0.911563538329097,-0.22476377658431002,59.065614549999985
2019-04-02,0,0,0,0,0,0,0,0,59.917656,0.5471349,-0.0013,-0.0043,1.458,421.0,0.1552912588495902,0.25984931168823344,-0.0010999999999999998,-0.0035,198.0,-0.003,-0.026853970926588477,60.16884839475794,0.7012697624580042,0.8695047831548784,-0.16823502069687424,59.15594809999999
2019-04-03,0,0,0,0,0,0,0,0,60.17959,0.4371524,-0.0013,-0.0024,0.958,403.0,-0.5525154028282194,0.26033007336263553,0.0,0.0019000000000000002,-18.0,-0.0010999999999999998,0.00048076167440208595,61.57985639735725,0.7255099993420586,0.8407058263923145,-0.11519582705025588,59.26993989999998
2019-04-04,0,0,0,0,0,0,0,0,60.60901,0.71356297,-0.0003,-0.0014,0.792,450.0,-0.7635866461591033,0.2845654677881538,0.001,0.0009999999999999998,47.0,-0.0011,0.024235394425518253,63.841342814154046,0.7704894442017363,0.8266625499541989,-0.05617310575246259,59.44041739999998
2019-04-05,0,0,0,0,0,0,0,0,60.21139,-0.6560385,-0.0001,-0.001,0.625,421.0,-0.9911790657494481,0.25553638563263686,0.00019999999999999998,0.00039999999999999996,-29.0,-0.0009,-0.029029082155516917,60.30188666111735,0.7652302691578754,0.8143760937949341,-0.049145824637058744,59.59320109999997
2019-04-08,0,0,0,0,0,0,0,0,60.05384,-0.2616644,-0.0004,-0.0014,1.083,175.0,-0.36159068697578334,0.2461021444497246,-0.00030000000000000003,-0.00039999999999999996,-246.0,-0.001,-0.00943424118291225,58.9082626890973,0.7398211688339629,0.7994651088027399,-0.05964393996877704,59.665318849999984
2019-04-09,0,0,0,0,0,0,0,0,59.776005,-0.4626453,-0.0005,-0.0011,1.917,441.0,0.7778758718935727,0.22561080239534173,-9.999999999999999e-05,0.0002999999999999999,266.0,-0.0006000000000000001,-0.020491342054382883,56.431471939564894,0.6893192677957529,0.7774359406013425,-0.08811667280558955,59.67883794999998
2019-04-10,0,0,0,0,0,0,0,0,59.962883,0.31262636,-0.0028,0.0005,1.917,688.0,0.7517574368238346,0.1516671290864665,-0.0023,0.0016,247.0,0.0033,-0.07394367330887522,57.719165600701864,0.6568044078051827,0.7533096340421105,-0.09650522623692781,59.69720259999998
2019-04-11,0,0,0,0,0,0,0,0,60.118946,0.26026964,-0.0009,0.0009,1.25,600.0,-0.17980729447314725,0.20491986901610482,0.0019,0.00039999999999999996,-88.0,0.0018,0.053252739929638304,58.81391972155174,0.6362943219686343,0.7299065716274152,-0.0936122496587809,59.739598199999975
2019-04-12,0,0,0,0,0,0,0,0,60.772034,1.0863185,-0.0183,-0.0006,1.0,301.0,-0.5283844733348878,-0.2857603634329568,-0.0174,-0.0015,-299.0,0.0177,-0.4906802324490616,63.11767675340859,0.665072137088508,0.7169396847196338,-0.05186754763112578,59.82018989999998
2019-04-15,0,0,0,0,1,0,0,0,60.9609,0.31077862,-0.0073,-0.0011,0.583,95.0,-1.0749651499757773,0.015262728119856756,0.011,-0.0005000000000000001,-206.0,0.0062,0.30102309155281354,64.28012590511052,0.6951059223010745,0.7125729322359219,-0.0174670099348474,59.91457389999998
2019-04-16,0,0,0,0,0,0,0,0,61.228294,0.43863058,-0.0006,-0.0008,0.375,254.0,-1.315897885525039,0.19602909099571414,0.0067,0.00030000000000000003,159.0,-0.0002000000000000001,0.18076636287585737,65.91793815178833,0.732045806187827,0.7164675070263029,0.01557829916152409,59.98775999999998
2019-04-17,0,0,0,0,0,0,0,0,61.63734,0.6680608,-0.001,-0.0017,0.375,275.0,-1.2702454070585363,0.1801601717354037,-0.0004000000000000001,-0.0008999999999999999,21.0,-0.0006999999999999999,-0.01586891926031045,68.3115840321046,0.7852753584502352,0.7302290773110893,0.05504628113914589,60.02183049999998
2019-04-18,0,0,0,0,0,0,0,0,61.70344,0.10724068,-0.0014,-0.0026,1.083,270.0,-0.2986255043582057,0.1655488181453052,-0.00039999999999999996,-0.0009,-5.0,-0.0012,-0.014611353590098491,68.69420848517284,0.823303351152127,0.7488439320792969,0.07445941907283016,60.035100799999974
2019-04-19,0,0,0,0,0,0,0,0,61.70344,0.0,-0.0007,-0.0006,0.125,328.0,-1.5493416537333313,0.18275803599677629,0.0007,0.002,58.0,0.00010000000000000005,0.017209217851471087,68.69420848517284,0.8437149881561439,0.7678181432946662,0.07589684486147763,60.119146299999976
2019-04-22,0,0,0,0,0,0,0,0,62.314278,0.9899616,-0.0002,-0.0006,0.042,53.0,-1.5979901163120622,0.19471632085989,0.0005,0.0,-275.0,-0.00039999999999999996,0.011958284863113705,72.28127474561641,0.8988198434936976,0.7940184833344726,0.10480136015922503,60.259255949999975
2019-04-23,0,1,0,0,0,0,0,0,63.15076,1.3423562,-0.0275,-0.001,0.708,171.0,-0.7135528915287217,-0.5770705849664094,-0.0273,-0.0004000000000000001,118.0,0.0265,-0.7717869058262994,76.28806763763944,0.9984781108550962,0.8349104088385972,0.16356770201649895,60.45992709999998
2019-04-24,0,1,0,0,1,0,0,0,62.626907,-0.82952976,-0.0018,0.0016,0.542,332.0,-0.916054205741313,0.1574263038697877,0.0257,0.0026,161.0,0.0034000000000000002,0.7344968888361971,69.5113856533901,1.0233904387210941,0.8726064148150966,0.15078402390599754,60.663804449999986
2019-04-25,0,0,0,0,0,0,0,0,62.98923,0.5785465,0.0002,0.0018,0.75,211.0,-0.6224048862855243,0.21395365731909455,0.002,0.00019999999999999987,-121.0,0.0015999999999999999,0.056527353449306844,71.40348833755284,1.0601493344711344,0.9101149987463042,0.15003433572483016,60.90006214999998
2019-04-26,0,0,0,0,0,0,0,0,63.490227,0.7953644,-0.0159,-0.0016,0.625,241.0,-0.7609475787997753,-0.24234619733047008,-0.0161,-0.0034000000000000002,30.0,0.0143,-0.45629985464956463,73.82260771992237,1.116833137871069,0.9514586265712571,0.16537451129981184,61.149888799999985
2019-04-29,0,0,0,0,1,0,0,0,64.42363,1.4701486,0.0041,-0.0027,1.75,99.0,0.753169257459292,0.32945407767337037,0.02,-0.0011,-142.0,-0.0068000000000000005,0.5718002750038405,77.62102881806851,1.222975580559094,1.0057620173688244,0.21721356319026963,61.39148999999999
2019-04-30,0,1,1,1,0,0,0,0,59.590614,-7.50193,-0.4319,-0.0911,2.875,233.0,2.2335632618810988,-6.622908176239199,-0.436,-0.0884,134.0,0.3408,-6.952362253912569,42.90551615086101,0.9066588324592999,0.9859413803869195,-0.07928254792761957,61.375137899999984
2019-05-01,0,1,1,1,0,0,0,0,58.31625,-2.1385252,-0.3528,-0.0675,0.5,260.0,-0.9147262665262142,-4.336095833144592,0.0791,0.023599999999999996,27.0,0.2853,2.2868123430946072,38.070551517549724,0.5468413593616361,0.8981213761818628,-0.3512800168202267,61.28197089999999
2019-05-02,0,1,0,1,0,0,0,0,57.977787,-0.5804002,-0.0263,-0.0073,0.792,262.0,-0.5136211420267167,-0.04342811675119875,0.3265,0.060200000000000004,2.0,0.019,4.292667716393393,36.88179049782636,0.23170137491916876,0.764837375929324,-0.5331360010101552,61.150409749999994
2019-05-03,0,0,0,0,1,0,0,0,59.122925,1.975131,-0.0077,-0.0029,0.083,232.0,-1.424019929911562,0.20254303814648866,0.0186,0.0044,-30.0,0.0048000000000000004,0.24597115489768742,43.3293437738783,0.07350639708054985,0.6265711801595691,-0.5530647830790193,61.095986499999995
2019-05-06,0,0,0,0,0,0,0,0,59.317257,0.32868385,-0.0063,-0.0021,0.875,87.0,-0.38241483714350877,0.2217551315377638,0.0014000000000000002,0.0007999999999999999,-145.0,0.004200000000000001,0.019212093391275137,44.367916166185914,-0.03577094905603673,0.49410275431644796,-0.5298737033724847,61.059157349999985
2019-05-07,0,0,0,0,0,0,0,0,58.591606,-1.2233317,-0.0003,0.0008,2.208,313.0,1.3519488758445724,0.2971770619040807,0.006,0.0029,226.0,0.0011,0.07542193036631692,41.32258729947774,-0.1788661467521564,0.3595089741027271,-0.5383751208548835,60.999937399999986
2019-05-08,0,0,0,0,0,0,0,0,58.190014,-0.68540573,-0.0002,0.0003,2.375,1234.0,1.5725842067393783,0.2969812416114342,9.999999999999996e-05,-0.0005,921.0,0.0005,-0.00019582029264653134,39.698601191039096,-0.320975237291826,0.22341213182381647,-0.5443873691156424,60.911293949999994
2019-05-09,0,0,0,0,0,0,0,0,58.05035,-0.24001598,-0.0008,-0.0007,1.458,548.0,0.4099392843509717,0.289100851917315,-0.0006000000000000001,-0.001,-686.0,0.00010000000000000005,-0.007880389694119194,39.12275259266561,-0.43979771862869654,0.09077016173331387,-0.5305678803620104,60.807864149999986
2019-05-10,0,0,0,0,0,0,0,0,58.03395,-0.028252602,-0.0011,-0.0007,1.0,352.0,-0.20840672477705785,0.28511327432602895,-0.00030000000000000003,0.0,-196.0,0.0004000000000000001,-0.00398757759128604,39.051120001835216,-0.5291885775834686,-0.03322158613004263,-0.495966991453426,60.67095994999998
2019-05-13,0,0,0,0,0,0,0,0,56.490707,-2.6592135,-0.0035,-0.0014,0.292,92.0,-1.143270000758529,0.25382571728981784,-0.0024000000000000002,-0.0007,-260.0,0.0021000000000000003,-0.03128755703621111,32.93929742170178,-0.7163012154815576,-0.16983751200034564,-0.5464637034812119,60.44745029999998
2019-05-14,0,0,0,0,0,0,0,0,55.907703,-1.0320306,-0.0035,-0.0006,1.875,184.0,0.9341514035210103,0.2544583561281001,0.0,0.0008,92.0,0.0029000000000000002,0.0006326388382822401,30.96748720110079,-0.9012439008378195,-0.31611878976784036,-0.5851251110699791,60.18142074999999
2019-05-15,0,0,0,0,0,0,0,0,58.191013,4.0840745,-0.0049,-0.0018,1.708,340.0,0.696171868480603,0.23711542818652726,-0.0013999999999999998,-0.0012000000000000001,156.0,0.0031,-0.017342927941572828,44.88338797317836,-0.8537270429165105,-0.42364044039757437,-0.4300866025189361,60.00910439999998
2019-05-16,0,0,0,0,0,0,0,0,58.871925,1.1701345,-0.0037,0.0035,0.583,255.0,-0.7719028818862169,0.2529303676097946,0.0011999999999999997,0.0053,-85.0,0.0072,0.015814939423267338,48.23464422446443,-0.7524518859363738,-0.48940272950533426,-0.26304915643103954,59.867528649999976
2019-05-17,0,0,0,0,0,0,0,0,58.090614,-1.3271391,-0.0302,-0.0021,0.917,191.0,-0.34684385703800746,-0.09032244504133763,-0.026500000000000003,-0.0056,-64.0,0.0281,-0.3432528126511322,44.86379906133687,-0.7268571061264524,-0.5368936048295578,-0.18996350129689454,59.68688734999997
2019-05-20,0,1,0,0,1,0,0,1,56.891804,-2.0636916,0.0,-0.0038,2.833,532.0,2.0705627933790107,0.30658390098580707,0.0302,-0.0017000000000000001,341.0,-0.0038,0.3969063460271447,40.21942986416197,-0.7941525110488641,-0.5883453860734191,-0.20580712497544495,59.415763649999974
2019-05-21,0,0,0,0,0,0,0,0,57.377884,0.8543968,-0.0007,-0.0044,2.708,624.0,1.8223653486303637,0.29733536258801263,-0.0007,-0.0006000000000000003,92.0,-0.0037,-0.009248538397794437,42.804854808370976,-0.7990510475430739,-0.63048651836735,-0.16856452917572384,59.12711984999997
2019-05-22,0,0,0,0,0,0,0,0,57.447964,0.12214184,-0.0014,-0.0015,1.917,400.0,0.8025363507582589,0.2881346809194821,-0.0007,0.0029000000000000002,-224.0,-0.00010000000000000005,-0.009200681668530553,43.18635569726343,-0.788192510066537,-0.6620277167071874,-0.1261647933593496,58.86817269999997
2019-05-23,0,0,0,0,0,0,0,0,56.9256,-0.90928674,-0.0038,-0.0025,1.333,354.0,0.050676342299968785,0.2576018783498715,-0.0024000000000000002,-0.001,-46.0,0.0013,-0.03053280256961055,40.991557300724594,-0.8123729207607937,-0.6920967575179087,-0.12027616324288504,58.56499119999997
2019-05-24,0,0,0,0,0,0,0,0,56.591106,-0.5875945,-0.0002,-0.0018,0.667,254.0,-0.8206639264262846,0.30459774853273985,0.0036,0.0007000000000000001,-100.0,-0.0015999999999999999,0.04699587018286833,39.603580198087364,-0.8487431579627298,-0.7234260376068729,-0.12531712035585696,58.22003514999998
2019-05-27,0,0,0,0,0,0,0,0,56.591106,0.0,-0.0016,-0.0015,0.125,65.0,-1.4664859760126472,0.28643084671962965,-0.0014,0.0002999999999999999,-189.0,0.00010000000000000005,-0.018166901813110203,39.60358019808737,-0.8675660713492874,-0.7522540443553558,-0.11531202699393162,57.82840894999998
2019-05-28,0,0,0,0,0,0,0,0,56.638325,0.0834465,-0.0001,0.0008,0.542,104.0,-0.9172231493702839,0.3028376169172471,0.0015,0.0023,39.0,0.0009000000000000001,0.016406770197617437,39.93654323728097,-0.8686598174914693,-0.7755351989825785,-0.09312461850889076,57.680794499999976
2019-05-29,0,0,0,0,0,0,0,0,55.663162,-1.7217278,-0.0003,-0.0017,0.625,244.0,-0.7955135750276484,0.298559224173914,-0.00019999999999999998,-0.0025,140.0,-0.0014,-0.0042783927433330815,35.57468982039695,-0.9374082645545272,-0.8079098120969682,-0.12949845245755898,57.548140099999976
2019-05-30,0,0,0,0,0,0,0,0,55.736233,0.13126135,-0.0044,-0.0012,0.917,264.0,-0.4396941620671638,0.2456954756494601,-0.0041,0.0005,20.0,0.0032000000000000006,-0.05286374852445391,36.13754764348213,-0.9747592670733951,-0.8412797030922536,-0.13347956398114147,57.43606239999998
2019-05-31,0,0,0,0,0,0,0,0,54.995174,-1.3295829,-0.0011,-0.0008,0.875,275.0,-0.480254606415755,0.2890457734382617,0.0033,0.00039999999999999986,11.0,0.00030000000000000003,0.04335029778880162,32.98970483665127,-1.0520303229833488,-0.8834298270704727,-0.16860049591287607,57.22967484999998
2019-06-03,0,0,1,1,0,0,0,0,51.627373,-6.123817,-0.1487,-0.0447,2.542,222.0,1.5613091967478718,-1.5834257197560542,-0.1476,-0.043899999999999995,-53.0,0.10400000000000001,-1.8724714931943158,23.12929328674291,-1.3692378645312218,-0.9805914345626225,-0.3886464299685992,56.84518064999999
2019-06-04,0,1,1,1,0,0,0,0,52.41018,1.5162587,-0.494,-0.033,1.708,277.0,0.5650201692992325,-4.759214779675426,-0.3453,0.011699999999999995,55.0,0.46099999999999997,-3.1757890599193717,28.480297276975776,-1.539712298911688,-1.0924156074324356,-0.44729669147925244,56.53610934999999
2019-06-05,0,0,1,1,0,0,0,0,51.920616,-0.9340942,-0.0483,-0.0025,1.25,251.0,0.01782169306899357,-0.17069288941390434,0.4457,0.030500000000000003,-26.0,0.0458,4.5885218902615215,27.204856499454387,-1.6947818495070734,-1.2128888558473632,-0.4818929936597103,56.222639449999996
2019-06-06,0,0,1,0,0,0,0,0,52.07569,0.29866695,-0.0378,-0.0032,1.958,254.0,0.9375868439222629,-0.05664996775955016,0.010500000000000002,-0.0007000000000000001,3.0,0.0346,0.11404292165435417,28.300194004301417,-1.7845907583837217,-1.327229236354635,-0.45736152202908675,55.92390644999999
2019-06-07,0,1,0,0,1,0,0,0,53.10004,1.9670486,-0.0129,0.0065,1.958,623.0,0.9156641455780999,0.2016278447914296,0.0249,0.0097,369.0,0.0194,0.25827781255097976,35.23277435434122,-1.7529021170946706,-1.412363812502642,-0.3405383045920285,55.677210949999996
2019-06-10,0,0,0,0,0,0,0,0,53.815258,1.34691,-0.0282,-0.0021,1.042,124.0,-0.253169020136021,0.04867180807048603,-0.0153,-0.0086,-499.0,0.026099999999999998,-0.15295603672094354,39.62240037843299,-1.651044314180517,-1.460099912838217,-0.19094440134229984,55.5434385
2019-06-11,0,0,0,0,0,0,0,0,53.729767,-0.15885234,-0.0145,0.0034,1.708,342.0,0.6155395548918466,0.19206146758485582,0.013699999999999999,0.0055,218.0,0.0179,0.14338965951436977,39.27970590562878,-1.5592456672913002,-1.4799290637288336,-0.07931660356246661,55.4345417
2019-06-12,0,0,1,0,0,0,0,0,53.63334,-0.17946362,-0.086,-0.0019,1.0,263.0,-0.2687184379982642,-0.5312459970347524,-0.0715,-0.0053,-79.0,0.0841,-0.7233074646196083,38.87133134997286,-1.4772466514403035,-1.4793925812711275,0.002145929830823956,55.20665805
2019-06-13,0,1,0,0,1,0,0,0,54.225292,1.1037111,-0.0114,-0.0016,0.792,346.0,-0.5297210846098744,0.21064944815641246,0.0746,0.0002999999999999999,83.0,0.0098,0.7418954451911648,42.80265532826068,-1.3489464464124268,-1.4533033542993874,0.10435690788696061,54.97432640000001
2019-06-14,0,0,0,0,0,0,0,0,53.9912,-0.43171048,-0.0023,0.0012,0.333,296.0,-1.1308197251952468,0.305378411801855,0.0091,0.0028,-50.0,0.0034999999999999996,0.09472896364544253,41.66157978944217,-1.2517277393801862,-1.412988231315547,0.16126049193536085,54.769355700000006
2019-06-17,0,0,1,0,0,0,0,0,54.36843,0.69869757,-0.0524,-0.0021,0.333,97.0,-1.1003927751349363,-0.2133770140790953,-0.050100000000000006,-0.0033,-199.0,0.050300000000000004,-0.5187554258809502,44.241232168014236,-1.1312021114844981,-1.3566310073493373,0.22542889586483916,54.643187
2019-06-18,0,1,0,0,1,0,0,0,54.932552,1.0375857,-0.0125,-0.0007,1.708,202.0,0.7625412314870387,0.2058731174020301,0.039900000000000005,0.0013999999999999998,105.0,0.011800000000000001,0.4192501314811254,47.94800043410611,-0.9788808234011555,-1.2810809705597008,0.3022001471585454,54.5209204
2019-06-19,0,0,0,0,0,0,0,0,54.89627,-0.06604791,-0.0016,-0.0043,0.917,470.0,-0.2885500435919108,0.3196537793364525,0.0109,-0.0036,268.0,-0.0027,0.1137806619344224,47.728234434456894,-0.8512797364594888,-1.1951207237396584,0.34384098728016954,54.3933357
2019-06-20,0,0,0,0,0,0,0,0,55.328175,0.7867694,-0.0211,-0.0014,0.833,251.0,-0.40003507769513796,0.11831436283761328,-0.0195,0.0029,-219.0,0.019700000000000002,-0.20133941649883924,50.62919551560155,-0.707152221203664,-1.0975270232324594,0.3903748020287954,54.313464450000005
2019-06-21,0,0,0,0,0,0,0,0,55.933052,1.0932446,-0.0071,-0.0005,0.583,263.0,-0.7634457413986969,0.2660780555689566,0.014,0.0009,12.0,0.0066,0.14776369273134332,54.4424729016956,-0.5379207922003459,-0.9856057770260367,0.44768498482569075,54.280561750000004
2019-06-24,0,0,0,0,0,0,0,0,55.502136,-0.77041984,-0.0085,-0.0009,0.5,103.0,-0.8580715958603811,0.2529181597383783,-0.0014000000000000002,-0.00039999999999999996,-160.0,0.007600000000000001,-0.013159895830578305,51.39685794852629,-0.4335769798222415,-0.8752000175852777,0.44162303776303613,54.226113250000004
2019-06-25,0,0,0,0,0,0,0,0,54.054817,-2.6076853,-0.0139,-0.001,0.458,269.0,-0.8887029757223289,0.19842178131896993,-0.0053999999999999986,-0.00010000000000000005,166.0,0.012899999999999998,-0.05449637841940835,42.74716324336428,-0.4623407281889982,-0.7926281597060217,0.33028743151702356,54.09693785
2019-06-26,0,0,0,0,0,0,0,0,53.693977,-0.66753626,-0.0147,-0.0018,1.25,288.0,0.1951114249200634,0.19247047167281922,-0.0008000000000000004,-0.0007999999999999999,19.0,0.0129,-0.005951309646150704,40.89911536865564,-0.5083925455340221,-0.7357810368716218,0.22738849133759964,53.9984786
2019-06-27,0,1,1,1,0,0,0,0,53.51058,-0.34156442,-0.0717,-0.005,1.083,328.0,-0.04158194549135842,-0.39539996424005497,-0.057,-0.0032,40.0,0.0667,-0.5878704359128741,39.95369468176966,-0.5533093420803041,-0.6992866979133583,0.14597735583305416,53.88719594999999
2019-06-28,0,1,0,0,1,0,0,0,53.81724,0.57308674,-0.0028,-0.0014,1.0,396.0,-0.16528089821710165,0.33080418712326304,0.0689,0.0036,68.0,0.0014,0.726204151363318,42.35327564814632,-0.5577321388948491,-0.6709757861096565,0.1132436472148074,53.828299249999986
2019-07-01,0,0,0,0,0,0,0,0,54.672115,1.5884638,-0.0191,-0.0009,0.542,138.0,-0.7826442087654683,0.16252306129433078,-0.0163,0.0005,-258.0,0.018199999999999997,-0.16828112582893226,48.528415843157696,-0.48664621458835455,-0.6341098718053961,0.14746365721704158,53.98053634999999
2019-07-02,0,0,0,0,0,0,0,0,55.29836,1.1454582,-0.0278,-0.0013,0.542,225.0,-0.7554602130268013,0.0756747678100591,-0.0087,-0.00039999999999999996,87.0,0.0265,-0.08684829348427169,52.53923652437605,-0.37544942244408475,-0.5823777819331338,0.20692835948904909,54.12494534999998
2019-07-03,0,0,1,0,0,0,0,0,55.814766,0.9338498,-0.0357,-0.0015,0.083,174.0,-1.3430635030251887,-0.001919283330275478,-0.007900000000000004,-0.0002000000000000001,-51.0,0.0342,-0.07759405114033457,55.61090071657101,-0.2428560220752729,-0.5144734299615616,0.27161740788628874,54.319652849999976
2019-07-04,0,0,1,0,0,0,0,0,55.814766,0.0,-0.0745,-0.0017,0.792,153.0,-0.35461744396247996,-0.39878930483064257,-0.038799999999999994,-0.00019999999999999987,-21.0,0.0728,-0.3968700215003671,55.610900716570995,-0.1362047138424458,-0.43881968673773847,0.30261497289529266,54.50660664999998
2019-07-05,0,0,0,0,1,0,0,0,56.295628,0.86153746,-0.0077,-0.0026,0.5,112.0,-0.7421068967448231,0.3047789032394074,0.0668,-0.0009,-41.0,0.0051,0.7035682080700499,58.510735758358,-0.0127344442715156,-0.3536026382444939,0.3408681939729783,54.666386049999986
2019-07-08,0,0,0,0,0,0,0,0,55.50661,-1.4015555,-0.0138,-0.0013,0.292,73.0,-1.0151605467092117,0.24159893975624516,-0.0060999999999999995,0.0013,-39.0,0.0125,-0.06317996348316221,52.4553991140784,0.02120503695096687,-0.27864110320540175,0.2998461401563686,54.75095364999997
2019-07-09,0,0,0,0,0,0,0,0,55.87938,0.67156553,-0.0133,-0.0013,1.042,163.0,-0.007144675745754476,0.24929341631169247,0.0005000000000000004,0.0,90.0,0.012,0.007694476555447305,54.83364369399617,0.07729078392640787,-0.20745472577903984,0.2847455097054477,54.85843429999998
2019-07-10,0,0,0,0,0,0,0,0,56.705418,1.4782667,-0.0042,0.0005,0.625,242.0,-0.5884086817755599,0.34610241910461814,0.0091,0.0018,79.0,0.004699999999999999,0.09680900279292567,59.65023775502968,0.18624657105615228,-0.1287144664120014,0.3149610374681537,55.01203819999997
2019-07-11,0,0,0,0,0,0,0,0,56.862972,0.2778411,-0.0011,-0.0006,1.583,252.0,0.7189692023127211,0.3788110622313059,0.0030999999999999995,-0.0010999999999999998,10.0,0.0005000000000000001,0.03270864312668775,60.51514518025407,0.28205673395203945,-0.046560226339193225,0.32861696029123266,55.14392219999996
2019-07-12,0,0,0,0,0,0,0,0,56.9256,0.11013746,-0.0014,-0.0006,1.167,338.0,0.12533819098467475,0.3757811188575145,-0.0002999999999999999,0.0,86.0,0.0008,-0.0030299433737914216,60.874163060865705,0.35890332044935747,0.03453248301851691,0.32437083743084055,55.290642199999965
2019-07-15,0,0,0,0,0,0,0,0,57.18256,0.4513979,-0.0087,-0.001,0.417,96.0,-0.9385404647434767,0.300267921056974,-0.007299999999999999,-0.0004000000000000001,-242.0,0.007699999999999999,-0.0755131978005405,62.385370175521594,0.43551892730111064,0.11472977187503566,0.320789155426075,55.431348699999965
2019-07-16,0,1,1,0,0,0,0,0,57.329174,0.25640726,-0.0325,-0.0022,2.125,244.0,1.412530336444646,0.04943103080890198,-0.0238,-0.0012000000000000001,148.0,0.0303,-0.250836890248072,63.257387246276366,0.5022779249507607,0.19223940249018068,0.31003852246058006,55.551179799999964
2019-07-17,0,1,1,0,0,0,0,0,56.99518,-0.5825937,-0.0943,-0.0026,1.917,363.0,1.086738243364073,-0.5868972230372967,-0.061799999999999994,-0.00039999999999999975,119.0,0.09169999999999999,-0.6363282538461987,59.853273907463034,0.522214621970285,0.2582344463862015,0.2639801755840835,55.656125299999964
2019-07-18,0,0,0,0,1,0,0,1,57.020035,0.043594837,-0.0136,-0.0018,1.958,312.0,1.1063418356442403,0.26783103684311993,0.0807,0.0007999999999999999,-51.0,0.0118,0.8547282598804167,60.02567249896676,0.5338661125471731,0.3133607796183958,0.22050533292877728,55.740718299999955
2019-07-19,0,0,0,0,0,0,0,0,56.24021,-1.3676226,-0.0014,-0.0012,0.708,259.0,-0.6078372723520555,0.3938736263399586,0.012199999999999999,0.0006000000000000001,-53.0,0.0002000000000000001,0.12604258949683866,52.41983109398134,0.4747025668447691,0.3456291370636705,0.1290734297810986,55.75607619999995
2019-07-22,0,0,0,0,0,0,0,0,56.620922,0.6769419,-0.024,-0.0027,0.833,107.0,-0.4173200660011043,0.1604397705709043,-0.022600000000000002,-0.0015000000000000002,-152.0,0.0213,-0.2334338557690543,55.391573943988114,0.45330983369508004,0.3671652763899524,0.08614455730512766,55.81201549999995
2019-07-23,0,1,1,0,0,0,0,0,57.060295,0.77598095,-0.0648,-0.0044,1.417,137.0,0.4419528960227708,-0.39993663713381783,-0.040799999999999996,-0.0017000000000000001,30.0,0.060399999999999995,-0.5603764077047222,58.60490597627134,0.46643291930492126,0.38701880497294616,0.0794141143319751,55.96228939999995
2019-07-24,0,1,1,0,0,0,0,0,56.64677,-0.724715,-0.1406,-0.0043,1.667,183.0,0.7770144220617122,-1.6115058127663588,-0.0758,0.00010000000000000026,46.0,0.1363,-1.211569175632541,54.617216308516106,0.4384113149330915,0.3972973069649752,0.04111400796811626,56.10992904999996
2019-07-25,0,1,1,0,0,0,0,0,56.4584,-0.33254027,-0.044,-0.003,1.875,248.0,1.0447304415643217,-0.2057614373998015,0.0966,0.0013,65.0,0.040999999999999995,1.4057443753665573,52.85300062354692,0.39643425948583655,0.39712469746914747,-0.0006904379833109209,56.25732004999996
2019-07-26,1,1,1,0,1,0,0,1,61.889824,9.620226,0.1998,0.0398,2.625,312.0,2.0304230892855695,3.0145838519118975,0.24380000000000002,0.042800000000000005,64.0,-0.16,3.220345289311699,76.46202029356729,0.7923044723464088,0.4761606524445997,0.31614381990180906,56.660949249999966
2019-07-29,0,0,0,0,0,0,0,0,61.721832,-0.2714336,-0.0122,0.0025,1.167,91.0,-0.04188412098280331,0.1900301156621839,-0.212,-0.0373,-221.0,0.014700000000000001,-2.8245537362497135,75.20759394348647,1.080029015501033,0.5969343250558864,0.48309469044514664,57.01343509999996
2019-07-30,0,0,0,0,0,0,0,0,61.033962,-1.1144698,0.002,-0.0017,1.333,270.0,0.2181841643634573,0.37878856229705316,0.0142,-0.0042,179.0,-0.0037,0.18875844663486926,70.1338392650229,1.2382733838928175,0.7252021368232726,0.5130712470695449,57.300215199999954
2019-07-31,0,0,0,0,0,0,0,0,60.54688,-0.7980466,-0.0035,-0.0035,0.792,254.0,-0.5377019050182295,0.30627414820946236,-0.0055,-0.0018000000000000002,-16.0,0.0,-0.0725144140875908,66.70229998802614,1.309287092645441,0.8420191279877063,0.4672679646577347,57.53682089999997
2019-08-01,0,0,0,0,0,0,0,0,60.2278,-0.5270064,-0.0019,-0.002,1.5,250.0,0.5081614689276269,0.3278813329668038,0.0016,0.0015,-4.0,-0.00010000000000000005,0.021607184757341413,64.47670377521843,1.324550287905815,0.938525359971328,0.38602492793448706,57.75747259999996
2019-08-02,0,0,0,0,0,0,0,0,59.459396,-1.2758136,-0.004,-0.0013,1.625,298.0,0.6751918794082042,0.3005838089454438,-0.0021000000000000003,0.0007000000000000001,48.0,0.0027,-0.027297524021359987,59.34170546525247,1.2601168564100291,1.0028436592590682,0.257273197150961,57.91566099999996
2019-08-05,0,0,0,0,0,0,0,0,57.39329,-3.4748197,-0.0006,-0.0012,0.75,70.0,-0.63200912977243,0.34521628290239426,0.0034000000000000002,0.00010000000000000005,-228.0,-0.0006,0.04463247395695047,48.221228524265356,1.0304569444813012,1.0083663163035148,0.022090628177786398,58.00999499999996
2019-08-06,0,0,0,0,0,0,0,0,58.204926,1.414156,-0.0078,-0.0035,1.792,230.0,0.9240506712625708,0.2502228189881384,-0.0072,-0.0023,160.0,0.0043,-0.09499346391425584,52.02465384589231,0.9035267577054498,0.9873984045839018,-0.08387164687845206,58.12627229999996
2019-08-07,0,1,1,0,0,0,0,0,58.444984,0.41245222,-0.117,-0.0028,1.167,264.0,0.004652742075498933,-1.1683634449434686,-0.1092,0.0007000000000000001,34.0,0.11420000000000001,-1.418586263931607,53.121477065669445,0.8129333548730244,0.9525053946417263,-0.13957203976870192,58.21325059999996
2019-08-08,0,0,0,0,1,0,0,0,59.94996,2.575016,-0.0128,-0.0034,1.0,214.0,-0.2579745993600846,0.2082438937865901,0.1042,-0.0005999999999999998,-50.0,0.0094,1.3766073387300586,59.38980448641992,0.8527464853618909,0.9325536127857592,-0.07980712742386831,58.36759999999996
2019-08-09,0,0,0,0,0,0,0,0,59.090614,-1.4334321,-0.0065,-0.0013,1.5,252.0,0.48197176154723387,0.285977978118567,0.006300000000000001,0.0021,38.0,0.0052,0.0777340843319769,54.87753030271934,0.8056693826353651,0.9071767667556804,-0.10150738412031524,58.47585069999995
2019-08-12,0,0,0,0,0,0,0,0,58.374912,-1.2112081,-0.0006,-0.0014,0.792,123.0,-0.5645889552967854,0.36394196742170926,0.0059,-0.00010000000000000005,-129.0,-0.0008,0.07796398930314224,51.37649181026638,0.7025111581899637,0.866243645042537,-0.16373248685257336,58.535468299999955
2019-08-13,0,0,0,0,0,0,0,0,59.47978,1.8927097,-0.0094,-0.0012,1.042,209.0,-0.12933845345165126,0.24993582976977066,-0.0088,0.0002000000000000001,86.0,0.0082,-0.1140061376519386,56.03912745260001,0.7018209805396936,0.8333591121419683,-0.1315381316022748,58.642998599999956
2019-08-14,0,0,0,0,0,0,0,0,57.865463,-2.7140558,-0.015,-0.0013,0.875,189.0,-0.38697424104758493,0.17916779743094088,-0.005599999999999999,-0.00010000000000000005,-20.0,0.0137,-0.07076803233882978,48.69217143705001,0.5645048586707944,0.7795882614477335,-0.21508340277693916,58.68651274999996
2019-08-15,0,0,0,0,0,0,0,0,58.11745,0.43547153,-0.0038,-0.0011,0.458,209.0,-1.0656240760014348,0.3270984521472356,0.0112,0.00019999999999999987,20.0,0.0027,0.1479306547162947,49.79855643965062,0.4705894257687149,0.7177884943119298,-0.24719906854321494,58.74138349999996
2019-08-16,0,0,0,0,0,0,0,0,58.608997,0.8457899,-0.0009,-0.0014,0.375,247.0,-1.1885499659776078,0.3655772227632517,0.0029,-0.0002999999999999999,38.0,-0.0005,0.03847877061601612,51.97410944597046,0.4308578424321112,0.6604023639359661,-0.22954452150385485,58.859822849999965
2019-08-19,0,0,0,0,0,0,0,0,59.66417,1.8003583,-0.0006,-0.0019,1.625,109.0,0.8849843326537843,0.3692897373635687,0.00030000000000000003,-0.0005,-138.0,-0.0013,0.003712514600316963,56.347386734594906,0.47899239289566253,0.6241203697279054,-0.14512797683224288,59.01198524999997
2019-08-20,0,0,0,0,0,0,0,0,58.823715,-1.4086425,-0.0105,-0.0048,1.042,353.0,-0.1262225973121583,0.24099506480283103,-0.0099,-0.0029,244.0,0.005700000000000001,-0.12829467256073765,52.264966193842675,0.44420120145946385,0.5881365360742171,-0.14393533461475327,59.10015624999996
2019-08-21,0,0,0,0,0,0,0,0,59.223816,0.6801605,-0.0295,-0.0016,0.875,226.0,-0.42292839095249635,-0.003705350700637975,-0.018999999999999996,0.0031999999999999997,-127.0,0.027899999999999998,-0.24470041550346902,53.97451760301437,0.44379791242586464,0.5592688113445466,-0.11547089891868201,59.22900854999996
2019-08-22,0,1,0,0,1,0,0,0,59.220833,-0.005030632,-0.0008,-0.0009,1.667,261.0,0.9198092486911724,0.37519250548311905,0.0287,0.0007000000000000001,35.0,-9.999999999999994e-05,0.37889785618375704,53.959001697120854,0.4381864590528082,0.5350523408861989,-0.09686588183339073,59.36713019999996
2019-08-23,0,0,0,0,0,0,0,0,57.335144,-3.1841755,-0.0011,-0.0018,1.292,464.0,0.2634611409455295,0.3712236143813935,-0.00030000000000000003,-0.0009,203.0,-0.0006999999999999999,-0.003968891101725547,45.12755810980541,0.27837111001063874,0.4837160947110869,-0.20534498470044815,59.13939619999995
2019-08-26,0,0,0,0,0,0,0,0,58.209896,1.5256882,0.0006,-0.0011,1.25,118.0,0.24053094130218572,0.3684001865001943,0.0017000000000000001,0.0006999999999999999,-346.0,-0.0017000000000000001,-0.002823427881199214,49.275080324225954,0.219768120191155,0.4309264998071005,-0.21115837961594552,58.96379939999996
2019-08-27,0,0,0,0,0,0,0,0,58.192005,-0.030750036,-0.005,-0.0018,1.958,209.0,1.5022276142611133,0.3261474554967678,-0.0056,-0.0006999999999999999,91.0,0.0032,-0.04225273100342647,49.19318224694143,0.16992241454693158,0.37872568275506674,-0.20880326820813516,58.821701549999965
2019-08-28,0,1,1,0,0,0,0,0,58.337627,0.25025606,-0.1737,-0.008,1.667,356.0,0.9598529873275484,-3.3347138977852193,-0.1687,-0.006200000000000001,147.0,0.1657,-3.6608613532819874,49.92274712853788,0.14054964329237407,0.3310904748625282,-0.1905408315701541,58.71123889999997
2019-08-29,0,1,0,0,1,0,0,0,59.35602,1.7456889,-0.0108,-0.0015,1.625,361.0,0.9057614006016058,0.20409812457798018,0.1629,0.006500000000000001,5.0,0.009300000000000001,3.5388120223631994,54.809924394549626,0.19717441061951746,0.30430726201392605,-0.10713285139440859,58.66764989999996
2019-08-30,0,0,0,0,0,0,0,0,59.17163,-0.3106594,-0.0025,-0.0023,2.0,356.0,1.5779203046432473,0.38087673836800034,0.0083,-0.0007999999999999999,-5.0,0.0002000000000000001,0.17677861379002016,53.78640342992974,0.22458236894568984,0.2883622834002788,-0.06377991445458897,58.653261599999965
2019-09-02,0,0,0,0,0,0,0,0,59.17163,0.0,-0.0106,-0.0031,0.292,76.0,-1.4482902475934094,0.19806675749863342,-0.0081,-0.0007999999999999999,-280.0,0.0075,-0.18280998086936692,53.78640342992974,0.243496497332913,0.27938912618680567,-0.03589262885389266,58.74217859999997
2019-09-03,0,0,0,0,0,0,0,0,58.12889,-1.7622352,-0.0038,-0.0026,1.625,125.0,0.9131890035886702,0.3419629991952051,0.0068000000000000005,0.0005,49.0,0.0012000000000000001,0.1438962416965717,47.91770750565457,0.17235883156982368,0.25798306726340925,-0.08562423569358557,58.73837679999997
2019-09-04,0,1,1,0,0,0,0,0,58.76109,1.087594,-0.1217,-0.0029,2.208,260.0,1.853941936844134,-2.158996303589914,-0.1179,-0.0002999999999999999,135.0,0.1188,-2.5009593027851187,51.38136548948123,0.16509189877457686,0.23940483356564277,-0.0743129347910659,58.754182099999966
2019-09-05,0,1,1,0,0,0,0,0,60.248165,2.5307178,-0.3645,-0.0755,1.458,328.0,0.5453155625772401,-5.230852995546363,-0.2428,-0.0726,68.0,0.289,-3.0718566919564494,58.390998314520836,0.2761441092766006,0.24675268870783434,0.029391420568766258,58.76909234999997
2019-09-06,0,0,0,0,0,0,0,0,59.95642,-0.48424602,-0.0342,-0.0056,2.083,271.0,1.5631158187972787,-0.11867220944783753,0.3303,0.0699,-57.0,0.0286,5.112180786098525,56.664914104459484,0.3367307800770263,0.26474830698167273,0.07198247309535355,58.812382649999975
2019-09-09,0,0,1,0,0,0,0,0,59.904232,-0.08704066,-0.0569,-0.0041,2.417,170.0,2.0364102995445994,-0.468415941040848,-0.022699999999999998,0.0014999999999999996,-101.0,0.0528,-0.3497437315930105,56.344053731382004,0.3761984363442892,0.287038332854196,0.08916010349009318,58.88884864999998
2019-09-10,0,1,1,0,0,0,0,0,59.925606,0.03567934,-0.727,-0.015,2.0,271.0,1.3158122316581744,-6.1952388081194805,-0.6701,-0.0109,101.0,0.712,-5.726822867078632,56.45281187888354,0.4045382760255407,0.31053832148846494,0.09399995453707577,58.911139949999985
2019-09-11,0,0,1,0,0,0,0,0,60.63634,1.1860371,-0.214,-0.0036,1.042,209.0,-0.28320114731631596,-1.51766535424759,0.513,0.0114,-62.0,0.2104,4.67757345387189,60.0195561812079,0.47882846066440976,0.3441963493236539,0.13463211134075587,59.04968379999998
2019-09-12,0,1,0,0,1,1,0,1,61.380383,1.227045,-0.0255,-0.0021,2.292,236.0,1.7208642136268821,0.14675304258649555,0.1885,0.0015,27.0,0.023399999999999997,1.6644183968340855,63.39925080434489,0.5909301442342993,0.393543108305783,0.19738703592851636,59.21283044999998
2019-09-13,0,1,1,0,0,0,0,0,61.631878,0.40973425,-0.1059,-0.0138,2.208,455.0,1.523646787928995,-0.547455178621765,-0.0804,-0.0117,219.0,0.09209999999999999,-0.6942082212082605,64.49188178500577,0.6920871311425145,0.45325191287312927,0.23883521826938525,59.36397449999997
2019-09-16,0,0,0,0,1,0,0,0,61.214375,-0.6774068,-0.0267,-0.0023,0.292,67.0,-1.5485523369013445,0.15319961336242718,0.07919999999999999,0.0115,-388.0,0.0244,0.7006547919841921,61.22432981512465,0.7301490652598588,0.5086313433504752,0.22151772190938357,59.44148474999997
2019-09-17,0,1,0,0,0,0,0,0,61.1274,-0.14209151,-0.0037,-0.0032,1.0,239.0,-0.43565420463810284,0.35432974483726454,0.023,-0.0009000000000000002,172.0,0.0005,0.20113013147483735,60.53622858284899,0.744710705206387,0.5558472157216576,0.18886348948472942,59.55666899999998
2019-09-18,0,0,0,0,0,0,0,0,61.26507,0.22523403,-0.0061,-0.0007,0.667,223.0,-0.9520612500964069,0.3317895903107203,-0.0024000000000000002,0.0025,-16.0,0.0054,-0.02254015452654423,61.27807632407447,0.7586148880111381,0.5964007501795537,0.16221413783158434,59.658731699999976
2019-09-19,0,0,0,0,0,0,0,0,61.568253,0.4948616,-0.0038,-0.0009,1.958,270.0,1.08977314926349,0.3419160330148706,0.0023000000000000004,-0.00019999999999999998,47.0,0.0029,0.010126442704150307,62.93072485752687,0.7850488330802676,0.6341303667596965,0.15091846632057115,59.77610269999997
2019-09-20,0,0,0,0,0,0,0,0,61.125412,-0.7192731,-0.0002,0.0008,2.042,498.0,1.183306079275136,0.3731817072779118,0.0036,0.0017000000000000001,228.0,0.001,0.031265674263041165,58.97164313123188,0.7614864158771013,0.6596015765831774,0.10188483929392389,59.96561609999998
2019-09-23,0,0,0,0,0,0,0,0,61.366463,0.39435625,-0.0008,-0.0007,1.542,123.0,0.37323585837463963,0.36492898497236625,-0.0006000000000000001,-0.0015,-375.0,0.00010000000000000005,-0.008252722305545523,60.430906341550084,0.7535770643261586,0.6783966741317736,0.07518039019438494,60.12344444999998
2019-09-24,0,0,0,0,0,0,0,0,60.553337,-1.3250232,-0.0013,-0.0004,2.083,491.0,1.1948232262639669,0.35630423110193626,-0.0004999999999999999,0.0003,368.0,0.0009,-0.00862475387042999,53.51627571283003,0.6739277539734161,0.6775028901001021,-0.0035751361266860293,60.24151104999997
2019-09-25,0,0,0,0,0,0,0,0,61.925606,2.2662163,-0.0026,-0.0007,1.5,401.0,0.23602185263369427,0.3397002106512013,-0.0013,-0.0003,-90.0,0.0018999999999999998,-0.016604020450734946,61.51876295458769,0.7133131119138767,0.684664934462857,0.028648177451019663,60.42090999999997
2019-09-26,0,0,1,0,0,0,0,0,61.7442,-0.2929449,-0.0324,-0.0009,0.417,244.0,-1.5217405726429454,0.07193198632402259,-0.0298,-0.00019999999999999998,-157.0,0.0315,-0.2677682243271787,60.04708401790326,0.7215705278283266,0.6920460531359509,0.029524474692375735,60.540318999999975
2019-09-27,0,1,0,0,0,0,0,0,60.932064,-1.3153195,-0.0036,-0.0009,1.042,257.0,-0.5254568974489671,0.3243214897399731,0.0288,0.0,13.0,0.0027,0.2523895034159505,53.83763260865303,0.6550312094954478,0.6846430844078503,-0.02961187491240247,60.62834069999998
2019-09-30,0,0,0,0,0,0,0,0,60.693005,-0.3923416,-0.0141,-0.0008,0.583,85.0,-1.3088180385804762,0.23212706019902068,-0.010499999999999999,9.999999999999994e-05,-172.0,0.0133,-0.09219442954095242,52.12879796068142,0.5763642881862694,0.6629873251635341,-0.0866230369772647,60.70440944999998
2019-10-01,0,0,0,0,0,0,0,0,59.940514,-1.2398303,-0.0181,-0.0011,0.708,205.0,-1.0818652758891525,0.1977210137272679,-0.004000000000000002,-0.00030000000000000003,120.0,0.017,-0.03440604647175277,47.064824456495366,0.44813463430373446,0.6200167869915741,-0.17188215268783968,60.794990649999974
2019-10-02,0,0,0,0,0,0,0,0,58.54489,-2.3283482,-0.0084,-0.0022,1.333,312.0,-0.06376921489850738,0.2836166798905013,0.009700000000000002,-0.0011,107.0,0.006199999999999999,0.08589566616323341,39.41683521407271,0.23123102930398431,0.5422596354540562,-0.3110286061500719,60.784180649999975
2019-10-03,0,0,0,0,0,0,0,0,59.11696,0.9771466,-0.015,-0.0027,1.333,379.0,-0.0568163242940929,0.2277877645243046,-0.0066,-0.0005,67.0,0.012299999999999998,-0.05582891536619672,43.47175053723335,0.10429240966823983,0.4546661902968929,-0.3503737806286531,60.72762039999998
2019-10-04,0,0,0,0,0,0,0,0,60.187035,1.8101096,-0.0068,-0.0016,0.833,258.0,-0.8848299407087441,0.30076180908317635,0.008199999999999999,0.0011,-121.0,0.0052,0.07297404455887174,50.187819047762225,0.08901266596879509,0.38153548543127336,-0.29252281946247827,60.73915114999998
2019-10-07,0,0,0,0,0,0,0,0,60.052345,-0.22378564,-0.0006,-0.0021,0.375,70.0,-1.647788772520144,0.3539701052420084,0.0062,-0.0004999999999999998,-188.0,-0.0015,0.05320829615883205,49.39236477488163,0.06528246602229615,0.3182848815494779,-0.2530024155271818,60.74655679999997
2019-10-08,0,0,0,0,0,0,0,0,59.15175,-1.4996946,-0.0012,-0.0012,0.583,177.0,-1.257603064630835,0.34377364780821557,-0.0006,0.0009,107.0,0.0,-0.010196457433792827,44.33271886796224,-0.02589586688191048,0.24944873186320024,-0.27534459874511075,60.70786399999997
2019-10-09,0,0,0,0,0,0,0,0,59.761597,1.0309815,-0.001,-0.0008,0.667,207.0,-1.0801585031891738,0.33219994335648395,0.00019999999999999987,0.00039999999999999986,30.0,0.00019999999999999998,-0.011573704451731615,48.20215796358318,-0.04838800956319034,0.1898813835779221,-0.23826939314111245,60.66412684999997
2019-10-10,0,0,0,0,0,0,0,0,60.11298,0.5879879,0.0002,-0.0009,0.792,245.0,-0.8422898480543981,0.34053163274889603,0.0012000000000000001,-9.999999999999994e-05,38.0,-0.0011,0.008331689392412078,50.34389049412602,-0.037428075657487625,0.14441949173084018,-0.1818475673883278,60.60075669999998
2019-10-11,0,0,0,0,0,0,0,0,60.423126,0.5159259,-0.0289,-0.0008,0.75,227.0,-0.9149019696269025,0.0889284728352369,-0.029099999999999997,9.999999999999994e-05,-18.0,0.0281,-0.2516031599136591,52.22171184653202,-0.003673710624163107,0.11480085125983952,-0.11847456188400263,60.54031909999998
2019-10-14,0,0,0,0,0,0,0,0,60.52551,0.16944408,-0.0015,-0.001,0.583,94.0,-1.1799515893819361,0.3263527332466921,0.027399999999999997,-0.00019999999999999998,-133.0,0.0005,0.2374242604114552,52.85552749233533,0.030981267229577725,0.09803693445378717,-0.06705566722420944,60.505875849999974
2019-10-15,0,0,0,0,0,0,0,0,61.741714,2.0094037,-0.0159,-0.0005,2.125,218.0,1.3490666312297437,0.19267122869948158,-0.014400000000000001,0.0005,124.0,0.0154,-0.13368150454721053,59.69537302895358,0.15479866278757726,0.10938928012054519,0.04540938266703207,60.53659154999997
2019-10-16,0,0,0,0,0,0,0,0,61.779488,0.061178207,0.0001,-0.0004,1.625,1015.0,0.530147223492461,0.3146397143857172,0.016,9.999999999999999e-05,797.0,-0.0005,0.12196848568623561,59.89001622699715,0.2530558169964081,0.13812258749571776,0.11493322950069035,60.562312449999965
2019-10-17,0,0,0,0,0,0,0,0,62.26657,0.7884145,-0.0006,-0.0009,0.875,347.0,-0.6764392748546335,0.3018293062077058,-0.0007,-0.0005,-668.0,-0.00030000000000000003,-0.012810408178011379,62.410830471982834,0.3660096350575017,0.18369999700807454,0.18230963804942718,60.59722829999997
2019-10-18,0,0,0,0,0,0,0,0,61.849567,-0.66970587,0.0002,-0.0008,0.667,253.0,-1.0000183696739766,0.35119378881490443,0.0007999999999999999,9.999999999999994e-05,-94.0,-0.001,0.04936448260719861,58.99255286037835,0.41706996960613907,0.23037399152768745,0.18669597807845162,60.633436049999965
2019-10-21,0,0,0,0,0,0,0,0,61.843105,-0.010448694,-0.0014,-0.0008,0.958,117.0,-0.4963553272322955,0.33470265900424334,-0.0016,0.0,-136.0,0.0006,-0.016491129810661087,58.938681214939905,0.4518060839151161,0.27466041000517316,0.17714567390994296,60.65726814999996
2019-10-22,0,0,0,0,0,0,0,0,61.690025,-0.24753809,-0.0001,-0.0018,1.208,260.0,-0.06688080526410926,0.34698488999464433,0.0013,-0.001,143.0,-0.0017,0.012282230990400989,57.59684977277604,0.46166069103565377,0.31206046621126926,0.1496002248243845,60.714102549999964
2019-10-23,0,0,0,0,0,0,0,0,62.506626,1.3237238,-0.0144,-0.0017,2.542,333.0,2.084989911466988,0.21760395015836773,-0.0143,0.00010000000000000005,73.0,0.0127,-0.1293809398362766,62.501295683972955,0.5292624066880833,0.3555008543066321,0.17376155238145125,60.74315354999997
2019-10-24,0,0,0,0,0,0,0,0,62.58019,0.11768341,-0.0014,-0.0016,1.792,567.0,0.8372630112630514,0.3367956664669665,0.013,9.999999999999983e-05,234.0,-0.0002000000000000001,0.11919171630859879,62.91739989999292,0.5820635866814357,0.4008134007815928,0.18125018589984287,60.784953049999956
2019-10-25,0,0,0,0,0,0,0,0,62.838142,0.41220188,-0.0005,-0.0008,1.125,299.0,-0.2430900767150937,0.3444562584085554,0.0009,0.0008,-268.0,-0.00030000000000000003,0.007660591941588912,64.4087754930217,0.6373761967995151,0.44812595998517724,0.18925023681433784,60.88025694999995
2019-10-28,0,0,1,0,0,0,0,0,64.06477,1.9520521,-0.035,0.0013,2.042,74.0,1.2201389989716656,0.03327135291457134,-0.0345,0.0021,-225.0,0.036300000000000006,-0.3111849054939841,70.48714080087257,0.7712994076122612,0.5127606495105941,0.25853875810166715,61.048845199999946
2019-10-29,0,1,1,0,0,0,0,0,62.657227,-2.1970809,-0.3119,-0.0255,2.458,360.0,1.8360381647553634,-2.344842898608466,-0.27690000000000003,-0.026799999999999997,286.0,0.2864,-2.3781142515230376,58.2035153905054,0.7551526308118568,0.5612390457708466,0.1939135850410102,61.18468084999995
2019-10-30,0,0,1,0,0,0,0,0,62.65921,0.003170967,-0.1033,-0.0083,0.833,236.0,-0.7408377234205398,-0.523748288487144,0.2086,0.0172,-124.0,0.095,1.8210946101213221,58.21456348396442,0.7340544822552744,0.5958021330677321,0.13825234918754226,61.39039684999996
2019-10-31,0,0,0,0,1,1,0,0,62.56478,-0.15070438,-0.0034,-0.0018,0.75,195.0,-0.8620139488313543,0.34915133525846087,0.0999,0.006500000000000001,-41.0,0.0015999999999999999,0.8728996237456049,57.435982845817065,0.7016264230470597,0.6169669910635976,0.08465943198346204,61.56278784999995
2019-11-01,0,0,1,0,0,0,0,0,63.233265,1.0684729,-0.0729,0.0033,1.708,165.0,0.6436666910449655,-0.24932486157616526,-0.0695,0.0051,-30.0,0.0762,-0.5984761968346262,61.374332838375835,0.7215505199859678,0.6378836968480717,0.08366682313789608,61.71509934999996
2019-11-04,0,0,0,0,1,0,0,0,64.09609,1.3645172,-0.0095,0.0028,0.833,84.0,-0.7361325043454774,0.3070114091702584,0.06340000000000001,-0.0005,-81.0,0.0123,0.5563362707464237,65.77600900867007,0.797767114226005,0.6698603803236584,0.12790673390234664,61.917286599999954
2019-11-05,0,0,0,0,0,0,0,0,64.18705,0.14190674,-0.0009,0.0014,0.75,267.0,-0.8550819731779573,0.3809098454625785,0.0086,-0.0014,183.0,0.0023,0.07389843629232012,66.2131308026793,0.8556456753630641,0.7070174393315395,0.14862823603152464,62.16905159999995
2019-11-06,0,0,0,0,0,0,0,0,64.16567,-0.033295155,-0.0006,-0.0011,1.417,252.0,0.17760530982228795,0.38117495328133366,0.00030000000000000003,-0.0025,-15.0,-0.0005000000000000001,0.00026510781875516143,65.9997496641713,0.8895356514634614,0.7435210817579239,0.1460145697055375,62.38925524999996
2019-11-07,0,1,1,0,0,0,0,0,64.95743,1.2339234,-0.0566,-0.0021,1.542,285.0,0.35096369320318965,-0.10103506241231737,-0.055999999999999994,-0.0009999999999999998,33.0,0.0545,-0.482210015693651,69.87191562814161,0.9691108104997994,0.788639027506299,0.18047178299350042,62.63147774999995
2019-11-08,0,1,0,0,1,0,0,0,65.05983,0.15763044,-0.0207,0.0012,1.542,306.0,0.32610489983779156,0.2163576878119921,0.0359,0.0033,21.0,0.0219,0.31739275022430946,70.3423506625776,1.0285806836992109,0.8366273587448814,0.19195332495432949,62.86331294999995
2019-11-11,0,0,0,0,0,0,0,0,64.527016,-0.81894994,-0.0009,-0.0016,1.5,96.0,0.2614485755876835,0.3899150720189996,0.019799999999999998,-0.0028,-210.0,-0.0007000000000000001,0.1735573842070075,64.68285569439306,1.02094849109249,0.8734915852144031,0.1474569058780869,63.06338824999996
2019-11-12,0,0,0,0,0,0,0,0,64.47383,-0.08242726,-0.0029,0.0007,1.708,369.0,0.5818707018623794,0.37113703527571096,-0.002,0.0023,273.0,0.0036,-0.01877803674328865,64.12820916744244,0.9990913545363185,0.8986115390787861,0.10047981545753237,63.19999404999995
2019-11-13,0,0,0,0,0,0,0,0,64.42265,-0.079375505,-0.0039,-0.0005,2.083,360.0,1.1524037194030377,0.35830165561950766,-0.001,-0.0012000000000000001,-9.0,0.0034,-0.012835379656203294,63.56337404977241,0.9664984258437386,0.9121889164317766,0.054309509411962,63.332152149999956
2019-11-14,0,0,0,0,0,0,0,0,65.067276,1.0006309,-0.0018,-0.0006,1.875,458.0,0.8072519575461772,0.3768470029921332,0.0021,-9.999999999999994e-05,98.0,0.0012000000000000001,0.01854534737262553,67.45194349690739,0.98137158512057,0.9260254501695353,0.05534613495103469,63.47218744999996
2019-11-15,0,0,1,0,0,0,0,0,66.2795,1.8630266,-0.0337,-0.0006,1.917,355.0,0.852904412246766,0.102533521405393,-0.0319,0.0,-103.0,0.0331,-0.2743134815867402,73.23632792804597,1.078542253099613,0.9565288107555509,0.12201344234406208,63.69368409999996
2019-11-18,0,0,0,0,0,0,0,0,65.59859,-1.0273457,-0.0033,-0.0007,1.083,155.0,-0.4782429452416885,0.3695597028544715,0.0304,-0.00010000000000000005,-200.0,0.0026,0.26702618144907847,66.12738609030498,1.088064431680344,0.9828359349405095,0.10522849673983459,63.88145834999997
2019-11-19,0,0,0,0,0,0,0,0,65.23826,-0.54929256,-0.0054,-0.0007,1.333,327.0,-0.06207418648668296,0.35122054718042656,-0.0021000000000000003,0.0,172.0,0.0047,-0.018339155674044927,62.66104400859419,1.0543809598369904,0.9971449399198057,0.057236019917184744,64.05887009999996
2019-11-20,0,0,0,0,0,0,0,0,64.704956,-0.8174658,-0.004,-0.0009,1.375,383.0,0.01348337377921361,0.3421044466203795,0.0014000000000000002,-0.00019999999999999998,56.0,0.0031000000000000003,-0.00911610056004708,57.82936997511497,0.9734322686795238,0.9924024056717493,-0.018970136992225495,64.16878659999996
2019-11-21,0,0,0,0,0,0,0,0,64.61947,-0.1321137,-0.002,-0.0006,1.958,489.0,0.9401137524259909,0.35835957933321777,0.002,0.00030000000000000003,106.0,0.0014000000000000002,0.016255132712838294,57.06972508679248,0.892098288215081,0.9723415821804157,-0.0802432939653347,64.27075059999997
2019-11-22,0,0,0,0,0,0,0,0,64.29788,-0.4976511,-0.0014,-0.0014,1.667,370.0,0.4852978223848785,0.36348509094163567,0.0006000000000000001,-0.0008,-119.0,0.0,0.005125511608417899,54.186078056910816,0.7925548187547378,0.9363842294952801,-0.14382941074054234,64.34373749999997
2019-11-25,0,0,0,0,0,0,0,0,64.89282,0.92527866,-0.0015,-0.0007,0.417,128.0,-1.5464774353359747,0.36109980271022407,-0.00010000000000000005,0.0007,-242.0,0.0008,-0.0023852882314115975,58.37625873163371,0.7529925584224912,0.8997058952807223,-0.14671333685823107,64.38513999999998
2019-11-26,0,1,1,0,0,0,0,0,65.25863,0.56370497,-0.0592,-0.0031,1.125,210.0,-0.38259225705860317,-0.14116965035380538,-0.0577,-0.0024,82.0,0.056100000000000004,-0.5022694530640295,60.75313893552714,0.7425967982371589,0.8682840758720096,-0.12568727763485077,64.51521014999999
2019-11-27,0,0,1,0,0,0,0,0,65.215385,-0.06626248,-0.0507,-0.0028,0.375,249.0,-1.5451191137425417,-0.07672042011346608,0.0085,0.0002999999999999999,39.0,0.047900000000000005,0.0644492302403393,60.31465464654065,0.7225395867160245,0.8391351780408126,-0.11659559132478814,64.64301889999999
2019-11-28,0,0,0,0,1,0,0,0,65.215385,0.0,-0.0174,-0.003,0.5,214.0,-1.2982204356386458,0.18109998676482827,0.0333,-0.0002000000000000001,-35.0,0.0144,0.25782040687829433,60.31465464654067,0.698591177840882,0.8110263780008264,-0.11243520015994446,64.77554914999999
2019-11-29,0,0,0,0,0,0,0,0,64.81577,-0.61274767,-0.0106,-0.0029,0.375,94.0,-1.4447016992440846,0.24242087375323274,0.006799999999999999,0.00010000000000000026,-120.0,0.0077,0.06132088698840446,55.984269002458284,0.6399889067524782,0.7768188837511568,-0.1368299769986786,64.85467439999998
2019-12-02,0,1,1,0,0,0,0,0,64.05881,-1.1678576,-0.0357,-0.0037,0.958,142.0,-0.49388494747591444,-0.0015662023113998536,-0.025100000000000004,-0.0008000000000000004,48.0,0.032,-0.2439870760646326,48.83228394253398,0.5263978521190893,0.7267346774247433,-0.200336825305654,64.85281039999998
2019-12-03,0,0,1,0,0,0,0,0,64.35106,0.45621395,-0.0358,-0.0026,2.375,229.0,1.7773748693661442,-0.2294673993725143,-9.999999999999593e-05,0.0011000000000000003,87.0,0.0332,-0.22790119706111445,51.41303791593772,0.4547165659861605,0.6723310551370267,-0.21761448915086623,64.86101089999997
2019-12-04,0,1,0,0,1,0,0,1,65.55384,1.8690944,-0.0157,-0.0036,2.417,899.0,1.7609980584378164,0.11164053055349567,0.0201,-0.001,670.0,0.0121,0.34110792992600997,60.29004103364311,0.4893223211129367,0.6357293083322088,-0.14640698721927203,64.93041939999998
2019-12-05,0,0,0,0,0,0,0,0,65.95246,0.60806274,-0.0124,-0.0029,1.208,474.0,-0.10251970442984368,0.1802553169117517,0.003299999999999999,0.0007000000000000001,-425.0,0.0095,0.06861478635825603,62.720951776520415,0.5426575159146694,0.6171149498487009,-0.07445743393403148,64.98017089999998
2019-12-06,0,0,1,0,0,0,0,0,66.57026,0.9367347,-0.0358,-0.0023,0.583,230.0,-1.067631645297693,-0.3784711293303899,-0.023399999999999997,0.0005999999999999998,-244.0,0.0335,-0.5587264462421416,66.17682245495719,0.6275434090965035,0.6192006416982614,0.008342767398242135,65.05569239999997
2019-12-09,0,0,0,0,1,0,0,0,66.749176,0.26876926,-0.0058,-0.0017,0.458,83.0,-1.2818476384993684,0.3025363106267049,0.03,0.0006000000000000001,-147.0,0.0040999999999999995,0.6810074399570948,67.12724074503933,0.7011704603461197,0.6355946054278331,0.06557585491828666,65.16680039999997
2019-12-10,0,0,0,0,0,0,0,0,66.74421,-0.00744462,-0.0108,-0.0032,0.958,259.0,-0.46905977215621936,0.19059578392344964,-0.005000000000000001,-0.0015000000000000002,176.0,0.007600000000000001,-0.11194052670325524,67.07090594319808,0.7504687773041212,0.6585694398030907,0.09189933750103052,65.28031939999998
2019-12-11,0,0,0,0,0,0,0,0,66.81181,0.10128021,-0.0196,-0.0018,2.125,362.0,1.3722774691114754,-0.006438559681568274,-0.008799999999999999,0.0014000000000000002,103.0,0.0178,-0.19703434360501793,67.47110125785373,0.7859330566609088,0.6840421631746543,0.10189089348625457,65.39977739999998
2019-12-12,0,0,0,0,1,0,0,0,67.02254,0.31541586,-0.0039,-0.0007,1.292,411.0,0.051374153029069496,0.35462392129748327,0.0157,0.0010999999999999998,49.0,0.0031999999999999997,0.3610624809790515,68.74624395965402,0.8215723290155381,0.7115481963428311,0.11002413267270705,65.49754059999998
2019-12-13,0,0,0,0,0,0,0,0,66.942024,-0.12013912,-0.0019,-0.0009,0.875,305.0,-0.6011689260420532,0.40137764134683873,0.002,-0.00019999999999999998,-106.0,0.001,0.04675372004935546,67.65498026197389,0.8337092594470619,0.7359804089636772,0.09772885048338464,65.53066679999998
2019-12-16,0,0,0,0,0,0,0,0,67.6294,1.0268211,-0.004,-0.0018,0.875,140.0,-0.5824286583366522,0.354473791280043,-0.0021000000000000003,-0.0009,-165.0,0.0022,-0.046903850066795705,71.77427358198818,0.8885507034096776,0.7664944678528773,0.12205623555680023,65.63220729999998
2019-12-17,0,0,0,0,0,0,0,0,67.34064,-0.42698383,-0.0068,-0.0042,1.292,212.0,0.12584236063963944,0.2923698183807142,-0.0027999999999999995,-0.0024,72.0,0.0026,-0.06210397289932884,67.86421317162535,0.8983567269882542,0.7928669196799527,0.10548980730830149,65.73732629999996
2019-12-18,0,1,0,0,0,0,0,0,67.192535,-0.21992326,-0.0299,-0.0039,1.208,292.0,-0.006301502510129002,-0.2293471482682845,-0.0231,0.0002999999999999999,80.0,0.026,-0.5217169666489987,65.88178531472043,0.8839871816211797,0.8110909720681981,0.0728962095529816,65.86170524999996
2019-12-19,0,0,0,0,1,0,0,0,67.41767,0.33506155,-0.0028,-0.0045,0.875,292.0,-0.5834344647447316,0.3837205069563343,0.0271,-0.0005999999999999998,0.0,-0.0016999999999999997,0.6130676552246188,67.43887611839223,0.8806145499903266,0.8249956876526239,0.055618862337702746,66.00161524999996
2019-12-20,0,0,0,0,0,0,0,0,67.158226,-0.38483143,-0.0226,-0.0067,1.5,255.0,0.4619306043592821,-0.06519069570971009,-0.019799999999999998,-0.0022000000000000006,-37.0,0.015899999999999997,-0.4489112026660444,63.82397210893637,0.8472402938693904,0.8294446088959772,0.017795684973413217,66.14463254999995
2019-12-23,0,0,0,0,1,0,0,0,67.12891,-0.04365444,-0.0026,-0.0037,0.042,71.0,-1.9442087091147646,0.3911847440795584,0.019999999999999997,0.003,-184.0,-0.0011000000000000003,0.4563754397892685,63.41036077170744,0.8090986140724254,0.8253754099312668,-0.016276795858841342,66.25643704999995
2019-12-24,0,0,0,0,0,0,0,0,66.820755,-0.4590392,-0.0016,-0.0012,0.375,123.0,-1.3703438316039824,0.4073061322273695,0.0009999999999999998,0.0025000000000000005,52.0,0.0004000000000000002,0.01612138814781111,59.07652234326661,0.7454128693417914,0.8093829018133717,-0.06397003247158028,66.33454329999994
2019-12-25,0,0,0,0,0,0,0,0,66.820755,0.0,-0.0046,-0.003,0.042,67.0,-1.825823173080088,0.33669377587486005,-0.003,-0.0018000000000000002,-56.0,0.0015999999999999999,-0.07061235635250945,59.07652234326661,0.6870218970389601,0.7849107008584894,-0.09788880381952925,66.41481179999994
2019-12-26,0,0,0,0,0,0,0,0,67.71738,1.3418198,0.0019,-0.0012,0.25,44.0,-1.4407588605204555,0.4787625418116808,0.0065,0.0018000000000000002,-23.0,-0.0031,0.14206876593682077,66.7460228127634,0.7049703159237737,0.7689226238715462,-0.06395230794777251,66.53991154999994
2019-12-27,0,1,0,0,0,0,0,0,67.32822,-0.57468414,-0.0232,-0.0029,0.0,79.0,-1.76443675676291,-0.09104897921377161,-0.025099999999999997,-0.0017,35.0,0.0203,-0.5698115210254524,61.3700956031238,0.6799545151534687,0.7511290021279307,-0.07117448697446194,66.66553404999995
2019-12-30,0,0,0,0,1,0,0,0,66.58615,-1.1021435,-0.0003,-0.0026,0.333,58.0,-1.2547616985306742,0.4346709671107159,0.022899999999999997,0.0002999999999999999,-21.0,-0.0023,0.5257199463244875,52.66021884468752,0.5934100044057686,0.7195852025834982,-0.1261751981777296,66.79190104999995
2019-12-31,0,0,0,0,0,0,0,0,66.57026,-0.02387166,0.0023,-0.0012,0.125,97.0,-1.5374603553338086,0.49272846317245894,0.0026,0.0014,39.0,-0.0034999999999999996,0.05805749606174304,52.48843491258571,0.5175743905218866,0.6791830401711759,-0.16160864964928934,66.90286104999996
2020-01-01,0,0,0,0,0,0,0,0,66.57026,0.0,-0.0109,-0.001,0.333,93.0,-1.2074222479793584,0.1938313125381995,-0.0132,0.00019999999999999987,-4.0,0.009899999999999999,-0.2988971506342595,52.48843491258571,0.4522607398661762,0.633798580110176,-0.18153784024399977,66.95368204999995
2020-01-02,0,0,0,0,0,0,0,0,68.02604,2.186823,-0.0006,-0.0018,0.917,143.0,-0.34272049586514663,0.4308378305471268,0.0103,-0.0007999999999999999,50.0,-0.0012000000000000001,0.23700651800892733,64.71765038414748,0.5120657059921427,0.6094520052865693,-0.09738629929442655,67.05736104999995
2020-01-03,0,0,0,0,0,0,0,0,67.67016,-0.523144,-0.0032,-0.0009,0.625,255.0,-0.7726843741417956,0.36099662307859653,-0.0026000000000000003,0.0009,112.0,0.0023,-0.06984120746853029,60.61050851430141,0.5246966543131464,0.5925009350918847,-0.06780428077873835,67.11235604999995
2020-01-06,0,0,0,0,0,0,0,0,69.47384,2.6654005,0.0015,-0.0025,0.417,46.0,-1.0732969110502246,0.4675318643450475,0.0047,-0.0016,-209.0,-0.004,0.10653524126645098,70.74423213582736,0.6724965522362965,0.608500058520767,0.0639964937155294,67.24858924999994
2020-01-07,0,1,1,0,0,0,0,0,69.339645,-0.19316077,0.0378,0.0039,0.958,128.0,-0.24844062134644454,1.2624265284756415,0.0363,0.0063999999999999994,82.0,-0.0339,0.7948946641305941,69.31540408042027,0.7699254004411813,0.6407851269048499,0.1291402735363314,67.37836099999994
2020-01-08,0,1,1,0,0,0,0,0,69.8332,0.7117748,-0.0637,-0.0145,0.708,202.0,-0.6031593626115751,-1.0034549447242325,-0.1015,-0.0184,74.0,0.04920000000000001,-2.265881473199874,71.58825400334096,0.8768563738160537,0.6879993762870906,0.18885699752896312,67.52943049999995
2020-01-09,0,0,1,0,0,0,0,0,70.5663,1.0497808,-0.1594,-0.0073,0.75,136.0,-0.5358623664545594,-2.8703785547767113,-0.09569999999999998,0.007200000000000001,-66.0,0.15209999999999999,-1.8669236100524789,74.59800473834316,1.0091224484110057,0.7522239907118736,0.2568984576991321,67.70661849999995
2020-01-10,0,1,0,0,1,1,0,0,71.02205,0.645864,-0.0104,0.0026,0.958,167.0,-0.23043735412403665,0.23924346348273148,0.149,0.009899999999999999,31.0,0.013,3.1096220182594427,76.28025557249947,1.137605869265613,0.8293003664226215,0.3083055028429915,67.91061979999995
2020-01-13,0,0,0,0,0,0,0,0,71.57226,0.7746935,-0.0026,-0.0014,0.875,106.0,-0.3536401116908332,0.402520258918786,0.0078,-0.004,-61.0,0.0012,0.16327679543605453,78.16065063774353,1.269196744644404,0.917279642066978,0.3519171025774259,68.10776279999995
2020-01-14,0,0,0,0,0,0,0,0,71.10308,-0.6555438,-0.0051,0.002,1.208,150.0,0.14961697033073756,0.352326270344254,-0.0025000000000000005,0.0034000000000000002,44.0,0.0071,-0.050193988574532,72.85664518499213,1.320403763876854,0.9979044664289531,0.32249929744790085,68.29588479999995
2020-01-15,0,0,0,0,0,0,0,0,71.531,0.60184,-0.0017,0.0012,1.042,342.0,-0.06620384175944324,0.41838470387560295,0.0034000000000000002,-0.0008000000000000001,192.0,0.0029,0.06605843353134894,74.55279299487329,1.379611955425048,1.074245964228172,0.305365991196876,68.51280804999996
2020-01-16,0,0,0,0,0,0,0,0,72.07574,0.7615447,-0.0012,-0.0007,1.625,257.0,0.8609539861206429,0.4287331599981503,0.0005,-0.0018999999999999998,-85.0,0.0004999999999999999,0.010348456122547367,76.56075357278513,1.4537331088553884,1.1501433931536154,0.30358971570177307,68.74571154999995
2020-01-17,0,0,0,0,0,0,0,0,73.534996,2.024603,0.0086,0.0107,1.792,385.0,1.0962706636866935,0.6289242322325139,0.0098,0.011399999999999999,128.0,0.0020999999999999994,0.2001910722343636,80.90701459079543,1.611646364575975,1.2424439874380873,0.36920237713788784,69.06455004999995
2020-01-20,0,0,0,0,0,0,0,0,73.534996,0.0,-0.0004,-0.0014,2.208,148.0,1.7314538812908438,0.429093247909869,-0.009,-0.0121,-237.0,-0.001,-0.1998309843226449,80.90701459079543,1.717001235985819,1.3373554371476337,0.3796457988381854,69.38485434999997
2020-01-21,0,0,0,0,0,0,0,0,73.67068,0.18451214,-0.0013,-0.0013,1.75,288.0,1.0692504418720916,0.49739849767393546,-0.0009,0.00010000000000000005,140.0,0.0,0.06830524976406643,81.28130968611127,1.7908010556261758,1.428044560843342,0.36275649478283367,69.72735059999997
2020-01-22,0,0,0,0,0,0,0,0,73.766106,0.12953281,-0.0003,0.0009,1.333,233.0,0.38714046281568626,0.5130073685275721,0.001,0.0021999999999999997,-55.0,0.0012,0.015608870853636658,81.55517535352774,1.8358257683856891,1.5096008023518115,0.32622496603387763,70.07461814999996
2020-01-23,0,0,0,0,0,0,0,0,73.79195,0.03502369,-0.0014,-0.0012,1.125,244.0,0.04360609695561182,0.4707106222990947,-0.0011,-0.0021,11.0,0.0002000000000000001,-0.0422967462284774,81.63354810492515,1.8522420787427336,1.578129057629996,0.2741130211127376,70.37834664999997
2020-01-24,0,0,0,0,0,0,0,0,72.87146,-1.2473941,-0.0004,-0.0024,0.792,207.0,-0.4703648591747166,0.48223186460923545,0.001,-0.0012,-37.0,-0.0019999999999999996,0.011521242310140734,70.1934176483105,1.770566286814585,1.6166165034669138,0.1539497833476713,70.65550864999997
2020-01-27,0,0,1,1,0,0,0,0,71.15974,-2.3489773,-0.0821,0.0012,1.25,96.0,0.2598769764179166,-2.4828063741031987,-0.08170000000000001,0.0036,-111.0,0.08330000000000001,-2.965038238712434,54.81089588365903,1.5498504237732789,1.6032632875281867,-0.053412863754907836,70.88418814999997
2020-01-28,0,1,0,0,0,0,0,0,72.09264,1.3110042,-0.0155,-0.0039,1.0,216.0,-0.15220043650522616,-0.04237610194777447,0.0666,-0.0050999999999999995,120.0,0.0116,2.440430272155424,59.96084675132556,1.4336821501793935,1.569347060058428,-0.13566490987903457,71.16030714999997
2020-01-29,0,0,0,0,1,0,0,0,72.40079,0.42743683,-0.0008,-0.0013,1.625,278.0,0.8536506591543336,0.49555668983885814,0.0147,0.0026,62.0,-0.0004999999999999999,0.5379327917866326,61.52078470113768,1.3509106292704587,1.5256597739008342,-0.1747491446303755,71.45183364999997
2020-01-30,0,0,0,0,0,0,0,0,72.27902,-0.16818643,-0.0008,-0.0097,1.083,361.0,-0.010641368068888714,0.4704421684074385,0.0,-0.008400000000000001,83.0,-0.0089,-0.025114521431419623,60.51740444804569,1.2609523079968454,1.4727182807200365,-0.2117659727231911,71.66448264999997
2020-01-31,0,0,0,0,0,0,0,0,71.211914,-1.4763653,-0.0007,-0.0016,1.125,262.0,0.06920475183294633,0.46118691749985224,0.00010000000000000005,0.0081,-99.0,-0.0009000000000000001,-0.009255250907586277,52.44505155724153,1.090977049927801,1.3963700345615895,-0.3053929846337884,71.84157034999997
2020-02-03,0,0,0,0,0,0,0,0,73.68806,3.4771562,0.0023,-0.0007,2.5,130.0,2.1978241263942753,0.5703530426046577,0.003,0.0009000000000000001,-132.0,-0.003,0.10916612510480544,64.33367514391863,1.1429000807862195,1.3456760438065154,-0.20277596302029588,72.05228134999997
2020-02-04,0,1,1,0,0,0,0,0,71.83965,-2.5084257,0.1542,0.0206,2.667,411.0,2.3358947039966815,4.776720351039863,0.1519,0.0213,281.0,-0.1336,4.206367308435206,53.56786031577903,1.0231045057518031,1.281161736195573,-0.2580572304437698,72.17728159999997
2020-02-05,0,0,1,0,0,0,0,0,71.871475,0.04428625,-0.1148,-0.0057,1.917,342.0,1.217963050872579,-2.772348938948158,-0.269,-0.0263,-69.0,0.1091,-7.5490692899880205,53.71148746989899,0.9201270095766745,1.2089547908717933,-0.28882778129511877,72.27919534999997
2020-02-06,0,0,0,0,1,0,0,1,73.35854,2.0690799,-0.0105,-0.0016,2.417,319.0,1.9200830191776832,0.05149343885132082,0.1043,0.0041,-23.0,0.0089,2.8238423777994788,59.94609282378629,0.947587124999842,1.156681257697403,-0.20909413269756105,72.41880734999997
2020-02-07,0,0,0,0,0,0,0,0,73.51461,0.2127409,-0.0067,0.0014,1.542,392.0,0.6379436569002795,0.14250892056569808,0.0038000000000000004,0.003,73.0,0.0081,0.09101548171437726,60.54670370884513,0.9707527752601663,1.1194955612099557,-0.1487427859497894,72.54343534999995
2020-02-10,0,0,0,0,0,0,0,0,74.98331,1.9978404,-0.0019,0.0043,0.958,73.0,-0.23188795319795122,0.272042773177184,0.0048000000000000004,0.0029,-319.0,0.0062,0.12953385261148592,65.75133852367355,1.0950010451192753,1.1145966579918196,-0.0195956128725443,72.71398784999997
2020-02-11,0,1,1,0,0,0,0,0,75.052895,0.09279251,-0.0445,0.0043,1.833,208.0,1.0539122125935672,-0.8604095715901198,-0.0426,0.0,135.0,0.048799999999999996,-1.1324523447673038,65.98032212718044,1.1854188514747648,1.1287610966884087,0.05665775478635604,72.91147859999997
2020-02-12,0,0,1,0,0,0,0,0,75.478836,0.5675316,-0.0595,-0.0028,1.458,314.0,0.49592953446572563,-1.224268480549431,-0.015,-0.0071,106.0,0.0567,-0.3638589089593113,67.41640112665893,1.276728165839046,1.1583545105185362,0.1183736553205097,73.10887039999997
2020-02-13,0,0,0,0,0,0,0,0,75.2184,-0.34505725,-0.0209,-0.0031,0.917,249.0,-0.28259638001165727,-0.18850859644484966,0.038599999999999995,-0.0002999999999999999,-65.0,0.0178,1.0357598841045814,65.59316476585713,1.3129416723541993,1.1892719428856688,0.1236697294685305,73.26600339999996
2020-02-14,0,0,0,0,0,0,0,0,75.4838,0.35284758,-0.0204,-0.0023,1.583,209.0,0.7188912948384314,-0.16687674771822494,0.000499999999999997,0.0007999999999999999,-40.0,0.0181,0.021631848726624714,66.58491999529114,1.347523289454628,1.2209222121994607,0.12660107725516734,73.36344359999995
2020-02-17,0,0,0,0,1,0,0,0,75.4838,0.0,-0.0028,-0.0015,0.708,87.0,-0.6056905922041187,0.302806910295882,0.0176,0.0007999999999999999,-122.0,0.0013,0.46968365801410694,66.58491999529113,1.3592607582432379,1.2485899214082161,0.11067083683502177,73.46088379999995
2020-02-18,0,0,0,0,0,0,0,0,75.51909,0.046753883,-0.0171,-0.0034,0.875,156.0,-0.3467935841400086,-0.09829114543654717,-0.0143,-0.0018999999999999998,69.0,0.0137,-0.4010980557324292,66.73279548168385,1.3557817864024742,1.2700282944070678,0.08575349199540638,73.55330429999995
2020-02-19,0,0,0,0,1,0,0,0,75.78896,0.3573656,-0.0022,-0.0015,1.417,212.0,0.44876357816542206,0.2843431033426021,0.0149,0.0018999999999999998,56.0,0.0007000000000000001,0.38263424877914926,67.90259447721452,1.3591336826935816,1.2878493720643704,0.07128431062921115,73.65444699999996
2020-02-20,0,0,0,0,0,0,0,0,75.397316,-0.51676035,-0.003,-0.0044,1.792,328.0,0.9861813231985193,0.25593710628329097,-0.0007999999999999999,-0.0029000000000000002,116.0,-0.0014000000000000002,-0.028405997059311128,64.36532262450186,1.315028852919454,1.2932852682353873,0.021743584684066786,73.73471529999996
2020-02-21,0,0,1,0,0,0,0,0,73.730804,-2.2103071,-0.0548,-0.0118,1.583,322.0,0.6429577896283821,-1.1206004594297803,-0.0518,-0.0073999999999999995,-6.0,0.043000000000000003,-1.3765375657130712,51.96127281218268,1.1325465748580257,1.261137529559915,-0.1285909547018893,73.77768249999995
2020-02-24,0,0,0,0,0,0,0,0,70.56977,-4.2872667,-0.0134,-0.0022,0.583,92.0,-0.8763715672870442,-0.016867949830857255,0.0414,0.0096,-230.0,0.0112,1.103732509598923,37.284143337804856,0.7245073589995457,1.1538114954478411,-0.42930413644829546,73.74818399999995
2020-02-25,0,0,0,0,1,0,0,0,68.90277,-2.3622096,-0.0071,-0.0026,0.625,157.0,-0.7874712921274344,0.14069646818622122,0.0063,-0.00039999999999999975,65.0,0.0045000000000000005,0.1575644180170785,32.129931537874924,0.26358196356626706,0.9757655890715263,-0.7121836255052593,73.58869049999996
2020-02-26,0,0,0,0,0,0,0,0,69.10903,0.29934645,-0.0013,-0.002,0.625,162.0,-0.7642583037844771,0.2910385801551376,0.0058000000000000005,0.0005999999999999998,5.0,-0.0007000000000000001,0.1503421119689164,33.357521502319365,-0.08409191563150387,0.7637940881309203,-0.8478860037624242,73.42410249999996
2020-02-27,0,0,0,0,0,0,0,0,65.35554,-5.4312587,-0.0048,-0.0014,1.208,255.0,0.17657419547228867,0.19285169378498881,-0.0034999999999999996,0.0006000000000000001,93.0,0.0033999999999999994,-0.0981868863701488,24.627722764433777,-0.6549513718048985,0.48004499614375656,-1.134996367948655,73.07792849999996
2020-02-28,0,0,0,0,0,0,0,0,66.56329,1.8479824,-0.0034,-0.0024,0.333,196.0,-1.220190108108646,0.21680560954733014,0.0013999999999999998,-0.0009999999999999998,-59.0,0.001,0.02395391576234132,30.89456984797555,-0.998397368843257,0.18435652314635387,-1.182753891989611,72.84549729999996
2020-03-02,0,0,0,0,0,0,0,0,68.90277,3.5146594,-0.0015,-0.001,1.083,64.0,-0.03530603243168282,0.26630666553554894,0.0018999999999999998,0.0013999999999999998,-132.0,0.0005,0.0495010559882188,41.1089843810275,-1.0694760574762228,-0.06640999297816147,-1.0030660644980613,72.60623279999996
2020-03-03,0,0,0,0,0,0,0,0,66.48726,-3.505683,0.0001,0.0054,1.833,284.0,1.1414387465314941,0.30453352573998677,0.0016,0.0064,220.0,0.0053,0.03822686020443783,35.30631435952878,-1.3056669838128698,-0.31426139114510315,-0.9914055926677667,72.33861329999996
2020-03-04,0,0,0,0,0,0,0,0,68.66818,3.2802224,-0.0004,-0.007,1.417,325.0,0.5051891738548263,0.28224419476420226,-0.0005,-0.012400000000000001,41.0,-0.0066,-0.022289330975784505,43.11383849899838,-1.3018609348308985,-0.5117812998822622,-0.7900796349486363,72.17844854999996
2020-03-05,0,0,0,1,0,0,0,0,65.3461,-4.8378825,-0.027,-0.008,1.5,259.0,0.6333541386997235,-0.427517462234761,-0.0266,-0.001,-66.0,0.019,-0.7097616569989633,35.98898313542618,-1.5490521963426716,-0.719235479174344,-0.8298167171683275,71.77782654999996
2020-03-06,0,0,0,1,0,0,0,0,64.40077,-1.4466465,-0.029,-0.0065,0.958,287.0,-0.2517337607465401,-0.46878295355575755,-0.0020000000000000018,0.0015000000000000005,28.0,0.022500000000000003,-0.04126549132099655,34.254253086915284,-1.8004784873123896,-0.9354840808019531,-0.8649944065104365,71.32213454999996
2020-03-09,0,0,0,0,1,0,0,0,60.4271,-6.1702194,-0.0032,-0.0028,0.542,63.0,-0.9151554029327207,0.22806761516648866,0.0258,0.0036999999999999997,-224.0,0.0004000000000000002,0.6968505687222462,28.11873611287941,-2.2939345444845287,-1.2071741735384682,-1.0867603709460605,70.59432404999997
2020-03-10,0,0,0,0,0,0,0,0,63.378403,4.884064,-0.0018,-0.0021,1.208,197.0,0.16611052178255523,0.2635278931430304,0.0014000000000000002,0.0007000000000000001,134.0,-0.0002999999999999999,0.03546027797654172,37.12639093138353,-2.418972132930108,-1.4495337654167961,-0.9694383675133118,70.01059944999996
2020-03-11,0,0,0,0,0,0,0,0,60.184055,-5.0401154,-0.0096,-0.0012,1.583,283.0,0.7601679209927865,0.043803281081090835,-0.0078,0.0009,86.0,0.0084,-0.21972461206193955,32.394635970546545,-2.744189204983712,-1.7084648533301794,-1.0357243516535328,69.24586039999996
2020-03-12,0,0,0,0,0,0,0,0,55.24617,-8.204639,-0.0007,-0.0021,0.625,257.0,-0.7754346895066202,0.28368152702553734,0.0089,-0.0009,-26.0,-0.0013999999999999998,0.2398782459444465,26.724510177879086,-3.3616214499831614,-2.0390961726607757,-1.3225252773223857,68.24724889999996
2020-03-13,0,0,0,0,0,0,0,0,60.35155,9.24114,-0.0004,-0.0027,1.25,182.0,0.23619855296657183,0.28182626764631236,0.0003,-0.0006000000000000003,-75.0,-0.0023,-0.0018552593792249827,38.67599547914071,-3.3997888048974474,-2.31123469910811,-1.0885541057893375,67.49063639999996
2020-03-16,0,0,0,0,0,0,0,0,53.330166,-11.634148,-0.0016,-0.0006,0.917,179.0,-0.3321223367055366,0.24887152889086447,-0.0012000000000000001,0.0021000000000000003,-3.0,0.001,-0.03295473875544788,31.15088504818469,-3.951058375785884,-2.6391994344436647,-1.3118589413422193,66.38295469999996
2020-03-17,0,0,0,0,0,0,0,0,55.569733,4.1994452,-0.0018,-0.0026,0.917,284.0,-0.3512704399407295,0.2435550217125567,-0.00019999999999999987,-0.002,105.0,-0.0007999999999999999,-0.005316507178307783,35.464078247613934,-4.159283511088383,-2.9432162497726084,-1.2160672613157741,65.38548684999996
2020-03-18,0,0,0,0,0,0,0,0,54.234234,-2.403283,-0.001,-0.0013,0.958,261.0,-0.3170983685650787,0.263486835934931,0.0007999999999999999,0.0013,-23.0,-0.0002999999999999999,0.019931814222374306,34.09249088798426,-4.3815591525807775,-3.2308848303342423,-1.1506743222465352,64.30775054999995
2020-03-19,0,0,0,0,0,0,0,0,55.25214,1.8768668,-0.0018,-0.0014,0.917,196.0,-0.4146659096628205,0.24363443555082015,-0.0007999999999999999,-0.00010000000000000005,-65.0,0.00039999999999999996,-0.019852400384110847,36.12038773264909,-4.4245739582790335,-3.4696226559232004,-0.9549513023558331,63.300491749999956
2020-03-20,0,0,0,0,0,0,0,0,53.092087,-3.9094388,-0.0098,-0.0023,1.458,164.0,0.5087144053059255,0.02108635839553264,-0.008,-0.0009,-32.0,0.0075,-0.22254807715528752,33.74741427611003,-4.580164441851409,-3.691731013108842,-0.8884334287425668,62.26855589999995
2020-03-23,0,0,0,0,0,0,0,0,52.392284,-1.3180912,0.0,-0.0008,0.333,76.0,-1.533282642633535,0.2864382291510252,0.0098,0.0015,-88.0,-0.0008,0.26535187075549255,32.99121737372575,-4.705694952435444,-3.894523800974162,-0.8111711514612816,61.35968159999995
2020-03-24,0,0,0,0,0,0,0,0,56.163666,7.1983457,-0.0013,-0.0014,0.542,148.0,-1.1902719058465336,0.2529716636512852,-0.0013,-0.0006,72.0,-0.00010000000000000005,-0.033466565499739975,40.70271308983125,-4.449567928506291,-4.005532626480588,-0.4440353020257026,60.72272639999996
2020-03-25,0,0,0,0,0,0,0,0,54.75263,-2.5123656,-0.0027,-0.0017,0.458,114.0,-1.3575194128077317,0.21124049837491113,-0.0014000000000000002,-0.0002999999999999999,-34.0,0.0010000000000000002,-0.04173116527637408,38.89899949606196,-4.310752557296766,-4.066576612643823,-0.2441759446529428,60.004906399999946
2020-03-26,0,0,0,0,0,0,0,0,57.799362,5.5645347,-0.0017,-0.0015,0.958,130.0,-0.4276683972443938,0.23886149653465055,0.0010000000000000002,0.00019999999999999987,16.0,0.00019999999999999987,0.027620998159739424,44.606951704074795,-3.9098245421634203,-4.0352261985477424,0.1254016563843221,59.62709749999995
2020-03-27,0,0,0,0,0,0,0,0,55.182053,-4.52826,-0.0008,-0.0099,0.75,182.0,-0.822277277671969,0.26209856357430555,0.0008999999999999999,-0.008400000000000001,52.0,-0.0091,0.023237067039655,41.05848785527593,-3.759938928686708,-3.9801687445755354,0.2202298158888274,59.058035649999944
2020-03-30,0,0,0,0,0,0,0,0,56.97381,3.2469869,0.0014,-0.0023,0.792,78.0,-0.7654778912678535,0.321747126733997,0.0022,0.007600000000000001,-104.0,-0.0037,0.05964856315969147,44.323739748782614,-3.456726691020492,-3.8754803338645267,0.4187536428440346,58.46158764999994
2020-03-31,0,0,0,0,0,0,0,0,57.75115,1.3643742,-0.0051,-0.0014,0.958,147.0,-0.45078107379033594,0.1674748186227812,-0.006500000000000001,0.0009,69.0,0.0037,-0.1542723081112158,45.728442053133165,-3.117764320301717,-3.7239371311519647,0.6061728108502478,58.02478214999994
2020-04-01,0,0,0,0,0,0,0,0,54.776485,-5.1508245,0.0014,-0.0014,0.5,166.0,-1.302765660492331,0.32189786639790513,0.006500000000000001,0.0,19.0,-0.0028,0.15442304777512392,41.42165483955556,-3.0539606472849954,-3.5899418343785707,0.5359811870935753,57.33019739999994
2020-04-02,0,0,0,0,0,0,0,0,55.51854,1.3546944,-0.0053,-0.0022,0.708,143.0,-0.9089846405543951,0.07487311653324764,-0.0067,-0.0008000000000000001,-23.0,0.0031,-0.2470247498646575,42.86721158892261,-2.9099737735848805,-3.4539482222198328,0.5439744486349523,56.83881939999994
2020-04-03,0,0,0,0,0,0,0,0,54.309288,-2.1781027,-0.0002,-0.0014,2.625,391.0,2.499735899063259,0.23968370688278792,0.0051,0.0008000000000000001,248.0,-0.0012,0.16481059034954026,41.08780030453282,-2.860465997625134,-3.335251777300893,0.47478577967575886,56.33424529999994
2020-04-06,0,0,0,0,0,0,0,0,58.806812,8.281315,-0.0018,-0.0013,1.208,85.0,-0.030241776512622356,0.18572501590285342,-0.0015999999999999999,0.00010000000000000005,-306.0,0.0005,-0.0539586909799345,49.48629890869225,-2.4303031076552486,-3.154262043371764,0.7239589357165155,56.253230899999934
2020-04-07,0,0,0,0,0,0,0,0,58.775505,-0.05323887,-0.0007,-0.0014,0.917,236.0,-0.5394300128846631,0.21996942594299454,0.0010999999999999998,-0.00010000000000000005,151.0,-0.0007,0.034244410040141116,49.433470179827744,-2.068082563004708,-2.937026147298353,0.8689435842936448,56.02308599999994
2020-04-08,0,0,0,0,0,0,0,0,59.99022,2.0667076,-0.0061,-0.0025,1.375,182.0,0.26586797647234045,0.041955979609510405,-0.0054,-0.0011,-54.0,0.0036000000000000003,-0.17801344633348415,51.592770451066315,-1.6638233036573595,-2.6823855785701545,1.018562274912795,56.01339424999994
2020-04-09,0,0,0,0,0,0,0,0,59.968845,-0.035631657,-0.0014,-0.0028,2.0,345.0,1.351548171800205,0.19919796678950152,0.0047,-0.0002999999999999999,163.0,-0.0014,0.1572419871799911,51.551054336364764,-1.3298401425885586,-2.4118764913738353,1.0820363487852767,56.249527999999955
2020-04-10,0,0,0,0,0,0,0,0,59.968845,0.0,-0.0007,-0.0015,2.167,274.0,1.6109723592718768,0.2282404732629928,0.0007,0.0013,-71.0,-0.0008,0.02904250647349127,51.551054336364764,-1.0530175503826484,-2.1401047031755978,1.0870871527929493,56.23039274999995
2020-04-13,0,0,0,0,0,0,0,0,60.159706,0.31826496,-0.0001,-0.0006,1.167,125.0,-0.09566376353332347,0.248162151094224,0.0006,0.0009000000000000001,-149.0,-0.0004999999999999999,0.019921677831231194,51.95336212865255,-0.8089081741485913,-1.8738653973701964,1.0649572232216051,56.57186974999995
2020-04-14,0,0,0,0,0,0,0,0,62.884365,4.529035,0.0,-0.0005,3.372,238.0,3.404779773929253,0.25074369087335296,0.0001,9.999999999999994e-05,113.0,-0.0005,0.0025815397791289774,57.39260822395249,-0.3910843474791861,-1.5773091873919944,1.1862248399128084,56.93760134999995
2020-04-15,0,0,0,0,0,0,0,0,62.490227,-0.6267607,0.0003,-0.0009,3.231,246.0,2.8939623852821272,0.26043415465627934,0.0003,-0.00039999999999999996,8.0,-0.0012,0.009690463782926373,56.39798154936938,-0.09071390382105449,-1.2799901306778065,1.189276226856752,57.350400999999955
2020-04-16,0,0,0,0,0,0,0,0,62.49669,0.010335445,-0.0012,-0.0024,3.093,297.0,2.4960010942331468,0.21008382898272723,-0.0014999999999999998,-0.0014999999999999998,51.0,-0.0012,-0.050350325673552104,56.41132132040857,0.14616840849025436,-0.9947584228441944,1.1409268313344487,57.71262849999995
2020-04-17,0,0,0,0,0,0,0,0,63.568756,1.7153978,-0.0009,-0.002,2.81,288.0,1.9900469266403644,0.2204237191334372,0.0002999999999999999,0.00039999999999999975,-9.0,-0.0011,0.010339890150709963,58.67012222192003,0.4156151613439576,-0.7126837060065639,1.1282988673505217,58.23646194999994
2020-04-20,0,0,0,0,0,0,0,0,62.681583,-1.3956189,-0.001,-0.0005,3.719,240.0,2.9267503904212084,0.1818220554277334,-0.00010000000000000005,0.0015,-48.0,0.0005,-0.03860166370570381,56.08020822750426,0.5512121766983498,-0.4599045294655812,1.011116706163931,58.750926899999946
2020-04-21,0,0,0,0,0,0,0,0,60.24668,-3.884554,-0.0025,-0.0017,2.957,232.0,1.873963029105607,0.12107827231512111,-0.0015,-0.0012,-8.0,0.0008000000000000001,-0.060743783112612276,49.60766226640042,0.4569302579395611,-0.2765375719845527,0.7334678299241137,58.955077599999946
2020-04-22,0,0,0,0,0,0,0,0,62.545395,3.815508,-0.001,-0.0026,3.313,306.0,2.1797146803245315,0.17440846870403465,0.0015,-0.0009,74.0,-0.0015999999999999999,0.05333019638891354,54.899810938879526,0.5612287516990335,-0.10898430724783545,0.670213058946869,59.34471584999996
2020-04-23,0,0,0,0,0,0,0,0,63.179596,1.0139823,0.0009,-0.0036,3.153,329.0,1.8940595455887776,0.24074997699823056,0.0019,-0.001,23.0,-0.0045,0.06634150829419591,56.26448291086897,0.6871398593259812,0.05024052606692789,0.6368993332590533,59.61372754999995
2020-04-24,0,0,0,0,0,0,0,0,63.449467,0.42716265,-0.0009,-0.0061,2.837,287.0,1.4770169342551864,0.1770345764405795,-0.0018,-0.0025000000000000005,-42.0,-0.005200000000000001,-0.06371540055765107,56.8626429850632,0.7994856802949428,0.20008955691253089,0.5993961233824119,60.02709824999995
2020-04-27,0,0,0,0,0,0,0,0,63.16418,-0.44962764,-0.0006,-0.0015,1.778,92.0,0.3139961686057978,0.18946784706107636,0.00030000000000000003,0.0046,-195.0,-0.0009000000000000001,0.012433270620496872,55.99085534956127,0.8556370251533068,0.33119905056068605,0.5244379745926206,60.33661674999995
2020-04-28,0,0,0,0,0,0,0,0,61.262085,-3.0113518,0.0017,-0.0025,3.637,201.0,2.3088234950250976,0.5410646457733377,0.0023,-0.001,109.0,-0.0042,0.35159679871226135,50.438459944994285,0.7381453206958639,0.4125883045877216,0.3255570161081423,60.51216349999995
2020-04-29,1,1,1,0,0,0,0,0,66.70892,8.891047,0.2078,0.0491,3.903,407.0,2.432110127648136,6.930881970233965,0.2061,0.0516,206.0,-0.1587,6.389817324460627,62.045536314640096,1.0721868591329553,0.5445080154967683,0.527678843636187,61.10878524999995
2020-04-30,1,1,0,0,0,0,0,0,66.93358,0.33676624,0.0272,0.0134,2.685,411.0,1.163950655073682,0.967839454577643,-0.1806,-0.035699999999999996,4.0,-0.013799999999999998,-5.963042515656322,62.43629860542255,1.3396032569496725,0.7035270637873492,0.6360761931623233,61.67953724999995
2020-05-01,0,0,0,0,0,0,0,0,65.473335,-2.1816313,-0.0106,0.0021,1.387,218.0,-0.16743991107093606,-0.26269149551424614,-0.0378,-0.011300000000000001,-193.0,0.0127,-1.230530950091889,58.239193935544186,1.4173646141342857,0.8462945738567365,0.5710700402775493,62.237739599999955
2020-05-04,0,0,0,0,0,0,0,0,65.75069,0.4236102,-0.0075,-0.0015,1.667,101.0,0.1084683717987451,-0.1585590912472424,0.0031000000000000003,-0.0036,-117.0,0.006,0.10413240426700374,58.805623020120755,1.4842616362688474,0.9738879863391586,0.5103736499296888,62.584933499999956
2020-05-05,0,0,0,0,1,0,0,0,67.04889,1.9744396,-0.0002,-0.0006,2.051,269.0,0.4997862244174175,0.056205065397913694,0.0073,0.0009000000000000001,168.0,-0.00039999999999999996,0.2147641566451561,61.44185198316634,1.62331928453645,1.1037742459786168,0.5195450385578331,62.998602749999954
2020-05-06,0,0,0,0,0,0,0,0,66.87046,-0.26611686,-0.0009,-0.0009,1.994,216.0,0.43127920885938903,0.0006843591813295353,-0.0007,-0.00030000000000000003,-53.0,0.0,-0.055520706216584156,60.865316519027054,1.6995344872015323,1.2229262942232,0.47660819297833235,63.34261474999996
2020-05-07,0,0,0,0,0,0,0,0,68.055855,1.772666,0.0007,-0.001,2.165,282.0,0.5862083643667991,0.04328866231748007,0.0015999999999999999,-0.00010000000000000005,66.0,-0.0017000000000000001,0.04260430313615053,63.327296702582736,1.8344407629396855,1.345229187966497,0.48921157497318846,63.74696524999996
2020-05-08,0,0,0,0,0,0,0,0,68.80436,1.0998487,-0.0002,-0.0008,2.231,329.0,0.6407132864883283,0.0008048711746592144,-0.0009,0.00019999999999999998,47.0,-0.0006000000000000001,-0.04248379114282085,64.83178678493854,1.9789410557494733,1.4719715615230924,0.5069694942263809,64.18874099999996
2020-05-11,0,0,0,0,0,0,0,0,69.761116,1.3905406,-0.0024,-0.0015,1.587,81.0,-0.034677743935291015,-0.07531439162204376,-0.0021999999999999997,-0.0007,-248.0,0.0008999999999999998,-0.07611926279670297,66.71166473260031,2.1459239170021505,1.606762032618904,0.5391618843832464,64.66881149999996
2020-05-12,0,0,0,0,1,0,0,0,68.34909,-2.0240843,0.0006,-0.001,1.896,187.0,0.2680281120002643,0.018047748222700864,0.0029999999999999996,0.0005,106.0,-0.0015999999999999999,0.09336213984474462,61.48777157618369,2.1396557209237415,1.7133407702798715,0.4263149506438699,64.94204774999994
2020-05-13,0,0,0,0,0,0,0,0,67.01458,-1.9524813,-0.0005,-0.001,2.168,258.0,0.5360897376314262,-0.020989479836142754,-0.0010999999999999998,0.0,71.0,-0.0005,-0.03903722805884362,56.948960257526494,2.003904561934405,1.7714535286107782,0.23245103332362693,65.16826539999995
2020-05-14,0,0,0,0,0,0,0,0,67.43855,0.6326556,-0.0028,-0.0009,1.728,275.0,0.08173601109016033,-0.10068153614769502,-0.0023,0.00010000000000000005,17.0,0.0019,-0.07969205631155227,58.00944153172832,1.908531265724136,1.7988690760334498,0.1096621896906862,65.41535839999996
2020-05-15,0,0,0,0,0,0,0,0,68.24372,1.1939287,-0.0104,-0.0012,1.399,197.0,-0.255565283651393,-0.4013773511851377,-0.007599999999999999,-0.0002999999999999999,-78.0,0.0092,-0.30069581503744264,60.023452295895474,1.8762890391693787,1.8143530686606355,0.06193597050874322,65.64910659999995
2020-05-18,0,0,1,0,0,0,0,0,68.846115,0.8826971,-0.0726,-0.0059,0.057,73.0,-1.6148790931978974,-2.4530695564991305,-0.0622,-0.0047,-124.0,0.0667,-2.051692205313993,61.510849363036534,1.8777001261801018,1.8270224801645287,0.05067764601557312,65.95733319999997
2020-05-19,0,1,0,0,0,0,0,0,68.31032,-0.77823997,-0.0191,-0.0022,0.547,184.0,-1.1111917128122861,-0.6332910054956964,0.0535,0.0036999999999999997,111.0,0.0169,1.819778551003434,59.39411184239252,1.8146659051636505,1.8245511651643531,-0.009885260000702667,66.36051519999997
2020-05-20,0,0,0,0,0,0,0,0,70.037964,2.5290966,-0.0053,-0.0016,1.309,279.0,-0.34808383681581073,-0.16523255310143903,0.0138,0.0006000000000000001,95.0,0.0037,0.46805845239425736,63.72844011122621,1.8824179211175647,1.8361245163549955,0.04629340476256916,66.73514364999997
2020-05-21,0,0,0,0,0,0,0,0,69.91818,-0.1710236,-0.0004,-0.0009,1.072,375.0,-0.5888670155572696,-0.0023625199815852883,0.0049,0.0007000000000000001,96.0,-0.0005,0.16287003311985374,63.22453626001903,1.9044925100145917,1.8497981150869147,0.054694394927677026,67.07207284999997
2020-05-22,0,0,0,0,0,0,0,0,70.24074,0.46135187,-0.0015,-0.0018,0.2,227.0,-1.4778199969844965,-0.040559770888896694,-0.0011,-0.0009,-148.0,-0.0002999999999999999,-0.03819725090731141,64.04890755918711,1.9258150795491389,1.8650015079793596,0.06081357156977929,67.41163649999997
2020-05-25,0,0,0,0,0,0,0,0,70.24074,0.0,-0.0004,-0.0006,0.0,51.0,-1.6302439010766816,-0.004050408454086395,0.0011,0.0012000000000000001,-176.0,-0.00019999999999999993,0.0365093624348103,64.0489075591871,1.9205741858277747,1.8761160435490427,0.044458142278732016,67.76546449999998
2020-05-26,0,0,0,0,0,0,0,0,70.64482,0.5752802,-0.0048,-0.0012,0.24,58.0,-1.3419845937919366,-0.14978010239287667,-0.004399999999999999,-0.0006,7.0,0.0036,-0.1457296939387903,65.18283261683302,1.9268154891990434,1.886255932679043,0.04055955652000054,68.23460124999997
2020-05-27,0,0,0,0,0,0,0,0,70.590645,-0.0766933,-0.0068,-0.0011,1.021,254.0,-0.5624231046285504,-0.21359025680044716,-0.002,9.999999999999983e-05,196.0,0.005699999999999999,-0.06381015440757049,64.88733875000973,1.9054257355531803,1.8900898932538703,0.015335842299309954,68.42868749999997
2020-05-28,0,0,1,0,0,0,0,0,70.48925,-0.14362931,-0.1433,-0.016,1.456,254.0,-0.1329481602706412,-4.0524222197248605,-0.1365,-0.0149,0.0,0.12730000000000002,-3.8388319629244134,64.29981253209064,1.858864638132033,1.8838448422295029,-0.024980204097469816,68.60647099999997
2020-05-29,0,1,1,0,0,0,0,0,71.2487,1.0773897,-0.041,-0.0068,0.848,332.0,-0.7294374572892284,-1.0982938150924193,0.1023,0.0092,78.0,0.0342,2.954128404632441,66.72972698281758,1.861784409233607,1.8794327556303236,-0.01764834639671653,68.89523924999997
2020-06-01,0,0,0,0,1,1,0,0,71.315796,0.09417534,0.0,-0.0014,0.457,148.0,-1.1112196409664519,0.0730384156842877,0.041,0.005399999999999999,-184.0,-0.0014,1.1713322307767071,66.94379687120158,1.8482074503048267,1.8731876945652242,-0.024980244260397466,69.17349454999997
2020-06-02,0,0,0,0,0,0,0,0,71.68558,0.5185127,-0.001,-0.0015,0.726,202.0,-0.8348944612935046,0.04405132997261844,-0.001,-0.00010000000000000005,54.0,-0.0005,-0.028987085711669268,68.15973657433143,1.846006477351466,1.8677514511224724,-0.02174497377100648,69.40532904999998
2020-06-03,0,1,1,0,0,0,0,0,71.53349,-0.21215677,-0.1563,-0.0093,2.371,254.0,0.7574082514809761,-3.7641748134001123,-0.1553,-0.0078,52.0,0.147,-3.808226143372731,67.06702550281621,1.8111124218768708,1.856423645273352,-0.04531122339648119,69.63848054999997
2020-06-04,0,0,1,0,0,0,0,0,70.293434,-1.7335355,-0.1136,-0.0116,1.082,226.0,-0.5072575128340328,-2.5074000504089557,0.04269999999999999,-0.0023,-28.0,0.10200000000000001,1.2567747629911565,58.791137166513565,1.6642124704722505,1.8179814103131318,-0.15376893984088125,69.75035949999997
2020-06-05,0,1,0,0,0,0,0,0,71.571754,1.8185616,-0.0132,-0.0051,0.713,325.0,-0.8550248857312225,-0.14377520409544423,0.1004,0.006499999999999999,99.0,0.0081,2.3636248463135114,63.75617508694318,1.6321287766883188,1.780810883588169,-0.14868210689985029,69.88872919999997
2020-06-08,0,0,0,0,0,0,0,0,71.970375,0.5569339,-0.0114,-0.0009,0.631,82.0,-0.926739012483227,-0.09765716529826955,0.0017999999999999995,0.004200000000000001,-243.0,0.0105,0.046118038797174674,65.16561124166851,1.620191047636098,1.7486869163977548,-0.12849586876165686,69.99919214999997
2020-06-09,0,0,0,0,1,0,0,0,72.17116,0.27899742,-0.0057,-0.0022,1.415,258.0,-0.1750974433521108,0.03779121500815676,0.0057,-0.0013000000000000002,176.0,0.0035,0.1354483803064263,65.88524157047371,1.6083914474084366,1.7206278225998912,-0.11223637519145457,70.19029564999998
2020-06-10,0,0,0,0,0,0,0,0,72.7984,0.86910725,-0.0012,-0.0013,1.045,232.0,-0.5369764997470188,0.1436082861265147,0.0045000000000000005,0.0009000000000000002,-26.0,-0.00010000000000000005,0.10581707111835792,68.10215995306102,1.630853738427703,1.7026730057654536,-0.07181926733775046,70.47948664999998
2020-06-11,0,0,0,0,0,0,0,0,69.677124,-4.2875648,-0.0016,-0.0018,0.996,283.0,-0.5864542082656257,0.1341295924886836,-0.0004000000000000002,-0.0005,51.0,-0.00019999999999999987,-0.009478693637831076,50.51154065375968,1.3808764936316464,1.638313703338692,-0.25743720970704564,70.59141534999998
2020-06-12,0,0,0,0,0,0,0,0,70.22484,0.786078,-0.0093,-0.0045,0.491,265.0,-1.0529009128245352,-0.04699480360788336,-0.007699999999999999,-0.0026999999999999997,-18.0,0.0048,-0.18112439609656697,52.81475519602894,1.2129813361004835,1.5532472298910505,-0.34026589379056693,70.69047134999998
2020-06-15,0,0,0,0,1,0,0,0,70.6135,0.5534649,-0.0005,-0.001,0.359,104.0,-1.181356190250973,0.1599834245762368,0.008799999999999999,0.0034999999999999996,-161.0,-0.0005,0.20697822818412015,54.435289314959554,1.0986206134068368,1.4623219065942077,-0.3637012931873709,70.77884059999998
2020-06-16,0,0,0,0,0,0,0,0,71.892334,1.8110275,0.0002,-0.0011,0.994,195.0,-0.5786641234224282,0.17582804446424313,0.0007,-0.00010000000000000005,91.0,-0.0013000000000000002,0.01584461988800634,59.378782236134484,1.098517111428535,1.389560947561073,-0.29104383613253804,70.95794129999997
2020-06-17,0,1,0,0,0,0,0,0,72.19403,0.41965246,-0.0306,-0.0012,2.226,283.0,0.5941659483715606,-0.5356459167311468,-0.030799999999999998,-9.999999999999983e-05,88.0,0.0294,-0.71147396119539,60.46843803730147,1.109984223993365,1.3336456028475314,-0.22366137885416637,71.06574459999997
2020-06-18,0,0,0,0,0,0,0,0,71.27852,-1.2681305,-0.0126,-0.0021,2.548,425.0,0.8806927139730201,-0.10947304089471846,0.018,-0.0009,142.0,0.0105,0.4261728758364284,55.59484621023918,1.0332868993761224,1.2735738621532495,-0.24028696277712713,71.13376159999997
2020-06-19,0,0,0,0,1,0,0,0,70.80735,-0.6610334,-0.0022,-0.0005,1.367,429.0,-0.2835253999821763,0.13487961565412435,0.0104,0.0015999999999999999,4.0,0.0017000000000000001,0.2443526565488428,53.21759609328297,0.9238348427742835,1.2036260582774563,-0.27979121550317276,71.16209209999997
2020-06-22,0,0,0,0,0,0,0,0,72.1006,1.8264413,-0.0051,-0.0016,1.2,73.0,-0.4561619181346168,0.06945842672817908,-0.0029000000000000002,-0.0011,-356.0,0.0035000000000000005,-0.06542118892594527,58.46714160753186,0.9307190167440922,1.1490446499707834,-0.21832563322669118,71.25508509999997
2020-06-23,0,1,0,0,0,0,0,0,72.76261,0.9181857,-0.0336,-0.0052,1.727,305.0,0.05105889136688396,-0.5860790642612297,-0.028499999999999998,-0.0036,232.0,0.028399999999999998,-0.6555374909894087,60.886669929879,0.9783160303472869,1.114898926046084,-0.1365828956987971,71.36097459999998
2020-06-24,0,0,0,0,0,0,0,0,71.20795,-2.1366358,-0.0226,-0.0023,1.791,275.0,0.094223221052072,-0.3193699994080755,0.011,0.0029,-30.0,0.0203,0.2667090648531542,53.06808962553061,0.8804397757019444,1.068007095977256,-0.18756732027531164,71.39183984999997
2020-06-25,0,0,0,0,0,0,0,0,71.62544,0.58630705,-0.016,-0.0013,2.599,329.0,0.8738025764571856,-0.16090573321645574,0.006599999999999998,0.001,54.0,0.014700000000000001,0.15846426619161974,54.74856954652433,0.827026644276657,1.0198110056371363,-0.19278436136047938,71.44864934999997
2020-06-26,0,0,0,0,1,0,0,0,67.720856,-5.451381,-0.0035,-0.0013,0.903,395.0,-0.8009346149700352,0.13254013422357816,0.0125,0.0,66.0,0.0022,0.29344586744003387,40.23725350872907,0.46427715789756974,0.908704236089223,-0.4444270781916533,71.27225714999996
2020-06-29,0,0,0,0,0,0,0,0,69.44205,2.5415897,-0.012,-0.002,0.358,70.0,-1.3172148004063082,-0.0621931597624511,-0.0085,-0.0007000000000000001,-325.0,0.01,-0.19473329398602926,46.91657977100298,0.3120840371401954,0.7893801962994175,-0.4772961591592221,71.17856984999996
2020-06-30,0,0,0,0,1,0,0,0,70.47982,1.4944315,-0.0029,-0.0015,1.216,262.0,-0.47233789018530653,0.15145354858204116,0.0091,0.0005,192.0,0.0013999999999999998,0.21364670834449226,50.508207108239176,0.27207297059649704,0.6859187511588334,-0.41384578056233634,71.11828184999996
2020-07-01,0,0,0,0,0,0,0,0,71.670166,1.6889334,0.0005,0.0019,1.801,304.0,0.10290597826541752,0.22829746296787629,0.0034,0.0034000000000000002,42.0,0.0014,0.07684391438583513,54.325560658521155,0.3325810982833701,0.6152512205837407,-0.2826701223003706,71.12511564999996
2020-07-02,0,1,1,0,0,0,0,0,73.05836,1.9369125,-0.0416,-0.0011,1.625,308.0,-0.06621852165466763,-0.7368787809187889,-0.0421,-0.003,4.0,0.0405,-0.9651762438866651,58.359308620297966,0.48693677555048964,0.5895883315770905,-0.10265155602660081,71.26336194999996
2020-07-03,0,0,0,0,1,0,0,0,73.05836,0.0,-0.007,0.0009,0.156,231.0,-1.4717026933509743,0.07081174272021926,0.0346,0.002,-77.0,0.0079,0.8076905236390082,58.359308620297966,0.6023215736879735,0.592134979999267,0.010186593688706447,71.33769224999995
2020-07-06,0,0,0,0,0,0,0,0,74.53549,2.0218492,-0.0043,-0.001,0.668,99.0,-0.9561533729384175,0.13534006554328779,0.0027,-0.0019,-132.0,0.0033,0.06452832282306853,62.45158592242295,0.8036924374858501,0.6344464714965836,0.16924596598926644,71.46594799999994
2020-07-07,0,0,0,0,0,0,0,0,74.05189,-0.6488204,-0.0028,0.001,2.401,312.0,0.7626586747760958,0.17139683568770867,0.0015,0.002,213.0,0.0038,0.03605677014442088,60.360126135227965,0.91372496681484,0.6903021705602349,0.22342279625460504,71.55998449999994
2020-07-08,0,0,0,0,0,0,0,0,74.73181,0.91816187,-0.0042,-0.0011,1.065,217.0,-0.5394167481826897,0.140581737109214,-0.0013999999999999998,-0.0021000000000000003,-95.0,0.0030999999999999995,-0.030815098578494654,62.27311818957318,1.0437586012826756,0.7609934567047231,0.28276514457795254,71.65665499999994
2020-07-09,0,0,0,0,0,0,0,0,75.48032,1.0016084,-0.0001,-0.0009,1.953,293.0,0.38692816955126935,0.23566516263696446,0.0040999999999999995,0.0002000000000000001,76.0,-0.0007999999999999999,0.09508342552775045,64.314824242785,1.1934523194408655,0.8474852292519516,0.3459670901889139,71.94681479999994
2020-07-10,0,0,0,0,0,0,0,0,76.49175,1.3399839,-0.0232,-0.0019,0.931,266.0,-0.6428882465646242,-0.29377340431704146,-0.0231,-0.001,-27.0,0.0213,-0.5294385669540059,66.91996488548185,1.3778170009671982,0.9535515835950009,0.42426541737219725,72.26016029999994
2020-07-13,0,1,0,0,1,0,0,1,75.16074,-1.7400742,-0.0004,0.0103,2.647,328.0,1.206601687024843,0.23700880439057656,0.022799999999999997,0.0122,62.0,0.0107,0.530782208707618,60.64556032152109,1.4003832101292204,1.0429179089018448,0.35746530122737563,72.48752229999994
2020-07-14,0,0,0,0,0,0,0,0,75.58967,0.5706787,-0.0022,0.0019,2.576,519.0,1.147580937613142,0.19496695425898633,-0.0018000000000000002,-0.0084,191.0,0.0041,-0.04204185013159023,61.88576622528951,1.436321143687735,1.121598555859023,0.3147225878287121,72.67238909999995
2020-07-15,0,0,0,0,0,0,0,0,75.391846,-0.26168823,-0.0089,0.0032,2.386,597.0,0.9821516510584526,0.04201501723668772,-0.006699999999999999,0.0013000000000000002,78.0,0.0121,-0.15295193702229862,60.93204152531185,1.432328480308371,1.1837445407488925,0.24858393955947844,72.83227989999996
2020-07-16,0,0,0,0,0,0,0,0,75.29444,-0.12921095,-0.0028,0.0017,1.174,378.0,-0.34560779428337673,0.18563463687491316,0.0060999999999999995,-0.0015000000000000002,-219.0,0.0045,0.14361961963822545,60.43814632316875,1.4051072143523555,1.2280170754695852,0.17709013888277036,73.03307589999994
2020-07-17,0,0,0,0,0,0,0,0,75.39036,0.12739897,-0.0036,-0.0015,0.208,205.0,-1.4125999501443196,0.16807405709292417,-0.0007999999999999999,-0.0031999999999999997,-173.0,0.0021,-0.017560579781988994,60.77532228574463,1.3754191317446214,1.2574974867245925,0.11792164502002889,73.26222639999995
2020-07-20,0,0,0,0,0,0,0,0,77.72587,3.09788,-0.0003,0.0021,0.598,107.0,-0.933460380278577,0.24487759246095633,0.0033,0.0036,-98.0,0.0024,0.07680353536803217,67.94005496933086,1.522793435892467,1.3105566765581673,0.21223675933429975,73.54348989999995
2020-07-21,0,0,0,0,0,0,0,0,77.33223,-0.5064428,-0.0009,0.002,0.684,208.0,-0.8212840111924218,0.23196373952264313,-0.0006000000000000001,-9.999999999999983e-05,101.0,0.0029,-0.012913852938313208,65.75981952596076,1.5895023814682219,1.3663458175401781,0.22315656392804373,73.77197089999996
2020-07-22,0,0,0,0,0,0,0,0,77.77605,0.5739212,-0.005,0.0019,0.544,222.0,-1.0005608487675335,0.29462685156623913,-0.0041,-0.00010000000000000005,14.0,0.0069,0.06266311204359601,67.04393813704705,1.6590576820592702,1.4248881904439965,0.23416949161527367,74.10037589999995
2020-07-23,0,0,0,0,0,0,0,0,75.38538,-3.0737758,-0.0096,-0.0021,0.484,179.0,-1.0515031990619563,0.1721043394137074,-0.004599999999999999,-0.004,-43.0,0.0075,-0.12252251215253174,55.06445939750336,1.5039372174846335,1.440697995852124,0.0632392216325095,74.28837289999994
2020-07-24,0,0,0,1,0,0,0,0,74.96094,-0.5630493,-0.022,-0.002,0.174,235.0,-1.4149216377231084,-0.21639242345601484,-0.0124,9.999999999999983e-05,56.0,0.019999999999999997,-0.38849676286972223,53.24542034929307,1.3314067427610894,1.418839745233917,-0.08743300247282759,74.65037709999994
2020-07-27,0,0,1,0,0,0,0,0,76.01561,1.4069676,-0.362,-0.0109,2.885,100.0,2.0539321651911258,-6.234262483735299,-0.33999999999999997,-0.0089,-135.0,0.35109999999999997,-6.017870060279284,57.04286072906153,1.2651937868635912,1.388110553559852,-0.12291676669626073,74.97905509999994
2020-07-28,0,1,0,0,1,0,0,0,74.73429,-1.6855955,-0.0051,-0.0013,1.966,466.0,0.8891708988084015,0.2943749729859593,0.3569,0.009600000000000001,366.0,0.0038000000000000004,6.528637456721259,51.56344299027333,1.096685815298727,1.329825605907627,-0.2331397906088999,75.19177859999994
2020-07-29,0,0,0,0,0,0,0,0,75.721375,1.3207793,-0.0234,-0.0013,3.432,376.0,2.582874078179782,-0.03364591478070374,-0.0183,0.0,-90.0,0.0221,-0.32802088776666305,55.13854241776558,1.0309078795678772,1.270042060639677,-0.23913418107179973,75.39433904999994
2020-07-30,0,1,1,0,0,0,0,0,76.45995,0.97539425,-0.1147,-0.0009,3.226,614.0,2.2328162704788,-1.6343634627830972,-0.09129999999999999,0.00039999999999999996,238.0,0.1138,-1.6007175480023934,57.65692653607202,1.0265418857096051,1.2213420256536627,-0.19480013994405754,75.56441854999994
2020-07-31,0,0,1,0,0,0,0,0,73.953964,-3.2775104,-0.123,0.0148,2.463,475.0,1.3321297597335466,-1.704672077202713,-0.008300000000000002,0.015700000000000002,-139.0,0.1378,-0.07030861441961589,47.84313286608934,0.8115150371230868,1.1393766279475475,-0.32786159082446065,75.60919874999993
2020-08-03,0,0,0,0,1,1,0,0,73.696014,-0.34880042,-0.0044,0.0046,2.024,138.0,0.8111605842330768,0.37028573000505544,0.1186,-0.0102,-337.0,0.009000000000000001,2.0749578072077686,46.95714315848071,0.61322146587014,1.034145595532066,-0.42092412966192594,75.56722494999994
2020-08-04,0,0,0,0,0,0,0,0,73.22584,-0.6379962,-0.009,0.0077,2.324,507.0,1.1402127893902076,0.2929261914409476,-0.004599999999999999,0.0031000000000000003,369.0,0.0167,-0.07735953856410782,45.310074865478576,0.4133682181264362,0.90999012005094,-0.49662190192450384,75.52592244999995
2020-08-05,0,0,0,0,0,0,0,0,73.51361,0.39299726,-0.0184,-0.0023,1.548,519.0,0.26601806323023997,0.1337375694996847,-0.0094,-0.01,12.0,0.0161,-0.1591886219412629,46.54591537687277,0.2750333007417538,0.7829987561891028,-0.507965455447349,75.46501244999995
2020-08-06,0,0,0,0,0,0,0,0,74.7989,1.7483711,-0.0068,-0.0012,1.026,321.0,-0.3226115412981742,0.3385134782296929,0.0116,0.0011,-198.0,0.0056,0.2047759087300082,51.786329291995855,0.26604721674245013,0.6796084482997722,-0.41356123155732205,75.43094144999995
2020-08-07,0,0,0,0,0,0,0,0,74.47187,-0.43720603,-0.0083,-0.0007,0.36,247.0,-1.060882392877289,0.31152153446075836,-0.0015000000000000005,0.0004999999999999999,-74.0,0.0076,-0.026991943768934545,50.431581563323455,0.22988709717898814,0.5896641780756153,-0.3597770808966272,75.32994744999995
2020-08-10,0,0,0,0,0,0,0,0,74.39482,-0.1034677,-0.001,-0.0016,0.397,82.0,-1.0333818625309856,0.42044106286706023,0.0073,-0.0009000000000000001,-165.0,-0.0006000000000000001,0.10891952840630187,50.0990426585348,0.1927902844477387,0.51028939935004,-0.3174991149023013,75.29165144999995
2020-08-11,0,0,0,0,0,0,0,0,73.585686,-1.0876358,-0.0044,-0.0007,1.104,208.0,-0.23086593481385626,0.3558635100425021,-0.0034000000000000002,0.0009000000000000001,126.0,0.0037,-0.06457755282455813,46.622348324701555,0.0969824877557528,0.4276280170311826,-0.3306455292754298,75.19145224999994
2020-08-12,0,0,0,0,0,0,0,0,74.91272,1.8033981,-0.0118,-0.0025,1.033,338.0,-0.3075767279405496,0.22764796024983397,-0.0073999999999999995,-0.0018,130.0,0.0093,-0.12821554979266814,52.45048176294539,0.126674447751995,0.36743730317534506,-0.24076285542335008,75.16749594999995
2020-08-13,0,0,0,0,0,0,0,0,75.38043,0.6243348,-0.0061,-0.0012,0.708,218.0,-0.6746787126152223,0.3299149427380896,0.005699999999999999,0.0013000000000000002,-120.0,0.004900000000000001,0.10226698248825561,54.34265110964961,0.1858039953530124,0.33111064161087855,-0.14530664625786616,75.17179544999995
2020-08-14,0,1,1,0,0,0,0,0,74.783005,-0.79255104,-0.0846,-0.0073,1.783,335.0,0.5418077075204566,-1.0212099435645394,-0.0785,-0.0061,117.0,0.0773,-1.351124886302629,51.522316217788514,0.18235530477998907,0.30135957424470067,-0.1190042694647116,75.14142769999994
2020-08-17,0,0,0,0,1,0,0,0,75.36005,0.7716298,-0.0007,-0.0026,1.151,199.0,-0.22291663980943052,0.4461777716542239,0.08389999999999999,0.0047,-136.0,-0.0018999999999999998,1.4673877152187633,54.00532571004265,0.22360729587200012,0.28580911857016056,-0.062201822698160436,75.02313669999994
2020-08-18,0,1,1,0,0,0,0,0,77.32526,2.6077628,-0.0403,-0.001,0.582,229.0,-0.9147202200192779,-0.23621755283284818,-0.0396,0.0015999999999999999,30.0,0.0393,-0.6823953244870721,61.27918611498377,0.4101478895096591,0.3106768727580603,0.0994710167515988,75.02278819999995
2020-08-19,0,0,0,0,1,0,0,0,76.77008,-0.71796775,-0.0028,0.0009,0.707,215.0,-0.7555795038024561,0.418746564021527,0.037500000000000006,0.0019,-14.0,0.0037,0.6549641168543752,58.46617389464186,0.5073360139891889,0.350008701004286,0.15732731298490293,74.97248969999995
2020-08-20,0,0,0,0,0,0,0,0,78.34265,2.048409,-0.0007,-0.0125,2.02,399.0,0.7997253484329181,0.42890573002799703,0.0021,-0.0134,184.0,-0.011800000000000001,0.010159166006470044,63.56776144828746,0.7031461284504843,0.42063618649352563,0.28250994195695867,75.12035319999995
2020-08-21,0,0,0,0,0,0,0,0,78.30885,-0.043147802,-0.001,-0.0017,0.127,265.0,-1.4177947380942377,0.4111049856608963,-0.00030000000000000003,0.0108,-134.0,-0.0006999999999999999,-0.017800744367100718,63.38754321781123,0.8458492537013598,0.5056787999350925,0.3401704537662673,75.28774869999995
2020-08-24,0,0,0,0,0,0,0,0,78.785,0.6080389,-0.0079,-0.0011,0.277,76.0,-1.2333650676798358,0.28874352826023486,-0.006900000000000001,0.0005999999999999998,-189.0,0.0068000000000000005,-0.12236145740066146,64.89732369165363,0.9859978646107095,0.6017426128702159,0.3842552517404936,75.42621819999997
2020-08-25,0,0,0,0,0,0,0,0,79.81383,1.3058782,-0.0086,0.0025,0.667,194.0,-0.7760106116824681,0.27857343059349715,-0.0006999999999999992,0.0036,118.0,0.0111,-0.01017009766673771,67.97070745546216,1.1666363732763187,0.7147213649514365,0.4519150083248823,75.68019519999996
2020-08-26,0,0,0,0,0,0,0,0,81.71643,2.3837805,-0.0089,-0.0015,0.508,265.0,-0.9302677981528411,0.24071493004130004,-0.0002999999999999999,-0.004,71.0,0.0074,-0.03785850055219711,72.72634234350177,1.4466416279485088,0.8611054175508509,0.5855362103976579,75.97994794999995
2020-08-27,0,0,1,0,0,0,0,0,80.940575,-0.9494424,-0.0298,0.0009,0.287,227.0,-1.160952936977384,-0.19051728095417308,-0.020900000000000002,0.0024000000000000002,-38.0,0.0307,-0.43123221099547315,68.27452247118103,1.5876414528005256,1.0064126246007858,0.5812288281997398,76.20397919999996
2020-08-28,0,0,0,0,1,0,0,0,81.48283,0.66993237,-0.0073,-0.0011,0.001,179.0,-1.4572742341944582,0.24930310826887186,0.0225,-0.002,-48.0,0.0062,0.43982038922304495,69.67185377495518,1.7232754300743238,1.1497851856954935,0.5734902443788303,76.58042249999995
2020-08-31,0,0,0,0,0,0,0,0,80.990776,-0.60387254,-0.0006,-0.0008,0.272,111.0,-1.1332626874700065,0.3769221450001062,0.0067,0.00030000000000000003,-68.0,-0.0002000000000000001,0.12761903673123431,66.79683306217679,1.770650729305089,1.2739582944174126,0.49669243488767645,76.94516059999995
2020-09-01,0,0,0,0,0,0,0,0,82.26065,1.567936,-0.0007,-0.0007,1.028,236.0,-0.2671995489479351,0.3731252525401435,-0.00010000000000000005,0.00010000000000000005,125.0,0.0,-0.003796892459962675,70.21302709857132,1.8888902631262852,1.3969446881591872,0.491945574967098,77.39690109999995
2020-09-02,0,0,0,0,0,0,0,0,85.357574,3.7647724,-0.0003,-0.0007,0.583,326.0,-0.7602677364766391,0.3806290533331869,0.0004,0.0,90.0,-0.0004,0.007503800793043414,76.5497543850886,2.2070503279363294,1.5589658161146156,0.6480845118217138,77.98909929999995
2020-09-03,0,0,0,0,0,0,0,0,80.98978,-5.1170645,-0.0003,0.0008,0.814,218.0,-0.495069131888253,0.38014407489264107,0.0,0.0015,-108.0,0.0011,-0.0004849784405458468,57.855778721179796,2.082741451899338,1.66372094327156,0.41902050862777784,78.29864329999995
2020-09-04,0,0,1,1,0,0,0,0,78.58918,-2.9640794,-0.3485,-0.0074,0.569,160.0,-0.774012788224765,-4.870277817640855,-0.34819999999999995,-0.0082,-58.0,0.34109999999999996,-5.250421892533496,50.549193705984926,1.7701126578316178,1.6849992861835716,0.08511337164804611,78.50450879999995
2020-09-07,0,0,0,0,1,0,0,0,78.58918,0.0,-0.0065,-0.001,0.443,82.0,-0.9194134843772334,0.28579820932524774,0.34199999999999997,0.0064,-78.0,0.0055,5.156076026966103,50.549193705984926,1.5050033444414481,1.649000097835147,-0.14399675339369877,78.71422679999995
2020-09-08,0,0,0,1,0,0,0,0,75.725845,-3.6434114,-0.025,-0.0031,0.934,142.0,-0.3624103255564163,0.013186030476062222,-0.018500000000000003,-0.0021,60.0,0.021900000000000003,-0.27261217884918554,43.03162844884462,1.0517313941278843,1.5295463570936945,-0.47781496296581016,78.82123474999995
2020-09-09,0,1,0,0,0,0,0,0,76.90031,1.5509367,-0.0039,-0.002,0.731,327.0,-0.5682748826273442,0.3247643778602956,0.0211,0.0010999999999999998,185.0,0.0018999999999999998,0.3115783473842334,46.543329063903734,0.7783077704448544,1.3792986397639264,-0.600990869319072,78.92061424999994
2020-09-10,0,0,0,0,0,0,0,0,75.847626,-1.3688982,-0.0011,-0.0018,0.866,214.0,-0.38954818664644714,0.36381409085834165,0.0027999999999999995,0.0002000000000000001,-113.0,-0.0006999999999999999,0.03904971299804605,43.92946942509404,0.47124258641461836,1.197687429094065,-0.7264448426794465,78.94397404999995
2020-09-11,0,0,0,0,0,0,0,0,75.33618,-0.6742954,-0.0014,-0.0013,0.455,251.0,-0.8443285910756506,0.35906527381254016,-0.0002999999999999999,0.0005,37.0,0.00010000000000000005,-0.00474881704580149,42.67549175984822,0.1844950537822143,0.9950489540316948,-0.8105539002494805,78.97163279999995
2020-09-14,0,0,0,0,0,0,0,0,74.991745,-0.4572034,-0.0049,-0.0011,1.317,115.0,0.14880240012684537,0.3062582657904909,-0.0034999999999999996,0.00019999999999999987,-136.0,0.0037999999999999996,-0.05280700802204924,41.80991555895797,-0.06974349803842017,0.7820904636176718,-0.8518339616560919,78.95321754999995
2020-09-15,0,0,0,0,0,0,0,0,76.29841,1.7424226,-0.0026,-0.001,1.008,246.0,-0.19470573592791252,0.332863753193482,0.0023,0.00010000000000000005,131.0,0.0015999999999999999,0.026605487402991068,46.262819383291536,-0.16390306430200496,0.5928917580337364,-0.7567948223357414,78.90187504999996
2020-09-16,0,0,0,0,0,0,0,0,75.15378,-1.5002131,-0.0269,-0.0006,0.212,151.0,-1.0797927899325315,-0.032001297642049835,-0.024300000000000002,0.0004000000000000001,-95.0,0.0263,-0.36486505083553183,43.14794863617704,-0.32711647873298944,0.4088901106803912,-0.7360065894133807,78.82106004999996
2020-09-17,0,1,0,0,1,0,0,0,73.908745,-1.6566396,-0.0017,-0.0006,0.398,169.0,-0.8387628204572117,0.34360888157217456,0.0252,0.0,18.0,0.0010999999999999998,0.3756101792142244,39.99366826648698,-0.5505814446976274,0.2169957996047875,-0.7675772443024149,78.59936479999996
2020-09-18,0,1,0,1,0,0,0,0,72.121956,-2.4175644,-0.0264,-0.0022,1.336,256.0,0.25292369544149756,-0.02231287993878539,-0.0247,-0.0016000000000000003,87.0,0.0242,-0.36592176151095995,35.933735009266385,-0.8619222762118284,0.0012121844414642868,-0.8631344606532927,78.29002009999995
2020-09-21,0,0,0,1,0,0,0,0,71.08072,-1.4437199,-0.028,-0.001,0.492,127.0,-0.7411900407438711,-0.042405138461760326,-0.0016000000000000007,0.0012000000000000001,-129.0,0.027,-0.020092258522974936,33.781604913086,-1.179089363281804,-0.2348481251031894,-0.9442412381786146,77.90480609999994
2020-09-22,0,0,1,0,0,0,0,0,72.555855,2.0753026,-0.0386,-0.0018,0.758,123.0,-0.4189687286799313,-0.19324599609406032,-0.010600000000000002,-0.0007999999999999999,-4.0,0.0368,-0.15084085763229999,39.325788196862064,-1.2964705926012243,-0.44717261860279645,-0.8492979739984279,77.54190734999995
2020-09-23,0,0,0,0,0,0,0,0,70.04939,-3.4545243,-0.0292,-0.0018,1.556,232.0,0.5241723934788326,-0.04414984671647691,0.009400000000000002,0.0,109.0,0.0274,0.14909614937758342,34.10129299179885,-1.5736072754856565,-0.6724595499793684,-0.9011477255062881,76.95855534999994
2020-09-24,0,0,0,0,0,0,0,0,70.71888,0.9557247,-0.0296,-0.001,2.594,289.0,1.6897659027902827,-0.05322947774482038,-0.00040000000000000105,0.0007999999999999999,57.0,0.0286,-0.009079631028343471,36.526917769993474,-1.7193976991075175,-0.8818471798049983,-0.8375505193025192,76.44747059999993
2020-09-25,0,1,1,0,0,0,0,0,71.52404,1.138556,-0.0743,-0.0105,2.082,315.0,1.064146288741333,-0.7087080986908829,-0.044700000000000004,-0.009500000000000001,26.0,0.06380000000000001,-0.6554786209460626,39.415159102862916,-1.749797401955334,-1.0554372242350654,-0.6943601777202686,75.94953109999993
2020-09-28,0,0,1,0,0,0,0,0,72.49821,1.3620019,-0.0359,-0.0017,1.628,128.0,0.5224209109307368,-0.12313455481753315,0.038400000000000004,0.0088,-187.0,0.0342,0.5855735438733498,42.80617832087404,-1.6759625548765058,-1.1795422903633535,-0.49642026451315235,75.52490279999992
2020-09-29,0,0,0,0,1,0,0,1,72.86402,0.50456524,-0.0181,-0.0019,3.16,320.0,2.2152286634593956,0.14891286216284422,0.0178,-0.0002000000000000001,192.0,0.016200000000000003,0.2720474169803774,44.07208135957286,-1.5698340273375209,-1.257600637758187,-0.3122333895793339,75.05507129999992
2020-09-30,0,0,1,0,0,0,0,0,72.84314,-0.028651953,-0.0352,-0.0034,3.728,363.0,2.631212319148601,-0.10117901274236382,-0.0171,-0.0014999999999999998,43.0,0.0318,-0.250091874905208,44.01220105263102,-1.4704606906350364,-1.300172648333557,-0.17028804230147943,74.42934959999994
2020-10-01,0,1,0,0,1,0,0,1,73.95151,1.5215755,-0.0081,-0.0007,3.445,789.0,2.2177731039652078,0.310008504276103,0.027100000000000003,0.0026999999999999997,426.0,0.0073999999999999995,0.4111875170184668,48.04741503175402,-1.287429720960617,-1.297624062858969,0.01019434189835211,74.07743609999994
2020-10-02,0,0,0,0,0,0,0,0,72.346115,-2.1708608,-0.009,-0.0012,1.119,542.0,-0.1431813149612295,0.29264387043089674,-0.0008999999999999998,-0.0004999999999999999,-247.0,0.0078,-0.017364633845206257,43.19167880502504,-1.257423522828688,-1.2895839548529129,0.032160432024224805,73.76528284999995
2020-10-05,0,0,0,0,0,0,0,0,73.69951,1.8707156,-0.0013,-0.0023,1.335,188.0,0.09981740606682134,0.40911177493200596,0.007699999999999999,-0.0011,-354.0,-0.001,0.11646790450110922,47.96587900909621,-1.1116216465392341,-1.2539914931901772,0.1423698466509431,73.52079934999995
2020-10-06,0,0,0,0,0,0,0,0,72.11849,-2.1452248,-0.0054,-0.0006,2.167,266.0,0.9737333356911801,0.34814276856503096,-0.0041,0.0017000000000000001,78.0,0.0048000000000000004,-0.060969006366975,43.37949281580572,-1.1108426078903477,-1.2253617161302113,0.11451910823986355,73.34043159999996
2020-10-07,0,1,1,0,0,0,0,0,72.52206,0.55960417,-0.0569,-0.0011,2.724,391.0,1.5350822176226844,-0.4169759508783039,-0.0515,-0.0005000000000000001,125.0,0.0558,-0.7651187194433349,44.82963395590527,-1.0653794567222405,-1.1933652642486172,0.12798580752637667,73.12151909999996
2020-10-08,0,1,1,0,0,0,0,0,73.729324,1.6646743,-0.0338,-0.0007,2.057,420.0,0.8263980125729268,-0.0607774345594737,0.023100000000000002,0.0004000000000000001,29.0,0.0331,0.3561985163188302,49.03475671768817,-0.9213131421976897,-1.1389548398384317,0.21764169764074204,73.01560399999995
2020-10-09,0,0,0,0,1,0,0,0,75.072266,1.8214464,-0.0039,0.0004,0.9,332.0,-0.37620804638441874,0.39098644905796387,0.029899999999999996,0.0011,-88.0,0.0043,0.4517638836174376,53.29897039029977,-0.6908121021320426,-1.0493262922971538,0.3585141901651112,73.00240829999994
2020-10-12,0,0,1,0,0,0,0,0,77.76312,3.584361,-0.0519,-0.0008,1.03,96.0,-0.2499527280438828,-0.32140703057883996,-0.048,-0.0012000000000000001,-236.0,0.0511,-0.7123934796368039,60.44108464587914,-0.2876925966432111,-0.8969995531663653,0.6093069565231541,73.14097704999995
2020-10-13,0,1,0,0,1,0,0,0,77.88639,0.15851259,-0.0108,0.0011,0.672,223.0,-0.6216577035075568,0.3027719535770682,0.0411,0.0019000000000000002,127.0,0.0119,0.6241789841559082,60.73731684200514,0.0412538261374209,-0.709348877305608,0.7506027034430289,73.22037604999994
2020-10-14,0,0,0,0,0,0,0,0,77.70597,-0.23165345,-0.0109,-0.0008,0.653,156.0,-0.6441500251888345,0.3029056768712072,-9.99999999999994e-05,-0.0019000000000000002,-67.0,0.0101,0.00013372329413896544,60.0287849526798,0.28411277474177155,-0.5106565468961322,0.7947693216379037,73.34798554999993
2020-10-15,0,0,0,0,0,0,0,0,77.30985,-0.5097687,-0.0013,-0.001,1.067,274.0,-0.22476269031302976,0.44580463169646933,0.009600000000000001,-0.00019999999999999998,118.0,0.0002999999999999999,0.14289895482526216,58.417495702427004,0.43954981111562574,-0.32061527529378053,0.7601650864094063,73.51804079999994
2020-10-16,0,0,0,0,0,0,0,0,77.91771,0.7862568,-0.0025,-0.0013,1.435,365.0,0.13977720956746442,0.42214698637185716,-0.0012000000000000001,-0.0002999999999999999,91.0,0.0012000000000000001,-0.023657645324612175,60.18368208098177,0.6048121067234717,-0.13552979889033007,0.7403419056138019,73.80782849999994
2020-10-19,0,0,0,0,0,0,0,0,76.04145,-2.407992,-0.0025,-0.0018,0.625,146.0,-0.691552683028693,0.43948120485964326,0.0,-0.0005,-219.0,0.0007000000000000001,0.0173342184877861,52.7377116260205,0.5777255052000072,0.0071212619277374045,0.5706042432722698,74.05586499999994
2020-10-20,0,0,0,0,0,0,0,0,77.09167,1.3811111,-0.0025,-0.0127,2.808,230.0,1.6214502156656625,0.4384538378605721,0.0,-0.0109,84.0,-0.010199999999999999,-0.0010273669990711332,56.01784151192823,0.6336982760269052,0.13243666474757096,0.5012616112793342,74.28265574999993
2020-10-21,0,1,1,0,0,0,0,0,78.82675,2.2506833,-0.9446,-0.0551,2.753,316.0,1.6135734486045465,-7.021143834807215,-0.9421,-0.04240000000000001,86.0,0.8895,-7.459597672667787,60.851889956778805,0.8087408938995253,0.2676975105779618,0.5410433833215635,74.72152374999993
2020-10-22,0,0,1,0,0,0,0,0,79.85409,1.3032913,-0.6594,-0.0088,1.739,239.0,0.5595602760129946,-4.0314413917725025,0.2852,0.0463,-77.0,0.6506,2.9897024430347123,63.41582546537421,1.0186191740686894,0.41788184327610733,0.6007373307925821,75.17828424999995
2020-10-23,0,1,1,0,0,0,0,0,81.16224,1.638186,-0.1269,-0.0047,0.697,321.0,-0.5911220776963703,-0.5148866845725473,0.5325,0.0041,82.0,0.12220000000000002,3.516554707199955,66.43068324332954,1.2757993744967422,0.5894653495202343,0.6863340249765079,75.66019424999995
2020-10-26,0,0,1,0,0,0,0,0,78.74225,-2.9816687,-0.156,-0.0021,0.804,110.0,-0.44801634840256743,-0.6879978799190624,-0.029099999999999987,0.0026000000000000003,-211.0,0.1539,-0.1731111953465151,57.0623203329357,1.2697071739831358,0.7255137144128146,0.5441934595703212,75.97239624999995
2020-10-27,0,1,1,0,0,0,0,0,79.4674,0.9209156,-0.1355,-0.0036,0.964,177.0,-0.24127798423147095,-0.5382642364911123,0.02049999999999999,-0.0015,67.0,0.13190000000000002,0.14973364342795004,58.93130135537727,1.308311208635061,0.8420732132572639,0.4662379953777971,76.30256524999996
2020-10-28,0,1,1,1,0,0,0,0,75.08966,-5.5088577,-0.0924,-0.0033,2.667,318.0,1.6846321419478025,-0.24709871123196603,0.04310000000000001,0.0002999999999999999,141.0,0.0891,0.2911655252591463,45.9327357750456,0.9744255809847573,0.8685436868027626,0.10588189418199467,76.41489124999995
2020-10-29,0,1,1,0,0,0,0,0,77.37993,3.0500412,-0.1986,-0.0015,2.017,415.0,0.9182658650657384,-0.9175634418692991,-0.1062,0.0018,97.0,0.1971,-0.670464730637333,51.90905897855983,0.8844293133842598,0.871720812119062,0.012708501265197736,76.58631224999996
2020-10-30,0,0,1,0,1,0,0,0,80.32378,3.8044095,0.137,0.0364,1.713,328.0,0.5515073113224694,1.2406341371906375,0.3356,0.0379,-87.0,-0.10060000000000001,2.1581975790599364,58.29087699775507,1.0386774876187985,0.9051121472190093,0.13356534039978918,76.98519549999995
2020-11-02,0,0,1,0,0,0,0,0,80.73182,0.50799847,-0.046,-0.0018,0.158,99.0,-1.2078358874044341,0.06641263188397073,-0.183,-0.038200000000000005,-229.0,0.044199999999999996,-1.174221505306667,59.1010267270768,1.1802406157214307,0.9601378409194936,0.22010277480193707,77.33681099999995
2020-11-03,0,1,0,0,0,0,0,0,81.792465,1.3138056,-0.0063,-0.0017,0.051,187.0,-1.290425929903768,0.3227005651578011,0.0397,0.00010000000000000005,88.0,0.0046,0.25628793327383037,61.210160882882846,1.362311720465982,1.0405726168287912,0.3217391036371908,77.82050974999996
2020-11-04,0,0,0,0,0,0,0,0,86.772095,6.0881257,-0.0041,-0.001,0.121,183.0,-1.1812341332804426,0.33597542138577685,0.0021999999999999997,0.0006999999999999999,-4.0,0.0031000000000000003,0.013274856227975751,69.23242236304972,1.886670543608119,1.2097922021846568,0.6768783414234623,78.53301149999996
2020-11-05,0,0,0,0,0,0,0,0,87.59964,0.95368624,-0.0116,0.0021,0.015,135.0,-1.270545745332619,0.2882545322137462,-0.007499999999999999,0.0031,-48.0,0.013699999999999999,-0.047720889172030656,70.33058593277354,2.342007450131348,1.436235251773995,0.905772198357353,79.22652729999996
2020-11-06,0,0,0,0,0,0,0,0,87.46197,-0.15715957,-0.0198,-0.0011,0.0,118.0,-1.242334319183888,0.22836287231376765,-0.008200000000000002,-0.0031999999999999997,-17.0,0.0187,-0.05989165989997855,69.88371501888804,2.6610811239016243,1.6812044261995207,0.9798766977021036,79.84601249999996
2020-11-09,0,0,0,0,0,0,0,0,87.545975,0.096046925,-0.0026,-0.0011,0.024,92.0,-1.1816524632995555,0.33951086283524096,0.0172,0.0,-26.0,0.0014999999999999998,0.11114799052147331,70.00893689901376,2.8874431631928417,1.922452173598185,0.9649909895946567,80.33515524999996
2020-11-10,0,1,1,0,0,0,0,0,86.36803,-1.3455093,-0.2016,-0.0036,0.503,163.0,-0.6686540198263623,-0.9198476439211187,-0.199,-0.0024999999999999996,71.0,0.198,-1.2593585067563597,65.87284837504383,2.937919881575496,2.125545715193647,0.8123741663818489,80.75923724999996
2020-11-11,0,1,0,0,1,0,0,0,86.84068,0.547266,-0.0178,-0.0022,0.899,185.0,-0.25029707535032497,0.2586755313520641,0.1838,0.0013999999999999998,22.0,0.0156,1.1785231752731828,66.72239598910804,2.9816908731109066,2.296774746777099,0.6849161263338077,81.21597274999996
2020-11-12,0,0,0,0,0,0,0,0,86.62149,-0.2524078,-0.0271,-0.005,1.547,422.0,0.45232895050019456,0.20208562918573755,-0.0093,-0.0028,237.0,0.022099999999999998,-0.05658990216632656,65.90306561090858,2.9645197596630197,2.430323749354283,0.5341960103087366,81.68155474999995
2020-11-13,0,0,1,0,0,0,0,0,88.084724,1.6892195,-0.0338,-0.0008,0.611,249.0,-0.5652687693558001,0.16279098647376788,-0.006699999999999998,0.0042,-173.0,0.032999999999999995,-0.03929464271196967,68.66898558833996,3.03400812650969,2.5510606247853644,0.48294750172432543,82.18990544999996
2020-11-16,0,0,0,0,0,0,0,0,88.1727,0.09987354,-0.0114,-0.0015,0.385,94.0,-0.8130048645906092,0.3069453823163263,0.022399999999999996,-0.0007,-155.0,0.0099,0.1441543958425584,68.83268937228986,3.0608930164720647,2.6530271031227044,0.4078659133493603,82.79646794999996
2020-11-17,0,0,0,0,0,0,0,0,87.55789,-0.69728494,-0.0021,0.0008,0.885,183.0,-0.27575488749342025,0.3658469726935261,0.009300000000000001,0.0023,89.0,0.0029,0.05890159037719983,66.22839607496465,2.9980300326366347,2.7220276890254906,0.27600234361114406,83.31977894999997
2020-11-18,0,0,0,0,0,0,0,0,86.51315,-1.1931896,-0.0035,-0.0007,1.415,271.0,0.28381408353991816,0.35621571866451757,-0.0014000000000000002,-0.0015,88.0,0.0028,-0.009631254029008551,61.93978343769474,2.8312717400859526,2.743876499237583,0.08739524084836958,83.70409894999997
2020-11-19,0,0,0,0,0,0,0,0,87.404305,1.0300756,-0.0075,-0.0008,1.288,309.0,0.12837342845179445,0.3279663929214398,-0.004,-0.00010000000000000005,38.0,0.006699999999999999,-0.028249325743077758,64.07665798122595,2.7394447389127947,2.7429901471726255,-0.00354540825983074,84.08160969999997
2020-11-20,0,0,0,0,0,0,0,0,86.30142,-1.2618184,-0.0011,-0.0009,0.437,342.0,-0.8200535555850815,0.3682479252744757,0.0063999999999999994,-9.999999999999994e-05,33.0,0.0002000000000000001,0.04028153235303589,59.61568135707134,2.548302333561594,2.704052584450419,-0.1557502508888251,84.33856869999997
2020-11-23,0,0,0,0,0,0,0,0,85.86306,-0.5079448,-0.0089,-0.0005,1.651,163.0,0.5008928586762065,0.3192397775774858,-0.0078,0.00039999999999999996,-179.0,0.0084,-0.04900814769698991,57.89054624620744,2.334537516450979,2.630149570850531,-0.2956120543995522,84.69460919999996
2020-11-24,0,0,0,0,0,0,0,0,87.66922,2.1035433,-0.0218,-0.0023,0.806,301.0,-0.4354319013351058,0.2389533442081548,-0.0129,-0.0018,138.0,0.0195,-0.08028643336933097,62.682231210036086,2.284534682344926,2.56102659314941,-0.2764919108044839,85.10470019999995
2020-11-25,0,0,0,0,0,0,0,0,87.68066,0.013041496,-0.0037,-0.0013,0.569,255.0,-0.69862855825565,0.35549470742451655,0.018099999999999998,0.001,-46.0,0.0024000000000000002,0.11654136321636174,62.71117409685031,2.22023668203569,2.4928686109266662,-0.2726319288909762,85.73425019999995
2020-11-26,0,0,0,0,0,0,0,0,87.68066,0.0,-0.0007,-0.0015,0.026,150.0,-1.2717367193553912,0.374794234092102,0.003,-0.0002000000000000001,-105.0,-0.0008,0.019299526667585443,62.71117409685032,2.144558913337164,2.423206671408766,-0.2786477580716018,86.24928669999994
2020-11-27,0,0,0,0,0,0,0,0,88.81833,1.2975216,0.0075,-0.0008,0.468,132.0,-0.7834643336418351,0.4008970928546772,0.008199999999999999,0.0007,-18.0,-0.0083,0.026102858762575176,65.77283283252096,2.151582098392879,2.3688817568055884,-0.21729965841270937,86.67401419999996
2020-11-30,0,0,0,0,0,0,0,0,87.197044,-1.8253922,-0.001,-0.001,0.549,90.0,-0.6976159394342402,0.34405879734608547,-0.0085,-0.00019999999999999998,-42.0,0.0,-0.05683829550859171,58.41228292498874,2.0032317835687934,2.2957517621582295,-0.2925199785894361,86.99727539999995
2020-12-01,0,0,0,0,0,0,0,0,89.23285,2.334702,-0.0205,-0.0014,0.997,217.0,-0.2068319651611521,0.21472195027963994,-0.0195,-0.00039999999999999996,127.0,0.019100000000000002,-0.12933684706644552,63.878544357966994,2.026574530831212,2.241916315892826,-0.21534178506161394,87.36929464999996
2020-12-02,0,0,0,0,0,0,0,0,90.704506,1.6492486,-0.0013,0.0018,0.785,222.0,-0.44091403967042064,0.341227762774346,0.019200000000000002,0.0031999999999999997,5.0,0.0031,0.12650581249470608,67.23156072690722,2.1391652014119416,2.221366092996649,-0.08220089158470767,87.56591519999996
2020-12-03,0,1,1,0,0,0,0,0,90.54896,-0.17150044,-0.1504,-0.0099,1.326,237.0,0.14536607761443077,-0.6256319785796435,-0.1491,-0.0117,15.0,0.1405,-0.9668597413539894,66.52862406131814,2.190591086323778,2.215211091662075,-0.024620005338297002,87.71338119999997
2020-12-04,0,1,0,0,1,0,0,0,90.64437,0.10539293,-0.014,-0.0051,0.854,302.0,-0.38285677361326875,0.27463825476909515,0.1364,0.0048000000000000004,65.0,0.0089,0.9002702333487387,66.75821097217592,2.213529074943324,2.2148746883183246,-0.0013456133750007204,87.87250119999996
2020-12-07,0,0,1,0,0,0,0,0,90.30989,-0.36901832,-0.0851,-0.0013,1.563,107.0,0.3955276012125158,-0.18537336074175076,-0.0711,0.0038000000000000004,-195.0,0.0838,-0.4600116155108459,65.07307166746412,2.179592865742748,2.207818323803209,-0.02822545806046106,88.01069694999997
2020-12-08,0,1,0,0,1,0,0,1,90.02658,-0.3137052,-0.0032,-0.0015,2.23,329.0,1.0980080554429155,0.3549565412531415,0.0819,-0.0002000000000000001,222.0,0.0017000000000000001,0.5403299019948923,63.608460187113714,2.1055657745942398,2.187367813961415,-0.08180203936717545,88.19362444999996
2020-12-09,0,0,0,0,0,0,0,0,88.36305,-1.8478155,-0.0024,-0.0006,3.21,444.0,2.0573321327542136,0.3572682009190942,0.0008000000000000004,0.0009000000000000001,115.0,0.0018,0.0023116596659527033,55.68343643321916,1.8908690419326604,2.1280680595556642,-0.23719901762300388,88.26974294999995
2020-12-10,0,0,0,0,0,0,0,0,87.8556,-0.5742848,-0.0045,-0.0073,2.798,589.0,1.5552490894435018,0.3437712601509101,-0.0021,-0.0067,145.0,-0.0028000000000000004,-0.01349694076818414,53.493972269124555,1.6606306440703662,2.0345805764586045,-0.37394993238823826,88.33144844999995
2020-12-11,0,0,0,0,0,0,0,0,88.210976,0.40450096,-0.0056,-0.0056,0.933,359.0,-0.3929565287531582,0.334027198339175,-0.0011000000000000003,0.0017000000000000001,-230.0,0.0,-0.009744061811735094,54.83336838949189,1.4896689517956787,1.9255982515260193,-0.43592929973034056,88.33776104999995
2020-12-14,0,1,1,0,0,0,0,0,87.090675,-1.2700081,-0.0007,-0.2936,3.088,499.0,1.779529852954412,0.36300816311805906,0.0049,-0.28800000000000003,140.0,-0.29290000000000005,0.028980964778884066,49.949517457362276,1.24937958090473,1.7903545174017614,-0.5409749364970315,88.28365979999995
2020-12-15,0,1,1,0,0,0,0,0,87.52906,0.5033612,-0.0028,-0.0441,2.834,647.0,1.460898537289846,0.3449406562297053,-0.0021,0.24950000000000003,148.0,-0.0413,-0.018067506888353735,51.76014496460917,1.0818516170340047,1.64865393732821,-0.5668023202942054,88.28221829999995
2020-12-16,0,0,0,0,0,0,0,0,87.33572,-0.22090077,-0.0443,-0.0209,2.782,315.0,1.3656724801065694,0.073675021827515,-0.0415,0.023200000000000002,-332.0,0.0234,-0.2712656344021903,50.88582899479005,0.9228455870266288,1.5034922672678939,-0.5806466802412651,88.32334679999995
2020-12-17,0,1,1,0,0,0,0,0,86.50669,-0.9492338,-0.5496,-0.038,3.764,353.0,2.2452279151998815,-2.9455446473110305,-0.5053,-0.0171,38.0,0.5115999999999999,-3.0192196691385456,47.20383224295532,0.7216180069692655,1.3471174152081682,-0.6254994082389027,88.27846604999995
2020-12-18,0,1,1,0,0,0,0,0,85.79644,-0.82103014,-0.6708,-0.0837,1.731,384.0,0.29929641327146833,-3.2700961309751158,-0.12119999999999997,-0.0457,31.0,0.5871,-0.32455148366408526,44.24974703251076,0.4990793843377759,1.1775098090340896,-0.6784304246963138,88.25321704999996
2020-12-21,0,0,1,0,0,0,0,0,86.21096,0.48314333,-0.0883,-0.0043,0.345,83.0,-1.0061272294812478,-0.07301374873590752,0.5824999999999999,0.0794,-301.0,0.084,3.1970823822392083,46.359621068378104,0.3521053707736428,1.0124289213820004,-0.6603235506083576,88.27061204999995
2020-12-22,0,0,1,0,0,0,0,0,85.49823,-0.82672834,-0.0976,-0.0073,1.374,241.0,0.004878334358825287,-0.11681849411877693,-0.009300000000000003,-0.003,158.0,0.0903,-0.04380474538286941,43.32364131995059,0.17608623911200993,0.8451603849280023,-0.6690741458159923,88.16206254999994
2020-12-23,0,0,1,0,0,0,0,0,85.89635,0.46563148,-0.3111,-0.0065,0.26,161.0,-1.0692020988646735,-1.2464084171076513,-0.21349999999999997,0.0008000000000000004,-80.0,0.3046,-1.1295899229888744,45.47174020686822,0.06793169163795199,0.6897146462699922,-0.6217829546320403,88.07284704999995
2020-12-24,0,0,1,0,1,0,0,0,86.19108,0.34313202,-0.0469,-0.0023,0.017,91.0,-1.2935925217102544,0.18781875669914372,0.2642,0.0042,-70.0,0.0446,1.434227173806795,47.071078753977844,0.0059322975584166215,0.5529581765276771,-0.5470258789692605,87.99836804999995
2020-12-25,0,0,1,0,0,0,0,0,86.19108,0.0,-0.0786,-0.002,0.0,67.0,-1.2738905299502983,0.022315696070199453,-0.031700000000000006,0.0002999999999999999,-24.0,0.0766,-0.16550306062894427,47.07107875397784,-0.0427103308236525,0.4338244750574112,-0.47653480588106367,87.86700554999996
2020-12-28,0,0,0,0,0,0,0,0,88.16921,2.295053,-0.0024,-0.0026,0.006,51.0,-1.2286729741200852,0.4360031181926827,0.0762,-0.0005999999999999998,-16.0,-0.0002000000000000001,0.4136874221224833,56.90903411774487,0.07746561937071306,0.36255270392007155,-0.2850870845493585,87.91561384999996
2020-12-29,0,1,1,0,0,0,0,0,87.364044,-0.9132087,-0.0343,-0.0017,0.0,82.0,-1.1929630986995963,0.26571754029660993,-0.0319,0.0009,31.0,0.0326,-0.1702855778960728,52.62165772782801,0.10650800064126997,0.31134376326431124,-0.20483576262304126,87.82217354999995
2020-12-30,0,1,1,0,0,0,0,0,86.29496,-1.2237191,-0.0575,-0.0037,0.042,97.0,-1.117063732217779,0.13973662796632724,-0.023200000000000005,-0.002,15.0,0.0538,-0.1259809123302827,47.50420821300053,0.042765182541103286,0.25762804711966963,-0.21486286457856635,87.60169624999995
2020-12-31,0,0,0,0,0,0,0,0,87.10959,0.94400644,-0.0075,-0.0027,0.0,91.0,-1.1214120107125034,0.4086523752542199,0.05,0.001,-6.0,0.0048,0.26891574728789264,51.38394290231537,0.05732160502626016,0.21756675870098774,-0.16024515367472758,87.42972774999994
2021-01-01,0,0,0,0,0,0,0,0,87.10959,0.0,-0.0298,-0.0018,0.0,49.0,-1.0949920123827281,0.2901952709207947,-0.0223,0.0009000000000000002,-42.0,0.028,-0.11845710433342516,51.38394290231537,0.06807297187330619,0.18766800133545142,-0.11959502946214523,87.25298874999994
2021-01-04,0,1,0,0,0,0,0,0,85.79199,-1.5125751,-0.0062,-0.0008,1.417,71.0,0.33063187000888067,0.413763871934467,0.0236,0.001,22.0,0.005399999999999999,0.12356860101367229,45.12770394437959,-0.0293870452336904,0.14425699202162307,-0.17364403725531347,87.02709374999993
2021-01-05,0,1,0,0,0,0,0,0,86.483826,0.8064151,-0.0309,-0.0016,0.849,272.0,-0.24626214112664702,0.2817297522330387,-0.0247,-0.0008,201.0,0.0293,-0.1320341197014283,48.66219930305435,-0.05022051681058315,0.10536149025518182,-0.15558200706576497,86.84995604999993
2021-01-06,0,0,0,0,0,0,0,0,85.63044,-0.98674893,-0.0302,-0.0025,0.164,162.0,-0.9252410764996285,0.28744995437521004,0.0006999999999999992,-0.0009,-110.0,0.027700000000000002,0.005720202142171338,44.826568338096955,-0.13404709976329343,0.05747977225148677,-0.1915268720147802,86.71332554999994
2021-01-07,0,0,0,0,0,0,0,0,88.18811,2.9868603,-0.0268,-0.0008,0.201,114.0,-0.8678527509107142,0.3085031915083385,0.0034000000000000002,0.0017000000000000001,-48.0,0.026000000000000002,0.021053237133128455,56.01631746403459,0.00583506002890033,0.04715082980696948,-0.04131576977806915,86.72995104999993
2021-01-08,0,0,0,0,0,0,0,0,89.3556,1.3238668,-0.014,-0.0024,1.215,149.0,0.1486124137273174,0.3793117187533292,0.0128,-0.0015999999999999999,35.0,0.011600000000000001,0.0708085272449907,60.003830336564526,0.20849595376888885,0.07941985459935336,0.1290760991695355,86.78718224999993
2021-01-11,0,0,0,0,0,0,0,0,87.29099,-2.3105562,-0.0028,-0.0026,1.267,155.0,0.19015739036928614,0.4402720736629303,0.0112,-0.0002000000000000001,6.0,0.0002000000000000001,0.06096035490960111,51.16919487236583,0.20020160038832557,0.1035762037571478,0.09662539663117778,86.79719799999994
2021-01-12,0,0,0,0,0,0,0,0,86.35362,-1.0738492,-0.0172,-0.0058,0.898,216.0,-0.15128508928132092,0.3634665932794534,-0.0144,-0.0031999999999999997,61.0,0.0114,-0.0768054803834769,47.73293865147615,0.11664572123957839,0.10619010725363391,0.010455613985944481,86.73842599999993
2021-01-13,0,0,1,0,0,0,0,0,86.84168,0.5651951,-0.0357,-0.0049,1.76,217.0,0.7684928605900465,0.22857457659233796,-0.018500000000000003,0.0008999999999999998,1.0,0.0308,-0.13489201668711545,49.629639605361916,0.08878597864452331,0.10270928153181179,-0.013923302887288477,86.71372399999993
2021-01-14,0,1,0,0,0,0,0,0,86.03007,-0.93460083,-0.0021,-0.0018,1.512,340.0,0.513180203210507,0.4546607509738702,0.033600000000000005,0.0031,123.0,0.0002999999999999999,0.22608617438153225,46.60114879874312,0.0012029212991819804,0.08240800948528583,-0.08120508818610385,86.68989299999994
2021-01-15,0,0,1,0,0,0,0,0,85.866035,-0.19065738,-0.0971,0.0025,0.707,263.0,-0.3350588326475989,-0.3244147761182746,-0.095,0.0043,-77.0,0.09960000000000001,-0.7790755270921448,45.99031183557042,-0.08051540478390962,0.04982332663144674,-0.13033873141535635,86.69337274999994
2021-01-18,0,0,1,0,0,0,0,0,85.866035,0.0,-0.0685,-0.0013,0.292,72.0,-0.7598329744876893,-0.10332251235000632,0.0286,-0.0038,-191.0,0.06720000000000001,0.22109226376826824,45.99031183557041,-0.1436221798657158,0.011134225332014233,-0.15475640519773004,86.67612649999994
2021-01-19,0,1,1,0,1,0,0,0,88.69158,3.2906532,-0.0392,-0.0017,0.841,129.0,-0.18186183686665344,0.12455566581133472,0.029300000000000007,-0.00039999999999999996,57.0,0.0375,0.22787817816134104,57.19824096683395,0.033971511222503636,0.015701682510112114,0.018269828712391523,86.83579399999994
2021-01-20,0,1,0,0,0,0,0,0,93.44309,5.357337,-0.003,-0.0018,1.335,258.0,0.3686155179212281,0.41036836031024887,0.036199999999999996,-0.00010000000000000005,129.0,0.0012000000000000001,0.28581269449891417,68.88976449163209,0.5517625625169984,0.12291385851148937,0.428848704005509,87.21313099999995
2021-01-21,0,0,1,0,0,0,0,0,93.64589,0.21702051,-0.0456,0.0031,1.676,255.0,0.7457463130412791,0.0389785950990893,-0.0426,0.0049,-3.0,0.0487,-0.3713897652111596,69.27552252788918,0.9673291974341396,0.2917969262960194,0.6755322711381202,87.58587149999994
2021-01-22,0,1,0,0,0,0,0,0,94.06386,0.44634342,-0.0013,-0.006,2.443,541.0,1.5382520576555727,0.4362636948896416,0.0443,-0.0091,286.0,-0.0047,0.3972850997905523,70.09846045225466,1.3152342339369198,0.49648438782419946,0.8187498461127204,87.97951049999993
2021-01-25,0,0,0,0,0,0,0,0,94.14935,0.09088516,-0.003,-0.0009,1.727,170.0,0.7493752312359544,0.4150967199291666,-0.0017000000000000001,0.0051,-371.0,0.0021000000000000003,-0.021166974960475038,70.27383892639085,1.5796406957674662,0.7131156494128528,0.8665250463546135,88.27851749999994
2021-01-26,0,0,0,0,0,0,0,0,94.82878,0.72164536,-0.0054,0.0011,1.522,296.0,0.5080395853504883,0.394560478926544,-0.0024000000000000002,0.002,126.0,0.006500000000000001,-0.02053624100262258,71.69474040233995,1.8229946963951846,0.9350914588093191,0.8879032375858655,88.65175429999994
2021-01-27,0,0,0,0,0,0,0,0,90.40481,-4.66522,-0.0018,-0.0025,1.16,345.0,0.10114164302951953,0.4247581337726106,0.0036000000000000003,-0.0036,49.0,-0.0007000000000000001,0.030197654846066624,53.696710857489705,1.6399725066146686,1.076067668370389,0.5639048382442797,88.85724679999994
2021-01-28,0,0,0,0,0,0,0,0,92.1076,1.8835068,-0.0021,-0.0013,0.783,300.0,-0.32486426567815885,0.4206459270015557,-0.0002999999999999999,0.0012000000000000001,-45.0,0.0007999999999999999,-0.004112206771054949,58.06077992062447,1.6137250074235112,1.1835991361810134,0.4301258712424978,89.10714729999994
2021-01-29,0,0,0,0,0,0,0,0,90.8233,-1.3943374,-0.0056,-0.0061,0.602,251.0,-0.5393617749582966,0.38866246416426803,-0.0035,-0.0048000000000000004,-49.0,-0.0005000000000000004,-0.031983462837287646,53.9320473372374,1.472319416804524,1.2413431923057154,0.2309762244988085,89.29283279999994
2021-02-01,0,0,0,0,0,0,0,0,94.08922,3.5958886,-0.0047,-0.0013,2.695,183.0,1.7035927088735192,0.39664319195641207,0.0008999999999999998,0.0048000000000000004,-68.0,0.0034000000000000002,0.007980727792144038,61.44105829592993,1.6052822228232202,1.3141309984092164,0.29115122441400376,89.70769429999994
2021-02-02,0,1,1,0,0,0,0,0,95.38396,1.3760805,-0.0497,-0.0104,3.556,440.0,2.459234778088417,-0.006741269150422008,-0.045,-0.0091,257.0,0.0393,-0.40338446110683407,63.94978521156802,1.7944456495008438,1.410193928627542,0.38425172087330184,90.15270099999995
2021-02-03,1,0,1,0,1,0,0,1,102.33029,7.2824955,0.2189,0.0693,3.39,366.0,2.1540326047677962,2.17742732811264,0.2686,0.0797,-74.0,-0.1496,2.184168597263062,73.79903414818526,2.476324281234028,1.6234199991488392,0.8529042820851889,90.98769349999996
2021-02-04,1,0,1,0,0,0,0,0,102.06934,-0.25498867,0.0962,0.0247,2.044,319.0,0.8019227133151191,1.1353569618974024,-0.12270000000000002,-0.0446,-47.0,-0.0715,-1.0420703662152375,72.9922477488599,2.961522932520893,1.89104058582325,1.070482346697643,91.68175499999997
2021-02-05,0,1,0,0,0,0,0,0,103.81887,1.7140508,-0.0064,0.0015,1.294,400.0,0.047589287046012174,0.29408695313951383,-0.1026,-0.0232,81.0,0.0079,-0.8412700087578886,74.96808319863962,3.4474784236143563,2.202328153381471,1.2451502702328852,92.40491849999997
2021-02-08,0,0,0,0,0,0,0,0,103.604645,-0.2063334,0.003,0.0018,0.803,122.0,-0.4495605256948478,0.36856311459160335,0.0094,0.0002999999999999999,-278.0,-0.0012000000000000001,0.07447616145208952,74.25177060395546,3.77183610554097,2.516229743813371,1.2556063617275992,93.22060124999996
2021-02-09,0,0,0,0,0,0,0,0,103.150856,-0.43800473,-0.0025,0.001,0.742,208.0,-0.5075691790661805,0.32379582640556126,-0.0055,-0.0007999999999999999,86.0,0.0035,-0.04476728818604209,72.66783722411664,3.946778914964497,2.802339578043596,1.1444393369209012,94.06046304999995
2021-02-10,0,0,0,0,0,0,0,0,103.702065,0.53436756,-0.001,0.0012,0.617,221.0,-0.6171250571711583,0.3356443568393235,0.0015,0.00019999999999999987,13.0,0.0021999999999999997,0.011848530433762217,73.40982759503538,4.082835920467659,3.0584388465284085,1.0243970739392503,94.90348229999995
2021-02-11,0,0,0,0,0,0,0,0,103.81488,0.10880232,-0.0027,0.001,0.515,156.0,-0.7027737540251016,0.3210736727422602,-0.0017000000000000001,-0.00019999999999999987,-65.0,0.0037,-0.014570684097063302,73.56798508816156,4.151904731953408,3.2771320236134085,0.8747727083399996,95.79272279999995
2021-02-12,0,0,0,0,0,0,0,0,104.127014,0.30065775,-0.0024,-0.0013,1.218,253.0,-0.019466031617008214,0.3237137423995075,0.00030000000000000035,-0.0023,97.0,0.0010999999999999998,0.0026400696572473348,74.0282717425519,4.183602897853035,3.458426198461334,0.7251766993917013,96.70577174999994
2021-02-15,0,0,0,0,0,0,0,0,104.127014,0.0,-0.0095,-0.0018,1.785,177.0,0.5422899385898423,0.26594661294604727,-0.0071,-0.0005,-76.0,0.0077,-0.05776712945346024,74.0282717425519,4.160761256915677,3.5988932101522026,0.5618680467634745,97.61882069999993
2021-02-16,0,1,1,0,0,0,0,0,104.905846,0.74795485,-0.0537,-0.0046,0.944,199.0,-0.29673458497847366,-0.08990883123006205,-0.044199999999999996,-0.0028,22.0,0.0491,-0.3558554441761093,75.27427512408936,4.15757835011955,3.710630238145672,0.44694811197387807,98.42953399999995
2021-02-17,0,0,0,0,1,0,0,0,105.299484,0.375247,-0.0104,0.002,1.905,196.0,0.6379834296700759,0.2639702367743809,0.0433,0.0066,-3.0,0.0124,0.35387906800444296,75.90350616465494,4.139106131403281,3.796325416797194,0.34278071460608706,99.02235369999994
2021-02-18,0,0,0,0,0,0,0,0,104.6628,-0.60464144,-0.0002,-0.0014,2.097,556.0,0.8009720060719089,0.3470470985226434,0.010199999999999999,-0.0034000000000000002,360.0,-0.0012,0.08307686174826251,72.68171152489576,4.026674687891642,3.8423952710160836,0.1842794168755586,99.57319919999995
2021-02-19,0,0,0,0,0,0,0,0,103.81788,-0.80729127,-0.0013,-0.0009,1.098,404.0,-0.2133172454301451,0.3394300766145737,-0.0010999999999999998,0.0005,-152.0,0.00039999999999999996,-0.007617021908069732,68.52489610383964,3.825298318326773,3.8389758804782215,-0.013677562151448441,100.06090019999995
2021-02-22,0,0,0,0,0,0,0,0,102.10068,-1.6540527,-0.0018,-0.0011,0.677,140.0,-0.6413445865681957,0.3354734936093583,-0.0005,-0.0002000000000000001,-264.0,0.0006999999999999999,-0.003956583005215397,60.90142088379511,3.4869470507950098,3.7685701145415793,-0.28162306374656954,100.45846669999995
2021-02-23,0,0,0,0,0,0,0,0,102.39193,0.2852559,-0.0014,-0.0019,1.238,283.0,-0.07841703993244975,0.3359094548793845,0.00039999999999999996,-0.0007999999999999999,143.0,-0.0005,0.0004359612700262083,61.68010032440758,3.205353356281009,3.6559267628894654,-0.4505734066084566,100.83662419999995
2021-02-24,0,0,0,0,0,0,0,0,103.56937,1.1499405,-0.0134,-0.0014,1.395,312.0,0.0702935123416219,0.23986268049106563,-0.012,0.0005,29.0,0.012,-0.09604677438831888,64.73760463923819,3.0421301100802225,3.533167432327617,-0.4910373222473945,101.49485219999994
2021-02-25,0,0,0,0,0,0,0,0,100.19659,-3.2565415,-0.0014,-0.0006,1.602,345.0,0.2753657116960778,0.3193116859328413,0.012,0.0008,33.0,0.0008,0.07944900544177569,51.950638466961905,2.6105268247653015,3.348639310815154,-0.7381124860498525,101.89930169999994
2021-02-26,0,0,0,0,0,0,0,0,100.49282,0.29565096,-0.0127,-0.0007,0.117,267.0,-1.2042412604406363,0.22644402308448658,-0.0113,-0.00010000000000000005,-78.0,0.012,-0.09286766284835474,52.831860494731266,2.2662573923987424,3.132162927131872,-0.8659055347331295,102.38277769999993
2021-03-01,0,0,0,0,0,0,0,0,102.86607,2.3616076,-0.0006,-0.0015,0.213,99.0,-1.0751139096818265,0.3142301855792597,0.0121,-0.0008,-168.0,-0.0009000000000000001,0.08778616249477311,59.275773926014296,2.1600234223976003,2.9377350261850177,-0.7777116037874174,102.82162019999994
2021-03-02,0,0,0,0,0,0,0,0,102.60862,-0.2502799,-0.0003,-0.0014,0.631,255.0,-0.6360248147750605,0.3162560375381891,0.0003,0.00010000000000000005,156.0,-0.0011,0.0020258519589294033,58.344589656546994,2.0316387060446033,2.7565157621569347,-0.7248770561123314,103.18285319999993
2021-03-03,0,0,0,0,0,0,0,0,99.97094,-2.5706172,-0.0008,-0.0016,1.646,188.0,0.4150916985522816,0.31191455336358853,-0.0005,-0.0002000000000000001,-67.0,-0.0008,-0.004341484174600563,49.72566826594612,1.697486592593748,2.5447099282442975,-0.8472233356505496,103.06488569999992
2021-03-04,0,0,0,0,0,0,0,0,101.09022,1.1196136,-0.0005,-0.0027,1.251,463.0,0.03580073724956351,0.313776533606475,0.00030000000000000003,-0.0011,275.0,-0.0022,0.001861980242886474,52.90494930046009,1.5056292206012643,2.3368937867156907,-0.8312645661144265,103.01592969999993
2021-03-05,0,0,0,0,0,0,0,0,104.22841,3.104341,-0.0029,-0.0017,0.297,191.0,-0.9508076490865999,0.2936935134605593,-0.0024,0.0010000000000000002,-272.0,0.0012,-0.02008302014591573,60.45572259086376,1.5884953910276494,2.1872141075780824,-0.5987187165504331,103.03640669999993
2021-03-08,0,0,0,0,0,0,0,0,99.7766,-4.271203,-0.0012,0.0005,0.482,152.0,-0.7335527602555583,0.30770897133871905,0.0017,0.0021999999999999997,-39.0,0.0017,0.014015457878159776,48.56118621450831,1.2801863747972817,2.0058085610219223,-0.7256221862246406,102.84500444999995
2021-03-09,0,0,0,0,0,0,0,0,101.409805,1.6368628,-0.0105,-0.0016,0.563,237.0,-0.6211020063506701,0.23256259735537746,-0.009300000000000001,-0.0021000000000000003,85.0,0.0089,-0.07514637398334159,52.271230580900784,1.1543288677815013,1.835512622373838,-0.6811837545923367,102.75795189999994
2021-03-10,0,0,0,0,0,0,0,0,101.20255,-0.2043724,-0.017,-0.002,0.847,218.0,-0.27968214363259897,0.17546867709618105,-0.006500000000000001,-0.00039999999999999996,-19.0,0.015000000000000001,-0.05709392025919641,51.761031025452965,1.0260346515408685,1.6736170282072442,-0.6475823766663757,102.63297614999995
2021-03-11,0,0,0,0,0,0,0,0,104.40087,3.1603098,-0.013,-0.0011,0.555,178.0,-0.5990239597807199,0.16157392929974324,0.004000000000000002,0.0009,-40.0,0.011899999999999999,-0.013894747796437817,58.493775907704325,1.1689631755512977,1.572686257676055,-0.40372308212475727,102.66227564999994
2021-03-12,0,0,0,0,0,0,0,0,101.88895,-2.4060488,-0.0004,0.0006,0.853,257.0,-0.2136664197863151,0.31194144447841016,0.0126,0.0017000000000000001,79.0,0.001,0.15036751517866692,52.317716115916035,1.067241612590223,1.4715973286588886,-0.4043557160686655,102.55037244999994
2021-03-15,0,0,1,0,0,0,0,0,102.10961,0.21659136,-0.115,-0.0046,0.725,87.0,-0.3826693122205121,-1.6607383905626443,-0.11460000000000001,-0.0052,-170.0,0.1104,-1.9726798350410544,52.78928474749359,0.9929854408960352,1.375874951106318,-0.3828895102102827,102.44950224999995
2021-03-16,0,1,0,0,1,0,0,1,103.57333,1.4334798,-0.0173,-0.0049,1.951,187.0,1.1273221516160605,0.0015194327964030965,0.09770000000000001,-0.0002999999999999999,100.0,0.0124,1.6622578233590473,55.90458808107704,1.0402554438034883,1.308751049645752,-0.2684956058422636,102.38287644999994
2021-03-17,0,1,1,0,0,0,0,0,103.49034,-0.080132484,-0.0475,-0.011,1.349,403.0,0.36184499842273815,-0.8162811928282256,-0.0302,-0.0060999999999999995,216.0,0.036500000000000005,-0.8178006256246287,55.680244661396685,1.058815298573677,1.258763899431337,-0.19994860085766009,102.29241924999995
2021-03-18,0,0,1,0,0,0,0,0,100.46449,-2.9237926,-0.0346,-0.0025,1.772,263.0,0.8600398212740642,-0.5176565761361003,0.012900000000000002,0.008499999999999999,-140.0,0.0321,0.29862461669212537,48.100994327023095,0.8199118765437845,1.1709934948538265,-0.35108161831004203,102.08250374999996
2021-03-19,0,0,1,0,0,0,0,0,100.74381,0.2780199,-0.0362,0.0018,0.163,269.0,-1.1719501947905477,-0.5831123129149679,-0.0016000000000000042,0.0043,6.0,0.038000000000000006,-0.06545573677886762,48.79391892399958,0.6456750430269835,1.065929804488458,-0.42025476146147445,101.92880024999995
2021-03-22,0,0,0,0,1,0,0,0,100.9292,0.18402338,-0.011,-0.0017,0.817,116.0,-0.36852583034864894,0.029630766954895183,0.025200000000000004,-0.0034999999999999996,-153.0,0.0093,0.6127430798698631,49.27797147029378,0.5165955290975717,0.9560629494102807,-0.439467420312709,101.87022624999994
2021-03-23,0,0,0,0,0,0,0,0,101.45802,0.5239606,-0.0026,-0.004,1.506,263.0,0.4905270307696349,0.22048386652962362,0.0084,-0.0023,147.0,-0.0014000000000000002,0.19085309957472843,50.7093092182167,0.45176279847939327,0.8552029192241032,-0.4034401207447099,101.82353074999995
2021-03-24,0,0,0,0,0,0,0,0,101.020645,-0.43108463,0.0,-0.0021,1.031,194.0,-0.1523211937231328,0.26292702965132353,0.0026,0.0019000000000000002,-69.0,-0.0021,0.042443163121699906,49.465989060035625,0.3609293166733636,0.7563481987139553,-0.3954188820405917,101.69609449999996
2021-03-25,0,0,0,0,0,0,0,0,101.017166,-0.0034451485,-0.0006,-0.0008,1.74,272.0,0.760545768004455,0.24530630834098507,-0.0006,0.0013,78.0,-0.0002000000000000001,-0.017620721310338455,49.45560192137488,0.2853728016780508,0.6621531193067745,-0.37678031762872366,101.73712329999996
2021-03-26,0,0,0,0,0,0,0,0,100.63297,-0.38032532,-0.0001,-0.0013,0.811,365.0,-0.5180993418896659,0.24576785920970426,0.0004999999999999999,-0.0004999999999999999,93.0,-0.0012,0.00046155086871918494,48.25063436656111,0.19227587623525721,0.568177670692471,-0.37590179445721383,101.74413079999997
2021-03-29,0,0,0,0,0,0,0,0,101.679695,1.0401368,-0.0001,-0.0012,0.416,97.0,-1.0287782086351018,0.243171694448491,0.0,0.00010000000000000005,-268.0,-0.0010999999999999998,-0.002596164761213271,51.70320531193975,0.20064494175744585,0.494671124905466,-0.29402618314802015,101.68481204999998
2021-03-30,0,0,0,0,0,0,0,0,101.713486,0.03323555,0.0005,0.0015,1.637,239.0,0.6144690075696378,0.2454762482730306,0.0006000000000000001,0.0027,142.0,0.001,0.002304553824539618,51.81496954688247,0.20761092822915828,0.43725908557020443,-0.22964815734104616,101.64005534999998
2021-03-31,0,0,0,0,0,0,0,0,102.51121,0.7842779,0.0001,0.0014,2.398,424.0,1.5895431320501487,0.22366954772138145,-0.0004,-0.00010000000000000005,185.0,0.0013,-0.021806700551649155,54.49232181335052,0.2743387759978475,0.40467502365573305,-0.13033624765788554,101.76706884999999
2021-04-01,0,0,0,0,0,0,0,0,105.85416,3.2610655,-0.0002,0.0014,0.895,334.0,-0.46466855101787086,0.20566060742811376,-0.00030000000000000003,0.0,-90.0,0.0016,-0.01800894029326769,63.61592893942446,0.5901661350644929,0.441773245937485,0.14839288912700788,102.00526584999999
2021-04-02,0,0,0,0,0,0,0,0,105.85416,0.0,0.0008,0.001,0.246,147.0,-1.3129839778660597,0.2241417213939697,0.001,-0.00039999999999999996,-187.0,0.00019999999999999998,0.018481113965855944,63.61592893942447,0.8308836826515886,0.5195953332803057,0.3112883493712829,102.08655335
2021-04-05,0,0,0,0,0,0,0,0,110.286575,4.187274,0.0,0.0012,2.165,76.0,1.243375838312615,0.20326637362851033,-0.0008,0.00019999999999999987,-71.0,0.0012,-0.02087534776545938,72.18963345912141,1.3635942548904723,0.6883951176023391,0.6751991372881332,102.6120521
2021-04-06,0,0,0,0,0,0,0,0,109.80447,-0.4371345,-0.002,0.0029,2.154,465.0,1.1881363922129848,0.14786014723815175,-0.002,0.0017,389.0,0.0049,-0.05540622639035858,70.25056585480465,1.7269620336543738,0.8961085008127461,0.8308535328416278,103.03178534999999
2021-04-07,0,0,0,0,0,0,0,0,111.284096,1.347506,-0.0005,-0.0011,1.366,328.0,0.15774979304646145,0.17097929490162847,0.0015,-0.004,-137.0,-0.0006000000000000001,0.023119147663476725,72.67634833951826,2.110004253100115,1.13888765127022,0.9711166018298951,103.53586264999998
2021-04-08,0,0,0,0,0,0,0,0,111.85069,0.5091429,-0.0014,-0.0038,0.61,214.0,-0.8194889480235988,0.14845317823470663,-0.0009,-0.0027,-114.0,-0.0024000000000000002,-0.022526116666921836,73.56524868685955,2.431261305337088,1.3973623820835936,1.0338989232534945,103.90835365000001
2021-04-09,0,0,0,0,0,0,0,0,112.85666,0.8993864,-0.0012,-0.0012,0.563,140.0,-0.8760563949564085,0.1190458335633917,0.0002000000000000001,0.0026,-74.0,0.0,-0.029407344671314936,75.11327999260179,2.7355000635815827,1.6649899183831915,1.0705101451983912,104.45673915
2021-04-12,0,0,0,0,0,0,0,0,111.561935,-1.1472285,-0.005,-0.0027,1.771,112.0,0.6857848484721526,-0.006516225100681807,-0.0038000000000000004,-0.0015000000000000002,-28.0,0.0023,-0.1255620586640735,69.47423606228881,2.8394070671796214,1.8998733481424774,0.939533719037144,104.9293554
2021-04-13,0,0,0,0,1,0,0,0,112.04949,0.43703318,-0.0012,-0.0036,1.088,302.0,-0.2262883527682881,0.07769043068173886,0.0038000000000000004,-0.0008999999999999998,190.0,-0.0024000000000000002,0.08420665578242068,70.37614177080528,2.927351049289996,2.105368888371981,0.8219821609180147,105.35316340000001
2021-04-14,0,0,0,0,0,0,0,0,111.42723,-0.5553484,-0.0006,-0.0008,0.929,197.0,-0.42805022598824727,0.09258383368524561,0.0006,0.0028,-105.0,-0.0002000000000000001,0.01489340300350675,67.6297327371374,2.9132539292990884,2.2669458965574028,0.6463080327416857,105.75000790000001
2021-04-15,0,0,0,0,0,0,0,0,113.58132,1.9331813,-0.0323,-0.0038,1.642,178.0,0.5194689541574707,-0.7609367365241481,-0.0317,-0.003,-19.0,0.0285,-0.8535205702093936,71.74097923845298,3.040845941507939,2.42172590554751,0.619120035960429,106.40584940000001
2021-04-16,0,0,1,0,0,0,0,0,113.45706,-0.109398365,-0.0355,-0.0053,2.094,322.0,1.1397018692383856,-0.8264263200527321,-0.0031999999999999945,-0.0015,144.0,0.030199999999999998,-0.06548958352858403,71.17937087719568,3.0962451996030893,2.556629764358626,0.5396154352444631,107.04151190000002
2021-04-19,0,0,0,0,1,0,0,0,113.80547,0.30708313,-0.0016,0.0031,1.063,121.0,-0.23026975167265917,0.07460312610938218,0.0339,0.0084,-201.0,0.0047,0.9010294461621142,71.84490032935213,3.132157721477043,2.6717353557823094,0.4604223656947335,107.68532540000001
2021-04-20,0,0,0,0,0,0,0,0,113.27117,-0.46948195,-0.0116,0.0042,0.924,217.0,-0.40399928666086704,-0.18855670631691332,-0.009999999999999998,0.0010999999999999998,96.0,0.015799999999999998,-0.2631598324262955,69.20562637239911,3.0819779853785576,2.753783881701559,0.3281941036769984,108.2759829
2021-04-21,0,0,1,0,0,0,0,0,113.23837,-0.028955936,-0.1614,-0.0099,1.185,185.0,-0.05310262225377064,-3.6108689337654805,-0.1498,-0.014100000000000001,-32.0,0.1515,-3.4223122274485673,69.03795851319995,3.0049245968640292,2.804012024734053,0.20091257212997604,108.88686915000001
2021-04-22,0,1,0,0,0,0,0,0,111.95457,-1.1337161,-0.0299,-0.0025,0.858,264.0,-0.49560059940543083,-0.5201916929774413,0.13149999999999998,0.0074,79.0,0.0274,3.090677240788039,62.640976283847216,2.807899581966737,2.80478953618059,0.00311004578614682,109.43373935
2021-04-23,0,0,0,0,1,1,0,0,114.31094,2.1047473,-0.0044,-0.0019,0.303,173.0,-1.2282831844055662,0.07502284453784845,0.0255,0.0006000000000000001,-91.0,0.0025000000000000005,0.5952145375152897,68.42422667954526,2.8095089340333317,2.8057334157511384,0.0037755182821932465,110.11763784999998
2021-04-26,0,0,0,0,0,0,0,0,114.80796,0.43479204,-0.0111,-0.0021,1.383,155.0,0.2550650330163638,-0.07899285637661102,-0.0067,-0.00019999999999999987,-18.0,0.009000000000000001,-0.15401570091445949,69.4968237473395,2.818400945663484,2.8082669217336074,0.010134023929876612,110.7740511
2021-04-27,0,0,0,0,0,0,0,0,113.86611,-0.8203685,-0.0094,-0.0054,2.053,233.0,1.3271387814582836,-0.05543174787989732,0.0017000000000000001,-0.0033000000000000004,78.0,0.004,0.023561108496713702,64.99144444529858,2.7181157588134397,2.790236689149574,-0.07212093033613431,111.3816823
2021-04-28,1,1,1,0,1,0,0,1,117.24882,2.970779,0.3832,0.0785,3.199,317.0,3.1108656831745227,6.540087392286987,0.3926,0.0839,84.0,-0.30469999999999997,6.595519140166884,72.00986133975087,2.878414877277791,2.8078723267752173,0.07054255050257385,112.11856279999998
2021-04-29,0,0,1,0,0,0,0,0,118.92476,1.4293909,0.1343,0.0219,0.698,267.0,-0.69837614034073,2.279161929599921,-0.24889999999999998,-0.0566,-50.0,-0.1124,-4.260925462687066,74.71453176618621,3.104896125336438,2.8672770864874613,0.23761903884897695,112.77209279999997
2021-04-30,0,0,0,0,0,0,0,0,116.97347,-1.6407788,0.0071,0.0066,0.522,189.0,-0.9445297081792651,0.17420389063292574,-0.1272,-0.0153,-78.0,-0.0005000000000000004,-2.104958038966995,66.64041491097424,3.091296805435519,2.912081030277073,0.179215775158446,113.32805829999998
2021-05-03,0,0,0,0,0,0,0,0,116.45558,-0.4427433,0.0005,0.0014,0.306,109.0,-1.250108463597375,0.065898131008511,-0.0066,-0.0052,-80.0,0.0009,-0.10830575962441474,64.64369783156891,3.004100451605055,2.9304849145426695,0.07361553706238544,113.63650854999996
2021-05-04,0,0,0,0,0,0,0,0,114.653885,-1.5471101,0.0013,0.0035,0.539,209.0,-0.8867601374143507,0.07806086694445986,0.0007999999999999999,0.0021000000000000003,100.0,0.0022,0.012162735935948868,58.11947272116039,2.757824499725288,2.8959528315791934,-0.13812833185390527,113.87897929999997
2021-05-05,0,0,0,0,0,0,0,0,115.04852,0.34419298,-0.0025,-0.0017,1.122,207.0,-0.015321783114507385,0.015716952438509853,-0.0038,-0.0052,-2.0,0.0008000000000000001,-0.06234391450595001,59.093331245368965,2.5649259106488387,2.8297474473931223,-0.26482153674428366,114.06720049999997
2021-05-06,0,0,0,0,0,0,0,0,116.17079,0.9754777,-0.0011,-0.002,0.869,252.0,-0.4125860522172853,0.0383973715945056,0.0014,-0.00030000000000000014,45.0,-0.0009,0.022680419155995744,61.81282284826148,2.4740904244989252,2.7586160428142827,-0.2845256183153575,114.28320549999997
2021-05-07,0,0,0,0,0,0,0,0,116.89543,0.6237745,-0.002,-0.0011,0.74,263.0,-0.5964988987691358,0.023423720008213526,-0.0009,0.0009,11.0,0.0009,-0.014973651586292071,63.5001315279496,2.4325342980339,2.6933996938582063,-0.2608653958243061,114.48514399999996
2021-05-10,0,0,0,0,0,0,0,0,113.90438,-2.558744,-0.0001,-0.0032,0.533,86.0,-0.882930013725265,0.05221811539526978,0.0019,-0.0021000000000000003,-177.0,-0.0031000000000000003,0.028794395387056252,53.075571853244575,2.133652611509632,2.5814502773884915,-0.4477976658788596,114.60226624999996
2021-05-11,0,0,0,0,0,0,0,0,112.82635,-0.94643235,-0.0074,-0.0052,0.783,229.0,-0.494904887277322,-0.08157831308396962,-0.0073,-0.0019999999999999996,143.0,0.0022000000000000006,-0.1337964284792394,49.89619243775118,1.7891742233608738,2.422995066582968,-0.633820843222094,114.64110924999996
2021-05-12,0,0,0,0,1,0,0,0,109.35666,-3.075248,-0.0004,-0.0016,0.229,210.0,-1.2976751086937683,0.03196013603646039,0.007,0.0036,-19.0,-0.0012000000000000001,0.11353844912043001,41.317416170936646,1.2221099110122964,2.1828180354688334,-0.960708124456537,114.53758074999996
2021-05-13,0,0,1,0,0,0,0,0,110.787575,1.3084888,-0.1176,-0.0068,2.206,142.0,1.7116730905082678,-1.828029482869237,-0.1172,-0.0052,-68.0,0.1108,-1.8599896189056973,45.48052216754221,0.8780486416678315,1.921864156708633,-1.0438155150408015,114.39789349999994
2021-05-14,0,1,0,0,0,0,0,0,113.23986,2.213502,-0.025,-0.002,0.693,275.0,-0.5770165604421449,-0.32757732275402945,0.09259999999999999,0.0048,133.0,0.023,1.5004521601152074,51.79248939021698,0.7941025914216766,1.6963118436512417,-0.902209252229565,114.38703349999994
2021-05-17,0,0,0,0,1,0,0,0,113.76372,0.4626155,-0.0012,-0.0005,0.711,92.0,-0.550861349012927,0.05584481764728205,0.0238,0.0015,-183.0,0.0006999999999999999,0.3834221404013115,53.043154239454346,0.7610726934633334,1.50926401361366,-0.7481913201503265,114.38494599999994
2021-05-18,0,0,0,0,0,0,0,0,112.449104,-1.1555672,-0.0002,0.0081,2.397,235.0,1.9149490252320445,0.07163785254164076,0.0009999999999999998,0.0086,143.0,0.0083,0.01579303489435871,49.567836176702635,0.6216517227727394,1.331741555445476,-0.7100898326727365,114.34384269999994
2021-05-19,0,0,0,0,0,0,0,0,112.89792,0.39912462,0.0,-0.0002,2.931,860.0,2.5165813072753127,0.0712709109935612,0.0002,-0.0083,625.0,-0.0002,-0.0003669415480795635,50.754121628754675,0.5411374041658945,1.1736207251895596,-0.6324833210236651,114.32682019999993
2021-05-20,0,0,0,0,0,0,0,0,114.65984,1.5606403,0.0006,-0.0006,1.701,380.0,0.8045838257721069,0.08040192723086606,0.0006,-0.00039999999999999996,-480.0,-0.0012,0.009131016237304862,55.20843135768047,0.6124416000817092,1.0613849001679896,-0.44894330008628036,114.46208369999992
2021-05-21,0,0,0,0,0,0,0,0,114.02266,-0.555712,-0.0007,-0.0011,0.924,335.0,-0.29613644373354575,0.056232102143127585,-0.0013,-0.0005000000000000001,-45.0,-0.0004000000000000001,-0.024169825087738475,53.32980189919502,0.610498145598882,0.9712075492541681,-0.36070940365528603,114.44766969999993
2021-05-24,0,0,0,0,0,0,0,0,117.34822,2.9165745,-0.0012,-0.0007,1.619,95.0,0.6574034494943315,0.04833369907939922,-0.0004999999999999999,0.0004000000000000001,-240.0,0.0004999999999999999,-0.007898403063728368,60.822811981384326,0.8673050898576378,0.950427057374862,-0.08312196751722423,114.57468269999993
2021-05-25,0,1,0,0,0,0,0,0,117.43919,0.07750988,-0.0277,-0.0025,2.451,293.0,1.7594640145738818,-0.3710613014129169,-0.0265,-0.0018,198.0,0.0252,-0.4193950004923161,61.007236550721174,1.0658801591218179,0.9735176777242531,0.09236248139756476,114.75333669999993
2021-05-26,0,0,1,0,0,0,0,0,118.305984,0.7380843,-0.0533,-0.005,1.383,284.0,0.2786488707448382,-0.7653063443720378,-0.0256,-0.0025,-9.0,0.0483,-0.39424504295912094,62.80397330922731,1.2784580947661652,1.0345057611326356,0.24395233363352964,114.80619489999995
2021-05-27,0,1,0,0,1,0,0,0,117.429726,-0.7406652,-0.0016,-0.0012,1.662,308.0,0.6564331795021845,0.06325621650396572,0.0517,0.0038000000000000004,24.0,0.0004000000000000002,0.8285625608760036,59.80390749782579,1.3605375133505788,1.0997121115762243,0.26082540177435454,114.73144319999994
2021-05-28,0,0,0,0,0,0,0,0,117.139984,-0.24674535,-0.0233,-0.003,0.732,269.0,-0.6544886222810008,-0.27876960751915386,-0.0217,-0.0018000000000000002,-39.0,0.020300000000000002,-0.3420258240231196,58.80364938645116,1.3862267271890687,1.157015034698793,0.22921169249027562,114.73976889999994
2021-05-31,0,0,0,0,0,0,0,0,117.139984,0.0,-0.0292,-0.0023,0.622,92.0,-0.8148575997547584,-0.36535675415240476,-0.005899999999999999,0.0007000000000000001,-177.0,0.0269,-0.0865871466332509,58.80364938645116,1.390556148547546,1.2037232574685437,0.18683289107900225,114.77398909999995
2021-06-01,0,1,0,0,1,0,0,0,118.34922,1.0323048,-0.0043,-0.0011,0.96,155.0,-0.3497229068109117,0.03121364050503596,0.0249,0.0012,63.0,0.0031999999999999997,0.3965703946574407,61.888982405052,1.4745646222780238,1.2578915304304397,0.2166730918475841,114.95875584999995
2021-06-02,0,0,0,0,0,0,0,0,117.82288,-0.4447341,-0.0001,-0.0012,1.121,259.0,-0.12812689280291875,0.09389760352818517,0.0042,-9.999999999999983e-05,104.0,-0.0010999999999999998,0.06268396302314921,59.78998576798894,1.4815918353457391,1.3026315914134996,0.17896024393223953,115.09747384999996
2021-06-03,0,0,0,0,0,0,0,0,116.67924,-0.97064376,-0.0002,-0.0013,1.157,295.0,-0.09190621948065286,0.08888910081441018,-0.0001,-0.00010000000000000005,36.0,-0.0010999999999999998,-0.0050085027137749955,55.39388283232461,1.3789827078592367,1.3179018147026471,0.0610808931565896,115.12289634999995
2021-06-04,0,0,0,0,0,0,0,0,118.96503,1.9590378,-0.0027,-0.0014,1.205,370.0,-0.03164975247073435,0.049512303291358285,-0.0025,-0.00010000000000000005,75.0,0.0013000000000000002,-0.03937679752305189,61.48868273090796,1.4652182608785438,1.3473651039378265,0.1178531569407173,115.22637634999994
2021-06-07,0,0,1,0,0,0,0,0,119.39893000000001,0.36473274,-0.3409,-0.0112,2.374,102.0,1.579017068984173,-4.4300001326296075,-0.3382,-0.0098,-268.0,0.3297,-4.479512435920966,62.535153246173344,1.5506971897582957,1.3880315211019203,0.16266566865637544,115.50110384999994
2021-06-08,0,1,1,0,0,0,0,0,119.20708,-0.16068816,-0.3008,-0.0105,1.385,217.0,0.19892420991086338,-3.4225175741928076,0.04009999999999997,0.0006999999999999992,115.0,0.2903,1.0074825584368,61.736356196103735,1.5846918241825136,1.427363581718039,0.15732824246447463,115.82014034999995
2021-06-09,0,1,1,0,0,0,0,0,119.67924,0.3960848,-0.0385,-0.006,1.221,251.0,-0.031240080219148158,-0.29123063866897125,0.26230000000000003,0.0045000000000000005,34.0,0.0325,3.1312869355238364,62.98935584636357,1.6309318161196273,1.4680772285983568,0.16285458752127058,116.33626934999995
2021-06-10,0,1,0,0,1,0,0,0,121.03063,1.1291742,-0.0033,-0.0019,0.56,281.0,-0.9399514910726489,0.12332094560723746,0.0352,0.0041,30.0,0.0014,0.4145515842762087,66.38252781846738,1.7563768033510456,1.5257371435488944,0.23063965980215118,116.84842209999996
2021-06-11,0,0,0,0,0,0,0,0,120.78561,-0.20244718,-0.001,0.0009,1.026,243.0,-0.30521851714246334,0.14387282156711198,0.0023,0.0028,-38.0,0.0019,0.020551875959874524,65.21509241583773,1.8150984679528506,1.5836094084296857,0.2314890595231649,117.22570959999996
2021-06-14,0,0,0,0,0,0,0,0,121.71553,0.76988935,-0.0027,-0.0009,0.751,115.0,-0.7004019474064412,0.12186619142930016,-0.0017000000000000001,-0.0018,-128.0,0.0018000000000000002,-0.022006630137811817,67.54775816642223,1.9146022397297457,1.6498079746896976,0.2647942650400481,117.62330009999997
2021-06-15,0,0,0,0,0,0,0,0,120.69563,-0.8379221,-0.0008,-0.0011,1.405,244.0,0.2465848929829766,0.14422687657087035,0.0019000000000000002,-0.0002000000000000001,129.0,-0.00030000000000000003,0.02236068514157019,62.59023314165331,1.8893826621791021,1.6977229121875785,0.19165974999152358,118.03562639999998
2021-06-16,0,0,0,0,0,0,0,0,120.052505,-0.53285956,-0.0014,-0.0012,1.646,326.0,0.5787991967779411,0.13733517660678338,-0.0006,-9.999999999999983e-05,82.0,0.0002000000000000001,-0.006891699964086978,59.61884088572575,1.7967888887456525,1.7175361074991933,0.07925278124645918,118.39335564999999
2021-06-17,0,0,0,0,0,0,0,0,121.01772,0.80399513,-0.0016,0.0035,1.27,331.0,0.048109890290573894,0.1351461432128539,-0.0002000000000000001,0.0047,5.0,0.0051,-0.0021890333939294793,62.49649523225147,1.7807648908847398,1.7301818641763025,0.050583026708437284,118.71124964999998
2021-06-18,0,0,0,0,0,0,0,0,119.39494,-1.3409376,-0.0029,-0.0012,1.048,324.0,-0.2798787218232041,0.12016359103997294,-0.0012999999999999997,-0.0047,-7.0,0.0017,-0.014982552172880956,55.35430350953278,1.6184643240035683,1.7078383561417556,-0.08937403213818729,118.97986365
2021-06-21,0,0,0,0,0,0,0,0,121.0863,1.4166117,-0.008,-0.001,0.603,88.0,-0.9352053618237428,0.0607401957374499,-0.0051,0.00019999999999999987,-236.0,0.007,-0.059423395302523045,60.43007601870113,1.6077850271706922,1.6878276903475429,-0.08004266317685071,119.16676765
2021-06-22,0,1,1,0,0,0,0,0,121.60122,0.42524338,-0.1436,-0.005,2.849,232.0,2.2189319153151583,-1.5031190577859905,-0.1356,-0.004,144.0,0.1386,-1.5638592535234404,61.852019981467485,1.622171959541859,1.6746965441864061,-0.05252458464454701,119.37486915
2021-06-23,0,1,1,0,0,0,0,0,121.398926,-0.1663506,-0.2894,-0.0029,1.385,246.0,0.1972336257497332,-2.9171609324481427,-0.14579999999999999,0.0021000000000000003,14.0,0.2865,-1.4140418746621521,60.92573217431154,1.5988200694105217,1.6595212492312292,-0.06070117982070755,119.52951624999999
2021-06-24,0,1,0,0,1,1,0,0,121.76971,0.3054142,-0.0036,-0.0011,1.883,293.0,0.8822548674452004,0.18171061644632883,0.2858,0.0017999999999999997,47.0,0.0024999999999999996,3.0988715488944716,62.04763080713923,1.591882468089267,1.6459934930028368,-0.054111024913569894,119.74651544999999
2021-06-25,0,1,0,0,0,0,0,0,121.77815,0.0069379807,-0.0282,-0.0022,1.481,440.0,0.2853252335153406,-0.079792232182454,-0.0246,-0.0011,147.0,0.026,-0.2615028486287828,62.07432410569152,1.5689791910644715,1.6305906326151638,-0.061611441550692314,119.97842375
2021-06-28,0,0,0,0,1,0,0,0,121.80549,0.02244711,-0.0016,-0.0013,0.953,138.0,-0.4566102137566084,0.2090205765873339,0.0266,0.0009000000000000002,-302.0,0.00030000000000000014,0.2888128087697879,62.16715085612071,1.5353358920728084,1.6115396845066927,-0.07620379243388431,120.21169905000002
2021-06-29,0,1,0,0,0,0,0,0,121.543564,-0.21504164,-0.0217,-0.0053,1.365,247.0,0.1700403315677255,-0.0054435137309110804,-0.0201,-0.004,109.0,0.0164,-0.21446409031824498,60.63594097347287,1.470586094947464,1.583348966594847,-0.11276287164738297,120.37141625000001
2021-06-30,0,0,0,0,0,0,0,0,121.36166,-0.14966726,-0.0217,-0.0017,1.203,247.0,-0.0672806851207553,-0.001610244059141583,0.0,0.0036,0.0,0.02,0.0038332696717694975,59.539147907093835,1.3885865206190857,1.5443964773996948,-0.15580995678060905,120.54835525000001
2021-07-01,0,0,0,0,1,0,0,0,121.71453,0.29076338,-0.0053,-0.0027,0.887,258.0,-0.5479254429903393,0.17715201060232472,0.0164,-0.0010000000000000002,11.0,0.0026,0.1787622546614663,61.01240386184447,1.336666665853329,1.5028505150904217,-0.16618384923709262,120.80011975000002
2021-07-02,0,0,0,0,0,0,0,0,124.510765,2.2973657,-0.0012,-0.001,0.123,202.0,-1.6564951977887246,0.2216662032562286,0.0041,0.0017000000000000001,-56.0,0.00019999999999999987,0.04451419265390388,70.25511025472157,1.5038175298875274,1.5030439180498427,0.0007736118376846512,121.07740650000002
2021-07-05,0,0,0,0,0,0,0,0,124.510765,0.0,0.0024,-0.0007,0.476,52.0,-1.0978646865161263,0.25933514170047195,0.0036,0.00030000000000000003,-150.0,-0.0031,0.03766893844424335,70.25511025472159,1.6176386623372423,1.5259628669073226,0.09167579542991966,121.33299825000003
2021-07-06,0,0,0,0,0,0,0,0,125.43771,0.74447393,-0.0003,-0.0012,0.539,153.0,-0.9839720217268991,0.22985831864167677,-0.0026999999999999997,-0.0004999999999999999,101.0,-0.0009,-0.029476823058795176,72.73969112171753,1.762324465113096,1.5732351865484773,0.18908927856461877,121.64452975000003
2021-07-07,0,0,0,0,0,0,0,0,125.72001,0.22505522,0.0019,-0.0016,2.208,139.0,1.3936149894460743,0.25325577114503106,0.0022,-0.0004000000000000002,-14.0,-0.0035,0.023397452503354288,73.46659234203398,1.878118476232487,1.6342118444852791,0.24390663174720784,121.94656825000004
2021-07-08,0,1,1,0,0,0,0,0,124.29854,-1.1306703,-0.5571,-0.1055,2.401,375.0,1.619171070205246,-4.573331616937305,-0.559,-0.10389999999999999,236.0,0.45160000000000006,-4.826587388082336,64.18561269348403,1.8340436020242379,1.6741781959930708,0.15986540603116706,122.10996375000005
2021-07-09,0,0,1,0,0,0,0,0,124.770226,0.37947893,-0.416,-0.0287,0.69,182.0,-0.7576549679281633,-3.023144787138265,0.14110000000000006,0.0768,-193.0,0.3873,1.5501868297990402,65.73259420392156,1.8162385968522585,1.7025902761649083,0.1136483206873502,122.30919455000006
2021-07-12,0,0,0,0,1,1,0,0,126.21853,1.1607766,-0.016,-0.0024,0.83,81.0,-0.5527826817968742,0.16549890245991822,0.39999999999999997,0.0263,-101.0,0.013600000000000001,3.1886436895981833,70.01530423882289,1.8971251529499682,1.7414972515219203,0.15562790142804794,122.53434455000006
2021-07-13,0,1,1,0,0,0,0,0,126.58235,0.28824806,-0.1935,-0.027,2.538,274.0,1.774168340992297,-1.2098954140415359,-0.1775,-0.0246,193.0,0.1665,-1.3753943165014542,70.99594007509799,1.9679008290612785,1.7867779670297919,0.18112286203148664,122.82868055000006
2021-07-14,0,0,1,0,0,0,0,0,127.4725,0.7032156,-0.1949,-0.0268,0.773,208.0,-0.6421145249780905,-1.2106538735864658,-0.0013999999999999846,0.0001999999999999988,-66.0,0.1681,-0.0007584595449299236,73.29700756251312,2.0719347538885273,1.843809324401539,0.22812542948698833,123.19968030000004
2021-07-15,0,0,0,0,1,1,0,0,126.24785,-0.9607196,-0.0009,-0.0039,0.481,203.0,-1.0267916858989918,0.30506369124484684,0.19399999999999998,0.0229,-5.0,-0.003,1.5157175648313126,65.5875242261605,2.0321381450906415,1.8814750885393594,0.1506630565512821,123.46118680000006
2021-07-16,0,0,0,0,0,0,0,0,126.21305,-0.027567148,-0.0044,-0.0024,0.285,199.0,-1.292559685188013,0.2776662763872932,-0.0035000000000000005,0.0015,-4.0,0.0020000000000000005,-0.027397414857553648,65.37708991368916,1.9750241279972442,1.9001848964309365,0.07483923156630778,123.80209230000006
2021-07-19,0,0,0,0,0,0,0,0,123.83532,-1.8839002,-0.0006,-0.0008,0.427,71.0,-1.0673801246374648,0.3059289830079693,0.0038000000000000004,0.0015999999999999999,-128.0,-0.0002000000000000001,0.028262706620676092,52.89056702731618,1.7180928140010252,1.8637664799449543,-0.14567366594392905,123.93954330000005
2021-07-20,0,0,0,0,0,0,0,0,125.457085,1.3096094,-0.002,-0.0015,1.328,169.0,0.16510974495179315,0.29393240305869356,-0.0014000000000000002,-0.0007,98.0,0.0005,-0.01199657994927572,58.6864372278731,1.6265855131321842,1.8163302865824003,-0.189744773450216,124.13233655000006
2021-07-21,0,0,0,0,0,0,0,0,126.78861,1.0613322,-0.0167,0.0016,0.619,296.0,-0.7901703166102177,0.2563736393367878,-0.0147,0.0031000000000000003,127.0,0.0183,-0.03755876372190575,62.73968692038024,1.642573690364486,1.7815789673388174,-0.1390052769743313,124.40182075000007
2021-07-22,0,0,0,0,0,0,0,0,127.6559,0.68404675,-0.0009,-0.0016,0.375,193.0,-1.1281601251044757,0.42144665280037924,0.015799999999999998,-0.0032,-103.0,-0.0007000000000000001,0.16507301346359143,65.13881044425642,1.7055667786192572,1.7663765295949054,-0.060809750975648225,124.69613025000008
2021-07-23,0,0,0,0,0,0,0,0,132.22202,3.5768986,0.0028,0.0019,0.747,184.0,-0.6003741758302925,0.45498562317098185,0.0037,0.0035,-9.0,-0.0009,0.033538970370602605,74.46193934397289,2.0997325682363055,1.8330477373231855,0.26668483091312,125.21832375000008
2021-07-26,0,0,0,0,0,0,0,0,133.23596,0.7668495,0.0048,-0.0007,0.801,61.0,-0.5400551656220074,0.4719290445979561,0.0019999999999999996,-0.0026,-123.0,-0.0055,0.016943421426974248,75.99703019766135,2.4655074453637837,1.959539678931305,0.5059677664324786,125.78984725000007
2021-07-27,0,0,0,0,0,0,0,0,131.11368,-1.5928745,0.0133,0.0021,1.894,188.0,1.0229862295403096,0.5449465699097955,0.0085,0.0028,127.0,-0.0112,0.07301752531183942,66.9285833665176,2.554687563393969,2.078569255823838,0.4761183075701312,126.26835305000006
2021-07-28,1,1,1,0,0,0,0,0,135.28265,3.1796694,0.3748,0.1135,3.094,253.0,2.567002024522538,3.3230124410289044,0.36150000000000004,0.1114,65.0,-0.26130000000000003,2.778065871119109,73.59427425449915,2.9280121850598704,2.2484578416710446,0.6795543433888258,126.96440255000007
2021-07-29,1,1,1,0,0,0,0,0,134.96808,-0.23254752,0.043,0.0113,2.321,443.0,1.4477376871665464,0.6698501352861861,-0.33180000000000004,-0.1022,190.0,-0.0317,-2.6531623057427183,72.40835728895952,3.162041422147837,2.4311745577664032,0.7308668643814338,127.62708005000006
2021-07-30,0,0,0,0,0,0,0,0,133.92332,-0.77406764,-0.0212,0.0054,0.78,280.0,-0.6367787813013048,0.16216663536531584,-0.0642,-0.005899999999999999,-163.0,0.0266,-0.5076834999208703,68.46245229713003,3.226020323887468,2.590143710990616,0.635876612896852,128.09770780000005
2021-08-02,0,0,0,0,0,0,0,0,134.05058,0.095009804,0.0031,-0.0026,1.51,81.0,0.3310483884300191,0.3549695983882474,0.0243,-0.008,-199.0,-0.0057,0.19280296302293154,68.68629986665944,3.2495342745508253,2.722021823702658,0.5275124508481674,128.57469855000005
2021-08-03,0,0,0,0,0,0,0,0,134.82144,0.5750656,0.0002,-0.001,1.378,334.0,0.1381795295063974,0.3307973223729003,-0.0029,0.0015999999999999999,253.0,-0.0012000000000000001,-0.02417227601534705,70.07200358149679,3.2924182612580353,2.8361011112137335,0.45631715004430173,129.04388505000006
2021-08-04,0,0,0,0,0,0,0,0,134.31993,-0.37196875,-0.0013,-0.0016,0.737,229.0,-0.7597523084145821,0.31900365443608375,-0.0015,-0.0006000000000000001,-105.0,-0.00030000000000000014,-0.011793667936816576,67.96478912779745,3.2484898945897953,2.9185788678889457,0.3299110267008496,129.47388105000007
2021-08-05,0,0,0,0,0,0,0,0,135.43924,0.8333087,-0.0077,0.0011,0.882,224.0,-0.5345491283895702,0.2542208176963546,-0.0064,0.0027,-5.0,0.0088,-0.06478283673972918,70.12421822739499,3.2663429418487056,2.9881316826808977,0.27821125916780787,130.03091605000006
2021-08-06,0,0,0,0,0,0,0,0,134.9293,-0.37651062,-0.0062,-0.0022,0.499,244.0,-1.0623195136695756,0.26355303651107387,0.0015000000000000005,-0.0033,20.0,0.004,0.009332218814719295,67.87929214209623,3.202428116289724,3.030990969402663,0.1714371468870608,130.53886975000006
2021-08-09,0,0,0,0,0,0,0,0,136.09679,0.8652687,-0.0006,-0.0004,0.119,72.0,-1.5536197994141185,0.30808396869884996,0.0056,0.0018000000000000002,-172.0,0.00019999999999999993,0.044530932187776096,70.22916217941949,3.208990596364174,3.0665908947949654,0.14239970156920867,131.03278275000005
2021-08-10,0,0,0,0,0,0,0,0,135.99141,-0.077432394,-0.0022,-0.0013,1.298,135.0,0.09273082912563398,0.2956260223174941,-0.0016000000000000003,-0.0009,63.0,0.0009000000000000002,-0.012457946381355889,69.73326862094146,3.169156065409794,3.087103928917931,0.08205213649186316,131.50323575000004
2021-08-11,0,0,0,0,0,0,0,0,135.46657,-0.3859341,-0.0006,-0.0073,1.147,295.0,-0.08157544771351834,0.308462268437937,0.0016000000000000003,-0.006,160.0,-0.0067,0.012836246120442929,67.18866349452898,3.0599633580761747,3.0816758147495795,-0.021712456673404823,131.90293925000006
2021-08-12,0,0,0,0,0,0,0,0,136.37611,0.67141056,-0.0003,-0.0079,0.855,316.0,-0.49354269278719054,0.3109841393415993,0.0003,-0.0006000000000000007,21.0,-0.007600000000000001,0.0025218709036622933,69.28070898320102,3.0120980362840157,3.0677602590564668,-0.05566222277245103,132.40935225000004
2021-08-13,0,0,0,0,0,0,0,0,136.90645,0.38888454,-0.0007,-0.0024,0.426,213.0,-1.1064927980994799,0.30779673784510186,-0.0004,0.005500000000000001,-103.0,-0.0016999999999999997,-0.003187401496497433,70.46327869634275,2.9825771370305176,3.050723634651277,-0.0681464976207593,132.94402225000005
2021-08-16,0,0,0,0,0,0,0,0,137.48494,0.42254925,-0.0081,-0.0016,1.014,101.0,-0.22929359950179223,0.24981063089893718,-0.0073999999999999995,0.0007999999999999997,-112.0,0.0065,-0.057986106946164684,71.74117557691407,2.971606094743237,3.034900126669669,-0.06329403192643213,133.62650325000004
2021-08-17,0,0,0,0,0,0,0,0,135.84679,-1.1915267,-0.0082,0.0046,1.619,193.0,0.7009404190051517,0.24631285603008493,-0.00010000000000000113,0.0062,92.0,0.0128,-0.003497774868852249,63.378963956267974,2.7984674593928958,2.987613593214314,-0.18914613382141843,134.14598850000004
2021-08-18,0,0,0,0,0,0,0,0,134.64151,-0.88722706,-0.007,-0.0029,1.017,261.0,-0.20104136129490618,0.24961871716362835,0.0012000000000000005,-0.0075,68.0,0.0041,0.0033058611335434196,58.020355582335604,2.534778472045531,2.8970465689805573,-0.3622680969350265,134.53863350000003
2021-08-19,0,0,0,0,0,0,0,0,134.87115,0.17054081,-0.0131,-0.0007,1.121,173.0,-0.030040851454056428,0.20264507111433208,-0.0061,0.0021999999999999997,-88.0,0.012400000000000001,-0.04697364604929627,58.736202805490514,2.3176170321346774,2.7811606616113815,-0.46354362947670413,134.89939600000002
2021-08-20,0,0,0,0,0,0,0,0,136.61021,1.2894273,-0.0238,-0.0023,0.65,205.0,-0.7439074790388496,0.11746923074547432,-0.010700000000000001,-0.0015999999999999999,32.0,0.021500000000000002,-0.08517584036885777,63.77413241830826,2.2597931457984544,2.676887158448796,-0.41709401265034174,135.1188055
2021-08-23,0,0,0,0,0,0,0,0,139.20665,1.9006133,-0.0038,-0.0009,0.651,92.0,-0.7435470914832071,0.2732680041875126,0.02,0.0014,-113.0,0.0029,0.1557987734420383,69.71853479147363,2.3958603215088203,2.620681791060801,-0.2248214695519808,135.41734000000002
2021-08-24,0,0,0,0,0,0,0,0,140.41936,0.87116957,-0.0023,0.0035,1.349,206.0,0.30820496010884746,0.28492424741501504,0.0015,0.0044,114.0,0.0058,0.011656243227502416,72.02733620765599,2.5719028059370714,2.610925994036055,-0.03902318809898375,135.88262400000002
2021-08-25,0,0,0,0,0,0,0,0,141.232,0.5787134,-0.0005,-0.0012,1.861,286.0,1.0577370365777734,0.2993126542671767,0.0018,-0.0047,80.0,-0.0006999999999999999,0.01438840685216164,73.48617721987459,2.7453443785696265,2.6378096709427696,0.1075347076268569,136.1800915
2021-08-26,0,0,0,0,0,0,0,0,140.59729,-0.44940114,0.0004,0.0005,0.978,279.0,-0.26743195207949216,0.3063908483336155,0.0009,0.0017,-7.0,9.999999999999999e-05,0.0070781940664388365,70.39804037265527,2.7993135379988985,2.6701104443539956,0.1292030936449029,136.461552
2021-08-27,0,0,0,0,0,0,0,0,143.14552,1.8124223,-0.0015,-0.0013,0.209,167.0,-1.3768763146648877,0.29109164194684845,-0.0019,-0.0018,-112.0,0.0002000000000000001,-0.015299206386767072,74.94954037371173,3.012973665323841,2.7386830885479645,0.27429057677587654,136.922662
2021-08-30,0,0,0,0,0,0,0,0,143.72852,0.40726662,-0.0086,-0.0012,0.852,87.0,-0.398559216268549,0.20073266088885156,-0.0071,0.00010000000000000005,-80.0,0.0074,-0.09035898105799689,75.86389747261752,3.192542441258496,2.8294549590900706,0.36308748216842535,137.40655900000002
2021-08-31,0,0,0,0,0,0,0,0,143.83487,0.073993206,-0.0029,0.0028,2.623,225.0,2.1757586557979844,0.21648191339730752,0.0057,0.004,138.0,0.0057,0.015749252508455963,76.03573494645633,3.3053317393126065,2.9246303151345776,0.3807014241780289,137.85723050000001
2021-09-01,0,0,0,0,0,0,0,0,144.3498,0.35799742,-0.0097,-0.002,2.842,439.0,2.338089450024119,0.15255905554573607,-0.0068000000000000005,-0.0048000000000000004,214.0,0.0077,-0.06392285785157145,76.89352273790685,3.397108861841474,3.019126024475957,0.3779828373655172,138.358724
2021-09-02,0,0,1,0,0,0,0,0,142.4328,-1.3280272,-0.0908,-0.0053,1.453,282.0,0.38685709670177754,-0.5452594315911529,-0.0811,-0.0033,-157.0,0.0855,-0.6978184871368889,67.24357147787714,3.2773774465938175,3.070776308899529,0.20660113769428845,138.708402
2021-09-03,0,0,1,0,0,0,0,0,142.8826,0.31579733,-0.0363,-0.0028,0.258,157.0,-1.2490318086089398,-0.06283725797810912,0.05450000000000001,0.0025,-125.0,0.0335,0.48242217361304374,68.25040029606636,3.182103232977056,3.0930416937150342,0.08906153926202176,139.106067
2021-09-06,0,0,0,0,1,0,0,0,142.8826,0.0,-0.0001,-0.0015,0.107,79.0,-1.4211630387789334,0.2539391899793824,0.036199999999999996,0.0013,-78.0,-0.0014,0.31677644795749155,68.25040029606636,3.071194909112336,3.0886723367944944,-0.01747742768215854,139.44535749999997
2021-09-07,0,0,0,0,0,0,0,0,143.42035,0.3763795,-0.0003,-0.0016,0.303,96.0,-1.1187130570956234,0.25210929135702426,-0.00019999999999999998,-0.00010000000000000005,17.0,-0.0013000000000000002,-0.0018298986223581615,69.54818488558881,2.992198986892248,3.069377666814045,-0.07717867992179706,139.81680449999996
2021-09-08,0,0,0,0,0,0,0,0,142.8344,-0.408566,-0.0079,0.0013,0.74,132.0,-0.511282955077955,0.18651421659250525,-0.007600000000000001,0.0029,36.0,0.0092,-0.065595074764519,66.36495512328071,2.8494660109432743,3.025395335639891,-0.1759293246966167,140.18519599999996
2021-09-09,0,0,0,0,0,0,0,0,142.68527,-0.104409456,-0.0157,-0.0013,1.271,234.0,0.20455716708114266,0.120269927352245,-0.007799999999999998,-0.0026,102.0,0.0144,-0.06624428924026025,65.54272043881163,2.6932692233941395,2.9589701131907407,-0.2657008897966011,140.50065399999997
2021-09-10,0,0,0,0,0,0,0,0,140.03616,-1.8566072,-0.0089,-0.0014,0.848,234.0,-0.3608337333988145,0.18078883467503426,0.006799999999999999,-0.00010000000000000005,0.0,0.0075,0.060518907322789264,52.98456116249133,2.3288752818853595,2.8329511469296644,-0.5040758650443049,140.65713949999997
2021-09-13,0,0,0,0,0,0,0,0,141.48398,1.0338902,-0.0002,-0.0026,0.897,103.0,-0.3024516021361867,0.2558616295288412,0.0087,-0.0012,-131.0,-0.0024,0.07507279485380691,57.74925655839785,2.1323371763512853,2.6928283528139887,-0.5604911764627034,140.85709149999997
2021-09-14,0,1,1,0,0,0,0,0,141.6947,0.14894009,-0.4391,-0.0142,0.897,144.0,-0.2713961586324439,-3.239339186276458,-0.4389,-0.011600000000000001,41.0,0.4249,-3.4952008158052994,58.40989004763715,1.97086376402288,2.548435435055767,-0.5775716710328869,141.14948699999997
2021-09-15,0,1,1,0,0,0,0,0,143.56848,1.3224006,-0.1628,-0.0068,0.897,170.0,-0.2601033653929855,-1.0739485836091667,0.2763,0.007400000000000001,26.0,0.156,2.1653906026672916,63.826355976389394,1.9713685975088993,2.4330220675463936,-0.46165347003749435,141.59583549999996
2021-09-16,0,1,0,0,1,1,0,0,142.75385,-0.5674064,-0.0008,-0.0018,1.58,221.0,0.7218573870459634,0.2578505887248199,0.162,0.004999999999999999,51.0,-0.001,1.3317991723339866,60.15820422072816,1.8843136539722138,2.3232803848315577,-0.4389667308593439,141.98997049999997
2021-09-17,0,0,0,0,0,0,0,0,139.96062,-1.9566894,-0.002,-0.0016,1.65,249.0,0.8155810299271208,0.24426927224853748,-0.0012000000000000001,0.00019999999999999987,28.0,0.00039999999999999996,-0.01358131647628244,49.626635642899515,1.571812787623287,2.1729868653899036,-0.6011740777666166,142.157491
2021-09-20,0,0,1,1,0,0,0,0,137.8925,-1.477629,-0.0513,-0.0027,0.258,80.0,-1.1397801823096565,-0.1541478586781647,-0.0493,-0.0011,-169.0,0.0486,-0.39841713092670217,43.5478278211591,1.144085296465306,1.9672065516049841,-0.823121255139678,142.09178349999996
2021-09-21,0,1,0,0,1,0,0,0,138.20415,0.22599697,-0.0081,-0.002,1.445,153.0,0.5315355457729167,0.1990909439447454,0.0432,0.0007000000000000001,73.0,0.0060999999999999995,0.3532388026229101,44.64812996130684,0.8207941248006136,1.73792406624411,-0.9171299414434964,141.981023
2021-09-22,0,0,0,0,0,0,0,0,139.44719,0.89942217,-0.0005,0.0071,1.02,291.0,-0.06289366287177821,0.25851907451094386,0.007599999999999999,0.0091,138.0,0.007600000000000001,0.059428130566198445,48.92423928705504,0.6573094276296843,1.521801138521225,-0.8644917108915406,141.89178249999998
2021-09-23,0,0,1,0,0,0,0,0,140.37415,0.66473484,-0.0656,-0.0031,1.508,204.0,0.6085499983612144,-0.26795212339771673,-0.0651,-0.0102,-87.0,0.0625,-0.5264711979086606,51.90790893424698,0.5956779477649548,1.3365765003699708,-0.740898552605016,141.88062549999998
2021-09-24,0,1,1,0,0,0,0,0,141.36719,0.7074356,-0.0971,-0.0034,1.09,215.0,-0.0015703243714309538,-0.5126736968054212,-0.0315,-0.0002999999999999999,11.0,0.0937,-0.24472157340770445,54.944420268475135,0.6198196892069348,1.1932251381373635,-0.5734054489304288,141.79170899999997
2021-09-27,0,0,1,0,0,0,0,0,140.23097,-0.803715,-0.1026,-0.002,2.586,135.0,2.0225447017296005,-0.5424708936293834,-0.005499999999999991,0.0013999999999999998,-80.0,0.1006,-0.029797196823962202,50.97829080322101,0.5410320542773661,1.062786521365364,-0.5217544670879979,141.61683149999996
2021-09-28,0,0,1,1,0,0,0,0,135.02025,-3.715837,-0.0898,-0.0026,1.923,321.0,1.0674887834205458,-0.4251497027332823,0.012799999999999992,-0.0005999999999999998,186.0,0.0872,0.1173211908961011,37.580667298520886,0.05746827130658971,0.8617228713536091,-0.8042546000470194,141.17610049999996
2021-09-29,0,0,0,1,1,0,0,1,133.55254,-1.0870218,-0.0291,-0.0028,2.275,219.0,1.5479812254147505,0.0755644957532837,0.060700000000000004,-0.0002000000000000001,-102.0,0.0263,0.500714198486566,34.805923674382754,-0.4391294306939528,0.6015524109440967,-1.0406818416380497,140.63623749999996
2021-09-30,0,1,0,0,0,0,0,0,132.87909,-0.50426126,-0.0029,-0.0022,1.489,324.0,0.49880932065037625,0.2581257436353722,0.0262,0.0005999999999999998,105.0,0.0006999999999999997,0.18256124788208852,33.58074755782767,-0.8769198874670963,0.3058579512618581,-1.1827778387289545,140.15855199999996
2021-10-01,0,0,0,0,0,0,0,0,135.729,2.144742,-0.0275,-0.0048,0.626,220.0,-0.7158342260780399,-0.05554535452692054,-0.0246,-0.0025999999999999994,-104.0,0.0227,-0.31367109816229277,42.762698724452676,-0.9825814716914465,0.048170066671197165,-1.0307515383626438,139.80087199999997
2021-10-04,0,0,0,0,1,0,0,0,132.86267,-2.1117985,-0.0056,-0.0021,0.628,80.0,-0.7063411488382424,0.1917015236159806,0.0219,0.0026999999999999997,-140.0,0.0035,0.24724687814290114,37.193555140128346,-1.2828203599391088,-0.21802801865086407,-1.0647923412882447,139.29987549999996
2021-10-05,0,0,0,0,0,0,0,0,135.21208,1.768291,-0.0082,-0.0174,1.24,174.0,0.19022773541311866,0.131313976029866,-0.0026000000000000007,-0.0153,94.0,-0.009199999999999998,-0.060387547586114615,43.66924697893621,-1.3160139007606233,-0.43762519507281594,-0.8783887056878074,138.88946199999995
2021-10-06,0,0,0,0,0,0,0,0,136.74489,1.1336327,0.0001,-0.0025,2.563,409.0,2.0020139676478355,0.19810432764116373,0.0083,0.014899999999999998,235.0,-0.0026,0.06679035161129773,47.474359591727946,-1.2047474851562754,-0.5910496530895079,-0.6136978320667675,138.58498649999996
2021-10-07,0,0,0,0,0,0,0,0,138.395,1.206708,-0.002,-0.0008,1.415,380.0,0.3684253561948878,0.1726684709879316,-0.0021,0.0017000000000000001,-29.0,0.0012000000000000001,-0.02543585665323214,51.28903789723982,-0.9722109203932519,-0.6672819065502567,-0.3049290138429952,138.37047299999995
2021-10-08,0,0,0,0,0,0,0,0,138.95218,0.4025817,-0.0009,-0.0016,1.443,312.0,0.38530528688752247,0.18537853957676603,0.0011,-0.0008,-68.0,-0.0007000000000000001,0.012710068588834444,52.542352432251384,-0.734497418993243,-0.6807250090388539,-0.05377240995438903,138.31627399999994
2021-10-11,0,0,0,0,0,0,0,0,138.08586,-0.6234586,-0.0002,-0.0007,1.135,117.0,-0.07328787024769952,0.19384898096925976,0.0007,0.0009000000000000001,-195.0,-0.0005,0.008470441392493727,50.37219256028329,-0.6089924544320411,-0.6663784981174914,0.057386043685450305,138.14636799999994
2021-10-12,0,0,0,0,0,0,0,0,135.63554,-1.774478,-0.001,-0.001,1.813,252.0,0.8896052915281681,0.18386154107178504,-0.0008,-0.00030000000000000003,135.0,0.0,-0.00998743989747472,44.74311100836569,-0.6991893915486855,-0.6729406768037303,-0.02624871474495527,137.84340999999995
2021-10-13,0,0,0,0,0,0,0,0,136.76183,0.8303523,-0.0032,-0.0013,0.828,384.0,-0.5323134375548475,0.15419464468638022,-0.0022,-0.0002999999999999999,132.0,0.0019000000000000002,-0.029666896385404817,47.63953595414929,-0.6720420415227295,-0.6727609497475301,0.0007189082248005851,137.50307749999996
2021-10-14,0,0,0,0,0,0,0,0,140.30951,2.5940776,-0.0032,-0.0012,0.506,158.0,-1.0031726642177963,0.15467542481505342,0.0,0.00010000000000000005,-226.0,0.002,0.0004807801286731972,55.54419624649536,-0.3601083394622435,-0.6102304276904728,0.25012208822822923,137.38086049999995
2021-10-15,0,0,0,0,0,0,0,0,140.52525,0.15375614,-0.0017,-0.0021,0.421,169.0,-1.1104394898141337,0.17395333629474685,0.0015000000000000002,-0.0009,11.0,-0.00039999999999999996,0.019277911479693433,55.97941385962613,-0.09440201061755715,-0.5070647442758897,0.4126627336583325,137.40909199999996
2021-10-18,0,0,0,0,0,0,0,0,141.92682,0.99737644,0.0,-0.001,0.578,104.0,-0.8761366104229914,0.19575139815657971,0.0017,0.0010999999999999998,-65.0,-0.001,0.021798061861832863,58.801244200437765,0.22665442378345801,-0.3603209106640201,0.5869753344474782,137.61080799999996
2021-10-19,0,0,0,0,0,0,0,0,142.38307,0.3214836,-0.0034,-0.0014,2.747,211.0,2.137298590560019,0.157732135458504,-0.0034,-0.00039999999999999996,107.0,0.002,-0.038019262698075706,59.706727381333366,0.5120074202653484,-0.1858552444781464,0.6978626647434948,137.81975399999996
2021-10-20,0,0,0,0,0,0,0,0,140.92383,-1.024878,-0.0018,-0.002,2.301,620.0,1.6008257906907517,0.3262986947512836,0.0015999999999999999,-0.0006000000000000001,409.0,-0.0002000000000000001,0.16856655929277958,55.50491855760584,0.6133331306683658,-0.026017569448843925,0.6393507001172097,137.89358599999997
2021-10-21,0,0,0,0,0,0,0,0,141.04015,0.08252859,-0.0005,-0.0016,1.472,292.0,0.43473463684834873,0.36102891447624846,0.0013,0.00039999999999999996,-328.0,-0.0011,0.03473021972496487,55.772109418223735,0.6950089079850557,0.11818772603793601,0.5768211819471196,137.92688599999997
2021-10-22,0,0,0,0,0,0,0,0,136.7464,-3.044337,-0.0056,-0.0157,1.331,344.0,0.21386157156383098,0.2759519644242666,-0.0051,-0.014099999999999998,52.0,-0.010099999999999998,-0.08507695005198185,45.02422708383721,0.4085582046521665,0.17626182176078212,0.2322963828913844,137.69584649999996
2021-10-25,0,0,0,0,0,0,0,0,136.62761,-0.08687377,-0.0069,-0.0019,1.47,122.0,0.4204972365068644,0.25824523591204634,-0.0013,0.013799999999999998,-222.0,0.005,-0.01770672851222027,44.76719135739466,0.16999895611894544,0.1750092486324148,-0.00501029251346935,137.51567849999998
2021-10-26,0,0,0,0,0,0,0,0,138.47798,1.3543367,-0.0074,0.0023,1.888,199.0,1.0175785952504224,0.25249099686818965,-0.0005000000000000004,0.0042,77.0,0.0097,-0.00575423904385669,49.594332278439005,0.12876411517561337,0.1657602219410545,-0.03699610676544113,137.68856499999998
2021-10-27,1,1,1,0,0,0,0,0,145.34583,4.9595,0.3157,0.0486,2.772,243.0,2.1781800071005435,4.348520662845591,0.3231,0.046299999999999994,44.0,-0.2671,4.096029665977401,62.644014889658095,0.6428528965997771,0.261178756872799,0.38167413972697806,138.27822949999998
2021-10-28,0,1,0,0,0,0,0,0,144.97952,-0.25203228,0.0456,0.0311,1.561,328.0,0.45386366700299774,0.8131232911189619,-0.2701,-0.017499999999999998,85.0,-0.014500000000000002,-3.5353973717266287,61.726100713909496,1.0090817379252712,0.4107593530832935,0.5983223848419778,138.88325099999997
2021-10-29,0,0,0,0,0,0,0,0,147.1634,1.5063524,0.0021,0.0024,0.584,280.0,-0.9287358794707993,0.24760879394289428,-0.043500000000000004,-0.0287,-48.0,0.0002999999999999999,-0.5655144971760676,65.0172052316068,1.4587263089019302,0.6203527442470209,0.8383735646549093,139.45497099999997
2021-11-01,0,0,0,0,0,0,0,0,142.64153,-3.072703,-0.0001,0.0014,0.146,81.0,-1.5502912754164775,0.2190001488641292,-0.0021999999999999997,-0.0009999999999999998,-199.0,0.0015,-0.028608645078765094,54.55653059242833,1.43366930543462,0.7830160564845408,0.6506532489500791,139.94391399999998
2021-11-02,0,0,0,0,0,0,0,0,144.56548,1.3488054,-0.0012,0.0041,0.771,172.0,-0.650838565805818,0.2045279590891672,-0.0010999999999999998,0.0027,91.0,0.0053,-0.01447218977496198,57.676654082094146,1.5511771311461757,0.9366482714168678,0.6145288597293079,140.411584
2021-11-03,0,0,0,0,0,0,0,0,145.72406,0.8014083,-0.0038,0.0018,0.647,202.0,-0.809463205501909,0.17156758476184644,-0.0026,-0.0023000000000000004,30.0,0.0056,-0.03296037432732077,59.48082558918427,1.7179867708786105,1.0929159713092162,0.6250707995693943,140.8605425
2021-11-04,0,0,0,0,0,0,0,0,147.38359,1.1388302,-0.0008,0.001,1.358,215.0,0.1763583939859755,0.2105406242879685,0.003,-0.0007999999999999999,13.0,0.0018,0.03897303952612205,61.98084861458829,1.961484046784335,1.26662958640424,0.694854460380095,141.309972
2021-11-05,0,0,0,0,0,0,0,0,147.9646,0.39422512,-0.0007,0.0042,0.778,308.0,-0.6519226718373701,0.21183599318227506,0.00010000000000000005,0.0031999999999999997,93.0,0.0049,0.0012953688943065644,62.845182882327464,2.176253547316918,1.4485543785867756,0.7276991687301424,141.760593
2021-11-08,0,0,0,0,0,0,0,0,148.14255,0.12025833,-0.0023,-0.0004,1.324,117.0,0.11400714757772809,0.18982094104580896,-0.0015999999999999999,-0.0046,-191.0,0.0019,-0.022015052136466096,63.12171722333622,2.3339150813829974,1.62562651914602,0.7082885622369774,142.26342749999998
2021-11-09,0,1,0,0,0,0,0,0,148.03072,-0.07548928,0.0323,0.0039,0.86,172.0,-0.5256399815722209,0.6271226088469639,0.034600000000000006,0.0043,55.0,-0.0284,0.437301667801155,62.80536151233821,2.4219208407637325,1.7848853834695624,0.6370354572941701,142.8831865
2021-11-10,0,1,1,0,0,0,0,0,145.02376,-2.0313084,-0.323,-0.0345,2.499,238.0,1.7180956506987832,-3.4656330772046178,-0.3553,-0.038400000000000004,66.0,0.2885,-4.092755686051582,54.8457181297341,2.2233995315519053,1.872588213086031,0.3508113184658743,143.296283
2021-11-11,0,0,1,0,0,0,0,0,144.8975,-0.08704662,-0.3094,-0.0304,0.645,225.0,-0.8280593530890699,-2.991416151895237,0.013600000000000001,0.004100000000000003,-13.0,0.279,0.47421692530938087,54.53319608319984,2.0324529840890477,1.9045611672866343,0.12789181680241346,143.5256825
2021-11-12,0,0,0,0,1,1,0,0,147.79164,1.9973755,-0.0162,-0.0106,0.596,167.0,-0.8931855438886074,0.1074179736480884,0.2932,0.019799999999999998,-58.0,0.005599999999999999,3.098834125543325,60.13998067573443,2.090560697796633,1.941761073388634,0.148799624407999,143.88900199999998
2021-11-15,0,0,0,0,0,0,0,0,147.567,-0.15200377,-0.011,-0.0039,0.458,100.0,-1.0736177549310464,0.16370687255337935,0.0052,0.0067,-67.0,0.0070999999999999995,0.05628889890529094,59.52638653634297,2.094342630783501,1.9722773848676074,0.12206524591589374,144.17101099999996
2021-11-16,0,0,0,0,0,0,0,0,146.99443,-0.38800836,-0.0029,-0.0028,1.754,241.0,0.6857382314403231,0.24947997651466966,0.0081,0.0010999999999999998,141.0,9.999999999999983e-05,0.08577310396129031,57.90473267013802,2.027763431490797,1.9833745941922454,0.0443888372985517,144.401579
2021-11-17,0,0,0,0,0,0,0,0,147.16438,0.11563301,-0.0031,-0.0065,1.199,330.0,-0.05514719735806937,0.2478533118588348,-0.0002000000000000001,-0.0036999999999999997,89.0,-0.0034,-0.0016266646558348585,58.268139969933955,1.9660490909453188,1.97990949354286,-0.013860402597541288,144.7136065
2021-11-18,0,0,0,0,0,0,0,0,148.94522,1.2100935,-0.0007,-0.0022,1.447,371.0,0.2739211015317541,0.27344696782541184,0.0024,0.0043,41.0,-0.0015,0.025593655966577034,61.97275942777465,2.037353592330561,1.9913983133004003,0.04595527903016072,145.10886
2021-11-19,0,0,0,0,0,0,0,0,148.03867,-0.6086588,0.0006,0.0017,0.262,184.0,-1.3532599131069767,0.2867977627490253,0.0013,0.0039,-187.0,0.0010999999999999998,0.013350794923613463,59.09674559596898,1.9976838587454324,1.9926554223894066,0.005028436356025789,145.6734735
2021-11-22,0,0,0,0,0,0,0,0,145.42981,-1.7622769,0.0,0.0012,0.103,123.0,-1.5267049653579885,0.27883528019824305,-0.0006,-0.0005,-61.0,0.0012,-0.007962482550782246,51.66590608578782,1.7357237670904624,1.9412690913296178,-0.2055453242391554,146.1135835
2021-11-23,0,0,0,0,0,0,0,0,144.91292,-0.35543442,-0.0017,-0.0018,0.612,130.0,-0.8157420427411785,0.26063611214343596,-0.0017,-0.003,7.0,-0.00010000000000000005,-0.01819916805480709,50.31597303185234,1.469470660898196,1.8469094052433335,-0.37743874434513747,146.43533050000002
2021-11-24,0,0,0,0,0,0,0,0,145.24889,0.23185015,-0.0032,-0.0041,0.24,175.0,-1.3106272764079694,0.24357321739490734,-0.0015000000000000002,-0.0023000000000000004,45.0,-0.0009000000000000002,-0.017062894748528623,51.208334636094875,1.270922721164709,1.7317120684276086,-0.46078934726289966,146.43048349999998
2021-11-25,0,0,0,0,0,0,0,0,145.24889,0.0,0.0014,-0.0036,0.0,112.0,-1.5854615877847578,0.2768817590555699,0.0046,0.0005000000000000004,-63.0,-0.005,0.03330854166066255,51.208334636094875,1.10088176871065,1.6055460084842168,-0.5046642397735668,146.443952
2021-11-26,0,1,1,0,0,0,0,0,141.33536,-2.6943564,-0.0408,-0.0046,1.209,152.0,0.08321283550682171,-0.1698384093162236,-0.0422,-0.001,40.0,0.0362,-0.4467201683717935,41.2093224900377,0.6429227117314156,1.4130213491336565,-0.7700986374022409,146.15255
2021-11-29,0,0,0,0,1,0,0,0,144.66292,2.3543596,-0.0101,-0.0043,0.424,61.0,-1.0458642213698652,0.15752659854286208,0.030700000000000005,0.0002999999999999999,-91.0,0.0058,0.3273650078590857,50.12651375700047,0.5422425079815127,1.2388655809032278,-0.6966230729217151,146.2536195
2021-11-30,0,1,1,0,0,0,0,0,141.05157,-2.4963796,-0.0618,-0.0079,0.717,172.0,-0.6428330754415096,-0.37977747068664836,-0.0517,-0.0036000000000000008,111.0,0.0539,-0.5373040692295105,42.578416432287,0.16909770438280702,1.0249120055991436,-0.8558143012163366,146.077924
2021-12-01,0,1,0,0,1,0,0,0,140.2106,-0.59621334,-0.0168,-0.0042,0.66,195.0,-0.7222309337825688,0.09885874434117121,0.045,0.003700000000000001,23.0,0.0126,0.47863621502781956,41.02903997882968,-0.19226517825873657,0.7814765688275676,-0.9737417470863041,145.802251
2021-12-02,0,0,0,0,0,0,0,0,142.11371,1.357305,-0.0044,-0.0026,0.788,163.0,-0.5249990760882167,0.22826502349881322,0.012399999999999998,0.0015999999999999999,-32.0,0.0018000000000000004,0.12940627915764202,45.83270450433053,-0.3213781469578407,0.5609056256704859,-0.8822837726283266,145.538757
2021-12-03,0,0,0,0,0,0,0,0,141.15497,-0.6746292,-0.0072,-0.0028,1.215,258.0,0.0804537921930977,0.19827400455725874,-0.0027999999999999995,-0.0002000000000000001,95.0,0.004399999999999999,-0.02999101894155448,43.89293240935841,-0.4953532860017731,0.34965384333603405,-0.8450071293378072,145.19827550000002
2021-12-06,0,0,0,0,0,0,0,0,142.30159,0.81231594,-0.0019,-0.0022,0.622,81.0,-0.764248438560386,0.2547701031617181,0.0053,0.0005999999999999998,-177.0,-0.00030000000000000014,0.056496098604459366,46.7932483961798,-0.534545280568949,0.17281401855503742,-0.7073592991239864,144.90622750000003
2021-12-07,0,0,0,0,0,0,0,0,146.39157,2.8741598,-0.0096,-0.0026,1.613,182.0,0.6392329743642691,0.11887583089128655,-0.007699999999999999,-0.00039999999999999975,101.0,0.006999999999999999,-0.13589427227043155,55.60814789686543,-0.23289336428317142,0.09167254198739565,-0.3245659062705671,144.82427
2021-12-08,0,0,0,0,0,0,0,0,147.30307,0.6226659,-0.0145,-0.0093,2.963,307.0,2.39751800121849,0.024116764265379766,-0.004900000000000002,-0.006699999999999999,125.0,0.0052000000000000015,-0.09475906662590677,57.30576607695325,0.07880991331148834,0.08910001625221418,-0.01029010294072584,144.93823550000002
2021-12-09,0,0,0,0,0,0,0,0,146.75835,-0.3698051,-0.0021,-0.0017,1.855,410.0,0.8798098054201005,0.1900948646022725,0.012400000000000001,0.007599999999999999,103.0,0.00039999999999999996,0.16597810033689275,55.92926301809853,0.2786703169732334,0.12701407639641804,0.15165624057681537,145.03127800000001
2021-12-10,0,0,0,0,0,0,0,0,147.11919,0.24588108,-0.0022,-0.0016,0.983,272.0,-0.28706371199158337,0.1888048430629718,-0.00010000000000000026,9.999999999999983e-05,-138.0,0.0006000000000000001,-0.0012900215393007175,56.67172848476094,0.46086533047491685,0.1937843272121178,0.26708100326279904,144.9976555
2021-12-13,0,0,0,0,0,0,0,0,144.95717,-1.4695704,-0.0001,0.0008,0.338,75.0,-1.1673521042247306,0.20577536420338652,0.0021000000000000003,0.0024000000000000002,-197.0,0.0009000000000000001,0.016970521140414724,51.11517482848393,0.42588985295657267,0.24020543236100877,0.1856844205955639,144.86716400000003
2021-12-14,0,0,0,0,0,0,0,0,143.04907,-1.316309,-0.0022,-0.0013,2.057,168.0,1.1462262082246235,0.17632412923041832,-0.0021000000000000003,-0.0021,93.0,0.0009000000000000002,-0.0294512349729682,46.75785222090433,0.24142086227459458,0.24044851834372594,0.0009723439308686466,144.66989600000002
2021-12-15,0,0,0,0,0,0,0,0,145.56802,1.7608762,-0.0011,-0.0086,1.716,356.0,0.6691069269073844,0.1911808390830839,0.0011,-0.0073,188.0,-0.0075,0.014856709852665573,52.512896201154426,0.29508452071723923,0.2513757188184286,0.043708801898810656,144.590078
2021-12-16,0,0,0,0,0,0,0,0,143.58388,-1.3630271,-0.0016,-0.0052,1.103,178.0,-0.1448445716434031,0.1708415701113443,-0.0005,0.0034000000000000002,-178.0,-0.0036,-0.0203392689717396,48.10230862661341,0.17548693663988502,0.23619796238271987,-0.06071102574283485,144.32201100000003
2021-12-17,0,0,0,0,0,0,0,0,140.88011,-1.8830597,-0.0021,-0.0028,0.676,273.0,-0.7064979600794633,0.1443844098862512,-0.0004999999999999998,0.0024,95.0,-0.0007000000000000001,-0.02645716022509309,42.82394541813167,-0.13590008150208632,0.16177835360575865,-0.297678435107845,143.96408300000002
2021-12-20,0,0,0,0,0,0,0,0,140.76279,-0.08326769,-0.0002,-0.0027,0.347,105.0,-1.1184684014595423,0.14890143952756235,0.0018999999999999998,9.999999999999983e-05,-168.0,-0.0025,0.004517029641311149,42.60547844578503,-0.38767441102640987,0.05188780067932494,-0.43956221170573484,143.73073200000005
2021-12-21,0,0,0,0,0,0,0,0,142.6172,1.3173938,-0.0014,-0.003,0.465,148.0,-0.925959025540676,0.11328969901797782,-0.0012,-0.0002999999999999999,43.0,-0.0016,-0.03561174050958453,47.19135662343289,-0.43258541665341,-0.04500684278722206,-0.38757857386618794,143.61594600000004
2021-12-22,0,0,0,0,0,0,0,0,145.54218,2.0509243,-0.0037,-0.0028,0.662,145.0,-0.6309141272800123,0.07551669417528024,-0.0023,0.0002000000000000001,-3.0,0.0009000000000000002,-0.03777300484269758,53.50218593370116,-0.2295106157440614,-0.08190759737858994,-0.14760301836547146,143.63061050000005
2021-12-23,0,0,0,0,0,0,0,0,146.04063,0.3425002,0.0002,0.0011,1.279,168.0,0.23298892954444259,0.128977272073299,0.0039000000000000003,0.0039,23.0,0.0009000000000000001,0.053460577898018766,54.50005976153987,-0.028028528242487027,-0.07113178355136936,0.04310325530888233,143.67019750000003
2021-12-24,0,1,1,0,0,0,0,0,146.04063,0.0,-0.0554,-0.0062,2.365,172.0,1.6716642680942264,-0.6351762191417625,-0.0556,-0.0073,4.0,0.0492,-0.7641534912150615,54.50005976153987,0.130147221546423,-0.030875982531810883,0.1610232040782339,143.90546100000003
2021-12-27,0,0,1,0,0,0,0,0,147.02473,0.67384243,-0.072,-0.0028,0.206,54.0,-1.255038590679904,-0.8445844236641177,-0.016599999999999997,0.0034,-118.0,0.0692,-0.2094082045223552,56.63117881295088,0.3310946355229589,0.04151814107914309,0.28957649444381584,144.02355150000002
2021-12-28,0,1,0,0,0,0,0,0,145.81252,-0.8245051,-0.0207,-0.0019,0.18,66.0,-1.2493814267571828,-0.1354089871251838,0.0513,0.0009,12.0,0.0188,0.7091754365389339,53.31836504116174,0.38805839706554934,0.11082619227642435,0.277232204789125,144.26159900000002
2021-12-29,0,1,1,0,0,0,0,0,145.78073,-0.021803379,-0.0421,-0.0025,0.268,130.0,-1.1055590416495533,-0.4197575727425806,-0.0214,-0.0006000000000000001,64.0,0.039599999999999996,-0.2843485856173968,53.23042256619327,0.4257298524386215,0.1738069243088638,0.2519229281297577,144.54010550000004
2021-12-30,0,0,0,0,1,0,0,0,145.32892,-0.3099203,-0.0098,-0.0027,0.173,75.0,-1.1942340466638004,0.02607819549320005,0.032299999999999995,-0.0002000000000000001,-55.0,0.0070999999999999995,0.44583576823578064,51.91971986299851,0.4143510798398893,0.2219157554150689,0.1924353244248204,144.70086600000002
2021-12-31,0,0,0,0,0,0,0,0,143.98845,-0.92235804,-0.0092,-0.0023,0.014,81.0,-1.357938324394672,0.03623637342511785,0.0005999999999999998,0.0004000000000000002,6.0,0.0069,0.010158177931917804,48.13291934635098,0.2937820576632362,0.23628901586470236,0.05749304179853382,144.84254
2022-01-03,0,0,0,0,0,0,0,0,144.1271,0.096297264,0.006,-0.001,0.0,54.0,-1.3308123193187429,0.24377376965597108,0.0152,0.0013,-27.0,-0.007,0.20753739623085324,48.550908732428525,0.20703160373378182,0.23043753343851825,-0.023405929704736428,144.9338155
2022-01-04,0,0,0,0,0,0,0,0,143.53867,-0.40828586,-0.0041,-0.0016,0.622,87.0,-0.4924817458265739,0.10563961367176818,-0.010100000000000001,-0.0006000000000000001,33.0,0.0025000000000000005,-0.13813415598420292,46.82617618039681,0.08976510445876329,0.20230304764256726,-0.11253794318380397,144.7911705
2022-01-05,0,0,0,0,0,0,0,0,136.95364,-4.5876265,-0.0101,0.0035,2.374,223.0,1.7422528804137527,0.02472846556947106,-0.005999999999999999,0.0051,136.0,0.0136,-0.08091114810229712,32.78853709034498,-0.5284348605511298,0.05615546600382787,-0.5845903265549577,144.27369900000002
2022-01-06,0,1,1,1,0,0,0,0,136.92632,-0.019967556,-0.1278,-0.0085,2.653,311.0,1.9913566018281668,-1.5333282403093222,-0.1177,-0.012,88.0,0.11929999999999999,-1.5580567058787933,32.74467859480842,-1.0089368860084278,-0.15686300439862327,-0.8520738816098046,143.78209750000002
2022-01-07,0,0,1,1,0,0,0,0,136.20018,-0.5303085,-0.2786,-0.0111,1.288,187.0,0.27237694659639156,-3.182863385389363,-0.15080000000000002,-0.0026,-124.0,0.2675,-1.6495351450800406,31.537200721450077,-1.4318264286201554,-0.4118556892429297,-1.0199707393772257,143.23614700000002
2022-01-10,0,0,0,0,0,0,0,0,137.8428,1.2060404,-0.0313,-0.0038,0.129,81.0,-1.1607080914636403,-0.14923916367782436,0.24730000000000002,0.007300000000000001,-106.0,0.0275,3.0336242217115386,37.18051515227895,-1.6157978203687549,-0.6526441154680948,-0.9631537049006601,142.8804285
2022-01-11,0,0,1,0,0,0,0,0,138.90295,0.7691026,-0.0368,-0.0035,1.196,156.0,0.20500340426816333,-0.20975481075520144,-0.005499999999999998,0.0002999999999999999,75.0,0.033299999999999996,-0.06051564707737708,40.584549142513424,-1.6569509299111473,-0.8535054783567053,-0.803445451554442,142.6731225
2022-01-12,0,0,0,0,1,0,0,0,140.58737,1.2126565,-0.0047,-0.0018,0.335,145.0,-0.8795318061555886,0.18388168642206956,0.0321,0.0017000000000000001,-11.0,0.0029000000000000002,0.393636497177271,45.62603205201905,-1.5359410763627466,-0.9899925979579136,-0.545948478404833,142.42409
2022-01-13,0,0,0,0,0,0,0,0,137.76082,-2.0105302,-0.0158,-0.0021,0.485,150.0,-0.6605354333992902,0.051106025402100436,-0.011100000000000002,-0.0002999999999999999,5.0,0.013700000000000002,-0.13277566101996913,39.55998243063322,-1.6491089566155779,-1.1218158696894465,-0.5272930869261314,142.132937
2022-01-14,0,0,0,0,0,0,0,0,138.64899,0.6447196,-0.0094,-0.0062,0.485,269.0,-0.6408665767253207,0.13030242452230217,0.006400000000000001,-0.0040999999999999995,119.0,0.0032000000000000006,0.07919639912020174,42.16211702463529,-1.6481288177069473,-1.2270784592929467,-0.4210503584140006,142.021381
2022-01-17,0,0,1,0,0,0,0,0,138.64899,0.0,-0.0407,-0.0015,0.476,88.0,-0.6310829584173926,-0.24621641834079291,-0.0313,0.004699999999999999,-181.0,0.0392,-0.3765188428630951,42.1621170246353,-1.628578807818883,-1.307378528998134,-0.3212002788207491,141.91569099999998
2022-01-18,0,1,0,0,1,0,0,0,135.18723,-2.496773,-0.0081,-0.0016,0.121,121.0,-1.0612234214277865,0.15323295932569006,0.032600000000000004,-0.00010000000000000005,33.0,0.0065,0.399449377666483,35.29348909448101,-1.8708543407234686,-1.4200736913432008,-0.45078064938026774,141.54419249999998
2022-01-19,0,0,0,0,0,0,0,0,134.31099,-0.6481707,-0.0045,-0.0029,0.54,157.0,-0.4856164480502267,0.31205041520475835,0.0036,-0.0012999999999999997,36.0,0.0015999999999999999,0.1588174558790683,33.79282700987255,-2.1092505634752285,-1.5579090657696064,-0.5513414977056221,140.982633
2022-01-20,0,0,0,0,0,0,0,0,132.51279,-1.3388515,-0.0103,-0.0015,1.24,234.0,0.49354470607622514,0.24337641907273846,-0.0058000000000000005,0.0013999999999999998,77.0,0.0088,-0.06867399613201988,30.890093661084833,-2.4154373412610823,-1.7294147208679016,-0.6860226203931807,140.306241
2022-01-21,0,0,0,0,0,0,0,0,129.5744,-2.217424,-0.0165,-0.0032,0.779,270.0,-0.15284638246679408,0.15712077941619557,-0.006200000000000001,-0.0017000000000000001,36.0,0.013300000000000001,-0.0862556396565429,26.833868684857816,-2.862202396890922,-1.9559722560725057,-0.9062301408184161,139.4829295
2022-01-24,0,0,0,0,0,0,0,0,130.0242,0.34713745,-0.0138,-0.0021,1.357,109.0,0.6283026293905205,0.20037263979026887,0.002700000000000001,0.0011000000000000003,-161.0,0.0117,0.0432518603740733,28.384136530901465,-3.143732826265932,-2.193524370111191,-0.950208456154741,138.632903
2022-01-25,0,1,1,1,0,0,0,0,126.17827,-2.9578626,-0.5116,-0.0726,1.372,201.0,0.6332934740620728,-5.157519246583024,-0.4978000000000001,-0.0705,92.0,0.43900000000000006,-5.3578918863732925,23.750374586169194,-3.635276919636482,-2.481874880016249,-1.1534020396202327,137.65119049999998
2022-01-26,0,1,1,0,0,0,0,0,128.46257,1.8103957,-0.0478,-0.0096,0.65,295.0,-0.3758446602042309,-0.12093274421730801,0.46380000000000005,0.063,94.0,0.038200000000000005,5.036586502365716,30.95973787561202,-3.796738794275683,-2.744847662868136,-1.051891131407547,136.7852825
2022-01-27,0,0,1,0,0,0,0,0,128.23593,-0.17643571,-0.0396,-0.0038,0.252,161.0,-0.9028816572662354,-0.024956973777494798,0.008199999999999999,0.0058,-134.0,0.035800000000000005,0.09597577043981322,30.65009638748669,-3.8980521286024157,-2.9754885560149917,-0.9225635725874239,135.930633
2022-01-28,0,1,0,0,1,0,0,0,132.556,3.3688545,-0.0032,0.0209,0.835,332.0,-0.09251132377654013,0.3711059814548249,0.0364,0.0247,171.0,0.0241,0.39606295523231966,42.46280435208958,-3.5883854574498173,-3.0980679363019568,-0.49031752114786054,135.3590105
2022-01-31,0,0,0,0,0,0,0,0,134.49689,1.4641881,-0.002,0.0027,0.385,94.0,-0.6965225228286108,0.3840857570004159,0.0012000000000000001,-0.018199999999999997,-238.0,0.0047,0.012979775545591044,46.84360925658464,-3.150047006176976,-3.1084637502769605,-0.04158325590001555,134.8775
2022-02-01,0,0,0,0,0,0,0,0,136.82343,1.7297983,0.0045,-0.0031,1.426,168.0,0.7348132452320024,0.461204342906844,0.0065,-0.0058,74.0,-0.007599999999999999,0.07711858590642806,51.600671589271876,-2.5851285385851384,-3.003796707938596,0.41866816935345774,134.54173799999998
2022-02-02,1,1,1,0,0,0,0,0,147.11768,7.523763,0.3962,0.062,2.956,346.0,2.768243592995432,4.203170695770745,0.3917,0.0651,178.0,-0.3342,3.7419663528639013,66.06971302728115,-1.291874713109081,-2.661412308972693,1.369537595863612,135.04993999999996
2022-02-03,0,1,1,0,0,0,0,0,142.23695,-3.3175588,0.2126,0.0394,1.309,357.0,0.5319590127529498,2.343992388112191,-0.18359999999999999,-0.022600000000000002,11.0,-0.17320000000000002,-1.8591783076585542,57.320217555582595,-0.6532654229143589,-2.259782931761026,1.6065175088466672,135.31547149999997
2022-02-04,0,0,0,0,0,0,0,0,142.43877,0.14187098,0.0051,0.0038,0.406,245.0,-0.6779424311300027,0.22297753844422571,-0.20750000000000002,-0.0356,-112.0,-0.0013000000000000004,-2.121014849667965,57.57043252981963,-0.12938628760036863,-1.8337036029288947,1.704317315328526,135.627401
2022-02-07,0,0,1,1,0,0,0,0,138.37114,-2.8556943,-0.2091,-0.0044,1.083,96.0,0.2179987760595306,-1.8691740113694708,-0.2142,-0.0082,-149.0,0.20470000000000002,-2.0921515498136967,51.07163795009709,-0.04194848884895919,-1.4753525801129075,1.4334040912639483,135.653818
2022-02-08,0,1,1,0,0,0,0,0,138.56796,0.14224052,-0.0609,-0.0092,0.488,175.0,-0.5596001382332518,-0.39380074253260244,0.1482,-0.0048,79.0,0.0517,1.4753732688368684,51.357765255965646,0.04273569523090259,-1.1717349250441456,1.2144706202750482,135.6370685
2022-02-09,0,1,0,0,1,0,0,0,140.74791,1.5731931,-0.0046,-0.0055,0.604,218.0,-0.38864055861160457,0.16253492743078002,0.0563,0.0037,43.0,-0.0008999999999999998,0.5563356699633825,54.529455536068006,0.2824958315301842,-0.8808887737292797,1.1633846052594639,135.64509549999997
2022-02-10,0,0,0,0,0,0,0,0,137.79361,-2.0990074,-0.0095,-0.0024,0.944,210.0,0.08496574275247819,0.11561065437364301,-0.0049,0.0031,-8.0,0.0071,-0.046924273057137006,49.79115903821965,0.23145211117741837,-0.6584205967479401,0.8898727079253584,135.64673499999998
2022-02-11,0,1,1,1,0,0,0,0,133.48198,-3.129053,-0.0344,-0.0031,1.059,255.0,0.2250946657981127,-0.12466740934329508,-0.0249,-0.0007000000000000001,45.0,0.0313,-0.2402780637169381,43.80817545075868,-0.15512473082176825,-0.5577614235627057,0.4026366927409375,135.38838449999997
2022-02-14,0,0,0,0,1,0,0,0,134.71805,0.9260297,-0.0028,-0.0018,0.379,97.0,-0.7189012139190738,0.1880977437530631,0.0316,0.0013,-158.0,0.001,0.31276515309635816,45.818217436318484,-0.3576266471365557,-0.5177344682774757,0.16010782114092004,135.19183749999996
2022-02-15,0,0,0,0,0,0,0,0,135.79408,0.798738,-0.0069,-0.0022,0.609,157.0,-0.4012321968564405,0.1484547933694117,-0.0040999999999999995,-0.0004000000000000002,60.0,0.004699999999999999,-0.0396429503836514,47.576246713728516,-0.42636932633323,-0.49946143988862657,0.07309211355539658,135.22217999999998
2022-02-16,0,0,0,0,0,0,0,0,136.91687,0.8268237,-0.0043,-0.0021,1.567,219.0,0.8912915324538264,0.17434254215831935,0.0026,0.00010000000000000026,62.0,0.0022,0.02588774878890765,49.42044108259237,-0.3858013476259714,-0.47672942143609554,0.09092807381012413,135.35247399999997
2022-02-17,0,0,0,0,0,0,0,0,131.74884,-3.7745714,-0.0042,-0.0015,1.218,368.0,0.3861540777399356,0.17628734499721013,0.00010000000000000026,0.0005999999999999998,149.0,0.0026999999999999997,0.0019448028388907856,42.08225446563633,-0.7618852235946179,-0.5337605818678,-0.2281246417268179,135.3142765
2022-02-18,0,0,0,0,0,0,0,0,129.6256,-1.6116023,-0.0012,-0.0049,0.074,198.0,-1.1751505295760396,0.19941404664619933,0.003,-0.0034,-170.0,-0.0037,0.023126701648989195,39.48803674456056,-1.2172306509365,-0.67045459568154,-0.5467760552549601,135.3168365
2022-02-21,0,0,0,0,0,0,0,0,129.6256,0.0,-0.0017,-0.0017,0.051,60.0,-1.1885958520515474,0.19304521302683778,-0.0005,0.0031999999999999997,-138.0,0.0,-0.0063688336193615525,39.48803674456057,-1.5601111920056496,-0.848385914946362,-0.7117252770592877,135.2969065
2022-02-22,0,0,0,0,0,0,0,0,129.03961,-0.45205355,-0.0015,-0.0014,0.233,109.0,-0.9214711286794783,0.18529035676370872,0.00019999999999999987,0.0002999999999999999,49.0,0.00010000000000000005,-0.007754856263129051,38.72394155819151,-1.85771638866089,-1.0502520096892676,-0.8074643789716225,135.4399735
2022-02-23,0,0,0,0,0,0,0,0,126.827385,-1.7143846,-0.0011,-0.0021,0.69,155.0,-0.2990875192257822,0.18660503565904388,0.00039999999999999996,-0.0006999999999999999,46.0,-0.0009999999999999998,0.001314678895335153,35.899732096104294,-2.2461860853148607,-1.2894388248143862,-0.9567472605004745,135.35821425
2022-02-24,0,0,0,0,0,0,0,0,131.89996,3.9996028,-0.0005,-0.0026,0.522,227.0,-0.521064010731263,0.19187581325161904,0.0006000000000000001,-0.0005,72.0,-0.0021,0.00527077759257516,45.68210365007296,-2.1202952654817864,-1.4556101129478662,-0.6646851525339201,135.54141575
2022-02-25,0,0,0,0,0,0,0,0,133.65791,1.3327837,0.0027,-0.0016,0.249,147.0,-0.8663736161846262,0.22183211503619793,0.0032,0.0009999999999999998,-80.0,-0.0043,0.029956301784578893,48.609170634224554,-1.8572646201369878,-1.5359410143856906,-0.32132360575129715,135.59651125
2022-02-28,0,0,0,0,0,0,0,0,134.25185,0.44436455,0.0002,-0.0014,2.358,215.0,1.8914897830995776,0.1967518380110578,-0.0025,0.0002000000000000001,68.0,-0.0016,-0.025080277025140124,49.59741259455869,-1.5826412413610171,-1.545281059780756,-0.03736018158026111,135.58425925
2022-03-01,0,0,0,0,0,0,0,0,133.26228,-0.73708296,-0.0052,-0.0017,1.749,206.0,1.0854531965527703,0.14261956063177023,-0.005399999999999999,-0.0002999999999999999,-9.0,0.0034999999999999996,-0.05413227737928758,47.943192681728206,-1.4283847338714395,-1.5219017945988926,0.09351706072745314,135.40620175
2022-03-02,0,0,0,0,0,0,0,0,133.76926,0.3804326,-0.0009,-0.0021,1.4,231.0,0.7046559734916938,0.1828438330840034,0.0043,-0.00039999999999999996,25.0,-0.0012,0.04022427245223317,48.883828542223306,-1.2508077581018995,-1.467682987299494,0.2168752291975946,134.73878075000002
2022-03-03,0,0,0,0,0,0,0,0,133.10126,-0.49936175,0.0006,-0.0029,0.952,216.0,0.10342808908195962,0.19720912690141948,0.0015,-0.0007999999999999999,-15.0,-0.0034999999999999996,0.01436529381741608,47.661790639889794,-1.1507140277057886,-1.404289195380753,0.25357516767496446,134.28199625000002
2022-03-04,0,0,0,0,0,0,0,0,131.1201,-1.4884472,-0.0159,-0.0019,1.383,157.0,0.7006851366815775,0.03639641967422252,-0.0165,0.0009999999999999998,-59.0,0.014,-0.16081270722719695,44.13762587434868,-1.2172207172506262,-1.3668754997547277,0.14965478250410147,133.71606275000002
2022-03-07,0,0,0,0,0,0,0,0,125.625084,-4.1908445,0.0,-0.002,0.91,61.0,0.021142267979709632,0.19356439793060148,0.0159,-0.00010000000000000005,-96.0,-0.002,0.15716797825637896,36.152853722184695,-1.6938044914837747,-1.4322612981005372,-0.2615431933832375,133.07875995
2022-03-08,0,0,0,0,0,0,0,0,126.34676,0.57446957,-0.0031,0.0073,2.535,360.0,2.2598047484335906,0.16307075418760078,-0.0031,0.0093,299.0,0.0104,-0.030493643743000703,37.74572515043817,-1.9903241266637508,-1.54387386381318,-0.4464502628505709,132.46769995
2022-03-09,0,0,0,0,0,0,0,0,132.6246,4.9687386,0.0012,0.0264,0.838,333.0,-0.07056140929045923,0.20518655472686564,0.0043,0.0191,-27.0,0.0252,0.042115800539264864,49.539293358043686,-1.699161970446795,-1.574931485139903,-0.12423048530689207,132.06153445
2022-03-10,0,0,0,0,0,0,0,0,131.64001,-0.7423878,-0.0006,0.0035,1.552,215.0,0.9126738648068993,0.18722247984400933,-0.0018,-0.0229,-118.0,0.0041,-0.017964074882856312,48.00334228365814,-1.5302225948301214,-1.5659897070779467,0.03576711224782536,131.75385445
2022-03-11,0,1,1,0,0,0,0,0,129.09627,-1.9323528,-0.0454,-0.0016,2.174,316.0,1.700534163367741,-0.24842463104377555,-0.0448,-0.0051,101.0,0.043800000000000006,-0.43564711088778485,44.19123030385158,-1.5833436812292234,-1.569460501908202,-0.013883179321021455,131.53456895
2022-03-14,0,0,0,0,1,0,0,0,125.20014,-3.0180037,-0.0039,-0.0021,0.433,66.0,-0.664910621478153,0.1623184950165159,0.0415,-0.0004999999999999998,-250.0,0.0018,0.41074312606029145,39.073036369186134,-1.917721356542188,-1.6391126728349992,-0.27860868370718883,131.05867345
2022-03-15,0,1,0,0,0,0,0,0,128.42776,2.5779843,-0.027,-0.0088,0.776,136.0,-0.20644793013809887,-0.061787893344730754,-0.0231,-0.006700000000000001,70.0,0.0182,-0.22410638836124666,44.778875621484396,-1.9003698331373187,-1.691364104895463,-0.2090057282418556,130.69035745
2022-03-16,0,1,0,0,1,0,0,0,132.48595,3.1598806,-0.0044,-0.0021,1.002,186.0,0.09396368632525284,0.16175559985282095,0.0226,0.006700000000000001,50.0,0.0023000000000000004,0.2235434931975517,50.993289975370736,-1.5413884420578654,-1.6613689723279434,0.11998053027007805,130.46881144999998
2022-03-17,0,0,0,0,0,0,0,0,133.04112,0.4190445,-0.0011,-0.001,1.033,236.0,0.14210345704573965,0.1946029587945084,0.0033,0.0010999999999999998,50.0,0.00010000000000000005,0.03284735894168744,51.79254878000133,-1.1982824696502234,-1.5687516717923995,0.37046920214217605,130.53342544999995
2022-03-18,0,0,0,0,0,0,0,0,135.31396,1.7084002,-0.0035,-0.0025,1.212,165.0,0.426793085802238,0.1624500729235583,-0.0024000000000000002,-0.0015,-71.0,0.001,-0.03215288587095011,55.02637955025268,-0.7345024346339812,-1.4019018243607158,0.6673993897267345,130.81784344999997
2022-03-21,0,0,0,0,0,0,0,0,135.2901,-0.017631054,-0.0039,-0.0029,1.313,93.0,0.5466578166933402,0.14757260034017253,-0.00039999999999999975,-0.00039999999999999975,-72.0,0.001,-0.014877472583385759,54.98468002798985,-0.36467497204708366,-1.1944564538979894,0.8297814818509057,131.10106844999999
2022-03-22,0,1,1,0,0,0,0,0,139.0342,2.7674437,-0.085,-0.0131,1.403,191.0,0.6495817039827196,-0.6436235442781999,-0.0811,-0.0102,98.0,0.0719,-0.7911961446183724,60.095010904882706,0.22790637296597538,-0.9099838885251964,1.137890261491172,131.60079795
2022-03-23,0,0,0,0,1,0,0,1,137.45117,-1.1385918,-0.0157,-0.0044,1.887,188.0,1.2946261199849762,0.03671854541561127,0.0693,0.0087,-3.0,0.011299999999999998,0.6803420896938112,57.14131812088395,0.5633006874580815,-0.6153269733285408,1.1786276607866224,132.13198719999997
2022-03-24,0,0,0,0,0,0,0,0,140.72801,2.384019,-0.0015,-0.0017,2.462,315.0,2.00714223428141,0.17566904951744783,0.014199999999999999,0.0027,127.0,-0.00019999999999999987,0.13895050410183657,61.373488694405474,1.0810549716048001,-0.2760505843418726,1.3571055559466727,132.57338969999995
2022-03-25,0,0,0,0,0,0,0,0,140.8284,0.07133484,-0.0037,-0.0012,1.427,312.0,0.5477969964699189,0.15300499489091543,-0.0022,0.0005,-3.0,0.0025000000000000005,-0.0226640546265324,61.49892323107671,1.482391519336801,0.07563783639386212,1.4067536829429388,132.93191419999997
2022-03-28,0,0,0,0,0,0,0,0,140.61221,-0.15352368,-0.0054,-0.0008,0.62,79.0,-0.6105778981909002,0.1381359400495971,-0.0017000000000000001,0.00039999999999999986,-233.0,0.0046,-0.014869054841318341,61.03922746479573,1.7626897089349427,0.41304821090207827,1.3496414980328644,133.24993219999996
2022-03-29,0,0,0,0,0,0,0,0,141.65594,0.7422805,-0.0058,-0.0011,1.57,158.0,0.7222197448947809,0.1344676655589464,-0.0003999999999999993,-0.00030000000000000003,79.0,0.004699999999999999,-0.003668274490650686,62.496730188180095,2.0454694334470673,0.739532455411076,1.3059369780359913,133.66961519999998
2022-03-30,0,0,0,0,0,0,0,0,141.09233,-0.3978789,-0.0074,-0.0031,1.323,234.0,0.40689001705727057,0.11820137717533226,-0.0016000000000000007,-0.002,76.0,0.0043,-0.016266288383614144,61.16606869259004,2.198749964806183,1.0313759572900973,1.1673740075160854,134.03576869999998
2022-03-31,0,0,0,0,0,0,0,0,138.23842,-2.0227075,-0.0089,-0.0033,0.806,238.0,-0.32280527653035584,0.0846240141905087,-0.0014999999999999996,-0.0002000000000000001,4.0,0.0056,-0.033577362984823556,54.80307505758707,2.0661222333660874,1.2383252125052953,0.8277970208607921,134.29262669999997
2022-04-01,0,0,0,0,0,0,0,0,139.31497,0.7787585,-0.0051,-0.0022,0.623,196.0,-0.5872702389942192,0.08200513796284699,0.0037999999999999996,0.0010999999999999998,-42.0,0.0029000000000000002,-0.002618876227661715,56.63565256340755,2.0245446975270625,1.3955691095096487,0.6289755880174137,134.70237019999996
2022-04-04,0,0,0,0,0,0,0,0,142.11916,2.012837,-0.0004,-0.001,0.125,79.0,-1.3544214669978951,0.12649419548219887,0.0047,0.0012000000000000001,-117.0,-0.0006000000000000001,0.04448905751935188,61.06419248704324,2.1925940389919276,1.5549740954061044,0.6376199435858232,135.527074
2022-04-05,0,0,0,0,0,0,0,0,139.75285,-1.665014,0.0022,-0.0012,0.915,140.0,-0.13002308617562672,0.14727494801743204,0.0026000000000000003,-0.00019999999999999987,61.0,-0.0034000000000000002,0.020780752535233177,55.87834030639919,2.110504331718033,1.6660801426684901,0.44442418904954306,136.19737849999999
2022-04-06,0,0,0,0,0,0,0,0,135.73396,-2.8757155,-0.0017,-0.0008,2.064,232.0,1.5767752695382653,0.10527735301664091,-0.0039,0.00039999999999999986,92.0,0.0008999999999999999,-0.04199759500079113,48.36573652730006,1.7015424889055168,1.6731726119158954,0.028369876989621456,136.3528465
2022-04-07,0,0,0,0,0,0,0,0,135.07838,-0.4829824,-0.0092,-0.0028,2.38,299.0,1.954004959492839,0.02437956589383712,-0.0075,-0.002,67.0,0.0063999999999999994,-0.0808977871228038,47.24977056117759,1.309443011044948,1.6004266917417058,-0.29098368069675784,136.52476499999997
2022-04-08,0,0,0,0,0,0,0,0,132.4929,-1.9140661,-0.0067,-0.0013,1.085,254.0,0.022736908017944632,0.05047685644515191,0.0024999999999999996,0.0015,-45.0,0.0054,0.026097290551314788,43.032690781209176,0.7810710211422816,1.436555557621821,-0.6554845364795394,136.6945965
2022-04-11,0,0,0,0,0,0,0,0,128.05551,-3.3491552,-0.0154,-0.003,0.95,75.0,-0.1913201525150952,-0.04652836529649709,-0.0087,-0.0017000000000000001,-179.0,0.012400000000000001,-0.097005221741649,36.93914530240595,0.0042234390687667656,1.15008913391121,-1.1458656948424433,136.837365
2022-04-12,0,1,1,1,0,0,0,0,126.953125,-0.8608699,-0.0374,-0.0066,0.638,156.0,-0.6814093853938845,-0.2752157793155122,-0.022000000000000002,-0.0036,81.0,0.0308,-0.22868741401901513,35.5908043198224,-0.6924055034568539,0.7815902064375972,-1.4739957098944512,136.76363325
2022-04-13,0,1,0,0,0,0,0,0,129.11963,1.7065406,-0.0173,-0.0039,1.498,182.0,0.6033575750412665,-0.059240398843720336,0.020100000000000003,0.0027,26.0,0.013399999999999999,0.21597538047179188,40.209863447612875,-1.057480139299372,0.41377613729020335,-1.4712562765895754,136.59531725000002
2022-04-14,0,0,0,0,1,0,0,0,125.9745,-2.4358273,-0.0049,-0.0043,1.069,201.0,-0.046309656231998154,0.0716418827452499,0.0124,-0.0004000000000000002,19.0,0.0005999999999999998,0.13088228158897022,36.156163693791825,-1.5823497811782659,0.014550953596509486,-1.5969007347747755,136.24198625000002
2022-04-15,0,0,0,0,0,0,0,0,125.9745,0.0,-0.0037,-0.0017,0.212,147.0,-1.3212611095228164,0.08212922793958313,0.0011999999999999997,0.0026,-54.0,0.002,0.010487345194333239,36.156163693791825,-1.975539958933183,-0.3834672289094291,-1.5920727300237538,135.77501325
2022-04-18,0,0,0,0,0,0,0,0,126.91536,0.74687004,-0.0006,-0.0013,1.105,69.0,0.029061624375661097,0.11273654898033138,0.0031000000000000003,0.00039999999999999996,-78.0,-0.0007,0.030607321040748245,38.31372572905302,-2.186027306645059,-0.7439792444565551,-1.442048062188504,135.35627625
2022-04-19,0,0,0,0,0,0,0,0,129.23396,1.8268943,-0.0028,-0.001,1.342,139.0,0.3871157522778464,-0.0011139526247890429,-0.0022,0.0002999999999999999,70.0,0.0018,-0.11385050160512042,43.39083569054365,-2.141067510047293,-1.0233968975747025,-1.1176706124725904,134.86626425
2022-04-20,0,0,0,0,1,0,0,0,127.2767,-1.5145063,-0.0007,0.0019,0.892,216.0,-0.2982463158796589,0.018488852588333823,0.0021,0.0029,77.0,0.0026,0.019602805213122864,40.37021324631084,-2.237577669293529,-1.266233051918468,-0.9713446173750611,134.35754075
2022-04-21,0,0,0,0,0,0,0,0,124.07041,-2.5191486,-0.0181,-0.0112,1.953,202.0,1.2632200985741353,-0.24683668663802055,-0.017400000000000002,-0.0131,-14.0,0.006900000000000002,-0.2653255392263544,35.95459250446085,-2.5434640029560285,-1.52167924212598,-1.0217847608300485,133.52466075
2022-04-22,0,0,0,0,0,0,0,0,118.92228,-4.1493654,-0.007,-0.0069,1.059,217.0,-0.09439654405734274,-0.0800168002951062,0.011100000000000002,0.0043,15.0,0.00010000000000000026,0.16681988634291434,30.236029950791565,-3.164810230150806,-1.850305439730945,-1.314504790419861,132.42935475
2022-04-25,0,0,0,0,1,0,0,0,122.34029,2.874148,0.0008,-0.0032,0.86,89.0,-0.4115864097897657,0.0358365792471028,0.0078000000000000005,0.0036999999999999997,-128.0,-0.004,0.115853379542209,37.35956812009825,-3.342891972481169,-2.14882274628099,-1.1940692262001793,131.51575874999997
2022-04-26,0,0,0,0,0,0,0,0,117.94266,-3.5945833,-0.0024,0.0043,2.651,162.0,2.2010006828036457,-0.010261093768108312,-0.0031999999999999997,0.0075,73.0,0.006699999999999999,-0.04609767301521111,32.72906474600261,-3.795127161230255,-2.478083629270843,-1.317043531959412,130.33009475
2022-04-27,0,1,1,1,0,0,0,0,113.61311,-3.6708891,-0.2613,-0.0801,3.068,277.0,2.7885017636344323,-4.68645691187146,-0.25889999999999996,-0.0844,115.0,0.18119999999999997,-4.676195818103351,28.927626688059703,-4.451570375649268,-2.872780978546528,-1.5787893971027405,128.95613375
2022-04-28,0,1,0,1,0,0,0,0,117.81592,3.6992192,-0.0469,-0.0296,1.656,282.0,0.7226493743970002,-0.6762622174313628,0.21439999999999998,0.0505,5.0,0.017299999999999996,4.010194694440097,36.622968220788444,-4.579880696055625,-3.2142009220483474,-1.3656797740072775,127.93500874999998
2022-04-29,0,0,0,0,1,1,0,0,113.42922,-3.7233472,-0.006,-0.0054,0.64,231.0,-0.7593373429187347,0.2532785949997642,0.0409,0.0242,-51.0,0.0005999999999999998,0.9295408124311271,32.64936351159734,-4.978152534595594,-3.566991244557797,-1.4111612900377972,126.64072124999998
2022-05-02,0,0,1,0,0,0,0,0,115.88797,2.167654,-0.0491,-0.0031,0.703,83.0,-0.6559563271832328,-0.9466383672008672,-0.0431,0.0023000000000000004,-148.0,0.046,-1.1999169622006314,36.789203059147056,-5.037318191177107,-3.8610566338816588,-1.1762615572954482,125.32916174999995
2022-05-03,0,1,0,0,0,0,0,0,116.63451,0.64417124,-0.0163,-0.0042,0.428,198.0,-1.052127352269463,-0.07018282368516408,0.032799999999999996,-0.0010999999999999998,115.0,0.0121,0.8764555435157032,38.03461872351853,-4.966714666377115,-4.08218824038075,-0.8845264259963646,124.17324474999995
2022-05-04,0,0,0,0,1,0,0,0,121.53213,4.1991234,-0.0034,-0.0022,1.281,151.0,0.16877928553101879,0.28730312894242516,0.012899999999999998,0.0019999999999999996,-47.0,0.0011999999999999997,0.35748595262758925,45.6062391198802,-4.464104444196181,-4.158571481143836,-0.3055329630523449,123.46315324999996
2022-05-05,0,0,0,0,0,0,0,0,115.81096,-4.7075453,-0.0033,-0.0015,1.579,249.0,0.5863519349834407,0.28704104878218195,9.999999999999983e-05,0.0007000000000000001,98.0,0.0018,-0.00026208016024320546,39.52980457837144,-4.475838151100632,-4.222024815135195,-0.25381333596543687,122.49978224999995
2022-05-06,0,0,0,0,0,0,0,0,115.05646,-0.65147877,-0.0014,-0.0043,0.867,231.0,-0.44364566573714054,0.32512116775055244,0.0019,-0.0028,-18.0,-0.0029,0.03808011896837049,38.7956845743488,-4.494212557922054,-4.276462363692567,-0.21775019422948727,121.62796024999993
2022-05-09,0,0,0,0,0,0,0,0,111.84026,-2.7953327,-0.0007,-0.0021,1.137,95.0,-0.0707715416620057,0.34349592391641487,0.0007,0.0022,-136.0,-0.0013999999999999998,0.018374756165862427,35.74804778416478,-4.713955326139157,-4.363960956181885,-0.3499943699572716,120.81719774999992
2022-05-10,0,1,1,0,0,0,0,0,113.71302,1.6744971,-0.1352,-0.0115,1.348,165.0,0.2223364095577231,-3.054852012213774,-0.13449999999999998,-0.0094,70.0,0.12369999999999999,-3.3983479361301887,38.76456862432187,-4.683004214900265,-4.427769607925561,-0.255234606974704,120.15519249999993
2022-05-11,0,1,0,0,1,0,0,1,112.92524,-0.69277287,-0.0103,-0.003,2.867,219.0,2.3242457674220836,0.12739647935084086,0.12489999999999998,0.0085,54.0,0.0073,3.1822484915646148,37.957291352936366,-4.668230048375207,-4.475861696015491,-0.1923683523597166,119.34547299999993
2022-05-12,0,0,0,0,0,0,0,0,112.171265,-0.6676853,-0.0003,-0.0005,3.11,1029.0,2.479656302842531,0.38023669947689387,0.01,0.0025,810.0,-0.00020000000000000004,0.252840220126053,37.15967085412991,-4.663601797697453,-4.513409716351883,-0.15019208134556994,118.65531124999993
2022-05-13,0,0,0,0,0,0,0,0,115.35866,2.8415322,-0.0015,-0.0018,1.078,337.0,-0.2580287049878395,0.34983207731006194,-0.0012000000000000001,-0.0013,-692.0,-0.0002999999999999999,-0.03040462216683193,42.646536976689866,-4.35256408793343,-4.481240590668192,0.12867650273476183,118.12451924999993
2022-05-16,0,0,0,0,0,0,0,0,113.762726,-1.3834476,-0.0005,-0.0019,0.738,112.0,-0.7511379038089009,0.37471088978019884,0.001,-0.00010000000000000005,-225.0,-0.0014,0.024878812470136902,40.72895936763557,-4.186582678996572,-4.422309008333868,0.23572632933729576,117.46688754999994
2022-05-17,0,0,0,0,0,0,0,0,115.77863,1.7720342,-0.0055,-0.0028,0.92,151.0,-0.5226692998916437,0.24927138737604937,-0.004999999999999999,-0.0009,39.0,0.0026999999999999997,-0.12543950240414947,44.14535440505367,-3.848017065966303,-4.307450619860355,0.45943355389405216,116.79412104999992
2022-05-18,0,0,0,0,0,0,0,0,111.2324,-3.9266646,-0.007,-0.0016,2.03,224.0,1.0097383634444788,0.213732816725163,-0.0015000000000000005,0.0012,73.0,0.0054,-0.035538570650886364,38.724392189667604,-3.9015692829258626,-4.226274352473457,0.32470506954759415,115.99190604999993
2022-05-19,0,0,1,1,0,0,0,0,109.72593,-1.3543427,-0.3197,-0.0153,1.546,131.0,0.3074749365812785,-5.390316511872484,-0.3127,-0.013699999999999999,-93.0,0.3044,-5.604049328597648,37.09868023272735,-4.019238065068819,-4.184867094992529,0.16562902992370976,115.27468204999994
2022-05-20,0,1,1,1,0,0,0,0,108.258736,-1.3371468,-0.0743,-0.0064,0.759,194.0,-0.8357280110878453,-0.9373276621374267,0.24539999999999998,0.008899999999999998,63.0,0.0679,4.452988849735058,35.53403716441904,-4.182666540365233,-4.18442698406707,0.0017604437018370334,114.74150484999991
2022-05-23,0,0,0,0,1,1,0,0,110.82335,2.3689747,-0.0009,-0.0013,0.551,83.0,-1.101644112328119,0.37828310776513197,0.0734,0.0051,-111.0,-0.00039999999999999996,1.3156107699025585,40.27566327233535,-4.058458484938015,-4.1592332842412585,0.10077479930324351,114.16565784999992
2022-05-24,0,0,0,0,0,0,0,0,105.33824,-4.9494147,-0.0063,-0.0064,2.072,218.0,1.096064689629192,0.28186554645273154,-0.0054,-0.0051,135.0,-0.00010000000000000026,-0.09641756131240042,34.44094481292691,-4.352452874732222,-4.197877202339451,-0.15457567239277115,113.53543684999991
2022-05-25,0,0,0,0,0,0,0,0,105.17424,-0.1556933,-0.008,-0.0108,1.716,308.0,0.5724725572846071,0.2536906945755277,-0.0017000000000000001,-0.0044,90.0,-0.0028000000000000004,-0.028174851877203866,34.28103529172136,-4.546272378135299,-4.267556237498621,-0.2787161406366785,113.11349334999989
2022-05-26,0,0,0,0,0,0,0,0,107.14989,1.8784523,-0.0103,-0.0029,1.3,256.0,-0.03548940465046543,0.21592156809309215,-0.0023,0.0079,-52.0,0.0074,-0.03776912648243552,38.01472840425806,-4.4887141841845875,-4.311787826835814,-0.1769263573487736,112.58019184999989
2022-05-27,0,0,0,0,0,0,0,0,111.64693,4.196954,-0.0297,-0.0026,1.082,212.0,-0.34284183078931746,-0.12824485039913947,-0.0194,0.0002999999999999999,-44.0,0.0271,-0.3441664184922316,45.59198833309315,-4.033727061468966,-4.256175673762444,0.22244861229347812,112.49107734999988
2022-05-30,0,0,0,0,1,0,0,0,111.64693,0.0,-0.001,-0.0007,0.609,112.0,-1.0122746267604061,0.38735452070663934,0.0287,0.0018999999999999998,-100.0,0.00030000000000000003,0.5155993711057788,45.59198833309314,-3.6312872694670517,-4.131197992903365,0.4999107234363134,112.2790253499999
2022-05-31,0,0,0,0,0,0,0,0,113.0838,1.2869835,-0.0019,0.0014,0.965,143.0,-0.4757931242950511,0.37078691727273566,-0.0009,0.0021,31.0,0.0033,-0.016567603433903677,47.949784734706704,-3.1599811387593775,-3.9369546220745675,0.77697348331519,112.1014898499999
2022-06-01,0,0,0,0,0,0,0,0,113.21303,0.114274025,-0.001,-0.0032,0.557,155.0,-1.0627926900074747,0.3877084404490735,0.0009,-0.0046,12.0,-0.0022,0.016921523176337827,48.16734393807353,-2.744404071808816,-3.698444512021417,0.954040440212601,111.68553484999988
2022-06-02,0,0,0,0,0,0,0,0,116.92128,3.275466,-0.0007,-0.0026,1.023,204.0,-0.3684194676032085,0.3931304182746836,0.00030000000000000003,0.0006000000000000003,49.0,-0.0018999999999999998,0.0054219778256101026,54.096478154276106,-2.091719428792757,-3.377099495375685,1.285380066582928,111.7410508499999
2022-06-03,0,0,0,0,0,0,0,0,113.85816,-2.6198149,-0.0109,-0.0016,0.378,181.0,-1.2694437802527343,0.19985346804303486,-0.0102,0.0009999999999999998,-23.0,0.0093,-0.19327695023164873,49.10015657218428,-1.8008710112868016,-3.0618537985579084,1.2609827872711068,111.68113584999992
2022-06-06,0,0,1,0,0,0,0,0,116.12406,1.9901037,-0.4316,-0.0076,1.257,92.0,-0.0024707711699360653,-5.248346804197047,-0.42069999999999996,-0.006,-89.0,0.424,-5.448200272240082,52.58855434867922,-1.3717200173857123,-2.723827042323469,1.352107024937757,111.89532584999992
2022-06-07,0,1,1,0,0,0,0,0,116.4511,0.28163195,-0.0545,-0.0039,0.388,133.0,-1.268854168149903,-0.32438080010874815,0.3771,0.0037,41.0,0.0506,4.9239660040882995,53.08828465256244,-0.9937698082907218,-2.37781559551692,1.384045787226198,112.03222984999994
2022-06-08,0,1,0,0,1,0,0,0,116.49533,0.03798008,-0.0016,-0.003,0.368,163.0,-1.2663269670616826,0.36417182811202325,0.0529,0.0008999999999999998,30.0,-0.0014,0.6885526282207715,53.1601911857257,-0.6828016409565691,-2.0388128046048495,1.3560111636482803,112.21073434999994
2022-06-09,0,0,0,0,0,0,0,0,114.1509,-2.0124674,-0.0013,-0.0013,0.939,171.0,-0.4360227582448986,0.3681291429192397,0.00030000000000000014,0.0017000000000000001,8.0,0.0,0.00395731480721645,48.883079338364496,-0.6184044541169129,-1.7547311345072623,1.1363266803903493,112.30971609999995
2022-06-10,0,0,0,0,0,0,0,0,110.498795,-3.1993628,-0.0033,-0.0013,1.007,177.0,-0.332280973574572,0.34202755694188697,-0.002,0.0,6.0,0.002,-0.026101585977352737,43.06972446515243,-0.8522394848936301,-1.5742328045845357,0.7219933196909056,112.06672284999995
2022-06-13,0,0,0,0,0,0,0,0,105.75825,-4.290146,-0.0058,-0.0073,2.56,192.0,1.8296937235753723,0.3099161452144002,-0.0024999999999999996,-0.006,15.0,-0.0015000000000000005,-0.03211141172748677,36.93038296139054,-1.4038945718566538,-1.5401651580389593,0.13627058618230548,111.66649904999994
2022-06-14,0,0,0,1,0,0,0,0,106.07931,0.3035903,-0.0247,-0.0059,2.192,320.0,1.276454754198167,0.05081999129025953,-0.0189,0.0014000000000000002,128.0,0.0188,-0.25909615392414065,37.579346978783974,-1.7944925508520981,-1.591030636601587,-0.2034619142505112,111.18153304999996
2022-06-15,0,0,0,0,0,0,0,0,109.11013,2.8571248,-0.0033,-0.0045,1.293,263.0,0.04505208618355436,0.3279466737689662,0.0214,0.0014000000000000002,-57.0,-0.0011999999999999997,0.27712668247870664,43.49060242880894,-1.8382917360952433,-1.6404828565003182,-0.1978088795949251,111.07541954999996
2022-06-16,0,0,0,0,0,0,0,0,105.401375,-3.399098,-0.009,-0.004,0.851,208.0,-0.5456832555990113,0.2551668268879166,-0.005699999999999999,0.0004999999999999996,-55.0,0.004999999999999999,-0.0727798468810496,38.66529062214124,-2.1475132432105823,-1.741888933842371,-0.40562430936821126,110.85919179999996
2022-06-17,0,0,1,0,0,0,0,0,106.50476,1.0468483,-0.0389,-0.0057,1.399,164.0,0.23613141035859955,-0.128477771082183,-0.029899999999999996,-0.0017000000000000001,-44.0,0.03319999999999999,-0.3836445979700996,40.77076376189149,-2.2772884041333015,-1.8489688279005572,-0.4283195762327443,110.77149299999996
2022-06-20,0,0,0,0,1,0,0,0,106.50476,0.0,-0.0034,-0.0014,0.552,84.0,-0.9682933019887556,0.3358883636023585,0.0355,0.0043,-80.0,0.002,0.4643661346845415,40.77076376189148,-2.353012095407422,-1.9497774814019302,-0.4032346140054919,110.55556349999995
2022-06-21,0,1,1,0,0,0,0,0,110.87903,4.107094,-0.0381,-0.002,1.394,146.0,0.23480272291819204,-0.1114507761001424,-0.0347,-0.0006000000000000001,62.0,0.0361,-0.44733913970250094,48.84464526947608,-2.0365802057172573,-1.9671380262649956,-0.06944217945226172,110.83260299999995
2022-06-22,0,1,0,0,1,0,0,0,110.82285,-0.050646067,-0.0119,-0.003,1.297,213.0,0.0971405691267185,0.23285416563441108,0.0262,-0.001,67.0,0.008900000000000002,0.3443049417345535,48.752726124411645,-1.7699361872338812,-1.9276976584587726,0.15776147122489137,111.11503349999995
2022-06-23,0,0,0,0,0,0,0,0,111.57286,0.67676306,-0.0133,-0.0047,0.974,192.0,-0.3680919192138455,0.21551954939718262,-0.0013999999999999985,-0.0017000000000000001,-21.0,0.0086,-0.017334616237228456,50.1027323867431,-1.4810269854337008,-1.8383635238537583,0.3573365384200575,111.33618199999997
2022-06-24,0,0,0,0,0,0,0,0,117.27168,5.1077127,0.0004,-0.001,0.719,217.0,-0.7360335858857314,0.39372697092827447,0.013699999999999999,0.0037,25.0,-0.0014,0.17820742153109184,58.95119974044015,-0.7831890981494212,-1.627328638712891,0.8441395405634697,111.61741949999995
2022-06-27,0,0,1,0,0,0,0,0,115.142944,-1.8152177,-0.1098,-0.0012,0.975,86.0,-0.39810963320005965,-1.0183433808331603,-0.11019999999999999,-0.00019999999999999987,-131.0,0.10859999999999999,-1.4120703517614348,55.02583954307693,-0.39733847878822814,-1.3813306067279583,0.9839921279397301,111.79222019999997
2022-06-28,0,1,0,0,1,0,0,0,111.33975,-3.3030152,-0.0053,-0.0037,1.64,202.0,0.5556540214576353,0.34213131484387815,0.1045,-0.0025000000000000005,116.0,0.0015999999999999999,1.3604746956770386,48.77682223825558,-0.39389448380396175,-1.1838433821431589,0.7899488983391971,111.70501769999998
2022-06-29,0,0,0,0,0,0,0,0,111.035576,-0.2731979,-0.0016,-0.0023,1.528,285.0,0.4094507308104103,0.3902418724471444,0.0037,0.0014000000000000002,83.0,-0.0006999999999999999,0.04811055760326627,48.30433568117796,-0.4109719637017122,-1.0292690984548696,0.6182971347531574,111.596145
2022-06-30,0,0,0,0,0,0,0,0,108.31341,-2.4516165,-0.0105,-0.0014,1.936,316.0,1.0381809239631155,0.27476141905040896,-0.0089,0.0009,31.0,0.0091,-0.11548045339673546,44.17978407028492,-0.6368211577674572,-0.950779510317387,0.3139583525499299,111.16575150000001
2022-07-01,0,0,0,0,0,0,0,0,108.08926,-0.20695329,-0.0056,-0.0039,0.817,253.0,-0.6300788018995901,0.33824747716998277,0.004900000000000001,-0.0024999999999999996,-63.0,0.0017000000000000001,0.06348605811957381,43.84777722925142,-0.8243922225452565,-0.9255020527629609,0.10110983021770448,110.8773065
2022-07-04,0,0,0,0,0,0,0,0,108.08926,0.0,-0.0029,-0.0017,0.583,91.0,-0.9642933612169171,0.3703662171489947,0.0027,0.0021999999999999997,-162.0,0.0012,0.032118739979011934,43.84777722925142,-0.9619548263165285,-0.9327926074736744,-0.029162218842854082,110.47556650000001
2022-07-05,0,0,0,0,0,0,0,0,112.58777,4.1618586,-0.0027,-0.0022,0.9,102.0,-0.5025029625675259,0.3650474694469272,0.00019999999999999966,-0.0005000000000000002,11.0,0.0005,-0.005318747702067528,52.20734650265422,-0.6999138483445364,-0.8862168556478468,0.1863030073033104,110.28240000000001
2022-07-06,0,0,0,0,0,0,0,0,113.88897,1.1557102,-0.0106,-0.0037,0.74,142.0,-0.7199711294023189,0.2609332069130573,-0.0079,-0.0015,40.0,0.0069,-0.10411426253386985,54.32546909282996,-0.38283543143379006,-0.7855405708050355,0.4027051393712454,110.152082
2022-07-07,0,0,0,0,0,0,0,0,118.07486,3.6754131,0.0011,-0.001,0.106,142.0,-1.6026224425007658,0.4113064509817822,0.0117,0.0027,0.0,-0.0021000000000000003,0.15037324406872488,60.404862450041385,0.20386777761518715,-0.587658901120991,0.7915266787361781,110.34828
2022-07-08,0,0,0,0,0,0,0,0,118.641975,0.48029423,-0.0005,0.0013,0.106,117.0,-1.5937209007148432,0.38975432099342217,-0.0016,0.0023,-25.0,0.0018,-0.021552129988360036,61.15916012241765,0.7064521974955511,-0.3288366813976825,1.0352888788932337,110.755439
2022-07-11,0,0,0,0,0,0,0,0,114.98689,-3.0807674,-0.0105,0.0015,0.438,71.0,-1.0858340352898332,0.26237122923839157,-0.01,0.0002000000000000001,-46.0,0.012,-0.1273830917550306,54.01681379274904,0.800590450136923,-0.10295125509076139,0.9035417052276844,111.21687100000001
2022-07-12,0,0,0,0,0,0,0,0,113.34077,-1.4315844,-0.0096,-0.0018,1.115,173.0,-0.10987062805963864,0.27565595394543446,0.0009000000000000015,-0.0033,102.0,0.0078,0.013284724707042894,51.121272631363055,0.7339075375324455,0.06442050343388,0.6694870340985655,111.579944
2022-07-13,0,0,0,0,0,0,0,0,110.68967,-2.3390472,-0.0133,-0.0027,2.047,265.0,1.1862977348734303,0.23053253604742713,-0.0037,-0.0009000000000000002,92.0,0.010599999999999998,-0.045123417898007334,46.77273853641309,0.4618157109901091,0.14389954494512583,0.3179161660449833,111.658921
2022-07-14,0,0,1,1,0,0,0,0,109.70955,-0.8854687,-0.0238,0.0075,1.727,200.0,0.7412443896768591,0.09530919003152148,-0.010500000000000002,0.0102,-65.0,0.0313,-0.13522334601590563,45.240568033906484,0.16518928608098804,0.14815749317229826,0.01703179290868978,111.87432975000002
2022-07-15,0,0,0,0,0,0,0,0,111.11114,1.2775421,-0.0211,-0.0046,0.417,210.0,-1.0999988229167212,0.133555999652748,0.002700000000000001,-0.0121,10.0,0.0165,0.03824680962122652,47.870383359192424,0.042714915726762115,0.12706897768319103,-0.08435406195642892,112.10464875000002
2022-07-18,0,0,0,0,0,0,0,0,108.38001,-2.458012,-0.0207,-0.0021,2.546,72.0,1.8148976164294937,0.14361231537015748,0.00040000000000000105,0.0025,-138.0,0.0186,0.010056315717409475,43.48771166461554,-0.27159548743654227,0.04733608465924437,-0.31893157209578665,112.19841125000002
2022-07-19,0,1,1,0,0,0,0,0,113.13151,4.3841124,-0.2315,-0.0209,2.52,169.0,1.7924425145222396,-2.4229978137878234,-0.21080000000000002,-0.018799999999999997,97.0,0.2106,-2.566610129157981,51.76206049938714,-0.135717934502523,0.010725280826890886,-0.1464432153294139,112.31103525000003
2022-07-20,0,1,0,0,1,0,0,1,113.220985,0.07908344,-0.0223,-0.014,2.032,317.0,1.1970836316497322,0.12304573252959825,0.2092,0.006899999999999998,148.0,0.0083,2.5460435463174216,51.90486691557614,-0.020576912294941963,0.004464842202524316,-0.02504175449746628,112.43094200000003
2022-07-21,0,0,0,0,0,0,0,0,113.65835,0.3862977,-0.0002,-0.0077,2.308,285.0,1.553378368653049,0.405933279401204,0.0221,0.0063,-32.0,-0.007500000000000001,0.2828875468716058,52.64289204011813,0.10475730068587552,0.02452333389919456,0.08023396678668096,112.53521650000002
2022-07-22,0,0,0,0,0,0,0,0,107.256744,-5.6323233,-0.0041,-0.0057,2.027,316.0,1.11519345093404,0.3536937300406746,-0.0039000000000000003,0.002,31.0,-0.0015999999999999999,-0.05223954936052938,42.38968353933458,-0.3089096184965143,-0.042163256579947225,-0.2667463619165671,112.03446970000002
2022-07-25,0,0,0,0,0,0,0,0,106.869064,-0.36144257,-0.0001,-0.0017,3.453,385.0,2.858456179656434,0.39561017958467587,0.004,0.004,69.0,-0.0015999999999999999,0.041916449544001255,41.857982535352654,-0.660413334454276,-0.16581327215481298,-0.49460006229946296,111.62077570000001
2022-07-26,0,0,0,0,0,0,0,0,104.393906,-2.3160696,-0.0031,-0.0058,3.388,340.0,2.5765894034642627,0.3526317382054782,-0.003,-0.0040999999999999995,-45.0,-0.0026999999999999997,-0.04297844137919765,38.53465606487117,-1.1257304072479144,-0.35779669917343326,-0.7679337080744811,111.2734835
2022-07-27,0,0,1,0,0,0,0,0,112.38599,7.65568,-0.1372,-0.0364,3.283,340.0,2.291741687636241,-1.3732561768761131,-0.1341,-0.030600000000000002,0.0,0.10079999999999999,-1.7258879150815913,51.832725190003295,-0.8399210664765775,-0.4542215726340621,-0.3856994938425154,111.3410042
2022-07-28,0,1,0,0,1,0,0,0,113.53907,1.0260105,0.0105,-0.012,2.114,475.0,0.8770249939739627,0.549971106504877,0.1477,0.0244,135.0,-0.0225,1.92322728338099,53.39924295732396,-0.5144410295021373,-0.46626546400767716,-0.04817556549446017,111.60228719999998
2022-07-29,0,0,0,0,0,0,0,0,115.62655,1.838553,-0.0011,-0.0032,0.574,340.0,-0.9441503467763098,0.3987663394709858,-0.011600000000000001,0.0088,-135.0,-0.0021000000000000003,-0.15120476703389124,56.17783414914508,-0.08705010561045867,-0.39042239232823345,0.3033722867177748,111.97915169999996
2022-08-01,0,0,0,0,0,0,0,0,114.17525,-1.2551546,-0.003,-0.0042,0.372,91.0,-1.1554227400773882,0.374586545110406,-0.0019,-0.0009999999999999996,-249.0,-0.0011999999999999997,-0.024179794360579765,53.77707594088651,0.13301913795835674,-0.2857340862709154,0.41875322422927214,112.28345119999994
2022-08-02,0,0,0,0,0,0,0,0,114.44364,0.2350688,-0.0034,-0.0028,0.467,175.0,-1.017794788653471,0.34585872898194225,-0.00039999999999999975,0.0013999999999999998,84.0,0.0005999999999999998,-0.028727816128463757,54.16715627270479,0.32533220186031997,-0.16352082864466833,0.4888530305049883,112.37624469999994
2022-08-03,0,0,0,0,0,0,0,0,117.37606,2.5623202,-0.018,-0.0038,0.15,120.0,-1.3488009888030685,0.15451167155849266,-0.014599999999999998,-0.001,-55.0,0.014199999999999999,-0.1913470574234496,58.307176569487616,0.7062225829588868,0.010427853676042709,0.6957947292828441,112.55059919999994
2022-08-04,0,0,0,0,0,0,0,0,117.485405,0.09316206,-0.0061,-0.0038,0.035,127.0,-1.4552704007042558,0.31337817548603125,0.011899999999999997,0.0,7.0,0.0023000000000000004,0.1588665039275386,58.457862237303594,1.0053155301676497,0.20940538897436412,0.7959101411932856,112.52112644999993
2022-08-05,0,0,0,0,0,0,0,0,116.76969,-0.6091893,-0.0009,-0.0015,0.068,151.0,-1.3730946187898854,0.38205704727497086,0.005200000000000001,0.0023,24.0,-0.0006000000000000001,0.06867887178893961,57.005570681574746,1.1710969500016546,0.4017437011798222,0.7693532488218324,112.42751219999994
2022-08-08,0,0,0,0,0,0,0,0,116.60071,-0.14471412,-0.0187,-0.0013,0.416,56.0,-0.9511196239491267,0.1506367069303574,-0.0178,0.0002000000000000001,-95.0,0.017400000000000002,-0.23142034034461345,56.64774346745084,1.2741569575638891,0.5762263524566356,0.6979306051072536,112.50820319999994
2022-08-09,0,1,0,0,0,0,0,0,115.93469,-0.5711913,-0.1028,-0.0887,2.164,188.0,1.069007143049839,-0.9359613024455401,-0.08410000000000001,-0.0874,132.0,0.014100000000000001,-1.0865980093758976,55.17761382877474,1.2872518699552273,0.7184314559563539,0.5688204139988734,112.63789919999995
2022-08-10,0,1,0,0,0,0,0,0,118.986404,2.6322603,-0.0359,-0.0113,0.88,189.0,-0.40650789059206727,-0.049116629031618494,0.0669,0.0774,1.0,0.024600000000000004,0.8868446734139216,60.265963492182486,1.5262834523706061,0.8800018552392044,0.6462815971314018,113.05273589999993
2022-08-11,0,1,0,0,1,0,0,0,118.131516,-0.71846247,-0.0021,-0.0037,0.725,217.0,-0.5711366692980524,0.3757921663839812,0.033800000000000004,0.007599999999999999,28.0,-0.0016000000000000003,0.4249087954155997,58.27033558636487,1.627969171329994,1.0295953184573623,0.5983738528726317,113.47383419999991
2022-08-12,0,0,1,0,0,0,0,0,120.95459,2.3897767,-0.0662,-0.0077,0.828,186.0,-0.45231690790102924,-0.5992286563786839,-0.06409999999999999,-0.004,-31.0,0.058499999999999996,-0.9750208227626651,62.66677141236163,1.9142875987616605,1.2065337745182219,0.7077538242434387,113.96600669999991
2022-08-15,0,0,0,0,1,0,0,0,121.35222,0.32873154,-0.0146,-0.0033,0.347,54.0,-1.007656840451437,0.18808115124378597,0.05159999999999999,0.0044,-132.0,0.011300000000000001,0.7873098076224699,63.25400038750825,2.1485156818062734,1.3949301559758323,0.7535855258304411,114.61461719999993
2022-08-16,0,0,0,0,0,0,0,0,120.97447,-0.31127334,0.001,-0.0014,0.853,136.0,-0.3968045692314684,0.42309819783485303,0.0156,0.0019,82.0,-0.0024000000000000002,0.23501704659106706,62.252210331799375,2.277409300353412,1.571425984851348,0.7059833155020638,115.00676519999993
2022-08-17,0,0,0,0,0,0,0,0,118.837296,-1.766634,-0.0168,-0.0015,0.72,197.0,-0.5339992755440937,0.15498563019876965,-0.0178,-0.00010000000000000005,61.0,0.0153,-0.2681125676360834,56.77377448661562,2.181954131974635,1.6935316142760055,0.48842251769862943,115.28758074999993
2022-08-18,0,0,0,0,0,0,0,0,119.4536,0.5186081,-0.0051,-0.0015,0.782,190.0,-0.4502435394327245,0.3313741947567662,0.011699999999999999,0.0,-7.0,0.0036000000000000003,0.17638856455799656,57.92372429187059,2.131465596840556,1.7811184107889155,0.3503471860516405,115.57734324999993
2022-08-19,0,0,0,0,0,0,0,0,116.51124,-2.4631739,-0.0005,-0.0011,0.591,235.0,-0.6624038290289181,0.39335140316743794,0.0046,0.00039999999999999996,45.0,-0.0006000000000000001,0.061977208410671725,50.95428575683765,1.8329006693498542,1.7914748625011032,0.04142580684875097,116.04006804999992
2022-08-22,0,0,0,0,0,0,0,0,113.55895,-2.5339127,-0.0042,-0.0014,0.574,80.0,-0.6812927330302331,0.33811890174000386,-0.0036999999999999997,-0.0002999999999999999,-155.0,0.0027999999999999995,-0.05523250142743408,45.0917405450964,1.3425842085596997,1.7016967317128224,-0.3591125231531227,116.37456234999993
2022-08-23,0,0,0,0,0,0,0,0,113.18122,-0.33262968,-0.001,-0.0019,1.254,225.0,0.10809970861994113,0.38642738001472116,0.0031999999999999997,-0.0005,145.0,-0.0009,0.04830847827471729,44.38805481061692,0.9130007226578982,1.5439575299018375,-0.6309568072439393,116.81392804999993
2022-08-24,0,0,0,0,0,0,0,0,113.01223,-0.14930367,-0.0083,-0.0033,0.519,227.0,-0.7503217433609295,0.2776561678885278,-0.0073,-0.0014,2.0,0.005,-0.10877121212619334,44.05680248786448,0.5525472140720638,1.3456754667358828,-0.793128252663819,116.84524004999992
2022-08-25,0,0,0,0,0,0,0,0,115.95458,2.6035666,-0.0084,-0.0021,0.988,187.0,-0.20142542674766017,0.2782715858728332,-9.99999999999994e-05,0.0012000000000000001,-40.0,0.0063,0.0006154179843053664,50.924006201841145,0.4985611635951699,1.1762526061077403,-0.6776914425125704,116.96601554999992
2022-08-26,0,0,0,0,0,0,0,0,109.6822,-5.409348,-0.0009,-0.0023,0.31,242.0,-0.9912073213929765,0.38939612405277396,0.0075,-0.0002000000000000001,55.0,-0.0014,0.11112453817994078,39.72822263590546,-0.04977800602171101,0.9310464836818501,-0.9808244897035611,116.66879804999994
2022-08-29,0,0,0,0,0,0,0,0,108.76768,-0.83378553,-0.0005,-0.0041,0.48,80.0,-0.7737319031841611,0.4844688356202813,0.00039999999999999996,-0.0018000000000000004,-162.0,-0.0036000000000000003,0.09507271156750735,38.40254636190869,-0.5517743582170311,0.6344823153020738,-1.186256673519105,116.39841954999993
2022-08-30,0,0,0,0,0,0,0,0,108.29054,-0.4386723,-0.0053,-0.0027,0.903,149.0,-0.294226581042415,0.34217223934855495,-0.0048000000000000004,0.0014000000000000002,69.0,0.0026,-0.14229659627172636,37.69579196091683,-0.9768507668234321,0.3122156988769726,-1.2890664657004047,116.09076454999993
2022-08-31,0,0,0,0,0,0,0,0,107.57483,-0.6609142,-0.0005,-0.0016,1.292,304.0,0.14325774317440673,0.4656474439672471,0.0048000000000000004,0.0011,155.0,-0.0011,0.12347520461869216,36.60747787458155,-1.3558493118361525,-0.02139730326565248,-1.3344520085705,115.60070304999992
2022-09-01,0,0,0,0,0,0,0,0,109.085785,1.4045477,-0.0048,-0.003,0.436,194.0,-0.8493105906376066,0.3562691882799837,-0.0043,-0.0014,-110.0,0.0017999999999999995,-0.10937825568726339,40.51218549977057,-1.5168021968251821,-0.3204782819775584,-1.1963239148476237,115.18072204999994
2022-09-02,0,0,0,0,0,0,0,0,107.20704,-1.7222524,-0.002,-0.003,0.677,203.0,-0.5595327073000677,0.4280000962941965,0.0027999999999999995,0.0,9.0,-0.001,0.07173090801421278,37.425324621676786,-1.7754907853855428,-0.6114807826591553,-1.1640100027263875,114.70258954999994
2022-09-05,0,0,0,0,0,0,0,0,107.20704,0.0,0.0,-0.0011,0.068,72.0,-1.2346393517646752,0.476708990701103,0.002,0.0019,-131.0,-0.0011,0.04870889440690651,37.425324621676786,-1.9579335167603489,-0.880771329479394,-1.077162187280955,114.23290604999993
2022-09-06,0,0,0,0,0,0,0,0,106.17324,-0.9643018,0.0001,-0.0017,0.97,100.0,-0.1488535071085225,0.46783808270889227,0.0001,-0.0005999999999999998,28.0,-0.0018,-0.008870907992210741,35.68986563814363,-2.161028722062426,-1.1368228079960003,-1.0242059140664255,113.74483354999992
2022-09-07,0,0,0,0,0,0,0,0,108.7975,2.4716735,-0.002,-0.0024,1.977,287.0,1.0326971978380557,0.41305149643160444,-0.0021,-0.0006999999999999999,187.0,-0.00039999999999999975,-0.05478658627728783,42.92504603574255,-2.08617911115023,-1.3266940686268462,-0.7594850425233837,113.23538834999992
2022-09-08,0,0,0,0,0,0,0,0,107.73387,-0.9776175,0.0005,-0.0018,0.81,223.0,-0.3498352646733366,0.47271070830224815,0.0025,0.0005999999999999998,-64.0,-0.0023,0.059659211870643714,40.91581642759483,-2.088610109881145,-1.479077276877706,-0.6095328330034391,112.71550604999993
2022-09-09,0,0,0,0,0,0,0,0,109.99035,2.0944834,-0.0052,-0.0011,1.13,199.0,0.03476075180349287,0.312093455900626,-0.0057,0.0006999999999999999,-24.0,0.0040999999999999995,-0.16061725240162217,46.62391078925563,-1.8867088113383375,-1.5606035837698324,-0.326105227568505,112.16729404999994
2022-09-12,0,0,0,0,0,0,0,0,110.1991,0.18978119,-0.0222,-0.0021,1.542,62.0,0.5047105545140259,-0.11818295114546076,-0.017,-0.0009999999999999998,-137.0,0.0201,-0.4302764070460867,47.13275665422725,-1.6903706565103391,-1.5865569983179337,-0.1038136581924054,111.60963804999992
2022-09-13,0,0,0,1,0,0,0,0,103.69809,-5.899334,-0.0218,-0.007,2.622,263.0,1.7196277172033703,-0.1151357490085165,0.00040000000000000105,-0.0049,201.0,0.0148,0.0030472021369442603,35.714035681964624,-2.035880071884293,-1.6764216130312055,-0.35945845885308736,110.74581904999991
2022-09-14,0,0,1,1,0,0,0,0,104.37403,0.6518364,-0.6601,-0.0816,3.598,200.0,2.633623688583329,-6.90418972515383,-0.6383,-0.0746,-63.0,0.5785,-6.789053976145314,37.41188250156656,-2.2294562796914192,-1.7870285463632483,-0.442427733328171,110.0226557499999
2022-09-15,0,1,1,1,0,0,0,0,102.2965,-1.9904733,-0.2815,-0.0465,1.758,205.0,0.6168549178410521,-2.5612984212587326,0.37860000000000005,0.035100000000000006,5.0,0.235,4.342891303895097,34.40429134547602,-2.521440530484,-1.9339109431873986,-0.5875295872966013,109.1648007499999
2022-09-16,0,0,1,0,0,0,0,0,102.18715,-0.10688901,-0.0621,-0.0096,0.638,150.0,-0.5955652099931831,-0.29272749196056963,0.21939999999999998,0.0369,-55.0,0.052500000000000005,2.268570929298163,34.24822707068261,-2.7301918320396226,-2.0931671209578435,-0.637024711081779,108.44859624999992
2022-09-19,0,0,0,0,1,0,0,0,102.45554,0.2626419,-0.0031,-0.0046,0.523,80.0,-0.7092230654577522,0.29766689100924165,0.059000000000000004,0.004999999999999999,-70.0,-0.0015,0.5903943829698113,35.02725729643031,-2.841220095856258,-2.2427777159375264,-0.5984423799187315,107.89342574999992
2022-09-20,0,0,0,0,0,0,0,0,100.53705,-1.8725157,-0.0152,-0.004,0.66,176.0,-0.5435204671327897,0.1743144981916336,-0.0121,0.0005999999999999998,96.0,0.0112,-0.12335239281760804,32.099574571901215,-3.0488714125689285,-2.403996455263807,-0.6448749573051216,107.26121724999992
2022-09-21,0,0,0,0,0,0,0,0,98.68813,-1.8390357,-0.0038,-0.005,1.632,180.0,0.502677241431193,0.2926619632166151,0.0114,-0.001,4.0,-0.0012000000000000001,0.11834746502498147,29.537265967338968,-3.324308410989758,-2.5880588464089973,-0.7362495645807607,106.5450122499999
2022-09-22,0,0,0,0,0,0,0,0,99.543,0.8662343,-0.0005,-0.012,2.271,280.0,1.1781180496839965,0.32492412316671065,0.0033,-0.007,100.0,-0.0115,0.03226215995009557,32.23085183556114,-3.4340280147554836,-2.7572526800782944,-0.6767753346771892,105.7244332499999
2022-09-23,0,0,0,0,0,0,0,0,98.15136,-1.3980448,-0.0012,-0.0061,1.373,264.0,0.20643907153300892,0.31685486899319304,-0.0006999999999999999,0.0059,-16.0,-0.004900000000000001,-0.008069254173517615,30.206511988695457,-3.5918704619821256,-2.9241762364590604,-0.6676942255230651,105.1478912499999
2022-09-26,0,0,0,0,0,0,0,0,97.58475,-0.577271,-0.0001,-0.0034,0.842,82.0,-0.36836606871754807,0.3276948423688125,0.0010999999999999998,0.0027000000000000006,-182.0,-0.0033,0.010839973375619483,29.396939440967373,-3.719802858390679,-3.083301560845384,-0.636501297545295,104.5887447499999
2022-09-27,0,0,0,0,0,0,0,0,96.91875,-0.6824851,-0.0016,-0.0021,0.798,183.0,-0.4135487709753871,0.3119808354228446,-0.0015,0.0013,101.0,-0.0004999999999999998,-0.015714006945967918,28.43234973288863,-3.830772082261859,-3.232795665128679,-0.5979764171331801,104.0201552499999
2022-09-28,0,0,0,0,0,0,0,0,99.45355,2.6153922,-0.0015,-0.0037,1.506,160.0,0.33344062817468295,0.3113151699162041,0.00010000000000000005,-0.0016000000000000003,-23.0,-0.0022,-0.0006656655066404893,36.916535948915794,-3.6718519917647825,-3.3206069304558996,-0.3512450613088829,103.61409124999992
2022-09-29,0,0,0,0,0,0,0,0,96.839226,-2.62869,-0.0005,-0.0016,2.869,308.0,1.7243194803294248,0.32195287491190405,0.001,0.0021000000000000003,148.0,-0.0011,0.010637704995699937,32.62122950073888,-3.7140475448879897,-3.3992950533423176,-0.3147524915456721,103.00176329999991
2022-09-30,0,1,0,0,0,0,0,0,95.07977,-1.8168747,-0.0023,-0.0299,1.894,348.0,0.6653336632944021,0.303692787731578,-0.0018,-0.0283,40.0,-0.0276,-0.018260087180326068,30.084254704940825,-3.8451368751709936,-3.488463417708053,-0.35667345746294066,102.39539979999991
2022-10-03,0,0,0,0,0,0,0,0,98.05195,3.1259775,-0.0001,-0.0067,1.206,95.0,-0.084483671666978,0.32447650474720063,0.0022,0.0232,-253.0,-0.0066,0.02078371701562265,38.749954205166674,-3.666925987214128,-3.524155931609268,-0.14277005560486034,101.9376452999999
2022-10-04,0,0,0,0,0,0,0,0,101.034065,3.0413628,-0.0007,-0.0061,1.461,230.0,0.1838036719482657,0.31661284104121473,-0.0006,0.0005999999999999998,135.0,-0.0054,-0.007863663705985902,45.98405528428271,-3.2476242261400614,-3.4688495905154264,0.221225364375365,101.6806865499999
2022-10-05,0,0,0,0,0,0,0,0,100.8253,-0.20661354,-0.0099,-0.0042,0.869,229.0,-0.4341069069583573,0.22101195355488837,-0.009200000000000002,0.0019000000000000006,-1.0,0.005700000000000001,-0.09560088748632636,45.57821657452107,-2.8987551059123433,-3.35483069359481,0.4560755876824665,101.28207654999991
2022-10-06,0,0,0,0,0,0,0,0,100.81538,-0.009858608,-0.015,-0.0045,2.705,247.0,1.5057174517235872,0.1668158684165915,-0.005099999999999999,-0.0002999999999999999,18.0,0.010499999999999999,-0.05419608513829688,45.557641278303755,-2.593181691421549,-3.2025008931601575,0.6093192017386087,100.9361520499999
2022-10-07,0,0,0,0,0,0,0,0,98.09171,-2.7016342,-0.0016,-0.0015,2.098,625.0,0.8326205143165419,0.30156351786045826,0.013399999999999999,0.0029999999999999996,378.0,0.00010000000000000005,0.13474764944386677,40.19271661069178,-2.54149321349945,-3.070299357228016,0.5288061437285658,100.3412200499999
2022-10-10,0,0,0,0,0,0,0,0,97.27661,-0.83096623,-0.0042,-0.0022,0.64,88.0,-0.6913297615362886,0.2717616228848032,-0.0026,-0.0007000000000000001,-537.0,0.0019999999999999996,-0.029801894975655052,38.723068857058045,-2.5370558793610627,-2.963650661654625,0.4265947822935625,99.6950955499999
2022-10-11,0,0,0,0,0,0,0,0,96.600655,-0.69487095,-0.0054,-0.0029,2.313,174.0,1.115805826772716,0.22907758972134445,-0.0012000000000000005,-0.0006999999999999997,86.0,0.0025000000000000005,-0.04268403316345876,37.498532343807575,-2.5585893539892766,-2.8826384001215555,0.3240490461322789,99.3402237999999
2022-10-12,0,0,0,0,0,0,0,0,96.97839,0.3910184,-0.0014,-0.0014,2.067,512.0,0.8490774321374573,0.26801852823051603,0.004,0.0014999999999999998,338.0,0.0,0.038940938509171574,38.665769273303084,-2.516169889906081,-2.8093446980784607,0.29317480817237973,98.9704417999999
2022-10-13,0,0,0,0,0,0,0,0,98.46944,1.5375137,-0.0002,0.0007,1.982,399.0,0.7674989207483367,0.2808603023920899,0.0012,0.0021,-113.0,0.0009,0.012841774161573893,43.17688053741518,-2.33531680676505,-2.7145391198157784,0.3792223130507284,98.77908879999991
2022-10-14,0,0,1,0,0,0,0,0,95.984344,-2.5237203,-0.0373,-0.002,0.788,216.0,-0.5078151192687649,-0.11028586901806955,-0.0371,-0.0027,-183.0,0.0353,-0.3911461714101595,38.14168707538318,-2.3652507751671976,-2.644681450886062,0.2794306757188645,98.46894849999991
2022-10-17,0,0,0,0,1,0,0,0,99.37403,3.5314918,-0.0095,0.0008,0.939,114.0,-0.3133440864981738,0.18908489162216535,0.0278,0.0028,-102.0,0.0103,0.29937076064023493,47.18847822135393,-2.0913465877310813,-2.5340144782550658,0.4426678905239845,98.3148729999999
2022-10-18,0,0,0,0,0,0,0,0,100.16926,0.80024004,-0.0009,-0.0028,1.149,210.0,-0.03154693727928517,0.28076793052958476,0.0086,-0.0036,96.0,-0.0019,0.09168303890741941,49.07032962622993,-1.789479129338332,-2.385107408471719,0.5956282791333871,98.29648349999991
2022-10-19,0,0,0,0,0,0,0,0,99.03605,-1.1312902,-0.0003,-0.0024,0.341,186.0,-1.0023540610841966,0.2658018802597808,0.0006000000000000001,0.0004000000000000002,-24.0,-0.0021,-0.014966050269803965,46.52610379822387,-1.6229788798358697,-2.232681702744549,0.6097028229086794,98.3138794999999
2022-10-20,0,0,0,0,0,0,0,0,99.37403,0.34127235,-0.0002,-0.0008,2.344,167.0,1.539719211414135,0.2689892516545092,9.999999999999996e-05,0.0015999999999999999,-19.0,-0.0006000000000000001,0.003187371394728411,47.40203681222148,-1.4470731130765557,-2.0755599848109503,0.6284868717343945,98.30543099999991
2022-10-21,0,1,1,0,0,0,0,0,100.5271,1.1603475,-0.4275,-0.0234,1.853,262.0,0.8877961089120863,-3.736778127739942,-0.4273,-0.022600000000000002,95.0,0.4041,-4.0057673793944515,50.38787488567178,-1.2007815509366253,-1.9006042980360853,0.69982274709946,98.42421799999991
2022-10-24,0,0,0,0,1,0,0,0,101.90881,1.3744712,-0.0028,-0.0109,0.974,93.0,-0.2386111270164041,0.2770893804898813,0.42469999999999997,0.0125,-169.0,-0.0081,4.013867508229823,53.774192882596076,-0.8839120757450871,-1.6972658535778857,0.8133537778327986,98.6404209999999
2022-10-25,0,1,0,0,0,0,0,0,103.85713,1.9118309,-0.0401,-0.0224,2.794,194.0,1.9761815340469653,-0.06969567252680577,-0.0373,-0.0115,101.0,0.017699999999999997,-0.34678505301668705,58.11550729021582,-0.47015790486003084,-1.4518442638343148,0.9816863589742839,98.9873399999999
2022-10-26,0,1,1,1,0,0,0,0,94.36407,-9.14051,-0.6591,-0.2547,3.369,306.0,2.5126623166928357,-4.626185942914329,-0.619,-0.23229999999999998,112.0,0.40440000000000004,-4.556490270387523,38.930637004748554,-0.8979147464189197,-1.3410583603512358,0.44314361393231616,98.73286599999992
2022-10-27,0,0,1,1,0,0,0,0,91.67022,-2.8547347,-0.2799,-0.1848,1.583,247.0,0.36689836248342317,-1.6998357219542084,0.37920000000000004,0.06989999999999999,-59.0,0.09509999999999999,2.9263502209601207,35.363095943303286,-1.437713243407586,-1.360389336962506,-0.07732390644508014,98.47441569999991
2022-10-28,0,0,0,1,0,0,0,0,95.715965,4.4133544,-0.0605,-0.0308,0.372,214.0,-1.1115457012532002,-0.08457684236826588,0.21939999999999998,0.154,-33.0,0.029699999999999997,1.6152588795859426,43.706537237507284,-1.5215106043712723,-1.3926135904442591,-0.12889701392701314,98.5062254499999
2022-10-31,0,0,0,0,1,0,0,0,93.94657,-1.8485785,-0.0113,-0.0079,0.299,110.0,-1.1948471844826076,0.2754077846459082,0.0492,0.0229,-104.0,0.0033999999999999985,0.3599846270141741,41.20163874834811,-1.7109729743072393,-1.4562854672168553,-0.254687507090384,98.30095644999992
2022-11-01,0,0,0,0,0,0,0,0,89.93066,-4.274678,-0.0239,-0.0023,0.605,163.0,-0.7950968118561434,0.1735340461473304,-0.012600000000000002,0.005600000000000001,53.0,0.0216,-0.10187373849857781,36.139135146552306,-2.1602713783960326,-1.5970826494526906,-0.5631887289433419,97.74578619999991
2022-11-02,0,1,0,0,0,0,0,0,86.45152,-3.8686872,-0.0019,-0.0082,1.169,209.0,-0.11287479793739237,0.3306229068762633,0.022000000000000002,-0.005900000000000001,46.0,-0.006300000000000001,0.15708886072893288,32.42234612145886,-2.765205553925469,-1.8307072303472463,-0.9344983235782227,97.02709719999991
2022-11-03,0,0,0,0,0,0,0,0,82.93263,-4.0703716,-0.0032,-0.0049,0.82,271.0,-0.5420917224008989,0.32123449503011076,-0.0013000000000000002,0.003300000000000001,62.0,-0.0016999999999999997,-0.009388411846152522,29.15617339034176,-3.488353690833989,-2.1622365224445947,-1.3261171683893944,96.13295969999992
2022-11-04,0,0,0,0,0,0,0,0,86.06386,3.7756205,-0.008,-0.013,0.0,148.0,-1.50244716937574,0.2787630226094936,-0.0048000000000000004,-0.0081,-123.0,-0.004999999999999999,-0.04247147242061716,35.393059946985,-3.765384696208656,-2.482866157197407,-1.282518539011249,95.53156719999991
2022-11-07,0,0,0,0,0,0,0,0,87.962456,2.2060513,-0.0263,-0.0037,0.098,60.0,-1.3710303946000197,0.1460394896837794,-0.0183,0.0093,-88.0,0.022600000000000002,-0.1327235329257142,38.90520405680872,-3.7880664617163404,-2.743906218101194,-1.0441602436151465,95.0658594999999
2022-11-08,0,1,0,0,0,0,0,0,88.37002,0.46333075,-0.002,-0.0028,0.465,149.0,-0.9195840962796721,0.32468692538318644,0.024300000000000002,0.0009000000000000002,89.0,-0.0007999999999999999,0.17864743569940705,39.66346978009352,-3.7301559992313003,-2.941156174327215,-0.788999824904085,94.65432774999991
2022-11-09,0,0,0,0,0,0,0,0,86.79942,-1.7772794,-0.0018,-0.0019,0.156,142.0,-1.2622670636164912,0.3241568054734885,0.0002000000000000001,0.0009,-7.0,-0.00010000000000000005,-0.0005301199096979237,37.72057206700082,-3.7675656824782635,-3.106438075957425,-0.6611276065208385,94.14537924999992
2022-11-10,0,0,0,0,0,0,0,0,93.379974,7.5813174,-0.001,-0.0032,0.635,172.0,-0.6947038719555134,0.32946870357667984,0.0007999999999999999,-0.0013000000000000002,30.0,-0.0022,0.005311898103191326,48.9941287143402,-3.228995563284542,-3.1309495734228485,-0.09804598986169344,93.8909059499999
2022-11-11,0,0,0,0,0,0,0,0,95.83525,2.6293397,0.003,0.0044,0.043,187.0,-1.3633833154764232,0.3583113069531758,0.004,0.007600000000000001,15.0,0.0014000000000000002,0.028842603376495968,52.452462526875856,-2.5743787740212554,-3.01963541354253,0.4452566395212747,93.88345124999992
2022-11-14,0,0,0,0,0,0,0,0,95.12946,-0.7364452,-0.0001,-0.0009,1.717,88.0,0.5588796931892391,0.33503299382458196,-0.0031,-0.0053,-99.0,-0.0007999999999999999,-0.023278313128593853,51.37413393836163,-2.088467058512748,-2.833401742536574,0.7449346840238258,93.67122274999993
2022-11-15,0,1,1,0,0,0,0,0,97.85315,2.863121,-0.1067,-0.0511,2.357,401.0,1.2642183909946392,-0.43300110379388995,-0.1066,-0.0502,313.0,0.055600000000000004,-0.7680340976184719,55.201626394603956,-1.4666923861512373,-2.5600598712595066,1.0933674851082693,93.55541724999992
2022-11-16,0,0,0,0,1,0,0,0,98.2607,0.41649342,-0.034,-0.0376,0.749,277.0,-0.5866763681126946,0.1026322123563655,0.0727,0.013499999999999998,-124.0,-0.003599999999999999,0.5356333161502554,55.762730200041574,-0.9303214333192642,-2.234112183671458,1.303790750352194,93.51664974999993
2022-11-17,0,0,0,0,0,0,0,0,97.77363,-0.49569607,-0.0126,-0.0107,0.694,152.0,-0.6425742632404089,0.26000716607587204,0.021400000000000002,0.0269,-125.0,0.0019000000000000006,0.15737495371950655,54.87807305963695,-0.5383404140541188,-1.8949578297479903,1.3566174156938715,93.43662974999992
2022-11-18,0,0,0,0,0,0,0,0,96.84915,-0.9455085,-0.0068,-0.0051,0.463,244.0,-0.9133320256676601,0.30331000829810234,0.0058000000000000005,0.005599999999999999,92.0,0.0016999999999999993,0.0433028422222303,53.154376522706734,-0.29884553669191405,-1.575735371136775,1.276889834444861,93.25273224999992
2022-11-21,0,0,0,0,0,0,0,0,95.03007,-1.8782735,-0.0036,-0.0051,0.235,89.0,-1.1653486618219742,0.32719078358956316,0.0031999999999999997,0.0,-155.0,-0.0015000000000000005,0.02388077529146082,49.83730047922849,-0.25291324774214274,-1.3111709464578485,1.0582576987157057,92.90879524999994
2022-11-22,0,0,0,0,0,0,0,0,96.47143,1.5167356,-0.0168,-0.0157,1.096,181.0,-0.18297953108856452,0.23190418544758717,-0.0132,-0.010599999999999998,92.0,0.0011000000000000003,-0.09528659814197599,52.37342792241337,-0.09906392451661361,-1.0687495420696016,0.969685617552988,92.53951024999994
2022-11-23,0,0,0,0,0,0,0,0,97.87303,1.4528513,-0.0071,-0.0267,0.74,208.0,-0.5789934025077281,0.3039409996475024,0.009699999999999999,-0.011000000000000003,27.0,-0.0196,0.0720368141999152,54.76823228648981,0.13441077515599886,-0.8281174786244815,0.9625282537804803,92.71495824999992
2022-11-24,0,0,0,0,0,0,0,0,97.87303,0.0,-0.0136,-0.0092,0.585,141.0,-0.7609182962354601,0.2574090227747006,-0.006499999999999999,0.0175,-67.0,0.004399999999999999,-0.04653197687280175,54.76823228648983,0.3158008016783498,-0.5993338225639152,0.915134624242265,93.02509874999993
2022-11-25,0,0,0,0,0,0,0,0,96.87899,-1.0156393,-0.0069,-0.0063,0.223,89.0,-1.1579068990236399,0.30724164492177536,0.006699999999999999,0.0029,-52.0,0.0005999999999999998,0.049832622147074734,52.59303771322216,0.37501998711120166,-0.4044630606288918,0.7794830477400935,93.08324999999992
2022-11-28,0,0,0,0,0,0,0,0,95.4774,-1.4467418,-0.0001,-0.0045,0.86,77.0,-0.4548043615907461,0.35717168325863197,0.0068,0.0018000000000000004,-12.0,-0.004399999999999999,0.04993003833685661,49.601684960083084,0.3053353034804047,-0.26250338780703253,0.5678386912874372,93.15979149999991
2022-11-29,0,1,1,1,0,0,0,0,94.62252,-0.89536905,-0.131,-0.0254,0.86,143.0,-0.4523113474443509,-0.5865857093426686,-0.13090000000000002,-0.0209,66.0,0.1056,-0.9437573926013005,47.81529978085731,0.17906388122288774,-0.17418993400104849,0.35325381522393623,93.39438449999992
2022-11-30,0,1,0,0,1,0,0,0,100.38794,6.093073,-0.0368,-0.008,0.888,160.0,-0.40100897689944903,0.10797422614036518,0.0942,0.0174,17.0,0.0288,0.6945599354830339,58.635137344364885,0.5380122098675884,-0.03174950522732112,0.5697617150949095,94.09120549999992
2022-12-01,0,0,0,0,0,0,0,0,100.38794,0.0,-0.0379,-0.0119,1.306,200.0,0.07333006067007136,0.1047219957417845,-0.0011000000000000038,-0.0039000000000000007,40.0,0.026000000000000002,-0.003252230398580691,58.635137344364885,0.8131083396049803,0.13722206373913917,0.6758862758658412,94.96397099999992
2022-12-02,0,0,0,0,0,0,0,0,99.841225,-0.5446017,-0.0154,-0.0038,0.713,173.0,-0.6044738154613603,0.2712916412076244,0.022500000000000003,0.008100000000000001,-27.0,0.011600000000000001,0.1665696454658399,57.32793372205312,0.9757607108852113,0.3049297931683536,0.6708309177168577,95.65283924999991
2022-12-05,0,0,0,0,0,0,0,0,98.88694,-0.95579624,-0.0004,-0.0041,0.901,119.0,-0.37470989652521347,0.37850112269686437,0.015000000000000001,-0.00030000000000000035,-54.0,-0.0037,0.10720948148923998,55.022119045193755,1.015949825581842,0.44713379965105127,0.5688160259307907,96.19906344999991
2022-12-06,0,0,0,0,0,0,0,0,96.40184,-2.513069,-0.0037,-0.0056,1.24,208.0,0.044832133149653036,0.35183852065313925,-0.0033,-0.0014999999999999996,89.0,-0.0018999999999999998,-0.026662602043725114,49.44475727966572,0.8376176524742931,0.5252305702156996,0.31238708225859346,96.60065444999991
2022-12-07,0,0,0,0,0,0,0,0,94.374016,-2.1035254,-0.0006,-0.0045,3.007,312.0,2.2129742301071733,0.36232958963834905,0.0031000000000000003,0.0011000000000000003,104.0,-0.0039,0.010491068985209795,45.400633082009385,0.5265894752250802,0.5255023512175757,0.0010871240075044364,96.97938424999991
2022-12-08,0,0,0,0,0,0,0,0,93.15134,-1.2955606,-0.0015,-0.0027,2.52,437.0,1.5754205040594464,0.325289101818001,-0.0009000000000000001,0.0017999999999999995,125.0,-0.0012000000000000001,-0.03704048782034802,43.111038783762076,0.1793700033036174,0.45627588163478405,-0.27690587833116664,96.96795254999991
2022-12-09,0,0,0,0,0,0,0,0,92.276596,-0.9390652,-0.0034,-0.0115,1.064,305.0,-0.17802357565033416,0.29808383697862895,-0.0018999999999999998,-0.008799999999999999,-132.0,-0.0081,-0.02720526483937208,41.49859605390026,-0.1644922952479959,0.33212224625822806,-0.49661454150622397,96.7900198499999
2022-12-12,0,0,0,0,0,0,0,0,92.753716,0.5170703,-0.0016,-0.0032,1.103,135.0,-0.14357816875103563,0.3147883708354528,0.0017999999999999997,0.0083,-170.0,-0.0016,0.016704533856823855,42.756233175157384,-0.39396466824145193,0.18690486335829207,-0.580869531599744,96.6712326499999
2022-12-13,0,0,0,0,0,0,0,0,95.05989,2.4863362,-0.0027,-0.0049,1.168,176.0,-0.07550290660290986,0.30231187303357376,-0.0011,-0.0016999999999999997,41.0,-0.0021999999999999997,-0.012476497801879038,48.517259375684155,-0.3852927933133401,0.07246533202396563,-0.45775812533730575,96.53156964999991
2022-12-14,0,0,0,0,0,0,0,0,94.503235,-0.58558583,0.0006,-0.0025,0.74,217.0,-0.5766565974507982,0.3326302139501507,0.0033,0.0024,41.0,-0.0031,0.030318340916576925,47.28036894562692,-0.4185133153119551,-0.025730397443218533,-0.3927829178687366,96.3436963999999
2022-12-15,0,0,0,0,0,0,0,0,90.31833,-4.428315,-0.0012,-0.0028,1.091,178.0,-0.12877732598669997,0.3158012222079991,-0.0018,-0.0002999999999999999,-39.0,-0.0016,-0.016828991742151578,39.191141378503474,-0.7736099828002097,-0.17530631451461676,-0.5983036682855929,95.9709313999999
2022-12-16,0,0,0,0,0,0,0,0,89.72191,-0.6603539,-0.001,-0.0015,0.749,222.0,-0.5357190687692169,0.31765003305238315,0.00019999999999999987,0.0013,44.0,-0.0005,0.0018488108443840412,38.188355000975385,-1.0905812182078165,-0.3583612952532567,-0.7322199229545598,95.61456939999991
2022-12-19,0,0,0,0,0,0,0,0,87.91276,-2.0163953,-0.0001,-0.0011,2.041,199.0,1.0186703765488931,0.3261253044515771,0.0009,0.00039999999999999996,-23.0,-0.001,0.008475271399193962,35.242606933374184,-1.470811887336751,-0.5808514136699556,-0.8899604736667954,95.2587038999999
2022-12-20,0,0,0,0,0,0,0,0,88.489296,0.65580606,-0.0003,-0.0018,1.186,356.0,-0.031390782750180125,0.3240164964751422,-0.00019999999999999998,-0.0006999999999999999,157.0,-0.0015,-0.0021088079764349232,36.912709199951564,-1.7059605439211083,-0.8058732397201862,-0.9000873042009221,94.8595971999999
2022-12-21,0,0,0,0,0,0,0,0,89.04597,0.62907934,-0.0011,-0.002,1.353,207.0,0.1758519914863475,0.3164142891632529,-0.0008000000000000001,-0.0002000000000000001,-149.0,-0.0009,-0.007602207311889264,38.560346652549484,-1.8263456333371124,-1.0099677184435714,-0.8163779148935411,94.41824419999989
2022-12-22,0,0,0,0,0,0,0,0,87.23681,-2.0317018,-0.0024,-0.004,1.369,216.0,0.23433427179188007,0.30450038909481475,-0.0012999999999999997,-0.002,9.0,-0.0016000000000000003,-0.011913900068438177,35.33085171839047,-2.0441718357760124,-1.2168085419100596,-0.8273632938659528,93.8864331999999
2022-12-23,0,0,0,0,0,0,0,0,88.698044,1.6750216,-0.0106,-0.0039,1.051,249.0,-0.15201758395904771,0.22866415160450798,-0.0082,0.00010000000000000026,33.0,0.0067,-0.07583623749030677,39.722017762304205,-2.0749723096437975,-1.3884412954568073,-0.6865310141869903,93.4773858999999
2022-12-26,0,0,0,0,0,0,0,0,88.698044,0.0,-0.0013,-0.0069,0.013,67.0,-1.425892438760403,0.31648166958379814,0.0093,-0.003,-182.0,-0.0056,0.08781751797929016,39.72201776230421,-2.075457326951664,-1.5258445017557787,-0.5496128251958854,93.1384180999999
2022-12-27,0,0,0,0,0,0,0,0,86.86902,-2.0620883,-0.0008,-0.0018,0.074,67.0,-1.3026748872093197,0.3212095043207193,0.0004999999999999999,0.0051,0.0,-0.001,0.004727834736921177,36.157878525649004,-2.198090439350125,-1.6602936892746478,-0.537796750075477,92.75074309999991
2022-12-28,0,0,0,0,0,0,0,0,85.50719,-1.5676856,-0.0045,-0.003,0.526,114.0,-0.733703674391763,0.28543975181106296,-0.0036999999999999997,-0.0012000000000000001,47.0,0.0014999999999999996,-0.03576975250965636,33.73103797858862,-2.377757060866287,-1.8037863635929756,-0.5739706972733114,92.0067055999999
2022-12-29,0,0,1,0,0,0,0,0,87.9227,2.8249264,-0.1214,-0.0204,0.282,109.0,-1.0096372743302309,-0.7948037017582141,-0.11689999999999999,-0.017400000000000002,-5.0,0.10099999999999999,-1.080243453569277,41.26165609482863,-2.298734304950287,-1.9027759518644378,-0.39595835308584904,91.38344359999991
2022-12-30,0,0,0,0,1,0,0,0,87.70401,-0.24871826,-0.0285,-0.0055,0.26,103.0,-1.0044055424637461,0.07996701329529553,0.0929,0.014900000000000002,-6.0,0.023,0.8747707150535097,40.809501946977655,-2.2280708431363223,-1.9678349301188147,-0.2602359130175076,90.77658284999991
2023-01-02,0,0,0,0,0,0,0,0,87.70401,0.0,-0.0377,-0.0276,0.031,42.0,-1.2676115723548822,-0.0010794050934456732,-0.009199999999999996,-0.0221,-61.0,0.010099999999999998,-0.0810464183887412,40.809501946977655,-2.1473166113090087,-2.0037312663568536,-0.14358534495215514,90.2174363499999
2023-01-03,0,1,0,0,1,0,0,0,88.58871,1.0087252,-0.0142,-0.0124,0.941,64.0,-0.09807482650730692,0.2209522096370254,0.023499999999999997,0.0152,22.0,0.0018000000000000013,0.22203161473047106,43.70387709025225,-1.9890024227114367,-2.00078549762777,0.011783074916333458,89.8267798499999
2023-01-04,0,1,1,0,0,0,0,0,87.5549,-1.1669695,-0.1869,-0.0339,1.72,163.0,0.9178765893848886,-1.3511987733405428,-0.17270000000000002,-0.0215,99.0,0.15300000000000002,-1.5721509829775682,41.170398266318855,-1.9247695692778848,-1.9855823119577931,0.06081274267990833,89.4858240499999
2023-01-05,0,0,0,0,1,0,0,0,85.68612,-2.1344304,-0.0406,-0.0142,0.916,128.0,-0.10219389428322516,0.00830420926066745,0.1463,0.0197,-35.0,0.026399999999999996,1.3595029826012104,36.99547884656143,-2.0015864553994334,-1.9887831406461212,-0.0128033147533122,89.11256304999992
2023-01-06,0,1,0,0,0,0,0,0,86.819305,1.3225079,-0.0186,-0.007,0.837,192.0,-0.20709070294806994,0.20908810063347183,0.022,0.007200000000000001,64.0,0.0116,0.2007838913728044,40.908526796777636,-1.9485639991653159,-1.9807393123499601,0.03217531318464428,88.83969849999991
2023-01-09,0,0,0,0,0,0,0,0,87.495255,0.7785678,-0.0063,-0.0039,0.554,65.0,-0.5689229060693386,0.32241582168464766,0.012299999999999998,0.0031000000000000003,-127.0,0.0024000000000000002,0.11332772105117583,43.175656264972986,-1.830894393863204,-1.950770328652609,0.11987593478940495,88.57677544999993
2023-01-10,0,0,0,0,0,0,0,0,87.89287,0.45444965,-0.0052,0.0021,1.174,140.0,0.24287320753788064,0.3333405897126158,0.0011000000000000003,0.006,75.0,0.007299999999999999,0.010924768027968157,44.52396633545637,-1.6861196387819177,-1.8978401906784708,0.21172055189655303,88.21842444999992
2023-01-11,0,1,1,0,0,0,0,0,90.974396,3.505993,-0.0989,-0.0129,2.513,172.0,1.8998877700798344,-0.5184133281985478,-0.0937,-0.015,32.0,0.08600000000000001,-0.8517539179111636,53.69416649885802,-1.3076573476067495,-1.7798036220641265,0.472146274457377,88.04198249999993
2023-01-12,0,1,0,0,1,0,0,1,90.586716,-0.42613745,-0.0291,-0.0251,2.05,233.0,1.3277826862801076,0.13174884489172992,0.0698,-0.0122,61.0,0.004,0.6501621730902777,52.51798667625784,-1.0271652693628681,-1.6292759515238748,0.6021106821610067,88.05540179999993
2023-01-13,0,0,0,0,0,0,0,0,91.57082,1.0863662,-0.0015,-0.0055,1.467,213.0,0.5887166435913987,0.36325412341247426,0.0276,0.0196,-20.0,-0.004,0.23150527852074435,55.20067590154426,-0.7171969086947314,-1.446860142958046,0.7296632342633147,88.14784729999992
2023-01-16,0,0,0,0,0,0,0,0,91.57082,0.0,-0.0146,-0.022,1.113,98.0,0.12616229387502131,0.2284249628801294,-0.0131,-0.0165,-115.0,-0.007399999999999999,-0.13482916053234487,55.20067590154425,-0.46617102032288926,-1.2507223184310148,0.7845512981081255,88.33075029999992
2023-01-17,0,1,0,0,0,0,0,0,90.74577,-0.9010017,-0.0045,-0.0017,1.326,160.0,0.4550021360455491,0.32762438981884706,0.010100000000000001,0.0203,62.0,0.0027999999999999995,0.09919942693871767,52.32613473314227,-0.3300017799139283,-1.0665782107275974,0.7365764308136691,88.44357399999993
2023-01-18,0,0,0,0,0,0,0,0,90.57678,-0.18621683,-0.0054,-0.0018,1.221,200.0,0.3980528973850896,0.39417715820709376,-0.0009000000000000006,-0.00010000000000000005,40.0,0.0036000000000000003,0.0665527683882467,51.731913588504405,-0.23303645731529343,-0.8998698600451366,0.6668334027298431,88.52011449999993
2023-01-19,0,0,1,0,0,0,0,0,92.49528,2.1180868,-0.0454,-0.0077,1.805,173.0,1.260351568791973,-0.6642312927359585,-0.04,-0.005900000000000001,-27.0,0.037700000000000004,-1.0584084509430522,57.61645003425436,-0.001368054056356982,-0.7201694988473807,0.7188014447910237,88.78303799999993
2023-01-20,0,1,1,0,0,0,0,0,97.435646,5.341208,-0.0247,-0.3549,3.344,537.0,3.182662613097211,-0.11749410105997521,0.020700000000000003,-0.3472,364.0,-0.3302,0.5467371916759833,68.32537105253104,0.5742573907084108,-0.4612841209362224,1.0355415116446332,89.21991809999993
2023-01-23,0,0,1,0,1,0,0,1,99.1951,1.8057585,0.0001,-0.0488,2.442,209.0,1.8619515497433268,0.5587393491019722,0.0248,0.3061,-328.0,-0.048900000000000006,0.6762334501619474,71.12366852683253,1.159057048108636,-0.1372158871272507,1.2962729352358866,89.74477089999992
2023-01-24,0,1,1,0,0,0,0,0,97.11755,-2.0944,-0.0252,-0.1195,3.697,275.0,3.1620101997436185,-0.13558932646093075,-0.0253,-0.07069999999999999,66.0,-0.0943,-0.694328675562903,63.94049155558884,1.4382943062072826,0.17788615153965598,1.2604081546676267,90.25719739999991
2023-01-25,0,1,1,0,0,0,0,0,94.652336,-2.538377,-0.6697,-0.5466,3.315,304.0,2.5064817715700562,-6.988443844669186,-0.6445,-0.4271,29.0,0.12309999999999999,-6.852854518208256,56.63163644736796,1.4440238696041376,0.4311136951525523,1.0129101744515854,90.71445469999992
2023-01-26,0,0,1,0,0,0,0,0,96.93863,2.4154544,-0.1647,-0.2175,1.839,295.0,0.7890433858174197,-1.4065872622760665,0.5049999999999999,0.32909999999999995,-9.0,-0.052799999999999986,5.58185658239312,61.07548019337873,1.614439158651777,0.6677787878523973,0.9466603707993797,91.16525119999991
2023-01-27,0,0,1,0,0,0,0,0,98.7776,1.897049,-0.0452,-0.083,0.946,226.0,-0.25347468916068244,-0.1130846727847752,0.11950000000000002,0.1345,-69.0,-0.03780000000000001,1.2935025894912913,64.24873139503433,1.8762557052429258,0.909474171330503,0.9667815339124228,91.71893069999992
2023-01-30,0,0,0,0,1,0,0,0,96.36208,-2.4454057,-0.0108,-0.0294,1.43,154.0,0.28575794577215297,0.25467073813056257,0.0344,0.05360000000000001,-72.0,-0.0186,0.36775541091533775,57.60568601579059,1.8673097436805222,1.1010412858005068,0.7662684578800154,92.15183419999993
2023-01-31,0,0,0,0,0,0,0,0,98.25076,1.9599676,-0.0292,-0.0235,1.06,169.0,-0.16148594727683535,0.06145077533722445,-0.0184,0.005899999999999999,15.0,0.0057,-0.1932199627933381,61.00106198245919,1.9896848479415326,1.278769998228712,0.7109148497128206,92.63493669999993
2023-02-01,0,1,0,0,0,0,0,0,99.83128,1.6086698,-0.0068,-0.0166,2.167,215.0,1.1098471557424168,0.3039316885672133,0.0224,0.0069,46.0,-0.0098,0.24248091322998885,63.62644293442541,2.1889696749501155,1.4608099335729927,0.7281597413771228,93.24875569999992
2023-02-02,0,0,0,0,0,0,0,0,107.0977,7.2787046,-0.0045,-0.0099,3.024,298.0,2.012729251559014,0.3294375081761539,0.0023,0.006699999999999999,83.0,-0.005400000000000001,0.025505819608940605,72.71929809447285,2.8998164234616866,1.7486112315507314,1.1512051919109552,94.31933469999993
2023-02-03,0,1,1,0,0,0,0,0,104.15534,-2.747357,-0.287,-0.0702,3.265,415.0,2.172556167881067,-2.519249405654629,-0.2825,-0.0603,117.0,0.2168,-2.848686913830783,65.57124271343126,3.1889831190367204,2.0366856090479293,1.152297509988791,95.18613644999992
2023-02-06,0,0,0,0,1,0,0,1,102.28655,-1.7942309,-0.0036,-0.0071,2.466,139.0,1.24937556292877,0.37047732727868593,0.2834,0.0631,-276.0,-0.0035000000000000005,2.889726732933315,61.44037341676406,3.2301192694839784,2.275372341135139,0.9547469283488392,95.92570119999992
2023-02-07,0,0,0,0,0,0,0,0,106.9983,4.606414,-0.0014,-0.0024,3.148,526.0,1.944523992079478,0.3760626216729572,0.0021999999999999997,0.004700000000000001,387.0,-0.0009999999999999998,0.005585294394271245,67.07273047788229,3.6014040680453974,2.5405786865171907,1.0608253815282067,96.88097269999993
2023-02-08,0,0,0,0,0,0,0,0,98.7776,-7.683015,0.0014,0.0011,3.476,481.0,2.165055563566054,0.39812144553323264,0.0028,0.0034999999999999996,-45.0,-0.0002999999999999999,0.022058823860275467,52.62862563494943,3.195472738507519,2.6715574969152565,0.5239152415922623,97.27113289999993
2023-02-09,0,1,1,1,0,0,0,0,94.44359,-4.387641,-0.133,-0.0942,2.751,599.0,1.3593433402911053,-0.9469185230538981,-0.13440000000000002,-0.09530000000000001,118.0,0.0388,-1.3450399685871308,46.894910060474615,2.495286736863804,2.6363033449049658,-0.1410166080411619,97.46397659999994
2023-02-10,0,0,0,1,0,0,0,0,94.0062,-0.4631102,-0.0851,-0.0738,1.291,269.0,-0.1574954414003255,-0.44774137742156056,0.04790000000000001,0.0204,-330.0,0.01129999999999999,0.49917714563233756,46.34613887535233,1.8833801345861048,2.4857187028411936,-0.6023385682550888,97.58574559999994
2023-02-13,0,0,0,0,1,0,0,0,94.045975,0.042295456,-0.0101,-0.009,1.559,155.0,0.0988627477223681,0.31321896848010095,0.075,0.06480000000000001,-114.0,0.0011000000000000003,0.7609603459016615,46.40755680470094,1.385676042948731,2.265710170862701,-0.8800341279139703,97.70950334999995
2023-02-14,0,0,0,0,0,0,0,0,94.11556,0.073993206,-0.0097,-0.009,1.165,269.0,-0.31664507304063294,0.3159651839237152,0.0003999999999999993,0.0,114.0,0.000700000000000001,0.0027462154436142527,46.52288944912682,0.985496700008369,2.0096674766918348,-1.0241707766834658,97.87799284999994
2023-02-15,0,0,0,0,0,0,0,0,96.36208,2.3869872,-0.008,-0.0078,0.751,203.0,-0.7523235038975725,0.3333561132732776,0.0017000000000000001,0.0011999999999999997,-66.0,0.00020000000000000052,0.01739092934956238,50.24560205722315,0.8399447167928855,1.775722924712045,-0.9357782079191594,98.16725784999994
2023-02-16,0,0,0,0,0,0,0,0,94.940605,-1.4751375,-0.0065,-0.0081,1.104,250.0,-0.39254072126899386,0.3472215487451495,0.0015000000000000005,-0.0002999999999999999,47.0,-0.0015999999999999999,0.013865435471871912,47.9701070636699,0.6029422260480715,1.5411667849792503,-0.9382245589311788,98.28952409999994
2023-02-17,0,0,0,0,0,0,0,0,93.78752,-1.214534,-0.0073,-0.0117,1.014,342.0,-0.508365074436644,0.33919539668081883,-0.0008000000000000004,-0.0036000000000000008,92.0,-0.0044,-0.00802615206433066,46.14451113222712,0.3184013888429007,1.2966137057519804,-0.9782123169090797,98.10711779999994
2023-02-20,0,0,0,0,0,0,0,0,93.78752,0.0,-0.0012,-0.0063,0.24,119.0,-1.312485016526929,0.4011880982072173,0.0061,0.0054,-223.0,-0.0051,0.061992701526398464,46.14451113222713,0.09184202762695293,1.055659370126975,-0.963817342500022,97.83673879999995
2023-02-21,0,0,0,0,0,0,0,0,91.24279,-2.7132988,-0.0085,-0.0087,0.824,129.0,-0.6923019620521208,0.3085504980974044,-0.007300000000000001,-0.0023999999999999994,10.0,-0.0001999999999999988,-0.09263760010981287,42.04873113777974,-0.2897067827573494,0.7865861395501101,-1.0762929223074595,97.54300079999996
2023-02-22,0,0,0,0,0,0,0,0,91.10362,-0.15252233,-0.0199,-0.0203,1.334,252.0,-0.16014079681302562,0.18941809309087704,-0.0114,-0.0116,123.0,-0.0003999999999999976,-0.11913240500652739,41.8300589006481,-0.5964414144515189,0.5099806287497843,-1.1064220432013032,97.36556499999996
2023-02-23,0,0,0,0,0,0,0,0,90.34815,-0.82924366,-0.0058,-0.0125,1.219,335.0,-0.2807674461365665,0.32734499989183985,0.014100000000000001,0.007799999999999998,83.0,-0.006700000000000001,0.1379269068009628,40.59587758763126,-0.8902289302865398,0.2299387169425195,-1.1201676472290594,97.03604099999995
2023-02-24,0,0,0,0,0,0,0,0,88.59864,-1.9364119,-0.0215,-0.0165,0.383,332.0,-1.15666351306415,0.16857761954676528,-0.0157,-0.004,-3.0,0.0049999999999999975,-0.15876738034507457,37.81346902358709,-1.24982132667823,-0.06601329178163046,-1.1838080348965996,96.52709299999995
2023-02-27,0,0,0,0,0,0,0,0,89.334236,0.83025694,-0.0006,-0.01,0.642,129.0,-0.8754184159615676,0.38143884183786825,0.0209,0.006500000000000001,-203.0,-0.0094,0.21286122229110296,39.68531305210373,-1.4586302602993158,-0.3445366854851675,-1.1140935748141483,96.17570079999994
2023-02-28,0,0,0,0,0,0,0,0,89.5231,0.21140575,-0.0023,-0.0155,0.21,191.0,-1.2938442638106518,0.3638587339243693,-0.0017000000000000001,-0.0055,62.0,-0.0132,-0.017580107913498955,40.18315483053055,-1.5905383620218316,-0.5937370207925003,-0.9968013412293313,95.73931779999995
2023-03-01,0,0,0,0,0,0,0,0,89.82131,0.33311844,-0.0009,-0.0036,0.206,246.0,-1.2607833444256615,0.3781720727788901,0.0014,0.0119,55.0,-0.0027,0.014313338854520796,41.01109000777565,-1.6519705401574498,-0.8053837246654902,-0.8465868154919596,95.23881929999996
2023-03-02,0,0,0,0,0,0,0,0,91.45153,1.8149614,-0.0025,-0.0236,0.199,215.0,-1.2259703346617241,0.3620729730112358,-0.0016,-0.02,-31.0,-0.0211,-0.01609909976765428,45.455673911364904,-1.5512292490653294,-0.9545528295454581,-0.5966764195198714,94.45651079999996
2023-03-03,0,0,0,0,0,0,0,0,93.0917,1.7934799,-0.0068,-0.0154,0.106,149.0,-1.288867537915041,0.31892604446365225,-0.0043,0.008199999999999999,-66.0,-0.0086,-0.04314692854758356,49.57243852525655,-1.3237832888186318,-1.0283989214000928,-0.295384367418539,93.90332879999995
2023-03-06,0,0,0,0,0,0,0,0,94.56287,1.5803456,-0.0025,-0.0061,0.1,73.0,-1.26091158551163,0.36289499812891135,0.0043,0.0093,-76.0,-0.0036000000000000003,0.0439689536652591,52.99910078930683,-1.0131407468724376,-1.0253472864945619,0.012206539622124257,93.51714479999995
2023-03-07,0,0,0,0,0,0,0,0,93.300446,-1.3350129,-0.002,-0.0091,0.267,155.0,-1.0652515825487543,0.3678527561987073,0.0005,-0.003,82.0,-0.0071,0.004957758069795926,49.86762481973888,-0.8589202624772838,-0.9920618816911062,0.1331416192138224,92.83225209999995
2023-03-08,0,0,0,0,0,0,0,0,93.68812,0.4155159,-0.0026,-0.0022,0.608,219.0,-0.7180247643838396,0.36236062321983586,-0.0005999999999999998,0.0069,64.0,0.00039999999999999975,-0.005492132978871411,50.82844179944939,-0.6973784212847676,-0.9331251896098385,0.2357467683250709,92.57777809999995
2023-03-09,0,0,0,0,0,0,0,0,91.76962,-2.0477474,-0.0005,-0.0012,0.292,239.0,-1.0142369357199799,0.3836173805069541,0.0021,0.0010000000000000002,20.0,-0.0006999999999999999,0.021256757287118233,46.11789152495178,-0.7159097032987773,-0.8896820923476263,0.17377238904884895,92.44407959999994
2023-03-10,0,0,0,0,0,0,0,0,90.0897,-1.8305898,-0.0078,-0.0013,0.003,162.0,-1.275632625837982,0.310533959426172,-0.007299999999999999,-0.00010000000000000005,-77.0,0.0065,-0.07308342108078208,42.411431984190344,-0.8562807111069191,-0.8830018160994848,0.026721104992565747,92.24825459999994
2023-03-13,0,0,0,0,0,0,0,0,90.56684,0.52963495,-0.0053,-0.0049,0.167,78.0,-1.077060315913793,0.33700432153212084,0.0024999999999999996,-0.0036,-84.0,0.0004000000000000002,0.02647036210594883,43.79315483143016,-0.9184373615422743,-0.8900889251880427,-0.028348436354231565,92.07429784999994
2023-03-14,0,0,0,0,0,0,0,0,93.40979,3.1390667,-0.0017,-0.005,1.108,163.0,-0.15180936057352779,0.3739758868473606,0.0036,-0.00010000000000000026,85.0,-0.0033,0.03697156531523976,51.29197978154173,-0.7298810351136638,-0.8580473471731669,0.12816631205950313,92.03900934999993
2023-03-15,0,0,0,0,0,0,0,0,95.53704,2.2773266,0.0004,-0.0005,1.262,358.0,0.0008672603869835964,0.3950911756359545,0.0021,0.0045000000000000005,195.0,-0.0009,0.021115288788593867,56.020136639854115,-0.4041388302466373,-0.767265643787861,0.36312681354122367,91.99775734999993
2023-03-16,0,0,0,0,0,0,0,0,99.721924,4.380393,0.0015,-0.0023,0.914,220.0,-0.3330686024629311,0.40553662346057756,0.0011,-0.0018,-138.0,-0.0038,0.010445447824623089,63.522040734788455,0.1895147699226385,-0.5759095610457611,0.7654243309683996,92.23682329999993
2023-03-17,0,0,0,0,0,0,0,0,101.01418,1.2958527,-0.0015,0.0054,1.081,235.0,-0.16975436843902522,0.3732241514441214,-0.003,0.0077,15.0,0.0069,-0.03231247201645615,65.48014755037035,0.7555542256686891,-0.309616803702871,1.0651710293715602,92.59815629999991
2023-03-20,0,0,0,0,0,0,0,0,100.61658,-0.3936231,-0.0088,-0.0015,0.545,93.0,-0.7103599851373886,0.30026914594233994,-0.007300000000000001,-0.0069,-142.0,0.007300000000000001,-0.07295500550178147,64.33584373041256,1.1587047482541237,-0.015952493311472027,1.1746572415655958,92.93960929999992
2023-03-21,0,1,1,0,0,0,0,0,104.29451,3.655398,-0.105,-0.0073,1.828,151.0,0.5353509776443268,-0.6607127247851118,-0.0962,-0.0058,58.0,0.0977,-0.9609818707274518,69.6239976041618,1.7547549326358336,0.3381889918779891,1.4165659407578444,93.59219529999991
2023-03-22,0,1,0,0,1,0,0,0,102.75375,-1.477313,-0.0109,-0.001,1.42,442.0,0.1134195284215868,0.297012537074977,0.09409999999999999,0.0063,291.0,0.009899999999999999,0.9577252618600888,65.25857837190925,2.078838980996011,0.6863189897015934,1.3925199912944173,94.17470179999991
2023-03-23,0,0,0,0,0,0,0,0,104.97046,2.1572948,-0.0125,-0.0021,0.435,243.0,-0.8802776878594998,0.2636864669403331,-0.0016000000000000007,-0.0010999999999999998,-199.0,0.010400000000000001,-0.03332607013464389,68.33473663275348,2.485892078930675,1.0462336075474097,1.4396584713832654,94.90581729999991
2023-03-24,0,0,0,0,0,0,0,0,104.81142,-0.15150905,-0.0052,-0.0021,0.124,157.0,-1.1879281039389142,0.33405192238722153,0.007300000000000001,0.0,-86.0,0.0031,0.07036545544688844,67.87040985418375,2.7637921177235825,1.3897453095826442,1.3740468081409383,95.71645629999992
2023-03-27,0,0,0,0,0,0,0,0,101.84918,-2.8262556,-0.0087,-0.0019,0.226,94.0,-1.0930997426484477,0.2931484434560422,-0.0034999999999999996,0.00019999999999999987,-63.0,0.0068,-0.04090347893117935,59.72955447425418,2.7137198162909755,1.6545402109243104,1.0591796053666651,96.34220349999991
2023-03-28,0,1,0,1,0,0,0,0,100.427704,-1.3956666,-0.0297,-0.0111,1.042,174.0,-0.2725279006005247,0.08148287616266378,-0.021,-0.0092,80.0,0.0186,-0.2116655672933784,56.24326031212529,2.5301697018774973,1.8296661091149478,0.7005035927625496,96.88743369999992
2023-03-29,0,1,1,1,0,0,0,0,100.78555,0.3563285,-0.1521,-0.0256,1.853,218.0,0.5424844819145702,-1.1839098930289733,-0.12240000000000001,-0.0145,44.0,0.1265,-1.2653927691916371,56.924880683111866,2.386074909082012,1.9409478691083606,0.44512703997365155,97.43564569999992
2023-03-30,0,1,0,0,1,0,0,0,100.288536,-0.493145,-0.0365,-0.0135,1.487,348.0,0.1644028777787191,0.005473498321579575,0.11560000000000001,0.012100000000000001,130.0,0.023,1.189383391350553,55.62873467619605,2.206340551090321,1.9940264055047527,0.21231414558556816,97.87749599999992
2023-03-31,0,0,0,0,0,0,0,0,103.11161,2.8149486,-0.043,-0.0137,1.08,212.0,-0.2505284659574322,-0.057273410269580015,-0.006499999999999999,-0.00020000000000000052,-136.0,0.029299999999999996,-0.06274690859115958,61.05325441975123,2.2655820364120274,2.0483375316862076,0.2172445047258198,98.37849149999991
2023-04-03,0,0,0,0,1,0,0,0,103.73785,0.6073475,-0.0081,-0.0077,1.699,146.0,0.3569178931610752,0.30246135986901235,0.0349,0.006,-66.0,0.0003999999999999993,0.35973477013859234,62.15843141416099,2.3361341740696275,2.1058968601628916,0.23023731390673596,98.83724049999992
2023-04-04,0,0,0,0,0,0,0,0,104.095695,0.34495592,-0.005,-0.0081,1.96,328.0,0.6065936565113303,0.33434971150723164,0.0030999999999999995,-0.0003999999999999993,182.0,-0.0030999999999999995,0.03188835163821929,62.80788831025457,2.393333493612559,2.163384186852825,0.22994930675973402,99.37700294999992
2023-04-05,0,0,0,0,0,0,0,0,103.8472,-0.23873448,-0.003,-0.0077,1.91,301.0,0.5713274520322202,0.33932303176546424,0.002,0.0003999999999999993,-27.0,-0.0047,0.004973320258232605,62.011977926347214,2.391050356575107,2.2089174207972815,0.18213293577782563,99.88495694999992
2023-04-06,0,0,0,0,0,0,0,0,107.77364,3.7809849,-0.0021,-0.0054,2.301,328.0,0.962581289337588,0.34363316380084935,0.0009000000000000002,0.0023,27.0,-0.0033000000000000004,0.004310132035385106,68.7504284009752,2.6752334217842275,2.3021806209946707,0.3730528007895568,100.68515794999992
2023-04-07,0,0,0,0,0,0,0,0,107.77364,0.0,-0.0044,0.0118,0.703,285.0,-0.6470896222516088,0.3204635805147656,-0.0023000000000000004,0.0172,-43.0,0.0162,-0.02316958328608376,68.75042840097518,2.867396980887847,2.415223892973306,0.4521730879145407,101.5693549499999
2023-04-10,0,0,0,0,0,0,0,0,105.80545,-1.8262267,-0.0018,-0.0012,0.532,129.0,-0.8063646751007861,0.3448680378940633,0.0026000000000000003,-0.013,-156.0,0.0006000000000000001,0.024404457379297695,62.32351134374186,2.8282689775543446,2.497832909889514,0.3304360676648308,102.33128544999991
2023-04-11,0,1,1,0,0,0,0,0,104.72195,-1.0240555,-0.1105,-0.021,2.685,244.0,1.3207965596890585,-0.7544832217106648,-0.1087,-0.0198,115.0,0.0895,-1.0993512596047281,59.05085748775271,2.678949100554547,2.5340561480225205,0.1448929525320266,102.89689344999992
2023-04-12,0,1,0,1,1,0,0,0,104.016174,-0.67394376,-0.0212,-0.0055,1.167,303.0,-0.18530667945704324,0.16523204169579003,0.0893,0.015500000000000002,59.0,0.0157,0.9197152634064549,56.95294671917031,2.475130039081151,2.5222709262342464,-0.04714088715309561,103.32085014999993
2023-04-13,0,0,0,0,0,0,0,0,106.78954,2.6662827,-0.0062,-0.0034,1.949,292.0,0.5878067536310101,0.3123934008479138,0.015,0.0021,-11.0,0.0028,0.14716135915212375,62.578970002877654,2.508473303863184,2.5195114017600337,-0.011038097896849841,103.67423094999995
2023-04-14,0,0,0,0,0,0,0,0,108.22096,1.3404131,-0.0148,0.0024,0.691,256.0,-0.6349966506942372,0.2223412272510327,-0.0086,0.0058,-36.0,0.0172,-0.09005217359688109,65.11329674239049,2.6201977044318596,2.539648662294399,0.08054904213746061,104.03456994999995
2023-04-17,0,0,0,0,0,0,0,0,105.33825,-2.6637316,-0.008,-0.0165,3.379,260.0,2.0448613016351325,0.2936568706378342,0.0068000000000000005,-0.0189,4.0,-0.0085,0.07131564338680149,56.774242910503816,2.4479114917214844,2.521301228179816,-0.0733897364583318,104.27065344999994
2023-04-18,0,1,0,0,0,0,0,0,103.877014,-1.3871849,-0.0749,-0.0509,2.777,463.0,1.5054978027516337,-0.3843434196773558,-0.06689999999999999,-0.0344,203.0,0.023999999999999994,-0.67800029031519,53.064408602716306,2.1684671542222276,2.4507344133882984,-0.28226725916607087,104.24977864999994
2023-04-19,0,0,0,0,1,0,0,0,103.55892,-0.30621886,-0.0142,-0.0196,1.926,409.0,0.6772835199529175,0.24041630021164268,0.06069999999999999,0.0313,-54.0,-0.0053999999999999986,0.6247597198889985,52.26379330027836,1.8994423866177073,2.34047600803418,-0.44103362141647295,104.29003714999995
2023-04-20,0,0,0,0,0,0,0,0,104.662315,1.0654688,-0.0041,-0.0052,2.247,411.0,1.005470610708419,0.411680129698659,0.010100000000000001,0.0144,2.0,-0.0010999999999999994,0.17126382948701635,54.81071862022211,1.7550420429205218,2.2233892150114487,-0.4683471720909269,104.27462989999995
2023-04-21,0,0,0,0,0,0,0,0,104.7816,0.113976,-0.0031,-0.0034,1.663,341.0,0.3755048551396155,0.4179944550660023,0.0010000000000000005,0.0018,-70.0,-0.0002999999999999999,0.006314325367343276,55.089686306695754,1.6314230039222082,2.1049959727936005,-0.47357296887139233,104.27313889999994
2023-04-24,0,0,0,0,0,0,0,0,105.33825,0.5312562,-0.011,0.0061,2.187,210.0,0.9096204335788254,0.2531532029354417,-0.007899999999999999,0.0095,-131.0,0.0171,-0.1648412521305606,56.44106413443076,1.5603838935511902,1.9960735569451185,-0.43568966339392823,104.44759239999993
2023-04-25,0,0,0,0,0,0,0,0,103.23089,-2.0005703,-0.0058,-0.0055,3.189,404.0,1.8666099724624252,0.353234070522225,0.0052,-0.0116,194.0,0.0002999999999999999,0.1000808675867833,50.27353351911357,1.318835828234299,1.8606260112029545,-0.5417901829686556,104.58775169999994
2023-04-26,0,1,1,0,0,0,0,0,103.09173,-0.13480783,0.0889,0.2232,3.169,541.0,1.7886370648138374,2.1993833676581884,0.0947,0.22870000000000001,137.0,0.1343,1.8461492971359634,49.88587078965075,1.103458217763972,1.709192452515158,-0.605734234751186,104.70306069999995
2023-04-27,0,0,0,0,0,0,0,0,106.94859,3.7412047,0.0267,0.0527,1.347,309.0,0.0024472644007022767,0.9394839193129167,-0.062200000000000005,-0.1705,-232.0,0.025999999999999995,-1.2598994483452717,59.261910431423935,1.2298097968226642,1.6133159213766592,-0.383506124553995,105.03606339999995
2023-04-28,0,1,0,0,0,0,0,0,106.70008,-0.23236275,-0.0093,0.0088,0.837,317.0,-0.4918716339970376,0.18458893812379765,-0.036000000000000004,-0.043899999999999995,8.0,0.018099999999999998,-0.7548949811891191,58.502410592589825,1.2949641132154,1.5496455597444074,-0.2546814465290075,105.21548689999995
2023-05-01,0,0,0,0,0,0,0,0,106.56091,-0.13042688,-0.0097,0.0047,0.826,126.0,-0.47996142220753274,0.17649191401377906,-0.00040000000000000105,-0.0041,-191.0,0.0144,-0.008097024110018586,58.053697885959664,1.3201516361645247,1.5037467750284308,-0.1835951388639061,105.35663989999996
2023-05-02,0,0,0,0,0,0,0,0,104.69212,-1.7537296,-0.0027,-0.0046,3.299,465.0,2.138298214563166,0.37036621705889616,0.007,-0.0093,339.0,-0.0018999999999999998,0.1938743030451171,52.25750493521423,1.175763722393441,1.4381501645014327,-0.2623864421079918,105.38646114999997
2023-05-03,0,0,0,0,0,0,0,0,104.7816,0.08546114,-0.0015,-0.0014,2.009,553.0,0.8334295401108066,0.40507058598286433,0.0012000000000000001,0.0031999999999999997,88.0,0.00010000000000000005,0.034704368923968165,52.50203827328506,1.056378277445802,1.3617957870903066,-0.30541750964450465,105.43318114999997
2023-05-04,0,0,0,0,0,0,0,0,104.06589,-0.6830454,-0.0008,-0.0024,2.416,540.0,1.3014681874626692,0.4007938141711382,0.0007,-0.0009999999999999998,-13.0,-0.0015999999999999999,-0.004276771811726143,50.28356197945424,0.8937104983278914,1.2681787293378235,-0.3744682310099321,105.24779364999998
2023-05-05,0,0,0,0,0,0,0,0,104.940636,0.84056854,-0.0031,-0.0052,1.746,561.0,0.5442419989527619,0.30135631125264356,-0.0023,-0.0028,21.0,-0.0021,-0.09943750291849462,52.90296176798227,0.8258598053058535,1.1797149445314294,-0.353855139225576,105.10614344999996
2023-05-08,0,0,0,0,0,0,0,0,107.12751,2.0839214,-0.0018,-0.0055,1.14,176.0,-0.12236690284551995,0.3379110405289685,0.0013,-0.0002999999999999999,-385.0,-0.0036999999999999997,0.036554729276324915,58.75373056105453,0.9377404098577529,1.131320037596694,-0.19357962773894122,105.17224644999996
2023-05-09,0,0,0,0,0,0,0,0,106.71002,-0.389719,-0.0047,0.0056,1.256,355.0,0.005122987805411047,0.24320481425877896,-0.0029000000000000002,0.011099999999999999,179.0,0.0103,-0.09470622627018951,57.29051252212904,0.9814056081835218,1.1013371517140595,-0.1199315435305377,105.27164994999995
2023-05-10,0,0,0,0,0,0,0,0,111.0838,4.098749,-0.0007,-0.0027,2.603,383.0,1.4479507380373653,0.3657660245315417,0.004,-0.0083,28.0,-0.002,0.12256121027276276,66.65863425061215,1.3533376512229722,1.1517372516158422,0.20160039960713005,105.62503124999996
2023-05-11,0,0,0,0,0,0,0,0,115.87505,4.3131948,0.0008,0.0013,3.353,1786.0,2.1400162599368127,0.40893529910834825,0.0015,0.004,1403.0,0.0004999999999999999,0.04316927457680653,73.5126269179062,2.0115227259550466,1.323694346483683,0.6878283794713635,106.07930674999996
2023-05-12,0,0,0,0,0,0,0,0,116.809456,0.8063793,0.0011,0.007,1.664,635.0,0.35086519506307423,0.41346835118485614,0.00030000000000000003,0.0057,-1151.0,0.0059,0.004533052076507893,74.60888665419301,2.578810967116013,1.574717670610149,1.004093296505864,106.50873154999995
2023-05-15,0,0,0,0,0,0,0,0,115.815414,-0.8509934,-0.0103,-0.0065,0.878,185.0,-0.49205723350887337,0.058228574534469044,-0.0114,-0.0135,-450.0,0.0038000000000000004,-0.3552397766503871,71.23135387104404,2.9145826094259917,1.8426906583733174,1.0718919510526743,107.03258974999994
2023-05-16,0,0,0,0,0,0,0,0,118.79753,2.574885,-0.006,-0.0035,0.992,338.0,-0.3744570316650078,0.19282590603246913,0.0043,0.0029999999999999996,153.0,0.0025,0.13459733149800007,74.90207441783956,3.3823265387637207,2.150617834451398,1.2317087043123225,107.77861554999996
2023-05-17,0,0,0,0,0,0,0,0,120.1196,1.1128783,0.0011,0.0071,1.16,454.0,-0.19260108082694893,0.40583453927312835,0.0071,0.0106,116.0,0.006,0.21300863324065922,76.34320209618515,3.8157118219911155,2.4836366319593415,1.332075190031774,108.60664954999996
2023-05-18,0,0,0,0,0,0,0,0,122.09773,1.6468048,-0.0002,0.0016,1.475,402.0,0.13783298478202458,0.36153188262128727,-0.0013000000000000002,-0.0055000000000000005,-52.0,0.0018000000000000002,-0.04430265665184108,78.34663621964873,4.269574345066815,2.840824174580836,1.4287501704859786,109.47842029999995
2023-05-19,0,0,0,0,0,0,0,0,122.02816,-0.056988,-0.0193,-0.0056,1.052,522.0,-0.326500285513165,-0.24243252430339612,-0.019100000000000002,-0.0072,120.0,0.0137,-0.6039644069246835,78.09614036977011,4.570958779441611,3.186851095552991,1.3841076838886197,110.34074829999994
2023-05-22,0,0,0,0,1,0,0,0,124.304504,1.8654346,-0.0039,-0.002,0.501,201.0,-0.9127628149200605,0.2455600127075899,0.0154,0.0036,-321.0,0.0018999999999999998,0.487992537010986,80.31401917601498,4.936584182106287,3.5367977128636503,1.399786469242637,111.28906099999998
2023-05-23,0,0,0,0,0,0,0,0,121.829346,-1.9912064,0.0013,0.0111,1.242,265.0,-0.140217496742037,0.4076216681284125,0.0052,0.0131,64.0,0.0098,0.1620616554208226,71.80075883236505,4.969336959896495,3.8233055622702192,1.1460313976262757,112.21898379999998
2023-05-24,0,0,0,0,0,0,0,0,120.17924,-1.3544381,-0.0002,0.0011,0.908,370.0,-0.5208703201029887,0.3598635945011079,-0.0015,-0.01,105.0,0.0013000000000000002,-0.04775807362730461,66.7229820821777,4.806734960046683,4.019991441825512,0.7867435182211704,113.07335929999996
2023-05-25,0,0,0,0,0,0,0,0,122.743866,2.1340013,-0.0007,0.0017,0.831,361.0,-0.6238956554506436,0.3430338974952735,-0.0005,0.0005999999999999998,-9.0,0.0024,-0.016829697005834365,70.24507137536379,4.829148174294886,4.181822788319387,0.647325385975499,113.86312309999997
2023-05-26,0,0,0,0,0,0,0,0,123.86713,0.91512203,0.0003,0.0015,0.152,316.0,-1.3793749795573755,0.37048235012336617,0.001,-0.00019999999999999987,-45.0,0.0012000000000000001,0.027448452628092646,71.65988754175989,4.881280462674013,4.321714323190312,0.5595661394837013,114.72147559999996
2023-05-29,0,0,0,0,0,0,0,0,123.86713,0.0,-0.0002,-0.0017,0.0,121.0,-1.5419624891031931,0.353377712800357,-0.0005,-0.0031999999999999997,-195.0,-0.0014999999999999998,-0.017104637323009153,71.65988754175989,4.866497720376486,4.430671002627546,0.4358267177489399,115.58678659999995
2023-05-30,0,0,0,0,0,0,0,0,122.93273,-0.7543564,-0.0013,-0.0011,0.271,132.0,-1.2421114975189167,0.31831840205479833,-0.0010999999999999998,0.0005999999999999998,11.0,0.00019999999999999987,-0.03505931074555868,68.51678580453621,4.7249181049539,4.489520423092817,0.235397681861083,116.49881709999995
2023-05-31,0,0,0,0,0,0,0,0,122.137505,-0.6468773,-0.0006,-0.0045,0.372,295.0,-1.1209811767650049,0.3392074525970862,0.0007,-0.0033999999999999994,163.0,-0.0039,0.020889050542287846,65.86886861628689,4.4967119321304665,4.490958724900347,0.005753207230119628,117.36661234999997
2023-06-01,0,0,0,0,0,0,0,0,122.98244,0.6917834,-0.0002,0.0021,0.423,231.0,-1.0701509206496695,0.3516267470597995,0.00039999999999999996,0.0066,-64.0,0.0023,0.012419294462713337,67.31425437921344,4.334075563882692,4.459582092696816,-0.12550652881412372,118.31243984999996
2023-06-02,0,0,0,0,0,0,0,0,123.926765,0.7678628,0.0003,0.0025,0.043,309.0,-1.4926672981730298,0.3627476290917443,0.0005,0.0004000000000000002,78.0,0.0022,0.011120882031944779,68.89945404202417,4.2325935025616985,4.414184374669793,-0.1815908721080941,119.26174629999998
2023-06-05,0,0,0,0,0,0,0,0,125.25878,1.0748386,-0.0005,-0.0045,0.692,152.0,-0.7924668159909026,0.3348423398611976,-0.0007999999999999999,-0.006999999999999999,-157.0,-0.004,-0.027905289230546693,71.03345488067686,4.211107688107234,4.373569037357281,-0.16246134925004707,120.1683098
2023-06-06,0,0,0,0,0,0,0,0,126.551025,1.031661,-0.0066,-0.003,0.623,295.0,-0.8559463150834603,0.14573622215136267,-0.0060999999999999995,0.0014999999999999996,143.0,0.0036,-0.18910611770983493,72.97110472046643,4.24936931281546,4.348729092448917,-0.09935977963345621,121.16036005000001
2023-06-07,0,0,0,0,0,0,0,0,121.76971,-3.7781775,0.0005,-0.0025,0.66,267.0,-0.7993277754733716,0.36899898283755106,0.0071,0.0005,-28.0,-0.003,0.2232627606861884,57.61443387478624,3.8495050665006545,4.248884287259264,-0.3993792207586093,121.69465555000002
2023-06-08,0,0,0,0,0,0,0,0,121.41186,-0.2938807,-0.0018,-0.0017,1.006,409.0,-0.41848218740105514,0.2985700405464917,-0.0023,0.0008000000000000001,142.0,0.00010000000000000005,-0.07042894229105934,56.653461391264216,3.463805670481932,4.091868563903797,-0.6280628934218653,121.97149605000001
2023-06-09,0,0,0,0,0,0,0,0,121.50133,0.07368326,-0.0003,-0.002,0.292,374.0,-1.1813536803220082,0.3450773534486356,0.0015,-0.00030000000000000014,-35.0,-0.0017000000000000001,0.04650731290214388,56.847259322205936,3.1292831730828397,3.8993514857396057,-0.770068312656766,122.20608975000002
2023-06-12,0,0,0,0,0,0,0,0,122.90291,1.1535645,0.0,-0.0037,0.831,177.0,-0.5986787910189258,0.34955164088812246,0.0003,-0.0017000000000000001,-197.0,-0.0037,0.004474287439486857,59.87380886971857,2.943338502207979,3.7081488890332803,-0.7648103868253013,122.56046455
2023-06-13,0,1,0,0,0,0,0,0,123.09178,0.1536727,-0.0435,-0.0268,0.678,285.0,-0.7438569178536292,-1.1265071350108466,-0.0435,-0.023100000000000002,108.0,0.016699999999999996,-1.4760587758989692,60.278104586479806,2.779179589104217,3.5223550290474677,-0.7431754399432506,122.77517705000002
2023-06-14,0,0,0,0,0,0,0,0,122.93273,-0.12921095,-0.0369,-0.0365,2.424,374.0,1.1395711991155428,-0.8833291474236546,0.006599999999999995,-0.009699999999999997,89.0,0.0004000000000000045,0.243177987587192,59.732301698480796,2.6062057444889604,3.339125172135766,-0.7329194276468058,122.91583355000003
2023-06-15,0,1,0,0,0,0,0,0,124.34426,1.148212,-0.0853,-0.059,1.172,465.0,-0.2333036758797088,-2.344347863996702,-0.0484,-0.0225,91.0,0.026300000000000004,-1.4610187165730475,62.93951920377792,2.5535852594543513,3.1820171895994833,-0.628431930145132,123.02816005000003
2023-06-16,0,0,0,0,1,0,0,0,122.793564,-1.247102,-0.0067,-0.0047,0.782,316.0,-0.6803697778874943,0.16150189085775613,0.0786,0.054299999999999994,-149.0,0.002,2.5058497548544585,57.519418774955945,2.3595554519833115,3.017524842076249,-0.6579693900929375,123.06643025000002
2023-06-19,0,0,0,0,0,0,0,0,122.793564,0.0,-0.0058,-0.0045,0.272,107.0,-1.2474408906391512,0.18860677270463497,0.0009000000000000006,0.00020000000000000052,-209.0,0.0013,0.027104881846878842,57.519418774955945,2.1806482757369565,2.8501495288083905,-0.6695012530714339,122.99088325000002
2023-06-20,0,0,0,0,0,0,0,0,122.36613,-0.34809113,-0.0016,-0.0056,1.494,270.0,0.09924833846952588,0.30814990656383434,0.0042,-0.0011000000000000003,163.0,-0.004,0.11954313385919937,55.978371583538646,1.9815308439116137,2.6764257918290353,-0.6948949479174216,123.01772245000002
2023-06-21,0,1,1,0,0,0,0,0,119.83134,-2.071482,-0.0917,-0.0609,1.683,361.0,0.3126193720853119,-2.9682379309523745,-0.0901,-0.0553,91.0,0.0308,-3.276387837516209,47.79967661029779,1.6007401398443335,2.461288661432095,-0.8605485215877615,123.00032745000003
2023-06-22,0,1,0,0,0,0,0,0,122.41583,2.1567822,-0.0146,-0.0225,1.118,372.0,-0.3083699298601364,-0.1733837809617951,0.0771,0.038400000000000004,11.0,-0.007899999999999999,2.7948541499905795,55.01633490654163,1.490327934209347,2.2670965159875456,-0.7767685817781986,122.98392565000003
2023-06-23,0,0,0,0,1,0,0,0,121.61065,-0.65773726,-0.0015,-0.0106,0.452,364.0,-1.028124325098554,0.28572874525094266,0.0131,0.011899999999999999,-8.0,-0.0091,0.4591125262127378,52.577589705365945,1.3226079675812628,2.078198806306289,-0.7555908387250261,122.87110165000004
2023-06-26,0,0,0,0,0,0,0,0,117.63449,-3.269577,-0.001,-0.003,1.597,146.0,0.23541505110280844,0.2996880383746732,0.0005,0.0076,-218.0,-0.002,0.013959293123730565,42.54750824098149,0.8589444271452322,1.8343479304740775,-0.9754035033288453,122.55946965000003
2023-06-27,0,1,0,1,0,0,0,0,117.624565,-0.008445978,-0.0402,-0.0305,2.267,339.0,0.9639504679266612,-1.1223909554485147,-0.0392,-0.0275,193.0,0.0097,-1.422078993823188,42.525700704260586,0.48509499316092786,1.5644973430114475,-1.0794023498505196,122.29406140000003
2023-06-28,0,1,0,0,1,0,0,0,119.46354,1.5634179,-0.008,-0.02,1.714,435.0,0.3613144672152743,0.06390660394832715,0.0322,0.010499999999999999,96.0,-0.012,1.186297559396842,47.85839702745167,0.33336372729674224,1.3182706198685064,-0.9849068925717641,122.16036315000004
2023-06-29,0,0,0,0,0,0,0,0,118.38998,-0.89865327,-0.0015,-0.0084,1.163,285.0,-0.2253873861591081,0.30246644955384305,0.006500000000000001,0.011600000000000001,-150.0,-0.0069,0.2385598456055159,45.220581099162324,0.12504682410063594,1.0796258607149323,-0.9545790366142963,121.93074015000002
2023-06-30,0,0,0,0,0,0,0,0,118.986404,0.50377846,-0.0009,-0.003,0.937,389.0,-0.481511173109523,0.32219564566346615,0.0006000000000000001,0.005399999999999999,104.0,-0.0021000000000000003,0.019729196109623093,46.969327936077626,0.007988523031301042,0.865298393178206,-0.857309870146905,121.68372210000003
2023-07-03,0,0,0,0,0,0,0,0,119.18521,0.16708374,0.0,0.0015,0.253,125.0,-1.2295792403533135,0.35403043316818905,0.0009,0.0045000000000000005,-264.0,0.0015,0.031834787504722906,47.57015180960257,-0.06795569031966409,0.6786475764786319,-0.746603266798296,121.38004360000002
2023-07-04,0,0,0,0,0,0,0,0,119.18521,0.0,-0.0055,-0.004,0.657,201.0,-0.7560420822882444,0.10044220949234932,-0.0055,-0.0055,76.0,0.0014999999999999996,-0.2535882236758397,47.57015180960257,-0.12668171855395371,0.5175817174721148,-0.6442634360260685,121.01175285000002
2023-07-05,0,0,0,0,0,0,0,0,121.02418,1.5429497,-0.0112,-0.0073,1.11,189.0,-0.24736868484332478,-0.14647899753556612,-0.0057,-0.0033,-12.0,0.0039,-0.24692120702791542,53.252093125282684,-0.024550011688475593,0.4091553716399967,-0.4337053833284723,120.97447635
2023-07-06,0,0,0,0,0,0,0,0,119.39395,-1.3470232,-0.0133,0.0023,0.833,302.0,-0.5377053115648981,-0.22987402901774423,-0.0020999999999999994,0.009600000000000001,113.0,0.0156,-0.08339503148217811,48.25914882469688,-0.07429935802819898,0.3124644257063576,-0.38676378373455655,120.87358085000001
2023-07-07,0,0,0,0,0,0,0,0,118.767715,-0.5245149,-0.0078,-0.0024,0.075,233.0,-1.3602479359699913,-0.0031609144154278093,0.0055,-0.004699999999999999,-69.0,0.0054,0.2267131146023164,46.45718499912725,-0.16238611817436777,0.21749431693021248,-0.37988043510458025,120.7369001
2023-07-10,0,0,0,0,1,0,0,0,115.75576,-2.5359929,0.0003,-0.0011,0.523,138.0,-0.8453580001242285,0.33207206215915874,0.0081,0.0012999999999999997,-95.0,-0.0014,0.33523297657458656,38.928343413446605,-0.4698193220703786,0.08003158913009426,-0.5498509112004728,120.37954260000001
2023-07-11,0,0,0,0,0,0,0,0,116.44166,0.5925298,-0.0013,-0.0046,0.92,277.0,-0.36005869980274263,0.2294324077463125,-0.0015999999999999999,-0.0034999999999999996,139.0,-0.0033,-0.10263965441284625,41.262798519513716,-0.6506160564952239,-0.06609793999496938,-0.5845181165002545,120.0470366
2023-07-12,0,0,0,0,0,0,0,0,118.220985,1.5280843,-0.0086,-0.0054,1.585,293.0,0.43773822954185954,-0.10590404393106068,-0.0073,-0.0008000000000000004,16.0,0.0031999999999999997,-0.33533645167737314,46.930063924684084,-0.6429110358138956,-0.18146055915875464,-0.461450476655141,119.81144935
2023-07-13,0,0,0,0,1,0,0,1,123.79755,4.717064,-0.0028,-0.0054,2.874,486.0,1.9231687977751466,0.1563398464960955,0.0058,0.0,193.0,-0.0026000000000000003,0.2622438904271562,59.96697900106823,-0.18469352917395554,-0.18210715316179482,-0.0025863760121607182,119.78411385
2023-07-14,0,0,0,0,0,0,0,0,124.672295,0.70660114,0.0094,0.0169,0.732,358.0,-0.5613911242763113,0.6977189065816074,0.0122,0.0223,-128.0,0.007499999999999998,0.541379060085512,61.562070644190946,0.2461937883265648,-0.0964469648641229,0.3426407531906877,119.87805039999998
2023-07-17,0,0,0,0,0,0,0,0,123.90689,-0.6139338,-0.0002,-0.0013,0.606,110.0,-0.6827108120647335,0.25564144185715776,-0.009600000000000001,-0.018199999999999997,-248.0,-0.0010999999999999998,-0.44207746472444964,59.33431418356337,0.5199199910597088,0.02682642632064343,0.49309356473906535,119.93371669999999
2023-07-18,0,0,0,0,0,0,0,0,123.022194,-0.7139981,-0.0027,0.0017,0.827,251.0,-0.395281848790356,0.1403003041663384,-0.0025,0.003,141.0,0.0044,-0.11534113769081936,56.77682927003998,0.6578787881747417,0.15303689869146309,0.5048418894832786,119.96651990000001
2023-07-19,0,0,0,0,0,0,0,0,121.302505,-1.397872,-0.0054,-0.0019,0.873,275.0,-0.30797156604705217,0.10795515021282268,-0.0027,-0.0036,24.0,0.0035000000000000005,-0.032345153953515726,52.077877749995984,0.6212858025734107,0.2466866794678526,0.3745991231055581,120.04007815
2023-07-20,0,0,0,0,0,0,0,0,118.48938,-2.3191035,-0.0014,-0.0009,2.107,356.0,1.2709717941122536,0.3625828314008506,0.004,0.001,81.0,0.0005,0.2546276811880279,45.45115829884844,0.361127072514563,0.26957475807719466,0.09155231443736833,119.84375565
2023-07-21,0,0,0,0,0,0,0,0,119.30449,0.68792105,-0.002,-0.0017,1.378,348.0,0.31940659836201263,0.32171455030199064,-0.0006000000000000001,-0.0007999999999999999,-8.0,0.00030000000000000014,-0.04086828109885998,47.53436385061596,0.21820661936287422,0.25930113033433055,-0.04109451097145633,119.72844764999999
2023-07-24,0,0,0,0,0,0,0,0,120.80549,1.2581229,-0.0015,0.0009,0.793,121.0,-0.4343090038637138,0.34182955618304295,0.0005,0.0026,-227.0,0.0024000000000000002,0.020115005881052306,51.22809644596356,0.2234831119720866,0.2521375266618818,-0.028654414689795182,119.88699765000001
2023-07-25,0,0,0,0,0,0,0,0,121.48144,0.55953264,0.0096,0.0042,2.384,250.0,1.71465470260763,0.9469134331941159,0.011099999999999999,0.0033,129.0,-0.005399999999999999,0.6050838770110729,52.838363613034566,0.27899223738417334,0.2575084688063401,0.02148376857783324,120.0798414
2023-07-26,1,1,1,0,0,0,0,0,128.49934,5.776942,0.286,0.2239,3.179,386.0,2.626034610084757,6.885759495618275,0.2764,0.21969999999999998,136.0,-0.06209999999999999,5.938846062424159,65.55413290411437,0.8791353728223328,0.38183384960953864,0.49730152321279414,120.5316314
2023-07-27,0,0,0,0,0,0,0,0,128.62857,0.100553036,0.0993,0.112,0.99,337.0,-0.15819071283843048,2.281529173887519,-0.18669999999999998,-0.11189999999999999,-49.0,0.012700000000000003,-4.604230321730755,65.73732884399135,1.349623295198981,0.5753917387274272,0.7742315564715538,121.04356089999999
2023-07-28,0,0,0,0,0,0,0,0,131.78961,2.4574995,0.0038,0.0083,0.844,322.0,-0.3320995689856265,0.10486226587927445,-0.0955,-0.1037,-15.0,0.0045000000000000005,-2.1766669080082446,69.94759274761367,1.9550216013892339,0.8513177112597885,1.1037038901294454,121.6837212
2023-07-31,0,0,0,0,0,0,0,0,131.92877,0.10559559,-0.0039,0.0046,0.719,137.0,-0.4870542278549538,-0.069614713789907,-0.0077,-0.0037,-185.0,0.0085,-0.17447697966918146,70.12165864657038,2.4181581478187724,1.1646857985715853,1.253472349247187,122.32089919999999
2023-08-01,0,0,0,0,0,0,0,0,130.76575,-0.8815527,-0.0014,0.0035,0.794,261.0,-0.37766440274624785,-0.013961784598828996,0.0024999999999999996,-0.0010999999999999998,124.0,0.0049,0.055652929191078,66.64730158789946,2.6606805343624984,1.463884745729768,1.1967957886327305,122.89992619999998
2023-08-02,0,0,0,0,0,0,0,0,127.61466,-2.4097264,-0.0021,-0.0016,0.516,248.0,-0.7205369504018789,-0.02936505797092918,-0.0006999999999999999,-0.0051,-13.0,0.0004999999999999998,-0.015403273372100184,58.229077437347435,2.5690008026305122,1.6849079571099168,0.8840928455205954,123.2294502
2023-08-03,0,0,0,0,0,0,0,0,127.684235,0.054514408,-0.0012,0.0012,0.895,272.0,-0.16385711497129948,-0.008119110569383355,0.0009,0.0028,24.0,0.0024,0.021245947401545826,58.354157088855644,2.473445733009953,1.8426155122899242,0.6308302207200289,123.64396445
2023-08-04,0,0,0,0,0,0,0,0,127.34625,-0.2646923,-0.0092,-0.0075,1.444,302.0,0.6639454290952695,-0.18626962468990696,-0.008,-0.0087,30.0,0.0017000000000000001,-0.1781505141205236,57.4541153867304,2.343431467831337,1.9427787033982067,0.40065276443313036,124.0728912
2023-08-07,0,0,0,0,0,0,0,0,130.74588,2.6695848,-0.0029,-0.0074,0.613,148.0,-0.5738016664719902,-0.045721293238091106,0.0063,9.99999999999994e-05,-154.0,-0.0045000000000000005,0.14054833145181586,63.5448374412851,2.4860582233998656,2.0514346073985386,0.43462361600132704,124.8223972
2023-08-08,0,0,0,0,0,0,0,0,130.61662,-0.09884238,-0.0014,-0.0083,1.053,240.0,0.08263975808573006,-0.013319518881923216,0.0014999999999999998,-0.0008999999999999998,92.0,-0.0069,0.03240177435616789,63.174523230565384,2.5591603455871734,2.1529797550362657,0.4061805905509077,125.5311452
2023-08-09,0,0,0,0,0,0,0,0,128.88701,-1.3241947,-0.0012,-0.0043,2.087,345.0,1.5719023160897718,-0.007893173311149842,0.0002000000000000001,0.004,105.0,-0.0031000000000000003,0.005426345570773374,58.28033296467687,2.4492952806845096,2.2122428601659143,0.23705242051859532,126.06444644999999
2023-08-10,0,0,0,0,1,0,0,0,128.91685,0.023138523,-0.0005,-0.0022,0.708,256.0,-0.4290422096901044,0.008158819830289968,0.0006999999999999999,0.0021,-89.0,-0.0017000000000000001,0.016051993141439812,58.340296932252265,2.337686864812781,2.2373316610952876,0.10035520371749351,126.32041145000001
2023-08-11,0,0,0,0,0,0,0,0,128.78761,-0.10024309,-0.0015,-0.0023,0.999,287.0,-0.0007581489723770479,-0.021397176789710884,-0.001,-9.999999999999983e-05,31.0,-0.0007999999999999999,-0.02955599662000085,57.951789623825434,2.2132943240037406,2.232524193676978,-0.019229869673237587,126.5261772
2023-08-14,0,0,0,0,1,0,0,0,130.54707,1.3661623,0.0015,-0.0007,0.433,85.0,-0.8285420233231269,0.04496213747639118,0.003,0.0015999999999999999,-202.0,-0.0022,0.06635931426610206,61.69193046651207,2.230968836771538,2.23221312229589,-0.0012442855243519624,126.8581862
2023-08-15,0,0,0,0,0,0,0,0,129.00632,-1.1802375,0.001,0.0025,0.253,174.0,-1.0589580829729626,0.033674239127984174,-0.0005,0.0032,89.0,0.0015,-0.01128789834840701,56.91747823739907,2.0964834113130024,2.2050671800993125,-0.10858376878631004,127.15739249999999
2023-08-16,0,0,0,0,0,0,0,0,127.93274,-0.8321762,-0.001,-0.0006,0.674,278.0,-0.4409593448418698,-0.0116301452554415,-0.002,-0.0031,104.0,0.0004000000000000001,-0.04530438438342567,53.79347339489996,1.8815840789872311,2.1403705598768963,-0.25878648088966516,127.48890424999999
2023-08-17,0,0,0,0,0,0,0,0,129.14548,0.94794035,-0.0064,-0.001,1.206,266.0,0.32149308528872467,-0.1325863948060184,-0.0054,-0.0004000000000000001,-12.0,0.0054,-0.12095624955057689,56.68559390557445,1.7885158946409803,2.069999626829713,-0.2814837321887329,128.02170925000001
2023-08-18,0,0,0,0,0,0,0,0,126.700134,-1.8934727,-0.0208,-0.0067,0.448,253.0,-0.790351708121529,-0.4521020990825247,-0.0144,-0.0057,-13.0,0.014099999999999998,-0.31951570427650633,49.90298349840911,1.500146942294009,1.9560290899225723,-0.4558821476285633,128.39149145000002
2023-08-21,0,0,0,0,0,0,0,0,127.604706,0.71394444,-0.0013,-0.001,0.616,113.0,-0.5687554193253571,-0.007852434261006923,0.0195,0.0057,-140.0,0.0002999999999999999,0.4442496648215178,52.18227858640048,1.3292807495174088,1.8306794218415396,-0.5013986723241308,128.73145225000002
2023-08-22,0,0,0,0,1,0,0,0,128.31049,0.55309534,-0.0003,-0.0023,0.75,252.0,-0.38524718097545313,0.014528881395771798,0.001,-0.0013,139.0,-0.002,0.02238131565677872,53.94302750519483,1.236564584242089,1.7118564543216495,-0.47529187007956053,129.07290475
2023-08-23,0,0,0,0,0,0,0,0,131.58087,2.548802,-0.0011,0.0016,0.507,262.0,-0.7544653288833993,-0.0034899677055426482,-0.0008000000000000001,0.0039,10.0,0.0027,-0.018018849101314446,61.09220757432556,1.4107168241632309,1.6516285282899656,-0.2409117041267348,129.22698125000002
2023-08-24,0,0,0,0,1,0,0,0,129.00632,-1.9566357,0.0022,0.0045,1.419,294.0,0.5916048956506653,0.07070690976414228,0.0033,0.0029,32.0,0.0022999999999999995,0.07419687746968492,53.987562817260624,1.3257071337975788,1.5864442493914883,-0.26073711559390955,129.24586875000003
2023-08-25,0,0,0,0,0,0,0,0,129.10571,0.077056885,-0.0048,-0.0078,0.783,330.0,-0.3920461149026518,-0.08667160886564948,-0.006999999999999999,-0.012299999999999998,36.0,-0.003,-0.15737851862979174,54.208955438688264,1.2519248734393216,1.519540374201055,-0.26761550076173335,129.11167375000002
2023-08-28,0,0,0,0,0,0,0,0,130.22896,0.87002516,-0.0071,-0.0037,0.674,100.0,-0.5586197233856719,-0.1364907530584077,-0.002300000000000001,0.0040999999999999995,-230.0,0.0034000000000000002,-0.04981914419275821,56.742164924571185,1.269455297677851,1.469523358896414,-0.20006806121856302,129.02668325000002
2023-08-29,0,0,0,0,0,0,0,0,133.76775,2.7173638,-0.0037,0.0023,2.669,324.0,2.3380937755643276,-0.06023055969211933,0.0034000000000000002,0.006,224.0,0.006,0.07626019336628836,63.5783421454978,1.5510198716803814,1.4858226614532075,0.06519721022717384,129.17678325000003
2023-08-30,0,0,0,0,1,0,0,1,135.06995,0.973475,0.0005,0.0035,2.351,891.0,1.7857192536594482,0.03534942168328415,0.004200000000000001,0.0012000000000000001,567.0,0.003,0.09557998137540348,65.72486394184604,1.8578226590421139,1.5602226609709888,0.297599998071125,129.54954775000002
2023-08-31,0,0,0,0,0,0,0,0,135.35822,0.21342039,-0.0005,0.0015,1.438,577.0,0.4707373219579176,0.012099226770096115,-0.001,-0.002,-314.0,0.002,-0.023250194913188034,66.19976350699282,2.100019342484586,1.6681819972737082,0.4318373452108779,129.933247
2023-09-01,0,0,0,0,0,0,0,0,134.85124,-0.3745258,-0.0042,-0.007,0.709,328.0,-0.5835850535841846,-0.07062020610166772,-0.0036999999999999997,-0.0085,-249.0,-0.0028000000000000004,-0.08271943287176384,64.50696504306089,2.2253998854382644,1.7796255749066194,0.44577431053164496,130.3084965
2023-09-04,0,0,0,0,1,0,0,0,134.85124,0.0,-0.0002,-0.0007,0.658,172.0,-0.6513351640112921,0.02048065420300268,0.004,0.0063,-156.0,-0.0005,0.0911008603046704,64.5069650430609,2.2982718221064147,1.8833548243465785,0.41491699775983615,130.5137645
2023-09-05,0,0,0,0,0,0,0,0,134.96059,0.08108616,0.0004,0.0009,1.02,209.0,-0.14046228019785012,0.017626356531755007,0.0006000000000000001,0.0015999999999999999,37.0,0.0005,-0.002854297671247674,64.73255519703378,2.3378971648280924,1.9742632924428813,0.36363387238521105,130.730963
2023-09-06,0,0,0,0,0,0,0,0,133.65842,-0.96486807,-0.0033,0.0012,2.265,378.0,1.6671997342498082,-0.08058723202811954,-0.0037,0.0002999999999999999,169.0,0.0045,-0.09821358855987455,59.85386973118737,2.23842314941254,2.027095263836813,0.21132788557572724,130.9695335
2023-09-07,0,0,0,0,0,0,0,0,134.45361,0.59496164,-0.0225,-0.007,1.674,447.0,0.7940346029932531,-0.5656744602790194,-0.0192,-0.0082,69.0,0.0155,-0.4850872282508998,61.74971401503888,2.198412531643527,2.061358717398156,0.137053814245371,131.2463715
2023-09-08,0,0,0,0,0,0,0,0,135.56696,0.82803965,-0.0032,-0.0026,1.165,424.0,0.05104982106143735,-0.10717611760583229,0.019299999999999998,0.0044,-23.0,0.0006000000000000003,0.45849834267318706,64.29224911521031,2.230826292290118,2.095252232376548,0.13557405991356974,131.58533900000003
2023-09-11,0,0,0,0,0,0,0,0,136.10373,0.39594173,-0.0284,-0.0035,1.152,162.0,0.011226396276087295,-0.6960770151446521,-0.0252,-0.0009000000000000002,-262.0,0.024900000000000002,-0.5889008975388199,65.4834920216313,2.273618426217922,2.130925471144823,0.1426929550730991,131.86317200000002
2023-09-12,0,0,0,0,0,0,0,0,134.53314,-1.1539578,-0.0368,-0.0142,2.875,335.0,2.380645502102525,-0.8757516794518622,-0.008399999999999998,-0.010700000000000001,173.0,0.0226,-0.17967466430721002,59.25449129624253,2.1559456146089815,2.135929499837655,0.0200161147713267,132.13951300000002
2023-09-13,0,1,1,0,0,0,0,0,135.895,1.0122776,-0.1461,-0.0595,1.372,389.0,0.29362315064268435,-3.240381150412045,-0.10930000000000001,-0.04529999999999999,54.0,0.08660000000000001,-2.364629470960183,62.578499364403015,2.147821040105015,2.1383078078911266,0.009513232213888223,132.537626
2023-09-14,0,1,0,0,0,0,0,0,137.27672,1.016748,-0.0076,-0.0153,1.378,402.0,0.29574191102846115,-0.15915673218865564,0.1385,0.044199999999999996,13.0,-0.007699999999999999,3.0812244182233894,65.64112247547979,2.227201717743185,2.1560865898615384,0.07111512788164642,132.944188
2023-09-15,0,0,0,0,0,0,0,0,136.58087,-0.5068898,-0.0115,-0.0222,0.733,326.0,-0.6160299943607135,-0.24221567277040856,-0.0039,-0.006900000000000002,-76.0,-0.010700000000000001,-0.08305894058175292,62.851359516922614,2.2085039384825507,2.166570059585741,0.04193387889680977,133.4382248
2023-09-18,0,0,0,0,0,0,0,0,137.38606,0.5895257,-0.007,-0.0065,0.306,108.0,-1.1755140415207688,-0.13975348184487643,0.0045,0.015700000000000002,-218.0,0.0005000000000000004,0.10246219092553213,64.71984289758798,2.232918226087662,2.1798396928861252,0.05307853320153688,133.92729249999996
2023-09-19,0,0,0,0,0,0,0,0,137.21704,-0.123012066,-0.0086,-0.0061,1.637,284.0,0.7055634486210359,-0.18830571751838143,-0.0015999999999999999,0.0003999999999999993,176.0,0.0024999999999999996,-0.048552235673505,63.992234010714455,2.2131167907231486,2.18649511245353,0.026621678269618698,134.37261999999998
2023-09-20,0,0,0,0,0,0,0,0,132.9427,-3.1150281,-0.0034,-0.0024,1.304,396.0,0.24457530958338475,-0.0735156840008805,0.0052,0.0037000000000000006,112.0,0.001,0.11479003351750093,48.99191204885959,1.8314091500162135,2.1154779199660667,-0.2840687699498532,134.44071149999996
2023-09-21,0,0,0,1,0,0,0,0,129.66238,-2.4674773,-0.0386,-0.0148,2.048,384.0,1.2657205855192952,-0.8433943269112351,-0.0352,-0.012400000000000001,-12.0,0.0238,-0.7698786429103546,41.04090608126797,1.2498017488923665,1.9423426857513266,-0.6925409368589601,134.4735145
2023-09-22,0,0,0,1,0,0,0,0,129.4735,-0.14566183,-0.0387,-0.0225,0.69,320.0,-0.6346480846849594,-0.8266760548087582,-9.999999999999593e-05,-0.0076999999999999985,-64.0,0.0162,0.016718272102476894,40.63200301457013,0.7648163292210484,1.706837414445271,-0.9420210852242226,134.491904
2023-09-25,0,0,0,0,1,0,0,0,130.32837,0.6602645,-0.0011,-0.0021,1.024,174.0,-0.18715643819584582,0.006348022551567117,0.0376,0.020399999999999998,-146.0,-0.0009999999999999998,0.8330240773603252,43.381544225556105,0.4443208998008288,1.4543341115163826,-1.0100132117155538,134.49687450000002
2023-09-26,0,0,0,0,0,0,0,0,127.79854,-1.9411147,-0.0056,-0.0032,1.259,287.0,0.13281184776506597,-0.09326393890250616,-0.0045,-0.0011000000000000003,113.0,0.0024,-0.09961196145407328,37.80200184228193,-0.013652794471994412,1.1607367303187073,-1.1743895247907017,134.198414
2023-09-27,0,0,0,0,0,0,0,0,129.76178,1.5361786,-0.0023,-0.004,1.923,369.0,1.0501460643376246,-0.023482283289931422,0.0033,-0.0007999999999999999,82.0,-0.0017000000000000001,0.06978165561257474,43.83867494396691,-0.21569676811054705,0.8854500306328563,-1.1011467987434034,133.93300549999998
2023-09-28,0,0,0,0,0,0,0,0,131.52121,1.3559103,-0.0037,-0.0019,1.102,350.0,-0.11586524211317185,-0.05807516411421843,-0.0014000000000000002,0.0021000000000000003,-19.0,0.0018000000000000002,-0.034592880824287006,48.64878747223697,-0.23118185551271608,0.6621236534037418,-0.8933055089164579,133.741155
2023-09-29,0,0,0,0,1,0,0,0,130.07988,-1.0959089,-0.0008,0.002,0.479,430.0,-1.0197470002828222,0.003621153980352651,0.0029000000000000002,0.0039,80.0,0.0028,0.06169631809457108,45.23110870320531,-0.3556573871752562,0.4585674452879422,-0.8142248324631984,133.502587
2023-10-02,0,0,0,0,0,0,0,0,133.37013,2.5294185,-0.0045,-0.0019,1.333,169.0,0.18610858660219634,-0.07663208185869888,-0.0036999999999999997,-0.0039,-261.0,0.0026,-0.08025323583905153,53.29702833438474,-0.1866577907607052,0.3295223980782127,-0.5161801888389179,133.4285315
2023-10-03,0,0,0,0,0,0,0,0,131.6405,-1.2968659,-0.0111,-0.0082,1.276,423.0,0.09536331001906587,-0.21923803964339753,-0.006600000000000001,-0.006300000000000001,254.0,0.0029,-0.14260595778469864,49.195425041786784,-0.1900997275782288,0.2255979729469244,-0.4156977005251532,133.26252699999998
2023-10-04,0,0,0,0,0,0,0,0,134.43376,2.1218896,-0.0028,-0.0046,2.494,349.0,1.7879503008592936,-0.03745891659704312,0.0083,0.0036000000000000008,-74.0,-0.0018,0.1817791230463544,55.192557614004166,0.032194136482985414,0.1869172056541366,-0.1547230691711512,133.30129399999996
2023-10-05,0,0,0,0,1,0,0,1,134.26479,-0.12570024,0.0001,0.0019,2.443,1049.0,1.7633512581167923,0.02574855169764218,0.0029,0.0065,700.0,0.0018,0.06320746829468529,54.77136830117371,0.19251002272488904,0.1880357690682871,0.004474253656601951,133.29185299999997
2023-10-06,0,0,0,0,0,0,0,0,136.75981,1.858294,-0.0229,-0.0071,1.124,406.0,-0.14532870902303602,-0.4714317124773513,-0.023,-0.009000000000000001,-643.0,0.0158,-0.49718026417499345,59.665971952136466,0.5149527253619794,0.25341916032702555,0.2615335650349539,133.35149549999997
2023-10-09,0,0,0,0,0,0,0,0,137.59479,0.6105542,-0.0119,-0.0017,0.4,113.0,-1.1806085151564802,-0.22355889740736912,0.011,0.0054,-293.0,0.0102,0.24787281506998216,61.18004166064558,0.828318458478094,0.3683990199572393,0.45991943852085476,133.42604849999998
2023-10-10,0,0,0,0,1,0,0,0,137.23695,-0.2600789,-0.0017,0.0021,1.129,297.0,-0.14004758473780013,0.0017330206510157559,0.0102,0.0037999999999999996,184.0,0.0037999999999999996,0.22529191805838486,60.138151716081445,1.0358477541277011,0.5018887667913317,0.5339589873363695,133.56123899999997
2023-10-11,0,0,0,0,0,0,0,0,139.71213,1.803565,-0.0024,-0.0043,1.514,432.0,0.39989562482760255,-0.014860524214234793,-0.0006999999999999999,-0.0063999999999999994,135.0,-0.0019000000000000002,-0.01659354486525055,64.62563933200973,1.3840876552306725,0.6783285444791998,0.7057591107514727,133.75209549999997
2023-10-12,0,0,0,0,1,0,0,0,138.14153,-1.1241555,-0.0015,0.0072,1.244,422.0,0.03152320493818459,0.005088716666391134,0.0008999999999999998,0.0115,-10.0,0.0087,0.019949240880625926,60.00919975264135,1.5158620774027156,0.8458352510639029,0.6700268263388127,133.79533599999996
2023-10-13,0,0,0,0,0,0,0,0,136.5411,-1.1585236,-0.0028,-0.0024,0.931,469.0,-0.41500155346891854,-0.023378493927626157,-0.0013,-0.0096,47.0,0.0004000000000000002,-0.02846721059401729,55.647053236738685,1.4741597349175208,0.9715001478346265,0.5026595870828944,133.79334749999995
2023-10-16,0,0,0,0,1,0,0,0,138.26576,1.2631059,-0.0016,-0.0059,0.563,186.0,-0.9429577820038796,0.003208090377535599,0.0012,-0.0035,-283.0,-0.0043,0.026586584305161757,59.09756173781726,1.5622671334272127,1.0896535449531437,0.472613588474069,133.83733249999995
2023-10-17,0,0,0,0,0,0,0,0,138.88705,0.44933558,0.0004,-0.0014,0.589,344.0,-0.878181195407729,0.05087657429773333,0.002,0.0045,158.0,-0.0018,0.047668483920197735,60.29587886248014,1.6630551278900612,1.2043338615405272,0.4587212663495339,133.92083299999996
2023-10-18,0,0,0,0,0,0,0,0,137.13754,-1.2596607,-0.0006,-0.0037,1.195,304.0,0.07534730419505112,0.24541908429056186,-0.001,-0.0023,-40.0,-0.0031000000000000003,0.19454250999282852,55.376036525736005,1.583505834345118,1.2801682561014454,0.3033375782436727,134.13057499999996
2023-10-19,0,0,0,0,0,0,0,0,136.92877,-0.1522243,-0.0024,-0.0058,1.767,490.0,0.9677278650188108,0.2913836374404652,-0.0018,-0.0020999999999999994,186.0,-0.0034,0.04596455314990333,54.80140219087859,1.4864812216321752,1.3214308492075912,0.16505037242458398,134.49389449999995
2023-10-20,0,0,0,0,0,0,0,0,134.79163,-1.5607953,-0.0006,-0.0017,0.682,389.0,-0.758882506163372,0.38349962754514183,0.0018,0.0040999999999999995,-101.0,-0.0010999999999999998,0.09211599010467664,49.175780423846284,1.2230407276646815,1.3017528248990093,-0.07871209723432782,134.75980099999995
2023-10-23,0,0,1,0,0,0,0,0,135.68625,0.66370964,-0.0635,-0.0177,1.589,160.0,0.6630178767984231,-2.498257099374036,-0.0629,-0.016,-229.0,0.0458,-2.8817567269191775,51.42376349527269,1.074069392189699,1.2562161383571473,-0.1821467461674482,135.02769499999994
2023-10-24,0,1,0,0,0,0,0,0,137.98247,1.692307,-0.0109,-0.0137,2.683,301.0,2.257426153030894,-0.060373728744785214,0.0526,0.004,141.0,-0.0028000000000000004,2.4378833706292506,56.71567467231671,1.1282880963937316,1.2306305299644642,-0.10234243357073258,135.53689149999997
2023-10-25,0,1,1,1,0,0,1,0,124.86117,-9.509397,-0.1117,0.1128,3.584,416.0,3.246858462126536,-3.9651482468675168,-0.1008,0.1265,115.0,0.22449999999999998,-3.9047745181227316,33.95326366324861,0.11119576383117646,1.0067435767378066,-0.8955478129066301,135.29186099999998
2023-10-26,0,0,0,1,0,0,0,0,121.55102,-2.6510656,-0.169,-0.1713,1.631,367.0,0.5064172392102979,-4.775030995681768,-0.05730000000000002,-0.2841,-49.0,-0.0022999999999999965,-0.8098827488142515,30.615108956388642,-0.950996186339836,0.615195624122278,-1.566191810462114,134.79335149999997
2023-10-27,0,1,0,0,0,0,0,0,121.44167,-0.08995533,-0.0152,-0.013,1.285,385.0,0.027669507158345454,-0.027204957693595065,0.15380000000000002,0.1583,18.0,0.0022000000000000006,4.747826037988173,30.508400173859247,-1.7810833702477282,0.1359398252482767,-1.9170231954960049,134.36144099999996
2023-10-30,0,0,0,0,1,0,0,0,123.718025,1.874435,-0.0051,-0.0032,1.363,158.0,0.11989229702005617,0.2856797721239705,0.0101,0.0098,-227.0,0.0019000000000000002,0.31288472981756554,35.544886086395906,-2.229549757979015,-0.3371580913971817,-1.8923916665818334,133.87883574999998
2023-10-31,0,0,0,0,0,0,0,0,123.340294,-0.30531883,-0.0019,-0.0018,0.801,315.0,-0.6618676396402041,0.38475285481921595,0.0032000000000000006,0.0014000000000000002,157.0,0.00010000000000000005,0.09907308269524545,35.09040995902733,-2.5856367254838233,-0.78685381821451,-1.7987829072693133,133.46382545
2023-11-01,0,0,0,0,0,0,0,0,125.69615,1.9100547,-0.0062,-0.0024,0.469,332.0,-1.0902394195407865,0.25480144339875715,-0.0043,-0.0005999999999999998,17.0,0.0038,-0.1299514114204588,40.22389562149185,-2.647224762982063,-1.1589280071680206,-1.4882967558140423,133.02694495
2023-11-02,0,0,0,0,0,0,0,0,126.72996,0.82246065,-0.0032,-0.0058,0.447,238.0,-1.1085774697874324,0.34907685280983686,0.0029999999999999996,-0.0034,-94.0,-0.0025999999999999994,0.0942754094110797,42.37753025606012,-2.582840521557813,-1.443710510045979,-1.139130011511834,132.65020345
2023-11-03,0,0,0,0,0,0,0,0,128.33037,1.2628555,0.0021,-0.0009,0.09,216.0,-1.553399373772022,0.5106297514080771,0.0053,0.0049,-22.0,-0.003,0.16155289859824024,45.642499593950184,-2.3752949133586867,-1.6300273907085205,-0.7452675226501662,132.22873145
2023-11-06,0,0,0,0,0,0,0,0,129.4735,0.8907795,-0.0102,-0.0063,0.504,144.0,-0.9910896957868595,0.13699486897428997,-0.0123,-0.0054,-72.0,0.0039000000000000007,-0.3736348824337871,47.91271971972739,-2.094429209916541,-1.7229077545501246,-0.37152145536641634,131.82266695
2023-11-07,0,0,0,0,0,0,0,0,130.18921,0.5527854,-0.0174,-0.0106,0.632,277.0,-0.8324975036597243,-0.07648797829622016,-0.007199999999999998,-0.0043,133.0,0.006799999999999999,-0.21348284727051015,49.33933069580447,-1.7934159185026886,-1.7370093873406374,-0.05640653116205119,131.47027995000002
2023-11-08,0,0,0,0,1,0,0,0,131.054,0.6642699,-0.0008,-0.002,1.009,291.0,-0.32067559386115885,0.43813204338288103,0.0166,0.0086,14.0,-0.0012000000000000001,0.5146200216791011,51.08272023239214,-1.4681554090644795,-1.6832385916854058,0.2150831826209263,131.03737345000002
2023-11-09,0,0,0,0,0,0,0,0,129.46358,-1.2135863,-0.0009,-0.0029,0.878,363.0,-0.4938471439258719,0.43175448669047845,-9.999999999999994e-05,-0.0008999999999999998,72.0,-0.002,-0.006377556692402586,47.823239935080395,-1.3234616719369114,-1.6112832077357069,0.28782153579879544,130.60347595000002
2023-11-10,0,0,0,0,0,0,0,0,131.79955,1.8043518,-0.0051,-0.0043,0.213,307.0,-1.3997111076604243,0.2934180455316491,-0.004200000000000001,-0.0014000000000000002,-56.0,0.0008000000000000004,-0.13833644115882937,52.606592524004206,-1.008670263396084,-1.4907606188677822,0.4820903554716982,130.36639845000005
2023-11-13,0,0,0,0,0,0,0,0,131.30254,-0.3771007,-0.0073,-0.0025,1.418,165.0,0.24058944479998967,0.22862780198420546,-0.0021999999999999997,0.0018,-142.0,0.0048000000000000004,-0.06479024354744362,51.52428711800923,-0.7901915215091719,-1.3506467993960602,0.5604552778868883,130.01823745000004
2023-11-14,0,1,1,0,0,0,0,0,132.82341,1.1582971,-0.0766,-0.0108,2.272,334.0,1.3696963348010278,-1.8279926877556378,-0.0693,-0.0083,169.0,0.0658,-2.0566204897398435,54.60219860022049,-0.48869072348941245,-1.1782555842147306,0.6895648607253182,129.71505545000005
2023-11-15,0,1,0,0,1,0,0,0,133.81744,0.7483959,-0.0124,-0.0105,1.428,391.0,0.1974504028171465,0.11280265526787635,0.06420000000000001,0.0002999999999999999,57.0,0.001899999999999999,1.940795343023514,56.54429508528365,-0.16760718403244823,-0.9761259041782742,0.8085187201458259,129.54905045000004
2023-11-16,0,0,0,0,0,0,0,0,136.11368,1.7159343,-0.0009,-0.0017,1.565,436.0,0.38260465491219375,0.46189685969904665,0.0115,0.0088,45.0,-0.0007999999999999999,0.3490942044311703,60.72417467491281,0.26903988743990226,-0.7270927458546389,0.9961326332945412,129.50829595000002
2023-11-17,0,0,0,0,0,0,0,0,134.50334,-1.1830807,-0.0025,0.0021,0.651,364.0,-0.8711605815157076,0.41221532892365015,-0.0016,0.0037999999999999996,-72.0,0.0046,-0.0496815307753965,56.61165658270965,0.4796161413006814,-0.48575096842357485,0.9653671097242562,129.49388145000003
2023-11-20,0,0,0,0,0,0,0,0,135.43774,0.69470406,0.0012,-0.0012,0.317,144.0,-1.3101924355937102,0.5189004204299419,0.0037,-0.0033,-220.0,-0.0024,0.10668509150629174,58.37330043154332,0.7136708571026986,-0.24586660331832016,0.9595374604210187,129.48145595
2023-11-21,0,0,0,0,0,0,0,0,136.15344,0.52844286,-0.0018,-0.0022,0.585,235.0,-0.9202055789281187,0.42733554017147113,-0.003,-0.0010000000000000002,91.0,-0.0004000000000000002,-0.09156488025847076,59.722242192067434,0.9460069352142568,-0.007491895611804772,0.9534988308260616,129.39000445000002
2023-11-22,0,0,0,0,0,0,0,0,137.66438,1.1097312,-0.001,0.0017,0.48,245.0,-1.0352409977002697,0.452362612407299,0.0007999999999999999,0.0039,10.0,0.0027,0.025027072235827896,62.48609185729932,1.2377867464388146,0.24156383279831914,0.9962229136404954,130.03016495000003
2023-11-23,0,0,0,0,0,0,0,0,137.66438,0.0,-0.0004,-0.0008,0.419,204.0,-1.0871049226831695,0.47038957100678735,0.0006000000000000001,-0.0025,-41.0,-0.0004,0.01802695859948833,62.48609185729932,1.4522833307721328,0.48370773239308185,0.9685755983790509,130.83583295000003
2023-11-24,0,0,0,0,0,0,0,0,135.8751,-1.2997329,-0.0174,-0.0025,0.167,174.0,-1.4080215188144438,-0.035511044936070366,-0.016999999999999998,-0.0017000000000000001,-30.0,0.014899999999999998,-0.5059006159428577,57.10439624734689,1.4610513859532546,0.6791764631051164,0.7818749228481382,131.55750445000004
2023-11-27,0,0,0,0,1,0,0,0,135.59679,-0.20484328,-0.0013,-0.0015,0.817,127.0,-0.5157231769818943,0.4510485112696815,0.0161,0.001,-47.0,-0.0002000000000000001,0.48655955620575186,56.29227706058488,1.4290694190899842,0.8291550543020899,0.5999143647878943,132.15144270000002
2023-11-28,0,0,0,0,0,0,0,0,136.38206,0.57913065,-0.0053,-0.0051,1.645,310.0,0.613645471421856,0.3335737872685206,-0.004,-0.0036000000000000003,183.0,0.00019999999999999966,-0.11747472400116088,58.102824270500676,1.4503692522416713,0.9533978938900062,0.49697135835166517,132.80353100000002
2023-11-29,0,0,0,0,0,0,0,0,134.18526,-1.6107798,-0.0005,-0.0031,2.627,340.0,1.93224564068363,0.47694128627224636,0.0048000000000000004,0.0020000000000000005,30.0,-0.0026,0.14336749900372575,51.65622685485894,1.2752854263378026,1.0177754003795654,0.25751002595823724,133.22798650000001
2023-11-30,0,0,0,0,0,0,0,0,131.73991,-1.8223643,-0.0004,-0.0017,1.966,549.0,1.0209680047279133,0.468092004718188,9.999999999999999e-05,0.0014,209.0,-0.0013,-0.008849281554058341,45.59222549541857,0.9285076661414564,0.9999218535319436,-0.07141418739048722,133.47848400000004
2023-12-01,0,0,0,0,0,0,0,0,131.07391,-0.50554276,-0.0002,-0.002,0.965,415.0,-0.3280372607895127,0.47230563236216777,0.0002,-0.00030000000000000014,-134.0,-0.0018,0.004213627643979756,44.074673440578,0.5931061997068241,0.9185587227669197,-0.32545252306009564,133.61566100000002
2023-12-04,0,0,0,0,0,0,0,0,128.49934,-1.9641995,-0.0024,-0.0049,0.517,133.0,-0.9125194816937444,0.39290331858534155,-0.0021999999999999997,-0.0029,-282.0,-0.0025,-0.07940231377682622,38.7105658149743,0.11818942458333481,0.7584848631302028,-0.640295438546868,133.566953
2023-12-05,0,0,0,0,0,0,0,0,130.20909,1.3305545,-0.0019,-0.0041,0.36,211.0,-1.104977920103145,0.39132671648636047,0.0004999999999999998,0.0007999999999999995,78.0,-0.0022000000000000006,-0.0015766020989810836,43.61807239716157,-0.11885294253147549,0.5830173019978672,-0.7018702445293427,133.567947
2023-12-06,0,0,0,0,0,0,0,0,129.24489,-0.7405162,-0.0002,0.0017,2.462,222.0,1.7441813803579145,0.4316994982703298,0.0017,0.0058000000000000005,11.0,0.0019,0.0403727817839693,41.595336779841055,-0.3801316866524189,0.39038750426780994,-0.7705191909202289,133.47749149999999
2023-12-07,0,0,0,0,0,0,0,0,136.11368,5.314553,-0.0006,-0.0005,3.483,683.0,2.8559769435883977,0.4129497827404727,-0.00039999999999999996,-0.0021999999999999997,461.0,9.999999999999994e-05,-0.018749715529857047,56.92143685819615,-0.03256760655739299,0.30579648210276933,-0.3383640886601623,133.80999649999998
2023-12-08,0,0,0,0,0,0,0,0,134.18526,-1.4167726,0.0391,0.0331,1.592,402.0,0.46411455643385024,1.736463086515194,0.039700000000000006,0.0336,-281.0,-0.006000000000000005,1.3235133037747213,52.737280231533454,0.0862775001444902,0.2618926857111135,-0.1756151855666233,133.929282
2023-12-11,0,0,0,0,0,0,0,0,132.49536,-1.2593627,0.0,-0.0012,3.706,289.0,2.8602675324122453,0.3892850281836529,-0.0391,-0.0343,-113.0,-0.0012,-1.3471780583315411,49.31618168026909,0.04359970624832954,0.21823408981855671,-0.17463438357022718,133.98892299999997
2023-12-12,0,1,1,1,0,0,0,0,131.72997,-0.57768226,-0.0521,-0.0913,3.378,660.0,2.3264232123926067,-1.3513668881561063,-0.0521,-0.0901,371.0,-0.039200000000000006,-1.7406519163397591,47.80361321611908,-0.05139092664751388,0.1643090865253426,-0.21570001317285648,133.93425099999996
2023-12-13,0,0,0,0,0,0,0,0,131.7797,0.03772974,-0.1061,-0.0891,2.019,436.0,0.7811577369465156,-2.886392168463789,-0.054,0.0022000000000000075,-224.0,0.017,-1.5350252803076827,47.91539096653785,-0.12126107006568532,0.10719505520713701,-0.22845612527282233,133.83236399999998
2023-12-14,0,1,0,0,1,1,0,0,131.15343,-0.47522187,-0.0033,-0.0072,1.278,472.0,-0.03328972114443481,0.31079578619692366,0.1028,0.0819,36.0,-0.0039,3.1971879546607127,46.56305613537414,-0.22457960328426907,0.0408401235088558,-0.26541972679312487,133.58435149999997
2023-12-15,0,0,0,0,0,0,0,0,131.80948,0.500226,-0.0008,-0.0061,0.798,353.0,-0.5759006013401968,0.37108749766704696,0.0025,0.0010999999999999994,-119.0,-0.0053,0.0602917114701233,48.211972332599785,-0.25063338739244045,-0.01745457867140346,-0.233178808721037,133.44965849999997
2023-12-18,0,0,0,0,0,0,0,0,134.99042,2.4132729,-0.0043,-0.0041,0.194,115.0,-1.2254340754112463,0.262514102050453,-0.0035,0.002,-238.0,0.00019999999999999966,-0.10857339561659396,55.39836540621464,-0.014439475939980184,-0.016851558125118803,0.002412082185138619,133.42729249999996
2023-12-19,0,0,0,0,0,0,0,0,135.83534,0.6259084,-0.0229,-0.0093,2.172,321.0,0.9505809875233308,-0.31523767784238654,-0.0186,-0.005199999999999999,206.0,0.013600000000000001,-0.5777517798928395,57.101196502423534,0.23817831196086559,0.03415441589207807,0.2040238960687875,133.4113875
2023-12-20,0,1,1,0,0,0,0,0,137.51527,1.2367368,-0.1249,-0.0256,1.243,379.0,-0.06255209378911432,-3.159036465917221,-0.102,-0.016300000000000002,58.0,0.0993,-2.8437987880748348,60.34309830964,0.5673954584705143,0.1408026244077653,0.426592834062749,133.40393199999997
2023-12-21,0,0,0,0,1,0,0,0,139.58287,1.5035391,0.0327,0.0161,0.119,219.0,-1.2723018010786986,1.332001083577048,0.1576,0.0417,-160.0,-0.0166,4.491037549494269,63.953668337462055,0.98379982729179,0.30940206498457024,0.6743977623072198,133.49985649999996
2023-12-22,0,0,0,0,0,0,0,0,140.6465,0.7620096,-0.0212,-0.0049,0.181,184.0,-1.1922895624255916,-0.18469509691047004,-0.0539,-0.020999999999999998,-35.0,0.016300000000000002,-1.5166961804875179,65.68450466686667,1.3836791495615444,0.5242574818999651,0.8594216676615792,133.73842649999995
2023-12-25,0,0,0,0,1,0,0,0,140.6465,0.0,-0.0062,-0.012,0.022,76.0,-1.3210516702396804,0.24128951238535076,0.015,-0.0071,-108.0,-0.0058000000000000005,0.4259846092958208,65.68450466686667,1.6812064915157805,0.7556472838231282,0.9255592076926523,133.99091199999992
2023-12-26,0,0,0,0,0,0,0,0,140.67632,0.021207333,0.0003,-0.0046,0.067,97.0,-1.2347729302001855,0.41956595696108767,0.0065,0.0074,21.0,-0.0049,0.1782764445757369,65.73799731528442,1.897531713941305,0.9840241698467636,0.9135075440945415,134.20562499999994
2023-12-27,0,0,0,0,0,0,0,0,139.53317,-0.81261396,0.0019,-0.0051,0.0,104.0,-1.2635240515143749,0.46222684835868927,0.0016,-0.0005000000000000004,7.0,-0.007,0.0426608913976016,61.763209507618974,1.9542015410388842,1.1780596440851876,0.7761418969536966,134.47302049999993
2023-12-28,0,0,0,0,0,0,0,0,139.394,-0.09973645,-0.0033,-0.0059,0.072,130.0,-1.1498515768448692,0.3169497266714037,-0.0052,-0.0007999999999999995,26.0,-0.0026,-0.14527712168728557,61.277445623080915,1.965228994849923,1.3354935142381348,0.6297354806117883,134.85572499999995
2023-12-29,0,1,1,0,0,0,0,0,138.85722,-0.3850758,-0.0669,-0.1018,0.618,132.0,-0.5596912676114654,-1.4365784636769963,-0.0636,-0.0959,2.0,-0.0349,-1.7535281903484,59.3389250100205,1.9086529088631323,1.4501253931631344,0.45852751569999795,135.24489049999994
2024-01-01,0,0,0,0,1,0,0,0,138.85722,0.0,-0.0029,-0.0217,0.0,62.0,-1.1984405459537237,0.33844495174341244,0.064,0.0801,-70.0,-0.0188,1.7750234154204088,59.3389250100205,1.842575885268218,1.528615491584151,0.3139603936840669,135.76278449999992
2024-01-02,0,1,1,0,0,0,0,0,137.34628,-1.0881245,-0.0063,-0.0493,0.254,89.0,-0.9095148266632618,0.24628980561909095,-0.0034000000000000002,-0.027599999999999996,27.0,-0.043,-0.09215514612432149,53.78440659443176,1.6492772954401005,1.5527478523553409,0.09652944308475964,136.11964399999994
2024-01-03,0,1,0,0,0,0,0,0,138.09181,0.5428076,-0.0249,-0.0078,0.331,154.0,-0.8051727141605028,-0.26045808892832445,-0.0186,0.041499999999999995,65.0,0.017099999999999997,-0.5067478945474154,55.97426454818517,1.5385098271081858,1.5499002473059098,-0.01139042019772396,136.56198999999995
2024-01-04,0,0,0,0,1,0,0,0,135.5769,-1.8211901,-0.0138,-0.008,0.69,140.0,-0.42184071528373285,0.0540246424807744,0.011099999999999999,-0.00020000000000000052,-14.0,0.0058,0.3144827314090988,47.75410691607339,1.2335737214110054,1.486634942126929,-0.2530612207159235,136.53515099999996
2024-01-05,0,0,0,0,0,0,0,0,134.92084,-0.48390627,-0.0008,-0.0191,0.852,311.0,-0.25223774996425774,0.41496532746787573,0.013,-0.011099999999999999,171.0,-0.0183,0.36094068498710136,45.86197965760973,0.92827057624757,1.374962068951057,-0.44669149270348707,136.57192999999992
2024-01-08,0,0,0,0,0,0,0,0,138.01228,2.2913098,-0.0021,-0.0012,0.126,109.0,-0.9921785632080381,0.37904297517974067,-0.0013,0.0179,-202.0,0.0009,-0.03592235228813506,54.92507542801547,0.9251049716181114,1.284990649484468,-0.3598856778663566,136.84777599999993
2024-01-09,0,0,0,0,0,0,0,0,140.10973,1.5197396,0.0019,-0.0038,0.574,161.0,-0.5296899883586419,0.4895448346822498,0.004,-0.0026,52.0,-0.0057,0.11050185950250913,59.8376463417575,1.079400238969754,1.2438725673815252,-0.16447232841177128,137.26676399999994
2024-01-10,0,0,0,0,0,0,0,0,141.43178,0.94360113,-0.0023,-0.0094,0.485,256.0,-0.6074083785542551,0.37356261892040066,-0.0042,-0.005600000000000001,95.0,-0.0071,-0.11598221576184914,62.604191112116006,1.2934486650832184,1.2537877869218639,0.03966087816135455,137.74936799999995
2024-01-11,0,1,0,0,0,0,0,0,141.23299,-0.14056563,-0.0135,-0.0407,2.299,341.0,1.237591699264299,0.06698494653686703,-0.0112,-0.0313,85.0,-0.027200000000000002,-0.3065776723835336,61.91357648049459,1.4305523759688867,1.2891407047312684,0.14141167123761833,138.25334599999994
2024-01-12,0,0,1,0,0,0,0,0,141.79956,0.40117502,-0.0039,-0.0369,0.594,393.0,-0.4980829387487992,0.3362860108596535,0.009600000000000001,0.003799999999999998,52.0,-0.033,0.26930106432278644,63.1609166439559,1.5668636893298071,1.344685301650976,0.22217838767883102,138.75284999999994
2024-01-15,0,0,0,0,0,0,0,0,141.79956,0.0,-0.0002,-0.0086,0.191,118.0,-0.880837826513278,0.41578665185569036,0.0036999999999999997,0.028300000000000002,-275.0,-0.0084,0.07950064099603688,63.1609166439559,1.655804305902251,1.406909102501231,0.2488952034010199,139.09330699999992
2024-01-16,0,0,0,0,0,0,0,0,141.64053,-0.1121521,-0.0005,-0.0043,1.054,197.0,0.022169359391053224,0.4018854257940933,-0.00030000000000000003,0.0043,79.0,-0.0038,-0.01390122606159705,62.49464342134505,1.693931406568396,1.464313563314664,0.2296178432537319,139.38356649999994
2024-01-17,0,1,1,0,0,0,0,0,140.62663,-0.71583986,-0.0021,-0.0475,2.079,342.0,1.1724991169816381,0.32667432249361517,-0.0015999999999999999,-0.0432,145.0,-0.0454,-0.07521110330047814,58.27399229989001,1.6236180933402409,1.4961744693197794,0.1274436240204615,139.53913449999996
2024-01-18,0,1,0,0,0,0,0,0,142.62462,1.4207959,-0.0005,-0.0237,2.097,590.0,1.174266371431211,0.36923807430556754,0.0015999999999999999,0.0238,248.0,-0.0232,0.04256375181195238,63.50465804583375,1.7094103625393586,1.5388216479636951,0.1705887145756635,139.69122199999995
2024-01-19,0,0,0,0,0,0,0,0,145.50735,2.0211935,0.0004,-0.011,0.854,408.0,-0.16742980541431365,0.39347179017043904,0.0009,0.0127,-182.0,-0.011399999999999999,0.024233715864871497,69.45435419455028,1.9871074354157372,1.6284788054541035,0.3586286299616337,139.93426449999995
2024-01-22,0,0,0,0,0,0,0,0,145.11966,-0.2664268,-0.0025,-0.0105,0.797,201.0,-0.21928437189436192,0.28020929681077117,-0.0029000000000000002,0.0004999999999999987,-207.0,-0.008,-0.11326249335966787,67.85226383756972,2.151104430570541,1.733003930477391,0.41810050009315014,140.15792249999996
2024-01-23,0,0,0,0,0,0,0,0,146.16342,0.7192135,-0.0039,-0.0089,0.989,260.0,-0.013974660752705408,0.22776885154833526,-0.0013999999999999998,0.0016000000000000007,59.0,-0.005,-0.05244044526243591,69.86748904002091,2.3383410002152516,1.854071344424963,0.4842696557902886,140.43227749999994
2024-01-24,0,0,0,0,0,0,0,0,147.81352,1.1289477,-0.0037,-0.0039,1.663,294.0,0.6964707147185099,0.23378445155891903,0.00019999999999999966,0.005,34.0,-0.00019999999999999966,0.006015600010583766,72.77327060189582,2.5900204664586397,2.0012611688316984,0.5887592976269413,140.84629499999994
2024-01-25,0,0,0,0,0,0,0,0,150.96461,2.1318078,0.0018,-0.0064,1.456,342.0,0.45410142224459005,0.4414494026486223,0.0055,-0.0025000000000000005,48.0,-0.0082,0.2076649510897033,77.27921821045368,3.009058333555771,2.202820601776513,0.806237731779258,141.42482549999994
2024-01-26,0,0,0,0,0,0,0,0,151.27774,0.20741224,0.0018,0.0089,0.569,374.0,-0.5230948118467027,0.4416799010883625,0.0,0.015300000000000001,32.0,0.0071,0.0002304984397402121,77.67461950429751,3.3280521230643103,2.4278669060340725,0.9001852170302378,142.04585149999997
2024-01-29,0,0,0,0,0,0,0,0,152.59483,0.87064505,-0.0008,0.0019,0.889,149.0,-0.18010329028035785,0.3355257984026916,-0.0026,-0.007,-225.0,0.0027,-0.10615410268567094,79.30592845583963,3.645116520849456,2.671316828997149,0.9737996918523066,142.73273199999997
2024-01-30,0,0,0,0,0,0,0,0,150.55707,-1.3354123,-0.0025,0.0033,1.997,217.0,1.0049574998509345,0.26085211296122246,-0.0017000000000000001,0.0014,68.0,0.0058,-0.07467368544146913,70.69856374834046,3.689432655628707,2.874939994323461,0.8144926613052461,143.39327149999994
2024-01-31,0,1,1,1,0,0,1,0,139.26479,-7.500333,-0.1482,0.0766,2.881,311.0,1.875702016452819,-4.316436381518946,-0.1457,0.0733,94.0,0.2248,-4.577288494480168,42.907271619973244,2.781299796488497,2.856211954756468,-0.07491215826797104,143.45192049999997
2024-02-01,0,0,0,1,0,0,0,0,140.31847,0.7565975,-0.0446,-0.0432,1.621,306.0,0.5294216241505676,-1.0080586402739717,0.1036,-0.1198,-5.0,0.0013999999999999985,3.308377741244974,45.07680205279625,2.1221582140112503,2.7094012066074247,-0.5872429925961744,143.68899899999997
2024-02-02,0,1,0,0,1,1,0,0,141.5312,0.86426735,0.0019,0.0051,1.008,336.0,-0.13246047939171632,0.44730336775200447,0.0465,0.0483,30.0,0.0032000000000000006,1.4553620080259762,47.54734545791965,1.6782946013694016,2.50317988555982,-0.8248852841904184,144.01951699999998
2024-02-05,0,0,0,0,0,0,0,0,142.82343,0.91303587,-0.0022,-0.0026,0.842,183.0,-0.29880125506862387,0.3159029777036087,-0.0041,-0.0077,-153.0,-0.00039999999999999975,-0.13140039004839577,50.12192738724002,1.4144962199392523,2.2854431524357066,-0.8709469324964543,144.26007449999997
2024-02-06,0,0,0,0,0,0,0,0,143.24095,0.29232502,-0.0074,-0.0079,1.329,272.0,0.23883551964843544,0.12115966600384251,-0.0052,-0.005300000000000001,89.0,-0.0005000000000000004,-0.1947433116997662,50.95948826995949,1.2250034000730068,2.0733552019631665,-0.8483518018901597,144.41663549999996
2024-02-07,0,0,0,0,0,0,0,0,144.67235,0.9992957,-0.0157,-0.0069,0.988,275.0,-0.12062168701841736,-0.14663338789024308,-0.008299999999999998,0.0010000000000000009,3.0,0.008799999999999999,-0.2677930538940856,53.82239090463211,1.1767659668436465,1.8940373549392624,-0.7172713880956159,144.57866399999995
2024-02-08,0,0,0,0,1,0,0,1,145.04015,0.25423765,-0.0024,-0.0127,2.157,274.0,1.1190341420014784,0.2861951307409978,0.0133,-0.0058,-1.0,-0.0103,0.43282851863124083,54.55649691959989,1.154902838623002,1.7462104516760104,-0.5913076130530084,144.76902199999995
2024-02-09,0,0,0,0,0,0,0,0,148.11172,2.117741,-0.0004,-0.0022,1.142,545.0,0.02575216895272833,0.34990064507848545,0.0019999999999999996,0.010499999999999999,271.0,-0.0018000000000000002,0.06370551433748767,60.24104193289329,1.3696378482663647,1.6708959309940812,-0.3012580827277165,145.08462999999995
2024-02-12,0,0,0,0,0,0,0,0,146.65048,-0.9865761,-0.0008,-0.0022,1.042,174.0,-0.09485993438340144,0.3381314590208356,-0.0004,0.0,-371.0,-0.0014000000000000002,-0.011769186057649872,56.612893250125964,1.4057029658129636,1.6178573379578576,-0.21215437214489397,145.32717599999995
2024-02-13,0,0,0,0,0,0,0,0,144.27473,-1.6200066,-0.0001,0.0037,0.637,289.0,-0.532482931097175,0.35983955280712143,0.0007,0.005900000000000001,115.0,0.0038,0.021708093786285854,51.21242056289973,1.2284211865026293,1.539970107666812,-0.31154892116418265,145.45888599999995
2024-02-14,0,0,0,0,0,0,0,0,145.06996,0.5511999,-0.0102,-0.0054,1.411,221.0,0.28626828479700195,0.03684098317164456,-0.010100000000000001,-0.0091,-68.0,0.0048000000000000004,-0.32299856963547685,52.83430303653175,1.138963254718135,1.4597687370770767,-0.3208054823589417,145.6810524999999
2024-02-15,0,1,1,0,0,0,0,0,141.91885,-2.1721244,0.0049,0.0757,1.742,302.0,0.6217966033485334,0.5241482855157529,0.0151,0.0811,81.0,0.0708,0.4873073023441083,46.2703113402813,0.8045248950041639,1.3287199686624942,-0.5241950736583303,145.64576399999993
2024-02-16,0,1,0,0,0,0,0,0,139.68228,-1.5759587,-0.0021,0.0082,1.003,355.0,-0.19643789550156995,0.2885065102485881,-0.006999999999999999,-0.0675,53.0,0.0103,-0.2356417752671648,42.25740959860285,0.3549163237752282,1.133959239685041,-0.7790429159098129,145.35451049999992
2024-02-19,0,0,0,0,0,0,0,0,139.68228,0.0,-0.0003,-0.0025,0.204,152.0,-1.0514357014386186,0.3463179569766943,0.0018,-0.010700000000000001,-203.0,-0.0022,0.05781144672810623,42.257409598602855,-0.001385734296178498,0.9068902448887972,-0.9082759791849757,145.08264149999994
2024-02-20,0,0,0,0,0,0,0,0,140.2787,0.42698383,-0.0003,0.0011,0.771,189.0,-0.42017765542347263,0.34336501112821094,0.0,0.0036,37.0,0.0014,-0.0029529458484833793,43.76573889719984,-0.23294631273623168,0.6789229333637914,-0.9118692461000231,144.78840549999993
2024-02-21,0,0,0,0,0,0,0,0,141.70018,1.0133266,-0.0005,-0.0033,1.585,262.0,0.493306400199112,0.3368803083684714,-0.00020000000000000004,-0.0044,73.0,-0.0028,-0.006484702759739558,47.299124024630665,-0.298319343562639,0.4834744779785053,-0.7817938215411443,144.48273849999993
2024-02-22,0,0,0,0,0,0,0,0,143.23099,1.0803223,0.0001,-0.0037,2.812,521.0,1.7996292528969577,0.3560301689096789,0.0006000000000000001,-0.0004000000000000002,259.0,-0.0038,0.019149860541207542,50.87864984400955,-0.22402198203272405,0.3419751859762594,-0.5659971680089835,144.09605749999992
2024-02-23,0,0,0,0,0,0,0,0,143.10178,-0.09021163,-0.0003,-0.0019,1.786,614.0,0.6685503227325714,0.3431225371343234,-0.00039999999999999996,0.0018000000000000002,93.0,-0.0016,-0.012907631775355533,50.56645216611706,-0.1735661918650635,0.23886691040799485,-0.41243310227305835,143.68725949999993
2024-02-26,0,0,0,0,0,0,0,0,136.7499,-4.438734,-0.0001,-0.001,1.823,244.0,0.685188884576082,0.3482267796216818,0.00019999999999999998,0.0009,-370.0,-0.0009,0.0051042424873584125,38.167636581385885,-0.6387600178947821,0.06334152474743945,-0.7021015426422216,142.8950129999999
2024-02-27,0,0,0,0,0,0,0,0,138.05205,0.9522438,-0.0095,-0.021,1.004,358.0,-0.2140784569006291,0.04772780264581356,-0.0094,-0.02,114.0,-0.011500000000000002,-0.30049897697586825,41.34291358218277,-0.8920735850930441,-0.12774149722065728,-0.7643320878723868,142.2697619999999
2024-02-28,0,0,1,0,0,0,0,0,135.56696,-1.8001139,-0.0056,-0.0375,1.978,331.0,0.864314044061407,0.17726654398948868,0.0039,-0.016499999999999997,-27.0,-0.0319,0.12953874134367513,37.396007445987024,-1.2786133475977692,-0.3579158672960797,-0.9206974803016895,142.0848704999999
2024-02-29,0,0,1,0,0,0,0,0,137.63457,1.5251517,-0.0762,-0.0271,1.247,293.0,0.10702491494316199,-2.0023363349718415,-0.07060000000000001,0.0104,-38.0,0.049100000000000005,-2.17960287896133,42.32914572164049,-1.4019492487328193,-0.5667225435834277,-0.8352267051493917,141.9506754999999
2024-03-01,0,1,1,0,0,0,0,0,136.32242,-0.9533465,-0.0403,-0.0101,0.667,327.0,-0.5509826535332593,-0.8495572065585325,0.0359,0.017,34.0,0.030200000000000005,1.152779128413309,40.16603020584493,-1.5872762453630287,-0.7708332839393479,-0.8164429614236808,141.6902364999999
2024-03-04,0,0,0,0,1,1,0,0,132.55502,-2.7635932,-0.0013,-0.0081,1.042,199.0,-0.067642783306656,0.39426938972581976,0.039,0.002,-128.0,-0.0068,1.2438265962843522,34.68540710415325,-2.0149201743996628,-1.019650662031411,-0.9952695123682518,141.17681599999992
2024-03-05,0,0,0,0,0,0,0,0,131.87907,-0.5099416,-0.004,-0.0102,1.699,353.0,0.8595809136219267,0.2861580342599676,-0.0027,-0.002100000000000001,154.0,-0.006200000000000001,-0.10811135546585215,33.79441574688044,-2.3809287208027285,-1.2919062737856746,-1.089022447017054,140.60872199999991
2024-03-06,0,0,0,0,0,0,0,0,130.61662,-0.9572685,-0.0015,-0.0067,2.033,363.0,1.313270133383693,0.3377612680835123,0.0025,0.0035000000000000005,10.0,-0.0052,0.0516032338235447,32.13414926790262,-2.741262724727619,-1.5817775639740634,-1.1594851607535557,139.90593549999994
2024-03-07,0,0,0,0,0,0,0,0,133.57889,2.2678971,-0.0132,-0.0215,1.717,392.0,0.8683536287848413,-0.06720717330991635,-0.0117,-0.014799999999999997,29.0,-0.008299999999999998,-0.4049684413934287,39.62889830850319,-2.7560297907687357,-1.8166280093329978,-0.9394017814357378,139.33287249999995
2024-03-08,0,0,0,0,1,0,0,0,134.60274,0.76647997,-0.0043,-0.0067,0.542,284.0,-0.7127534808733971,0.2476194806486545,0.0089,0.014799999999999997,-108.0,-0.0024000000000000002,0.31482665395857085,42.01251516103695,-2.654517038626949,-1.984205815191788,-0.6703112234351609,138.65742349999994
2024-03-11,0,0,0,0,0,0,0,0,136.84926,1.6690016,-0.0019,-0.0033,0.367,120.0,-0.9566143668965219,0.3304328191307837,0.0024000000000000002,0.0034000000000000002,-164.0,-0.0014,0.08281333848212921,46.96088606201676,-2.365523776537202,-2.0604694074608707,-0.30505436907633143,138.16736249999994
2024-03-12,0,0,0,0,0,0,0,0,137.67432,0.60288906,-0.0009,0.0028,1.027,240.0,-0.0379391422345258,0.35281060413557314,0.001,0.0060999999999999995,120.0,0.0037,0.02237778500478943,48.6925681927452,-2.046330266050518,-2.0576415791788003,0.011311313128282485,137.83734199999995
2024-03-13,0,0,0,0,0,0,0,0,138.9566,0.931406,-0.0002,-0.0004,0.919,322.0,-0.17962739992155413,0.357442005358367,0.0007,-0.0032,82.0,-0.0002,0.004631401222793874,51.35101351094087,-1.6706397348595203,-1.9802412103149443,0.30960147545542394,137.53167399999995
2024-03-14,0,0,0,0,0,0,0,0,142.2469,2.3678422,-0.0004,-0.0007,0.878,232.0,-0.2572493189519634,0.3812858498911938,-0.0002,-0.0003,-90.0,-0.0003,0.023843844532826786,57.44418841633483,-1.094782598059055,-1.8031494878637664,0.7083668898047113,137.54807649999995
2024-03-15,0,0,0,0,0,0,0,0,140.33833,-1.3417304,-0.0007,-0.0019,0.918,318.0,-0.22126937731001253,0.35451386129437157,-0.0003,-0.0012000000000000001,86.0,-0.0012000000000000001,-0.026771988596822227,53.275898572519544,-0.7833869199611456,-1.5991969742832421,0.8158100543220965,137.58087899999995
2024-03-18,0,0,0,0,0,0,0,0,146.79959,4.6040535,-0.0078,0.0065,3.278,225.0,2.8784893480777547,0.05492627300939916,-0.0070999999999999995,0.0084,-93.0,0.0143,-0.2995875882849724,63.05076926210991,-0.015060312676894227,-1.2823696419619726,1.2673093292850783,137.93674449999997
2024-03-19,0,1,0,0,0,0,0,0,146.15346,-0.44013858,0.027,0.0162,1.577,392.0,0.5756221253093429,1.4833042714364542,0.0348,0.0097,167.0,-0.0108,1.428377998427055,61.66154663403839,0.5355334715221716,-0.9187890192651438,1.4543224907873153,138.23048249999997
2024-03-20,0,0,0,0,0,0,0,0,147.85329,1.1630297,-0.0209,-0.0116,2.199,351.0,1.3780104801065867,-0.4935702493942675,-0.0479,-0.0278,-41.0,0.0093,-1.9768745208307217,63.91416922073696,1.096406396789007,-0.5157499360543136,1.6121563328433206,138.53813799999998
2024-03-21,0,0,1,0,0,0,0,0,146.7201,-0.76643825,-0.0497,-0.0187,0.994,310.0,-0.2945986036830112,-1.6218658831061623,-0.028800000000000003,-0.007100000000000002,-41.0,0.031,-1.1282956337118948,61.327213444839145,1.4329451684733954,-0.12601091514877183,1.5589560836221672,138.71259349999997
2024-03-22,0,0,0,0,0,0,0,0,149.87119,2.1476984,-0.0188,-0.009,0.558,254.0,-0.8995114704989253,-0.4175270000423832,0.0309,0.009700000000000002,-56.0,0.009800000000000001,1.2043388830637791,65.5079570317333,1.9316542896680176,0.2855221258145861,1.6461321638534314,139.05106399999997
2024-03-25,0,0,1,0,0,0,0,0,149.17535,-0.46427846,-0.1978,-0.0039,2.129,144.0,1.2509077518630851,-5.487494417816716,-0.179,0.0050999999999999995,-110.0,0.19390000000000002,-5.069967417774333,63.86603958306271,2.244859050835686,0.677389510818806,1.5674695400168797,139.67233649999997
2024-03-26,0,0,1,0,0,0,0,0,149.77176,0.39980412,-0.2133,-0.0185,0.996,227.0,-0.36635163170060536,-4.637254450081231,-0.015499999999999986,-0.014599999999999998,83.0,0.1948,0.8502399677354848,64.68311080619787,2.5122418232509744,1.0443599733052398,1.4678818499457347,140.25832199999996
2024-03-27,0,1,0,0,1,1,0,0,149.97057,0.13273954,-0.0037,-0.0017,1.335,274.0,0.09569539364831642,0.2732978289957079,0.20959999999999998,0.0168,47.0,0.002,4.910552279076939,64.96748725809425,2.7089597010891566,1.377279918862023,1.3316797822271336,140.97850249999996
2024-03-28,0,0,0,0,0,0,0,0,150.03021,0.03976822,-0.0006,-0.0024,0.619,344.0,-0.9400634302039391,0.34053257570535306,0.0031000000000000003,-0.0006999999999999999,70.0,-0.0018,0.06723474670964513,65.05838190231586,2.8369696657647694,1.6692178682425722,1.1677517975221972,141.59828449999995
2024-03-29,0,0,0,0,0,0,0,0,150.03021,0.0,-0.0026,-0.0021,0.0,227.0,-1.7720020435202983,0.2944236919636301,-0.002,0.0002999999999999999,-117.0,0.0005,-0.04610888374172295,65.05838190231586,2.9049322344905306,1.916360741492164,0.9885714929983667,142.28367399999996
2024-04-01,0,0,0,0,0,0,0,0,154.56303,3.021276,-0.0002,-0.0007,1.126,131.0,-0.20854954556210162,0.34986141333391263,0.0024,0.0013999999999999998,-96.0,-0.0005,0.05543772137028252,71.56213686782635,3.2866670990535454,2.19042201300444,1.0962450860491053,143.38407449999994
2024-04-02,0,1,1,0,0,0,0,0,153.63858,-0.5981147,-0.1307,0.0092,1.394,270.0,0.16031032593600839,-2.5118937799647187,-0.1305,0.009899999999999999,139.0,0.13990000000000002,-2.8617551932986314,68.75151098169756,3.4745469262860524,2.4472469956607625,1.02729993062529,144.4720499999999
2024-04-03,0,1,0,0,0,0,0,0,153.99643,0.23292303,-0.0233,-0.0061,0.958,284.0,-0.49135258806418125,-0.12448223544324576,0.10740000000000001,-0.015300000000000001,14.0,0.0172,2.387411544521473,69.25489337726847,3.610696683504841,2.679936933229578,0.9307597502752629,145.64104049999992
2024-04-04,0,0,0,0,1,0,0,1,149.6326,-2.833718,-0.013,0.0028,1.988,321.0,1.0422674846469584,0.1037455998119139,0.010300000000000002,0.0089,37.0,0.015799999999999998,0.22822783525515966,57.16205336379028,3.3281073857873196,2.8095710237411264,0.5185363620461931,146.4437259999999
2024-04-05,0,0,0,0,0,0,0,0,151.59085,1.3087153,-0.0255,-0.0059,0.603,318.0,-1.0165691795535985,-0.16556230101527933,-0.012499999999999999,-0.0087,-3.0,0.0196,-0.26930790082719325,60.49561254323563,3.2249920398743086,2.892655226967763,0.3323368129065458,147.29313149999993
2024-04-08,0,0,0,0,1,0,0,0,153.92685,1.5409827,-0.0018,-0.002,1.27,161.0,-0.05300628627530059,0.3609762019325756,0.0237,0.0039,-157.0,-0.0002000000000000001,0.526538502947855,64.08593514520695,3.2937991957558665,2.9728840207253837,0.32091517503048284,148.14701099999994
2024-04-09,0,0,0,0,0,0,0,0,155.66641,1.1301279,-0.0002,0.002,2.458,398.0,1.6790007436119812,0.3963571466795757,0.0015999999999999999,0.004,237.0,0.0022,0.0353809447470001,66.52571535100287,3.4489400820362164,3.06809523298755,0.3808448490486662,149.04661549999992
2024-04-10,0,0,0,0,0,0,0,0,155.20915,-0.2937436,0.0007,0.0046,1.674,697.0,0.528329301738793,0.41512652341655903,0.0009,0.0026,299.0,0.0039,0.018769376736983312,65.27051893908056,3.4947084677882287,3.153417879947686,0.3412905878405428,149.85924299999994
2024-04-11,0,0,0,0,0,0,0,0,158.45966,2.0942807,-0.0002,0.001,1.217,402.0,-0.13618480718923995,0.39503303335717577,-0.0009,-0.0036,-295.0,0.0012000000000000001,-0.020093490059383268,69.65380097434645,3.7500410951689958,3.272742522991948,0.47729857217704774,150.66988099999992
2024-04-12,0,0,0,0,0,0,0,0,156.78969,-1.0538936,0.005,0.0028,0.674,263.0,-0.9513562703345686,0.5082783837944295,0.0052,0.0018,-139.0,-0.0022,0.1132453504372537,65.10734535632643,3.7741355343400187,3.373021125261562,0.40111440907845664,151.4924489999999
2024-04-15,0,0,0,0,0,0,0,0,153.9368,-1.8195629,0.0001,0.0023,0.383,132.0,-1.3650595054902446,0.39856567116736535,-0.0049,-0.0005,-131.0,0.0022,-0.10971271262706411,58.127140984204374,3.5224218837265653,3.402901276954563,0.11952060677200249,151.84930949999992
2024-04-16,0,0,0,0,0,0,0,0,153.47952,-0.2970457,-0.0063,-0.0033,0.84,219.0,-0.6773053135826738,0.25771372529735764,-0.0064,-0.0056,87.0,0.003,-0.1408519458700077,57.07096752613098,3.248590597533962,3.3720391410704424,-0.12344854353648049,152.2156124999999
2024-04-17,0,0,0,0,0,0,0,0,154.54315,0.6930113,-0.0005,-0.0161,1.255,309.0,-0.04876398899175632,0.3849126158297861,0.0058,-0.012799999999999999,90.0,-0.0156,0.12719889053242844,58.93980012259659,3.081877417781527,3.3140067964126594,-0.23212937863113225,152.55010549999992
2024-04-18,0,1,1,0,0,0,0,0,155.07993,0.3473282,-0.0025,-0.0916,2.723,453.0,2.037418963693869,0.34240891514437255,-0.002,-0.0755,144.0,-0.0891,-0.04250370068541354,59.88881970232093,2.958960625465153,3.242997562223158,-0.28403693675800534,152.9680969999999
2024-04-19,0,0,1,0,0,0,0,0,153.17137,-1.2306869,-0.0081,-0.0832,1.04,484.0,-0.4018778287128353,0.2222031075121504,-0.005599999999999999,0.008400000000000005,31.0,-0.0751,-0.12020580763222216,55.019534629074165,2.676688145724796,3.1297356789234856,-0.4530475331986894,153.1331059999999
2024-04-22,0,0,0,0,0,0,0,0,155.34833,1.4212489,-0.0231,-0.0016,1.366,150.0,0.060422989865226547,-0.10258553341667705,-0.015,0.08159999999999999,-334.0,0.0215,-0.3247886409288274,59.10395191044228,2.5986915516749605,3.0235268534737805,-0.42483530179882,153.4417549999999
2024-04-23,0,1,0,0,1,0,0,0,157.31651,1.2669563,0.0011,-0.0056,0.991,269.0,-0.46478972336935853,0.4335901484722709,0.0242,-0.004,119.0,-0.0067,0.5361756818889479,62.42590670669718,2.6649742024715124,2.9518163232733268,-0.28684212080181437,153.8189924999999
2024-04-24,0,0,0,0,0,0,0,0,158.18134,0.54973364,-0.0007,-0.0043,0.935,368.0,-0.5227722087438328,0.36582780759339756,-0.0018,0.0013,99.0,-0.0036,-0.06776234087887334,63.81672644854866,2.755524265603043,2.91255791173927,-0.15703364613622695,154.2295309999999
2024-04-25,0,0,0,0,0,0,0,0,155.06999,-1.9669473,-0.0038,-0.0066,2.121,265.0,1.2711603799757214,0.2761817820114563,-0.0031,-0.0023,-103.0,-0.0028,-0.08964602558194124,55.81254429637823,2.5468672009271245,2.839419769576841,-0.29255256864971635,154.4815199999999
2024-04-26,1,1,1,0,0,0,0,0,170.92491,10.224354,0.355,0.2774,3.358,346.0,2.866779298398934,5.752333101619664,0.3588,0.284,81.0,-0.0776,5.476151319608207,73.82736046108428,3.6191452590764754,2.9953648674767677,0.6237803915997078,155.52625499999994
2024-04-29,0,0,0,0,0,0,0,0,165.15948,-3.3730745,0.0154,0.0214,0.813,134.0,-0.7171644349126882,0.3864014152771249,-0.33959999999999996,-0.256,-212.0,0.005999999999999998,-5.365931686342539,63.66319752513255,3.9580849882923133,3.187908891639877,0.7701760966524365,156.05607749999993
2024-04-30,0,0,0,0,0,0,0,0,161.80957,-2.0282865,0.0052,0.0122,1.33,317.0,0.010723907738232341,0.22217172095308857,-0.0102,-0.009199999999999998,183.0,0.007000000000000001,-0.16422969432403633,58.6137923865879,3.911300388808513,3.3325871910736042,0.5787131977349089,156.46462699999992
2024-05-01,0,1,0,0,0,0,0,0,162.88312,0.6634712,-0.0063,-0.0118,0.619,359.0,-0.9754534941553602,0.038459149421652024,-0.0115,-0.024,42.0,-0.0055,-0.18371257153143655,59.71648125257107,3.9157118805085815,3.4492121289605997,0.46649975154798184,156.90896149999992
2024-05-02,0,0,0,0,0,0,0,0,165.62666,1.6843557,-0.011,-0.0276,1.032,340.0,-0.37547298432604914,-0.03336533827246258,-0.004699999999999999,-0.0158,-19.0,-0.0166,-0.0718244876941146,62.46859207105493,4.0934025719487295,3.578050217558226,0.5153523543905036,157.7086644999999
2024-05-03,0,0,0,0,0,0,0,0,166.24298,0.3721118,-0.0134,-0.0112,0.692,286.0,-0.8409083232308505,-0.06778931681424487,-0.002400000000000001,0.016399999999999998,-54.0,0.0022000000000000006,-0.03442397854178229,63.078822292643885,4.235135591487847,3.70946729234415,0.525668299143697,158.44127099999992
2024-05-06,0,0,0,0,1,0,0,0,167.09789,0.5142331,-0.0029,-0.0045,0.642,135.0,-0.896516783044977,0.09830082926410201,0.0105,0.0067,-151.0,-0.0015999999999999999,0.16609014607834688,63.954311900850016,4.366114275269382,3.8407966889291965,0.5253175863401855,159.09982299999993
2024-05-07,0,0,0,0,0,0,0,0,170.22906,1.8738866,-0.0024,-0.005,1.604,264.0,0.42811284861430515,0.10679635686315578,0.0005,-0.0005000000000000004,129.0,-0.0026000000000000003,0.008495527599053768,67.03728255712775,4.668756557146423,4.0063886625726415,0.6623678945737819,159.82795549999994
2024-05-08,0,0,0,0,0,0,0,0,168.37024,-1.091969,0.0006,0.0014,1.203,445.0,-0.1306866685967963,0.1512303254196177,0.0029999999999999996,0.0064,181.0,0.0008,0.04443396855646192,63.56170501891179,4.704382315800558,4.145987393218225,0.558394922582333,160.48600999999994
2024-05-09,0,0,0,0,0,0,0,0,168.94678,0.34242868,-0.0053,-0.002,1.406,299.0,0.16306621074923744,0.06092524026227371,-0.0059,-0.0034000000000000002,-146.0,0.0033,-0.09030508515734399,64.18198657249931,4.724674835363743,4.2617248816473285,0.46294995371641434,161.01036599999992
2024-05-10,0,0,0,0,0,0,0,0,167.64458,-0.77077746,-0.0011,-0.0025,1.036,347.0,-0.35959213522569394,0.126892878807564,0.0042,-0.0005,48.0,-0.0014,0.0659676385452903,61.6301267728285,4.582851882481776,4.325950281814218,0.2569016006675584,161.55311049999995
2024-05-13,0,0,0,0,0,0,0,0,168.13165,0.2905488,0.0004,-0.0054,1.845,190.0,0.7548169623541331,0.15035925324776434,0.0015,-0.0029000000000000002,-157.0,-0.0058000000000000005,0.023466374440200333,62.234954977443344,4.458365387973288,4.352433303046032,0.10593208492725559,162.26285299999992
2024-05-14,0,0,0,0,0,0,0,0,169.3245,0.7094741,-0.0063,-0.0072,3.254,401.0,2.5691982495532253,0.04628947020162176,-0.0067,-0.0017999999999999995,211.0,-0.0008999999999999998,-0.10406978304614257,63.7423279519347,4.405181776743319,4.3629829977854895,0.04219877895782975,163.05510199999995
2024-05-15,0,0,0,0,0,0,0,0,171.48157,1.2739182,-0.0002,-0.0008,3.342,1209.0,2.503664580431947,0.14241540717506265,0.0061,0.0063999999999999994,808.0,-0.0006000000000000001,0.09612593697344089,66.35739831505832,4.485386163651526,4.387463630958697,0.09792253269282902,163.90202299999993
2024-05-16,0,0,0,0,0,0,0,0,173.1416,0.9680629,-0.0005,0.0008,1.96,605.0,0.7688056063062866,0.13784486229679202,-0.00030000000000000003,0.0016,-604.0,0.0013,-0.004570544878270633,68.25495925639878,4.629532892270191,4.435877483220996,0.1936554090491951,164.80510649999994
2024-05-17,0,0,0,0,0,0,0,0,175.0104,1.0793447,-0.0005,-0.0032,0.762,388.0,-0.7803153616039845,0.13789846279883092,0.0,-0.004,-217.0,-0.0027,5.3600502038897435e-05,70.28678901845261,4.838788216489718,4.51645962987474,0.32232858661497765,165.89705799999996
2024-05-20,0,0,0,0,0,0,0,0,175.86528,0.48847198000000003,0.0003,-0.0024,0.538,149.0,-1.0392511749302207,0.15040842083377962,0.0007999999999999999,0.0008000000000000004,-239.0,-0.0026999999999999997,0.012509958034948698,71.19503968394665,5.015787365476655,4.616325176995123,0.3994621884815315,166.92290549999996
2024-05-21,0,0,0,0,0,0,0,0,176.78973,0.5256653,0.0002,-0.0025,0.37,220.0,-1.2298738402404121,0.146254573478121,-9.999999999999996e-05,-0.00010000000000000026,71.0,-0.0027,-0.004153847355658602,72.18517691986025,5.171047241572097,4.727269589910518,0.4437776516615788,167.89656649999995
2024-05-22,0,0,0,0,0,0,0,0,175.3285,-0.8265376,0.0034,-0.0011,0.647,246.0,-0.8447872413529315,0.19429085955579228,0.0031999999999999997,0.0014,26.0,-0.0045,0.04803628607767127,68.19492769570684,5.1171949252186835,4.805254656972151,0.3119402682465324,168.75392449999995
2024-05-23,0,0,0,0,0,0,0,0,172.51537,-1.6044915,-0.0007,-0.0015,0.984,299.0,-0.4049385956569808,0.11089076311788228,-0.0040999999999999995,-0.00039999999999999996,53.0,-0.0008,-0.08340009643791,61.18298202296568,4.792278097019079,4.802659344981537,-0.010381247962458318,169.62619349999994
2024-05-24,0,0,0,0,0,0,0,0,173.94678,0.8297324,-0.0004,-0.0007,1.643,396.0,0.422763590917462,0.10531606888270488,0.0003,0.0008,97.0,-0.0003,-0.0055746942351773965,63.25342044183425,4.597287327380997,4.761584941461429,-0.1642976140804322,169.77728699999994
2024-05-27,0,0,0,0,0,0,0,0,173.94678,0.0,0.0,-0.0033,0.366,152.0,-1.1968131685069456,0.11134764317294421,0.0004,-0.0026,-244.0,-0.0033,0.0060315742902393304,63.253420441834265,4.392126042594697,4.687693161688083,-0.29556711909338595,170.21665199999993
2024-05-28,0,0,0,0,0,0,0,0,175.34837,0.80575943,0.0,-0.0021,0.772,172.0,-0.6581194848315478,0.1102747400182144,0.0,0.0012000000000000001,20.0,-0.0021,-0.0010729031547298123,65.35208744283744,4.293142175111456,4.608782964372757,-0.3156407892613018,170.89359199999996
2024-05-29,0,0,0,0,0,0,0,0,174.85136,-0.28344393,0.0003,-0.0012,1.154,345.0,-0.1540415599660431,0.11457591474705305,0.0003,0.0009,173.0,-0.0014999999999999998,0.004301174728838647,63.95718204758938,4.1270184934637655,4.512430070190959,-0.3854115767271935,171.49200399999995
2024-05-30,0,0,0,0,0,0,0,0,171.08397,-2.1546304,-0.0002,-0.0013,1.652,389.0,0.48689594433890254,0.10314447336832752,-0.0005,-0.00010000000000000005,44.0,-0.0010999999999999998,-0.011431441378725524,54.466919256003585,3.6493005264353826,4.339804161439844,-0.6905036350044611,171.76486949999997
2024-05-31,0,0,0,0,0,0,0,0,171.47162,0.22659302,-0.0019,-0.0014,1.198,362.0,-0.11112796897809651,0.07538839962955479,-0.0017,-0.00010000000000000005,-27.0,0.0005,-0.02775607373877273,55.20349421208562,3.2643562442742677,4.124714578006729,-0.860358333732461,172.02630149999996
2024-06-03,0,0,0,0,0,0,0,0,172.13763,0.3884077,-0.0002,-0.0039,0.519,130.0,-0.9967919055242993,0.10204663847622669,0.0017,-0.0024999999999999996,-232.0,-0.0036999999999999997,0.0266582388466719,56.505316588877086,2.9786900831021796,3.895509679025819,-0.9168195959236392,172.27828849999997
2024-06-04,0,0,0,0,0,0,0,0,172.75392,0.35802126,-0.006,-0.0131,0.655,231.0,-0.8082911282267785,0.010899207473970812,-0.0058000000000000005,-0.0092,101.0,-0.0071,-0.09114743100225588,57.72946587181648,2.7700951125758593,3.6704267657358267,-0.9003316531599674,172.40453149999996
2024-06-05,0,0,0,0,0,0,0,0,174.36429,0.93216896,-0.0128,-0.0111,1.502,256.0,0.2745306555145314,-0.09421316195430557,-0.0068000000000000005,0.002,25.0,0.0017000000000000001,-0.10511236942827638,60.83159140890921,2.7035605332452803,3.4770535192377174,-0.7734929859924371,172.70423399999996
2024-06-06,0,0,0,0,0,0,0,0,175.67639,0.75252056,-0.0111,-0.0179,0.762,298.0,-0.6798081723235913,-0.06425681794988782,0.0017000000000000001,-0.006799999999999999,42.0,-0.006799999999999999,0.029956344004417754,63.20122369179963,2.725291440798287,3.3267011035498313,-0.6014096627515442,173.04071449999995
2024-06-07,0,0,0,0,1,0,0,0,173.41995,-1.2844384,-0.0017,-0.0045,0.335,259.0,-1.206124517125014,0.08595265226997134,0.0094,0.013399999999999999,-39.0,-0.0027999999999999995,0.15020947021985914,56.83341085563244,2.5312587166213234,3.1676126261641295,-0.6363539095428061,173.32948299999993
2024-06-10,0,0,0,0,0,0,0,0,174.16632,0.42989254,-0.0278,-0.0043,0.405,103.0,-1.1084820598177267,-0.3247721866401917,-0.026099999999999998,0.00019999999999999966,-156.0,0.0235,-0.41072483891016304,58.329004952187866,2.409932010025443,3.016076502936392,-0.606144492910949,173.63121649999994
2024-06-11,0,0,0,0,0,0,0,0,175.76855,0.91995,-0.0107,-0.0032,1.156,187.0,-0.0906358160673529,-0.042342709427557704,0.017099999999999997,0.0010999999999999998,84.0,0.0075,0.282429477212634,61.41924422257634,2.4152250802420667,2.895906218397527,-0.4806811381554601,173.95341899999994
2024-06-12,0,0,0,0,1,0,0,0,176.93289,0.6624341,0.0019,0.0027,1.247,292.0,0.05394951848124963,0.15293785349473107,0.0126,0.005900000000000001,105.0,0.0008000000000000001,0.1952805629222888,63.53549992706331,2.4847299634004685,2.813670967398115,-0.3289410039976466,174.22598499999995
2024-06-13,0,0,0,0,0,0,0,0,174.3156,-1.4792681,-0.0026,-0.0036,0.827,258.0,-0.515086077699581,0.06874346030562037,-0.0045,-0.0063,-34.0,-0.001,-0.0841943931891107,56.087794586216,2.302082678542803,2.711353309627053,-0.40927063108425,174.28468499999994
2024-06-14,0,0,0,0,0,0,0,0,175.93773,0.93057156,-0.0007,-0.0043,0.087,243.0,-1.4941506957302821,0.09440770854284805,0.0018999999999999998,-0.0007000000000000001,-15.0,-0.0036,0.025664248237227683,59.27415319297704,2.2621490772606876,2.62151246315378,-0.35936338589309225,174.33105149999994
2024-06-17,0,0,0,0,0,0,0,0,176.38557,0.2545476,0.0005,-0.0064,0.442,119.0,-0.9836309367109991,0.06623973290202227,0.0012000000000000001,-0.0021000000000000003,-124.0,-0.0069,-0.02816797564082578,60.1342188159252,2.2408077192503413,2.545371514373092,-0.30456379512275067,174.35706599999995
2024-06-18,0,0,0,0,0,0,0,0,174.24594,-1.2130499,0.0,-0.0031,0.682,254.0,-0.6496474859298271,-0.005540749239229232,-0.0005,0.0033000000000000004,135.0,-0.0031,-0.0717804821412515,54.24054628517716,2.027868276715168,2.4418708668415072,-0.41400259012633933,174.22987649999993
2024-06-19,0,0,0,0,0,0,0,0,174.24594,0.0,-0.0003,0.0012,0.476,259.0,-0.9022820250879147,-0.012684318608274353,-0.0003,0.0043,5.0,0.0014999999999999998,-0.007143569369045121,54.240546285177174,1.8379257701509744,2.3210818475034007,-0.4831560773524264,174.1757484999999
2024-06-20,0,0,0,0,0,0,0,0,175.4501,0.6910801,-0.0005,-0.0035,0.322,154.0,-1.095374193088075,-0.01672328274391918,-0.00020000000000000004,-0.0047,-105.0,-0.003,-0.004038964135644826,56.99179903231677,1.7642237405619312,2.209710226115107,-0.4454864855531757,174.32248499999992
2024-06-21,0,0,0,0,0,0,0,0,178.76405,1.8888235,0.0001,-0.0044,0.056,168.0,-1.4537109851554968,-0.005607972867048103,0.0006000000000000001,-0.0009000000000000002,14.0,-0.0045000000000000005,0.011115309876871076,63.4965415373983,1.9507355550940133,2.1579152919108884,-0.20717973681687507,174.5633484999999
2024-06-24,0,0,0,0,0,0,0,0,178.35603,-0.22825003,-0.0007,-0.0018,0.344,100.0,-1.0420431994750319,-0.021463788275197748,-0.0008,0.0026000000000000003,-68.0,-0.0010999999999999998,-0.015855815408149645,62.248221437220565,2.0420838365069756,2.134749000830106,-0.09266516432313043,174.78381099999987
2024-06-25,0,0,0,0,0,0,0,0,183.14284,2.683854,-0.0035,-0.0014,1.496,196.0,0.47836151354264234,-0.12781798566139094,-0.0028,0.00039999999999999996,96.0,0.0021000000000000003,-0.10635419738619319,69.7595057190173,2.4722351813574903,2.202246236935583,0.26998894442190746,175.17353449999987
2024-06-26,0,0,0,0,0,0,0,0,182.99356,-0.08150339,-0.0002,0.0062,1.772,334.0,0.8205879386056787,-0.06580283124504377,0.0033,0.0076,138.0,0.0063999999999999994,0.06201515441634717,69.29645568056783,2.7691663469086905,2.3156302589302045,0.453536087978486,175.58064449999986
2024-06-27,0,0,0,0,0,0,0,0,184.51619,0.8320689,0.0007,0.0031,1.164,288.0,0.040255358679171405,-0.051487438803785285,0.0009,-0.0031,-46.0,0.0024,0.014315392441258484,71.3829930988447,3.091710635053829,2.4708463341549294,0.6208643008988997,176.25225549999985
2024-06-28,0,0,0,0,0,0,0,0,181.2719,-1.7582715,-0.0046,-0.0056,0.72,250.0,-0.5528054095393052,-0.17292513960654657,-0.0053,-0.0087,-38.0,-0.001,-0.12143770080276128,61.75338902855707,3.0503793435999853,2.5867529360439407,0.46362640755604456,176.74226949999985
2024-07-01,0,0,0,0,0,0,0,0,182.10786,0.46116114,-0.0005,-0.001,1.155,148.0,0.028315102079710924,-0.08535715897741301,0.0040999999999999995,0.0046,-102.0,-0.0005,0.08756798062913355,63.13344514095893,3.0499213876905458,2.6793866263732617,0.370534761317284,177.24078099999986
2024-07-02,0,0,0,0,0,0,0,0,184.347,1.2295723,-0.0017,-0.0023,1.506,235.0,0.5295002695698021,-0.11058280030541738,-0.0012,-0.0013,87.0,-0.0006000000000000001,-0.025225641328004367,66.60892388302409,3.1934265061354097,2.782194602325691,0.4112319038097185,177.82043499999986
2024-07-03,0,0,0,0,0,0,0,0,184.92421,0.3131032,-0.0003,-0.0024,1.753,322.0,0.8633735606120136,-0.08016155273078043,0.0014,-9.999999999999983e-05,87.0,-0.0021,0.030421247574636948,67.46051292757984,3.315512208550757,2.8888581235707043,0.42665408498005286,178.34843099999986
2024-07-04,0,0,0,0,0,0,0,0,184.92421,0.0,0.0002,-0.0026,0.566,237.0,-0.735376185717761,-0.06956952343795188,0.0005,-0.0002000000000000001,-85.0,-0.0028,0.010592029292828556,67.46051292757984,3.3733797849895666,2.9857624558544766,0.38761732913508995,178.81082199999986
2024-07-05,0,0,0,0,0,0,0,0,189.68117,2.5723815,0.001,-0.0019,0.178,129.0,-1.237386567547004,-0.05095974388676622,0.0008,0.0006999999999999999,-108.0,-0.0029,0.01860977955118566,73.83783499619773,3.759747147897599,3.140559394263101,0.6191877536344981,179.62388299999986
2024-07-08,0,0,0,0,0,0,0,0,188.11873,-0.8237183,-0.0013,-0.0016,0.524,117.0,-0.7783829559619988,-0.09983955325474453,-0.0023,0.0002999999999999999,-12.0,-0.00030000000000000014,-0.04887980936797831,69.05092068132736,3.894971410598771,3.291441797530235,0.6035296130685359,180.3215034999999
2024-07-09,0,0,0,0,0,0,0,0,188.06898,-0.026452541,0.0012,0.004,0.408,194.0,-0.9190325425956839,-0.04886330942228582,0.0024999999999999996,0.0056,77.0,0.0028000000000000004,0.05097624383245871,68.89775685696831,3.9525605462125384,3.4236655472666957,0.5288949989458427,180.9365249999999
2024-07-10,0,0,0,0,0,0,0,0,190.25835,1.1641383,-0.0004,0.0006,1.697,192.0,0.7909835610518449,-0.08326476673794303,-0.0015999999999999999,-0.0034000000000000002,-2.0,0.001,-0.03440145731565721,71.85630477905798,4.127287412619751,3.5643899203373066,0.5628974922824441,181.6027979999999
2024-07-11,0,0,0,0,0,0,0,0,184.67542,-2.9344022,0.0017,-0.0063,1.137,276.0,0.08444146867864659,-0.03966862215116858,0.0021,-0.0069,84.0,-0.008,0.04359614458677445,56.9734262544213,3.771785129461648,3.605868962162175,0.16591616729947312,182.1207889999999
2024-07-12,0,0,0,0,0,0,0,0,184.17784,-0.2694428,-0.0009,0.0007,0.686,180.0,-0.5317649855786868,-0.09814230732599034,-0.0026,0.007,-96.0,0.0015999999999999999,-0.058473685174821766,55.86289468259189,3.4105814018653007,3.5668114501028,-0.1562300482374992,182.53279449999988
2024-07-15,0,0,0,0,0,0,0,0,185.63077,0.7888913,0.0007,0.0015,2.841,186.0,2.306521843955178,-0.07248518727722754,0.0015999999999999999,0.0008,6.0,0.0008,0.025657120048762805,58.412029241363186,3.204623251732926,3.494373810428825,-0.28975055869589905,182.9950544999999
2024-07-16,0,0,0,0,0,0,0,0,183.03336,-1.3992369,0.0021,0.0013,1.933,281.0,1.075698387402586,-0.04267298221169356,0.0013999999999999998,-0.0002000000000000001,95.0,-0.0007999999999999999,0.029812205065533982,52.56704943424507,2.799539307877268,3.3554069099185133,-0.5558676020412454,183.43442549999992
2024-07-17,0,0,0,0,0,0,0,0,180.14734,-1.5767694,-0.0017,0.0015,2.361,303.0,1.5706158770769136,-0.12420626992175494,-0.0037999999999999996,0.0002000000000000001,22.0,0.0031999999999999997,-0.08153328771006138,46.945937321837405,2.2200384480715343,3.1283332175491174,-0.9082947694775831,183.72949549999993
2024-07-18,0,0,0,0,0,0,0,0,176.8334,-1.8395782,-0.0114,-0.0067,2.417,296.0,1.6209740835749766,-0.3302931511332285,-0.0097,-0.0082,-7.0,0.0047,-0.20608688121147356,41.4631552692836,1.476354088416656,2.797937391722625,-1.3215833033059692,183.79866049999993
2024-07-19,0,0,0,0,0,0,0,0,176.80356,-0.016880035,-0.0065,-0.0051,0.956,308.0,-0.1954121545130616,-0.7787377797425359,0.004900000000000001,0.0015999999999999999,12.0,0.0013999999999999993,-0.4484446286093074,41.41625097428076,0.8744904552008279,2.4132480044182656,-1.5387575492174377,183.70063599999992
2024-07-22,0,0,0,0,1,0,0,0,180.79422,2.2571206,0.0009,0.0037,1.806,111.0,0.9361438708863381,0.6215892076894493,0.0073999999999999995,0.0088,-197.0,0.0028000000000000004,1.4003269874319852,49.62368260567007,0.7113224182915587,2.072862887192924,-1.3615404689013655,183.82254549999993
2024-07-23,0,0,0,0,0,0,0,0,180.91365,0.06605387,0.0064,0.0054,4.0,431.0,3.4389357084576373,1.666015155920473,0.0055000000000000005,0.0017000000000000001,320.0,-0.001,1.0444259482310239,49.85012272517432,0.5849051538379229,1.775271340521924,-1.1903661866840012,183.71108599999994
2024-07-24,0,1,1,0,0,0,0,0,171.79779,-5.038774,0.093,0.1444,3.629,468.0,2.742621056108786,7.014948534692864,0.0866,0.139,37.0,0.0514,5.348933378772391,36.40065594838459,-0.24799640838455161,1.370617790740629,-1.6186141991251806,183.15129749999994
2024-07-25,0,0,0,1,0,0,0,0,166.47359,-3.0991197,-0.0707,-0.0707,2.815,411.0,1.739301078290446,-4.294039894667631,-0.1637,-0.2151,-57.0,0.0,-11.308988429360495,31.119667885280442,-1.322450949631417,0.8320040426662197,-2.154454992297637,182.24916749999994
2024-07-26,0,1,0,0,0,0,0,0,166.19493,-0.16738176,-0.0138,-0.0178,1.997,442.0,0.8098408222226584,-0.7549258877620951,0.0569,0.0529,31.0,-0.004,3.5391140069055362,30.867256487545653,-2.1714186848005568,0.23131949717286437,-2.402738181973421,181.49531899999994
2024-07-29,0,0,0,0,1,1,0,0,168.71275,1.5149713,-0.001,-0.0035,1.54,159.0,0.2908706247688845,0.038856450990846045,0.012799999999999999,0.0143,-283.0,-0.0025,0.7937823387529411,35.924358352845914,-2.61096709628859,-0.3371378215194265,-2.2738292747691635,180.82556349999996
2024-07-30,0,0,0,0,0,0,0,0,169.46907,0.44829845,-0.003,-0.003,2.223,313.0,1.0260966212864076,-0.08485892003744244,-0.002,0.0005,154.0,0.0,-0.12371537102828849,37.40557689554014,-2.8652548021975974,-0.8427612176550607,-2.022493584542537,180.08166699999995
2024-07-31,0,0,0,0,0,0,0,0,170.71304,0.7340431,-0.0019,-0.0041,1.528,366.0,0.2580076199269188,-0.013886408771026437,0.0011,-0.0011000000000000003,53.0,-0.0022000000000000006,0.070972511266416,39.86777207404049,-2.932596511360515,-1.2607282763961516,-1.6718682349643634,179.37110849999993
2024-08-01,0,0,0,0,0,0,0,0,169.93681,-0.45470595,-0.0032,-0.0079,1.181,349.0,-0.11815607822810076,-0.0969285344262149,-0.0013000000000000002,-0.0038000000000000004,-17.0,-0.004700000000000001,-0.08304212565518845,38.84107280659923,-3.013858687925648,-1.611354358702051,-1.402504329223597,178.62173849999994
2024-08-02,0,0,0,0,0,0,0,0,165.85657,-2.401024,-0.0042,-0.0076,1.222,306.0,-0.07666839680468295,-0.1558838598863815,-0.0009999999999999996,0.0003000000000000008,-43.0,-0.0034000000000000002,-0.058955325460166616,33.89920853840014,-3.368668898192624,-1.9628172666001655,-1.4058516315924583,177.43050849999995
2024-08-05,0,0,0,0,0,0,0,0,158.4823,-4.4461784,-0.0042,-0.0072,2.123,117.0,0.9027377026707506,-0.15110846602257946,0.0,0.0004000000000000002,-189.0,-0.003,0.0047753938638020466,27.17070466032106,-4.1965255712144085,-2.409558927523014,-1.7869666436913945,175.94868699999995
2024-08-06,0,1,1,1,0,0,0,0,157.52692,-0.60282946,-0.268,-0.5334,3.497,465.0,2.3750270394772044,-6.900265166504912,-0.26380000000000003,-0.5262,348.0,-0.26539999999999997,-6.749156700482333,26.438540904784073,-4.8735202230552375,-2.902351186629459,-1.9711690364257786,174.42158399999994
2024-08-07,0,1,1,1,0,0,0,0,158.1738,0.41064024,-0.066,-0.1385,1.595,514.0,0.3650932074821461,-1.5178986745686485,0.202,0.3949,49.0,-0.07250000000000001,5.3823664919362635,27.856093691632683,-5.296787483351579,-3.381238445973883,-1.9155490373776964,172.81735649999993
2024-08-08,0,0,1,0,0,0,0,0,161.2489,1.9441247,-0.0096,-0.0461,1.151,280.0,-0.12136885042461956,-0.057349348857731366,0.056400000000000006,0.09240000000000001,-234.0,-0.036500000000000005,1.460549325710917,34.33420375815301,-5.322737758702232,-3.769538308519553,-1.553199450182679,171.64603049999994
2024-08-09,0,0,0,0,1,0,0,0,162.88098,1.0121584,-0.0052,-0.0277,0.656,301.0,-0.679976680555715,0.05835379145766215,0.004399999999999999,0.018400000000000003,21.0,-0.0225,0.11570314031539353,37.539870924239814,-5.152216774903451,-4.046074001796333,-1.106142773107118,170.58118749999994
2024-08-12,0,0,0,0,0,0,0,0,161.50763,-0.84316134,-0.0085,-0.0071,0.779,126.0,-0.5469081147294157,-0.023134096173271494,-0.003300000000000001,0.0206,-175.0,0.0014000000000000002,-0.08148788763093365,35.949506614393265,-5.069457978196112,-4.250750797076289,-0.8187071811198239,169.37503049999992
2024-08-13,0,0,0,0,0,0,0,0,163.36862,1.1522651,-0.0117,-0.014,2.32,331.0,1.164001783044705,-0.1007481673121378,-0.0031999999999999997,-0.0069,205.0,-0.0023,-0.07761407113886631,39.67875761278707,-4.7983918214801236,-4.360279001957055,-0.43811281952306835,168.39179349999995
2024-08-14,0,0,0,0,1,0,0,1,159.59688,-2.3087263,-0.002,-0.012,3.21,1206.0,2.054829645324405,0.15245166223835976,0.0097,0.002,875.0,-0.01,0.2531998295504976,35.20487729835865,-4.8322150682527365,-4.454666215216191,-0.3775488530365454,167.36427049999995
2024-08-15,0,0,0,0,0,0,0,0,160.52242,0.57991743,-0.0197,-0.0392,1.622,603.0,0.3025851956416644,-0.2970914940549147,-0.0177,-0.0272,-603.0,-0.0195,-0.44954315629327446,37.07967906456384,-4.729814534319559,-4.509695879036864,-0.22011865528269414,166.54872149999997
2024-08-16,0,0,0,0,1,0,0,0,162.17441,1.0291457,-0.0016,-0.0091,0.762,455.0,-0.6229682512208607,0.17144560605932654,0.018099999999999998,0.0301,-148.0,-0.007500000000000001,0.4685371001142412,40.39476178680752,-4.463902497371151,-4.500537202703722,0.036634705332570405,165.81726399999997
2024-08-19,0,0,0,0,0,0,0,0,165.86652,2.2766232,-0.0099,-0.0131,0.321,127.0,-1.1036276545729584,-0.038932585491366634,-0.0083,-0.004,-328.0,-0.0031999999999999997,-0.21037819155069318,47.10269716591802,-3.910168878709328,-4.382463537904843,0.47229465919551483,165.070879
2024-08-20,0,0,0,0,1,0,0,0,166.37405,0.3059864,-0.0016,0.005,0.454,254.0,-0.9481017546677634,0.17649288944392794,0.0083,0.0181,127.0,0.0066,0.21542547493529457,47.969527267338236,-3.391284945242546,-4.184227819372383,0.792942874129837,164.343899
2024-08-21,0,1,0,0,0,0,0,0,165.05048,-0.7955432,-0.0121,-0.0193,0.886,313.0,-0.47242906328338835,-0.08985353757662605,-0.010499999999999999,-0.024300000000000002,59.0,-0.0072000000000000015,-0.266346427020554,45.858981656458084,-3.0516887586774715,-3.9577200072334007,0.9060312485559292,164.0065335
2024-08-22,0,0,0,0,1,0,0,0,163.01035,-1.2360573,-0.0029,-0.0097,0.269,316.0,-1.1070014301356803,0.14945771929167448,0.0092,0.009600000000000001,3.0,-0.0068000000000000005,0.23931125686830051,42.73767923456482,-2.913591703577481,-3.7488943465022166,0.8353026429247357,163.83337149999997
2024-08-23,0,0,0,0,0,0,0,0,164.82158,1.1111021,-0.0006,-0.0041,0.265,289.0,-1.0835498546169962,0.20841548046928035,0.0023,0.0056,-27.0,-0.0035000000000000005,0.05895776117760587,46.23633151412084,-2.627707096834399,-3.5246568965686533,0.8969497997342541,163.76470399999997
2024-08-26,0,0,0,0,0,0,0,0,165.359,0.32604933,-0.0019,-0.0044,0.019,93.0,-1.323911120757029,0.17552449972589493,-0.0013,-0.0002999999999999999,-196.0,-0.0025000000000000005,-0.03289098074338542,47.26588381320086,-2.3309069394507276,-3.285906905145068,0.9549999656943404,163.59701649999994
2024-08-27,0,0,0,0,0,0,0,0,163.88612,-0.89071393,-0.0025,-0.0037,0.328,220.0,-0.9874483282871712,0.1584534692163927,-0.0006000000000000001,0.0007000000000000001,127.0,-0.0012000000000000001,-0.017071030509502233,44.73735423446723,-2.189302862418458,-3.066586096599746,0.877283234181288,163.31786899999994
2024-08-28,0,0,0,0,0,0,0,0,162.06496,-1.1112392,-0.0003,-0.001,0.662,252.0,-0.6203379706818271,0.2099472248201469,0.0022,0.0027,32.0,-0.0007000000000000001,0.051493755603754215,41.7624585980233,-2.1986878976505295,-2.8930064568099025,0.694318559159373,162.88546499999995
2024-08-29,0,1,0,0,0,0,0,0,161.0001,-0.6570518,-0.0254,-0.0451,1.06,349.0,-0.20925118485188507,-0.4327116276434442,-0.025099999999999997,-0.0441,97.0,-0.019700000000000002,-0.6426588524635911,40.08403355996223,-2.2659306700101354,-2.767591299449949,0.5016606294398138,162.43862949999996
2024-08-30,0,0,0,0,0,0,0,0,162.59239,0.988996,-0.017,-0.0299,0.228,259.0,-1.0780201585738944,-0.2090795173121603,0.008399999999999998,0.015200000000000002,-90.0,-0.012899999999999998,0.22363211033128388,43.726016346754484,-2.165770897129363,-2.647227218985832,0.48145632185646914,162.27542049999994
2024-09-02,0,0,0,0,1,0,0,0,162.59239,0.0,-0.0029,-0.0025,0.004,102.0,-1.2954425397354563,0.14472394662367416,0.014100000000000001,0.0274,-157.0,0.00039999999999999975,0.35380346393583445,43.726016346754484,-2.0626169907739893,-2.5303051733434634,0.4676881825694741,162.48092499999993
2024-09-03,0,0,0,0,0,0,0,0,156.60143,-3.6846638,-0.0004,-0.006,0.437,170.0,-0.8283073992664929,0.20491762267798463,0.0024999999999999996,-0.0035,68.0,-0.0056,0.060193676054310474,34.55946542898939,-2.436204135472508,-2.5114849657692724,0.07528083029676447,162.43465049999995
2024-09-04,0,0,0,0,0,0,0,0,155.69579,-0.5782962,-0.0018,-0.0072,0.511,284.0,-0.7357583200197897,0.17035042893486302,-0.0014,-0.0011999999999999997,114.0,-0.0054,-0.034567193743121616,33.41894609539847,-2.7733823925956074,-2.563864451134539,-0.20951794146106817,162.31074999999996
2024-09-05,0,0,0,1,0,0,0,0,156.482,0.5049586,-0.0238,-0.0172,0.416,213.0,-0.8227337476659058,-0.38948594041368406,-0.022000000000000002,-0.01,-71.0,0.006600000000000002,-0.5598363693485471,35.41171545149616,-2.943230287576995,-2.6397376184230303,-0.30349266915396456,162.07240499999995
2024-09-06,0,0,0,0,0,0,0,0,150.19244,-4.0193377,-0.0115,-0.0058,0.695,287.0,-0.5525702273931672,-0.0668540997011241,0.012300000000000002,0.0114,74.0,0.0057,0.32263184071255996,28.15249951942173,-3.54449219632221,-2.8206885340028665,-0.7238036623193436,161.43797799999996
2024-09-09,0,0,1,1,0,0,0,0,148.18948,-1.33183,-0.1157,-0.0599,1.381,135.0,0.14051101411515157,-2.555728315024725,-0.1042,-0.0541,-152.0,0.055799999999999995,-2.488874215323601,26.30327648486791,-4.134953552788431,-3.0835415377599795,-1.0514120150284518,160.77207049999996
2024-09-10,0,1,1,1,0,0,0,0,148.13966,-0.03362298,-0.3909,-0.1879,2.519,247.0,1.276079149565145,-5.843626854003725,-0.2752,-0.128,112.0,0.203,-3.287898538979,26.257077243213505,-4.554417993862671,-3.377716828980518,-1.1767011648821533,160.01062249999993
2024-09-11,0,1,1,0,0,0,0,0,150.6309,1.6816854,-0.26,-0.0993,0.612,252.0,-0.6857206275493088,-3.3501736374488,0.13090000000000002,0.08860000000000001,5.0,0.1607,2.4934532165549252,32.62932192953837,-4.6324246301018945,-3.6286583892047934,-1.003766240897101,159.56232349999993
2024-09-12,0,1,0,0,1,1,0,0,154.14856,2.3352742,-0.0095,-0.0139,1.222,310.0,-0.0742572737214295,0.17363806569403067,0.2505,0.0854,58.0,-0.004399999999999999,3.5238117031428304,40.453700420465,-4.3601387225388635,-3.7749544558716073,-0.5851842666672562,159.24363049999994
2024-09-13,0,0,0,0,0,0,0,0,156.90887,1.7906785,-0.0026,-0.012,0.386,272.0,-0.9533815379023065,0.2713733237739901,0.0069,0.001899999999999999,-38.0,-0.0094,0.09773525807995942,45.77555194561543,-3.876925447695612,-3.7953486542364083,-0.08157679345920377,158.98035349999995
2024-09-16,0,0,0,0,0,0,0,0,157.50676,0.38104057,-0.0099,-0.0111,0.374,92.0,-0.9669373834654582,0.17092135807727787,-0.007300000000000001,0.0008999999999999998,-180.0,-0.0011999999999999997,-0.10045196569671222,46.88291573404432,-3.4064631332435056,-3.7175715500378277,0.3111084167943221,158.56236549999997
2024-09-17,0,0,0,0,0,0,0,0,158.76236,0.79717636,-0.0052,-0.0069,0.738,213.0,-0.5720643954117972,0.23749819228745062,0.004700000000000001,0.004200000000000001,121.0,-0.0017000000000000001,0.06657683421017274,49.22787456587873,-2.8988853867839737,-3.553834317387057,0.6549489306030831,158.18178099999997
2024-09-18,0,1,1,0,0,0,1,0,159.25064,0.30754805,-0.0948,0.0289,2.269,304.0,1.008064446372489,-0.9938339324487254,-0.0896,0.0358,91.0,0.12369999999999999,-1.2313321247361761,50.1495382860234,-2.4292236721871063,-3.3289121883470667,0.8996885161599604,157.891789
2024-09-19,0,0,1,0,0,0,0,0,161.57248,1.4579773,-0.074,0.013,0.751,268.0,-0.5548866187623906,-0.6838254055678916,0.0208,-0.015899999999999997,-36.0,0.087,0.3100085268808338,54.38948287315396,-1.8483536260250162,-3.0328004758826568,1.1844468498576406,157.81989549999997
2024-09-20,0,0,0,0,1,0,0,0,163.01741,0.89428425,-0.0121,0.0049,0.26,205.0,-1.0470998382758263,0.1799654380084752,0.0619,-0.0081,-63.0,0.017,0.8637908435763668,56.849167234151444,-1.2569270812994375,-2.677625796966013,1.4206987156665756,157.72968699999998
2024-09-23,0,0,0,0,0,0,0,0,161.2835,-1.063627,-0.0081,-0.0045,0.761,120.0,-0.5252190599700376,0.23757753465469636,0.004,-0.009399999999999999,-85.0,0.0036,0.05761209664622116,53.14539358216265,-0.9175523572973532,-2.3256111090322813,1.4080587517349281,157.525912
2024-09-24,0,0,0,0,0,0,0,0,161.72194,0.27184486,-0.0024,-0.0029,1.374,262.0,0.10453199952558623,0.31720508430242955,0.0057,0.0015999999999999999,142.0,-0.0005,0.07962754964773319,53.96217052936897,-0.6062287717424795,-1.9817346415743209,1.3755058698318414,157.417703
2024-09-25,0,0,0,0,0,0,0,0,160.92476,-0.49293637,-0.0009,-0.0007,2.038,366.0,0.7771539552689034,0.3382693851543885,0.0014999999999999998,0.0021999999999999997,104.0,0.00019999999999999998,0.021064300851958928,52.18104369163192,-0.41899839819672025,-1.6691873928988008,1.2501889947020806,157.36069299999997
2024-09-26,0,0,0,0,0,0,0,0,162.1604,0.76783895,-0.0424,-0.0164,1.22,280.0,-0.06928279850785919,-0.23047287685587073,-0.0415,-0.015700000000000002,-86.0,0.026,-0.5687422620102592,54.67812974183124,-0.16896345142217228,-1.3691426046034751,1.2001791531813029,157.41870799999998
2024-09-27,0,0,0,0,1,0,0,0,163.37614,0.7497072,-0.0009,-0.0054,0.83,259.0,-0.4847961206307239,0.34888115334524766,0.0415,0.011000000000000001,-21.0,-0.0045000000000000005,0.5793540302011184,57.05434653839902,0.12584049207839598,-1.070145985267101,1.195986477345497,157.45789549999998
2024-09-30,0,0,1,0,0,0,0,0,165.2695,1.1588931,-0.0435,-0.0069,1.962,136.0,0.6631098486895289,-0.2357290103861158,-0.0426,-0.0014999999999999996,-123.0,0.036599999999999994,-0.5846101637313634,60.525487045225766,0.5064154279596949,-0.7548337026217418,1.2612491305814366,157.591751
2024-10-01,0,0,1,0,0,0,0,0,166.40552,0.6873727,-0.0508,-0.0168,1.532,329.0,0.19936476559362926,-0.3256516687139123,-0.007300000000000001,-0.009899999999999999,193.0,0.034,-0.08992265832779653,62.48477383457109,0.8894382360950601,-0.42597931487838137,1.3154175509734416,158.08195549999996
2024-10-02,0,0,0,0,1,0,0,0,165.27946,-0.67669153,-0.0036,-0.006,0.881,252.0,-0.46609594258632187,0.33425956077987584,0.0472,0.010799999999999999,-77.0,-0.0024000000000000002,0.6599112294937881,59.34069039942561,1.0895631343653065,-0.12287082502964375,1.2124339593949502,158.56113899999997
2024-10-03,0,0,0,0,0,0,0,0,165.27946,0.0,-0.0023,-0.0019,1.595,332.0,0.27113717393386294,0.3534756242845803,0.0013,0.0041,80.0,0.00039999999999999996,0.01921606350470445,59.34069039942561,1.2339394719346615,0.14849123436321732,1.0854482375714443,159.001012
2024-10-04,0,0,0,0,0,0,0,0,166.47527,0.723505,-0.0002,0.0002,1.185,435.0,-0.16599652248586896,0.38263045521444267,0.0021,0.0021,103.0,0.0004,0.029154830929862374,61.71335930532348,1.4283850985552817,0.40447000720163023,1.0239150913536514,159.8151535
2024-10-07,0,0,0,0,0,0,0,0,162.40955,-2.4422348,-0.0004,-0.0066,1.495,125.0,0.18613124268864253,0.3801307011277406,-0.0002,-0.0068,-310.0,-0.0062,-0.002499754086702055,50.84868249184815,1.2401197051833606,0.5715999467979763,0.6685197583853842,160.52615699999998
2024-10-08,0,1,0,0,0,0,0,0,163.80464,0.8590102,-0.0275,-0.02,2.592,367.0,1.3323453638120986,0.008372842416375089,-0.0271,-0.0134,242.0,0.0075,-0.3717578587113655,53.850952899646856,1.189775141086443,0.6952349856556697,0.49454015543077334,161.309406
2024-10-09,0,1,0,1,0,0,0,0,161.29346,-1.5330374,-0.0438,-0.0531,3.406,392.0,2.111139641002346,-0.2100714833231585,-0.0163,-0.033100000000000004,25.0,-0.009300000000000003,-0.2184443257395336,48.149720859472005,0.9364506519382871,0.7434781189121932,0.19297253302609396,161.84253399999997
2024-10-10,0,1,0,0,0,0,0,0,161.5127,0.13592243,-0.0878,-0.0899,1.402,412.0,0.07205712461276022,-0.8043398958828761,-0.044000000000000004,-0.03679999999999999,20.0,-0.0020999999999999908,-0.5942684125597176,48.6607567711975,0.7447944777973134,0.7437413906892172,0.0010530871080962623,162.21074099999996
2024-10-11,0,0,0,0,1,0,0,0,162.66862,0.7156968,-0.0049,-0.0165,0.403,235.0,-0.948453771584801,0.3503384966831942,0.0829,0.07339999999999999,-177.0,-0.011600000000000001,1.1546783925660704,51.381541458454095,0.6783589626977005,0.7306649050909139,-0.0523059423932134,162.49872849999994
2024-10-14,0,0,0,0,0,0,0,0,164.38261,1.0536671,-0.0065,-0.0054,0.717,114.0,-0.6055231146212846,0.3299853088461516,-0.0015999999999999999,0.0111,-121.0,0.0010999999999999994,-0.020353187837042597,55.17495858516752,0.7553063059934573,0.7355931852714226,0.019713120722034683,162.84252099999995
2024-10-15,0,0,0,0,0,0,0,0,164.88087,0.30310154,0.0013,-0.0023,1.884,255.0,0.6761749818151687,0.44016266251674574,0.0078,0.0031000000000000003,141.0,-0.0036,0.11017735367059411,56.243771565598564,0.8467324432651537,0.7578210368701688,0.08891140639498496,163.14844649999992
2024-10-16,0,0,0,0,0,0,0,0,164.58191,-0.18131733,-0.0005,-0.0011,1.251,380.0,0.024284798811345883,0.44758828096857567,-0.0018,0.0012,125.0,-0.0006000000000000001,0.0074256184518299295,55.39036304187501,0.8848645742527594,0.7832297443466869,0.10163482990607253,163.4150099999999
2024-10-17,0,0,0,0,0,0,0,0,162.35971,-1.3502121,-0.0018,-0.0009,1.049,298.0,-0.1833163375341682,0.4130863269034558,-0.0013,0.0002000000000000001,-82.0,0.0009,-0.034501954065119855,49.391246867255866,0.7273867330122528,0.7720611420798,-0.04467440906754727,163.45437149999992
2024-10-18,0,0,0,0,0,0,0,0,162.848,0.3007412,-0.0004,-0.0014,0.64,350.0,-0.6526454472662778,0.4294573240014186,0.0014,-0.0005,52.0,-0.001,0.016370997097962803,50.655889321575906,0.6346692592994714,0.7445827655237343,-0.10991350622426288,163.44590099999994
2024-10-21,0,0,0,0,0,0,0,0,163.49574,0.39775372,-0.0007,0.0012,0.509,121.0,-0.7877284042235487,0.4250841606292818,-0.0003,0.0026,-229.0,0.0018999999999999998,-0.004373163372136835,52.356683176873666,0.606466232780349,0.7169594589750572,-0.11049322619470825,163.55651299999994
2024-10-22,0,0,0,0,0,0,0,0,164.56198,0.65215826,-0.0004,-0.0015,0.308,189.0,-0.9977079143830208,0.42864237362759106,0.0003,-0.0027,68.0,-0.0011,0.0035582129983092736,55.10015278007337,0.6625147307180157,0.7060705133236489,-0.0435557826056332,163.69851499999993
2024-10-23,0,0,0,0,0,0,0,0,162.21025,-1.4290929,-0.0021,0.0013,0.36,237.0,-0.9062379559527443,0.4044028279381278,-0.0017,0.0028,48.0,0.0034,-0.024239545689463238,48.4704724415307,0.5112749529687051,0.6671114012526601,-0.15583644828395504,163.76278949999994
2024-10-24,0,0,0,0,0,0,0,0,162.15044,-0.036859512,-0.0008,-0.0023,1.006,244.0,-0.12176690071500515,0.42231060907405904,0.0013,-0.0036,7.0,-0.0015,0.017907781135931222,48.311266513356884,0.382184586322154,0.6101260382665589,-0.22794145194440485,163.76229149999992
2024-10-25,0,0,0,0,0,0,0,0,164.69153,1.5671134,-0.003,-0.0048,0.813,264.0,-0.346525018479496,0.390547505619472,-0.0022,-0.0024999999999999996,20.0,-0.0017999999999999995,-0.03176310345458705,55.064374598418254,0.4793980644614919,0.5839804435055455,-0.10458237904405354,163.82806099999993
2024-10-28,0,0,0,0,0,0,0,0,166.13644,0.8773446,-0.0063,0.0052,1.495,126.0,0.49532932970629545,0.3439645551883958,-0.0033,0.009999999999999998,-138.0,0.0115,-0.04658295043107619,58.39310448393522,0.6653627203887709,0.6002568988821906,0.06510582150658029,163.87140799999992
2024-10-29,0,0,0,0,0,0,0,0,169.08607,1.7754316,-0.0055,-0.0091,2.86,332.0,2.252792725746339,0.3268890923640512,0.0008000000000000004,-0.0143,206.0,-0.0036000000000000008,-0.01707546282434458,64.22002652076274,1.0387771634042622,0.6879609517866049,0.3508162116176573,164.00543549999992
2024-10-30,1,1,1,0,0,0,0,0,173.84935,2.8170705,0.3664,0.3195,3.285,355.0,2.598948057626412,4.791952728194231,0.3719,0.3286,23.0,-0.0469,4.46506363583018,71.22767236535206,1.699477172451708,0.8902641959196255,0.8092129765320825,164.43392999999992
2024-10-31,1,0,1,0,0,0,0,0,170.5111,-1.9202173,0.27,0.0978,2.634,236.0,1.7449978193768723,3.2065879905003403,-0.09639999999999999,-0.2217,-119.0,-0.17220000000000002,-1.585364737693891,62.05480754284053,1.9314532231589396,1.0985020013674882,0.8329512217914514,164.69551199999992
2024-11-01,0,1,0,0,0,0,0,0,170.69044,0.10519028,-0.0356,-0.0613,1.82,443.0,0.7749608031226339,-0.23649120700563164,-0.30560000000000004,-0.1591,207.0,-0.0257,-3.443079197505972,62.33543630025004,2.105496303078752,1.299900861709741,0.805595441369011,164.90627049999992
2024-11-04,0,0,0,0,1,0,0,0,168.64763,-1.1967957,-0.0004,0.0071,0.557,127.0,-0.6823934578437305,0.1590553684224518,0.0352,0.0684,-316.0,0.007500000000000001,0.39554657542808347,57.150636649377375,2.054901379334126,1.4509009652346179,0.6040004140995081,165.21817449999992
2024-11-05,0,0,0,0,0,0,0,0,169.14589,0.29543638,-0.0036,0.0064,0.584,151.0,-0.6256422514069963,0.12142488505344944,-0.0031999999999999997,-0.0007000000000000001,24.0,0.01,-0.03763048336900236,58.066789261608776,2.031591038744068,1.5670389799365079,0.46455205880756023,165.48523699999993
2024-11-06,0,0,0,0,0,0,0,0,175.89218,3.9884448,-0.0071,-0.006,0.213,213.0,-1.0475191817579967,0.0829200053560944,-0.0035000000000000005,-0.012400000000000001,62.0,0.0011000000000000003,-0.03850487969735504,68.03280636413682,2.528341500803208,1.759299484109848,0.76904201669336,166.2151729999999
2024-11-07,0,0,0,0,0,0,0,0,180.11736,2.4021387,-0.0139,0.0031,0.191,139.0,-1.0395952059680342,0.005132133302433932,-0.006799999999999999,0.0091,-74.0,0.016999999999999998,-0.07778787205366046,72.44915480135128,3.2257718457121882,2.052593956430316,1.173177889281872,167.14540599999992
2024-11-08,0,0,0,0,0,0,0,0,177.72575,-1.3277948,0.0037,0.0028,0.058,162.0,-1.1742765360527048,0.2026179015246292,0.017599999999999998,-0.0002999999999999999,23.0,-0.0009000000000000002,0.19748576822219527,66.82176988624737,3.544646995191158,2.3510045641824844,1.1936424310086737,167.89826249999993
2024-11-11,0,0,0,0,0,0,0,0,179.71875,1.1213899,0.0018,0.0011,0.029,69.0,-1.1960199176001234,0.17894601368368482,-0.0019000000000000002,-0.0017,-93.0,-0.0006999999999999999,-0.023671887840944372,68.98380823683158,3.913068870193854,2.6634174253847585,1.2496514448090954,168.6650694999999
2024-11-12,0,0,0,0,0,0,0,0,180.98428,0.7041812,0.0018,0.0041,0.563,162.0,-0.5597058847290012,0.17828865159953536,0.0,0.003,93.0,0.0023000000000000004,-0.0006573620841494598,70.30697461636326,4.25807907003707,2.9823497543152206,1.2757293157218492,169.47023999999993
2024-11-13,0,0,0,0,0,0,0,0,178.2539,-1.5086412,-0.0031,-0.0019,0.371,177.0,-0.7757258603796011,0.12134312227222498,-0.0049,-0.006,15.0,0.0012,-0.05694552932731038,63.96660444091684,4.262052997891004,3.238290403030377,1.023762594860627,170.15383949999995
2024-11-14,0,0,0,0,0,0,0,0,174.96544,-1.8448114,-0.0005,0.0023,1.407,179.0,0.4397686544264721,0.15019002504346343,0.0026,0.0042,2.0,0.0028,0.028846902771238456,57.26802706048372,3.9542687761482114,3.381486077653944,0.5727826984942674,170.78412599999993
2024-11-15,0,0,0,0,0,0,0,0,171.88626,-1.7598808,-0.0013,-0.0037,0.617,277.0,-0.517318933266902,0.1413072298597242,-0.0007999999999999999,-0.006,98.0,-0.0024000000000000002,-0.008882795183739245,51.79822790051042,3.42243180724833,3.389675223572821,0.03275658367550882,171.23603899999995
2024-11-18,0,0,0,0,0,0,0,0,174.68642,1.6290784,-0.0125,0.0065,1.301,90.0,0.28504674687067516,0.017060178739062182,-0.011200000000000002,0.0102,-187.0,0.019,-0.124247051120662,55.92129531621548,3.190122936375218,3.3497647661333003,-0.1596418297580824,171.79557299999993
2024-11-19,0,1,0,0,0,0,0,0,177.49655,1.6086698,-0.0209,-0.0275,2.294,324.0,1.4411775998639207,-0.07418521069585884,-0.008399999999999998,-0.034,234.0,-0.006600000000000002,-0.09124538943492103,59.6513459743656,3.1959297989518234,3.318997772697005,-0.12306797374518164,172.44230149999993
2024-11-20,0,0,0,0,0,0,0,0,175.36403,-1.2014389,-0.0177,-0.009,1.149,308.0,0.04913418292574839,-0.034844874989968286,0.003199999999999998,0.018500000000000003,-16.0,0.008700000000000001,0.03934033570589056,55.79286839489561,2.9939429271933022,3.2539868035962645,-0.2600438764029622,173.09999049999993
2024-11-21,0,1,0,1,0,0,0,0,167.04327,-4.7448516,-0.0545,-0.0365,3.161,373.0,2.325199703844057,-0.44365891637025906,-0.0368,-0.027499999999999997,65.0,0.018000000000000002,-0.40881404138029076,43.869197308022905,2.1378077663888178,3.030750996154775,-0.8929432297659572,173.34463199999996
2024-11-22,0,0,1,1,0,0,0,0,164.1833,-1.7121077,-0.1438,-0.0586,1.081,313.0,-0.08917086748631214,-1.4009781335814577,-0.08930000000000002,-0.0221,-60.0,0.08520000000000001,-0.9573192172111986,40.653244444993604,1.2145383638623741,2.667508469696295,-1.4529701058339208,173.31922049999997
2024-11-25,0,0,1,1,0,0,0,0,167.06319,1.7540693,-0.0372,-0.0069,0.728,106.0,-0.5209140772230233,-0.2148802227913247,0.10660000000000001,0.051699999999999996,-207.0,0.030299999999999997,1.186097910790133,45.023680346918,0.7070730671380829,2.2754213891846526,-1.5683483220465697,173.36555799999996
2024-11-26,0,0,0,0,1,0,0,0,168.52805,0.876832,-0.0179,-0.0109,1.342,248.0,0.1865605378765249,0.0019000789380432203,0.019299999999999998,-0.004,142.0,0.006999999999999999,0.21678030172936794,47.15541511354216,0.41828341224427845,1.9039937937965778,-1.4857103815522994,173.33765699999998
2024-11-27,0,0,0,0,0,0,0,0,168.63766,0.06504059,-0.0068,-0.0026,0.546,243.0,-0.7591183933417407,0.12569994870646706,0.011099999999999999,0.0083,-5.0,0.0042,0.12379986976842383,47.32001966904058,0.19600076624777785,1.562395188286818,-1.36639442203904,173.07707249999996
2024-11-28,0,0,0,0,0,0,0,0,168.63766,0.0,-0.0143,-0.0042,0.926,159.0,-0.32006649862388326,0.0409229187662011,-0.007500000000000001,-0.0015999999999999999,-84.0,0.010100000000000001,-0.08477702994026595,47.32001966904058,0.019614069056814287,1.2538389644408172,-1.234224895384003,172.98340049999996
2024-11-29,0,0,1,0,0,0,0,0,168.35864,-0.16545653,-0.499,-0.1069,0.597,128.0,-0.7103070153436571,-4.314338189912306,-0.4847,-0.1027,-31.0,0.3921,-4.355261108678507,46.888833018191924,-0.14106216457207665,0.9748587386382384,-1.115920903210315,172.86681049999996
2024-12-02,0,0,0,0,1,0,0,0,170.88976,1.503408,0.008,-0.0048,0.085,76.0,-1.2777150611435206,0.2939808610453129,0.507,0.1021,-52.0,-0.012799999999999999,4.608319050957618,51.23026380270945,-0.06342785001271523,0.7672014209080477,-0.8306292709207629,172.97891699999997
2024-12-03,0,0,0,0,0,0,0,0,170.74026,-0.08747578,-0.0032,0.0043,0.24,134.0,-1.06363445322036,0.14712894531230858,-0.0112,0.0091,58.0,0.0075,-0.14685191573300432,50.96527073455188,-0.013806346013069515,0.6109998675238242,-0.6248062135368937,173.05863549999998
2024-12-04,0,0,0,0,0,0,0,0,173.75966,1.7684102,-0.0018,-0.0029,0.68,182.0,-0.5411357809736492,0.12419618108779351,0.0014000000000000002,-0.0072,48.0,-0.0010999999999999998,-0.022932764224515068,55.92403940729591,0.2660920556506028,0.5420183051491799,-0.27592624949857714,172.95200949999997
2024-12-05,0,0,0,0,0,0,0,0,172.03572,-0.99214315,0.0007,-0.0033,1.041,222.0,-0.107046221114682,0.14934380222675803,0.0025,-0.0004000000000000002,40.0,-0.004,0.025147621138964515,52.65020780980297,0.34483100788682464,0.5025808456967089,-0.15774983780988427,172.54792749999996
2024-12-06,0,0,0,0,0,0,0,0,174.0985,1.1990309,-0.0024,0.003,0.345,201.0,-0.9355003736830885,0.11581972785032738,-0.0031,0.0063,-21.0,0.0054,-0.03352407437643065,55.97150040704594,0.5671436227968343,0.515493401116734,0.05165022168010025,172.36656499999998
2024-12-09,0,0,0,0,0,0,0,0,174.95645,0.492239,-0.0081,-0.0019,1.01,99.0,-0.15678911232399032,0.05392118974047298,-0.0057,-0.0049,-102.0,0.0062,-0.06189853810985439,57.312664320535454,0.8032974535918811,0.5730542116117634,0.2302432419801177,172.12845
2024-12-10,0,0,0,0,0,0,0,0,184.73335,5.588186,-0.001,0.0023,3.106,445.0,2.2151558188447305,0.12985020978358694,0.0070999999999999995,0.0042,346.0,0.0033,0.07592902004311396,68.9281809451029,1.7590875209829733,0.8102608734860054,0.9488266474969679,172.31590349999996
2024-12-11,1,1,0,0,0,0,0,0,194.93922,5.524647,0.0119,0.029,2.706,527.0,1.7247935089810302,0.25154002266785647,0.012900000000000002,0.0267,82.0,0.0171,0.12168981288426953,76.20650340391427,3.3020227872183625,1.3086132562324768,1.9934095309858857,173.15016949999998
2024-12-12,0,0,0,0,0,0,0,0,191.50734,-1.7604828,0.009,0.0255,2.187,468.0,1.098864975738964,0.20573716422235572,-0.0029000000000000015,-0.003500000000000003,-59.0,0.0165,-0.04580285844550075,70.24764421215298,4.19947710934332,1.8867860268546455,2.3126910824886746,173.9772645
2024-12-13,0,0,0,0,0,0,0,0,189.37239,-1.1148155,-0.0011,0.0078,1.247,360.0,0.021823306680635368,0.09355329036900764,-0.0101,-0.0177,-108.0,0.0089,-0.11218387385334808,66.75086444821528,4.684444146799137,2.446317650843544,2.2381264959555933,174.85157099999998
2024-12-16,0,0,0,0,0,0,0,0,196.19626,3.6034107,0.0008,0.0009,1.28,114.0,0.04964406374524993,0.11264823398296599,0.0019000000000000002,-0.0069,-246.0,9.999999999999994e-05,0.019094943613958346,71.61449769966676,5.555374399543155,3.068129000583466,2.4872453989596885,175.927063
2024-12-17,0,1,1,0,0,0,0,0,194.95917,-0.6305337,0.0467,0.0157,1.533,287.0,0.3348823781699601,0.602479213588626,0.045899999999999996,0.014799999999999999,173.0,-0.031,0.48983097960566,69.62607991103579,6.07573280953298,3.6696497623733686,2.406083047159611,176.800194
2024-12-18,0,0,0,0,0,0,0,0,187.95572,-3.5922647,0.0008,0.0091,1.628,255.0,0.4533723958266357,0.10309220069935955,-0.045899999999999996,-0.006599999999999998,-32.0,0.0083,-0.49938701288926646,59.54618406519452,5.85550213007167,4.106820235913029,1.7486818941586417,177.4297785
2024-12-19,0,0,0,0,0,0,0,0,188.06546,0.05838871,-0.001,0.0075,1.372,249.0,0.15713769761336763,0.07610335493467711,-0.0018,-0.0016000000000000007,-6.0,0.0085,-0.02698884576468244,59.64477148897402,5.624981544965806,4.410452497723584,1.2145290472422214,178.480888
2024-12-20,0,0,0,0,0,0,0,0,190.95863,1.538384,-0.0005,-0.002,0.819,238.0,-0.47604260935141834,0.08147274519939014,0.0005,-0.0095,-11.0,-0.0015,0.005369390264713031,62.25633039695775,5.611066083188092,4.650575214816486,0.9604908683716058,179.81965449999998
2024-12-23,0,0,1,0,0,0,0,0,194.17105,1.6822577,-0.0393,-0.0031,0.858,118.0,-0.41217150883037695,-0.34171593875814804,-0.0388,-0.0010999999999999998,-120.0,0.0362,-0.42318868395753817,64.96725381726446,5.792481307343024,4.878956433321794,0.9135248740212303,181.17504749999998
2024-12-24,0,0,1,0,0,0,0,0,195.64755,0.7604122,-0.0352,-0.0029,0.356,126.0,-0.9605763174369958,-0.3002380838928862,0.0040999999999999995,0.0002000000000000001,8.0,0.0323,0.04147785486526184,66.16996510520285,5.986388035016063,5.100442753660648,0.885945281355415,182.5310225
2024-12-25,0,1,0,0,1,0,0,0,195.64755,0.0,-0.0053,0.0009,0.008,141.0,-1.322703723172993,0.025978410566286712,0.029900000000000003,0.0037999999999999996,15.0,0.0062,0.3262164944591729,66.16996510520283,6.070088314132903,5.294371865755099,0.7757164483778043,183.881517
2024-12-26,0,0,0,0,0,0,0,0,195.13876,-0.26005507,-0.0021,-0.0007,0.0,73.0,-1.2854945272018505,0.060822046543748697,0.0032,-0.0015999999999999999,-68.0,0.0013999999999999998,0.034843635977461984,65.27438492256391,6.025903423821234,5.4406781773683255,0.5852252464529082,185.206572
2024-12-27,0,0,0,0,0,0,0,0,192.30545,-1.4519513,-0.0132,-0.0029,0.01,79.0,-1.2359931690460468,-0.05780802459836472,-0.0111,-0.0021999999999999997,6.0,0.0103,-0.11863007114211341,60.373963099563944,5.696595336838357,5.491861609262331,0.20473372757602526,186.4039125
2024-12-30,0,0,0,0,1,0,0,0,190.78903,-0.78853965,0.0002,0.0016,0.244,116.0,-0.9500334026712858,0.08814641568243979,0.0134,0.0045,37.0,0.0014,0.1459544402808045,57.86985449756143,5.25270398279946,5.444030083969757,-0.19132610117029714,187.398876
2024-12-31,0,0,0,0,0,0,0,0,188.85362,-1.0144353,-0.0009,0.0044,0.031,122.0,-1.1487810980447963,0.07134872943056743,-0.0011,0.0028000000000000004,6.0,0.0053,-0.016797686251872362,54.7486987761167,4.690674301056191,5.293358927387044,-0.602684626330853,188.304544
2025-01-01,0,0,0,0,0,0,0,0,188.85362,0.0,-0.0027,0.001,0.0,71.0,-1.1761279150822128,0.04431151397382226,-0.0018000000000000002,-0.0034000000000000002,-51.0,0.0037,-0.027037215456745166,54.7486987761167,4.196882678025929,5.074063677514821,-0.8771809994888917,189.05924199999998
2025-01-02,0,0,0,0,0,0,0,0,188.98329,0.06866455,-0.0059,-0.0057,0.083,73.0,-1.046361703098711,-0.005569826181600507,-0.0031999999999999997,-0.0067,2.0,0.00019999999999999966,-0.04988134015542277,54.93754737590527,3.7725252220560606,4.813755986423069,-1.0412307643670085,189.90662049999997
2025-01-03,0,0,0,0,0,0,0,0,191.33774,1.2458444,-0.0152,-0.0096,0.004,70.0,-1.1216429297171864,-0.10590809404273208,-0.0093,-0.003899999999999999,-3.0,0.005600000000000001,-0.10033826786113156,58.337426193057155,3.584879064563353,4.567980602051126,-0.983101537487773,190.76858249999998
2025-01-06,0,0,0,0,1,0,0,0,196.40576,2.648735,-0.0012,0.0023,0.348,49.0,-0.7194609758471854,0.04700834477456628,0.014,0.011899999999999999,-21.0,0.0034999999999999996,0.15291643881729836,64.53937928250855,3.8012960173589363,4.414643685112688,-0.6133476677537519,191.84104799999997
2025-01-07,0,0,0,0,0,0,0,0,195.02902,-0.70096254,0.0014,0.0041,0.372,163.0,-0.667065575855335,0.07556864814905283,0.0026,0.0018000000000000004,114.0,0.0027,0.028560303374486548,61.846031046892925,3.8177084331690594,4.2952566347239625,-0.4775482015549031,192.35583149999997
2025-01-08,0,0,0,0,0,0,0,0,193.49265,-0.78777075,-0.0019,0.0043,0.14,102.0,-0.9054960848299596,0.03955265853414803,-0.0033,0.00019999999999999966,-61.0,0.0062,-0.0360159896149048,58.89240450360877,3.6645010844941623,4.169105524678002,-0.5046044401838401,192.28350299999997
2025-01-09,0,1,0,0,0,0,0,0,193.49265,0.0,-0.0302,-0.008,0.947,125.0,0.013160065796195799,-0.26615750037136493,-0.028300000000000002,-0.0123,23.0,0.0222,-0.30571015890551295,58.892404503608766,3.5027061408372333,4.035825647909848,-0.5331195070726151,192.38276849999997
2025-01-10,0,1,0,0,1,0,0,0,191.58714,-0.9847939,-0.003,-0.0017,0.518,200.0,-0.47147861648764944,0.03312168341018613,0.027200000000000002,0.0063,75.0,0.0013000000000000002,0.29927918378155105,55.106812382332336,3.1840203457688574,3.8654645874816502,-0.6814442417127928,192.49350599999997
2025-01-13,0,0,0,0,0,0,0,0,190.55957,-0.53634644,0.0024,0.0027,0.551,53.0,-0.4349777641174768,0.09187252623836788,0.0054,0.0044,-147.0,0.00030000000000000035,0.05875084282818175,53.12369828513206,2.8160812146381318,3.6555879129129467,-0.8395066982748149,192.21167149999997
2025-01-14,0,1,0,0,0,0,0,0,189.21275,-0.7067621,-0.0375,-0.0141,2.094,163.0,1.270806659771353,-0.339316472716978,-0.0399,-0.0168,110.0,0.023399999999999997,-0.4311889989553459,50.55569643240616,2.3882790895113715,3.4021261482326315,-1.01384705872126,191.92435049999997
2025-01-15,0,1,1,0,0,0,0,0,195.08887,3.105557,-0.0776,-0.0129,1.069,168.0,0.10535887782629343,-0.7617659150214097,-0.040100000000000004,0.0011999999999999997,5.0,0.06470000000000001,-0.42244944230443165,59.707334090912276,2.4946399420244347,3.220628906990992,-0.7259889649665574,192.28100799999999
2025-01-16,0,1,0,0,1,0,0,0,192.4551,-1.3500392,-0.0008,-0.008,1.122,219.0,0.16296956720849923,0.07687545931408721,0.07680000000000001,0.0049,51.0,-0.0072,0.8386413743354969,54.8104710165797,2.339440838528702,3.044391293298534,-0.7049504547698318,192.50048999999999
2025-01-17,0,0,0,0,0,0,0,0,195.5378,1.6017795,-0.005,-0.0039,0.723,149.0,-0.2855323385839774,0.03137674194522052,-0.0042,0.0041,-70.0,0.0011000000000000003,-0.04549871736886669,59.044383236488244,2.4370991951798544,2.922932873674798,-0.48583367849494374,192.7294485
2025-01-20,0,0,0,0,0,0,0,0,195.5378,0.0,0.002,-0.0022,0.797,74.0,-0.18942775067525758,0.10629592159367966,0.007,0.0016999999999999997,-75.0,-0.004200000000000001,0.07491917964845915,59.044383236488244,2.485838942468604,2.8355140874335594,-0.34967514496495555,192.797786
2025-01-21,0,0,0,0,0,0,0,0,197.58298,1.0459185,-0.0011,0.0024,1.26,117.0,0.37933953943201965,0.07164367037621217,-0.0031000000000000003,0.0046,43.0,0.0034999999999999996,-0.0346522512174675,61.79833286551768,2.6588449673533034,2.8001802634175084,-0.14133529606420492,192.8945575
2025-01-22,0,0,0,0,0,0,0,0,197.90222,0.16157627,-0.0211,0.0063,2.029,183.0,1.3817844496955227,-0.09028192379878344,-0.02,0.0039000000000000003,66.0,0.0274,-0.1619255941749956,62.22531900347605,2.7895572094441548,2.7980556526228377,-0.00849844317868298,193.00729099999998
2025-01-23,0,0,0,0,1,0,0,1,197.51314,-0.19659996,-0.0031,-0.0032,2.156,309.0,1.57902130821354,0.22983814032921046,0.018000000000000002,-0.0095,126.0,-0.00010000000000000026,0.3201200641279939,61.32565581761664,2.829139539179778,2.8042724299342257,0.024867109245552133,193.12601
2025-01-24,0,0,0,0,0,0,0,0,199.73788,1.1263847,-0.0101,-0.0017,0.965,243.0,0.09010716531113125,0.12029472260033948,-0.006999999999999999,0.0015000000000000002,-66.0,0.0084,-0.10954341772887098,64.48735720853735,3.005382566303922,2.8444944572081647,0.16088810909575724,193.4976315
2025-01-27,0,0,0,0,0,0,0,0,191.35768,-4.1956005,-0.0032,0.0085,1.387,93.0,0.6119099021032719,0.22290808393666411,0.0069,0.0102,-150.0,0.0117,0.10261336133632463,48.42727600162027,2.440709353181205,2.763737436402773,-0.32302808322156773,193.52606400000002
2025-01-28,0,0,0,0,0,0,0,0,194.83946,1.8195152,-0.0104,-0.0022,3.178,303.0,2.6701902001331534,0.11828137173268789,-0.0072,-0.010700000000000001,210.0,0.008199999999999999,-0.10462671220397622,53.597894236387546,2.2482360454277455,2.6606371582077672,-0.4124011127800218,193.82535600000003
2025-01-29,0,0,0,0,0,0,0,0,194.9492,0.05632639,-0.004,-0.0011,1.921,242.0,1.1236907808511862,0.2120332224400192,0.0063999999999999994,0.0011,-61.0,0.0029,0.09375185070733132,53.755268235226175,2.0805711342769655,2.544623953421607,-0.4640528191446416,194.13013500000005
2025-01-30,0,0,0,0,0,0,0,0,200.39632,2.7941227,-0.0002,0.0026,1.863,223.0,1.0197787617839882,0.26463920503983107,0.0038,0.0037,-19.0,0.0028,0.05260598259981186,60.85245858409426,2.360027615463366,2.507704685829959,-0.14767707036659283,194.70078650000002
2025-01-31,0,0,0,0,0,0,0,0,203.53891,1.5681863,0.0014,0.0062,1.708,235.0,0.8065607227655772,0.2888756019043494,0.0016,0.0036,12.0,0.0048,0.02423639686451834,64.26030844840162,2.802771039578488,2.566717956579665,0.236053082998823,195.31084500000003
2025-02-03,0,0,0,0,0,0,0,0,200.75546,-1.3675153,0.0019,0.0031,0.809,80.0,-0.2907914395837037,0.29623126156049573,0.0005,-0.0031,-155.0,0.0012,0.007355659656146318,59.33359809802062,2.8956677845167746,2.632507922167087,0.2631598623496876,195.52833
2025-02-04,0,1,1,0,0,0,0,0,205.89334,2.5592685,-0.4239,-0.0209,3.869,202.0,3.0795194045525083,-4.659552204249171,-0.4258,-0.023999999999999997,122.0,0.403,-4.955783465809667,64.71171235901946,3.3453104446876125,2.7750684266711922,0.5702420180164203,196.071546
2025-02-05,0,1,1,1,0,0,0,0,190.87883,-7.2923717,-0.2829,-0.1248,4.0,372.0,2.931630540759937,-2.7579127028254993,0.14100000000000001,-0.10389999999999999,170.0,0.1581,1.9016395014236718,45.69378140516858,2.461732694739567,2.712401280284867,-0.25066858554530036,195.940855
2025-02-06,0,1,1,1,0,0,0,0,191.1482,0.14111996,-0.1149,-0.0419,2.453,422.0,1.295909439925275,-0.9000816190931865,0.16799999999999998,0.0829,50.0,0.07300000000000001,1.8578310837323126,46.00039661219763,1.7629051961222615,2.522502063452346,-0.7595968673300844,195.8236325
2025-02-07,0,0,0,0,1,1,0,0,184.90294,-3.2672286,-0.0081,-0.0063,1.425,252.0,0.23495361741919518,0.2584195614267926,0.1068,0.0356,-170.0,0.0017999999999999995,1.1585011805199792,40.316881262331954,0.6971033075061825,2.157422312263113,-1.4603190047569305,195.4894225
2025-02-10,0,0,0,0,0,0,0,0,186.03029,0.6096959,-0.0003,-0.0026,1.59,97.0,0.3981060002578282,0.3405493461612359,0.0078,0.0037,-155.0,-0.0023,0.08212978473444327,41.716765223482035,-0.05593980531276088,1.7147498887479382,-1.770689694060699,195.26295850000002
2025-02-11,0,0,0,0,0,0,0,0,184.88301,-0.61671734,0.0007,-0.0005,2.356,238.0,1.177224292561225,0.347162147629123,0.001,0.0021,141.0,-0.0012000000000000001,0.006612801467887119,40.67126637030546,-0.7368142691416892,1.2244370571700127,-1.961251326311702,195.0464715
2025-02-12,0,0,0,0,0,0,0,0,183.17703,-0.92273355,-0.0003,0.001,1.899,341.0,0.6958335527514564,0.332945754944988,-0.001,0.0015,103.0,0.0013,-0.014216392684134993,39.10198459273687,-1.3979557519804189,0.6999584953399264,-2.0979142473203454,194.45087949999999
2025-02-13,0,0,0,0,0,0,0,0,185.70107,1.3779163,-0.0018,-0.0018,2.471,294.0,1.3137330871495736,0.3071462318587996,-0.0015,-0.0028,-47.0,0.0,-0.025799523086188436,42.6290404030621,-1.698665053327204,0.22023378560650025,-1.9188988389337043,194.113178
2025-02-14,0,0,0,0,0,0,0,0,184.7932,-0.48888326,-0.0006,-0.0046,1.783,402.0,0.5877566079406511,0.29799011685379134,0.0012000000000000001,-0.0028,108.0,-0.004,-0.009156115005008236,41.69365355131397,-1.987328180555295,-0.22127860762585877,-1.766049572929436,193.57594799999998
2025-02-17,0,0,0,0,0,0,0,0,184.7932,0.0,0.0007,-0.004,0.764,68.0,-0.46482438118037095,0.3050884729556548,0.0013,0.0005999999999999998,-334.0,-0.0047,0.0070983561018634345,41.69365355131397,-2.1908411357276805,-0.6151911132462231,-1.5756500224814574,193.038718
2025-02-18,0,0,0,0,0,0,0,0,183.33664,-0.78820586,-0.0189,-0.009,0.726,152.0,-0.4925009877629146,0.09088097874593239,-0.0196,-0.004999999999999999,84.0,0.0099,-0.2142074942097224,40.058152959930545,-2.441514577692061,-0.9804558061353907,-1.4610587715566703,192.32640099999998
2025-02-19,0,0,0,0,0,0,0,0,184.83311,0.8162379,-0.0093,-0.0067,1.268,199.0,0.053850799504768426,0.19636576336062278,0.009600000000000001,0.002299999999999999,47.0,0.002599999999999999,0.1054847846146904,42.55150569041663,-2.4907110968642314,-1.2825068642811588,-1.2082042325830726,191.6729455
2025-02-20,0,0,0,0,0,0,0,0,184.12479,-0.38322806,-0.002,-0.0005,0.62,265.0,-0.6098028450599521,0.27385243548136984,0.007299999999999999,0.006200000000000001,66.0,0.0015,0.07748667212074706,41.6680137887607,-2.557375365767058,-1.5374805645783387,-1.0198948011887192,191.003528
2025-02-21,0,0,0,0,0,0,0,0,179.23634,-2.6549578,-0.0053,0.0027,0.465,180.0,-0.766265781358101,0.20087544942723762,-0.0033,0.0032,-85.0,0.008,-0.07297698605413222,36.09754590884175,-2.9704231506252086,-1.8240690817877128,-1.1463540688374958,189.97845099999998
2025-02-24,0,0,0,0,0,0,0,0,178.8273,-0.2282083,-0.0015,-0.0033,0.879,63.0,-0.35707203549411687,0.25990626025276836,0.0038,-0.006,-117.0,-0.0018,0.059030810825530744,35.6678657654663,-3.2928150829143306,-2.1178182820130362,-1.1749968009012943,189.35193199999998
2025-02-25,0,1,0,1,0,0,0,0,175.00633,-2.1366835,-0.0272,-0.0097,0.885,232.0,-0.3649058995915621,-0.11642313682197215,-0.025699999999999997,-0.0064,169.0,0.017499999999999998,-0.3763293970747405,31.85353952202879,-3.812683120087712,-2.4567912496279716,-1.3558918704597405,188.36027549999997
2025-02-26,0,0,0,1,0,0,0,0,172.32268,-1.5334666,-0.0361,-0.0091,0.68,172.0,-0.5800915628850809,-0.2403570347813442,-0.008900000000000002,0.0005999999999999998,-60.0,0.027,-0.12393389795937206,29.469820138756482,-4.390618099410574,-2.843556619584492,-1.5470614798260818,187.22894949999994
2025-02-27,0,1,0,0,1,0,0,0,168.10266,-2.4489045,-0.0023,-0.0164,0.366,209.0,-0.8920167075928822,0.26337825054433,0.0338,-0.007300000000000001,37.0,-0.014100000000000001,0.5037352853256742,26.15523367343013,-5.1300203983169865,-3.300849375330991,-1.8291710229859954,185.61426649999996
2025-02-28,0,0,0,0,0,0,0,0,169.87845,1.056385,-0.0021,-0.0172,0.053,147.0,-1.206740084303635,0.266275100461749,0.0002000000000000001,-0.0007999999999999986,-62.0,-0.0151,0.0028968499174190088,29.736553414707362,-5.5092039612970325,-3.7425202925241994,-1.7666836687728331,183.9312435
2025-03-03,0,0,0,0,0,0,0,0,166.61617,-1.9203663,-0.004,-0.0028,0.191,86.0,-1.040038513248014,0.23693040628386344,-0.0019000000000000002,0.0144,-61.0,0.0012000000000000001,-0.029344694177885572,27.13316951230182,-6.00374100965692,-4.194764435950743,-1.8089765737061771,182.22427899999997
2025-03-04,0,0,0,0,0,0,0,0,170.51695,2.341175,-0.0005,-0.0032,0.967,179.0,-0.21284942326857031,0.2888740884753235,0.0035,-0.0004000000000000002,93.0,-0.0027,0.05194368219146003,34.515614936978636,-6.011606776780383,-4.558132904116671,-1.4534738726637118,180.4554595
2025-03-05,0,0,0,0,0,0,0,0,172.612,1.2286544,-0.0019,0.0052,0.891,226.0,-0.2675684458460978,0.27181828633983013,-0.0014,0.0084,47.0,0.0070999999999999995,-0.017055802135493348,38.140580020421105,-5.782134579777079,-4.802933239248753,-0.9792013405283262,179.542118
2025-03-06,0,0,0,0,0,0,0,0,171.94357,-0.38723946,-0.0002,0.0013,0.622,224.0,-0.5365655619920545,0.2996851703659172,0.0017,-0.0039,-2.0,0.0015,0.027866884026087058,37.428683531983985,-5.589777450161648,-4.9603020814313314,-0.6294753687303167,178.58188649999997
2025-03-07,0,0,0,0,0,0,0,0,173.45003,0.87611675,-0.0017,-0.012,0.378,193.0,-0.7844261693929501,0.2774797203877487,-0.0014999999999999998,-0.0133,-31.0,-0.0103,-0.02220544997816848,40.140432518941836,-5.25519568251238,-5.019280801647541,-0.23591488086483814,178.00924099999997
2025-03-10,0,0,0,0,0,0,0,0,165.66943,-4.4806185,-0.0007,0.0011,0.588,94.0,-0.5413478809288954,0.29279781376722186,0.001,0.0131,-99.0,0.0018,0.015318093379473152,32.34382401783583,-5.553845343955118,-5.126193710109057,-0.427651633846061,176.99119799999997
2025-03-11,0,1,0,1,0,0,0,0,163.84164,-1.103276,-0.022,-0.0043,0.496,140.0,-0.6219529816248683,-0.007847652192598016,-0.0213,-0.0054,46.0,0.0177,-0.3006454659598199,30.828937408168635,-5.870345046293949,-5.275023977346035,-0.5953210689479134,175.93912949999998
2025-03-12,0,0,0,0,1,0,0,0,166.90794,1.8715024,-0.0024,-0.002,1.273,203.0,0.23059144020740202,0.2878789190128853,0.0196,0.0023,63.0,0.00039999999999999975,0.29572657120548335,36.225404162996455,-5.80681125130252,-5.381381432137332,-0.4254298191651875,175.12567499999997
2025-03-13,0,0,0,0,0,0,0,0,162.5632,-2.603078,-0.0011,0.0014,1.194,241.0,0.14774773444061487,0.30746783604083033,0.0012999999999999997,0.0034000000000000002,38.0,0.0025,0.01958891702794502,32.37165221540532,-6.037448520169022,-5.51259484974367,-0.5248536704253519,173.96878149999998
2025-03-14,0,0,0,0,0,0,0,0,165.2899,1.6773224,-0.0015,0.0039,0.33,258.0,-0.7831339409833211,0.3017234657621467,-0.00039999999999999996,0.0024999999999999996,17.0,0.0054,-0.00574437027868363,36.90796802440617,-5.931829873039732,-5.596441854402882,-0.3353880186368494,172.99361649999997
2025-03-17,0,0,0,0,0,0,0,0,164.09134,-0.72512627,-0.0002,0.0011,1.661,130.0,0.6468254749748177,0.31141105507984285,0.0013,-0.0027999999999999995,-128.0,0.0013000000000000002,0.009687589317696144,35.7721046354915,-5.877092643829684,-5.652572012288243,-0.22452063154144142,171.95852349999996
2025-03-18,0,0,0,0,0,0,0,0,160.47572,-2.2034168,-0.0008,-0.0008,3.029,357.0,2.016576796125625,0.2936567911719487,-0.0006000000000000001,-0.0019000000000000002,227.0,0.0,-0.01775426390789414,32.520682888155456,-6.0556574626101,-5.733189102352614,-0.3224683602574858,170.81547749999996
2025-03-19,0,0,0,0,0,0,0,0,163.69183,2.0041108,-0.001,0.0021,2.457,618.0,1.3666435672332078,0.2894891282304583,-0.00019999999999999998,0.0029,261.0,0.0031,-0.004167662941490402,37.92542946451383,-5.869992548975262,-5.7605497916771435,-0.10944275729811803,169.75841349999996
2025-03-20,0,0,0,0,0,0,0,0,162.60315,-0.66508055,-0.0251,-0.0027,0.963,383.0,-0.214065484122135,-0.06715027568184942,-0.0241,-0.0048000000000000004,-235.0,0.0224,-0.35663940391230775,36.8494843816983,-5.744480351124878,-5.75733590356669,0.012855552441812357,168.68233149999998
2025-03-21,0,0,0,0,1,0,0,0,163.79172,0.7309556,-0.0106,-0.0045,0.003,158.0,-1.229334170689765,0.1503353461472567,0.0145,-0.0017999999999999995,-225.0,0.0061,0.2174856218291061,38.88791485370966,-5.485865719178008,-5.703041866688954,0.21717614751094594,167.91010049999997
2025-03-24,0,0,0,0,0,0,0,0,167.47725,2.250135,-0.0001,0.0028,0.539,87.0,-0.6705067676163899,0.30837530871931124,0.0105,0.007299999999999999,-71.0,0.0029,0.15803996257205455,44.83423783219435,-4.9267280363800126,-5.5477791006271655,0.621051064247153,167.34259799999998
2025-03-25,0,0,0,0,0,0,0,0,170.35376,1.7175555,0.0002,-0.0006,1.269,160.0,0.08415798155288126,0.31258598626935696,0.00030000000000000003,-0.0034,73.0,-0.0007999999999999999,0.004210677550045727,49.00485959503988,-4.203046968246213,-5.278832674150975,1.075785705904762,167.10996949999998
2025-03-26,0,0,0,0,0,0,0,0,164.86041,-3.224671,-0.0006,0.0009,1.574,245.0,0.389142915699995,0.29997969461332125,-0.0007999999999999999,0.0015,85.0,0.0015,-0.012606291656035717,42.41065749603773,-4.026378359671298,-5.028341811255039,1.001963451583741,166.736856
2025-03-27,0,0,0,0,0,0,0,0,162.04384,-1.7084658,-0.0031,-0.0016,1.23,173.0,-0.006775694580593831,0.2616319506921931,-0.0025,-0.0025,-72.0,0.0014999999999999998,-0.03834774392112816,39.47746652002871,-4.066761776204686,-4.836025804244969,0.7692640280402827,166.43391499999998
2025-03-28,0,0,0,0,0,0,0,0,154.1434,-4.875493,-0.0093,-0.0035,0.501,148.0,-0.8297460198854121,0.16688818930878138,-0.006199999999999999,-0.0019,-25.0,0.0058,-0.0947437613834117,32.655142637281294,-4.68229087148066,-4.805278817692107,0.12298794621144715,165.64716249999998
2025-03-31,0,0,0,0,0,0,0,0,154.45302,0.20086765,-0.0024,-0.0053,1.047,72.0,-0.23527175286308005,0.270953379917726,0.0069,-0.0018,-76.0,-0.0029000000000000002,0.10406519060894462,33.14277644436074,-5.086484540184273,-4.86151996219054,-0.22496457799373282,165.03900499999995
2025-04-01,0,0,0,0,0,0,0,0,156.88008,1.571393,-0.0051,0.0066,0.793,157.0,-0.5322717532545181,0.2320921005926925,-0.0027000000000000006,0.0119,85.0,0.0117,-0.0388612793250335,36.99407303332735,-5.151583231730598,-4.919532616098552,-0.23205061563204588,164.35716149999993
2025-04-02,0,0,0,0,0,0,0,0,156.85011,-0.01910925,-0.0008,0.0019,0.683,128.0,-0.6739135515538962,0.2964782567701102,0.0043,-0.0047,-29.0,0.0027,0.06438615617741769,36.96575590996792,-5.1462697481075566,-4.9648800425003525,-0.18138970560720402,163.56906699999993
2025-04-03,0,0,0,0,0,0,0,0,150.53777,-4.024446,-0.0068,0.0024,0.541,156.0,-0.8247201719797426,0.2003271096606616,-0.005999999999999999,0.0004999999999999998,28.0,0.0092,-0.09615114710944858,31.497150665927315,-5.587008303695114,-5.089305694739305,-0.49770260895580964,162.49877699999993
2025-04-04,0,0,0,0,0,0,0,0,145.42395,-3.3970237,-0.0149,-0.0016,0.276,119.0,-1.1167089562083978,0.08153134563156762,-0.0081,-0.004,-37.0,0.0133,-0.11879576402909399,27.896606833264315,-6.276586735523608,-5.326761902896165,-0.949824832627443,161.09747299999992
2025-04-07,0,0,0,0,0,0,0,0,146.57256,0.78983307,-0.0023,-0.008,0.509,53.0,-0.8512806849445299,0.2724064560181805,0.0126,-0.0064,-66.0,-0.0057,0.19087511038661287,29.836683022923843,-6.6536996751553374,-5.5921494573479995,-1.061550217807338,160.14262949999994
2025-04-08,0,0,0,0,0,0,0,0,144.52504,-1.3969362,-0.0039,0.006,1.283,167.0,0.04095561328456414,0.23991035394004173,-0.0015999999999999999,0.014,114.0,0.009899999999999999,-0.032496102078138744,28.371199232305607,-7.036667822443377,-5.881053130367075,-1.155614692076302,159.17679949999993
2025-04-09,0,0,0,0,0,0,0,0,158.5181,9.682107,-0.0016,0.0039,2.712,285.0,1.6044560468199802,0.25700095867853423,0.0023,-0.0021000000000000003,118.0,0.0055,0.0170906047384925,47.3895136282368,-6.140268646416132,-5.932896233576886,-0.2073724128392458,158.75730749999994
2025-04-10,0,0,0,0,0,0,0,0,152.63522,-3.71117,0.0006,-0.001,1.988,487.0,0.776388548060806,0.28993620801875525,0.0022,-0.0049,202.0,-0.0015999999999999999,0.03293524934022102,42.304073902455784,-5.837276600851567,-5.913772307031822,0.07649570618025514,158.26090849999994
2025-04-11,0,0,0,0,0,0,0,0,156.95,2.8268456,-0.0002,-0.0072,1.219,277.0,-0.08714099641933244,0.27652840223429254,-0.0007999999999999999,-0.0062,-210.0,-0.007,-0.013407805784462712,46.81234911366513,-5.189169025542014,-5.76885165073386,0.5796826251918459,157.84391349999993
2025-04-14,0,0,0,0,0,0,0,0,158.87767,1.2282133,0.0003,0.0018,0.832,94.0,-0.5192234318926385,0.2845634216999467,0.0005,0.009,-183.0,0.0015,0.008035019465654158,48.73946196017699,-4.468482360834628,-5.508777792754014,1.040295431919386,157.5832299999999
2025-04-15,0,0,0,0,0,0,0,0,156.121,-1.7350912,-0.0154,-0.0029,2.449,265.0,1.2442842324083176,0.050497015628826414,-0.015700000000000002,-0.004699999999999999,171.0,0.0125,-0.23406640607112028,46.163542724149266,-4.072824234800805,-5.2215870811633724,1.1487628463625672,157.36549399999993
2025-04-16,0,0,1,0,0,0,0,0,153.1446,-1.9064665,-0.082,-0.0253,2.256,225.0,1.0239529175680024,-0.9359210670113546,-0.0666,-0.0224,-40.0,0.0567,-0.9864180826401809,43.4908988446787,-3.95385534135778,-4.968040733202254,1.0141853918444736,156.83813249999992
2025-04-17,0,0,1,1,0,0,0,0,150.97723,-1.4152467,-0.0859,-0.0174,2.647,192.0,1.428093356357494,-0.9664591489897216,-0.0039000000000000007,0.0079,-33.0,0.0685,-0.03053808197836705,41.60210851048874,-3.9884835263655702,-4.772129291834917,0.7836457654693465,156.2568364999999
2025-04-18,0,1,0,1,0,0,0,0,150.97723,0.0,-0.4396,-0.4511,1.092,272.0,-0.26001471040374097,-4.77962496619792,-0.3537,-0.4337,80.0,-0.01150000000000001,-3.8131658172081986,41.60210851048874,-3.9701610670256287,-4.6117356468730595,0.6415745798474308,155.6161119999999
2025-04-21,0,0,0,1,0,0,0,0,147.49144,-2.3088157,-0.0595,-0.0352,1.826,87.0,0.5270602844753695,-0.3516900342570849,0.3801,0.4159,-185.0,0.024299999999999995,4.427934931940835,38.4845852183409,-4.1886305810239435,-4.527114633703237,0.33848405267929316,154.61682149999993
2025-04-22,0,1,1,0,0,0,0,0,151.28685,2.5733113,-0.1022,-0.0226,1.919,263.0,0.6712085825045735,-0.8253949562956473,-0.0427,0.012600000000000004,176.0,0.0796,-0.4737049220385624,43.45329708766925,-4.00929472354656,-4.423550651671901,0.41425592812534084,153.66347599999992
2025-04-23,0,0,0,0,1,0,0,0,155.16217,2.5615692,-0.0086,0.0133,1.519,261.0,0.23275445210355217,0.25690509240432613,0.0936,0.0359,-2.0,0.0219,1.0823000486999734,48.065899541479,-3.5139571175623416,-4.241631944849989,0.7276748272876477,153.17856399999994
2025-04-24,0,0,1,0,0,0,0,0,159.0874,2.5297642,-0.0109,0.0207,2.306,200.0,1.0985416536707349,0.23253041477509961,-0.0023,0.0074,-61.0,0.0316,-0.024374677629226515,52.309305737245026,-2.77270324258825,-3.9478462043976412,1.1751429618093914,153.03074199999995
2025-04-25,1,1,1,0,0,0,0,0,161.76418,1.6825795,0.3339,0.3718,2.776,314.0,1.5698455193545835,3.6512299649826456,0.3448,0.3511,114.0,0.037900000000000045,3.418699550207546,55.00903112671756,-1.9468187166958728,-3.5476407068572877,1.600821990161415,153.41178099999996
2025-04-28,0,0,1,0,0,0,0,0,160.4158,-0.83354115,-0.0107,0.0213,0.913,85.0,-0.46420166208557007,0.15225293900077988,-0.34459999999999996,-0.35050000000000003,-229.0,0.032,-3.4989770259818656,53.37007229811229,-1.3851352993534363,-3.1151396253565173,1.730004326003081,153.70991999999995
2025-04-29,0,0,0,0,0,0,0,0,159.96635,-0.2801776,0.0067,0.0331,0.949,165.0,-0.39839667791312816,0.3021728491745443,0.0174,0.011799999999999998,80.0,0.026399999999999996,0.1499199101737644,52.805310368025694,-0.9651384874828466,-2.685139397781783,1.7200009102989364,153.86423349999998
2025-04-30,0,1,0,0,0,0,0,0,158.60799,-0.8491516,-0.0013,0.0055,1.329,227.0,0.10799701315383274,0.16490386131191062,-0.008,-0.0276,62.0,0.0068,-0.13726898786263367,51.047154619555656,-0.7334416293223001,-2.2947998440898862,1.5613582147675862,153.9521275
2025-05-01,0,0,0,0,0,0,0,0,161.10497,1.5743017,-0.0036,0.003,0.281,243.0,-1.2039442802082296,0.11183978503939923,-0.0023,-0.0024999999999999996,16.0,0.0066,-0.05306407627251139,54.07421573735075,-0.34436515493075603,-1.9047129062580601,1.560347751327304,154.48048749999998
2025-05-02,0,0,0,0,0,0,0,0,163.83167,1.6924977,-0.0012,0.0025,0.726,199.0,-0.6098625329867644,0.14241120013551006,0.0024000000000000002,-0.0005,-44.0,0.0037,0.030571415096110832,57.18751363029936,0.18190575981967072,-1.487389173042514,1.6692949328621847,155.4008735
2025-05-05,0,0,0,0,0,0,0,0,164.01146,0.10974407,-0.0066,0.0062,0.53,60.0,-0.8374458790548546,0.07154066564563986,-0.0054,0.0036999999999999997,-139.0,0.012799999999999999,-0.0708705344898702,57.392611838708895,0.6064954991846037,-1.0686122385970904,1.675107737781694,156.2728185
2025-05-06,0,0,0,0,0,0,0,0,163.03262,-0.5968034,-0.0084,0.0026,1.509,186.0,0.4512432210807167,0.049482685998974395,-0.0017999999999999995,-0.0036,126.0,0.011,-0.02205797964666547,55.824605064061494,0.854155545704856,-0.6840586817367011,1.5382142274415571,157.1981975
2025-05-07,0,0,0,0,0,0,0,0,151.19696,-7.2596908,-0.0052,-0.0036,2.401,236.0,1.589056246242796,0.09344316023011408,0.0031999999999999997,-0.0062,50.0,0.0015999999999999999,0.04396047423113968,41.175868482181585,0.09430201467995403,-0.5283865424533701,0.6226885571333242,156.8321405
2025-05-08,0,1,1,1,0,0,0,0,154.09346,1.9157052,-0.1988,-0.123,2.174,284.0,1.3143688292444995,-2.3374943447586056,-0.1936,-0.11939999999999999,48.0,0.0758,-2.43093750498872,44.98086287037346,-0.2710396636407495,-0.476917166690846,0.2058775030500965,156.9050525
2025-05-09,0,0,0,1,0,0,0,0,152.5653,-0.9917021,-0.0452,-0.0187,1.795,194.0,0.8183455965929514,-0.36937248899114455,0.15360000000000001,0.1043,-90.0,0.026499999999999996,1.9681218557674611,43.38633738839227,-0.67609175162832,-0.5167520836783408,-0.15933966794997922,156.68581750000004
2025-05-12,0,0,1,0,0,0,0,0,158.2684,3.738141,-0.05,-0.0134,0.961,85.0,-0.27674795365051913,-0.41928417291229325,-0.004800000000000006,0.005300000000000001,-109.0,0.0366,-0.0499116839211487,50.44635990851337,-0.5307873561584131,-0.5195591381743553,-0.01122821798405782,156.65535400000005
2025-05-13,0,1,0,0,0,0,0,0,159.3371,0.6752491,-0.0214,-0.012,1.601,190.0,0.5425426919787704,-0.05484021824918964,0.028600000000000004,0.0014000000000000002,105.0,0.009399999999999999,0.36444395466310364,51.6628139465774,-0.3256436006631134,-0.4807760306721069,0.15513243000899352,156.81615900000003
2025-05-14,0,0,0,0,1,0,0,0,165.17004,3.6607504,-0.0061,-0.0045,1.295,265.0,0.14102968222906812,0.1391461439834711,0.015299999999999998,0.007500000000000001,75.0,0.0016000000000000007,0.19398636223266075,57.75792678667674,0.30409835706868193,-0.3238011531239491,0.627899510192631,157.41743100000002
2025-05-15,0,0,0,0,0,0,0,0,163.76175,-0.85262656,-0.0013,0.0128,0.892,185.0,-0.39422485872767277,0.20006173268568928,0.0048000000000000004,0.0173,-80.0,0.014100000000000001,0.060915588702218165,55.924384753269884,0.6816782002253206,-0.12270528245409515,0.8043834826794157,158.05665700000003
2025-05-16,0,0,0,0,0,0,0,0,165.98906,1.3600826,-0.0004,0.0068,0.227,165.0,-1.2558488136940347,0.2104330212262829,0.0009,-0.006000000000000001,-20.0,0.0072,0.010371288540593632,58.18528632986535,1.147411602126084,0.13131809446194068,1.0160935076641433,158.80724850000004
2025-05-19,0,0,0,0,0,0,0,0,166.33862,0.21059513,-0.002,0.0088,0.112,78.0,-1.3687449150259097,0.1901908093845524,-0.0016,0.002000000000000001,-87.0,0.0108,-0.0202422118417305,58.5446954805716,1.5271116565825196,0.4104768068860565,1.116634849696463,159.74960750000002
2025-05-20,0,0,0,0,0,0,0,0,163.78172,-1.537168,-0.0008,0.0029,2.364,180.0,1.4723863527204468,0.1998187785265388,0.0012000000000000001,-0.005900000000000001,102.0,0.0036999999999999997,0.009627969141986381,54.832148468427874,1.603225241622937,0.6490264938334326,0.9541987477895043,160.37435100000002
2025-05-21,0,0,0,0,0,0,0,0,168.35619,2.793026,-0.0011,0.0022,3.255,861.0,2.421915918468144,0.18862774883142122,-0.00030000000000000003,-0.0006999999999999997,681.0,0.0033,-0.011191029695117566,59.749864842737175,2.0095030049266995,0.921121796052086,1.0883812088746136,161.03405200000003
2025-05-22,0,0,0,0,0,0,0,0,170.66339,1.37043,0.0057,0.0148,1.792,398.0,0.6364332809614148,0.2733275507670982,0.0068000000000000005,0.0126,-463.0,0.0091,0.08469980193567697,61.99725343623814,2.488961617145577,1.2346897602707843,1.2542718568747928,161.61285150000003
2025-05-23,0,0,1,0,0,0,0,0,168.2663,-1.4045715,-0.0114,0.0266,0.572,267.0,-0.8622170630501521,0.0578706495663127,-0.0171,0.011799999999999998,-131.0,0.038,-0.21545690120078548,58.35182123732777,2.64502073934392,1.5167559560854114,1.1282647832585087,161.93795750000004
2025-05-26,0,0,0,0,0,0,0,0,168.2663,0.0,-0.0007,0.0045,0.399,92.0,-1.0842729860812903,0.19323880268822538,0.010700000000000001,-0.022099999999999998,-175.0,0.0052,0.1353681531219127,58.35182123732776,2.737146595888561,1.7608340840460412,0.9763125118425195,162.33048250000007
2025-05-27,0,0,0,0,0,0,0,0,172.69093,2.6295424,-0.0002,0.0025,0.229,120.0,-1.2625885250895867,0.19953129732625607,0.0005,-0.0019999999999999996,28.0,0.0027,0.006292494638030693,63.008159298312584,3.1310943570458676,2.0348861386460064,1.0962082183998612,162.96671150000006
2025-05-28,0,0,0,0,0,0,0,0,172.1516,-0.31231642,-0.0073,0.0043,0.253,140.0,-1.207180309757741,0.11040295200345021,-0.0071,0.0018,20.0,0.0116,-0.08912834532280586,62.09681989009594,3.3610374251087762,2.30011639593856,1.060921029170216,163.64389200000008
2025-05-29,0,0,0,0,0,0,0,0,171.65219,-0.29008985,-0.0045,0.0032,0.649,160.0,-0.7312431667603094,0.14695203278326027,0.0028000000000000004,-0.0010999999999999998,20.0,0.0077,0.03654908077981006,61.21390110942965,3.4630508553562436,2.532703287822097,0.9303475675341466,164.17125300000006
2025-05-30,0,0,0,0,0,0,0,0,171.53235,-0.06982088,-0.0024,0.0035,0.577,179.0,-0.8251173863075967,0.17381981915900688,0.0021,0.0002999999999999999,19.0,0.0059,0.026867786375746605,60.989803163184305,3.49395105449193,2.7249528411560635,0.7689982133358666,164.55628700000005
2025-06-02,0,0,0,0,0,0,0,0,168.82562,-1.5779734,0.0003,0.0023,0.367,90.0,-1.0700159525768025,0.207947139131011,0.0026999999999999997,-0.0012000000000000001,-89.0,0.002,0.03412731997200413,56.00295040016916,3.262422024703767,2.832446677865604,0.42997534683816285,164.79699500000007
2025-06-03,0,0,0,0,0,0,0,0,165.97906,-1.6860962,-0.0196,-0.0151,0.883,151.0,-0.4590207688846164,-0.04571249184431545,-0.0199,-0.0174,61.0,0.004499999999999999,-0.25365963097532646,51.25640593320523,2.816770026724953,2.829311347637474,-0.012541320912521137,164.94431700000007
2025-06-04,0,0,0,0,1,0,0,0,167.8468,1.125288,-0.0144,-0.0088,0.604,125.0,-0.7791591626521067,0.022989293102707538,0.0052,0.0063,-26.0,0.005599999999999999,0.06870178494702299,54.010663499277086,2.584506039399969,2.780350285989973,-0.1958442465900041,165.77680900000007
2025-06-05,0,0,0,0,0,0,0,0,168.00662,0.09521246,0.0002,-0.0035,0.355,180.0,-1.0520294904108742,0.20848251412561467,0.0146,0.005300000000000001,55.0,-0.0037,0.18549322102290713,54.248888884814875,2.3858289434684252,2.7014460174856634,-0.31561707401723815,166.47246700000008
2025-06-06,0,0,0,0,0,0,0,0,173.46999,3.2518744,-0.0003,0.0018,0.124,137.0,-1.3168716044703155,0.20185588845889998,-0.0005,0.0053,-43.0,0.0021,-0.0066266256667146806,61.576210574698095,2.63880570371046,2.6889179547306226,-0.05011225102016237,167.51770150000007
2025-06-09,0,0,0,0,0,0,0,0,176.09,1.508522,-0.0011,0.0092,0.542,72.0,-0.7960569447193452,0.19187541663994748,-0.0008000000000000001,0.0074,-65.0,0.0103,-0.009980471818952508,64.51154585053216,3.015938655994546,2.754322094983407,0.26161656101113895,168.4087815000001
2025-06-10,0,0,0,0,0,0,0,0,178.6,1.4254093,0.002,0.0047,1.906,173.0,0.8692921119512284,0.23069582413164258,0.0031000000000000003,-0.0045,101.0,0.0027,0.0388204074916951,67.10424892574832,3.477271440194386,2.898911964025603,0.5783594761687829,169.37192650000006
2025-06-11,0,0,0,0,0,0,0,0,177.35,-0.69988966,0.003,0.0098,1.835,233.0,0.8073147117362487,0.24252437060111728,0.001,0.0050999999999999995,60.0,0.0068,0.011828546469474704,64.5741058714029,3.699372380063835,3.059004047233249,0.6403683328305858,169.98092450000007
2025-06-12,0,0,0,0,0,0,0,0,175.7,-0.9303689,0.0004,0.0051,1.778,257.0,0.7168108715443058,0.20399696545217788,-0.0026,-0.004699999999999999,24.0,0.0047,-0.0385274051489394,61.28909450415686,3.6996010665135373,3.187123451089307,0.5124776154242303,170.57783700000005
2025-06-13,0,0,1,0,0,0,0,0,174.67,-0.5862236,-0.0188,-0.0615,0.739,229.0,-0.5953153611898198,-0.03842648252241491,-0.019200000000000002,-0.06659999999999999,-28.0,-0.0427,-0.24242344797459278,59.262366676941824,3.5754542987289426,3.264789620617234,0.3106646781117086,171.01188400000007
2025-06-16,0,0,0,0,1,0,0,0,176.77,1.2022734,-0.0004,-0.0028,0.199,85.0,-1.2585802472704928,0.19563208131111656,0.0184,0.0587,-144.0,-0.0024,0.23405856383353146,62.01998473141395,3.6049637621600823,3.3328244489258037,0.27213931323427865,171.53345300000007
2025-06-17,0,0,0,0,0,0,0,0,175.95,-0.46388507,-0.0011,0.003,0.981,123.0,-0.2751130260886643,0.1870158438826367,-0.0007000000000000001,0.0058,38.0,0.0041,-0.008616237428479862,60.303422621695844,3.521588398612863,3.3705772388632154,0.15101115974964774,172.14186700000005
2025-06-18,0,0,0,0,0,0,0,0,173.32,-1.4947355,-0.0022,0.0051,1.305,185.0,0.1353943721881811,0.1733763269128492,-0.0011,0.0021000000000000003,62.0,0.007300000000000001,-0.01363951696978749,55.04149723581187,3.2063331890119002,3.3377284288929525,-0.13139523988105228,172.39005750000007
2025-06-19,0,1,0,0,0,0,0,0,173.32,0.0,-0.0224,0.005,1.348,204.0,0.18667956924937254,-0.07946277016960032,-0.0202,-0.00010000000000000026,19.0,0.0274,-0.25283909708244956,55.041497235811875,2.922798957113571,3.254742534537076,-0.33194357742350533,172.52288800000005
2025-06-20,0,0,1,1,0,0,0,0,166.64,-3.8541496,-0.0592,-0.0961,1.097,129.0,-0.1405939058843782,-0.5357149740370437,-0.0368,-0.10110000000000001,-75.0,-0.0369,-0.45625220386744336,43.78675474167262,2.1344710095337973,3.0306882295364206,-0.8962172200026233,172.44157300000003
2025-06-23,0,0,0,0,1,0,0,0,165.19,-0.8701384,-0.0049,-0.0074,0.36,60.0,-1.044379793104581,0.15390332968888779,0.0543,0.0887,-69.0,-0.0025000000000000005,0.6896183037259315,41.789257440752465,1.3768411815492811,2.6999188199389925,-1.3230776383897114,172.28775800000005
2025-06-24,0,0,0,0,0,0,0,0,166.77,0.95647573,-0.0032,0.0109,2.139,219.0,1.1364495525085232,0.1750649932196948,0.0016999999999999997,0.0183,159.0,0.0141,0.021161663530807007,44.74708212142505,0.8936059467289397,2.338656245296982,-1.4450502985680425,171.99171150000004
2025-06-25,0,0,0,0,0,0,0,0,170.68,2.3445368,0.0002,0.0065,1.538,235.0,0.37686957072542315,0.2179911445564141,0.0034000000000000002,-0.0044,16.0,0.0063,0.042926151336719315,51.33690002851555,0.8167281308813301,2.034270622413852,-1.2175424915325217,171.91813150000002
2025-06-26,0,0,0,0,0,0,0,0,173.54,1.6756535,-0.001,0.0115,1.196,210.0,-0.060908648179721546,0.20149503029197718,-0.0012000000000000001,0.005,-25.0,0.0125,-0.016496114264436923,55.516116351832025,0.9753369289393845,1.8224838837189583,-0.8471469547795738,172.01252200000005
2025-06-27,0,0,0,0,0,0,0,0,178.53,2.8754234,-0.0009,0.0129,1.194,160.0,-0.08353957761996493,0.19973577421725505,0.00010000000000000005,0.0014000000000000002,-50.0,0.0138,-0.001759256074722132,61.69695708932903,1.486550808569632,1.755297268689093,-0.26874646011946113,172.36240450000005
2025-06-30,0,0,0,0,0,0,0,0,176.23,-1.2883008,-0.0007,0.0047,0.903,57.0,-0.4621789979495919,0.2019208262629884,0.00019999999999999998,-0.008199999999999999,-103.0,0.0054,0.0021850520457333544,57.71629532048787,1.686657970005598,1.741569408952394,-0.054911438946796176,172.73262350000005
2025-07-01,0,0,0,0,0,0,0,0,175.84,-0.22130013,-0.0003,0.0032,0.833,200.0,-0.5402400990192514,0.2062034305859353,0.0004,-0.0015,143.0,0.0035,0.004282604322946887,57.044209774616974,1.7931048005323191,1.7518764872683792,0.04122831326393994,173.22567050000004
2025-07-02,0,0,0,0,0,0,0,0,178.64,1.5923619,-0.0252,-0.0126,1.438,144.0,0.26115556469634793,-0.10457197677570404,-0.0249,-0.0158,-56.0,0.0126,-0.31077540736163933,60.59222991822073,2.0794308950984544,1.8173873688343942,0.26204352626406013,173.76533050000006
2025-07-03,0,0,0,0,1,0,0,0,179.53,0.49821138,-0.0102,-0.0078,0.545,163.0,-0.8747913333620997,0.08798887596667276,0.015,0.0048000000000000004,19.0,0.002400000000000001,0.1925608527423768,61.67579300053251,2.3510603891876087,1.9241219729050372,0.42693841628257156,174.34149950000005
2025-07-04,0,0,0,0,0,0,0,0,179.53,0.0,-0.0167,-0.0114,0.297,86.0,-1.165147426494244,0.009011813890653867,-0.006499999999999999,-0.0036000000000000008,-77.0,0.005299999999999999,-0.0789770620760189,61.675793000532494,2.5370828088963435,2.0467141401032984,0.4903686687930451,174.64450000000005
2025-07-07,0,0,0,0,0,0,0,0,176.79,-1.5262127,-0.0035,-0.008,0.395,60.0,-1.0217581187445313,0.17738842772224572,0.0132,0.0034000000000000002,-26.0,-0.0045000000000000005,0.16837661383159186,56.162065092593785,2.4353387467434118,2.124439061431321,0.31089968531209067,174.67950000000005
2025-07-08,0,0,0,0,0,0,0,0,174.36,-1.374507,-0.0127,-0.0045,0.865,105.0,-0.3931994361977028,0.06002365789651721,-0.0092,0.0035000000000000005,45.0,0.008199999999999999,-0.11736476982572852,51.74401058430617,2.1340254359769233,2.1263563363404416,0.007669099636481658,174.46750000000006
2025-07-09,0,0,0,0,0,0,0,0,176.62,1.2961626,0.0005,0.007,2.208,188.0,1.3709037085742286,0.21128186768956858,0.0132,0.0115,83.0,0.006500000000000001,0.15125820979305138,55.26844058033154,2.0539192758496085,2.111868924242275,-0.057949648392666475,174.43100000000007
2025-07-10,0,0,0,0,0,0,0,0,177.62,0.5661845,-0.0038,0.0082,1.901,254.0,1.0089372301709845,0.1398708613433532,-0.0043,0.0012000000000000005,66.0,0.012,-0.07141100634621539,56.77286495517777,2.047523631580617,2.0989998657099433,-0.051476234129326226,174.52700000000007
2025-07-11,0,0,0,0,0,0,0,0,180.19,1.4469147,-0.0039,0.0041,0.943,193.0,-0.27738889006117234,0.06493192732259534,-9.999999999999983e-05,-0.0041,-61.0,0.008,-0.07493893402075785,60.453960772744985,2.224193441551307,2.1240385808782163,0.10015486067309087,174.80300000000005
2025-07-14,0,0,0,0,0,0,0,0,181.56,0.7603049,0.0004,0.0112,0.735,77.0,-0.5353231866865638,0.1267716546048463,0.0043,0.0070999999999999995,-116.0,0.0108,0.061839727282250956,62.29713807663161,2.446550774815506,2.1885410196656743,0.25800975514983193,175.04250000000008
2025-07-15,0,0,0,0,0,0,0,0,182.0,0.24234056,0.0001,0.0046,1.899,188.0,1.0392868685724284,0.09206942002658815,-0.00030000000000000003,-0.0066,111.0,0.0045,-0.03470223457825815,62.89528790177277,2.627981155295231,2.2764290467915855,0.3515521085036455,175.34500000000008
2025-07-16,0,0,0,0,0,0,0,0,182.97,0.5329728,0.0009,0.0066,1.522,244.0,0.5292727324305986,0.10432139434070603,0.0007999999999999999,0.002,56.0,0.0057,0.012251974314117883,64.24211315054855,2.817557878972565,2.3846548132277814,0.43290306574478343,175.82750000000004
2025-07-17,0,0,0,0,0,0,0,0,183.58,0.33339262,0.0012,0.0106,1.206,205.0,0.12949907472637148,0.10620271760378719,0.0002999999999999999,0.004,-39.0,0.0094,0.0018813232630811583,65.10003930011531,2.982638698047708,2.5042515901917666,0.47838710785594163,176.34050000000005
2025-07-18,0,0,0,0,0,0,0,0,185.06,0.8061886,0.0026,0.0059,0.638,144.0,-0.6341661998646881,0.4494280760270775,0.0014,-0.0047,-61.0,0.0033,0.3432253584232903,67.15883466801648,3.196048015578981,2.6426108752692095,0.5534371403097715,177.26150000000004
2025-07-21,0,0,1,0,0,0,0,0,190.1,2.7234435,-0.0154,0.0187,1.274,52.0,0.276427837702836,-0.19581511290980758,-0.018000000000000002,0.012800000000000002,-92.0,0.034100000000000005,-0.645243188936885,73.00006650254207,3.7288781302763994,2.8598643262706474,0.869013804005752,178.50700000000003
2025-07-22,0,1,1,0,1,0,0,1,191.34,0.65227747,0.0077,0.0391,1.798,216.0,1.0047565548358057,0.6348402111171375,0.023100000000000002,0.0204,164.0,0.031400000000000004,0.8306553240269451,74.2152039821679,4.202760663098843,3.1284435936362867,1.0743170694625563,179.73550000000006
2025-07-23,0,0,0,0,0,0,0,0,190.23,-0.5801201,0.0064,0.0343,3.121,234.0,2.678009692821902,0.5822246278428252,-0.0013,-0.004800000000000006,18.0,0.027899999999999998,-0.05261558327431226,71.12919903995034,4.437594434819005,3.3902737618728302,1.0473206729461744,180.71300000000005
2025-07-24,1,1,1,0,0,0,0,0,192.17,1.0198236,0.1631,0.3033,3.622,394.0,3.038096583093693,4.7668459785502595,0.1567,0.269,160.0,0.14020000000000002,4.184621350707435,73.22476107225184,4.725767966111789,3.657372602720622,1.0683953633911671,181.64450000000005
2025-07-25,0,0,0,0,0,0,0,0,193.18,0.5255699,0.1605,0.1629,1.551,300.0,0.44235602203315894,3.949882300470541,-0.002599999999999991,-0.14040000000000002,-94.0,0.0023999999999999855,-0.8169636780797185,74.27178283480794,4.9782598442915,3.9215500510347976,1.0567097932567027,182.37700000000004
2025-07-28,0,0,0,0,0,0,0,0,192.58,-0.31058788,0.0079,0.0149,1.242,122.0,0.042579269885948005,0.2873426635373226,-0.1526,-0.148,-178.0,0.006999999999999999,-3.6625396369332184,72.45906731409909,5.071485562588492,4.1515371533455365,0.9199484092429557,183.19450000000003
2025-07-29,0,0,0,0,0,0,0,0,195.75,1.6460657,-0.0025,0.0195,1.442,216.0,0.294956172247747,0.03596062668555802,-0.010400000000000001,0.0046,94.0,0.022,-0.2513820368517645,75.81724910066508,5.33960844088287,4.389151410853003,0.9504570300298667,184.19000000000003
2025-07-30,0,0,0,0,0,0,0,0,196.53,0.39846897,0.0013,0.0164,1.903,241.0,0.8951874941489338,0.1243498051322596,0.0038,-0.0030999999999999986,25.0,0.015100000000000002,0.08838917844670158,76.5741532394611,5.551048206602019,4.621530770002806,0.9295174365992125,185.08450000000005
2025-07-31,0,0,0,0,0,0,0,0,191.9,-2.3558795,0.0013,0.0164,1.903,241.0,0.9066098622425751,0.05630032811212894,0.0,0.0,0.0,0.015100000000000002,-0.06804947702013066,63.807477561823355,5.284101604739789,4.754044936950203,0.5300566677895855,185.70300000000003
2025-08-01,0,0,0,0,0,0,0,0,189.13,-1.4434516,0.0013,0.0164,1.903,241.0,0.9025422736166451,0.03335045926073161,0.0,0.0,0.0,0.015100000000000002,-0.022949868851397333,57.618215293962315,4.793769063625604,4.761989762285284,0.03177930134032003,186.18300000000005
2025-08-04,0,0,0,0,0,0,0,0,195.04,3.124833,0.0013,0.0164,1.903,241.0,0.8773090542040172,0.007178657228470488,0.0,0.0,0.0,0.015100000000000002,-0.026171802032261122,65.34248056832061,4.826428536386572,4.7748775171055415,0.051551019281030896,187.09550000000004
2025-08-05,0,0,0,0,0,0,0,0,194.67,-0.1897037,0.0013,0.0164,1.903,241.0,0.8670868576303613,-0.004736323337375607,0.0,0.0,0.0,0.015100000000000002,-0.011914980565846094,64.54930660924396,4.7674987382775385,4.773401761339941,-0.005903023062402646,188.11100000000005
2025-08-06,0,0,0,0,0,0,0,0,196.09,0.72944164,0.0013,0.0164,1.903,241.0,0.8490329669270038,-0.008634858408178014,0.0,0.0,0.0,0.015100000000000002,-0.003898535070802407,66.24290042216708,4.780274551858469,4.774776319443647,0.005498232414821835,189.08450000000005
2025-08-07,0,0,0,0,0,0,0,0,196.52,0.21928549,0.0013,0.0164,1.903,241.0,0.8242709862760691,-0.01000450118272677,0.0,0.0,0.0,0.015100000000000002,-0.0013696427745487558,66.7607463700623,4.77011002344625,4.773843060244167,-0.003733036797917144,190.02950000000004
2025-08-08,0,0,0,0,0,0,0,0,201.42,2.4933815,0.0013,0.0164,1.903,241.0,0.7961884012806176,-0.01090001093630978,0.0,0.0,0.0,0.015100000000000002,-0.0008955097535830094,72.02684732879227,5.098669324280621,4.838808313051458,0.2598610112291633,191.09100000000007
2025-08-11,0,0,0,0,0,0,0,0,201.0,-0.20852089,0.0013,0.0164,1.903,241.0,0.768974905037819,-0.012639121113787243,0.0,0.0,0.0,0.015100000000000002,-0.0017391101774774636,70.98868576149073,5.264478812691806,4.923942412979527,0.34053639971227856,192.06300000000005
2025-08-12,0,0,0,0,0,0,0,0,203.34,1.1641741,0.0013,0.0164,1.903,241.0,0.787242972516551,-0.013745761079379934,0.0,0.0,0.0,0.015100000000000002,-0.0011066399655926904,73.29791459969275,5.521059137655641,5.04336575791475,0.47769337974089066,193.13000000000005
2025-08-13,0,0,0,0,0,0,0,0,201.96,-0.6786585,0.0013,0.0164,1.903,241.0,0.8601385809061832,-0.015010748207409602,0.0,0.0,0.0,0.015100000000000002,-0.0012649871280296689,69.77078752489554,5.549080085844935,5.144508623500787,0.40457146234414765,194.07950000000008
2025-08-14,0,0,0,0,0,0,0,0,202.94,0.4852414,0.0013,0.0164,1.903,241.0,0.8559044765900179,-0.012694965080839888,0.0,0.0,0.0,0.015100000000000002,0.002315783126569715,70.84376976024159,5.585973078462217,5.232801514493073,0.35317156396914395,195.04750000000007
2025-08-15,0,0,0,0,0,0,0,0,203.9,0.4730463,0.0013,0.0164,1.903,241.0,0.8273729365818432,-0.019413489546738768,0.0,0.0,0.0,0.015100000000000002,-0.00671852446589888,71.8961235439197,5.627801228479058,5.3118014572902705,0.3159997711887872,195.98950000000008
2025-08-18,0,0,0,0,0,0,0,0,203.5,-0.1961708,0.0013,0.0164,1.903,241.0,0.7991896583276741,-0.0204697036916922,0.0,0.0,0.0,0.015100000000000002,-0.001056214144953431,70.75026266069604,5.564529252241755,5.362347016280568,0.20218223596118712,196.6595000000001
2025-08-19,0,0,0,0,0,0,0,0,201.57,-0.9483993,0.0013,0.0164,1.903,241.0,0.7720578672362686,-0.02126182147503,0.0,0.0,0.0,0.015100000000000002,-0.0007921177833378028,65.33920380083806,5.297583638355064,5.349394340695467,-0.051810702340402415,197.1710000000001
2025-08-20,0,0,0,0,0,0,0,0,199.32,-1.11624,0.0013,0.0164,1.903,241.0,0.7453403328340866,-0.02581810938282697,0.0,0.0,0.0,0.015100000000000002,-0.004556287907796969,59.61494522693113,4.848579711368586,5.24923141483009,-0.400651703461504,197.6255000000001
2025-08-21,0,0,0,0,0,0,0,0,199.75,0.21573305,0.0013,0.0164,1.903,241.0,0.7191700115828401,-0.02889110823292595,0.0,0.0,0.0,0.015100000000000002,-0.003072998850098981,60.33022470762253,4.475843532545923,5.0945538383732565,-0.6187103058273333,198.0045000000001
