,sig1,sig2,sig3,sig4,sig5,sig6,sig7,sig8,price,return,news_sent,twit_sent,news_heat,neutral_news,news_heat_z,news_sent_z,delta_news,delta_twit,delta_ntr,gap,z_diff,rsi,macd,macd_signal,macd_hist,sma_20
2015-02-18,0,1,1,0,1,0,0,0,76.291466,1.4682531,0.1206,0.0222,1.333,150.0,0.01316028029901006,0.38887978832716474,0.1588,0.0189,80.0,-0.0984,0.9627532635871952,51.21215976975344,-0.12523072962048332,-0.20112039002328982,0.07588966040280651,75.64351725
2015-02-19,0,1,0,0,0,0,0,0,78.98667,3.5327792,0.0421,0.023,1.75,162.0,0.5778760748611314,-0.09522170041731627,-0.0785,0.0007999999999999986,12.0,-0.0191,-0.484101488744481,62.45436615171048,0.15521025669610822,-0.1298542606794102,0.2850645173755184,75.73153325000001
2015-02-20,0,0,1,0,1,0,0,0,79.459076,0.5980849,0.204,0.0414,1.125,131.0,-0.28945152485537556,0.8975961717816131,0.1619,0.0184,-31.0,-0.1626,0.9928178721989294,64.01937607820727,0.410845009431938,-0.021714406657140542,0.43255941608907855,75.83421905000002
2015-02-23,0,0,1,0,0,0,0,0,78.40982,-1.3204813,0.0423,0.0043,0.792,67.0,-0.7440766452111237,-0.1182398100179707,-0.16169999999999998,-0.0371,-64.0,-0.038,-1.015835981799584,58.21514882760926,0.5227453198724703,0.08717753864878162,0.43556778122368867,75.90110105000002
2015-02-24,0,1,1,0,1,0,1,0,78.021965,-0.49467087,0.0666,-0.0281,0.917,127.0,-0.5566236767045328,0.036323172680843695,0.02430000000000001,-0.0324,60.0,-0.0947,0.15456298269881438,56.187263161018834,0.5735192916435778,0.18444588924774086,0.389073402395837,76.03387230000001
2015-02-25,0,1,0,0,0,0,0,0,79.12591,1.4149189,0.0293,0.0175,1.125,151.0,-0.2546005571396968,-0.2022487025893147,-0.03730000000000001,0.0456,24.0,-0.011799999999999998,-0.2385718752701584,60.41405795364439,0.6948276251777088,0.2865222364337344,0.4083053887439744,76.19896680000002
2015-02-26,0,0,1,0,1,0,0,0,79.971275,1.0683894,0.1128,0.0179,1.167,129.0,-0.19109526235205607,0.34003705314754223,0.08349999999999999,0.0003999999999999976,-22.0,-0.0949,0.542285755736857,63.33139544544009,0.8493880275172359,0.3990953946504347,0.45029263286680116,76.31880930000003
2015-02-27,0,1,1,0,0,0,0,0,78.53912,-1.7908275,0.0543,0.0183,0.958,231.0,-0.49118223323111593,-0.04705897146060959,-0.058499999999999996,0.00040000000000000105,102.0,-0.036000000000000004,-0.38709602460815185,55.82540488057928,0.8465567412873298,0.4885876639778137,0.3579690773095161,76.47097360000001
2015-03-02,0,0,1,0,0,0,0,0,79.31487,0.9877205,0.0543,0.0104,1.375,75.0,0.12686898787001266,-0.04650794972678888,0.0,-0.0079,-156.0,-0.0439,0.0005510217338207113,58.6819754054033,0.8965743177022176,0.5701849947226945,0.32638932297952317,76.7076756
2015-03-03,0,0,1,0,0,0,0,0,79.16569,-0.18808842,0.0543,0.0012,0.792,247.0,-0.7364558614991696,-0.045975827737709196,0.0,-0.0092,172.0,-0.0531,0.0005321219890796827,57.90649090379545,0.9136441075691124,0.6388768172919781,0.2747672902771343,76.9165296
2015-03-04,0,0,1,0,0,0,0,0,80.45362,1.6268849,0.0543,0.0042,0.583,147.0,-1.0275758585390915,-0.045461549983870586,0.0,0.003,-100.0,-0.0501,0.0005142777538386101,62.512466234332656,1.0193468305979536,0.7149708199531732,0.30437601064478037,77.1783431
2015-03-05,0,1,1,0,0,0,0,0,80.76691,0.38939714,-0.0454,0.0082,0.625,286.0,-0.9436816063672117,-0.7265647065983243,-0.09970000000000001,0.004000000000000001,139.0,0.0536,-0.6811031566144536,63.55708667683485,1.1155376611123131,0.7950841881850013,0.32045347292731186,77.4565671
2015-03-06,0,0,0,0,0,0,0,0,79.56848,-1.48381,0.0,0.0081,0.0,128.0,-1.7986536040828067,-0.4038839082763759,0.0454,-0.00010000000000000113,-158.0,0.0081,0.3226807983219484,57.0123602988218,1.0825869139527668,0.8525847333385543,0.23000218061421251,77.7318066
2015-03-09,0,0,0,0,0,0,0,0,79.00657,-0.7062018,0.0,0.0116,0.0,74.0,-1.7203415587371393,-0.3989515426522834,0.0,0.0034999999999999996,-54.0,0.0116,0.004932365624092494,54.1944874157911,0.9996088993525234,0.8819895665413482,0.1176193328111752,77.9804426
2015-03-10,0,0,0,0,0,0,0,0,77.126884,-2.3791552,0.0,0.0064,0.75,94.0,-0.6321010669784194,-0.3941961136676125,0.0,-0.005199999999999999,20.0,0.0064,0.004755428984670906,46.00333635119882,0.7732596184053051,0.8602435769141396,-0.08698395850883445,78.0977993
2015-03-11,0,0,1,0,1,0,0,0,77.146774,0.02578497,0.1257,-0.004,0.25,85.0,-1.3173627931107554,0.503221055037761,0.1257,-0.0104,-9.0,-0.1297,0.8974171687053736,46.09617814876283,0.5886950294192417,0.8059338674151599,-0.21723883799591825,78.15051000000001
2015-03-12,0,0,1,0,0,0,0,0,78.499344,1.7532587,-0.0591,-0.014,0.25,79.0,-1.281882148777973,-0.8220224428511388,-0.18480000000000002,-0.01,-6.0,0.0451,-1.3252434978888998,52.12453891275993,0.5452816901347859,0.7538034319590852,-0.20852174182429928,78.2847732
2015-03-13,0,0,1,0,0,0,0,0,77.62415,-1.1149108,-0.3275,0.0188,0.458,51.0,-0.9664865277290773,-2.556997192634625,-0.2684,0.0328,-28.0,0.3463,-1.7349747497834862,48.356110238905806,0.43523830818672593,0.6900904072046133,-0.2548520990178874,78.39964320000001
2015-03-16,0,1,1,0,1,0,0,0,77.644035,0.025618076,0.1501,0.0018,0.875,63.0,-0.36767491593143115,0.6983500659547863,0.4776,-0.017,12.0,-0.14830000000000002,3.2553472585894117,48.44730615374912,0.34564827038484225,0.6212019798406592,-0.2755537094558169,78.51550745000002
2015-03-17,0,1,1,0,0,0,0,0,78.93198,1.6587615,0.0821,0.0163,1.5,81.0,0.5250899905950683,0.22881750664217673,-0.068,0.014499999999999999,18.0,-0.06580000000000001,-0.4695325593126096,54.100812015942715,0.3742596849801174,0.5718135208685509,-0.19755383588843345,78.70273045000002
2015-03-18,0,1,1,0,0,0,0,0,80.468544,1.9467115,0.2057,0.0034,1.417,126.0,0.40053309433387424,1.064298619734745,0.12359999999999999,-0.012899999999999998,45.0,-0.2023,0.8354811130925683,59.769241215634494,0.5149858737943163,0.5604479914537039,-0.04546211765938768,78.91158435000003
2015-03-19,0,0,1,0,0,0,0,0,82.2985,2.2741318,-0.1163,0.0171,1.625,90.0,0.69478254763829,-1.1407680015352977,-0.322,0.0137,-36.0,0.1334,-2.205066621270043,65.27015946005092,0.7653520459559218,0.6014288023541475,0.16392324360177424,79.07717585000003
2015-03-20,0,0,1,0,1,0,0,0,83.34278,1.2688875,0.2007,0.0624,1.583,78.0,0.6253053231809025,1.0281978432894137,0.317,0.04529999999999999,-12.0,-0.13829999999999998,2.1689658448247116,67.96230895125156,1.0360903056727864,0.6883611030178753,0.34772920265491103,79.27136105000002
2015-03-23,0,0,1,0,0,0,1,0,83.969345,0.75178146,-0.0743,0.0552,1.25,47.0,0.13279651258181324,-0.8556453279185637,-0.275,-0.007199999999999998,-31.0,0.1295,-1.8838431712079773,69.49045870306303,1.2863822720529754,0.8079653368248954,0.47841693522808004,79.54933730000002
2015-03-24,1,1,1,0,1,0,0,1,84.84454,1.0422826,0.0671,0.0178,1.875,186.0,1.043811165827364,0.12101803099447453,0.14140000000000003,-0.0374,139.0,-0.04930000000000001,0.9766633589130382,71.53299535417165,1.537636464834577,0.9538995624268317,0.5837369024077453,79.89046605000003
2015-03-25,0,1,0,0,0,0,0,0,82.46758,-2.8015494,0.0471,0.0273,2.458,194.0,1.8378454948511602,-0.018329378889757306,-0.020000000000000004,0.009500000000000001,8.0,-0.0198,-0.13934740988423183,59.81967642330531,1.5273500749645024,1.0685896649343658,0.45876041003013657,80.05754955000003
2015-03-26,0,1,0,0,0,0,0,0,82.55708,0.10854006,0.0299,0.002,2.042,372.0,1.2069788850110406,-0.13817958757869453,-0.017200000000000003,-0.025300000000000003,178.0,-0.0279,-0.11985020868893723,60.08470866276298,1.509024839881505,1.1566766999237936,0.3523481399577113,80.18683980000003
2015-03-27,0,0,1,0,0,0,0,0,82.84551,0.34935474,0.0489,0.005,1.208,235.0,-0.028208650050634956,-0.010541597908645919,0.019,0.003,-137.0,-0.0439,0.1276379896700486,60.97800755400563,1.5004792586639866,1.2254372116718322,0.2750420469921544,80.40215930000004
2015-03-30,0,0,1,0,1,0,0,0,82.741066,-0.1260519,0.0827,0.0157,0.667,42.0,-0.8022693094877118,0.21758796370168032,0.0338,0.010699999999999998,-193.0,-0.067,0.22812956161032624,60.45043201670271,1.468352808893414,1.2740203311161484,0.19433247777726548,80.57346910000004
2015-03-31,0,1,1,0,0,0,0,0,81.76643,-1.1779606,0.1328,0.013,0.958,105.0,-0.3592167290253933,0.5803012636603696,0.050100000000000006,-0.0026999999999999993,63.0,-0.1198,0.3627132999586893,55.614879986557476,1.3487004074048485,1.2889563463738885,0.05974406103096008,80.70350610000004
2015-04-01,0,1,1,0,0,0,0,0,81.21943,-0.66897273,0.0795,0.0055,0.542,119.0,-0.9581559982302564,0.196806087194599,-0.0533,-0.0075,14.0,-0.074,-0.3834951764657706,53.050030691204206,1.1959505155559214,1.270355180210295,-0.07440466465437368,80.74179660000004
2015-04-02,0,0,0,0,0,0,0,0,81.110016,-0.13469458,0.0669,0.0441,0.875,116.0,-0.4649849185954071,0.10782401099204077,-0.0126,0.0386,-3.0,-0.0228,-0.08898207620255823,52.528195240092614,1.053917426323224,1.2270676294328808,-0.1731502031096568,80.75895190000004
2015-04-03,0,0,1,0,0,0,0,0,81.110016,0.0,0.1348,0.0126,0.0,82.0,-1.6748041309191128,0.5884524409740867,0.0679,-0.0315,-34.0,-0.1222,0.4806284299820459,52.528195240092614,0.9306274854563128,1.1677796006375671,-0.23715211518125434,80.83602870000006
2015-04-06,0,0,1,0,0,0,1,0,81.990204,1.0851622,-0.0212,0.0242,0.875,50.0,-0.4135987868774416,-0.5174839509329847,-0.156,0.0116,-32.0,0.045399999999999996,-1.1059363919070715,56.5186540638026,0.8936417883616627,1.1129520381823863,-0.21931024982072356,80.98521040000006
2015-04-07,0,1,1,0,0,0,0,0,81.87086,-0.14556646,-0.0939,0.0095,0.917,80.0,-0.332635827809762,-1.0039299997220075,-0.0727,-0.0147,30.0,0.10339999999999999,-0.48644604878902276,55.83333862043889,0.8449601192605911,1.0593536543980273,-0.2143935351374362,81.22240920000004
2015-04-08,0,1,1,0,0,0,0,0,81.8261,-0.05466342,-0.0406,0.0045,0.583,107.0,-0.7921523014998716,-0.6155786522818624,0.0533,-0.005,27.0,0.045099999999999994,0.3883513474401451,55.56122848489561,0.7936194369818566,1.0062068109147932,-0.2125873739329367,81.45637550000005
2015-04-09,0,0,1,0,0,0,0,0,81.72167,-0.12762547,-0.084,-0.1835,0.708,94.0,-0.5804225166643404,-0.9005570518344214,-0.04340000000000001,-0.188,-13.0,-0.09949999999999999,-0.284978399552559,54.889092641320424,0.7360205612707915,0.9521695609859929,-0.2161489997152014,81.61749180000004
2015-04-10,0,0,1,0,0,0,0,0,81.59237,-0.15820265,-0.4474,-0.0038,0.375,78.0,-1.0718378255491565,-3.0911794859288295,-0.3634,0.1797,-16.0,0.4436,-2.1906224340944083,54.01776842303892,0.6721910083772684,0.896173850464248,-0.2239828420869796,81.81590280000003
2015-04-13,0,0,0,0,0,0,0,0,82.55708,1.1823535,0.0252,0.0039,0.542,46.0,-0.8330262585755563,-0.07320240304934643,0.4726,0.0077,-32.0,-0.0213,3.017977082879483,59.21930116226308,0.6914787261002715,0.8552348255914527,-0.1637560994911812,82.06155505000004
2015-04-14,0,1,1,0,1,0,0,0,83.05933,0.60836077,0.1325,0.0206,0.958,71.0,-0.17575331271658653,0.592730002655272,0.1073,0.0167,25.0,-0.1119,0.6659324057046184,61.65149181119379,0.738775613477543,0.8319429831686708,-0.09316736969112782,82.26792255000004
2015-04-15,0,1,1,0,0,0,0,0,82.25375,-0.9698808,0.0749,0.0271,1.125,129.0,0.09171510788963709,0.22772818814767856,-0.05760000000000001,0.006499999999999999,58.0,-0.047799999999999995,-0.3650018145075934,55.89342034560245,0.7031496920383375,0.8061843249426042,-0.10303463290426662,82.35718285000004
2015-04-16,0,1,1,0,0,0,1,0,81.8609,-0.47760606,0.0428,-0.0498,0.75,149.0,-0.4745687018739333,0.008760495602939405,-0.0321,-0.0769,20.0,-0.09259999999999999,-0.21896769254473916,53.28005062437218,0.6358860818846779,0.7721246763310189,-0.136238594446341,82.33530285000003
2015-04-17,0,0,1,0,0,0,0,0,80.33428,-1.8648982,0.0476,0.0061,0.917,130.0,-0.21517647010561497,0.03975449722247327,0.004800000000000006,0.0559,-19.0,-0.0415,0.030994001619533862,44.5607519778669,0.4541584547627622,0.7085314320173676,-0.2543729772546054,82.18487785000003
2015-04-20,0,0,1,0,0,0,0,0,82.63665,2.865982,0.085,0.0258,1.542,84.0,0.7522824829866227,0.27549923730791365,0.0374,0.0197,-46.0,-0.0592,0.23574474008544039,56.20201089977574,0.49026850810298583,0.6648788472344912,-0.17461033913150537,82.11824310000003
2015-04-21,0,1,1,0,0,0,1,0,83.16376,0.63786507,0.1433,-0.092,1.792,102.0,1.3042501371685227,0.6252270967407428,0.058300000000000005,-0.1178,18.0,-0.2353,0.3497278594328292,58.357898324223115,0.5550214158982811,0.6429073609672492,-0.08788594506896807,82.03420410000003
2015-04-22,1,1,1,0,0,0,0,0,84.16824,1.2078404,0.143,0.0184,2.792,135.0,2.933896776113323,0.6004839203642443,-0.00030000000000002247,0.1104,33.0,-0.12459999999999999,-0.024743176376498588,62.178528901357154,0.6795581793743963,0.6502375246486787,0.029320654725717654,82.11923710000002
2015-04-23,0,1,1,0,0,0,0,0,81.96035,-2.6231766,0.3662,0.1168,2.75,300.0,2.8529054688510342,2.2305823069421447,0.22320000000000004,0.0984,165.0,-0.2494,1.6300983865779004,51.0840155504121,0.5932574877460013,0.6388415172681432,-0.04558402952214191,82.08940060000002
2015-04-24,0,0,1,0,0,0,0,0,81.08516,-1.0678351,0.5505,0.0316,1.208,104.0,0.2952919073944388,3.6823849784225096,0.18429999999999996,-0.0852,-196.0,-0.5189,1.451802671480365,47.46840185828424,0.44906649017109146,0.6008865118487329,-0.15182002167764141,82.00138310000003
2015-04-27,0,0,1,0,0,0,0,0,81.46309,0.4660964,0.0949,0.0503,0.75,41.0,-0.46278355302876406,0.31907743060383026,-0.4556,0.018699999999999994,-63.0,-0.0446,-3.363307547818679,49.142368610147216,0.3611270306446386,0.552934615607914,-0.19180758496327543,81.93748430000002
2015-04-28,0,1,1,0,0,0,0,0,80.2398,-1.5016496,0.0945,0.0104,0.833,130.0,-0.31437632510289687,0.3280779143524695,-0.0003999999999999976,-0.0399,89.0,-0.08410000000000001,0.009000483748639265,44.22944057845757,0.1905287984726982,0.4804534521808709,-0.28992465370817266,81.86115280000003
2015-04-29,0,0,1,0,0,0,1,0,80.02597,-0.26649237,0.042,-0.0633,1.125,125.0,0.17314338936962098,-0.06878352696589402,-0.0525,-0.07369999999999999,-5.0,-0.1053,-0.39686144131836354,43.41243992064577,0.03764028268587083,0.3918908182818709,-0.35425053559600006,81.80147980000001
2015-04-30,0,1,1,0,0,0,1,0,78.34022,-2.1065056,0.0391,-0.0261,1.0,130.0,-0.040726413263261305,-0.10089710582198605,-0.0029,0.0372,5.0,-0.06520000000000001,-0.032113578856092034,37.527174636462355,-0.2170488995708837,0.27010287471132,-0.4871517742822037,81.66299000000001
2015-05-01,0,0,1,0,0,0,1,0,78.55902,0.27929544,0.0476,-0.0357,0.75,75.0,-0.4594352542152264,-0.026672870191723028,0.0085,-0.009600000000000001,-55.0,-0.08330000000000001,0.07422423563026302,38.68896909280923,-0.3966640833951658,0.13674948309002283,-0.5334135664851887,81.53544020000001
2015-05-04,0,1,1,0,1,0,0,0,78.38,-0.22787452,0.0599,0.0002,1.167,103.0,0.22461189854678254,0.0817975849754177,0.012299999999999998,0.0359,28.0,-0.0597,0.10847045516714073,38.065226375833255,-0.5471486395720717,-3.014144239610328e-05,-0.5471184981296756,81.35493000000001
2015-05-05,0,1,0,0,0,0,0,0,77.13682,-1.5860915,0.0114,0.0016,1.375,177.0,0.5590019515711506,-0.2953518421854461,-0.0485,0.0014,74.0,-0.0098,-0.37714942716086375,33.96955306379131,-0.7579853871229716,-0.1516211905785112,-0.6063641965444604,81.11822800000002
2015-05-06,0,0,0,0,0,0,0,0,77.673874,0.69624186,-0.0238,-0.0047,1.417,149.0,0.6136943501458977,-0.5517059731539982,-0.0352,-0.0063,-28.0,0.019100000000000002,-0.2563541309685521,37.11727850898188,-0.8716909484563189,-0.2956351421540727,-0.5760558063022462,80.91061670000002
2015-05-07,0,1,0,0,0,0,0,0,77.99711,0.4161358,0.0294,0.0027,1.042,242.0,-0.007616158419066605,-0.1479111691224724,0.0532,0.0074,93.0,-0.026699999999999998,0.4037948040315258,39.0020314563962,-0.9250574942478949,-0.42151961257283715,-0.5035378816750578,80.72438870000002
2015-05-08,0,0,0,0,0,0,0,0,78.081635,0.108385086,0.0264,0.0022,0.583,186.0,-0.7528005628783105,-0.17631885014269386,-0.002999999999999999,-0.0005,-56.0,-0.0242,-0.028407681020221454,39.512581468868916,-0.9495841897341961,-0.5271325280051089,-0.4224516617290872,80.54885195000001
2015-05-11,0,0,0,0,0,0,0,0,77.58438,-0.6368637,0.0095,0.0014,0.75,55.0,-0.5070293861308764,-0.30488461689680296,-0.0169,-0.0008000000000000001,-131.0,-0.0081,-0.1285657667541091,37.52283724877768,-0.9976458549757865,-0.6212351933992444,-0.3764106615765421,80.30021695000002
2015-05-12,0,1,0,0,0,0,0,0,77.03737,-0.7050395,-0.0193,-0.0157,1.042,95.0,-0.007779408891908665,-0.5263786190190837,-0.0288,-0.017099999999999997,40.0,0.0036000000000000025,-0.2214940021222807,35.410355686487684,-1.0675679476297262,-0.7105017442453407,-0.35706620338438544,79.99911895000001
2015-05-13,0,1,1,0,1,0,0,1,78.01202,1.2651682,0.0571,-0.0002,1.958,168.0,1.5129837942717221,0.061864479201135844,0.0764,0.015499999999999998,73.0,-0.0573,0.5882430982202195,41.70755754279965,-1.0324343399069846,-0.7748882633776695,-0.25754607652931516,79.78703245000001
2015-05-14,0,0,1,0,0,0,0,0,80.92604,3.7353396,0.0342,0.0039,1.833,167.0,1.2969954612630898,-0.11141526678028388,-0.022899999999999997,0.0040999999999999995,-1.0,-0.0303,-0.1732797459814197,55.634569447653035,-0.7606849396694173,-0.772047598636019,0.011362658966601713,79.74028945000002
2015-05-15,0,0,1,0,1,0,0,0,79.98122,-1.1675119,0.1047,0.0448,1.0,141.0,-0.09421010983920537,0.4423171268022469,0.07050000000000001,0.0409,-26.0,-0.0599,0.5537323935825308,51.35072669131755,-0.6144773475782301,-0.7405335484244613,0.12605620084623115,79.72263645000001
2015-05-18,0,0,1,0,0,0,0,0,80.438705,0.57199,-0.0644,0.004,0.625,55.0,-0.7154673920611468,-0.8393319062969457,-0.1691,-0.0408,-86.0,0.0684,-1.2816490330991925,53.22866374904744,-0.4564301190443558,-0.6837128625484402,0.2272827435040844,79.61273920000002
2015-05-19,0,1,1,0,1,0,0,0,80.19008,-0.30909777,0.0628,0.0068,0.75,121.0,-0.5012350531027222,0.13344365491354965,0.12719999999999998,0.0027999999999999995,66.0,-0.055999999999999994,0.9727755612104954,52.052682463962526,-0.3472357933378163,-0.6164174487063154,0.26918165536849914,79.46405520000003
2015-05-20,0,1,0,0,0,0,0,0,80.11051,-0.09921193,0.0196,0.0059,0.625,182.0,-0.6929129285394094,-0.19551434438729992,-0.043199999999999995,-0.0008999999999999998,61.0,-0.0137,-0.32895799930084957,51.65932012463104,-0.2640750447832687,-0.5459489679217061,0.2818739231384374,79.26116870000003
2015-05-21,0,0,1,0,0,0,0,0,80.0409,-0.08690357,-0.041,0.0047,0.542,97.0,-0.8091121902090324,-0.6382971616283805,-0.0606,-0.0011999999999999997,-85.0,0.045700000000000005,-0.44278281724108054,51.29412560393711,-0.20146414440823435,-0.47705200321901176,0.2755878588107774,79.16519620000003
2015-05-22,0,0,0,0,0,0,0,0,80.100555,0.07455349,0.0133,0.0014,0.458,83.0,-0.9272416158913847,-0.2185091244848518,0.0543,-0.0033,-14.0,-0.011899999999999999,0.41978803714352864,51.60983865581634,-0.14535532907841286,-0.410712668390892,0.2653573393124791,79.11596595000002
2015-05-25,0,0,1,0,0,0,0,0,80.100555,0.0,0.0352,-0.0165,0.042,67.0,-1.5445368696194197,-0.04896730681801464,0.021900000000000003,-0.0179,-16.0,-0.0517,0.16954181766683715,51.609838655816354,-0.09973896004134986,-0.3485179267209836,0.24877896667963373,79.04783920000003
2015-05-26,0,1,0,0,0,0,0,0,78.902145,-1.4961541,-0.0296,-0.0005,0.25,70.0,-1.1818197082107174,-0.5315464128723134,-0.0648,0.016,3.0,0.0291,-0.48257910605429877,44.83828768201151,-0.15846267136511472,-0.31050687564980983,0.15204420428469512,78.98095645000002
2015-05-27,0,1,1,0,0,0,0,0,80.11051,1.5314817,0.0361,-0.0115,0.667,88.0,-0.520892436473933,-0.029047323475623495,0.06570000000000001,-0.011,18.0,-0.0476,0.50249908939669,51.717279318692846,-0.10627164552059298,-0.26965982962396645,0.16338818410337347,78.98518345000002
2015-05-28,0,0,1,0,0,0,0,0,79.70772,-0.50280094,0.0365,0.0015,0.5,113.0,-0.7819738042861345,-0.03652746996461194,0.0003999999999999976,0.013,25.0,-0.034999999999999996,-0.0074801464889884435,49.501284519382914,-0.09630156378462118,-0.2349881764560974,0.13868661267147622,79.05355845000001
2015-05-29,0,0,1,0,1,0,0,0,78.757935,-1.1915803,0.0676,0.0011,0.333,70.0,-1.0691099064894873,0.1926243453870198,0.031099999999999996,-0.00039999999999999996,-43.0,-0.06649999999999999,0.22915181535163176,44.643657712653805,-0.1631591172532012,-0.22062236461551815,0.05746324736231695,79.06350420000003
2015-06-01,0,0,1,0,0,0,0,0,79.85194,1.3890624,-0.0614,0.0097,0.792,37.0,-0.35925295825418624,-0.7824176140108556,-0.129,0.0086,-33.0,0.0711,-0.9750419593978754,50.65078223644964,-0.12640997404763255,-0.20177988650194104,0.07536991245430849,79.13710120000003
2015-06-02,0,1,1,0,1,0,0,0,80.00607,0.19304752,0.0529,0.0044,1.292,144.0,0.4481627817661689,0.08102155948183723,0.11430000000000001,-0.0053,107.0,-0.0485,0.8634391734926928,51.45013744343384,-0.08388207012249893,-0.17820032322605261,0.09431825310355368,79.28056370000003
2015-06-03,0,1,1,0,0,0,0,0,81.990204,2.4799585,0.1088,-0.0037,1.042,151.0,0.015564273208326648,0.5096722717743573,0.05589999999999999,-0.0081,7.0,-0.11249999999999999,0.42865071229252005,60.353145668028354,0.10867192947836202,-0.12082587268516969,0.22949780216353172,79.49638020000002
2015-06-04,0,0,1,0,0,0,0,0,81.60232,-0.47307014,0.1158,0.0222,0.917,112.0,-0.21451283520107728,0.5422456022038854,0.007000000000000006,0.0259,-39.0,-0.0936,0.03257333042952815,58.10971294827285,0.22735258523997004,-0.05119018110014173,0.27854276634011177,79.67664070000002
2015-06-05,0,1,1,0,0,0,0,0,81.691826,0.10968447,0.0754,0.0016,0.875,171.0,-0.2996519498752662,0.19607956388600345,-0.040400000000000005,-0.0206,59.0,-0.07379999999999999,-0.34616603831788195,58.4931270844336,0.324885172115998,0.024024889543086222,0.30086028257291175,79.85715025000002
2015-06-08,0,0,1,0,0,0,0,0,80.22985,-1.7896295,0.0644,0.0024,0.833,72.0,-0.36992437278490153,0.11783509788567406,-0.010999999999999996,0.0007999999999999997,-99.0,-0.062,-0.07824446600032939,50.38164995082758,0.28097233081240347,0.07541437779694968,0.2055579530154538,79.98942375000001
2015-06-09,0,0,1,0,0,0,0,0,80.22985,0.0,0.056,0.0022,0.958,94.0,-0.14216796790963224,0.05183939054677482,-0.008399999999999998,-0.00019999999999999966,22.0,-0.0538,-0.06599570733889924,50.38164995082758,0.24336571918351524,0.1090046460742628,0.13436107310925244,80.14904775000001
2015-06-10,0,1,1,0,0,0,0,0,81.71172,1.8470407,0.0791,0.0395,0.917,105.0,-0.19876596079154524,0.2646248828010003,0.023100000000000002,0.0373,11.0,-0.0396,0.2127854922542255,57.33654197211607,0.32934030301635175,0.15307177746268058,0.17626852555367117,80.33403275000002
2015-06-11,0,1,1,0,0,0,0,0,81.38352,-0.40165782,0.0731,0.0085,2.042,153.0,1.6945632462379132,0.19069624339517882,-0.006000000000000005,-0.031,48.0,-0.06459999999999999,-0.0739286394058215,55.481683170647614,0.3667649450162429,0.19581041097339305,0.17095453404284985,80.35690675000002
2015-06-12,0,0,1,0,0,0,0,0,81.08516,-0.36661625,0.0659,-0.01,1.0,197.0,-0.05091749005990128,0.1504611281426134,-0.007199999999999998,-0.018500000000000003,44.0,-0.0759,-0.04023511525256543,53.77844909505076,0.36810579051456216,0.23026948688162688,0.13783630363293528,80.41210375000003
2015-06-15,0,0,1,0,0,0,0,0,80.26963,-1.0057628,0.0699,0.0019,1.375,64.0,0.5831241621235757,0.1658994258792484,0.0040000000000000036,0.0119,-133.0,-0.068,0.01543829773663502,49.32143093383619,0.29990484849169263,0.24419655920364003,0.055708289288052604,80.40365000000003
2015-06-16,0,1,1,0,0,0,0,0,80.61773,0.43364763,-0.0608,-0.0043,1.25,124.0,0.39486391586612246,-0.9524908573650941,-0.1307,-0.0062,60.0,0.0565,-1.1183902832443424,51.18125352620414,0.2708220039040725,0.24952164814372652,0.021300355760346,80.42503250000001
2015-06-17,0,0,1,0,0,0,0,0,81.34375,0.9005666,-0.0604,0.0045,0.917,82.0,-0.14420862028259765,-0.9265179384598359,0.0003999999999999976,0.008799999999999999,-42.0,0.0649,0.025972918905258213,54.89886414037931,0.30286613416842556,0.2601905453486663,0.04267558881975925,80.48669450000003
2015-06-18,0,1,1,0,1,0,0,0,82.45267,1.3632417,0.0655,0.0081,1.0,91.0,0.04057336756738729,0.15417271558408863,0.1259,0.0036,9.0,-0.05740000000000001,1.0806906540439245,59.9193766955019,0.41298132301750456,0.290748700882434,0.12223262213507058,80.60728300000002
2015-06-19,0,1,1,0,0,0,0,0,82.05982,-0.47644377,-0.1754,0.004,0.417,107.0,-1.0277752117541028,-1.8354409061021493,-0.2409,-0.0040999999999999995,16.0,0.1794,-1.989613621686238,57.478330772820684,0.46320910547170513,0.3252407818002882,0.13796832367141693,80.70524625000002
2015-06-22,1,0,1,0,1,0,0,1,84.27766,2.702701,0.1585,0.0169,2.0,68.0,1.846097680699457,0.9423353539507044,0.3339,0.012899999999999998,-39.0,-0.1416,2.7777762600528537,65.91950235691307,0.6742043298392844,0.3950334914080874,0.27917083843119694,80.91410150000002
2015-06-23,1,1,1,0,0,0,0,0,87.40051,3.7054539,0.0879,0.0243,2.875,151.0,3.0920697751177126,0.36288574121936473,-0.0706,0.0074,83.0,-0.0636,-0.5794496127313398,73.80482298004569,1.0809469776504699,0.532216188656564,0.5487307889939059,81.33901975
2015-06-24,1,1,1,0,0,0,0,0,88.37517,1.1151552,0.1993,0.0384,2.667,178.0,2.5458603157133206,1.258937271182791,0.1114,0.014099999999999998,27.0,-0.16090000000000002,0.8960515299634264,75.69497285401971,1.4650521635122118,0.7187833836276936,0.7462687798845182,81.75225275000001
2015-06-25,1,0,1,0,0,0,0,0,87.499985,-0.99031925,0.1096,0.0119,1.917,164.0,1.3148946412780207,0.51348389735015,-0.0897,-0.026499999999999996,-14.0,-0.09770000000000001,-0.7454533738326411,70.75777557015377,1.6794781961558982,0.9109223461333344,0.7685558500225638,82.14186600000001
2015-06-26,0,0,1,0,0,0,0,0,87.5298,0.034093857,0.1939,0.0156,1.375,98.0,0.4456247018356178,1.1887205601253337,0.08429999999999999,0.0036999999999999984,-66.0,-0.1783,0.6752366627751837,70.82758361570363,1.830714851974676,1.0948808473016027,0.7358340046730734,82.58045925
2015-06-29,0,0,0,0,0,0,0,0,85.33187,-2.5110781,0.0374,0.011,1.583,64.0,0.7551692513499546,-0.09539749914374071,-0.15649999999999997,-0.0046,-34.0,-0.026400000000000003,-1.2841180592690744,59.54291321478349,1.753008814773139,1.22650644079591,0.526502373977229,82.85445575
2015-06-30,0,1,1,0,1,0,0,0,85.29706,-0.04079938,0.106,0.0116,1.083,122.0,-0.042497680253143266,0.44264580433675493,0.0686,0.0005999999999999998,58.0,-0.0944,0.5380433034804957,59.38154692623866,1.6693738418685484,1.3150799210104378,0.3542939208581106,83.11900525000001
2015-07-01,0,1,1,0,0,0,1,0,86.43581,1.3350487,0.1409,-0.0435,1.875,139.0,1.1737721615681516,0.7064460060751527,0.0349,-0.055099999999999996,17.0,-0.1844,0.2638002017383978,62.9216222719206,1.6756641184604746,1.3871967605004452,0.2884673579600294,83.34128555000001
2015-07-02,0,0,1,0,0,0,0,0,86.80876,0.43147802,-0.1328,-0.0828,1.667,116.0,0.8186657334153044,-1.5348831099848956,-0.2737,-0.0393,-23.0,0.05,-2.241329116060048,64.027400051786,1.6912475076027391,1.4480069099209039,0.24324059768183526,83.60160755000001
2015-07-03,0,0,1,0,1,0,0,0,86.80876,0.0,0.0837,0.0049,0.0,108.0,-1.7708542373021015,0.19679754136689523,0.2165,0.0877,-8.0,-0.0788,1.7316806513517908,64.027400051786,1.6841832397500553,1.4952421758867342,0.1889410638633211,83.85745425000002
2015-07-06,0,0,1,0,0,0,0,0,87.07233,0.30360222,0.0923,-0.0055,0.875,45.0,-0.4240069576162378,0.2697143161221456,0.008599999999999997,-0.0104,-63.0,-0.0978,0.07291677475525035,64.88571310878058,1.6804811126318668,1.5322899632357607,0.14819114939610611,84.19957825000003
2015-07-07,0,1,1,0,0,0,0,0,86.744125,-0.37692785,0.0455,0.0132,1.375,126.0,0.3456648814497132,-0.1721977411675931,-0.046799999999999994,0.0187,81.0,-0.032299999999999995,-0.4419120572897387,62.87394238481326,1.6322482083354828,1.552281612255705,0.07996659607977774,84.52529200000002
2015-07-08,0,0,1,0,1,0,0,0,85.18268,-1.8000484,0.1197,0.008,1.292,122.0,0.21169617747718958,0.5437793562614176,0.0742,-0.0052,-4.0,-0.1117,0.7159770974290107,54.25531897434199,1.4512980615695454,1.532084902118473,-0.0807868405489276,84.69884000000002
2015-07-09,0,1,1,0,0,0,0,0,85.41142,0.26853085,0.0654,0.0064,1.125,137.0,-0.05881466851416738,0.011142000639530235,-0.0543,-0.0015999999999999999,15.0,-0.059,-0.5326373556218874,55.22363289469775,1.3112360598404535,1.487915133662869,-0.17667907382241554,84.90023500000001
2015-07-10,0,1,0,0,0,0,0,0,87.47014,2.4103403,0.0325,0.0033,1.083,146.0,-0.12904770575064176,-0.30684267106905305,-0.0329,-0.0031000000000000003,9.0,-0.0292,-0.3179846717085833,62.84645347581561,1.3507863882881281,1.460489384587921,-0.10970299629979285,85.219484
2015-07-13,0,0,1,0,0,0,0,0,89.608406,2.4445772,-0.0608,0.0167,1.417,46.0,0.39837705695401854,-1.1779556057759044,-0.0933,0.013399999999999999,-100.0,0.0775,-0.8711129347068514,68.7895870168846,1.5369534617068155,1.4757822000116998,0.061171261695115664,85.6864228
2015-07-14,0,1,1,0,1,0,0,0,89.19069,-0.46614408,0.1284,0.0782,1.583,106.0,0.6675316298336517,0.6467605066990465,0.18919999999999998,0.061500000000000006,60.0,-0.05019999999999998,1.824716112474951,66.55000301811597,1.6319736421720847,1.5070204884437768,0.12495315372830795,86.1150708
2015-07-15,0,0,1,0,0,0,0,0,89.270256,0.08920431,0.143,0.0163,1.167,97.0,0.05750759663955751,0.7875422887953503,0.014600000000000002,-0.06190000000000001,-9.0,-0.12669999999999998,0.14078178209630376,66.77191515869195,1.6941688075830967,1.5444501522716407,0.149718655311456,86.5113961
2015-07-16,1,0,1,0,0,0,0,0,90.35431,1.2143493,0.1002,0.027,1.667,81.0,0.9822068968193264,0.451864398687131,-0.04279999999999999,0.010700000000000001,-16.0,-0.0732,-0.33567789010821925,69.71943679998779,1.8100676886591458,1.5975736595491417,0.21249402911000415,86.9064781
2015-07-17,1,0,1,0,0,0,0,0,94.45182,4.534948,0.1002,0.0141,2.458,100.0,2.2475255979666957,0.7164260738148935,0.0,-0.0129,19.0,-0.0861,0.2645616751277625,77.75257491677839,2.207110997893551,1.7194811272180235,0.48762987067552754,87.5260781
2015-07-20,0,0,1,0,0,0,0,0,97.37579,3.0957222,0.1122,0.0089,2.083,54.0,1.5455074118854453,0.878793528529182,0.011999999999999997,-0.0052,-46.0,-0.10329999999999999,0.16236745471428848,81.52011674342549,2.726283721676708,1.9208416461097604,0.8054420755669478,88.18098460000002
2015-07-21,1,1,1,0,0,0,0,0,97.85316,0.49023628,0.3518,0.0606,2.25,119.0,1.742099546240229,3.678320047565907,0.2396,0.0517,65.0,-0.2912,2.799526519036725,82.0544378027078,3.140055015561785,2.1646843200001653,0.9753706955616197,88.70361710000002
2015-07-22,0,0,1,0,0,0,1,0,96.51053,-1.372087,-0.2758,0.0365,1.542,87.0,0.5750477524520425,-3.546921470829023,-0.6275999999999999,-0.024100000000000003,-32.0,0.31229999999999997,-7.22524151839493,75.44702982847372,3.3213463140123594,2.396016718802604,0.9253295952097553,89.11038510000002
2015-07-23,0,0,1,0,1,0,0,0,94.919266,-1.6488016,0.2643,0.0184,1.375,82.0,0.29343568993328156,2.2161515751048277,0.5401,-0.018099999999999998,-5.0,-0.24589999999999998,5.763073045933851,68.41543679795491,3.2985951169122387,2.576532398424531,0.7220627184877078,89.48134915000003
2015-07-24,0,0,1,0,0,0,0,0,96.421036,1.5821457,0.1223,0.0189,1.375,72.0,0.2775697861308981,0.7147219352817265,-0.14199999999999996,0.0005000000000000004,-10.0,-0.1034,-1.5014296398231013,71.14836302783044,3.3629785936353613,2.733821637466697,0.6291569561686643,89.92591095000003
2015-07-27,0,0,1,0,0,0,0,0,93.6562,-2.8674543,0.4186,0.0442,2.083,71.0,1.3846686327631963,3.355803985162828,0.2963,0.025300000000000003,-1.0,-0.3744,2.641082049881102,60.729847182708596,3.1545402281775807,2.817965355608874,0.3365748725687068,90.34212745000002
2015-07-28,0,1,1,0,0,0,0,0,94.77009,1.1893392,0.5566,0.0384,2.292,114.0,1.6558791197287972,3.9181447127492923,0.13799999999999996,-0.0058000000000000065,43.0,-0.5182,0.5623407275864643,63.07575113232667,3.0441419620419623,2.8632006768954916,0.18094128514647068,90.81577895000001
2015-07-29,1,0,1,0,0,0,0,0,96.460815,1.7840266,0.5566,0.0425,3.083,114.0,2.6726074469908494,3.442310106781759,0.0,0.004100000000000006,0.0,-0.5141,-0.47583460596753335,66.3605713066667,3.057829167069144,2.902126374930222,0.15570279213892224,91.31702920000001
2015-07-30,1,0,1,0,0,0,0,0,94.69052,-1.8352389,0.5566,0.0592,2.875,221.0,2.2231650241386682,3.0915293328519216,0.0,0.0167,107.0,-0.49739999999999995,-0.3507807739298374,60.310630185857036,2.8924855907563085,2.900198218095439,-0.007712627339130584,91.71111720000002
2015-07-31,0,0,1,0,0,0,0,0,93.49708,-1.26037,0.4164,0.0266,2.0,183.0,0.9603672672386784,2.0497882115664128,-0.1402,-0.032600000000000004,-38.0,-0.3898,-1.0417411212855088,56.566588708772095,2.634776913123673,2.8471139571010857,-0.2123370439774126,92.04553320000002
2015-08-03,0,0,1,0,0,0,0,0,93.626366,0.13828278,0.0522,0.0195,0.75,52.0,-0.7982894629815792,-0.2685644119100487,-0.36419999999999997,-0.007099999999999999,-131.0,-0.03270000000000001,-2.3183526234764615,56.878888949954856,2.4131558703844576,2.76032233975776,-0.34716646937330253,92.37323500000002
2015-08-04,0,0,1,0,0,0,0,0,93.54679,-0.0849843,0.0537,0.0177,0.75,82.0,-0.7882138726475526,-0.2678075392764403,0.0014999999999999944,-0.0017999999999999995,30.0,-0.036,0.0007568726336084075,56.60908407241945,2.205672855470425,2.649392442900293,-0.44371958742986806,92.71336825000003
2015-08-05,0,0,1,0,0,0,0,0,95.91381,2.5303006,0.0435,0.0067,1.167,108.0,-0.18671214628375865,-0.3313816588191737,-0.0102,-0.011,26.0,-0.0368,-0.0635741195427334,62.3326680290197,2.2068011730680297,2.5608741889338402,-0.3540730158658105,93.24992475000003
2015-08-06,0,1,1,0,1,0,0,0,94.60102,-1.3687253,0.1287,0.0162,1.292,125.0,0.002362811803620993,0.20282806153992564,0.08520000000000001,0.009499999999999998,17.0,-0.11250000000000002,0.5342097203590993,57.78040024057953,2.077812462660816,2.4642618436792354,-0.3864493810184193,93.70940475000005
2015-08-07,0,0,1,0,0,0,0,0,93.78549,-0.86206794,0.0496,0.0156,0.833,89.0,-0.6430486324157372,-0.2966882226141426,-0.0791,-0.0005999999999999998,-36.0,-0.034,-0.49951628415406824,55.088834247545925,1.888017632995215,2.3490130015424313,-0.46099536854721634,94.02517225000005
2015-08-10,0,0,0,0,0,0,0,0,93.63632,-0.15906692,0.0077,0.001,0.792,48.0,-0.7073181825011146,-0.5755880647894898,-0.0419,-0.014599999999999998,-41.0,-0.0067,-0.27889984217534713,54.58793842331169,1.7059025085222146,2.220390902938388,-0.5144883944161736,94.22656795000005
2015-08-11,0,1,1,0,0,0,0,0,93.10921,-0.5629301,0.0677,0.004,0.875,100.0,-0.5936823871672035,-0.19048744812421797,0.06,0.003,52.0,-0.06369999999999999,0.3851006166652718,52.762311257098304,1.5017305732966832,2.076658837010047,-0.5749282637133639,94.42249395000006
2015-08-12,0,0,1,0,0,0,0,0,93.6761,0.6088495,0.0791,0.0019,1.542,121.0,0.33553199904307157,-0.12383155877120483,0.011400000000000007,-0.0021000000000000003,21.0,-0.0772,0.06665588935301314,54.52380748278719,1.3698750619570603,1.9353020819994498,-0.5654270200423894,94.64278615000005
2015-08-13,0,0,1,0,1,0,0,0,92.920235,-0.80688,0.1678,0.0174,0.875,78.0,-0.6320201559243492,0.4273923081814812,0.0887,0.015499999999999998,-43.0,-0.1504,0.5512238669526861,51.752682791291996,1.1906614270105536,1.7863739510016705,-0.595712523991117,94.77108240000005
2015-08-14,0,1,1,0,0,0,1,0,93.90483,1.0596156,-0.1089,0.0217,0.625,104.0,-1.0011373965953225,-1.3342519350061102,-0.2767,0.004300000000000002,26.0,0.1306,-1.7616442431875914,54.963617431270805,1.1152262836534845,1.6521444175320332,-0.5369181338785487,94.74373290000005
2015-08-17,0,0,1,0,0,0,1,0,93.4175,-0.5189538,-0.1154,0.024,0.708,38.0,-0.9177913832964428,-1.3405112836904969,-0.006500000000000006,0.0023,-66.0,0.1394,-0.006259348684386712,53.080641940643446,1.0045402165372224,1.522623577333071,-0.5180833607958486,94.54581840000006
2015-08-18,0,1,0,0,0,0,0,0,94.650734,1.3201356,0.0631,0.0564,1.292,73.0,-0.07958914853395424,-0.22621005910894984,0.1785,0.0324,35.0,-0.0067000000000000046,1.1143012245815471,57.087130784381124,1.004750252653693,1.4190489123971954,-0.41429865974350233,94.38569710000004
2015-08-19,0,1,0,0,0,0,0,0,94.78997,0.14710426,0.0391,0.0363,1.208,119.0,-0.22253917950690735,-0.3786339649952675,-0.024,-0.0201,46.0,-0.002800000000000004,-0.15242390588631768,57.52809600632224,1.0045718108343493,1.3361534920846263,-0.331581681250277,94.29966910000005
2015-08-20,0,0,1,0,1,0,0,0,90.06589,-4.983735,0.1137,0.0174,1.125,79.0,-0.3704492320456346,0.08603486916105506,0.0746,-0.0189,-40.0,-0.0963,0.4646688341563226,41.824531065864704,0.6161342075760672,1.1921496351829144,-0.5760154276068472,94.05700030000006
2015-08-21,0,1,1,0,0,0,0,0,85.59043,-4.9690843,0.0688,0.017,1.375,93.0,-0.00999013751115307,-0.19897670202337317,-0.044899999999999995,-0.0003999999999999976,14.0,-0.0518,-0.2850115711844282,32.71378127580797,-0.0522354725559353,0.9432726136351445,-0.9955080861910798,93.51547000000006
2015-08-24,0,0,0,0,0,0,0,0,81.6421,-4.61306,0.0343,0.0203,1.667,38.0,0.43249307428841843,-0.4312332186350565,-0.0345,0.0032999999999999974,-55.0,-0.013999999999999999,-0.2322565166116833,27.104310922323094,-0.8902581510347716,0.5765664607011612,-1.466824611735933,92.91476500000007
2015-08-25,0,0,0,0,0,0,0,0,82.54714,1.1085391,0.0405,0.023,1.375,108.0,-0.035528447944388905,-0.39009194319531104,0.006200000000000004,0.002700000000000001,70.0,-0.0175,0.04114127543974544,30.064554652970333,-1.4644863105149568,0.16835590645793758,-1.6328422169728944,92.30361750000006
2015-08-26,0,0,1,0,0,0,0,0,86.71428,5.0481915,0.068,0.0041,1.042,96.0,-0.566859578130679,-0.2099490172865899,0.027500000000000004,-0.0189,-12.0,-0.0639,0.18014292590872114,41.78660433961679,-1.5652694404721927,-0.17836916292808852,-1.3869002775441042,91.81629075000006
2015-08-27,0,1,1,0,1,0,0,0,89.24043,2.913177,0.1339,0.0019,1.583,134.0,0.27987486609684137,0.20900306829039053,0.06589999999999999,-0.0022000000000000006,38.0,-0.13199999999999998,0.41895208557698044,47.52826312987634,-1.4248765144788962,-0.42767063323825005,-0.9972058812406461,91.54378625000007
2015-08-28,0,1,1,0,0,0,0,0,90.51345,1.426506,0.077,0.0036,1.458,189.0,0.06437654802255349,-0.15451626322960674,-0.05689999999999999,0.0017,55.0,-0.07339999999999999,-0.36351933151999727,50.194230774423374,-1.197092694803473,-0.5815550455512947,-0.6155376492521784,91.39460475000006
2015-08-31,0,0,1,0,1,0,0,0,88.942055,-1.7360747,0.1776,0.0109,0.583,60.0,-1.3297445206459744,0.47515156757794463,0.10060000000000001,0.0073,-129.0,-0.16670000000000001,0.6296678308075514,47.0185729475312,-1.1303409535215536,-0.6913122271453465,-0.43902872637620716,91.16038920000005
2015-09-01,0,1,1,0,0,0,0,0,86.75407,-2.4600208,0.0537,-0.0042,1.125,84.0,-0.46808768334723655,-0.3146217293652506,-0.12390000000000001,-0.015099999999999999,24.0,-0.0579,-0.7897732969431952,42.94448025046002,-1.2397013162947275,-0.8009900449752226,-0.4387112713195048,90.82075320000004
2015-09-02,0,1,1,0,1,0,0,0,89.39954,3.0494094,0.1343,0.0044,0.792,135.0,-0.9960611844574053,0.19339123670570232,0.0806,0.0086,51.0,-0.12990000000000002,0.5080129660709529,48.72910923350168,-1.100220217996835,-0.8608360795795451,-0.2393841384172899,90.49503970000005
2015-09-03,0,0,1,0,0,0,0,0,87.669044,-1.9356966,0.0785,0.0156,0.833,85.0,-0.8997901448801549,-0.16293495132012453,-0.0558,0.011199999999999998,-50.0,-0.0629,-0.35632618802582683,45.48079292063684,-1.1164472980426865,-0.9119583232721734,-0.2044889747705131,90.14844090000005
2015-09-04,0,0,1,0,0,0,0,0,87.77844,0.124788284,0.0669,0.002,0.792,111.0,-0.9556515720108695,-0.23700727352698758,-0.0116,-0.0136,26.0,-0.0649,-0.07407232220686305,45.72709520131387,-1.1077110297248538,-0.9511088645627095,-0.1566021651621443,89.84808840000005
2015-09-07,0,0,0,0,0,0,0,0,87.77844,0.0,0.0304,0.0055,0.0,32.0,-2.0982200372755595,-0.46485687560694106,-0.036500000000000005,0.0034999999999999996,-79.0,-0.0249,-0.22784960207995347,45.72709520131389,-1.0882428875416537,-0.9785356691584983,-0.10970721838315534,89.55519440000005
2015-09-08,0,1,1,0,1,0,0,0,89.04151,1.4389277,0.4638,0.0032,0.708,45.0,-0.9903154136799223,2.1668287695740283,0.4334,-0.0022999999999999995,13.0,-0.4606,2.631685645180969,48.82300990274882,-0.9598307204460781,-0.9747946794160143,0.014963958969936186,89.35180940000005
2015-09-09,0,1,1,0,0,0,0,0,89.946556,1.0164261,0.0912,0.0051,1.542,136.0,0.26331246593952284,-0.14610849075034468,-0.3726,0.0019000000000000002,91.0,-0.08610000000000001,-2.312937260324373,50.98075650372977,-0.7760872536852048,-0.9350531942698523,0.15896594058464752,89.16533220000005
2015-09-10,0,0,1,0,1,0,0,0,91.47814,1.7027855,0.271,0.0084,0.875,112.0,-0.7498600238947335,0.9446787769379644,0.17980000000000002,0.003299999999999999,-24.0,-0.2626,1.090787267688309,54.478568499715294,-0.5011067568932361,-0.8482639067945291,0.347157149901293,89.09322745000006
2015-09-11,0,0,1,0,0,0,0,0,91.54776,0.07610321,0.2634,0.0054,0.25,91.0,-1.6860560208169983,0.8720043416797942,-0.007599999999999996,-0.002999999999999999,-21.0,-0.258,-0.07267443525817019,54.63702471235009,-0.2744018462226876,-0.7334914946801608,0.45908964845747324,88.97537395000005
2015-09-14,0,0,1,0,0,0,0,0,91.80634,0.2824545,0.1381,0.0006,0.625,61.0,-1.0817851978219175,0.08230030010134419,-0.12530000000000002,-0.0048000000000000004,-30.0,-0.1375,-0.7897040415784501,55.25994923588945,-0.07302948776316498,-0.6013990932967617,0.5283696055335967,88.89481595000005
2015-09-15,0,1,1,0,0,0,0,0,92.39313,0.6391525,0.0529,0.0011,1.833,127.0,0.801455604041253,-0.4520532907169333,-0.0852,0.0005000000000000001,66.0,-0.051800000000000006,-0.5343535908182775,56.71262148191377,0.13238258211553955,-0.45464275821430145,0.587025340329841,88.78193575000005
2015-09-16,0,1,0,0,0,0,0,0,92.94013,0.5920291,-0.0094,0.0017,1.75,341.0,0.7199793237211625,-0.8202279333174389,-0.0623,0.0005999999999999998,214.0,0.0111,-0.36817464260050564,58.07906423226022,0.3354446587200499,-0.2966252748274312,0.6320699335474811,88.68944375000004
2015-09-17,0,0,0,0,0,0,0,0,93.825264,0.95237494,0.0322,0.0044,1.208,155.0,-0.14689233902455318,-0.5490795011212741,0.0416,0.0027,-186.0,-0.0278,0.2711484321961648,60.2648681205594,0.5613251271854551,-0.1250351944248539,0.686360321610309,88.87741245000004
2015-09-18,0,0,1,0,1,0,0,0,93.88495,0.06361008,0.1963,0.0065,0.833,129.0,-0.7459473783700723,0.4800181285750688,0.1641,0.0020999999999999994,-26.0,-0.1898,1.029097629696343,60.414754339726585,0.7366614129952751,0.04730412705917192,0.6893572859361032,89.29213845000004
2015-09-21,0,0,1,0,0,0,0,0,95.02866,1.2182236,0.1963,0.0043,0.708,43.0,-0.921938260673964,0.4636155532688567,0.0,-0.0021999999999999997,-86.0,-0.192,-0.01640257530621214,63.27361724286945,0.9568742703904718,0.22921815572543192,0.7276561146650399,89.96146645000003
2015-09-22,0,1,1,0,0,0,0,0,92.4528,-2.7106285,-0.101,0.0136,1.667,70.0,0.6238019436618576,-1.358323798487414,-0.2973,0.0093,27.0,0.11460000000000001,-1.8219393517562705,53.84225833120203,0.9130194518779859,0.36597841495594274,0.5470410369220432,90.45674945000005
2015-09-23,0,1,1,0,1,0,0,1,93.45729,1.0864854,0.2307,0.0334,2.542,160.0,1.974837832684143,0.6781149918493633,0.3317,0.019799999999999998,90.0,-0.19729999999999998,2.0364387903367773,56.56142144614852,0.9483857399166169,0.4824598799480776,0.4659258599685393,90.79389995000005
2015-09-24,0,0,1,0,0,0,0,0,93.89488,0.46824217,0.1612,0.0083,2.25,146.0,1.4733731509884718,0.22510332754719065,-0.06949999999999998,-0.025099999999999997,-14.0,-0.1529,-0.45301166430217266,57.72966358429629,1.0001940198338701,0.5860067079252361,0.414187311908634,91.02662245000005
2015-09-25,0,1,1,0,0,0,0,0,92.26383,-1.7371118,0.0367,-0.0043,1.458,183.0,0.20928610066329909,-0.5509222793028575,-0.1245,-0.0126,37.0,-0.041,-0.7760256068500482,52.10471150920267,0.899274079372077,0.6486601822146043,0.25061389715747273,91.11414145000006
2015-09-28,0,1,1,0,1,0,0,1,88.72326,-3.8374424,0.1909,-0.0063,2.375,186.0,1.6202245504400115,0.4050111723529389,0.15419999999999998,-0.002,3.0,-0.1972,0.9559334516557965,42.43824393141428,0.5275189798151416,0.6244319417347117,-0.0969129619195701,91.10320170000006
2015-09-29,0,1,1,0,0,0,1,0,86.19712,-2.8472126,0.099,-0.0587,1.625,196.0,0.4234111098078035,-0.17641539442055598,-0.09189999999999998,-0.0524,10.0,-0.1577,-0.5814265667734948,37.14352582110809,0.028730808027631838,0.5052917149932957,-0.4765609069656639,91.07535420000006
2015-09-30,0,0,1,0,0,0,0,0,89.4095,3.7267804,0.0691,-0.0105,1.417,127.0,0.09071788230364777,-0.35833821776681324,-0.02990000000000001,0.0482,-69.0,-0.07959999999999999,-0.18192282334625726,46.31596373210206,-0.10612682864950784,0.383008006264735,-0.48913483491424287,91.07585220000007
2015-10-01,0,0,1,0,0,0,0,0,90.453766,1.1679649,0.0607,0.0037,1.208,139.0,-0.242625888558619,-0.41041375741036173,-0.008399999999999998,0.0142,12.0,-0.056999999999999995,-0.052075539643548496,48.925182512610185,-0.12727182799883963,0.28095203941202007,-0.4082238674108597,91.21508830000008
2015-10-02,0,0,1,0,0,0,0,0,91.56765,1.2314439,0.076,0.016,1.292,122.0,-0.11520660596811137,-0.3197519566761873,0.015300000000000001,0.0123,-17.0,-0.06,0.09066180073417446,51.62597413696677,-0.053531188423548315,0.2140553938449064,-0.2675865822684547,91.40454880000007
2015-10-05,0,0,1,0,0,0,0,0,93.49708,2.1070957,0.1242,0.004,1.292,47.0,-0.11189447225885617,-0.03688598279353581,0.04820000000000001,-0.012,-75.0,-0.1202,0.28286597388265144,55.96921966923303,0.15876750284967045,0.20299781564585923,-0.044230312796188775,91.69048080000007
2015-10-06,0,1,1,0,0,0,1,0,92.29367,-1.2870967,0.1163,-0.065,1.958,199.0,0.9292271866010147,-0.08581121496582342,-0.007900000000000004,-0.069,152.0,-0.18130000000000002,-0.04892523217228761,52.785837094317515,0.2272905515355319,0.20785636282379377,0.019434188711738132,91.85308880000007
2015-10-07,0,0,1,0,0,0,0,0,91.89586,-0.43103695,-0.0659,-0.0102,1.333,152.0,-0.060790590982574395,-1.2063280318832168,-0.1822,0.0548,-47.0,0.0557,-1.1205168169173934,51.738231223505416,0.24665236402120172,0.21561556306327537,0.031036800957926353,91.95055400000007
2015-10-08,0,0,1,0,0,0,0,0,91.96548,0.0757575,0.0502,0.001,1.708,142.0,0.5297014944605715,-0.4716840405215739,0.11610000000000001,0.011200000000000002,-10.0,-0.0492,0.7346439913616429,51.91807910494185,0.2645647542704239,0.22540540130470507,0.03915935296571885,91.97492100000008
2015-10-09,0,1,0,0,0,0,0,0,92.73127,0.8327007,0.0127,0.002,0.917,239.0,-0.6924615927275346,-0.6947342666362335,-0.037500000000000006,0.001,97.0,-0.0107,-0.22305022611465958,53.95083041600014,0.3366723562688634,0.24765879229753673,0.08901356397132665,92.03409650000008
2015-10-12,0,0,0,0,0,0,0,0,93.745705,1.0939598,0.0,-0.0013,0.875,55.0,-0.7332988438294121,-0.7585636917725145,-0.0127,-0.0033,-184.0,-0.0013,-0.06382942513628098,56.57015851446964,0.47025378397398754,0.2921777906328269,0.17807599334116064,92.13106475000008
2015-10-13,0,1,1,0,0,0,0,0,93.606476,-0.14852285,0.1069,0.0017,1.458,125.0,0.23984636490327,-0.07064966975819727,0.1069,0.003,70.0,-0.1052,0.6879140220143172,56.09851956669011,0.5584459933272967,0.34543143117172087,0.21301456215557585,92.19173205000007
2015-10-14,0,0,1,0,1,0,0,0,93.55675,-0.05312562,0.1596,0.0013,0.917,115.0,-0.6374574921568067,0.2290922015371678,0.0527,-0.00039999999999999996,-10.0,-0.1583,0.29974187129536506,55.91920245294898,0.6172116503040712,0.39978747499819095,0.21742417530588026,92.22256305000008
2015-10-15,0,0,1,0,0,0,0,0,95.436424,2.0091414,0.2259,0.0057,1.25,95.0,-0.08375654890053151,0.6790004550113785,0.0663,0.0044,-20.0,-0.22019999999999998,0.4499082534742107,60.9946899872145,0.8061648727183126,0.48106295454221526,0.32510191817609735,92.30312105000007
2015-10-16,0,0,1,0,0,0,0,0,97.00781,1.6465187,0.1595,0.0151,1.125,94.0,-0.28327994554921676,0.22925660611268614,-0.06639999999999999,0.0094,-1.0,-0.1444,-0.44974384889869234,64.65823540855482,1.0703708119577442,0.5989245260253211,0.4714462859324231,92.45926405000007
2015-10-19,0,0,1,0,0,0,0,0,97.93273,0.95345974,-0.2854,0.008,0.917,32.0,-0.6016755404354707,-2.602778901598268,-0.44489999999999996,-0.0071,-62.0,0.2934,-2.832035507710954,66.64412956947749,1.3389546012540734,0.7469305410710716,0.5920240601830018,92.60446755000007
2015-10-20,0,1,1,0,0,0,0,0,96.470764,-1.49284,-0.1323,-0.0806,1.708,101.0,0.751568760892845,-1.6151234007266073,0.15309999999999999,-0.08860000000000001,69.0,0.051699999999999996,0.9876555008716605,60.82610364316044,1.4175006857312127,0.8810445700030998,0.5364561157281129,92.80536575000006
2015-10-21,0,1,1,0,0,0,0,0,96.580154,0.1134038,-0.0933,-0.0229,0.917,110.0,-0.5849241292375182,-1.3723092188328845,0.03900000000000001,0.0577,9.0,0.07039999999999999,0.24281418189372284,61.09975094295178,1.4716120546437281,0.9991580669312254,0.4724539877125027,92.96150895000007
2015-10-22,0,0,1,0,0,0,0,0,99.12619,2.6361823,0.0556,0.0043,2.333,108.0,2.1645981445640152,-0.22788374825421898,0.14889999999999998,0.027200000000000002,-2.0,-0.0513,1.1444254705786654,66.89599356441168,1.7003390809467618,1.1393942697343327,0.5609448112124291,93.22307445000006
2015-10-23,0,1,1,0,1,0,0,1,101.63244,2.5283456,0.0813,0.0044,2.375,188.0,2.184118148253167,0.03556154036977572,0.0257,0.00010000000000000026,80.0,-0.0769,0.2634452886239947,71.41171200900845,2.060092858466831,1.3235339874808323,0.7365588709859987,93.69150495000005
2015-10-26,0,0,1,0,0,0,0,0,103.20381,1.5461326,0.0413,0.0004,1.5,88.0,0.49596883170445544,-0.32111841297179733,-0.039999999999999994,-0.004,-100.0,-0.040900000000000006,-0.35667995334157304,73.8227754982985,2.4438258424672625,1.5475923584781184,0.8962334839891442,94.41553245000006
2015-10-27,0,1,1,0,0,0,0,0,103.13419,-0.06745458,-0.07,0.0025,1.042,113.0,-0.3927613682957682,-1.2815567781308834,-0.11130000000000001,0.0021,25.0,0.07250000000000001,-0.9604383651590861,73.52690135946854,2.7110677434081367,1.780287435464122,0.9307803079440147,95.26238595000005
2015-10-28,0,1,1,0,1,0,0,1,103.63147,0.4821658,0.0866,-0.0097,1.792,208.0,1.0231705598694696,0.09539343055400831,0.15660000000000002,-0.0122,95.0,-0.0963,1.3769502086848917,74.31864790995337,2.929219002055177,2.0100737487823332,0.9191452532728439,95.97348445000006
2015-10-29,0,0,1,0,0,0,0,0,104.307755,0.6525874,0.111,0.0015,0.75,166.0,-0.9423228966471923,0.3139776175322153,0.024400000000000005,0.0112,-42.0,-0.1095,0.218584186978207,75.39633968874358,3.120702478179723,2.232199494661811,0.8885029835179119,96.66618390000005
2015-10-30,0,0,1,0,0,0,0,0,101.413635,-2.7745962,0.1714,-0.0128,1.542,64.0,0.5378027103581869,0.8258757441843617,0.060399999999999995,-0.0143,-102.0,-0.1842,0.5118981266521464,63.177956947085015,3.0042916121442005,2.386617918158289,0.6176736939859113,97.15848315000005
2015-11-02,0,0,1,0,0,0,0,0,102.74632,1.3141036,0.42,-0.0023,0.792,27.0,-0.8876373865977808,2.7610520030236443,0.2486,0.0105,-37.0,-0.4223,1.9351762588392827,65.91698877552417,2.985160630354045,2.5063264605974402,0.47883416975660476,97.62094515000004
2015-11-03,0,1,1,0,0,0,0,0,102.02031,-0.7066071,0.1489,0.0035,0.625,68.0,-1.1879340925721846,0.5183123444037678,-0.2711,0.0058,41.0,-0.1454,-2.2427396586198762,63.160631938138735,2.878237717209572,2.5807087119198666,0.2975290052897055,98.10727715000004
2015-11-04,0,1,1,0,0,0,0,0,103.37289,1.325798,0.2177,0.0025,2.292,83.0,1.8775865044016815,1.0539721755158165,0.0688,-0.001,15.0,-0.2152,0.5356598311120486,66.0120935983316,2.869563893894565,2.6384797483148064,0.23108414557975854,98.68112865000005
2015-11-05,1,1,1,0,0,0,0,0,108.16659,4.637289,0.8042,0.4643,2.708,181.0,2.4567750307325027,4.592971248582684,0.5865,0.4618,98.0,-0.33990000000000004,3.5389990730668672,73.76313255137376,3.2124699993441226,2.75327779852067,0.4591922008234528,99.49118415000005
2015-11-06,0,0,1,0,0,0,0,0,106.51067,-1.5308917,0.7137,0.1803,0.875,103.0,-0.7494239455966468,3.5258415886039365,-0.09050000000000002,-0.28400000000000003,-78.0,-0.5334,-1.0671296599787472,67.99462736632955,3.31242310191179,2.8651068591988937,0.4473162427128963,100.18015415000005
2015-11-09,0,0,1,0,0,0,0,0,105.908966,-0.5649209,0.0593,0.0215,0.708,37.0,-1.0424669869577554,-0.3332421381182328,-0.6544,-0.1588,-66.0,-0.0378,-3.859083726722169,65.97563018317679,3.3049863463518534,2.9530827566294855,0.3519035897223679,100.78831720000004
2015-11-10,0,1,1,0,0,0,0,0,107.321236,1.3334632,-0.1569,-0.019,0.875,77.0,-0.7338012640559675,-1.5650701582959825,-0.2162,-0.040499999999999994,40.0,0.13790000000000002,-1.2318280201777498,68.35104778442688,3.374155881496037,3.0372973816027957,0.33685849989324135,101.47405520000004
2015-11-11,0,1,1,0,0,0,0,0,108.41523,1.0193706,-0.0948,-0.0129,0.708,97.0,-1.0023358280172785,-1.1776429482271,0.062100000000000016,0.0060999999999999995,20.0,0.0819,0.3874272100688825,70.09288016817882,3.4771667949965206,3.125271264281541,0.3518955307149798,102.21697920000005
2015-11-12,0,0,1,0,1,1,0,0,107.43063,-0.9081781,0.1922,0.0006,0.458,92.0,-1.3930799310770643,0.4690279691356391,0.28700000000000003,0.0135,-5.0,-0.19160000000000002,1.6466709173627392,66.54326939820156,3.4397039289926568,3.188157797223764,0.25154613176889296,102.81668950000005
2015-11-13,0,1,1,0,0,0,0,0,103.382835,-3.7678182,0.0314,0.0009,0.667,96.0,-1.0082060112464752,-0.4523769616241288,-0.1608,0.00030000000000000003,4.0,-0.030499999999999996,-0.9214049307597679,54.356200163545,3.0482527498842984,3.1601767877558706,-0.11192403787157224,103.13544075000004
2015-11-16,0,0,1,0,0,0,0,0,103.47235,0.08658171,0.1069,0.0004,1.167,44.0,-0.1501434213144619,-0.02534534377471204,0.0755,-0.0005,-52.0,-0.1065,0.4270316178494168,54.554420759072876,2.7139631052850604,3.0709340512617085,-0.35697094597664814,103.41242175000005
2015-11-17,0,1,1,0,1,0,0,0,104.55639,1.0476708,0.1402,-0.0017,0.625,65.0,-1.038532534338837,0.15702386581396177,0.033299999999999996,-0.0021,21.0,-0.1419,0.1823692095886738,56.99036273461111,2.5076030349547693,2.958267848000321,-0.4506648130455515,103.81670305000004
2015-11-18,0,1,1,0,0,0,0,0,107.18199,2.5111794,-0.052,0.0012,0.333,79.0,-1.4819504724254977,-0.9329763428492638,-0.19219999999999998,0.0029,14.0,0.0532,-1.0900002086632257,62.26601229082592,2.52679781706118,2.8719738418124927,-0.3451760247513129,104.34679485000004
2015-11-19,0,0,1,0,1,0,0,0,105.68023,-1.4011264,0.2443,0.0118,0.5,60.0,-1.1661634113201658,0.749287420304767,0.2963,0.0106,-19.0,-0.23249999999999998,1.682263763154031,57.89194975364297,2.3932425287734844,2.776227579204691,-0.38298505043120645,104.67449685000004
2015-11-20,0,1,1,0,0,0,0,0,106.73445,0.99755526,0.1391,0.0005,0.583,71.0,-0.9992806108073291,0.14397064197824105,-0.10519999999999999,-0.0113,11.0,-0.1386,-0.605316778326526,60.01540001378126,2.345429097450946,2.690067882853942,-0.34463878540299575,104.92959735000004
2015-11-23,0,0,1,0,0,0,0,0,106.36646,-0.3447652,-0.4599,-0.0021,0.208,23.0,-1.5768718393012056,-2.9603467368271157,-0.599,-0.0026,-48.0,0.4578,-3.104317378805357,58.89886250627665,2.251884567526446,2.6024312197884427,-0.3505466522619969,105.08772985000004
2015-11-24,0,1,1,0,0,0,0,0,105.16306,-1.1313677,-0.1442,-0.0017,0.458,61.0,-1.1455157968467864,-1.2662210860997571,0.3157,0.00039999999999999996,38.0,0.1425,1.6941256507273585,55.27714251933952,2.0569344706622132,2.493331869963197,-0.43639739930098376,105.18917335000006
2015-11-25,0,1,1,0,0,0,0,0,104.83487,-0.312078,0.062,0.0019,0.417,62.0,-1.189723553672082,-0.19040695820152015,0.2062,0.0036,1.0,-0.0601,1.075814127898237,54.296568536443324,1.8545745432539178,2.3655804046213413,-0.5110058613674235,105.24934335000005
2015-11-26,0,1,1,0,0,0,0,0,104.83487,0.0,-0.0782,0.0016,0.0,63.0,-1.7766015654368403,-0.8978308697314773,-0.1402,-0.0002999999999999999,1.0,0.07980000000000001,-0.7074239115299572,54.29656853644331,1.6748956879539207,2.2274434612878573,-0.5525477733339366,105.27569910000004
2015-11-27,0,0,1,0,0,0,0,0,104.87465,0.037944317,-0.4042,0.0003,0.0,16.0,-1.715975089008153,-2.4071181932208314,-0.326,-0.0013000000000000002,-47.0,0.4045,-1.509287323489354,54.41025551938632,1.5182078590100048,2.0855963408322866,-0.5673884818222819,105.44874985000006
2015-11-30,0,1,1,0,1,0,0,0,103.67125,-1.1474609,0.2427,0.0009,0.75,19.0,-0.6275464065009435,0.7347507067913575,0.6469,0.0006000000000000001,3.0,-0.2418,3.141868900012189,50.33146487154918,1.2821475046065416,1.9249065735871376,-0.642759068980596,105.49499635000006
2015-12-01,0,1,1,0,0,0,0,0,106.535545,2.762854,0.0375,-0.0029,1.375,50.0,0.31217693965087356,-0.23637165764279305,-0.2052,-0.0037999999999999996,31.0,-0.0404,-0.9711223644341505,58.337050123604094,1.3110793351496284,1.8021411258996358,-0.49106179075000744,105.72075810000008
2015-12-02,0,1,1,0,0,0,0,0,105.49127,-0.9802103,0.0758,0.0002,1.792,108.0,0.9409125940197086,-0.04320257631417894,0.03830000000000001,0.0031,58.0,-0.0756,0.1931690813286141,54.86497780331021,1.2355016601033242,1.6888132327403735,-0.45331157263704935,105.82667710000007
2015-12-03,0,1,1,0,0,0,0,0,103.81048,-1.5932918,-0.0493,0.0004,1.208,118.0,0.040937707762121744,-0.6457693748763135,-0.1251,0.0002,10.0,0.049699999999999994,-0.6025667985621346,49.73420551658158,1.0281284769747003,1.5566762815872388,-0.5285478046125385,105.60887160000007
2015-12-04,0,0,1,0,0,0,0,0,105.60066,1.7244697,0.0619,-0.0007,0.917,87.0,-0.42801188794322986,-0.07006535576375937,0.1112,-0.0011,-31.0,-0.0626,0.5757040191125541,54.60361939938024,0.996746427777353,1.4446903108252616,-0.44794388304790855,105.56337110000007
2015-12-07,0,0,1,0,0,0,0,0,105.03377,-0.5368233,0.0578,0.0007,0.458,35.0,-1.132150430988503,-0.08412718107210934,-0.0040999999999999995,0.0014,-52.0,-0.0571,-0.01406182530834997,52.857408153798126,0.9155784242435061,1.3388679335089104,-0.4232895092654043,105.51961130000007
2015-12-08,0,1,1,0,0,0,1,0,105.908966,0.8332491,0.0546,-0.1232,0.75,57.0,-0.6555319206327559,-0.1005011044492629,-0.0031999999999999945,-0.12390000000000001,22.0,-0.1778,-0.016373923377153557,55.2374332834674,0.91136752205324,1.2533678512177764,-0.3420003291645364,105.44899780000007
2015-12-09,0,1,1,0,1,0,0,0,104.0293,-1.7748117,0.2364,0.0202,0.792,67.0,-0.567784958302058,0.7975703614994942,0.1818,0.1434,10.0,-0.2162,0.8980714659487571,49.46181859555991,0.7477375613964483,1.1522417932535107,-0.4045042318570624,105.22970130000007
2015-12-10,0,1,1,0,0,0,0,0,104.84481,0.78394413,-0.045,0.0007,0.833,137.0,-0.4929836297329829,-0.6157025448180276,-0.2814,-0.0195,70.0,0.0457,-1.4132729063175218,51.81579811676155,0.6760711527747816,1.057007665157765,-0.3809365123829833,105.10041030000006
2015-12-11,0,0,1,0,0,0,0,0,101.56281,-3.1303287,0.0414,0.0003,0.542,131.0,-0.9338498165067499,-0.1679486501055639,0.0864,-0.0004,-6.0,-0.0411,0.44775389471246363,43.112560240157556,0.35040577675752616,0.9156872874777171,-0.565281510720191,105.00940905000007
2015-12-14,0,0,1,0,0,0,0,0,104.08897,2.487266,-0.2426,-0.002,0.75,33.0,-0.6129529039775533,-1.5384646587124284,-0.28400000000000003,-0.0023,-98.0,0.2406,-1.3705160086068646,50.06490785032484,0.292778649943358,0.7911055599708453,-0.4983269100274873,105.04024005000005
2015-12-15,0,1,1,0,0,0,0,0,103.97956,-0.10510087,0.0317,0.0015,0.917,57.0,-0.3360918053828758,-0.18892506500270423,0.2743,0.0035,24.0,-0.030199999999999998,1.349539593709724,49.78114156930248,0.23556481953403363,0.679997411883483,-0.4444325923494493,105.01139855000005
2015-12-16,0,1,1,0,1,0,0,0,106.207344,2.1425128,0.0772,-0.0046,0.875,106.0,-0.3736920073072068,0.05129266657761454,0.045500000000000006,-0.0060999999999999995,49.0,-0.08180000000000001,0.24021773158031878,55.33273296694412,0.36576963252349515,0.6171518560114854,-0.2513822234879902,104.96266625000005
2015-12-17,0,1,1,0,0,0,0,0,105.64046,-0.5337596,0.1033,-0.0025,2.0,130.0,1.4790121401012017,0.18747736041687446,0.026099999999999998,0.0021,24.0,-0.1058,0.1361846938392599,53.70577094434563,0.4183921198226699,0.5773999087737223,-0.1590077889510524,104.96067775000006
2015-12-18,0,0,1,0,0,0,0,0,103.47235,-2.052343,-0.2555,-0.0094,0.583,115.0,-0.8250293703822744,-1.558907221306378,-0.3588,-0.0069,-15.0,0.2461,-1.7463845817232524,47.90425868044307,0.2818979190476796,0.5182995108285138,-0.2364015917808342,104.79757275000006
2015-12-21,0,0,1,0,1,0,0,0,104.19836,0.70165396,0.1662,0.0027,0.583,19.0,-0.8032695198003217,0.5198325127317319,0.42169999999999996,0.0121,-96.0,-0.16349999999999998,2.07873973403811,49.85757061885418,0.22966083389295022,0.46057177544140104,-0.23091094154845082,104.68916775000007
2015-12-22,0,0,1,0,0,0,0,0,104.93432,0.70631504,0.1581,0.0015,0.625,55.0,-0.7063555688535217,0.47427582714716826,-0.008099999999999996,-0.0012000000000000001,36.0,-0.1566,-0.04555668558456366,51.829305769650844,0.24482618502364062,0.41742265735784895,-0.17259647233420833,104.67773075000007
2015-12-23,0,1,0,0,0,0,0,0,104.05913,-0.8340478,0.0078,0.0016,0.875,101.0,-0.2658092621181455,-0.26017088121031834,-0.1503,0.00010000000000000005,46.0,-0.0062,-0.7344467083574866,49.34437834782388,0.18410210189215093,0.37075854626470933,-0.1866564443725584,104.63894375000007
2015-12-24,0,0,0,0,0,0,0,0,104.44699,0.3727436,0.0188,-0.0006,0.167,72.0,-1.4217300401927238,-0.20256488765226607,0.011000000000000001,-0.0022,-29.0,-0.0194,0.057605993558052265,50.477555273616545,0.16536862249405715,0.3296805615105789,-0.16431193901652175,104.61954975000008
2015-12-25,0,0,1,0,1,0,0,0,104.44699,0.0,0.2637,-0.0023,0.0,19.0,-1.6305937955785965,0.9779775240720026,0.24489999999999998,-0.0017000000000000001,-53.0,-0.266,1.1805424117242687,50.477555273616545,0.14880685233893587,0.2935058196762503,-0.1446989673373144,104.59816675000009
2015-12-28,0,1,0,0,0,0,0,0,105.35203,0.8665085,0.0233,0.0003,0.583,32.0,-0.6515182371210764,-0.18609767252729034,-0.2404,0.0026,13.0,-0.023,-1.1640751965992928,53.30443821812224,0.20633222498275927,0.2760711007375521,-0.06973887575479282,104.68220575000007
2015-12-29,0,1,1,0,0,0,0,0,106.674774,1.255548,0.0544,0.0013,1.292,66.0,0.5415161039400719,-0.02936880308663822,0.031099999999999996,0.001,34.0,-0.053099999999999994,0.15672886944065212,57.15397924883736,0.3545686368833856,0.2917706079667188,0.0627980289166668,104.68916720000007
2015-12-30,0,1,1,0,0,0,0,0,105.64046,-0.96960664,-0.3184,-0.4234,1.167,85.0,0.3375019376515694,-1.78356952687598,-0.3728,-0.4247,19.0,-0.10499999999999998,-1.7542007237893418,53.44382338527952,0.38415822869291105,0.31024813211195723,0.07391009658095382,104.69662670000007
2015-12-31,0,1,1,0,0,0,0,0,104.08897,-1.4686465,-0.2915,-0.0557,0.958,95.0,0.007686884487549117,-1.5924070693435637,0.026900000000000035,0.3677,10.0,0.23579999999999998,0.19116245753241623,48.37139890069583,0.27919750172097224,0.30403800603376024,-0.024840504312788003,104.71055120000005
2016-01-01,0,0,0,0,0,0,0,0,104.08897,0.0,-0.0011,-0.0042,0.0,31.0,-1.5627981864375864,-0.2391856645936166,0.2904,0.0515,-64.0,-0.0030999999999999995,1.3532214047499471,48.37139890069583,0.1937815760110908,0.28198672002922637,-0.08820514401813556,104.63496670000004
2016-01-04,0,0,0,0,0,0,0,0,101.66228,-2.3313582,-0.0003,0.0006,2.917,109.0,2.9813070793000818,-0.23543714020353504,0.0008000000000000001,0.0048,78.0,0.0009,0.0037485243900815535,41.266604813540425,-0.06893017861644068,0.21180334030009296,-0.28073351891653364,104.46639220000004
2016-01-05,0,0,0,0,0,0,0,0,102.169495,0.49892664,-0.001,-0.0022,1.667,193.0,1.054576030646126,-0.23035710524511324,-0.0007000000000000001,-0.0028,84.0,-0.0012000000000000001,0.005080034958421797,43.14628585567114,-0.23351135185890826,0.12274040186829271,-0.35625175372720097,104.27941865000005
2016-01-06,0,0,0,0,0,0,0,0,102.40818,0.23361444,-0.0015,0.0025,2.292,104.0,1.9101553605868111,-0.22060173730514235,-0.0005,0.0047,-89.0,0.004,0.009755367939970894,44.05366422860685,-0.34075521862312996,0.030041277770008173,-0.37079649639313816,104.19836265000006
2016-01-07,0,0,0,0,0,0,0,0,97.38574,-4.9043417,-0.0055,-0.0045,2.5,154.0,2.1040036594958993,-0.22253346352542555,-0.004,-0.006999999999999999,50.0,0.001,-0.001931726220283203,32.35284295883737,-0.8215454251349996,-0.1402760628109934,-0.6812693623240063,103.82540915000007
2016-01-08,0,0,0,0,0,0,0,0,96.79896,-0.60253143,-0.0024,0.0118,1.667,136.0,0.9011814874229416,-0.19578275126982606,0.0031,0.0163,-18.0,0.014199999999999999,0.026750712255599496,31.306639877687097,-1.2356792288108522,-0.3593566960109652,-0.876322532799887,103.58721665000007
2016-01-11,0,0,0,0,0,0,0,0,96.97798,0.18494129,-0.0004,-0.0137,1.0,38.0,-0.04218581584379267,-0.21295082072991323,0.0019999999999999996,-0.025500000000000002,-98.0,-0.013300000000000001,-0.01716806946008717,32.02880972850531,-1.5317804228154586,-0.5938414413718639,-0.9379389814435947,103.23166715000006
2016-01-12,0,0,0,0,0,0,0,0,98.82783,1.9074917,0.001,0.002,0.792,82.0,-0.3165024941881782,-0.21815245856985818,0.0014,0.0157,44.0,0.001,-0.005201637839944956,39.14783114399298,-1.5987459688553685,-0.7948223468685649,-0.8039236219868036,102.97408065000006
2016-01-13,0,0,0,0,0,0,0,0,94.919266,-3.9549172,0.0038,-0.0024,1.125,78.0,0.15200241258914346,-0.21320176875326138,0.0028,-0.004399999999999999,-4.0,-0.0062,0.004950689816596798,31.613658342719788,-1.944786804426741,-1.0248152383802,-0.9199715660465408,102.40967675000006
2016-01-14,0,0,0,0,0,0,0,0,97.83328,3.0699968,0.0061,0.0052,1.25,68.0,0.3661637004621252,-0.19800539391239935,0.0023000000000000004,0.007599999999999999,-10.0,-0.0009000000000000006,0.015196374840862031,40.766470901937865,-1.961281649339611,-1.2121085205720823,-0.7491731287675287,102.01931775000006
2016-01-15,0,1,1,0,0,0,0,0,94.45182,-3.4563422,-0.0055,-0.1191,1.083,76.0,0.15869223293750476,-0.2470824005032583,-0.0116,-0.1243,8.0,-0.11359999999999999,-0.04907700659085895,34.92503805166783,-2.221600269720483,-1.4140068704017623,-0.8075933993187205,101.56829125000006
2016-01-18,0,0,0,0,0,0,0,0,94.45182,0.0,-0.0043,-0.0044,1.042,44.0,0.10859968959274727,-0.2374828899349976,0.0011999999999999997,0.1147,-32.0,-0.00010000000000000026,0.009599510568260694,34.925038051667826,-2.400236222785594,-1.6112527408785287,-0.7889834819070654,101.08096425000005
2016-01-19,0,0,0,0,0,0,0,0,94.74025,0.3053546,-0.0001,-0.0012,1.333,117.0,0.5441283157000922,-0.2233013239412528,0.0042,0.0032000000000000006,73.0,-0.0010999999999999998,0.014181565993744816,35.83458025154856,-2.4898313857535896,-1.7869684698535409,-0.7028629159000488,100.57126075000005
2016-01-20,0,0,0,0,0,0,0,0,93.83522,-0.95528364,-0.0175,-0.0374,2.042,105.0,1.6028342330323564,-0.2991098157380259,-0.017400000000000002,-0.0362,-12.0,-0.0199,-0.07580849179677313,34.21844952582334,-2.6038490047655074,-1.9503445768359342,-0.6535044279295732,100.06006525000005
2016-01-21,0,0,1,0,0,0,0,0,93.64625,-0.20137429,-0.0367,-0.0055,1.208,87.0,0.33275779655462356,-0.3800861969754104,-0.019200000000000002,0.031900000000000005,-18.0,0.031200000000000006,-0.08097638123738449,33.87491769412571,-2.678580085133646,-2.0959916784954764,-0.5825884066381697,99.52002825000005
2016-01-22,0,0,0,0,0,0,0,0,97.40564,4.0144444,-0.0046,-0.0032,1.125,83.0,0.219218404111982,-0.21102512133448825,0.032100000000000004,0.0022999999999999995,-4.0,0.0013999999999999998,0.16906107564092215,45.57999834730567,-2.406710588725389,-2.158135460541459,-0.2485751281839299,99.16796075000005
2016-01-25,0,0,0,0,0,0,0,0,96.480705,-0.9495616,0.0041,0.0024,1.417,40.0,0.6447354195602765,-0.13923263104868558,0.0087,0.0056,-43.0,-0.0017000000000000006,0.07179249028580267,43.53800094821622,-2.240064509331731,-2.1745212702995134,-0.06554323903221748,98.72439450000005
2016-01-26,0,0,0,0,0,0,0,0,96.80889,0.3401637,0.0185,-0.003,1.625,90.0,0.929774685800013,-0.05639783094918184,0.0144,-0.0054,50.0,-0.0215,0.08283480009950374,44.488294208773326,-2.057793541039487,-2.151175724447508,0.09338218340802085,98.23110030000005
2016-01-27,0,1,1,1,0,0,0,0,93.93467,-2.968973,-0.0371,0.0044,2.75,103.0,2.545820602770123,-0.3165055131345533,-0.0556,0.0074,13.0,0.0415,-0.26010768218537145,38.39366930613372,-2.120820519830005,-2.1451046835240075,0.024284163694002547,97.64581080000005
2016-01-28,1,1,1,0,1,0,0,1,108.51468,15.521442,0.4769,0.4355,3.083,267.0,2.9504841401160107,2.5444144352506033,0.514,0.4311,164.0,-0.04139999999999999,2.8609199483851566,64.76381771288774,-0.9829540158074224,-1.9126745499806905,0.9297205341732682,97.86709630000004
2016-01-29,1,0,1,0,0,0,0,0,111.59776,2.8411627,0.4237,0.0886,2.333,189.0,1.7912741140427537,2.4942324698151794,-0.05319999999999997,-0.3469,-78.0,-0.3351,-0.05018196543542386,67.8934448403209,0.1656822937921163,-1.497003181226129,1.6626854750182454,98.24253580000004
2016-02-01,0,0,0,0,0,0,0,0,114.462036,2.5666118,-0.0214,0.0042,2.083,36.0,1.3904073989690662,-0.2152655208404245,-0.4451,-0.0844,-153.0,0.025599999999999998,-2.709497990655604,70.51367339185106,1.2922121626374405,-0.9391601124534151,2.231372275090856,98.88252360000004
2016-02-02,0,1,0,0,0,0,0,0,113.98468,-0.41705966,0.0065,0.0236,2.5,167.0,1.8673267390362278,-0.06209138519498217,0.027899999999999998,0.0194,131.0,0.0171,0.15317413564544233,69.49574810472188,2.122015288796746,-0.32692503220338287,2.4489403210001286,99.47328285000003
2016-02-03,0,0,0,0,0,0,0,0,112.07515,-1.6752422,0.0119,0.014,1.625,104.0,0.6822053854264599,-0.0399259645909429,0.005400000000000001,-0.0096,-63.0,0.0020999999999999994,0.022165420604039268,65.42693340262046,2.595636253294245,0.2575872248961427,2.3380490283981024,99.95663135000004
2016-02-04,0,0,0,0,1,0,0,0,109.88716,-1.9522607,0.0162,0.0079,1.625,82.0,0.6582075518829197,0.0048980205113182745,0.004299999999999998,-0.0060999999999999995,-22.0,-0.008299999999999998,0.044823985102261175,61.0185903981147,2.762586396381508,0.7585870591932158,2.003999337188292,100.58170235000003
2016-02-05,0,0,0,0,0,0,0,0,103.502174,-5.810481,-0.0023,0.0068,1.792,105.0,0.8529857936126215,-0.10726524587971537,-0.0185,-0.0011000000000000012,23.0,0.0091,-0.11216326639103363,50.355866026078644,2.3525617119469615,1.077381989743965,1.2751797222029966,100.91686305000003
2016-02-08,0,0,0,0,0,0,0,0,99.20576,-4.1510525,-0.0114,-0.002,1.792,40.0,0.8341175854624068,-0.15224153702797247,-0.0091,-0.008799999999999999,-65.0,0.0094,-0.0449762911482571,44.696007211827,1.661773600644139,1.1942603119239998,0.4675132887201392,101.02825205000002
2016-02-09,0,1,1,0,0,0,0,0,98.9969,-0.2105236,-0.0098,-0.0664,1.583,245.0,0.5383005322755942,-0.12721988241854976,0.0016000000000000007,-0.0644,205.0,-0.0566,0.02502165460942271,44.43454430030497,1.084959056453684,1.1724000608299368,-0.0874410043762528,101.03670555000004
2016-02-10,0,0,0,0,0,0,0,0,100.44893,1.4667511,-0.0032,-0.0036,1.333,154.0,0.18782768698697755,-0.09085997858393921,0.0066,0.0628,-91.0,-0.00039999999999999975,0.036359903834610546,46.76604266782689,0.736506076743737,1.0852212640126968,-0.3487151872689598,101.31318875000004
2016-02-11,0,0,0,0,0,0,0,0,101.35396,0.90099573,-0.0047,0.0023,1.083,159.0,-0.16019559154134064,-0.07555436709965538,-0.0015,0.0059,5.0,0.007,0.015305611484283832,48.22428078194429,0.52730449917334,0.9736379110448254,-0.44633341187148545,101.48922275000004
2016-02-12,0,0,0,0,0,0,0,0,101.45342,0.098121166,-0.01,-0.0173,0.958,91.0,-0.33845481341101147,-0.09424099450150403,-0.0053,-0.0196,-68.0,-0.007299999999999999,-0.01868662740184865,48.39159401879757,0.3653250922543947,0.8519753472867393,-0.4866502550323446,101.83930275000003
2016-02-15,0,0,0,0,0,0,0,0,101.45342,0.0,-0.0131,0.0008,0.0,30.0,-1.617546793293342,-0.17680393425994478,-0.0031000000000000003,0.018099999999999998,-61.0,0.013900000000000001,-0.08256293975844076,48.39159401879756,0.2342549005970369,0.7284312579487988,-0.4941763573517619,102.18938275000004
2016-02-16,0,0,0,0,0,0,0,0,101.0556,-0.39212108,-0.0007,-0.0031,1.125,70.0,-0.12320228980130851,-0.10744450246076347,0.012400000000000001,-0.0039,40.0,-0.0024,0.06935943179918132,47.67690073362894,0.0971600792062759,0.6021770222002942,-0.5050169429940183,102.50515025000004
2016-02-17,0,0,0,0,0,0,0,0,104.62601,3.533113,-0.0113,-0.0051,1.125,72.0,-0.14058261847818485,-0.1743031141620734,-0.0106,-0.0020000000000000005,2.0,0.006199999999999999,-0.06685861170130993,54.212861506872734,0.273461400575826,0.5364338978754006,-0.2629724972995746,103.04468975000005
2016-02-18,0,0,0,0,0,0,0,0,102.90546,-1.6444802,0.0028,0.0035,0.625,85.0,-0.8544398273146249,-0.08381539043669428,0.0141,0.0086,13.0,0.0007000000000000001,0.09048772372537911,50.912408810453414,0.2712209953744633,0.4833913173752132,-0.21217032200074987,103.50765025000005
2016-02-19,0,0,0,0,0,0,0,0,103.99945,1.0631084,-0.0015,0.0068,0.625,90.0,-0.8860857371847691,-0.17667046290861102,-0.0043,0.0032999999999999995,5.0,0.0083,-0.09285507247191674,52.87683784636813,0.353644712149773,0.45744199633012517,-0.10379728418035217,103.83734075000004
2016-02-22,0,0,0,0,0,0,0,0,106.57533,2.4768114,-0.0003,0.0001,1.75,155.0,0.6888890696044566,-0.13946433057674001,0.0012000000000000001,-0.006699999999999999,65.0,0.00039999999999999996,0.037206132331871006,57.21815116691846,0.6196748639007978,0.4898885698442597,0.12978629405653813,104.34207200000006
2016-02-23,0,0,0,0,0,0,0,0,104.8846,-1.5864193,-0.0005,0.0006,1.167,280.0,-0.13476250192851172,-0.1360180148460925,-0.00020000000000000004,0.0004999999999999999,125.0,0.0010999999999999998,0.00344631573064752,53.7198680250348,0.686168175228218,0.5291444909210514,0.15702368430716662,104.74585750000006
2016-02-24,0,0,0,0,0,0,0,0,106.296844,1.3464808,-0.0079,0.0008,1.042,88.0,-0.29588738404528037,-0.1842056365383806,-0.0074,0.0002000000000000001,-192.0,0.008700000000000001,-0.0481876216922881,56.13246369232373,0.8431021350975243,0.591936019756346,0.2511661153411783,105.36396620000005
2016-02-25,0,0,0,0,0,0,0,0,107.48036,1.1134028,0.0007,-0.0008,1.333,248.0,0.11645138077897411,-0.12243346362464763,0.0086,-0.0016,160.0,-0.0015,0.061772172913732964,58.10359602566586,1.050859623484044,0.6837207405018856,0.36713888298215835,105.31225020000004
2016-02-26,0,0,0,0,0,0,0,0,107.33117,-0.13880134,-0.0004,-0.0047,1.167,185.0,-0.12662481956443905,-0.12305433101129651,-0.0011,-0.0039000000000000003,-63.0,-0.0043,-0.0006208673866488768,57.75131868695278,1.1897557796446137,0.7849277483304312,0.40482803131418243,105.09892070000004
2016-02-29,0,0,0,0,0,0,0,0,106.336624,-0.9266138,-0.0006,0.0007,0.458,31.0,-1.1402905749786723,-0.11696262854338954,-0.00019999999999999993,0.0054,-154.0,0.0013,0.006091702467906968,55.34246703694296,1.2056820811419868,0.8690786148927423,0.33660346624924453,104.69265010000004
2016-03-01,0,1,1,0,0,0,0,0,109.22081,2.7123094,-0.0024,-0.0416,0.833,92.0,-0.6069380516352227,-0.12387685100869444,-0.0018,-0.0423,61.0,-0.0392,-0.006914222465304903,60.48936157327339,1.4344975016183668,0.9821623922378672,0.4523351093804996,104.45445660000003
2016-03-02,0,1,1,0,0,0,0,0,109.350105,0.118374825,-0.2008,-0.0421,0.958,144.0,-0.43290357018960635,-1.6645595617790112,-0.1984,-0.0005000000000000004,52.0,0.1587,-1.5406827107703167,60.70798564843061,1.6077354236255843,1.1072769985154105,0.5004584251101738,104.31820435000004
2016-03-03,0,0,1,0,0,0,0,0,108.982124,-0.33650994,-0.1715,-0.117,0.542,91.0,-1.0169555939516572,-1.389751788808496,0.029299999999999993,-0.07490000000000001,-53.0,0.05450000000000001,0.2748077729705152,59.695580222654044,1.6957867594018836,1.2249789506927051,0.4708078087091785,104.27295255000004
2016-03-04,0,1,1,0,0,0,0,0,107.7986,-1.0859668,-0.0201,-0.1303,0.625,110.0,-0.9022612315465279,-0.18032314999286653,0.1514,-0.013299999999999992,19.0,-0.11019999999999999,1.2094286388156295,56.435719361967514,1.6510354725097898,1.310190255056122,0.3408452174536678,104.48777385000002
2016-03-07,0,0,0,0,0,0,0,0,105.15313,-2.454096,-0.0066,-0.0138,0.75,31.0,-0.7235956411412748,-0.10794741143943028,0.0135,0.11649999999999999,-79.0,-0.0072,0.07237573855343625,49.87902023659778,1.3861240600158737,1.3253770160480722,0.060747043967801506,104.78514235000003
2016-03-08,0,0,0,0,0,0,0,0,105.35203,0.1891613,-0.0044,-0.0296,0.458,73.0,-1.120012618255493,-0.08496885519837298,0.0021999999999999997,-0.0158,42.0,-0.0252,0.022978556241057296,50.346110792523326,1.1786427646429587,1.2960301657670494,-0.11738740112409074,105.10289885000002
2016-03-09,0,1,0,0,0,0,0,0,106.92342,1.4915586,-0.0034,-0.0044,0.625,90.0,-0.8738454607138241,-0.06591424363744822,0.0010000000000000005,0.0252,17.0,-0.0010000000000000005,0.019054611560924764,53.993908597414965,1.1280074162494458,1.2624256158635287,-0.13441819961408297,105.42662335000003
2016-03-10,0,0,0,0,0,0,0,0,106.73445,-0.17672777,-0.0011,0.0037,0.25,189.0,-1.3533681004022273,-0.032821696717773435,0.0023,0.0081,99.0,0.0048000000000000004,0.03309254691967478,53.485042644014534,1.0604065317103704,1.222021799032897,-0.16161526732252662,105.69564785000003
2016-03-11,0,0,0,0,0,0,0,0,108.81305,1.9474506,-0.0041,0.0008,0.042,84.0,-1.6065509494129369,-0.09626127776170273,-0.003,-0.0029000000000000002,-105.0,0.004900000000000001,-0.0634395810439293,58.15647083690442,1.161172715826936,1.2098519823917049,-0.04867926656476884,106.06362935000001
2016-03-14,0,0,0,0,0,0,0,0,109.29043,0.43871403,-0.0024,-0.0189,0.583,50.0,-0.860023946078259,-0.05828506679343666,0.0017000000000000006,-0.0197,-34.0,-0.0165,0.037976210968266075,59.17063362460073,1.2649694388148305,1.22087547367633,0.04409396513850039,106.45547985
2016-03-15,0,1,0,0,1,0,0,0,110.06617,0.70979595,0.004,0.0032,0.708,78.0,-0.6904453214139104,0.020746542866631135,0.0063999999999999994,0.0221,28.0,-0.0007999999999999999,0.0790316096600678,60.831933920263445,1.3937584447020441,1.255452067881473,0.13830637682057123,106.90600835000001
2016-03-16,0,1,0,0,0,0,0,0,111.56793,1.3644218,-0.0035,0.0239,1.083,151.0,-0.1772970928930013,-0.04445089479489878,-0.0075,0.0207,73.0,0.0274,-0.06519743766152991,63.89471080109289,1.5985767433920017,1.3240770029835787,0.27449974040842307,107.25310435000002
2016-03-17,0,0,1,0,0,0,0,0,110.41427,-1.0340571,-0.0474,-0.0089,0.292,130.0,-1.280081081592969,-0.42548790307511375,-0.043899999999999995,-0.0328,-21.0,0.0385,-0.381037008280215,60.01243432144161,1.6487996640933318,1.3890215352055293,0.2597781288878025,107.62854485000003
2016-03-18,0,0,0,0,1,0,0,0,110.84191,0.3873229,0.0015,0.0008,0.917,91.0,-0.44307148090372894,0.051366095562612395,0.0489,0.0097,-39.0,-0.0007,0.47685399863772615,60.959376510760976,1.7034720986702467,1.4519116478984728,0.2515604507717739,107.97066785000004
2016-03-21,0,0,0,0,0,0,0,0,111.23973,0.3589034,-0.0013,-0.0002,0.667,67.0,-0.8020935432831747,0.02901384821596054,-0.0028,-0.001,-24.0,0.0010999999999999998,-0.022352247346651855,61.864119554732845,1.7586287685106186,1.513255072020902,0.24537369648971663,108.20388785000003
2016-03-22,0,0,0,0,0,0,0,0,111.63754,0.35762787,0.0142,-0.0022,0.458,72.0,-1.069486022407309,0.18085752082349793,0.0155,-0.002,5.0,-0.0164,0.1518436726075374,62.792681009685204,1.8135354611945473,1.573311149855631,0.24022431133891642,108.54153485000003
2016-03-23,0,0,0,0,0,0,0,0,111.925964,0.25835037,0.0015,-0.0031,0.542,72.0,-0.9293083866745045,0.012583515311700103,-0.012700000000000001,-0.0008999999999999998,0.0,-0.0046,-0.16827400551179783,63.486852116833134,1.858894636816487,1.6304278472478022,0.22846678956868471,108.82299085000004
2016-03-24,0,0,0,0,0,0,0,0,112.43319,0.4531741,-0.0094,0.0018,0.167,59.0,-1.4125889175602089,-0.15868708795260536,-0.0109,0.0049,-13.0,0.0112,-0.17127060326430546,64.7329775084066,1.9137109409440285,1.6870844659870474,0.22662647495698107,109.07063235000005
2016-03-25,0,0,0,0,0,0,0,0,112.43319,0.0,0.0003,0.0023,0.0,55.0,-1.6426552508060932,-0.05179182368884497,0.0097,0.0005,-4.0,0.002,0.10689526426376039,64.7329775084066,1.9348495160759285,1.7366374760048235,0.19821204007110493,109.32573335000006
2016-03-28,0,0,0,0,0,0,0,0,113.0697,0.5661249,-0.0006,0.0009,1.292,32.0,0.18368443627390152,-0.061678643487471006,-0.0009,-0.0014,-23.0,0.0015,-0.009886819798626038,66.40176861588533,1.9801372371499184,1.7853374282338426,0.19479980891607585,109.66238715000006
2016-03-29,0,0,0,0,0,0,0,0,115.506325,2.154982,0.0016,0.0044,1.708,168.0,0.7851161637542244,-0.037855074559714916,0.0022,0.0035000000000000005,136.0,0.0028000000000000004,0.02382356892775609,71.88608665654615,2.1874280472546133,1.8657555520379967,0.32167249521661656,109.97666290000006
2016-03-30,0,0,0,0,0,0,0,0,114.07418,-1.2398839,0.0022,0.0085,1.167,101.0,0.029335701229044903,-0.031909147812660264,0.0006000000000000001,0.0041,-67.0,0.0063,0.0059459267470546515,65.15427283894944,2.210662236969057,1.9347368890242087,0.27592534794484824,110.21286665000007
2016-03-31,0,0,0,0,0,0,0,0,113.47746,-0.5231023,-0.0006,0.0033,0.75,101.0,-0.5641803058544066,-0.06374993047354105,-0.0028,-0.005200000000000001,0.0,0.0039,-0.031840782660880786,62.52689575027437,2.1560713344721734,1.9790037781138017,0.17706755635837168,110.43763345000006
2016-04-01,0,0,0,0,0,0,0,0,115.42676,1.717794,-0.0028,0.0014,1.25,163.0,0.21414513331424445,-0.08798244078146975,-0.0022,-0.0019,62.0,0.0042,-0.024232510307928695,67.18251611253471,2.244229785969253,2.032048979684892,0.2121808062843611,110.81904145000006
2016-04-04,0,0,0,0,0,0,0,0,111.93591,-3.024292,-0.005,0.0032,2.375,35.0,1.8560484432622641,-0.11143367141276334,-0.0022,0.0018000000000000002,-128.0,0.0082,-0.02345123063129359,54.19673206069052,2.0092521649373936,2.027489616735392,-0.018237451797998627,111.15818045000006
2016-04-05,0,0,0,0,0,0,0,0,111.60771,-0.29320717,-0.0109,-0.0048,2.125,159.0,1.4264976242022116,-0.1743808707701778,-0.0059,-0.008,124.0,0.0061,-0.06294719935741447,53.15642922250488,1.7760742320499077,1.9772065397982952,-0.20113230774838753,111.47096445000007
2016-04-06,0,0,0,0,0,0,0,0,113.08958,1.3277531,-0.0009,-0.0008,2.25,201.0,1.5498618302471312,-0.06306440721818557,0.01,0.003999999999999999,42.0,9.999999999999994e-05,0.11131646355199223,57.15532216256267,1.6913566580548576,1.9200365634496077,-0.22867990539475014,111.77927245000005
2016-04-07,0,0,0,0,0,0,0,0,113.019966,-0.061559677,0.0003,0.0004,1.25,225.0,0.10815224722007943,-0.048742388543034164,0.0012,0.0012000000000000001,24.0,0.00010000000000000005,0.014322018675151406,56.90954244295453,1.6001545170837517,1.8560601541764365,-0.2559056370926849,112.09354825000005
2016-04-08,0,0,0,0,0,0,0,0,110.02638,-2.6487172,-0.001,0.0046,2.125,123.0,1.3243313132893757,-0.06393312587162113,-0.0013,0.0042,-102.0,0.0056,-0.015190737328586966,47.45843657332621,1.2716598879231071,1.7391801009257706,-0.46752021300266344,112.15421475000002
2016-04-11,0,0,0,0,0,0,0,0,108.39533,-1.4824212,-0.0011,-0.001,2.125,48.0,1.280714245651352,-0.06562998211918733,-0.00010000000000000005,-0.0056,-75.0,0.00010000000000000005,-0.0016968562475662002,43.24449435316009,0.8696881996870047,1.5652817206780174,-0.6955935209910127,112.10945975000001
2016-04-12,0,0,0,0,0,0,0,0,110.0065,1.486373,0.001,0.0024,2.875,174.0,2.1978897424548394,-0.042636903288834016,0.0021000000000000003,0.0034,126.0,0.0013999999999999998,0.022993078830353314,48.14277019145243,0.6733685214429102,1.386899080830996,-0.7135305593880858,112.10647625000001
2016-04-13,0,0,0,0,0,0,0,0,109.90705,-0.090408325,0.0003,0.0002,3.5,564.0,2.8187610622356964,-0.0536728063206995,-0.0007000000000000001,-0.0021999999999999997,390.0,-9.999999999999996e-05,-0.011035903031865482,47.868151557607305,0.5039497590414896,1.2103092164730946,-0.706359457431605,112.02343225
2016-04-14,0,0,0,0,0,0,0,0,110.23524,0.29860735,-0.0064,-0.0016,2.625,373.0,1.6478532691348005,-0.13352387898055984,-0.0067,-0.0018000000000000002,-191.0,0.0048000000000000004,-0.07985107265986034,48.90398796416258,0.3916516430968926,1.0465777017978541,-0.6549260587009615,112.01448074999999
2016-04-15,0,0,0,0,0,0,0,0,109.041794,-1.0826409,0.0013,0.0011,1.333,174.0,0.05594958281552091,-0.049377108694810073,0.0077,0.0027,-199.0,-0.00019999999999999987,0.08414677028574977,45.37336645628362,0.20400185262067794,0.8780625319624189,-0.674060679341741,111.92447494999999
2016-04-18,0,0,0,0,0,0,0,0,109.847374,0.73877573,-0.0017,0.0003,1.292,42.0,0.008114560032668718,-0.08151577288433362,-0.003,-0.0008000000000000001,-132.0,0.002,-0.03213866418952355,48.0972458606334,0.1189207705937747,0.7262341796886901,-0.6073134090949154,111.85485715
2016-04-19,0,0,0,0,1,0,0,0,111.67732,1.665914,0.0131,0.009,1.708,82.0,0.5174585333111555,0.08333347221551618,0.0148,0.0087,40.0,-0.004100000000000001,0.1648492450998498,53.740141528166816,0.19688517902746128,0.6203643795564443,-0.423479200528983,111.85684614999998
2016-04-20,0,0,0,0,0,0,0,0,111.80662,0.11576414,0.0087,0.0352,1.542,81.0,0.34773271245746296,0.02621659697829511,-0.004400000000000001,0.0262,-1.0,0.026500000000000003,-0.057116875237221074,54.11970356296941,0.2660392291789009,0.5494993494809356,-0.2834601203020347,111.85087894999997
2016-04-21,0,1,0,0,0,0,0,0,112.82107,0.9073138,0.0074,0.0111,1.708,105.0,0.6128610221653581,0.13537141963431992,-0.001299999999999999,-0.024100000000000003,24.0,0.0037,0.10915482265602482,57.094186052415886,0.39811275303910065,0.5192220301925686,-0.12110927715346798,111.87027294999996
2016-04-22,0,0,0,0,0,0,0,0,109.95677,-2.5387883,0.0032,0.0063,1.875,108.0,0.8534221366470635,0.3380264347813363,-0.004200000000000001,-0.0048000000000000004,3.0,0.0031,0.2026550151470164,47.692462300090305,0.26856109506019266,0.4690898431660934,-0.20052874810590077,111.74645194999994
2016-04-25,0,0,0,0,0,0,0,0,109.499275,-0.41606426,0.0032,-0.0154,1.583,42.0,0.4788816794969209,0.32626954022280114,0.0,-0.0217,-66.0,-0.018600000000000002,-0.01175689455853518,46.3787885171033,0.1275046553894157,0.4007728056107579,-0.2732681502213422,111.56793069999995
2016-04-26,0,0,0,0,0,0,0,0,108.16659,-1.2170732,0.0097,-0.003,2.042,90.0,1.1246762033828426,0.5122516378463525,0.006500000000000001,0.012400000000000001,48.0,-0.0127,0.1859820976235514,42.68995288610745,-0.09077374783286984,0.30246349492203234,-0.3932372427549022,111.20094394999994
2016-04-27,0,0,0,0,0,0,0,0,108.295876,0.119531155,0.0233,0.0113,2.958,98.0,2.2490446605969208,0.8959364315153034,0.013600000000000001,0.0143,8.0,-0.012000000000000002,0.3836847936689509,43.16225017540787,-0.25044171904310986,0.1918824521290039,-0.44232417117211376,110.91202874999995
2016-04-28,1,1,1,0,0,0,0,0,116.09312,7.199931,0.509,0.2736,3.542,218.0,2.7745160341147646,6.7622384469129875,0.4857,0.26230000000000003,120.0,-0.2354,5.866302015397684,62.978248538942836,0.24931869917158167,0.20336970153751946,0.04594899763406221,111.04281174999994
2016-04-29,0,1,1,0,0,0,0,0,116.93848,0.728178,0.1446,0.0749,1.375,233.0,0.13214694959937306,1.8298074074694173,-0.3644,-0.19870000000000002,15.0,-0.06970000000000001,-4.93243103944357,64.42633004157402,0.7054637710016465,0.3037885154303449,0.40167525557130157,111.11839774999994
2016-05-02,0,0,1,0,0,0,0,0,117.92306,0.8419752,0.0314,-0.0092,1.333,32.0,0.09029727067544757,0.35936721875772887,-0.11320000000000001,-0.0841,-201.0,-0.0406,-1.4704401887116885,66.0899658907704,1.133344909660508,0.46969979427637754,0.6636451153841304,111.41775524999994
2016-05-03,0,1,1,0,0,0,0,0,116.78929,-0.9614587,-0.083,-0.012,1.167,102.0,-0.1057893099580654,-1.0890833822314203,-0.1144,-0.0028000000000000004,70.0,0.07100000000000001,-1.4484506009891491,62.46719997298879,1.3652206176164725,0.6488039589443966,0.7164166586720759,111.67683424999993
2016-05-04,0,1,0,0,0,0,0,0,117.41585,0.5364895,-0.0328,-0.0035,1.625,157.0,0.4523685267928332,-0.4412122412498995,0.0502,0.0085,55.0,0.029300000000000003,0.6478711409815208,63.65295835188207,1.5813135441618442,0.8353058759878861,0.7460076681739581,111.89314774999994
2016-05-05,0,1,0,0,0,0,0,0,117.16721,-0.21175742,-0.0028,0.0021,0.583,173.0,-0.8160721224361365,-0.05926619385580054,0.030000000000000002,0.0056,16.0,0.0049,0.38194604739409893,62.80500394960325,1.7127619220060808,1.0107970851915251,0.7019648368145557,112.10050994999995
2016-05-06,0,0,0,0,0,0,0,0,118.83804,1.4260292,-0.0823,-0.0848,0.833,75.0,-0.5067572218676824,-1.0473331125595513,-0.0795,-0.0869,-98.0,-0.0025000000000000022,-0.9880669187037507,66.0754978268438,1.9295154724879637,1.1945407626508129,0.7349747098371509,112.54109294999996
2016-05-09,0,1,0,0,0,0,0,0,118.5894,-0.20922422,-0.0205,-0.0011,0.792,101.0,-0.5832058211971067,-0.2653449656636009,0.061799999999999994,0.0837,26.0,0.0194,0.7819881468959504,65.15734365868805,2.057513320045132,1.3671352741296767,0.6903780459154552,113.05079644999996
2016-05-10,0,1,1,0,0,0,0,0,119.842545,1.056695,-0.1118,-0.0006,1.208,159.0,-0.0669979334848908,-1.3716104567134273,-0.09129999999999999,0.0005000000000000001,58.0,0.1112,-1.1062654910498264,67.60090401486953,2.2343150716065168,1.5405712336250448,0.693743837981472,113.54259869999996
2016-05-11,0,1,1,0,0,0,0,0,118.86788,-0.81328154,-0.2735,0.0006,1.333,212.0,0.0843652488712547,-3.0476759070862913,-0.1617,0.0012,53.0,0.2741,-1.676065450372864,63.85019991462868,2.269621628281598,1.6863813125563554,0.5832403157252428,113.99064019999996
2016-05-12,0,1,0,0,0,0,0,0,119.62373,0.6358743,-0.0105,0.0004,1.083,251.0,-0.23772125305907477,-0.052106329551015775,0.263,-0.00019999999999999993,39.0,0.0109,2.9955695775352758,65.45108318160418,2.331714552989638,1.8154479606430118,0.5162665923466261,114.46006469999995
2016-05-13,0,0,1,0,0,0,0,0,119.156296,-0.39075613,-0.0587,-0.0136,0.875,223.0,-0.5050801968347582,-0.5880761795652341,-0.0482,-0.013999999999999999,-28.0,0.0451,-0.5359698500142183,63.576017649549435,2.316502427869267,1.9156588540882629,0.4008435737810041,114.96578979999995
2016-05-16,0,0,0,0,0,0,0,0,118.022514,-0.9515047,-0.0306,-0.0476,1.0,94.0,-0.33304808829326665,-0.26334047450273074,0.028100000000000003,-0.034,-129.0,-0.017000000000000005,0.3247357050625033,59.149666586923,2.1877410600072125,1.9700752952720528,0.21766576473515964,115.37454679999996
2016-05-17,0,1,0,0,0,0,0,0,116.709724,-1.11233,-0.0253,-0.0021,0.75,162.0,-0.6368553331681254,-0.1984879474614323,0.005299999999999999,0.045500000000000006,68.0,0.0232,0.06485252704129843,54.42469777101162,1.9572041357847354,1.9675010633745893,-0.0102969275898539,115.62616699999997
2016-05-18,0,0,0,0,0,0,0,0,117.008095,0.25564432,-0.0194,-0.0022,0.792,133.0,-0.5776319322376674,-0.12940287222773064,0.005899999999999999,-0.00010000000000000026,-29.0,0.0172,0.06908507523370166,55.298700576710125,1.7780813930373824,1.929617129307148,-0.15153573626976558,115.88624074999998
2016-05-19,0,1,1,0,0,0,0,0,116.172676,-0.71398616,-0.084,0.0002,0.625,163.0,-0.7680389637064484,-0.8406232683790344,-0.0646,0.0024000000000000002,30.0,0.08420000000000001,-0.7112203961513038,52.27584924743477,1.5508369148958678,1.853861086424892,-0.30302417152902406,116.05382104999998
2016-05-20,0,0,0,0,0,0,0,0,116.709724,0.46229362,-0.0229,-0.0175,0.375,135.0,-1.052848558081429,-0.14791401756932174,0.0611,-0.0177,-28.0,0.0053999999999999986,0.6927092508097127,54.016058581402625,1.3979644500853112,1.7626817591569757,-0.36471730907166444,116.39146874999999
2016-05-23,0,0,0,0,0,0,0,0,115.33726,-1.1759698,-0.0241,0.001,0.833,35.0,-0.4983858965985004,-0.15700241820367694,-0.0011999999999999997,0.018500000000000003,-100.0,0.0251,-0.009088400634355204,49.08969810232446,1.1527770494492984,1.6407008172154403,-0.4879237677661419,116.68336799999997
2016-05-24,0,1,1,0,0,0,0,0,117.05781,1.4917612,-0.1006,-0.0072,1.0,190.0,-0.2950547677690885,-0.9919159380971138,-0.0765,-0.008199999999999999,155.0,0.0934,-0.8349135198934368,54.67094209275256,1.0847934500968677,1.5295193437917258,-0.44472589369485815,117.12792899999997
2016-05-25,0,0,1,0,0,0,0,0,117.24678,0.16143322,-0.1099,-0.0116,0.958,120.0,-0.3472365359477747,-1.1449370126473977,-0.009300000000000003,-0.004399999999999999,-70.0,0.0983,-0.1530210745502839,55.251194606614916,1.0342421577256289,1.4304639065785065,-0.39622174885287764,117.57547419999996
2016-05-26,0,0,0,0,0,0,0,0,118.81815,1.3402343,-0.0094,-0.0061,0.208,102.0,-1.262687187650184,-0.021526677280012497,0.10049999999999999,0.005499999999999999,-18.0,0.0033,1.1234103353673852,59.853337151914886,1.1082016619051274,1.3660114576438307,-0.25780979573870333,117.71172569999996
2016-05-27,0,0,0,0,0,0,0,0,118.72864,-0.07533431,-0.0218,-0.0008,0.0,158.0,-1.4846389717259048,-0.1681162429111605,-0.0124,0.0053,56.0,0.021,-0.146589565631148,59.478093423888566,1.1463776647591004,1.3220846990668846,-0.17570703430778423,117.80123369999997
2016-05-30,0,0,1,0,0,0,1,0,118.72864,0.0,-0.036,0.0237,0.0,27.0,-1.4467948908379942,-0.33025430031878944,-0.014199999999999997,0.024499999999999997,-131.0,0.059699999999999996,-0.16213805740762893,59.47809342388858,1.1632235055733702,1.2903124603681817,-0.12708895479481153,117.84151269999995
2016-05-31,0,1,0,0,1,0,0,0,118.16175,-0.47746897,-0.0039,0.0003,0.0,49.0,-1.4223082683449995,0.049639519943866235,0.0321,-0.023399999999999997,22.0,0.0042,0.37989382026265567,56.859749910792125,1.1179437112760127,1.255838710549748,-0.13789499927373527,117.91013569999996
2016-06-01,0,0,0,0,0,0,0,0,118.13192,-0.025248528,0.016,0.0022,0.208,121.0,-1.158890770660406,0.2811983472913597,0.0199,0.0019000000000000002,72.0,-0.0138,0.23155882734749345,56.71825800087992,1.067348388549874,1.2181406461497732,-0.15079225759989923,117.94593919999996
2016-06-02,0,1,0,0,0,0,0,0,118.281105,0.12629032,-0.0175,-0.0022,0.125,133.0,-1.2502833536273128,-0.11186600402984057,-0.0335,-0.0044,12.0,0.015300000000000001,-0.3930643513212002,57.29066646478197,1.0274454617581625,1.1800016092714511,-0.1525561475132886,118.00163394999996
2016-06-03,0,0,0,0,1,0,0,0,117.82361,-0.3867805,-0.0011,-0.0027,0.083,116.0,-1.3016865464014582,0.08154035181713648,0.0164,-0.0005,-17.0,-0.0016,0.19340635584697705,54.89313018315012,0.9479783771007533,1.1335969628373115,-0.1856185857365582,117.95091244999995
2016-06-06,0,0,0,0,0,0,0,0,118.14187,0.2701044,-0.0019,-0.0044,0.583,77.0,-0.7153500590807909,0.07197818259479008,-0.0007999999999999999,-0.0017000000000000001,-39.0,-0.0025000000000000005,-0.0095621692223464,56.264320022652484,0.9003029304079035,1.08693815635143,-0.18663522594352644,117.92853594999994
2016-06-07,0,0,0,0,0,0,0,0,117.11749,-0.8670747,-0.0115,-0.0025,0.167,210.0,-1.181472509082583,-0.038528604960711484,-0.0096,0.0019000000000000002,133.0,0.009,-0.11050678755550156,50.90087470387849,0.7709735869259475,1.0237452424663336,-0.25277165554038605,117.79228319999996
2016-06-08,0,0,0,0,1,0,0,0,117.74405,0.53498745,-0.0017,-0.0035,0.0,106.0,-1.3337422171205984,0.07705535801994437,0.0098,-0.001,-104.0,-0.0018000000000000002,0.11558396298065585,53.80170918763362,0.7108431487343694,0.9611648237199407,-0.25032167498557134,117.73609169999995
2016-06-09,0,0,0,0,0,0,0,0,117.91312,0.14358759,0.0086,0.0019,0.042,80.0,-1.2739098273854395,0.18815830363916744,0.0103,0.0054,-26.0,-0.0067,0.11110294561922307,54.58148665072853,0.6691186954648032,0.9027555980689133,-0.23363690260411007,117.65056119999997
2016-06-10,0,0,0,0,0,0,0,0,115.98371,-1.6362965,-0.0011,0.0002,0.083,124.0,-1.1971959897356206,0.07374220360414932,-0.0097,-0.0017,44.0,0.0013000000000000002,-0.11441610003501812,45.20439630471705,0.4748902640374837,0.8171825312626273,-0.3422922672251436,117.49193189999997
2016-06-13,0,0,0,0,0,0,0,0,113.32826,-2.289492,-0.0064,0.0001,0.542,42.0,-0.6778389474278584,0.011948563745728037,-0.0053,-0.0001,-82.0,0.006500000000000001,-0.06179363985842128,36.02986879644838,0.10547436746008998,0.6748408985021198,-0.5693665310420298,117.25721919999997
2016-06-14,0,0,0,0,0,0,0,0,114.312874,0.8688092,-0.0186,-0.0022,0.25,102.0,-0.9982546861937395,-0.12619529614120575,-0.012199999999999999,-0.0023,60.0,0.016399999999999998,-0.13814385988693378,40.82554509429785,-0.10661132208014124,0.5185504543856676,-0.6251617764658088,117.13737669999998
2016-06-15,0,0,0,0,0,0,0,0,113.97473,-0.2958119,-0.0143,-0.0003,0.542,125.0,-0.671593832586823,-0.07210206193588112,0.004299999999999998,0.0019000000000000002,23.0,0.014,0.054093234205324636,39.724139000477734,-0.29853483015776305,0.35513339747698147,-0.6536682276347445,116.98570844999998
2016-06-16,0,1,1,0,1,0,0,0,113.76587,-0.18324256,-0.0021,-0.0563,0.667,163.0,-0.5453141882289055,0.07109135595210116,0.0122,-0.056,38.0,-0.054200000000000005,0.1431934178879823,39.02383960383861,-0.4621613412709138,0.1916744497274024,-0.6538357909983162,116.86536814999997
2016-06-17,0,0,0,0,0,0,0,0,112.403336,-1.19766,-0.0459,-0.0675,0.167,124.0,-1.116482467324608,-0.4383453621753372,-0.043800000000000006,-0.011200000000000002,-39.0,-0.0216,-0.5094367181274384,34.72326424160877,-0.6937841252909465,0.014582734723732615,-0.7083668600146791,116.65004874999997
2016-06-20,0,0,0,0,1,0,0,0,112.75144,0.3096819,-0.0028,-0.0007,0.667,68.0,-0.5375538823120046,0.07224486826202595,0.043100000000000006,0.0668,-56.0,0.0021,0.5105902304373632,36.64427062706509,-0.8395796156167137,-0.15624973534435666,-0.6833298802723571,116.52075774999999
2016-06-21,0,1,1,0,0,0,0,0,113.75593,0.8908868,-0.0747,-0.0027,1.958,89.0,0.912200176786471,-0.7600684342653518,-0.0719,-0.002,21.0,0.07200000000000001,-0.8323133025273777,41.95278564040116,-0.8641087363492375,-0.29782153554533286,-0.5662872008039046,116.35566374999999
2016-06-22,0,1,0,0,1,0,0,0,113.2885,-0.4109025,0.0113,0.0055,1.042,231.0,-0.11599967321309934,0.2510864244950939,0.08600000000000001,0.008199999999999999,142.0,-0.0058,1.0111548587604458,40.262188310363655,-0.9107671786741633,-0.42041066417109896,-0.4903565145030644,116.15774975
2016-06-23,0,0,0,0,0,0,0,0,114.4521,1.0271192,0.0059,0.001,0.792,130.0,-0.39815551950405764,0.18618883388073604,-0.005399999999999999,-0.0045,-101.0,-0.0049,-0.06489759061435785,46.08654971747891,-0.8441210331603628,-0.5051527379689518,-0.33896829519141103,115.93944724999999
2016-06-24,0,0,0,0,0,0,0,0,111.46847,-2.6068807,0.0012,0.0009,0.375,129.0,-0.8458381833970564,0.13006011858177238,-0.0047,-0.00010000000000000005,-1.0,-0.0002999999999999999,-0.056128715298963655,36.310610494631895,-1.0202961495451746,-0.6081814202841963,-0.41211472926097825,115.57643875
2016-06-27,0,0,0,0,0,0,0,0,108.37544,-2.7748048,-0.0009,-0.0051,0.5,53.0,-0.6798308408007011,0.10452775838007629,-0.0021,-0.006,-76.0,-0.004200000000000001,-0.025532360201696094,29.35817196656348,-1.3934352162336126,-0.7652321794740795,-0.628203036759533,115.05877874999999
2016-06-28,0,0,0,0,0,0,0,0,112.0851,3.4229517,-0.0121,0.0015,0.792,95.0,-0.3273258172848232,-0.027073500643340822,-0.0112,0.0066,42.0,0.0136,-0.1316012590234171,43.364570085140215,-1.373973741801663,-0.8869804919395963,-0.4869932498620668,114.75494624999996
2016-06-29,0,0,0,0,1,0,0,0,113.53713,1.2954831,-0.0006,0.0005,1.792,173.0,0.8349406195356701,0.10823445722287554,0.0115,-0.001,78.0,0.0010999999999999998,0.13530795786621636,47.732934127235765,-1.2272368744626618,-0.9550317684442093,-0.2722051060184525,114.52520674999998
2016-06-30,0,0,0,0,0,0,0,0,113.65647,0.10510683,-0.0079,-0.0033,1.333,314.0,0.30231682700691803,0.023917565951265225,-0.007300000000000001,-0.0038,141.0,0.004600000000000001,-0.08431689127161032,48.08733847819172,-1.0887664869524656,-0.9817787121458605,-0.10698777480660504,114.29397499999997
2016-07-01,0,0,0,0,0,0,0,0,113.56697,-0.07874966,-0.0087,-0.0208,0.375,165.0,-0.7775388370852638,0.016011936464200134,-0.0007999999999999986,-0.017499999999999998,-149.0,-0.0121,-0.00790562948706509,47.825428838921695,-0.9750102974564214,-0.9804250292079727,0.005414731751551272,114.08114299999997
2016-07-04,0,0,1,0,0,0,0,0,113.56697,0.0,-0.1253,0.0003,0.208,26.0,-0.9407196676349041,-1.3125977021464335,-0.1166,0.0211,-139.0,0.1256,-1.3286096386106336,47.82542883892171,-0.874773849304745,-0.9592947932273271,0.08452094392258214,113.85239799999997
2016-07-05,0,0,1,0,0,0,0,0,113.378006,-0.16639233,-0.0581,0.0006,0.917,21.0,-0.07436690078076189,-0.5206404798716121,0.0672,0.0003,-5.0,0.0587,0.7919572222748213,47.19599327511463,-0.8013461380827209,-0.9277050621984059,0.12635892411568495,113.66542379999996
2016-07-06,0,1,0,0,1,1,0,0,116.06327,2.3684144,-0.0033,0.0001,1.042,78.0,0.14080296284676083,0.114300636715498,0.0548,-0.0004999999999999999,57.0,0.0034,0.6349411165871102,56.04837173438324,-0.5204760607653753,-0.8462592619117998,0.32578320114642445,113.58138479999998
2016-07-07,0,0,0,0,0,0,0,0,115.2179,-0.7283628,-0.0025,0.0004,1.625,115.0,0.9796783502003459,0.12279862378334994,0.0007999999999999999,0.00030000000000000003,37.0,0.0029000000000000002,0.008497987067851931,53.03403154926212,-0.3619267288413539,-0.7493927552977107,0.38746602645635675,113.44662379999997
2016-07-08,0,1,1,0,0,0,0,0,116.60033,1.1998296,-0.1167,-0.0392,1.833,124.0,1.2438491005326293,-1.1626693771375756,-0.1142,-0.039599999999999996,9.0,0.0775,-1.2854680009209254,57.09746557405763,-0.12330332942690347,-0.6241748701235492,0.5008715406966457,113.47745479999999
2016-07-11,0,0,1,0,1,0,0,0,117.22689,0.5373597,-0.0057,-0.06,1.333,36.0,0.5550656449239548,0.10805182261973668,0.111,-0.0208,-88.0,-0.0543,1.2707211997573122,58.835801838372625,0.11503948583430201,-0.476331998931979,0.591371484766281,113.67238629999997
2016-07-12,0,1,1,0,0,0,0,0,117.28656,0.050902367,-0.4223,-0.1465,1.583,65.0,0.9041375386108079,-3.924963125227283,-0.4166,-0.0865,29.0,0.27580000000000005,-4.03301494784702,59.00615396631529,0.30522431846533493,-0.3200207354525162,0.6252450539178511,113.82107059999996
2016-07-13,0,1,0,0,1,0,0,0,116.14284,-0.97515583,-0.0202,-0.0043,1.625,93.0,0.9584450914935746,0.026341189635438318,0.4021,0.1422,28.0,0.015899999999999997,3.9513043148627216,54.36234401012066,0.3595142663276505,-0.18411373509648285,0.5436280014241334,113.92947609999996
2016-07-14,0,0,0,0,0,0,0,0,116.65006,0.43672323,-0.013,-0.0004,1.792,98.0,1.183692603025069,0.10047220194503989,0.0072,0.0039,5.0,0.0126,0.07413101230960158,56.01558912126021,0.4384140913898307,-0.05960816979922014,0.4980222611890508,114.07368559999995
2016-07-15,0,0,0,0,0,0,0,0,116.222404,-0.3666103,-0.0039,-0.0033,0.458,109.0,-0.622445132626342,0.19113326748592438,0.0091,-0.0029,11.0,0.0005999999999999998,0.09066106554088449,54.231770938341526,0.46111901311786596,0.04453726678419709,0.41658174633366885,114.26463899999996
2016-07-18,0,0,0,0,0,0,0,0,118.718704,2.1478653,-0.0146,-0.0007,0.792,37.0,-0.14138053243502618,0.08889425750919502,-0.010700000000000001,0.0026,-72.0,0.013900000000000001,-0.10223900997672936,61.86564475674348,0.6727878946641255,0.17018739236018277,0.5026005023039427,114.56300219999996
2016-07-19,0,0,0,0,0,0,0,0,119.951935,1.0387897,0.001,0.0021,1.792,77.0,1.2744565705879771,0.24387995701547158,0.0156,0.0028,40.0,0.0010999999999999998,0.15498569950627655,64.97382320029976,0.9293356406657409,0.32201704202129444,0.6073185986444465,114.87280244999997
2016-07-20,0,1,1,0,0,0,0,0,121.25478,1.0861397,-0.118,-0.0063,1.458,104.0,0.901372049249323,-0.8993815367577942,-0.119,-0.0084,27.0,0.1117,-1.1432614937732657,67.94618870689571,1.2236745226822023,0.502348538153476,0.7213259845287263,115.27111644999998
2016-07-21,0,1,1,0,1,0,0,1,119.951935,-1.074475,0.0005,0.1111,1.667,140.0,1.4685094732601653,0.4726759332483914,0.1185,0.1174,36.0,0.1106,1.3720574700061856,62.2566157640084,1.3364062448012959,0.66916007948304,0.6672461653182559,115.54610819999998
2016-07-22,0,1,0,0,0,0,0,0,120.339806,0.3233552,-0.0035,0.0031,1.25,151.0,0.7405852462693492,0.4756649111829887,-0.004,-0.108,11.0,0.0066,0.0029889779345972922,63.243415357784215,1.4404403946689541,0.8234161425202229,0.6170242521487312,115.98967499999999
2016-07-25,0,0,1,0,0,0,0,0,120.96637,0.5206585,-0.0666,-0.3082,1.5,40.0,1.1710487616939844,-0.3977176778256384,-0.0631,-0.31129999999999997,-111.0,-0.24159999999999998,-0.8733825890086271,64.84249108528589,1.5555156699821282,0.9698360480126039,0.5856796219695243,116.61922150000001
2016-07-26,0,1,0,0,0,0,0,0,120.55862,-0.33708215,-0.0392,-0.0497,1.542,70.0,1.2214987258788015,-0.01741193647653358,0.027400000000000008,0.25849999999999995,30.0,-0.010500000000000002,0.3803057413491048,62.923984430010414,1.5954206216379703,1.0949529627376773,0.500467658900293,117.04289750000001
2016-07-27,0,1,1,0,1,0,0,1,122.66704,1.7488837,0.0377,-0.0072,2.208,73.0,2.2905326467429044,1.0560538487864486,0.0769,0.0425,3.0,-0.044899999999999995,1.073465785262982,68.16853302425628,1.776696801748514,1.2313017305398446,0.5453950712086695,117.49939299999998
2016-07-28,1,1,1,0,0,0,0,0,124.317986,1.3458729,0.5734,0.4283,3.208,185.0,3.4780381781595833,5.6814012919681405,0.5357000000000001,0.4355,112.0,-0.1451,4.625347443181692,71.56081977358951,2.0301744379975304,1.3910762720313818,0.6390981659661485,118.03246879999999
2016-07-29,0,0,1,0,0,0,0,0,123.26377,-0.8479953,0.3888,0.1533,1.167,148.0,0.4026901008013501,3.4501930828861864,-0.18460000000000004,-0.275,-37.0,-0.2355,-2.231208209081954,66.67455028617486,2.1215351337710047,1.5371680443793063,0.5843670893916983,118.5173088
2016-08-01,0,0,1,0,0,0,0,0,123.63175,0.2985239,0.0518,0.0019,0.708,24.0,-0.2837716429312251,0.5895126540298792,-0.33699999999999997,-0.15139999999999998,-124.0,-0.0499,-2.8606804288563072,67.50852115793245,2.1982915178240603,1.669392739068257,0.5288987787558033,119.0205478
2016-08-02,0,1,0,0,0,0,0,0,122.4184,-0.9814203,0.0124,0.013,2.083,96.0,1.7146017972933836,0.24118858783631386,-0.0394,0.011099999999999999,72.0,0.0005999999999999998,-0.3483240661935653,61.999090226266205,2.1365850777764592,1.7628312068098975,0.37375387096656176,119.47256750000001
2016-08-03,0,0,0,0,0,0,0,0,121.841576,-0.4711926,-0.0047,0.0033,2.125,247.0,1.7171745537221181,0.060972444139661484,-0.0171,-0.0097,151.0,0.008,-0.18021614369665237,59.51253280263534,2.0178765782773382,1.8138402811033856,0.20403629717395266,119.7614828
2016-08-04,0,0,0,0,0,0,0,0,123.68148,1.5100837,0.0037,0.0016,1.75,203.0,1.1517653388893607,0.1331056500107086,0.008400000000000001,-0.0017,-44.0,-0.0021000000000000003,0.0721332058710471,64.4150195970443,2.0486485678061968,1.8608019384439478,0.18784662936224894,120.1846618
2016-08-05,0,0,0,0,0,0,0,0,124.46717,0.6352544,-0.0141,-0.0012,0.833,208.0,-0.14491784519069148,-0.030815068260818975,-0.0178,-0.0028,5.0,0.0129,-0.16392071827152757,66.29204018540575,2.1120873793424124,1.9110590266236407,0.20102835271877173,120.57800379999999
2016-08-08,0,0,0,0,1,0,0,0,124.57656,0.08789301,0.0021,-0.0003,0.667,40.0,-0.3715358575607517,0.10776037278523562,0.0162,0.0009,-168.0,-0.0024,0.1385754410460546,66.55653952615828,2.1464470478754265,1.9581366308739978,0.1883104170014287,120.9454873
2016-08-09,0,0,0,0,0,0,0,0,124.37764,-0.15966892,0.0017,0.0005,1.333,88.0,0.5548869564647508,0.10024304725412612,-0.00039999999999999996,0.0007999999999999999,48.0,-0.0012,-0.007517325531109495,65.5492704512701,2.133037818972525,1.9931168684937033,0.13992095047882191,121.3000413
2016-08-10,0,0,0,0,0,0,0,0,124.19863,-0.1439333,0.01,-0.0001,1.0,149.0,0.0803495703531079,0.16935236781049975,0.0083,-0.0006000000000000001,61.0,-0.0101,0.06910932055637363,64.60176293883755,2.083943889558867,2.011282272706736,0.07266161685213124,121.70283079999999
2016-08-11,0,0,0,0,0,0,0,0,124.21853,0.016021729,0.0039,-0.001,0.583,87.0,-0.5067562827924946,0.10277362662793019,-0.0061,-0.0009,-62.0,-0.0049,-0.06657874118256957,64.66291428146502,2.023318800821002,2.013689578329589,0.00962922249141318,122.0812543
2016-08-12,0,0,0,0,0,0,0,0,124.19863,-0.016015768,0.001,0.0001,0.875,103.0,-0.10731188958285004,0.07347925340304258,-0.0029,0.0011,16.0,-0.0009,-0.029294373224887607,64.54283803467813,1.9511752834244334,2.0011867193485577,-0.05001143592412438,122.48006559999999
2016-08-15,0,0,0,0,0,0,0,0,123.22399,-0.7847488,0.0079,0.0007,1.25,33.0,0.4140350611221761,0.130053427243115,0.006900000000000001,0.0006,-70.0,-0.007200000000000001,0.05657417384007242,58.785184175594466,1.7946679090148763,1.9598829572818215,-0.16521504826694522,122.7053299
2016-08-16,0,0,0,0,0,0,0,0,122.627266,-0.48425794,0.006,-0.0004,2.208,94.0,1.6983856662102332,0.09796556625052617,-0.0019000000000000006,-0.0011,61.0,-0.0064,-0.032087860992588826,55.51962203326825,1.6039942007565031,1.8887052059767577,-0.2847110052202546,122.83909644999999
2016-08-17,0,1,1,0,0,0,0,0,123.69142,0.86779594,-0.0071,-0.0433,0.542,97.0,-0.5902449126574787,-0.034706700695364266,-0.0131,-0.0429,3.0,-0.036199999999999996,-0.13267226694589043,59.807574342007854,1.521216609377376,1.8152074866568815,-0.29399087727950546,122.96092844999998
2016-08-18,0,0,1,0,1,0,0,0,123.23393,-0.3698647,0.0035,-0.0306,0.667,70.0,-0.43215970410105864,0.0588300621322401,0.0106,0.0127,-27.0,-0.0341,0.09353676282760437,57.25230738574505,1.4025316405261776,1.7326723174307408,-0.33014067690456317,123.12502819999997
2016-08-19,0,0,0,0,0,0,0,0,122.88583,-0.2824664,-0.0035,-0.0129,0.5,74.0,-0.6836416920106371,-0.006967048349139891,-0.007,0.0177,4.0,-0.0094,-0.06579711048138,55.31572576385744,1.265792914041313,1.6392964367528553,-0.3735035227115422,123.25232939999998
2016-08-22,0,0,1,0,1,0,0,0,123.47263,0.47750473,0.0274,0.1578,0.958,39.0,-0.06395488806097883,0.2619429699478353,0.0309,0.1707,-35.0,0.1304,0.2689100182969752,57.90088076093777,1.1910466991139543,1.5496464892250752,-0.35859979011112086,123.37764239999998
2016-08-23,0,1,0,0,0,0,0,0,123.69142,0.17720461,-0.0176,0.0024,0.583,84.0,-0.6224156760602565,-0.1414601353764527,-0.045,-0.15539999999999998,45.0,0.02,-0.40340310532428797,58.85665113204948,1.1363650013889384,1.4669901916578478,-0.33062519026890946,123.53428240000001
2016-08-24,0,0,0,0,0,0,0,0,122.80628,-0.7156074,-0.0109,-0.0042,1.167,73.0,0.20305461335921046,-0.0770723890400169,0.006700000000000001,-0.0066,-11.0,0.0067,0.06438774633643579,53.55901287523241,1.0099637282267366,1.3755848989716255,-0.36562117074488887,123.54124440000001
2016-08-25,0,0,0,0,0,0,0,0,123.214035,0.33203363,-0.0021,-0.0003,2.167,103.0,1.6071181926328402,-9.012249723929835e-05,0.0088,0.0039,30.0,0.0018,0.0769822665427776,55.54413761900252,0.9319492979346791,1.2868577787642361,-0.35490848082955706,123.48604685000001
2016-08-26,0,0,0,0,1,0,0,0,124.2782,0.8636713,0.0002,-0.0011,1.625,388.0,0.7908131062411818,0.02044272685502396,0.0023,-0.0008000000000000001,285.0,-0.0013000000000000002,0.02053284935226326,60.31215899553671,0.9450970314900786,1.2185056293094045,-0.2734085978193259,123.53676835000002
2016-08-29,0,0,0,0,0,0,0,0,125.84958,1.2644053,-0.0126,0.0007,1.833,62.0,1.0612316569234759,-0.09329955517512681,-0.0128,0.0018,-326.0,0.0133,-0.11374228203015077,66.09487015173139,1.0699798765093789,1.1888004787493993,-0.11882060224002045,123.64765985000001
2016-08-30,0,0,0,0,0,0,0,0,125.15339,-0.5531907,-0.0108,-0.0001,1.833,179.0,1.0282273942775282,-0.07718456692906171,0.0017999999999999995,-0.0008,117.0,0.010700000000000001,0.016114988246065096,61.79867100654395,1.1000925342708285,1.1710588898536851,-0.07096635558285658,123.78440935
2016-08-31,0,0,0,0,0,0,0,0,125.43188,0.22250414,-0.0038,-0.0008,1.5,164.0,0.5109224239053652,-0.013787766209220119,0.007000000000000001,-0.0007,-15.0,0.003,0.06339680071984159,62.83923269325621,1.1333641318415317,1.1635199382512544,-0.030155806409722707,123.96392455000003
2016-09-01,0,0,0,0,0,0,0,0,125.48159,0.03963709,-0.0025,-0.0017,2.125,160.0,1.4136551262469303,-0.0004055560739934386,0.0013,-0.0008999999999999999,-4.0,0.0008000000000000001,0.013382210135226679,63.032796785643875,1.1504812623389,1.1609122030687835,-0.010430940729883487,124.05393005
2016-09-02,0,0,0,0,1,0,0,0,125.819756,0.26948452,-0.0003,-0.0139,1.083,247.0,-0.20326746549276978,0.019301427838543744,0.0022,-0.012199999999999999,87.0,-0.0136,0.019706983912537182,64.39162072776831,1.177757427117868,1.1642812478786004,0.013476179239267472,124.12155935000001
2016-09-05,0,0,0,0,0,0,0,0,125.819756,0.0,0.0052,0.005,0.0,27.0,-1.8416694575614563,0.06712504080368656,0.0055,0.0189,-220.0,-0.00019999999999999966,0.047823612965142814,64.39162072776833,1.1857059046271274,1.1685661792283057,0.017139725398821692,124.18371915
2016-09-06,0,0,1,0,0,0,0,0,129.02217,2.5452495,-0.0751,-0.0065,0.125,24.0,-1.6390773213552194,-0.645846331053049,-0.0803,-0.0115,-3.0,0.0686,-0.7129713718567355,74.63256585473623,1.4338842513408991,1.2216297936508245,0.21225445769007467,124.41594565
2016-09-07,0,1,0,0,1,0,0,0,130.33498,1.017499,0.0042,0.0082,0.625,68.0,-0.8820768581430419,0.06360591648165259,0.0793,0.014700000000000001,44.0,0.004000000000000001,0.7094522475347016,77.49056158642588,1.7167109987509548,1.3206460346708506,0.39606496408010416,124.72276315000002
2016-09-08,0,0,1,0,0,0,0,0,129.55923,-0.5951941,0.0697,0.0209,0.333,62.0,-1.3068477112718764,0.6389045156793416,0.0655,0.012699999999999998,-6.0,-0.048799999999999996,0.575298599197689,72.30653549291785,1.8568520572773366,1.4278872391921478,0.4289648180851888,124.98979815
2016-09-09,0,1,0,0,0,0,0,0,126.406525,-2.4334133,0.0111,-0.014,1.75,102.0,0.8069315684950475,0.10605766972620237,-0.0586,-0.0349,40.0,-0.0251,-0.5328468459531392,55.93036769523001,1.693990640940143,1.481107919541747,0.21288272139839615,125.1001929
2016-09-12,0,0,0,0,0,0,0,0,127.987854,1.2509823,-0.002,-0.0004,1.375,40.0,0.21449788977694648,-0.011455623257616157,-0.0131,0.013600000000000001,-62.0,0.0016,-0.11751329298381853,60.73405139764015,1.6732338316623867,1.5195331019658749,0.15370072969651183,125.33838610000001
2016-09-13,0,0,0,0,0,0,0,0,126.51592,-1.1500537,-0.0211,-0.0051,1.375,150.0,0.23189142829063547,-0.19128916331425702,-0.0191,-0.0047,110.0,0.016,-0.17983354005664087,54.75155780742601,1.5204839459699855,1.519723270766697,0.0007606752032884856,125.5328188
2016-09-14,0,0,0,0,0,0,0,0,127.07287,0.44021606,-0.0091,-0.0007,1.208,100.0,-0.03299455690217308,-0.08032203320409884,0.012,0.0044,-50.0,0.008400000000000001,0.11096713011015819,56.49768127738718,1.4279097170546322,1.501360560024284,-0.07345084296965187,125.70189129999999
2016-09-15,0,0,0,0,0,0,0,0,127.64972,0.45394897,-0.0078,0.0015,0.5,117.0,-1.122926979719556,-0.06657697316842189,0.0013000000000000008,0.0022,17.0,0.0093,0.013745060035676951,58.29288143029857,1.385124099334007,1.4781132678862288,-0.09298916855222172,125.9226808
2016-09-16,0,0,0,0,0,0,0,0,128.3658,0.56096315,-0.005,-0.0005,0.292,67.0,-1.4389476330599116,-0.04046726924177166,0.0027999999999999995,-0.002,-50.0,0.0045000000000000005,0.026109703926650227,60.473464097412624,1.3929409048311356,1.4610787952752102,-0.06813789044407459,126.19667929999999
2016-09-19,0,0,1,0,1,0,0,0,127.94806,-0.32541752,0.0029,-0.0709,1.0,41.0,-0.36091526651875233,0.030005501272387367,0.0079,-0.0704,-26.0,-0.0738,0.07047277051415902,58.55028133875749,1.3498672236128613,1.4388364809427405,-0.08896925732987926,126.42045079999998
2016-09-20,0,1,0,0,0,0,0,0,127.93815,-0.007766485,0.0032,-0.0006,1.208,107.0,-0.04725323073202679,0.030412811932786228,0.00030000000000000035,0.0703,66.0,-0.0038,0.0004073106603988616,58.50274953853648,1.2999463938992477,1.411058463534042,-0.11111206963479425,126.63278729999998
2016-09-21,0,0,0,0,0,0,0,0,129.231,1.0105729,-0.0022,-0.0041,1.417,90.0,0.2917899575459465,-0.017911884772108994,-0.0054,-0.0035000000000000005,-17.0,-0.0019000000000000002,-0.048324696704895226,62.75116639642203,1.3491537621418814,1.39867752325561,-0.04952376111372847,126.95402329999997
2016-09-22,0,0,0,0,1,0,0,0,129.37027,0.107741356,0.0067,0.0008,1.792,73.0,0.865427083584972,0.05994172648934099,0.0089,0.004900000000000001,-17.0,-0.0059,0.07785361126144999,63.188373219395864,1.3834414294300785,1.3956303044905036,-0.012188875060425097,127.26183504999997
2016-09-23,0,1,0,0,0,0,0,0,127.26184,-1.6297698,-0.0208,0.001,2.208,159.0,1.4651533561885577,-0.18552085140708474,-0.0275,0.00019999999999999998,86.0,0.0218,-0.24546257789642573,53.038673348864066,1.2263454259728945,1.3617733287869818,-0.13542790281408723,127.41101704999997
2016-09-26,0,0,0,0,0,0,0,0,126.61538,-0.5079746,-0.0286,0.0003,0.75,27.0,-0.8417427927956769,-0.27296497820838705,-0.007800000000000001,-0.0007000000000000001,-132.0,0.028900000000000002,-0.08744412680130231,50.36731599575056,1.0377196064440852,1.2969625843184025,-0.25924297787431727,127.44930704999997
2016-09-27,0,1,0,0,0,0,0,0,127.987854,1.0839701,-0.0084,0.0002,1.625,90.0,0.5316582849445095,-0.09720700639274826,0.020200000000000003,-9.999999999999996e-05,63.0,0.0086,0.1757579718156388,55.492608215729746,0.9875950856571905,1.2350890845861602,-0.24749399892896973,127.59103024999997
2016-09-28,0,0,0,0,0,0,0,0,128.5249,0.41960478,-0.0135,0.003,1.542,176.0,0.3863294019312512,-0.14208523546664345,-0.0051,0.0028,86.0,0.0165,-0.04487822907389519,57.34860063827482,0.9799103689648092,1.18405334146189,-0.2041429724970807,127.74568124999996
2016-09-29,0,0,0,0,0,0,0,0,127.39111,-0.88214874,0.0004,0.0004,1.0,128.0,-0.459955415283582,-0.015951027180935183,0.0139,-0.0026,-48.0,0.0,0.12613420828570826,52.38228505582698,0.8722777234768699,1.121698217864886,-0.24942049438801606,127.84115724999997
2016-09-30,0,0,0,0,0,0,0,0,127.57014,0.14053583,0.0001,0.0007,0.25,109.0,-1.5871338835159876,-0.036782407073264335,-0.00030000000000000003,0.0003,-19.0,0.0006,-0.020831379892329152,53.073334396795836,0.7922912607900088,1.0558168264499106,-0.2635255656599018,127.92867644999997
2016-10-03,0,0,0,0,0,0,0,0,128.06741,0.38980246,-0.0011,-0.0064,2.0,77.0,1.1263244554662446,-0.04852943228644546,-0.0012000000000000001,-0.0071,-32.0,-0.0053,-0.011747025213181127,55.025678036277924,0.7602631061403002,0.9967060823879885,-0.23644297624768829,128.04105914999997
2016-10-04,0,0,0,0,0,0,0,0,127.490585,-0.45041442,-0.0033,-0.0002,1.333,283.0,0.09877514534151,-0.1551554900506308,-0.0021999999999999997,0.006200000000000001,206.0,0.0031,-0.10662605776418535,52.30714817967107,0.68049132564677,0.9334631310397448,-0.2529718053929748,127.96447989999997
2016-10-05,0,0,0,0,0,0,0,0,127.76904,0.21842718,-0.0029,-0.0008,0.542,95.0,-1.0934487606023227,-0.1540761111762664,0.0004000000000000002,-0.0006000000000000001,-188.0,0.0021,0.0010793788743644062,53.50142224932818,0.6324501149963169,0.8732605278310592,-0.24081041283474236,127.83618289999997
2016-10-06,0,0,0,0,0,0,0,0,128.03758,0.21016598,-0.0075,-0.0007,1.625,74.0,0.5820226929697062,-0.20451010689434246,-0.0046,0.00010000000000000005,-21.0,0.0068,-0.05043399571807605,54.68005560217042,0.6090255754269123,0.8204135373502298,-0.21138796192331755,127.76010039999998
2016-10-07,0,0,0,0,0,0,0,0,128.28621,0.19419193,0.0001,0.0005,1.458,255.0,0.30171068936240303,-0.12359993649078507,0.0076,0.0012000000000000001,181.0,0.0004,0.08091017040355739,55.79722196400863,0.6035662857309205,0.777044087026368,-0.17347780129544743,127.85408465
2016-10-10,0,0,1,0,1,0,0,0,129.52939,0.96906424,0.021,0.1643,1.5,41.0,0.35027387060426873,0.09461497486813855,0.020900000000000002,0.1638,-214.0,0.1433,0.21821491135892362,60.9770332136267,0.6915818703197516,0.7599516436850446,-0.06836977336529304,127.93116145000002
2016-10-11,0,1,0,0,0,0,0,0,128.17683,-1.0442257,-0.0013,0.0009,1.292,133.0,0.03678782296459339,-0.1446824659149575,-0.0223,-0.1634,92.0,0.0021999999999999997,-0.23929744078309606,53.6155944494107,0.644762150321597,0.7369137450123551,-0.09215159469075807,128.01420695000002
2016-10-12,0,0,0,0,0,0,0,0,128.34589,0.13190508,-0.0045,0.0005,1.542,145.0,0.42922586569924776,-0.20279291409667222,-0.0031999999999999997,-0.00039999999999999996,12.0,0.004999999999999999,-0.05811044818171471,54.35730877241857,0.6142185845073982,0.7123747129113637,-0.09815612840396548,128.07785795
2016-10-13,0,0,0,0,0,0,0,0,127.122604,-0.95312,-0.0022,0.0003,1.0,115.0,-0.40968336104952485,-0.17714471931262132,0.0022999999999999995,-0.00020000000000000004,-30.0,0.0025,0.025648194784050893,48.33456596454545,0.4857047299862387,0.6670407163263387,-0.18133598634009995,128.05150215000003
2016-10-14,0,0,0,0,0,0,0,0,127.182274,0.04694462,-0.0005,-0.0284,0.875,108.0,-0.5956917322025651,-0.1591251214971199,0.0017000000000000001,-0.028700000000000003,-7.0,-0.0279,0.018019597815501415,48.63353674896376,0.3842421404897607,0.610481001159023,-0.22623886066926235,127.99232585000004
2016-10-17,0,0,0,0,0,0,0,0,126.844124,-0.26587248,0.0096,0.0013,0.667,32.0,-0.8967079285025681,-0.06302213838578746,0.0101,0.0297,-76.0,-0.008299999999999998,0.09610298311133245,46.97460011484555,0.27339490210374606,0.5430637813479676,-0.26966887924422156,127.93712905000004
2016-10-18,0,0,0,0,0,0,0,0,127.8685,0.80759525,0.0153,-0.0068,1.208,65.0,-0.03974825958032182,-0.010321774552034934,0.0057,-0.0081,33.0,-0.022099999999999998,0.052700363833752525,52.28451954868542,0.26514976773175647,0.4874809786247254,-0.22233121089296892,127.93364655000005
2016-10-19,0,0,0,0,0,0,0,0,129.40009,1.1977911,-0.0006,0.0005,1.208,93.0,-0.013846325675602445,-0.17883763733485694,-0.0159,0.007299999999999999,28.0,0.0010999999999999998,-0.16851586278282202,58.909875908192554,0.3778463745031928,0.46555405780041886,-0.08770768329722606,127.94210105000006
2016-10-20,0,0,0,0,0,0,0,0,129.2907,-0.08454323,-0.0149,-0.0068,1.083,136.0,-0.17346698835565766,-0.38782062222210334,-0.0143,-0.007299999999999999,43.0,0.0081,-0.2089829848872464,58.287368996787706,0.45310922739244575,0.46306509171882426,-0.009955864326378516,127.93812255000007
2016-10-21,0,0,0,0,0,0,0,0,131.34943,1.5923142,-0.0047,0.0018,0.542,79.0,-1.0989517335946426,-0.220438633034455,0.0102,0.0086,-57.0,0.006500000000000001,0.16738198918764835,65.64520195106365,0.6711413858966466,0.5046803505543888,0.16646103534225787,128.14250205000008
2016-10-24,0,0,0,0,1,0,0,0,132.55278,0.9161711,-0.0009,0.0008,0.917,35.0,-0.451415244158214,0.04527548267020308,0.0038000000000000004,-0.001,-44.0,0.0017000000000000001,0.2657141157046581,69.07856147287711,0.9303096994153748,0.5898062203265859,0.34050347908878886,128.43937205000006
2016-10-25,0,0,0,0,0,0,0,0,131.5682,-0.74279904,-0.0066,0.002,1.625,72.0,0.8176627065554496,-0.2834731303581791,-0.0057,0.0012000000000000001,37.0,0.0086,-0.3287486130283822,63.48786001157127,1.0442179826631843,0.6806885727939056,0.36352940986927873,128.6183893500001
2016-10-26,0,0,0,0,1,0,0,0,130.32501,-0.94489455,-0.0015,0.0086,0.625,51.0,-0.9385894806023602,0.02496130564261805,0.0051,0.0066,-21.0,0.0101,0.3084344360007972,57.19363978106894,1.0223905922429708,0.7490289766837186,0.2733616155592522,128.70839485000008
2016-10-27,0,1,1,0,0,0,0,0,128.9824,-1.0302126,-0.0292,0.001,0.542,61.0,-1.053825424580264,-1.599960840790954,-0.0277,-0.0076,10.0,0.0302,-1.6249221464335721,51.280714800258245,0.8865353935690905,0.776530260060793,0.11000513350829755,128.78795935000008
2016-10-28,0,0,0,0,0,0,0,0,130.57365,1.2337089,-0.0122,0.0006,1.25,93.0,0.22143550896887415,-0.5855275367308862,0.017,-0.0004000000000000001,32.0,0.0128,1.0144333040600677,56.960074398596205,0.8969304898380415,0.8006103060162426,0.09632018382179885,128.93813485000007
2016-10-31,0,0,0,0,1,1,0,0,130.2753,-0.2284944,0.005,-0.0003,0.792,39.0,-0.618585827766658,0.4414031219364803,0.0172,-0.0009,-54.0,-0.0053,1.0269306586673665,55.65017688481333,0.8710533659480291,0.8146989180025999,0.05635444794542921,129.04852935000005
2016-11-01,0,1,0,0,0,0,0,0,128.79344,-1.137495,0.0263,0.0033,0.708,78.0,-0.7502578596943793,1.6519998827456177,0.0213,0.0036,39.0,-0.023,1.2105967608091375,49.55457815560939,0.7226416778182738,0.7962874699657346,-0.07364579214746081,129.11367210000006
2016-11-02,0,0,0,0,0,0,0,0,126.476135,-1.7992318,0.0139,0.0044,2.208,134.0,1.884101731055707,0.9206215889577521,-0.012400000000000001,0.0011000000000000003,56.0,-0.009499999999999998,-0.7313782937878656,41.837149630883,0.41327324207196625,0.719684624386981,-0.30641138231501475,129.04902685000005
2016-11-03,0,1,1,0,0,0,0,0,119.34526,-5.6381226,0.3164,0.2267,2.875,182.0,2.8065297838952543,7.0297378720948815,0.3025,0.22230000000000003,48.0,-0.0897,6.109116283137129,27.595259671070103,-0.4026638314280859,0.4952149332239676,-0.8978787646520535,128.61441085000004
2016-11-04,0,0,1,1,0,0,0,0,120.09117,0.6250024,-0.5231,-0.059,0.458,102.0,-1.1689110979252249,-6.370812228616284,-0.8395,-0.2857,-80.0,0.4641,-13.400550100711165,30.269240103243266,-0.9778392157209765,0.20060410343497875,-1.1784433191559553,128.20465885000004
2016-11-07,0,0,0,0,0,0,0,0,121.483536,1.1594176,-0.0109,-0.0027,0.542,15.0,-1.003293409112438,-0.06349440338042699,0.5122,0.056299999999999996,-87.0,0.008199999999999999,6.307317825235857,35.088336639243195,-1.3062598020960792,-0.10076867767123288,-1.2054911244248463,127.80236615000004
2016-11-08,0,0,0,0,0,0,0,0,123.542244,1.6946316,-0.019,-0.0046,1.083,138.0,-0.09658566311061766,-0.1580636847325314,-0.0081,-0.0018999999999999998,123.0,0.0144,-0.09456928135210442,41.52335381589103,-1.3844558079216256,-0.3575061037213114,-1.0269497042003142,127.57063685000006
2016-11-09,0,0,0,0,0,0,0,0,122.50792,-0.8372247,-0.0114,-0.0025,0.25,91.0,-1.4616072797776927,-0.06363361542418063,0.007599999999999999,0.0021,-47.0,0.0089,0.09443006930835078,39.40950240115414,-1.5124533873242996,-0.5884955604419091,-0.9239578268823905,127.27873835000005
2016-11-10,0,0,0,0,1,0,0,0,120.1409,-1.9321322,-0.0009,0.0092,1.0,77.0,-0.23475278395785956,0.06651122480367591,0.0105,0.0117,-14.0,0.0101,0.13014484022785655,35.01629025709024,-1.7843225633540385,-0.827660961024335,-0.9566616023297035,126.92965315000004
2016-11-11,0,0,0,0,0,0,0,0,118.370605,-1.4735162,-0.014,-0.0006,2.042,138.0,1.4375621690317075,-0.09258052567350725,-0.0131,-0.0098,61.0,0.0134,-0.15909175047718316,32.13133920123754,-2.1182114327408357,-1.0857710553676352,-1.0324403773732005,126.48906970000003
2016-11-14,0,0,1,1,0,0,0,0,114.4521,-3.3103645,-0.1242,-0.0005,1.792,45.0,0.9962141362330681,-1.3959569099660727,-0.1102,9.999999999999994e-05,-93.0,0.1237,-1.3033763842925654,26.85682535280237,-2.66825340809811,-1.40226752591373,-1.26598588218438,125.86946850000001
2016-11-15,0,1,1,0,0,0,0,0,116.56053,1.8421888,-0.0524,-0.001,2.0,210.0,1.28888556329284,-0.5176897000951848,0.0718,-0.0005,165.0,0.0514,0.8782672098708879,33.2099696032176,-2.900596683285741,-1.7019333573881323,-1.1986633258976087,125.30407000000002
2016-11-16,0,1,0,0,0,0,0,0,115.70523,-0.7337868,-0.0144,-0.0022,1.583,237.0,0.5998539285603897,-0.05751284613119316,0.038000000000000006,-0.0012000000000000001,27.0,0.012199999999999999,0.4601768539639916,31.99587408074955,-3.117805839819809,-1.9851078538744678,-1.1326979859453412,124.61932700000003
2016-11-17,0,0,1,0,0,0,0,0,117.14733,1.246345,-0.0333,-0.0026,1.25,190.0,0.08825373718521018,-0.27957692172524895,-0.018900000000000004,-0.00039999999999999975,-47.0,0.030700000000000005,-0.22206407559405578,36.22907319275929,-3.1374140867929867,-2.2155691004581715,-0.9218449863348153,124.01215850000001
2016-11-18,0,0,0,0,0,0,0,0,116.38152,-0.653708,-0.0205,-0.0004,1.208,141.0,0.03054880577360331,-0.12073761722513399,0.012800000000000002,0.0021999999999999997,-49.0,0.0201,0.15883930450011496,34.9836723093077,-3.1781129231760445,-2.4080778650017463,-0.7700350581742983,123.263763
2016-11-21,0,0,1,0,0,0,1,0,121.1056,4.059136,-0.0347,0.0292,1.667,84.0,0.7992933555425914,-0.2876733418916169,-0.0142,0.0296,-57.0,0.0639,-0.16693572466648293,47.07091462407621,-2.7969319781978044,-2.485848687640958,-0.3110832905568466,122.69140399999999
2016-11-22,0,1,0,0,0,0,0,0,120.80724,-0.24636388,-0.0167,-0.0174,1.292,164.0,0.19197711200505793,-0.06912811247654108,0.018000000000000002,-0.0466,80.0,-0.0006999999999999992,0.21854522941507584,46.48314339957064,-2.4902128677083226,-2.4867215236544307,-0.003491344053891954,122.15335599999999
2016-11-23,0,0,0,0,1,0,0,0,120.18069,-0.5186498,-0.0109,-0.0008,1.375,179.0,0.3355105345878103,0.0023346082794504066,0.0058,0.0166,15.0,0.0101,0.07146272075599149,45.20653778588352,-2.271508574672893,-2.443678933858123,0.17217035918522994,121.64613999999999
2016-11-24,0,0,0,0,0,0,0,0,120.18069,0.0,-0.0176,0.0005,0.167,109.0,-1.6410899419000324,-0.07553592415094704,-0.006700000000000001,0.0013,-70.0,0.0181,-0.07787053243039745,45.20653778588352,-2.0742729197343124,-2.369797731033361,0.29552481129904873,121.20605450000001
2016-11-25,0,0,0,0,1,0,0,0,119.72319,-0.38066506,0.0126,-0.0009,0.083,30.0,-1.7096856478998177,0.28640680294670917,0.0302,-0.0014,-79.0,-0.0135,0.3619427270976562,44.17903682969367,-1.932600849115957,-2.2823583546498805,0.3497575055339235,120.66353150000002
2016-11-28,0,0,0,0,0,0,0,0,119.75303,0.024926662,-0.0048,-0.0083,0.0,48.0,-1.8456870939183003,0.07843295754765177,-0.0174,-0.0074,18.0,-0.0035000000000000005,-0.2079738453990574,44.26801386103647,-1.7971998724307383,-2.185326658206052,0.3881267857753139,120.13741800000003
2016-11-29,0,1,0,0,0,0,0,0,120.21053,0.38203,-0.0126,-0.0286,0.375,64.0,-1.2506121964365415,-0.02845640486190744,-0.0078000000000000005,-0.0203,16.0,-0.016,-0.10688936240955921,45.69717106841203,-1.6341398494160444,-2.0750892964480507,0.44094944703200634,119.70827250000002
2016-11-30,0,1,0,0,1,0,0,0,117.77389,-2.0269752,-0.0043,-0.0021,0.708,84.0,-0.7029813938864802,0.07399874121784375,0.0083,0.0265,20.0,0.0022,0.10245514607975119,39.83774375098711,-1.6821394342402414,-1.9964993240064888,0.3143598897662474,119.27316025000002
2016-12-01,0,0,0,0,0,0,0,0,114.47199,-2.803582,-0.0068,0.0105,0.5,84.0,-1.0584174389242988,0.05961598940367484,-0.0024999999999999996,0.0126,0.0,0.0173,-0.014382751814168912,33.55827729710211,-1.963975696604038,-1.9899945985259986,0.026018901921960547,119.02949675000002
2016-12-02,0,0,0,0,0,0,0,0,114.77036,0.2606511,-0.0077,0.001,0.708,108.0,-0.686096108122312,0.05247066292486387,-0.0009000000000000006,-0.009500000000000001,24.0,0.0087,-0.0071453264788109705,34.562045986384874,-2.1386044982098156,-2.019716578462762,-0.1188879197470536,118.76345625000002
2016-12-05,0,0,0,0,0,0,0,0,116.78929,1.7591,-0.0308,-0.0015,0.75,14.0,-0.5973640546612026,-0.2244470837667643,-0.023100000000000002,-0.0025,-94.0,0.0293,-0.27691774669162816,41.051609705707506,-2.089996129117935,-2.0337724885937964,-0.05622364052413875,118.52874395
2016-12-06,0,1,0,0,1,0,0,0,116.66993,-0.10219216,-0.0026,-0.0019,0.917,85.0,-0.30539589412132706,0.11698497513940352,0.028200000000000003,-0.00039999999999999996,71.0,0.0006999999999999999,0.34143205890616785,40.79403413199981,-2.0376166247967404,-2.0345413158343852,-0.0030753089623551944,118.18512825
2016-12-07,0,0,0,0,0,0,0,0,117.30645,0.5455613,0.0019,0.0039,0.5,89.0,-0.9763014279898296,0.169785965059944,0.0045,0.0058,4.0,0.002,0.052800989920540484,42.85325948443328,-1.922581325117207,-2.0121493176909495,0.08956799257374248,117.92505475
2016-12-08,0,0,0,0,0,0,0,0,118.261215,0.81391335,-0.003,0.0041,0.583,71.0,-0.8424666590585493,0.10883058548100658,-0.0049,0.00020000000000000052,-18.0,0.0071,-0.06095537957893743,45.89316215383313,-1.7343806051390374,-1.956595575180567,0.22221497004152968,117.83107050000001
2016-12-09,0,0,1,0,0,0,0,0,119.02701,0.64754486,-0.0621,-0.0162,0.583,66.0,-0.8582531876995676,-0.6009075050814945,-0.0591,-0.0203,-5.0,0.0459,-0.709738090562501,48.270062048167574,-1.5060758176331888,-1.8664916236710913,0.3604158060379026,117.86389075
2016-12-12,0,0,0,0,1,0,0,0,117.127426,-1.5959263,-0.0087,-0.0027,0.375,21.0,-1.1762415175430276,0.05294291842541997,0.0534,0.013499999999999998,-45.0,0.005999999999999999,0.6538504235069145,43.20041926073118,-1.4615750545715258,-1.7855083098511781,0.32393325527965233,117.99765705
2016-12-13,0,0,0,0,0,0,0,0,119.653564,2.1567464,-0.0256,-0.0005,1.083,90.0,0.002907082166363237,-0.14746108846130515,-0.016900000000000002,0.0022,69.0,0.0251,-0.2004040068867251,50.62675272578715,-1.2085383763372164,-1.6701143231483857,0.4615759468111693,118.15230875
2016-12-14,0,1,0,0,1,0,0,0,119.554115,-0.08311868,-0.0044,0.0017,1.667,99.0,0.9609801286801808,0.11174642325257556,0.0212,0.0021999999999999997,9.0,0.0061,0.2592075117138807,50.3476675911109,-1.004451003061476,-1.5369816591310037,0.5325306560695278,118.344753
2016-12-15,0,0,0,0,0,0,0,0,119.912155,0.29947758,-0.0125,0.0007,1.833,87.0,1.2324431973784093,0.016792131448056313,-0.0081,-0.001,-12.0,0.0132,-0.09495429180451924,51.38669637656753,-0.8045451578675227,-1.3904943588783074,0.5859492010107847,118.48299425
2016-12-16,0,1,1,0,0,0,0,0,119.215965,-0.5805731,-0.0378,0.0002,1.333,229.0,0.44404855413475747,-0.28853344902447586,-0.0253,-0.0005,142.0,0.038,-0.30532558047253217,49.229478187458525,-0.6942916876116669,-1.2512538246249794,0.5569621370133124,118.6247165
2016-12-19,0,0,0,0,1,0,0,0,118.5894,-0.5255759,0.0039,-0.0025,0.875,43.0,-0.3377978252323881,0.21375425290905517,0.0417,-0.0027,-186.0,-0.0063999999999999994,0.502287701933531,47.30474252806744,-0.6499810008002527,-1.130999259860034,0.48101825905978135,118.4989065
2016-12-20,0,1,1,0,0,0,0,0,118.44023,-0.1257956,-0.0433,-0.1436,2.333,162.0,2.058721911488482,-0.35475194422390277,-0.0472,-0.1411,119.0,-0.1003,-0.5685061971329579,46.835260639298696,-0.6197570609816268,-1.0287508200843525,0.40899375910272573,118.380556
2016-12-21,0,1,1,0,0,0,0,0,118.3905,-0.04197955,-0.1285,-0.5406,1.542,192.0,0.7534565764553068,-1.3483480124358227,-0.0852,-0.39699999999999996,30.0,-0.41209999999999997,-0.9935960682119199,46.6689714399281,-0.5929816430498533,-0.9415969846774527,0.34861534162759933,118.2910465
2016-12-22,0,0,0,0,0,0,0,0,116.75945,-1.3776898,-0.0316,-0.0113,0.208,128.0,-1.4019327914322173,-0.17939476273210261,0.0969,0.5293,-64.0,0.020300000000000006,1.16895324970372,41.46849776233189,-0.6953583766583051,-0.8923492630736232,0.19699088641531803,118.11998449999999
2016-12-23,0,0,0,0,1,0,0,0,116.63016,-0.11073947,0.0027,-0.002,0.0,58.0,-1.714621562935204,0.2316009300924777,0.034300000000000004,0.0093,-70.0,-0.0047,0.4109956928245803,41.07774361395385,-0.7779574884409044,-0.8694709081470794,0.09151341970617499,117.96533299999999
2016-12-26,0,0,1,0,0,0,0,0,116.63016,0.0,-0.1012,-0.0016,0.083,17.0,-1.5287296920222138,-0.986776514982589,-0.10389999999999999,0.00039999999999999996,-41.0,0.0996,-1.2183774450750666,41.07774361395386,-0.8338062798552812,-0.8623379824887197,0.028531702633438516,117.8091895
2016-12-27,0,1,0,0,1,0,0,0,117.36613,0.63102245,-0.0079,0.0008,0.292,29.0,-1.1544601020046195,0.1243660499210742,0.0933,0.0024000000000000002,12.0,0.008700000000000001,1.1111425649036633,44.52854074453781,-0.8093505320476879,-0.8517404924005134,0.042389960352825495,117.66696950000001
2016-12-28,0,1,1,0,0,0,0,0,116.282074,-0.92365146,-0.1243,0.0087,0.708,64.0,-0.49941683441340323,-1.2211932179980398,-0.11639999999999999,0.007899999999999999,35.0,0.133,-1.345559267919114,40.74346712420503,-0.8674440796964689,-0.8548812098597045,-0.012562869836764357,117.59237870000001
2016-12-29,0,1,1,0,0,0,0,0,115.71518,-0.48751235,-0.0255,0.0053,0.458,94.0,-0.8679873936848198,-0.056725497056676226,0.0988,-0.0033999999999999994,30.0,0.030799999999999998,1.1644677209413636,38.8821475753803,-0.9482958782281656,-0.8735641435333967,-0.0747317346947689,117.65453820000002
2016-12-30,0,0,0,0,1,0,0,0,114.42227,-1.1173129,-0.0019,-0.0034,0.208,50.0,-1.223184592604539,0.22104621095629046,0.0236,-0.0087,-44.0,-0.0014999999999999998,0.2777717080129667,34.95950004711274,-1.1039726334512636,-0.9196458415169702,-0.18432679193429347,117.63713370000002
2017-01-02,0,0,1,0,0,0,0,0,114.42227,0.0,0.1643,0.0041,0.125,15.0,-1.306306493659494,2.0699369774251095,0.16620000000000001,0.0075,-35.0,-0.1602,1.848890766468819,34.95950004711274,-1.2133607165069407,-0.9783888165149642,-0.23497189999197643,117.51878270000002
2017-01-03,0,1,1,0,0,0,1,0,116.222404,1.5732288,0.1625,-0.0479,0.75,27.0,-0.3128515982290126,1.9518171913568938,-0.001799999999999996,-0.052,12.0,-0.2104,-0.11811978606821572,44.07067753766208,-1.1416357249806879,-1.011038198208109,-0.13059752677257896,117.49640640000003
2017-01-04,0,1,1,0,0,0,0,0,118.042404,1.5659809,0.1154,-0.0035,0.667,85.0,-0.42278619032967946,1.390140763507197,-0.0471,0.044399999999999995,58.0,-0.1189,-0.5616764278496968,51.47236878827013,-0.9272456521327115,-0.9942796889930294,0.06703403686031795,117.5332041
2017-01-05,0,0,1,0,0,0,0,0,120.01162,1.6682029,0.0671,-0.0096,0.875,64.0,-0.09097683022392002,0.8518910281461435,-0.048299999999999996,-0.0060999999999999995,-21.0,-0.0767,-0.5382497353610535,57.95579022305858,-0.5916208639796565,-0.9137479239903549,0.32212706001069835,117.62072435
2017-01-06,0,1,1,0,0,0,0,0,122.736664,2.2706628,-0.1352,-0.0019,0.875,93.0,-0.09097683022392002,-1.272902972308648,-0.20229999999999998,0.007699999999999999,29.0,0.13329999999999997,-2.1247940004547914,64.93697841735283,-0.10454242466907715,-0.7519068241260993,0.6473643994570222,117.80620705000001
2017-01-09,0,0,1,0,1,0,0,0,124.21853,1.2073517,0.2827,-0.0008,1.042,22.0,0.16313141530465847,2.866960108274542,0.4179,0.0010999999999999998,-71.0,-0.28350000000000003,4.13986308058319,68.04433510241684,0.396474636610364,-0.5222305319788066,0.9187051685891706,118.16076225000002
2017-01-10,0,1,1,0,0,0,0,0,123.67153,-0.44035316,0.1792,0.0011,1.792,90.0,1.3158621113864157,1.7774040570515832,-0.10350000000000001,0.0019000000000000002,68.0,-0.1781,-1.0895560512229587,65.7287527249403,0.7408558141186461,-0.2696132627593161,1.0104690768779623,118.36166055000001
2017-01-11,0,0,1,0,0,0,1,0,125.40203,1.3992786,0.1911,-0.0294,2.042,71.0,1.6467109581918509,1.807263369529827,0.011899999999999994,-0.0305,-19.0,-0.2205,0.029859312478243805,69.28937479610082,1.1402729097263347,0.012363971737814117,1.1279089379885205,118.65405630000002
2017-01-12,0,1,1,0,0,0,0,0,125.92915,0.42034388,0.0668,0.0009,1.542,208.0,0.8669180357899905,0.6421875278401781,-0.1243,0.0303,137.0,-0.0659,-1.165075841689649,70.30154241150883,1.4822614272568444,0.3063434628416202,1.1759179644152242,118.95490605000002
2017-01-13,0,0,1,0,0,0,0,0,127.63974,1.3583899,0.1864,0.0028,1.375,107.0,0.5930665090365841,1.6737793721789584,0.11960000000000001,0.0019,-101.0,-0.1836,1.0315918443387804,73.36896076679906,1.8697666027892126,0.6190280908311387,1.2507385119580738,119.37609480000003
2017-01-16,0,0,1,0,0,0,0,0,127.63974,0.0,-0.092,-0.0004,1.583,95.0,0.8857647449985938,-0.8124303028673882,-0.2784,-0.0032,-12.0,0.0916,-2.4862096750463465,73.36896076679906,2.152059642277109,0.9256344011203328,1.2264252411567764,119.82861180000005
2017-01-17,0,0,1,0,0,0,0,0,127.17233,-0.36621094,-0.1083,-0.0012,2.542,89.0,2.224400824679959,-0.9359420110875444,-0.016299999999999995,-0.0007999999999999999,-6.0,0.10709999999999999,-0.12351170822015622,71.04362501748948,2.3114182385450874,1.2027911686052837,1.1086270699398038,120.26521680000003
2017-01-18,0,1,1,0,1,0,0,1,127.22205,0.039100647,0.0655,0.0056,2.292,164.0,1.7755976575802677,0.5951843842043826,0.1738,0.0068,75.0,-0.0599,1.531126395291927,71.14837678422539,2.413897158828604,1.4450123666499477,0.9688847921786563,120.70679430000003
2017-01-19,0,0,1,0,0,0,0,0,126.85408,-0.2892375,0.0569,-0.0076,1.875,146.0,1.1453662874075206,0.5055142849389583,-0.008600000000000003,-0.0132,-18.0,-0.0645,-0.08967009926542424,69.1544764848808,2.437324379462936,1.6434747692125453,0.7938496102503907,121.21152580000003
2017-01-20,0,1,1,0,0,0,0,0,126.34685,-0.39984584,-0.1066,-0.0236,0.875,167.0,-0.2519099478891031,-0.9184590186824275,-0.1635,-0.016,21.0,0.083,-1.423973303621386,66.39241030466718,2.3874404710771415,1.7922679095854646,0.595172561491677,121.69736030000001
2017-01-23,0,0,1,0,1,0,0,0,128.22652,1.4877081,0.0882,-0.0021,0.917,17.0,-0.19594633624277383,0.77405356810294,0.1948,0.0215,-150.0,-0.0903,1.6925125867853676,71.01282573185553,2.47109552324126,1.9280334323166237,0.5430620909246364,122.27717830000002
2017-01-24,0,1,1,0,0,0,0,0,128.66412,0.34127235,0.2046,0.0036,0.958,36.0,-0.1443831953548903,1.71916099559918,0.1164,0.0057,19.0,-0.201,0.94510742749624,71.978682218553,2.5433848601420124,2.0511037178817015,0.49228114226031083,122.84207780000001
2017-01-25,0,1,1,0,0,0,0,0,130.7626,1.6309857,0.0781,0.001,1.417,74.0,0.5322661442021628,0.6320230592477807,-0.1265,-0.0026,38.0,-0.0771,-1.0871379363513993,76.0925649561729,2.738437476116758,2.1885704695287127,0.5498670065880451,123.5661041
2017-01-26,0,0,1,0,0,0,0,0,132.05553,0.9887457,0.0582,-0.0003,2.708,243.0,2.419434813398632,0.5318767075936769,-0.0199,-0.0013,169.0,-0.0585,-0.1001463516541038,78.21473892660245,2.9631889276512027,2.3434941611532105,0.6196947664979922,124.38312160000001
2017-01-27,0,0,1,0,0,0,0,0,131.4588,-0.4518807,0.0572,0.0009,1.25,150.0,0.28134997784910365,0.5529471537653831,-0.0010000000000000009,0.0012,-93.0,-0.0563,0.02107044617170617,74.9097217148717,3.0579053192790155,2.4863763927783715,0.571528926500644,125.2349481
2017-01-30,0,0,1,0,0,0,0,0,130.26535,-0.90785027,-0.1222,-0.0011,2.458,59.0,1.9446580726834244,-1.4533555678887253,-0.1794,-0.002,-91.0,0.1211,-2.0063027216541083,68.66080077909638,3.0020614059472166,2.5895133954121405,0.41254801053507606,126.02710210000001
2017-01-31,0,1,1,0,1,0,0,1,129.60896,-0.50388575,0.2293,-0.0191,2.0,96.0,1.254706124498843,2.336049825871658,0.35150000000000003,-0.018,37.0,-0.2484,3.7894053937603838,65.42804284614061,2.871735930761929,2.645957902482098,0.22577802827983096,126.6964299
2017-02-01,0,1,1,0,0,0,0,0,132.50307,2.232957,0.0377,0.0017,2.583,121.0,1.9730847792261554,0.2751278250076193,-0.1916,0.0208,25.0,-0.036,-2.0609220008640388,71.7448747473463,2.9677719153801547,2.7103207050617093,0.2574512103184454,127.41946320000002
2017-02-02,0,1,1,0,0,0,0,0,130.12611,-1.7938912,0.3519,0.1801,3.5,277.0,2.9299129482881705,3.238093588764008,0.3142,0.1784,156.0,-0.17179999999999998,2.9629657637563884,61.7633335251059,2.8195779783673203,2.7321721597228317,0.0874058186444886,127.92518770000001
2017-02-03,0,0,1,0,0,0,0,0,130.26535,0.10700226,0.1558,0.0438,1.083,159.0,-0.11050359475139494,1.2916539520526282,-0.1961,-0.1363,-118.0,-0.11199999999999999,-1.9464396367113797,62.09600725524168,2.6824471390738722,2.72222715559304,-0.03978001651916774,128.301622
2017-02-06,0,0,0,0,0,0,0,0,131.33945,0.82455873,-0.0234,0.0007,2.375,68.0,1.507208907866673,-0.4445974518658338,-0.1792,-0.0431,-91.0,0.0241,-1.736251403918462,64.65095244008126,2.630122440036871,2.703806212481806,-0.07368377244493507,128.657668
2017-02-07,0,1,1,0,0,0,0,0,131.12065,-0.16658902,-0.1272,-0.0003,1.5,148.0,0.4181563064534052,-1.4213339602881112,-0.1038,-0.001,80.0,0.1269,-0.9767365084222774,63.70888089230332,2.5417002691100095,2.6713850238074466,-0.12968475469743712,129.030124
2017-02-08,0,0,1,0,0,0,0,0,133.46779,1.7900467,-0.0346,0.0011,1.417,125.0,0.31671800719927246,-0.530165103535497,0.09260000000000002,0.0014,-23.0,0.035699999999999996,0.8911688567526143,68.93785780349265,2.630694633550675,2.663246945756092,-0.03255231220541699,129.433412
2017-02-09,0,1,0,0,0,0,0,0,133.40814,-0.044709444,-0.0188,-0.0205,1.542,152.0,0.4686973709497058,-0.38171944566393107,0.015799999999999998,-0.0216,27.0,-0.0017000000000000001,0.14844565787156588,68.66707501988002,2.665681732373997,2.663733903079673,0.0019478292943242437,129.8073615
2017-02-10,0,0,0,0,0,0,0,0,133.45784,0.037276745,0.0048,-0.0129,0.958,128.0,-0.267436870882181,-0.15991673557404953,0.0236,0.007600000000000001,-24.0,-0.0177,0.22180271008988153,68.77711914460612,2.666679810000545,2.6643230844638475,0.0023567255366976347,130.0982665
2017-02-13,0,0,0,0,0,0,0,0,133.3186,-0.10433197,-0.0152,0.0013,0.542,31.0,-0.7702812014312939,-0.3553021284355073,-0.02,0.0142,-97.0,0.0165,-0.19538539286145776,68.05597104094969,2.62596480175921,2.65665142792292,-0.030686626163709985,130.3822095
2017-02-14,0,0,0,0,0,0,0,0,133.11969,-0.14919639,0.004,0.0002,1.375,66.0,0.2832141474878677,-0.17441827896674442,0.019200000000000002,-0.0010999999999999998,35.0,-0.0038,0.18088384946876288,66.97559645086211,2.5482725895842577,2.6349756602551873,-0.08670307067092953,130.6795775
2017-02-15,0,0,0,0,0,0,0,0,132.71193,-0.30631423,-0.0022,0.0003,0.667,111.0,-0.597040284213464,-0.23549049979633307,-0.006200000000000001,9.999999999999996e-05,45.0,0.0025,-0.06107222082958866,64.7078334176839,2.4258346160616213,2.593147451416474,-0.16731283535485275,130.9540715
2017-02-16,0,0,0,0,0,0,0,0,133.10974,0.29975176,-0.0222,0.0007,1.292,67.0,0.17109369433133978,-0.426913174586851,-0.02,0.0004,-44.0,0.0229,-0.19142267479051794,65.92019978696321,2.3339967209534507,2.5413173053238696,-0.2073205843704189,131.2668545
2017-02-17,0,0,0,0,0,0,0,0,132.80144,-0.23161769,-0.0029,0.0002,2.042,231.0,1.095893584787122,-0.23882731163109905,0.0193,-0.0005,164.0,0.0031,0.18808586295575197,64.08289915867397,2.2108519687068338,2.4752242380004623,-0.26437226929362856,131.589584
2017-02-20,0,0,0,0,0,0,0,0,132.80144,0.0,0.0021,0.0003,0.167,38.0,-1.3291031394907524,-0.1919429228452523,0.004999999999999999,9.999999999999996e-05,-193.0,-0.0018,0.04688438878584675,64.08289915867398,2.089176143229224,2.3980146190462146,-0.3088384758169904,131.81833
2017-02-21,0,0,0,0,0,0,0,0,132.99042,0.14228821,-0.0019,-0.0112,1.083,98.0,-0.16016100129495706,-0.23221095520134918,-0.004,-0.0115,60.0,-0.0093,-0.04026803235609688,64.78073564957371,1.9851131330318879,2.315434321843349,-0.3303211888114612,132.034645
2017-02-22,0,0,0,0,0,0,0,0,135.37732,1.7947912,-0.0062,-0.0048,0.958,141.0,-0.3298649324877455,-0.27322733088104445,-0.0043,0.0064,43.0,0.0014000000000000002,-0.041016375679695266,72.14271040351613,2.0713678899082595,2.266621035456331,-0.1952531455480715,132.26538100000002
2017-02-23,0,0,0,0,0,0,0,0,134.62148,-0.5583286,-0.0042,0.0102,0.5,102.0,-0.9300561756025736,-0.2544448653272515,0.002,0.015,-39.0,0.0144,0.018782465553792926,67.34225923550451,2.055046142276808,2.2243060568204265,-0.16925991454361844,132.39367850000002
2017-02-24,0,0,0,0,0,0,0,0,134.70102,0.059103966,-0.0103,0.0005,0.417,79.0,-1.0268757117161864,-0.3126399062545622,-0.0061,-0.0097,-23.0,0.0108,-0.058195040927310704,67.5866886127773,2.025184190231954,2.184481683502732,-0.15929749327077802,132.5557895
2017-02-27,0,0,0,0,0,0,0,0,135.66573,0.71618557,-0.0061,0.0002,0.292,26.0,-1.169406632261583,-0.2766576395471972,0.0042,-0.00030000000000000003,-53.0,0.0063,0.03598226670736504,70.47323783117123,2.0556659749234996,2.1587185417868855,-0.10305256686338593,132.82580850000002
2017-02-28,0,0,0,0,0,0,0,0,134.80046,-0.63779354,-0.0253,0.0004,0.417,68.0,-0.9898257307321159,-0.45729845312188616,-0.0192,0.0002,42.0,0.0257,-0.18064081357468897,64.89134030304069,1.9870969347254288,2.1243942203745942,-0.13729728564916543,133.0853835
2017-03-01,0,1,0,0,0,0,0,0,136.67021,1.3870478,-0.0012,0.0002,1.417,83.0,0.27457541253304313,-0.22501910578295808,0.0241,-0.0002,15.0,0.0014,0.23227934733892808,70.35544644829791,2.05988361907481,2.1114921001146376,-0.0516084810398274,133.2937405
2017-03-02,0,0,0,0,0,0,0,0,136.01381,-0.4802823,-0.0019,-0.0041,1.417,231.0,0.2579262553031979,-0.23193611148355114,-0.0007000000000000001,-0.0043,148.0,-0.0022000000000000006,-0.00691700570059306,66.44576055078963,2.0410733732622077,2.0974083547441515,-0.056334981481943824,133.5881255
2017-03-03,0,0,1,0,1,0,0,0,136.42159,0.29979944,0.0465,0.003,0.917,95.0,-0.3994132746990472,0.21721616419827444,0.0484,0.0071,-136.0,-0.0435,0.4491522756818256,67.64852414645792,2.035605364454483,2.085047756686218,-0.04944239223173508,133.8959375
2017-03-06,0,0,0,0,0,0,0,0,136.67021,0.18225908,-0.0104,-0.0005,1.042,35.0,-0.25362530749080336,-0.3325288292511073,-0.0569,-0.0035,-60.0,0.009899999999999999,-0.5497449934493818,68.39243139181154,2.027956464511618,2.073629498251298,-0.04567303373967979,134.16247549999997
2017-03-07,0,1,1,0,0,0,0,0,136.55087,-0.087320805,-0.1243,-0.0079,1.792,99.0,0.7146906446097134,-1.3963382501310504,-0.1139,-0.0074,64.0,0.11639999999999999,-1.0638094208799431,67.5890245527344,1.9893331216559602,2.05677022293223,-0.06743710127627,134.4339865
2017-03-08,0,1,1,0,0,0,0,0,136.96858,0.30590296,-0.1218,-0.0325,1.458,144.0,0.2821414162174561,-1.333734289016697,0.0024999999999999883,-0.0246,45.0,0.0893,0.0626039611143534,68.96330834556777,1.9697238003684276,2.0393609384194695,-0.06963713805104188,134.609026
2017-03-09,0,0,0,0,0,0,0,0,137.48575,0.3775835,-0.0122,-0.0004,1.417,124.0,0.2385352386291894,-0.3058160591139523,0.1096,0.032100000000000004,-20.0,0.011800000000000001,1.0279182299027447,70.62411261612608,1.973169103628976,2.0261225714613706,-0.05295346783239463,134.8129065
2017-03-10,0,0,0,0,0,0,0,0,138.03276,0.39784908,-0.0081,0.0005,1.083,165.0,-0.19650645641263687,-0.27252998942918405,0.004100000000000001,0.0009,41.0,0.0086,0.03328606968476827,72.3117720736668,1.9970182830652448,2.0203017137821453,-0.023283430716900533,135.0416525
2017-03-13,0,0,0,0,0,0,0,0,138.83832,0.58362484,0.002,0.001,0.25,38.0,-1.2659572228527685,-0.17730773879714226,0.0101,0.0005,-127.0,-0.001,0.09522225063204179,74.62387146368734,2.057206691078676,2.0276827092414513,0.0295239818372246,135.3176385
2017-03-14,0,1,1,0,0,0,0,0,138.55986,-0.20056963,-0.0334,0.0027,0.708,105.0,-0.6433713659164465,-0.5119658869242003,-0.0354,0.0017000000000000001,67.0,0.0361,-0.3346581481270581,72.37407126685211,2.0587055669743393,2.033887280788029,0.024818286186310434,135.58964699999996
2017-03-15,0,0,1,0,0,0,0,0,138.95767,0.28710365,-0.0416,-0.1706,0.5,88.0,-0.8909501549124241,-0.6112788029153813,-0.008199999999999999,-0.1733,-17.0,-0.129,-0.09931291599118097,73.59865850543247,2.068152998892913,2.0407404244090057,0.027412574483907104,135.90193399999998
2017-03-16,0,0,0,0,0,0,0,0,139.2262,0.19325018,-0.0047,0.0019,1.042,78.0,-0.19883253583750746,-0.2640120777418842,0.036899999999999995,0.17250000000000001,-10.0,0.0066,0.3472667251734971,74.42284754266902,2.0734073344542594,2.0472738064180565,0.026133528036202947,136.207757
2017-03-17,0,0,0,0,0,0,0,0,139.07701,-0.10715723,-0.005,-0.0006,1.833,100.0,0.8291161340906493,-0.26557641009487176,-0.0002999999999999999,-0.0025,22.0,0.0044,-0.0015643323529875852,73.05825893062936,2.0419942089316123,2.0462178869207674,-0.004223677989155128,136.52153549999997
2017-03-20,0,0,0,0,0,0,0,0,139.17648,0.07151365,-0.0029,0.0004,0.375,33.0,-1.1652150661656784,-0.264223771980223,0.0021000000000000003,0.001,-67.0,0.0033,0.001352638114648752,73.4083474545979,2.0020471253006917,2.0373837345967525,-0.03533660929606075,136.8402875
2017-03-21,0,0,0,0,0,0,0,0,137.75427,-1.021874,-0.0112,0.0024,1.208,83.0,-0.04680498235484589,-0.34384547085932105,-0.0083,0.0019999999999999996,50.0,0.0136,-0.07962169887909804,61.16943145475634,1.8344815512274693,1.9968032979228958,-0.16232174669542654,137.07847999999996
2017-03-22,0,1,0,0,0,0,0,0,138.82838,0.7797241,0.0193,0.0041,0.958,84.0,-0.4009827380766054,-0.0735778688116555,0.0305,0.0017000000000000006,1.0,-0.015200000000000002,0.27026760204766553,65.80619220986904,1.7679761977372834,1.9510378778857733,-0.1830616801484899,137.25103299999995
2017-03-23,0,1,1,0,0,0,0,0,138.76872,-0.04298091,-0.0275,0.0041,1.0,94.0,-0.35841079182159935,-0.533612762904805,-0.0468,0.0,10.0,0.0316,-0.46003489409314946,65.33949427426664,1.6909637846297585,1.8990230592345703,-0.20805927460481177,137.45839499999997
2017-03-24,0,0,0,0,0,0,0,0,139.57428,0.5805135,0.0036,0.0019,0.833,62.0,-0.6174964433517026,-0.22863461062435342,0.0311,-0.0022000000000000006,-32.0,-0.0017,0.30497815228045155,68.57974185202542,1.6756173779542678,1.8543419229785099,-0.17872454502424207,137.70205799999997
2017-03-27,0,0,0,0,0,0,0,0,139.5544,-0.01424551,0.0008,0.0009,1.75,57.0,0.6664690634444829,-0.23296768964038067,-0.0028,-0.001,-5.0,9.999999999999994e-05,-0.0043330790160272525,68.40977484351058,1.6429126162802845,1.8120560616388648,-0.16914344535858028,137.89649149999997
2017-03-28,0,0,0,0,0,0,0,0,140.98654,1.0262132,-0.0009,0.0002,1.75,129.0,0.643369163763681,-0.22640581116702269,-0.0017000000000000001,-0.0007,72.0,0.0011,0.006561878473357985,73.50424342294724,1.712811362931376,1.792207121897367,-0.07939575896599105,138.20579549999997
2017-03-29,0,0,0,0,0,0,0,0,141.87167,0.6278157,-0.012,0.0012,1.167,153.0,-0.221068684002118,-0.31983478410780114,-0.0111,0.0009999999999999998,24.0,0.0132,-0.09342897294077845,76.07256062426472,1.81866478138528,1.7974986537949496,0.02116612759033054,138.46586849999997
2017-03-30,0,0,0,0,0,0,0,0,141.633,-0.16824007,0.0131,-0.0009,0.875,81.0,-0.6502236251342075,-0.05397005193826478,0.0251,-0.0021,-72.0,-0.014,0.2658647321695364,73.98989195264822,1.8618336444886552,1.8103656519336906,0.05146799255496459,138.74682799999997
2017-03-31,0,1,0,0,0,0,0,0,141.27496,-0.25278926,-0.0233,-0.003,1.042,109.0,-0.4097766681029593,-0.455244314124625,-0.0364,-0.0021000000000000003,28.0,0.020300000000000002,-0.40127426218636025,70.85597815992912,1.8458763304586796,1.8174677876386884,0.028408542819991167,138.98949649999997
2017-04-03,0,0,1,0,1,0,0,0,141.5037,0.16191006,0.1045,0.001,0.958,0.0,-0.5309192132867011,0.9701272543608299,0.1278,0.004,-109.0,-0.1035,1.4253715684854549,71.68122591804264,1.830585599176402,1.8200913499462312,0.010494249230170727,139.231171
2017-04-04,0,0,1,0,0,0,0,0,140.9567,-0.38656592,0.0353,0.0013,1.375,0.0,0.09330932453846899,0.23379969730818037,-0.0692,0.0002999999999999999,0.0,-0.033999999999999996,-0.7363275570526495,66.8092894606265,1.7541089795201685,1.8068948758610186,-0.05278589634085007,139.4514625
2017-04-05,0,0,1,0,0,0,0,0,141.07605,0.08467436,-0.1109,-0.0093,1.125,0.0,-0.2559410774726614,-1.407457809137116,-0.1462,-0.010599999999999998,0.0,0.1016,-1.6412575064452963,67.33102625254669,1.6837223518177495,1.7822603710523648,-0.09853801923461525,139.656836
2017-04-06,0,0,1,0,1,0,1,0,140.39975,-0.47938228,0.0581,-0.1014,1.167,0.0,-0.1841213966559195,0.5650412908664771,0.16899999999999998,-0.0921,0.0,-0.1595,1.972499100003593,61.437563474134784,1.5554385568734972,1.7368960082165912,-0.181457451343094,139.802536
2017-04-07,0,0,1,0,0,0,0,0,140.01187,-0.27626157,0.0523,-0.0009,1.417,0.0,0.18807150277810397,0.5423669598295756,-0.0058,0.1005,0.0,-0.0532,-0.02267433103690153,58.286439288653035,1.4062635203003993,1.6707695106333529,-0.26450599033295363,139.9014915
2017-04-10,0,0,1,0,0,0,0,0,140.27048,0.18467903,0.0334,-0.0023,0.792,0.0,-0.7231746153452229,0.29199640940809896,-0.0189,-0.0014,0.0,-0.035699999999999996,-0.25037055042147666,59.76805368403446,1.2939925540929949,1.5954141193252813,-0.30142156523228647,139.97309950000002
2017-04-11,0,0,1,0,0,0,0,0,139.15657,-0.7940948,0.096,0.0351,1.292,0.0,0.05376356019512114,1.0256596419807271,0.0626,0.0374,0.0,-0.0609,0.7336632325726282,51.31369471813434,1.102425699610336,1.4968164353822924,-0.39439073577195627,140.00293500000004
2017-04-12,0,0,1,0,0,0,0,0,138.81844,-0.24299622,0.0547,0.0041,1.083,0.0,-0.24153049793420756,0.5185566522313794,-0.0413,-0.031,0.0,-0.0506,-0.5071029897493478,49.045756133815594,0.9128011190371979,1.3800133721132735,-0.4672122530760756,139.99597350000005
2017-04-13,0,0,1,0,0,0,0,0,138.62947,-0.13612509,0.2339,0.0351,1.75,0.0,0.8113162283548315,2.548931268273007,0.1792,0.031,0.0,-0.1988,2.0303746160416276,47.77491355992666,0.73875803033701,1.2517623037580208,-0.5130042734210107,139.96613700000003
2017-04-14,0,0,1,0,0,0,1,0,138.62947,0.0,0.0927,-0.0682,0.625,0.0,-0.948813197390451,0.8703955223375907,-0.1412,-0.1033,0.0,-0.1609,-1.6785357459354162,47.77491355992666,0.5939805901264492,1.1202059610317066,-0.5262253709052573,139.94376000000003
2017-04-17,0,0,1,0,0,0,0,0,140.6484,1.4563441,0.1025,-0.0013,1.875,0.0,0.9784670263759409,0.9808466436307122,0.00979999999999999,0.0669,0.0,-0.10379999999999999,0.11045112129312151,60.46732823986313,0.634836207168064,1.023132010258978,-0.38829580309091405,140.017356
2017-04-18,0,0,1,0,0,0,0,0,140.19093,-0.3252685,0.0589,-0.005,3.208,0.0,2.791924847471774,0.5161649199275835,-0.04359999999999999,-0.0037,0.0,-0.0639,-0.46468172370312866,57.082077091567825,0.6231176597542856,0.9431291401580395,-0.32001148040375393,140.13918900000004
2017-04-19,0,0,0,0,0,0,0,0,141.49377,0.9293437,0.0153,0.0002,2.958,0.0,2.28266321295727,-0.006146340021965193,-0.0436,0.0052,0.0,-0.015099999999999999,-0.5223112599495487,63.371396157951395,0.7107656620967191,0.8966564445457754,-0.18589078244905632,140.27245850000003
2017-04-20,0,0,0,0,1,0,0,0,143.01541,1.0754228,0.0267,0.0003,1.833,0.0,0.7662433620807285,0.141243221265002,0.011400000000000002,9.999999999999996e-05,0.0,-0.0264,0.14738956128696717,69.07201577804636,0.8927202432812749,0.8958692042928753,-0.0031489610116004485,140.48479300000002
2017-04-21,0,0,1,0,0,0,0,0,142.89606,-0.08345842,0.0523,0.0008,0.667,0.0,-0.875291035563841,0.4589204296942576,0.025599999999999998,0.0005,0.0,-0.0515,0.3176772084292556,68.17577037191846,1.0155830035451743,0.9198119641433351,0.09577103940183918,140.65088200000005
2017-04-24,0,0,1,0,0,0,0,0,144.6763,1.2458324,-0.0326,-0.0007,0.625,0.0,-0.9069412360132688,-0.6231694837422018,-0.0849,-0.0015,0.0,0.0319,-1.0820899134364594,73.66486979315557,1.2422828527143963,0.9843061418575474,0.2579767108568489,140.90697700000004
2017-04-25,0,0,0,0,1,0,0,0,145.69075,0.7011771,0.0296,0.0047,1.167,0.0,-0.10763281589912385,0.21941984295017194,0.0622,0.0054,0.0,-0.024900000000000002,0.8425893266923737,76.185564575967,1.4866644114342762,1.0847777957728932,0.40188661566138295,141.14218750000006
2017-04-26,0,0,1,0,0,0,0,0,145.76035,0.047779083,-0.2355,0.0014,1.458,0.0,0.3542492707407847,-3.030500571073782,-0.2651,-0.0033,0.0,0.2369,-3.249920414023954,76.35279981564894,1.6667415367967635,1.2011705439776672,0.4655709928190963,141.33662150000006
2017-04-27,0,0,1,0,1,0,0,0,146.89413,0.7778406,0.1835,0.0046,1.542,0.0,0.5909555117601871,2.507059894588684,0.419,0.0031999999999999997,0.0,-0.1789,5.537560465662466,78.94648018917235,1.8792773867326389,1.3367919125286616,0.5424854742039773,141.5996780000001
2017-04-28,0,0,1,0,0,0,0,0,149.43022,1.7264724,-0.0706,-0.0054,1.375,0.0,0.3025617396034826,-1.0602718492352468,-0.2541,-0.01,0.0,0.0652,-3.5673317438239307,83.34656547972446,2.226686985551538,1.5147709271332368,0.7119160584183013,142.00744100000009
2017-05-01,0,0,1,0,0,0,0,0,151.62816,1.4708877,-0.115,-0.0021,1.0,0.0,-0.2976143484666686,-1.6466297711995157,-0.04440000000000001,0.0033000000000000004,0.0,0.1129,-0.586357921964269,86.06479224205601,2.6488328879247263,1.7415833192915346,0.9072495686331916,142.5136640000001
2017-05-02,0,0,1,0,0,0,0,0,151.94641,0.2098918,-0.2111,0.0062,1.667,0.0,0.8515096678344097,-2.8584210295759376,-0.0961,0.0083,0.0,0.21730000000000002,-1.2117912583764219,86.41066576196488,2.974775314138185,1.9882217182608648,0.9865535958773202,143.06314950000007
2017-05-03,0,0,1,0,1,1,0,1,150.97177,-0.64144135,0.2365,-0.0066,2.958,0.0,2.826000145141461,2.924275632446491,0.4476,-0.012799999999999999,0.0,-0.24309999999999998,5.7826966620224285,79.87242041670648,3.118493678674241,2.21427611034354,0.9042175683307012,143.55793550000007
2017-05-04,0,0,1,0,0,0,0,0,150.02696,-0.62581897,0.4537,0.0344,2.792,0.0,2.4029444561619226,4.490229159131049,0.2172,0.041,0.0,-0.4193,1.5659535266845581,74.02508869915087,3.120185688738985,2.395458026022629,0.7247276627163561,144.0392960000001
2017-05-05,0,0,1,0,0,0,1,0,149.42026,-0.4043758,0.3907,-0.0774,1.125,0.0,-0.15108668824312507,3.389606479698865,-0.063,-0.1118,0.0,-0.46809999999999996,-1.1006226794321838,70.45806655692712,3.0375559451858294,2.523877609855269,0.5136783353305603,144.50971550000008
2017-05-08,0,0,1,0,0,0,0,0,150.2358,0.5457878,0.0969,-0.0048,1.417,0.0,0.2761423857177491,0.6973065286647692,-0.2938,0.0726,0.0,-0.1017,-2.692299951034096,72.38442422741461,3.0032588418870603,2.619753856261627,0.3835049856254331,145.00798150000008
2017-05-09,0,0,1,0,0,0,0,0,149.65895,-0.38395524,-0.1051,-0.0443,0.542,0.0,-1.0445973259023922,-1.1060391605578872,-0.202,-0.0395,0.0,0.0608,-1.8033456892226565,68.9591734614311,2.8961461958052723,2.675032324170356,0.22111387163491614,145.53310050000007
2017-05-10,0,0,1,0,1,0,0,0,149.46999,-0.12626648,0.053,-0.0053,1.667,0.0,0.6537971583151185,0.3040641646030044,0.1581,0.039,0.0,-0.0583,1.4101033251608917,67.8269267854635,2.7641477842505537,2.692855416186396,0.07129236806415795,146.06567800000008
2017-05-11,0,0,1,0,0,0,0,0,149.22136,-0.16634464,0.187,-0.0154,1.0,0.0,-0.3620909241853577,1.4492445736002546,0.134,-0.010100000000000001,0.0,-0.2024,1.1451804089972502,66.28476110035419,2.6093962334968523,2.6761635796484873,-0.06676734615163493,146.59527250000008
2017-05-12,0,0,1,0,0,0,0,0,149.50978,0.19328594,0.1916,-0.0015,0.792,0.0,-0.655326903311094,1.4356512782210615,0.004599999999999993,0.013900000000000001,0.0,-0.1931,-0.013593295379193071,67.21597133866058,2.4814232950602104,2.637215522730832,-0.1557922276706214,147.13928800000008
2017-05-15,0,0,1,0,0,0,0,0,149.37054,-0.0931263,0.0289,-0.0029,0.458,0.0,-1.1927025929182218,0.022798597945965074,-0.16269999999999998,-0.0013999999999999998,0.0,-0.031799999999999995,-1.4128526802750965,66.26443511387693,2.341773804318592,2.578127179048384,-0.2363533747297919,147.57539500000007
2017-05-16,0,0,1,0,0,0,0,0,148.96277,-0.27298927,-0.2966,-0.019,2.167,0.0,1.428146524824428,-2.591513926374159,-0.32549999999999996,-0.0161,0.0,0.27759999999999996,-2.614312524320124,63.432391903287225,2.1731462682182325,2.497130996882354,-0.3239847286641213,148.01398700000007
2017-05-17,0,0,1,1,0,0,0,0,144.0597,-3.2914877,-0.2406,-0.0327,1.542,0.0,0.45203903042606924,-2.0281911440249307,0.055999999999999966,-0.0137,0.0,0.2079,0.5633227823492284,40.833957471052805,1.6251373864505183,2.3227322747959867,-0.6975948883454683,148.14228350000005
2017-05-18,0,0,1,0,1,1,1,1,146.85435,1.9399405,0.1026,-0.3185,2.5,0.0,1.8393124825866665,0.6530121864740809,0.3432,-0.2858,0.0,-0.42110000000000003,2.6812033304990117,51.45075951883853,1.4002006570148353,2.1382259512397566,-0.7380252942249212,148.33423050000005
2017-05-19,0,0,1,0,0,0,1,0,147.25218,0.2708912,0.1762,-0.0485,1.0,0.0,-0.4450707467040712,1.1908805699128628,0.0736,0.27,0.0,-0.2247,0.537868383438782,52.75054822968755,1.239747200539398,1.9585302010996848,-0.7187830005602869,148.55203650000004
2017-05-22,0,0,1,0,0,0,0,0,147.43118,0.121581554,-0.0873,-0.0004,0.875,0.0,-0.6620809667841678,-0.8334354481515048,-0.2635,0.048100000000000004,0.0,0.0869,-2.0243160180643676,53.35565155025013,1.1141868320696062,1.7896615272936691,-0.6754746952240629,148.68978050000004
2017-05-23,0,0,0,0,0,0,0,0,147.2621,-0.11467934,0.0085,0.0005,0.75,0.0,-0.8737277593886938,-0.10053016515468303,0.0958,0.0009,0.0,-0.008,0.7329052829968218,52.66950654942665,0.9896281749258264,1.6296548568201006,-0.6400266818942741,148.76834800000003
2017-05-24,0,0,1,0,1,0,0,0,149.22136,1.3304472,0.0444,0.0005,1.167,0.0,-0.2122140400671966,0.1702065923353771,0.0359,0.0,0.0,-0.0439,0.27073675749006015,59.21471514409845,1.0370559144863876,1.511135068353358,-0.4740791538669704,148.94139850000005
2017-05-25,0,0,1,0,0,0,0,0,151.13089,1.279664,0.0686,0.0003,1.0,0.0,-0.46283056835653424,0.3473466394966421,0.024199999999999992,-0.00020000000000000004,0.0,-0.0683,0.17714004716126497,64.38416874733001,1.2147232783644597,1.4518527103555783,-0.23712943199111858,149.15323650000002
2017-05-26,0,0,0,0,0,0,0,0,151.29997,0.111866,0.0112,0.0008,1.167,0.0,-0.20807125324367973,-0.09005618066756131,-0.05739999999999999,0.0005,0.0,-0.0104,-0.4374028201642034,64.80949005344803,1.3535662184015393,1.4321954119647704,-0.07862919356323106,149.24672400000003
2017-05-29,0,0,1,0,0,0,0,0,151.29997,0.0,-0.0315,0.0011,0.0,0.0,-1.9509629090608844,-0.41577045241733196,-0.0427,0.00030000000000000003,0.0,0.0326,-0.32571427174977063,64.80949005344803,1.4469210435770208,1.4351405382872204,0.011780505289800347,149.23031450000002
2017-05-30,0,0,1,0,1,0,0,0,151.5486,0.16433,0.2975,0.0024,0.042,0.0,-1.7998454253019283,2.0103776459516958,0.32899999999999996,0.0012999999999999997,0.0,-0.2951,2.4261480983690276,65.51187357370677,1.5234068918646244,1.4527938090027013,0.07061308286192314,149.21042400000002
2017-05-31,0,0,0,0,0,0,0,0,150.6336,-0.6037533,-0.0304,-0.0125,0.167,0.0,-1.5501846481891557,-0.46578217205202976,-0.32789999999999997,-0.0149,0.0,0.0179,-2.4761598180037256,60.709482414823746,1.4929794864846428,1.4608309444990897,0.03214854198555317,149.19351550000002
2017-06-01,0,1,0,0,0,0,0,0,150.70323,0.04621744,0.0101,-0.0067,0.75,22.0,-0.6825116302254645,-0.1619595700668874,0.0405,0.0058000000000000005,22.0,-0.0168,0.3038226019851423,60.944112665477,1.4576808698879518,1.460200929576862,-0.0025200596889103366,149.227329
2017-06-02,0,0,0,0,0,0,0,0,152.77188,1.3726711,-0.0081,-0.004,0.167,86.0,-1.4784758219954017,-0.2999050115402834,-0.0182,0.0027,64.0,0.0040999999999999995,-0.13794544147339596,67.2091569219262,1.5784340236097876,1.4838475483834472,0.09458647522634034,149.39491000000004
2017-06-05,0,0,0,0,0,0,0,0,152.7918,0.013017654,-0.0014,-0.0034,1.083,52.0,-0.196537298502943,-0.24866776411962563,0.006699999999999999,0.0006000000000000003,-34.0,-0.002,0.051237247420657744,67.26361412912475,1.6566424030373241,1.5184065193142227,0.13823588372310147,149.52271000000002
2017-06-06,0,0,0,0,0,0,0,0,151.97626,-0.53375363,-0.0064,-0.0022,0.458,82.0,-1.0889343244239957,-0.2903649391561261,-0.005,0.0011999999999999997,30.0,0.004200000000000001,-0.04169717503650047,62.67444665682792,1.6339803367422405,1.5415212827998261,0.09245905394241438,149.63857550000003
2017-06-07,0,0,0,0,0,0,0,0,152.28455,0.20287037,0.002,-0.0012,0.625,76.0,-0.854040398697062,-0.23264827373532765,0.008400000000000001,0.0010000000000000002,-6.0,-0.0031999999999999997,0.05771666542079845,63.68314384048539,1.6221972325310787,1.5576564727460767,0.06454075978500207,149.77930350000003
2017-06-08,0,0,0,0,0,0,0,0,153.86589,1.0384083,0.0029,-0.0033,0.708,104.0,-0.7233243758304174,-0.22682318298252815,0.0008999999999999998,-0.0021000000000000003,28.0,-0.0062,0.005825090752799494,68.40037335407996,1.720625658205762,1.5902503098380136,0.13037534836774833,150.01153000000002
2017-06-09,0,0,0,0,0,0,0,0,148.78378,-3.3029556,-0.0022,-0.0043,0.917,90.0,-0.40314474792374344,-0.266003962542616,-0.0051,-0.001,-14.0,-0.0021,-0.039180779560087836,47.1871725121097,1.3727231921878342,1.5467448863079778,-0.17402169412014357,149.97523000000004
2017-06-12,0,0,1,1,0,0,0,0,147.6301,-0.7754028,-0.1917,-0.0014,1.417,22.0,0.2979469421766873,-1.645161099906653,-0.1895,0.0029,-68.0,0.1903,-1.379157137364037,43.86165860709266,0.9924750129180779,1.4358909116299978,-0.4434158987119199,149.88820800000002
2017-06-13,0,1,0,0,0,0,0,0,149.85788,1.5090227,-0.0134,-0.0032,0.667,63.0,-0.7814598957477127,-0.31945498084976715,0.17830000000000001,-0.0018000000000000002,41.0,0.0102,1.325706119056886,51.03745946281533,0.8609641600666578,1.3209055613173297,-0.45994140125067196,149.93296350000003
2017-06-14,0,0,0,0,0,0,0,0,149.43022,-0.28536916,0.0127,-0.0147,0.667,54.0,-0.771277898609468,-0.12462744680837631,0.026099999999999998,-0.0115,-9.0,-0.0274,0.19482753404139083,49.723495465537155,0.7140017065783013,1.199524790369524,-0.4855230837912228,150.20148950000004
2017-06-15,0,0,0,0,0,0,0,0,148.98268,-0.29950142,0.0005,-0.0015,1.75,106.0,0.7760849514738513,-0.21901822443186988,-0.012199999999999999,0.0132,52.0,-0.002,-0.09439077762349357,48.32148078390286,0.555022215023854,1.07062427530039,-0.5156020602765361,150.30790600000006
2017-06-16,0,0,0,0,0,0,0,0,149.81807,0.5607486,-0.0017,-0.0003,1.0,203.0,-0.3101398595369835,-0.23469681139126577,-0.0021999999999999997,0.0012000000000000001,97.0,0.0014,-0.01567858695939589,51.093520268963545,0.49078139155500367,0.9546556985513128,-0.46387430699630916,150.43620050000004
2017-06-19,0,0,0,0,0,0,0,0,152.03593,1.4803529,0.0038,-0.0005,0.958,30.0,-0.3531958564498506,-0.19416567320302205,0.0055,-0.00020000000000000004,-173.0,-0.0043,0.04053113818824372,57.59660639421313,0.611780616568808,0.8860806821548118,-0.27430006558600384,150.66643800000003
2017-06-20,0,1,1,0,0,0,0,0,151.41933,-0.40556788,-0.0066,-0.0481,1.083,80.0,-0.15655591281028367,-0.2707887754101031,-0.0104,-0.047599999999999996,50.0,-0.041499999999999995,-0.07662310220708105,55.391398650102154,0.6504212559207474,0.838948796907999,-0.18852754098725155,150.87429950000006
2017-06-21,0,0,1,0,0,0,0,0,153.07024,1.090312,-0.0474,-0.0029,0.958,56.0,-0.3334553849874836,-0.5687903706811149,-0.040799999999999996,0.0452,-24.0,0.0445,-0.29800159527101183,59.82643834458333,0.8049795772828361,0.8321549529829664,-0.02717537570013029,151.06674350000006
2017-06-22,0,1,0,0,0,0,0,0,152.56303,-0.33136606,-0.0018,-0.0015,1.417,108.0,0.3224249448222231,-0.22832268909433145,0.045599999999999995,0.0013999999999999998,52.0,0.0002999999999999999,0.3404676815867835,57.92113104637884,0.8764375261872317,0.8410114676238194,0.0354260585634123,151.13835050000006
2017-06-23,0,0,0,0,0,0,0,0,154.22394,1.0886669,-0.0009,0.0001,1.25,187.0,0.07386600150101959,-0.22460766543299307,0.0009,0.0016,79.0,0.001,0.0037150236613383847,62.16980529759933,1.0549294516685848,0.8837950644327724,0.1711343872358123,151.28454900000003
2017-06-26,0,0,0,0,0,0,0,0,152.75198,-0.9544134,0.0,0.0005,1.375,64.0,0.24621685545127428,-0.20546267627744214,0.0009,0.0004,-123.0,0.0005,0.019144989155550934,56.7053370711514,1.0653302542346808,0.9201021023931542,0.1452281518415266,151.35714950000005
2017-06-27,0,0,0,0,0,0,0,0,149.75842,-1.959759,-0.0049,-0.0006,2.083,126.0,1.2460617806418988,-0.23684990032100542,-0.0049,-0.0010999999999999998,62.0,0.0043,-0.03138722404356328,47.55139248251155,0.8225360083336568,0.9005888835812547,-0.07805287524759785,151.26764050000003
2017-06-28,0,1,1,0,0,0,0,0,152.4039,1.7665029,-0.0033,0.2613,1.417,258.0,0.27938051973819855,-0.24035947149312098,0.0015999999999999999,0.26189999999999997,132.0,0.2646,-0.003509571172115561,54.536155828235934,0.8339744081737877,0.8872659884997612,-0.053291580325973587,151.35615550000003
2017-06-29,0,0,0,0,0,0,0,0,150.2159,-1.4356673,-0.0025,0.0244,1.0,104.0,-0.3168273695498891,-0.2267664981692498,0.0007999999999999999,-0.23689999999999997,-154.0,0.0269,0.013592973323871188,48.75321781066856,0.6588908250494114,0.8415909558096912,-0.1827001307602798,151.33178900000001
2017-06-30,0,1,0,0,0,0,0,0,150.15622,-0.039720535,-0.0011,0.0016,1.125,120.0,-0.1300440277756631,-0.20955825667339684,0.0014,-0.0228,16.0,0.0027,0.017208241495852955,48.60183281146605,0.5094475525154962,0.7751622751508522,-0.265714722635356,151.201006
2017-07-03,0,0,0,0,0,0,0,0,147.62013,-1.6889691,-0.0108,0.0012,1.083,62.0,-0.19805756856919332,-0.2766612217448767,-0.0097,-0.0004000000000000002,-58.0,0.012,-0.06710296507147984,42.55472298966599,0.1842475235784775,0.6569793248363773,-0.4727318012578998,150.9424225
2017-07-04,0,1,1,0,0,0,0,0,147.62013,0.0,-0.3949,-0.0583,0.292,69.0,-1.296900374498878,-2.8744114745260982,-0.3841,-0.0595,7.0,0.33659999999999995,-2.5977502527812217,42.55472298966598,-0.07263851075768457,0.511055757717565,-0.5836942684752495,150.724616
2017-07-05,0,0,1,0,0,0,0,0,149.51971,1.2868047,-0.1847,-0.0058,0.167,33.0,-1.4276391196076392,-1.3614615161727932,0.21019999999999997,0.0525,-36.0,0.1789,1.512949958353305,48.15796689459737,-0.12154126118338127,0.38453635393737573,-0.506077615120757,150.586374
2017-07-06,0,1,0,0,0,0,0,0,148.00804,-1.0110319,-0.0069,-0.0039,1.042,59.0,-0.1889009157738971,-0.11745154339940363,0.1778,0.0018999999999999998,26.0,0.003,1.2440099727733895,44.44286020946005,-0.2790593561187791,0.25181721192614476,-0.5308765680449239,150.2934815
2017-07-07,0,0,0,0,0,0,0,0,150.61372,1.7605186,-0.0026,0.0009,0.625,69.0,-0.7747817776386432,-0.07649455892078354,0.0043,0.0048,10.0,0.0034999999999999996,0.04095698447862009,51.402206761551525,-0.19143029253692134,0.16316771103353153,-0.3545980035704529,150.3849785
2017-07-10,0,1,0,0,0,0,0,0,152.66248,1.3602734,-0.0063,-0.0241,2.0,95.0,1.1505014337593351,-0.09005777010911044,-0.0037,-0.025,26.0,-0.0178,-0.013563211188326901,56.06255212068375,0.042840344657264495,0.13910223775827812,-0.09626189310101363,150.6365975
2017-07-11,0,0,0,0,0,0,0,0,154.42284,1.1530995,-0.0076,-0.0048,1.667,121.0,0.7721581200374663,-0.09150758018322484,-0.0013,0.0193,26.0,0.0028000000000000004,-0.0014498100741144049,59.64359190917007,0.3663250849700148,0.18454680720062547,0.18177827776938935,150.8648455
2017-07-12,0,0,1,0,1,0,0,1,158.03302,2.337861,0.0441,-0.0068,1.958,86.0,1.301284619389374,0.269245407398207,0.0517,-0.002,-35.0,-0.0509,0.36075298758143187,65.79982067782343,0.9035844674376108,0.32835433924802254,0.5752301281895882,151.2949855
2017-07-13,0,1,0,0,0,0,0,0,158.39105,0.22655725,0.0075,-0.0193,1.75,128.0,0.976384534364481,0.013758223839591178,-0.0366,-0.0125,42.0,-0.0268,-0.2554871835586158,66.34808163216569,1.3427777218787469,0.5312390157741674,0.8115387061045795,151.765404
2017-07-14,0,0,0,0,0,0,0,0,159.09718,0.4458189,0.0111,-0.0018,1.417,152.0,0.42940518996216975,0.043991585698792884,0.0036000000000000008,0.0175,24.0,-0.0129,0.030233361859201707,67.45617772073288,1.7279021494679228,0.7705716425129185,0.9573305069550042,152.22935950000002
2017-07-17,0,0,1,0,0,0,0,0,158.85849,-0.15003085,-0.1149,-0.0014,0.375,32.0,-1.2146012794793082,-0.830157064620985,-0.126,0.00039999999999999996,-120.0,0.1135,-0.874148650319778,66.65717411690736,1.9909058218016753,1.01463847837067,0.9762673434310054,152.5704875
2017-07-18,0,1,0,0,0,0,0,0,161.97144,1.9595623,-0.0086,0.0032,1.625,57.0,0.7462768375521666,-0.08031957990015773,0.1063,0.0046,25.0,0.0118,0.7498374847208273,71.41292722488714,2.42260094033324,1.2962309707631838,1.126369969570056,153.098093
2017-07-19,0,0,0,0,0,0,0,0,163.24445,0.78594685,-0.0038,0.0062,2.167,121.0,1.55062649483292,-0.0755774795485027,0.0048000000000000004,0.0029999999999999996,64.0,0.01,0.004742100351655024,73.10248631947637,2.834766278894051,1.6039380323893573,1.2308282465046938,153.6068035
2017-07-20,0,0,0,0,0,0,0,0,163.63231,0.23759604,-0.0154,0.0022,0.5,140.0,-0.9905647901142245,-0.13703511637613836,-0.011600000000000001,-0.004,19.0,0.0176,-0.06145763682763565,73.61417087201735,3.1563232104856525,1.9144150680086163,1.2419081424770362,154.1602675
2017-07-21,0,0,0,0,0,0,0,0,163.53287,-0.060784817,-0.0044,-0.0013,0.5,94.0,-0.9614633570664489,-0.06505188148653532,0.011,-0.0035,-46.0,0.0031000000000000003,0.07198323488960304,73.22953723233061,3.3643532485077117,2.2044027041084355,1.1599505443992761,154.62571400000002
2017-07-24,0,0,0,0,1,0,0,0,165.09428,0.9548187,0.0106,0.0026,0.542,22.0,-0.8801595816384674,0.029461931176066478,0.015,0.0039,-72.0,-0.008,0.0945138126626018,75.40279906423665,3.6135564606502726,2.486233455416803,1.1273230052334697,155.242829
2017-07-25,0,0,0,0,0,0,0,0,164.3782,-0.43373704,0.0084,0.0055,2.417,115.0,1.8916339603433256,-0.013945333141498827,-0.0022000000000000006,0.0029,93.0,-0.0029,-0.04340726431756531,72.49609988311654,3.7104978210394677,2.731086328541336,0.9794114924981319,155.973818
2017-07-26,0,0,0,0,1,0,0,1,164.70642,0.19966364,0.0079,0.0189,2.5,254.0,2.0824623926145547,0.011245079751005912,-0.0004999999999999987,0.0134,139.0,0.011,0.02519041289250474,73.00968073421159,3.7703469458909353,2.938938452011256,0.8314084938796795,156.58894400000003
2017-07-27,1,0,1,0,0,0,0,0,169.51004,2.916491,0.5222,0.1966,3.5,216.0,3.39821415349138,3.846748589476689,0.5143,0.1777,-38.0,-0.3256,3.835503509725683,79.1469197973975,4.157465126946732,3.182643786998351,0.9748213399483814,157.553651
2017-07-28,0,0,1,0,0,0,0,0,171.50908,1.1793017,0.3702,0.0835,0.667,117.0,-0.6669478140350836,2.732967218256014,-0.15200000000000002,-0.11309999999999999,-99.0,-0.28669999999999995,-1.113781371220675,81.07545668468273,4.572851905529518,3.4606854107045844,1.1121664948249337,158.621294
2017-07-31,0,0,1,0,0,0,0,0,168.32655,-1.8556058,0.0564,0.0132,1.417,66.0,0.40869735948576674,0.37624185577939984,-0.31379999999999997,-0.0703,-51.0,-0.0432,-2.356725362476614,69.97951049158037,4.5923080778604515,3.6870099441357578,0.9052981337246937,159.65661500000002
2017-08-01,0,1,0,0,0,0,0,0,168.93321,0.36041737,-0.0427,-0.0171,2.0,127.0,1.2022562523824845,-0.3817092347444555,-0.0991,-0.0303,61.0,0.0256,-0.7579510905238553,70.79989396852456,4.6036120524460955,3.8703303657978254,0.7332816866482701,160.72226900000004
2017-08-02,0,1,0,0,0,0,0,0,168.37628,-0.32967925,-0.0049,-0.0036,1.042,171.0,-0.14873725438308583,-0.08766770061301195,0.0378,0.013500000000000002,44.0,0.0013,0.29404153413144357,68.93740377795518,4.515578162991005,3.9993799252364615,0.5161982377545438,161.66509750000003
2017-08-03,0,0,0,0,0,0,0,0,167.67015,-0.41937828,-0.0024,0.0029,1.333,141.0,0.259777496155479,-0.045447343606411464,0.0025,0.0065,-30.0,0.005299999999999999,0.042220357006600484,66.54706728678731,4.338816703583291,4.067267280905828,0.27154942267746307,162.64820300000002
2017-08-04,0,0,0,0,0,0,0,0,168.69453,0.6109476,-0.0127,0.0007,0.417,138.0,-1.034792224834168,-0.1005148431063229,-0.0103,-0.0021999999999999997,-3.0,0.013399999999999999,-0.05506749949991144,68.26611703394626,4.2326000991631645,4.100333844557295,0.13226625460586927,163.55224350000003
2017-08-07,0,0,0,0,1,0,0,0,171.04164,1.3913512,0.0013,-0.0023,0.542,44.0,-0.8607570735722243,0.013204215268089627,0.013999999999999999,-0.003,-94.0,-0.0036,0.11371905837441253,71.83710641265289,4.288381048986025,4.137943285443042,0.15043776354298366,164.47120150000003
2017-08-08,0,0,0,0,0,0,0,0,170.29575,-0.43609738,0.0124,0.0062,0.458,44.0,-0.9498913003087667,0.06303663558246823,0.011099999999999999,0.0085,0.0,-0.0062,0.04983242031437861,69.17313933688433,4.223712436465604,4.155097115647554,0.06861532081804977,165.264847
2017-08-09,0,0,0,0,0,0,0,0,170.246,-0.029200315,-0.0027,0.0226,1.208,66.0,0.13774255564630414,-0.09803634184399455,-0.015099999999999999,0.016399999999999998,22.0,0.0253,-0.1610729774264628,68.98937331834036,4.120944008576799,4.148266494233403,-0.027322485656603668,165.87549600000003
2017-08-10,0,1,0,0,0,0,0,0,166.48662,-2.208203,-0.0058,-0.0017,1.833,156.0,1.0832491775890016,-0.10972552734575604,-0.0030999999999999995,-0.0243,90.0,0.0040999999999999995,-0.011689185501761484,56.725819909971435,3.693571547882385,4.057327504963199,-0.363755957080814,166.28027450000002
2017-08-11,0,0,1,0,0,0,0,0,167.16295,0.40621758,-0.0765,-0.003,1.417,144.0,0.4562304801472117,-0.6928165693731356,-0.0707,-0.0013000000000000002,-12.0,0.0735,-0.5830910420273796,58.166557347509695,3.370595841664482,3.919981172303456,-0.549385330638974,166.683563
2017-08-14,0,0,0,0,0,0,0,0,169.81837,1.5885234,-0.0237,0.0007,1.292,34.0,0.26127175493374255,-0.2414887155839295,0.0528,0.0037,-110.0,0.024399999999999998,0.45132785378920615,63.32882035686048,3.2909692246371947,3.794178782770204,-0.5032095581330092,167.231557
2017-08-15,0,0,0,0,0,0,0,0,170.06699,0.14641285,-0.007,0.0007,1.083,58.0,-0.05619554176810015,-0.09244781429627631,0.0167,0.0,24.0,0.0077,0.14904090128765318,63.77949030832166,3.2109127101612387,3.6775255682484107,-0.466612858087172,167.6363345
2017-08-16,0,0,0,0,0,0,0,0,169.07246,-0.5847931,0.0018,-0.0017,0.792,114.0,-0.47748177848110746,-0.00888557560576336,0.0088,-0.0024,56.0,-0.0034999999999999996,0.08356223869051295,60.572653707084015,3.032263045427527,3.548473063684234,-0.5162100182567069,167.92773499999998
2017-08-17,0,1,0,0,0,0,0,0,165.99931,-1.8176436,-0.0298,-0.0348,1.542,119.0,0.6171741251366487,-0.27307604785134615,-0.0316,-0.0331,5.0,-0.0049999999999999975,-0.2641904722455828,51.89038480086663,2.612588088209634,3.361296068589314,-0.7487079803796801,168.046085
2017-08-18,0,0,0,0,0,0,0,0,166.4966,0.29956102,-0.016,-0.0167,1.0,94.0,-0.17833027068321086,-0.14738050792549912,0.0138,0.018099999999999998,-25.0,-0.0006999999999999992,0.12569553992584703,53.0628079577696,2.293679696221716,3.1477727941157942,-0.8540930978940784,168.19427149999999
2017-08-21,0,0,0,0,0,0,0,0,166.86456,0.22101402,-0.0015,-0.0046,0.208,44.0,-1.3623479879502,-0.023967720759911416,0.0145,0.0121,-50.0,-0.0031,0.1234127871655877,53.956921000416756,2.0470368284679807,2.9276256009862314,-0.8805887725182506,168.2827855
2017-08-22,0,1,0,0,0,0,0,0,168.7144,1.1085987,-0.0239,-0.009,1.167,88.0,0.0363264642671743,-0.1855487493659875,-0.0224,-0.004399999999999999,44.0,0.014900000000000002,-0.1615810286060761,58.26149747739028,1.9780356434362147,2.737707609476228,-0.7596719660400133,168.4995955
2017-08-23,0,0,0,0,0,0,0,0,167.78949,-0.5482137,-0.0135,-0.0041,0.5,97.0,-0.9972547849727815,-0.09057747159177203,0.010400000000000001,0.004899999999999999,9.0,0.009399999999999999,0.09497127777421548,55.46916155441556,1.8276511748963742,2.5556963225602574,-0.7280451476638832,168.653749
2017-08-24,0,0,0,0,1,0,0,0,166.82481,-0.57495236,-0.002,-0.0028,0.958,121.0,-0.29919885674214647,0.019355226889807807,0.0115,0.0013000000000000004,24.0,-0.0007999999999999999,0.10993269848157983,52.63559114611337,1.6120461220529592,2.366966282458798,-0.7549201604058386,168.5194875
2017-08-25,0,0,0,0,0,0,0,0,165.41254,-0.8465469,-0.0198,-0.0167,0.167,62.0,-1.5182903523621907,-0.14603176485288963,-0.017800000000000003,-0.0139,-59.0,0.003100000000000002,-0.16538699174269744,48.71238655373471,1.3120941732775862,2.1559918606225557,-0.8438976873449695,168.21466049999998
2017-08-28,0,0,0,0,1,0,0,0,166.32751,0.55315495,0.0,-0.0037,1.375,23.0,0.33568862683492484,0.03975253563429011,0.0198,0.013,-39.0,-0.0037,0.18578430048717975,51.24769281893459,1.1351255048834616,1.9518185894747369,-0.8166930845912752,168.1147085
2017-08-29,0,0,0,0,0,0,0,0,167.1331,0.48433542,-0.0138,-0.0014,1.25,159.0,0.12410963990417527,-0.08872120601553565,-0.0138,0.0023,136.0,0.0124,-0.12847374164982578,53.43048096636866,1.0478025253167687,1.7710153766431431,-0.7232128513263745,168.024703
2017-08-30,0,0,0,0,1,0,0,0,168.99287,1.1127591,-0.0017,0.0038,0.708,85.0,-0.722232637717034,0.025519533379070525,0.0121,0.0052,-74.0,0.0055,0.11424073939460617,58.09505067817782,1.115804036763734,1.6399731086672613,-0.5241690719035272,168.0555325
2017-08-31,0,0,0,0,0,0,0,0,171.03172,1.2064576,-0.0022,0.0028,0.625,69.0,-0.8479270134806574,0.021621943837517754,-0.0005000000000000002,-0.001,-16.0,0.005,-0.0038975895415527713,62.526491123426965,1.3190091635468093,1.575780319643171,-0.2567711560963617,168.223611
2017-09-01,0,0,0,0,0,0,0,0,171.08144,0.029075146,-0.0007,0.0075,0.583,121.0,-0.8994638130786569,0.03547790778948372,0.0015,0.004699999999999999,52.0,0.008199999999999999,0.013855963951965963,62.63027503301159,1.467150283806518,1.5540543124758404,-0.08690402866932234,168.34295649999999
2017-09-04,0,0,0,0,0,0,0,0,171.08144,0.0,-0.0007,-0.0039,0.5,29.0,-0.996856197070132,0.005728562893377521,0.0,-0.0114,-92.0,-0.0031999999999999997,-0.029749344896106197,62.63027503301161,1.5664956027130472,1.5565425705232818,0.009953032189765398,168.3449465
2017-09-05,0,0,0,0,0,0,0,0,169.78854,-0.7557273,-0.0015,-0.0115,1.25,43.0,0.14023782980343605,-0.003910686913238301,-0.0008,-0.0076,14.0,-0.01,-0.009639249806615822,57.8024133455103,1.5233411306003575,1.549902282538697,-0.026561151938339522,168.31958600000002
2017-09-06,0,0,0,0,1,0,0,1,171.15103,0.8024812,-0.0002,-0.0006,2.083,211.0,1.3725967432377801,0.010719807702244717,0.0013,0.0109,168.0,-0.00039999999999999996,0.014630494615483018,61.19701420523739,1.5808592948357045,1.5560936849980984,0.024765609837606117,168.3648375
2017-09-07,0,1,1,0,0,0,0,0,172.26494,0.6508231,-0.0944,0.0,1.875,286.0,1.049072462753537,-0.8778536957954977,-0.09419999999999999,0.0006,75.0,0.0944,-0.8885735034977423,63.76355488160702,1.696766810463572,1.5842283100911931,0.11253850037237889,168.6537535
2017-09-08,0,0,1,0,0,0,0,0,170.01726,-1.3047814,-0.0374,0.0,0.667,154.0,-0.7749514032936096,-0.32503989483654516,0.056999999999999995,0.0,-132.0,0.0374,0.5528138009589525,55.750456150419424,1.5889390599103024,1.585170460055015,0.0037685998552874356,168.796469
2017-09-11,0,0,0,0,0,0,0,0,172.56331,1.4975071,-0.015,-0.0013,1.0,35.0,-0.2722751679452571,-0.10733944382657658,0.022400000000000003,-0.0013,-119.0,0.0137,0.2177004510099686,61.632269205480185,1.6894547646345472,1.6060273209709215,0.08342744366362576,168.933716
2017-09-12,0,1,0,0,0,0,0,0,172.01633,-0.3169775,-0.016,-0.0279,0.833,69.0,-0.5176170810865396,-0.11540931473699641,-0.0010000000000000009,-0.026600000000000002,34.0,-0.0119,-0.00806987091041983,59.79342452287813,1.7053196072004368,1.6258857782168246,0.07943382898361229,169.031183
2017-09-13,0,1,0,0,0,0,0,0,172.10582,0.052034855,-0.0177,-0.0002,1.458,101.0,0.4134865362735377,-0.13662591805004423,-0.0017000000000000001,0.027700000000000002,32.0,0.0175,-0.021216603313047824,60.00367872434178,1.7054542889007962,1.641799480353619,0.06365480854717731,169.18285100000003
2017-09-14,0,0,0,0,0,0,0,0,170.02724,-1.2077391,-0.009,-0.0027,1.875,144.0,1.0231450789486207,-0.051991277690889716,0.008700000000000001,-0.0025,43.0,0.006299999999999999,0.08463464035915452,53.06279682267508,1.5203117826671644,1.617501940816328,-0.09719015814916365,169.38424750000001
2017-09-15,0,0,0,0,0,0,0,0,170.7035,0.39775372,-0.0052,0.0003,2.458,187.0,1.8124794045665864,-0.014840999517849585,0.0037999999999999996,0.003,43.0,0.0055,0.03715027817304013,54.891028956440245,1.4118782888069745,1.5763772104144573,-0.1644989216074828,169.59459250000003
2017-09-18,0,0,1,0,0,0,0,0,169.0824,-0.9496629,-0.0448,-0.0017,0.458,43.0,-1.064160899740881,-0.38716013984243386,-0.039599999999999996,-0.002,-144.0,0.0431,-0.3723191403245843,49.87586264753574,1.1815149726623133,1.4974047628640286,-0.31588979020171526,169.7054845
2017-09-19,0,1,0,0,1,0,0,0,171.5787,1.4763951,-0.0034,-0.0035,1.208,86.0,0.038049185417498466,0.009343587302566488,0.0414,-0.0018000000000000002,43.0,-0.00010000000000000026,0.3965037271450004,56.47113803949988,1.1867013777038267,1.4352640858319883,-0.2485627081281616,169.8486995
2017-09-20,0,0,0,0,0,0,0,0,171.23062,-0.20287633,0.0038,-0.0006,0.792,90.0,-0.5538289061563318,0.07720448219814534,0.0072,0.0029000000000000002,4.0,-0.0044,0.06786089489557885,55.37697453481425,1.1494740725061092,1.3781060831668124,-0.22863201066070316,170.020756
2017-09-21,0,1,0,0,0,0,0,0,170.1764,-0.6156683,-0.0203,0.0049,2.333,186.0,1.6249470203944631,-0.15086608057577192,-0.0241,0.0055,96.0,0.0252,-0.22807056277391724,52.085365360243166,1.0231106388326054,1.307106994299971,-0.28399635546736546,170.1883355
2017-09-22,0,0,0,0,0,0,0,0,169.6095,-0.3331244,-0.0074,-0.0001,1.25,384.0,0.07723935961465415,-0.02626752414421618,0.012899999999999998,-0.005,198.0,0.0073,0.12459855643155573,50.35213295226757,0.8672257761102742,1.2191307506620315,-0.3519049745517573,170.39818350000002
2017-09-25,0,0,0,1,0,0,0,0,161.98135,-4.4974804,-0.0518,-0.0222,1.708,96.0,0.7126900552518768,-0.44436592347930587,-0.044399999999999995,-0.0221,-288.0,0.029599999999999998,-0.4180983993350897,33.97092536314358,0.1266974560160179,1.0006440917328288,-0.8739466357168109,170.1808755
2017-09-26,0,1,1,1,0,0,0,0,163.31406,0.82274675,-0.0713,-0.0021,2.125,269.0,1.2626578956231451,-0.7783868102969695,-0.019500000000000003,0.0201,173.0,0.0692,-0.3340208868176637,37.77950151104879,-0.3486193469753971,0.7307914039911836,-1.0794107509665807,169.9899235
2017-09-27,0,0,0,0,0,0,0,0,166.76512,2.1131396,-0.0173,-0.0013,2.0,202.0,1.052728436289435,-0.22774829736051216,0.054000000000000006,0.0007999999999999999,-67.0,0.016,0.5506385129364574,46.401049591142026,-0.4417474479290604,0.4962836336071348,-0.9380310815361952,169.878536
2017-09-28,0,1,1,0,0,0,0,0,167.80939,0.6261945,-0.0686,-0.001,1.667,301.0,0.558270019199856,-0.7919537148545043,-0.0513,0.0002999999999999999,99.0,0.0676,-0.5642054174939921,48.71669853012571,-0.4263733110930161,0.3117522446671046,-0.7381255557601207,169.7174195
2017-09-29,0,0,1,0,0,0,0,0,169.93771,1.2683034,-0.0856,-0.0006,0.708,114.0,-0.8207035556690152,-0.9599036663589511,-0.017,0.0004000000000000001,-187.0,0.08499999999999999,-0.1679499515044468,53.158470969945604,-0.23968857925743237,0.20146407988219722,-0.4411526591396296,169.660233
2017-10-02,0,0,1,0,0,0,0,0,168.54532,-0.8193314,-0.0806,0.0001,2.167,116.0,1.2657935707371062,-0.8843200654060256,0.0049999999999999906,0.0007,2.0,0.08070000000000001,0.07558360095292549,50.10117891920505,-0.20176796509272776,0.12081767088721222,-0.32258563597994,169.53342700000002
2017-10-03,0,1,1,0,0,0,0,0,169.03268,0.28914213,-0.0323,-0.0006,1.708,291.0,0.6080069394180962,-0.34412045124809487,0.0483,-0.0007,175.0,0.0317,0.5401996141579307,51.15997898146968,-0.13088101137287822,0.07047793443519412,-0.20135894580807234,169.49563400000002
2017-10-04,0,0,1,0,0,0,0,0,167.50108,-0.9060979,-0.0398,-0.0002,1.167,149.0,-0.14760183576964825,-0.41197097755821144,-0.0075,0.00039999999999999996,-142.0,0.0396,-0.06785052631011657,47.73218179062699,-0.19603019565079194,0.01717630841799691,-0.21320650406878885,169.3131365
2017-10-05,0,0,0,0,0,0,0,0,170.30571,1.6743898,-0.007,-0.0081,0.958,117.0,-0.4307904379857856,-0.04587512716178616,0.0328,-0.007899999999999999,-32.0,-0.0010999999999999994,0.3660958503964253,53.83229566189195,-0.021107873410983302,0.009519472052200866,-0.03062734546318417,169.21517500000002
2017-10-06,0,1,1,0,0,0,0,0,171.29028,0.5781293,-0.0108,-0.0747,0.458,147.0,-1.1181790948705592,-0.083950401630842,-0.0038000000000000004,-0.0666,30.0,-0.0639,-0.038075274469055835,55.783245655251164,0.1947212722003826,0.04655983208183721,0.14816144011854537,169.27882600000004
2017-10-09,0,0,0,0,0,0,0,0,171.55882,0.15677214,-0.0147,0.0007,0.792,52.0,-0.6569850529227681,-0.1476146149848784,-0.003899999999999999,0.07540000000000001,-95.0,0.015399999999999999,-0.06366421335403641,56.32535181530262,0.3830211296201185,0.11385209158949347,0.269169038030625,169.22860150000002
2017-10-10,0,0,1,0,0,0,0,0,170.65378,-0.52753687,-0.0327,0.0009,0.917,117.0,-0.4598917151749226,-0.3449033793582195,-0.018000000000000002,0.00019999999999999998,65.0,0.0336,-0.1972887643733411,53.92576075647916,0.4539876717054483,0.18187920761268445,0.27210846409276385,169.16047400000005
2017-10-11,0,1,0,0,0,0,0,0,171.79752,0.67020655,-0.0023,-0.0011,2.25,147.0,1.4592147581417951,-0.004132273477103934,0.0304,-0.002,30.0,0.0012,0.3407711058811156,56.45074279475452,0.5956531087044254,0.26463398783103265,0.3310191208733928,169.14505900000003
2017-10-12,0,0,0,0,0,0,0,0,171.60855,-0.10999441,-0.002,-0.0084,2.292,588.0,1.4634483436473829,-0.003272805980457188,0.0002999999999999999,-0.007299999999999999,441.0,-0.0063999999999999994,0.0008594674966467463,55.9056057269929,0.6847819484192428,0.3486635799486747,0.3361183684705681,169.22412450000004
2017-10-13,0,0,0,0,0,0,0,0,172.79205,0.6896615,-0.006,-0.0006,1.333,279.0,0.07564234010600861,-0.04785720591272261,-0.004,0.0078,-309.0,0.0054,-0.04458439993226543,58.60195394922623,0.8412187094673698,0.4471746058524137,0.39404410361495606,169.32855200000003
2017-10-16,0,0,0,0,0,0,0,0,173.56781,0.44894218,-0.0046,-0.0005,0.583,90.0,-1.008025335599641,-0.029309914335859038,0.0014000000000000002,9.999999999999994e-05,-189.0,0.0040999999999999995,0.018547291576863575,60.31497636047014,1.0160805739983232,0.5609557994815956,0.4551247745167276,169.55282250000002
2017-10-17,0,0,0,0,0,0,0,0,175.14912,0.9110689,-0.0063,0.0007,1.417,190.0,0.22524975070588893,-0.045643449652689703,-0.0017000000000000001,0.0012000000000000001,100.0,0.007,-0.016333535316830666,63.619620816411945,1.2676457319755912,0.7022937859803947,0.5653519459951964,169.73134350000004
2017-10-18,0,0,0,0,0,0,0,0,175.06956,-0.0454247,-0.0041,0.0011,1.292,256.0,0.07239593714897663,-0.018708361145963387,0.0021999999999999997,0.0004000000000000001,66.0,0.005200000000000001,0.026935088506726317,63.33386404952006,1.4439481693426615,0.8506246626528481,0.5933235066898134,169.92329050000004
2017-10-19,0,0,0,0,1,0,0,0,173.60757,-0.8350849,-0.0042,0.0004,1.708,257.0,0.8362076077666033,0.12399461536742445,-9.99999999999994e-05,-0.0007000000000000001,1.0,0.0046,0.14270297651338784,58.163837092036644,1.4489956268884612,0.9702988554999707,0.4786967713884904,170.09484900000004
2017-10-20,0,0,0,0,0,0,0,0,174.0253,0.24060011,-0.001,0.0007,0.708,375.0,-0.860528566487345,0.6239180566731556,0.0031999999999999997,0.0003,118.0,0.0017000000000000001,0.49992344130573113,59.188947319610406,1.4697606078501337,1.0701912059700034,0.39956940188013035,170.31563900000003
2017-10-23,0,0,0,0,0,0,0,0,170.33554,-2.1202385,-0.0008,0.0006,0.542,88.0,-1.1066616933019608,0.7152600216285937,0.00019999999999999998,-0.00010000000000000005,-287.0,0.0014,0.09134196495543812,48.00088030580191,1.1749402298816278,1.0911410107523283,0.08379921912929955,170.73334850000003
2017-10-24,0,0,0,0,0,0,0,0,170.86264,0.3094554,-0.0041,0.0003,1.25,214.0,0.10553296353154137,0.5577855890694597,-0.0033000000000000004,-0.0003,126.0,0.0044,-0.15747443255913396,49.470283191336556,0.9726138342666388,1.0674355754551903,-0.09482174118855147,171.1107775
2017-10-25,0,0,0,0,0,0,0,0,169.66919,-0.698483,-0.0014,-0.0032,0.875,303.0,-0.528747096789153,0.6651405910555586,0.0027,-0.0035,89.0,-0.0018000000000000002,0.10735500198609882,46.2813404467689,0.7078080960011448,0.9955100795643812,-0.2877019835632364,171.25598100000002
2017-10-26,0,0,0,0,0,0,0,0,169.69902,0.01758337,-0.0085,-0.0008,0.75,215.0,-0.7222619384563614,0.3794046969958279,-0.0071,0.0024000000000000002,-88.0,0.0077,-0.28573589405973066,46.37438871380512,0.4946526247560712,0.8953385886027192,-0.400685963846648,171.35046250000002
2017-10-27,0,0,0,0,0,0,0,0,176.90945,4.248965,-0.0061,0.0019,1.333,204.0,0.24444779502918454,0.4726293743024981,0.0024000000000000002,0.0027,-11.0,0.008,0.09322467730667017,63.039641139793815,0.8972044051224088,0.8957117519066571,0.0014926532157517602,171.69904950000003
2017-10-30,0,0,0,0,0,0,0,0,178.8886,1.1187315,-0.0059,0.001,1.875,106.0,1.1383242067814805,0.4872780459947304,0.00020000000000000052,-0.0009,-98.0,0.0069,0.014648671692232329,66.14927885288824,1.3602503366900862,0.988619468863343,0.37163086782674326,172.2162135
2017-10-31,0,0,0,0,0,0,0,0,179.07758,0.10563135,-0.0057,0.0009,2.708,498.0,2.41277263198866,0.5135836370362368,0.00019999999999999966,-0.00010000000000000005,392.0,0.0066,0.02630559104150637,66.43962908983299,1.7226095100073167,1.1354174770921377,0.587192032915179,172.71845850000003
2017-11-01,0,0,0,0,0,0,0,0,181.66339,1.4439702,-0.0128,0.0013,2.458,556.0,1.9022211310758543,0.22621578497992073,-0.0071,0.00039999999999999996,58.0,0.014100000000000001,-0.28736785205631604,70.20542595745223,2.1931537112101864,1.3469647239157474,0.846188987294439,173.42657400000002
2017-11-02,0,1,0,0,0,0,0,0,177.94379,-2.0475209,0.0513,0.0266,2.458,774.0,1.8424415027069116,2.6817813168176383,0.0641,0.0253,218.0,-0.0247,2.4555655318377174,59.80906269383268,2.2401002653012085,1.5255918321928397,0.7145084331083689,173.808478
2017-11-03,0,0,0,0,0,0,0,0,177.94379,0.0,-0.0221,-0.0044,1.458,390.0,0.27472953426506175,-0.23517947408815215,-0.07339999999999999,-0.031,-384.0,0.0177,-2.9169607909057906,59.80906269383268,2.251353545397592,1.6707441748337901,0.5806093705638018,174.1411535
2017-11-06,0,0,0,0,1,0,0,0,179.18695,0.69863796,-0.0038,0.0008,0.875,134.0,-0.6253365490884285,0.5013922683366268,0.0183,0.005200000000000001,-256.0,0.0046,0.7365717424247789,61.99078666803422,2.333683225867418,1.8033319850405156,0.5303512408269022,174.52255999999997
2017-11-07,0,0,0,0,0,0,0,0,179.26654,0.04440546,-0.0034,-0.0019,0.542,195.0,-1.1196194351471087,0.5147540766084477,0.0004000000000000002,-0.0027,61.0,0.0014999999999999998,0.013361808271820985,62.132514224848926,2.3779409159692477,1.918253771226262,0.4596871447429858,174.953198
2017-11-08,0,0,0,0,0,0,0,0,178.5803,-0.38280487,-0.0091,0.001,1.125,232.0,-0.2283487035896301,0.29000926683185224,-0.0057,0.0029,37.0,0.010100000000000001,-0.2247448097765955,60.05327562941927,2.3307739105963776,2.000757799100285,0.33001611149609245,175.29233699999997
2017-11-09,0,0,0,0,0,0,0,0,178.32173,-0.14479756,-0.0051,0.0011,0.625,219.0,-0.9738765563764926,0.4379086187383798,0.004,0.00010000000000000005,-13.0,0.006200000000000001,0.14789935190652753,59.248728984209805,2.2466315113943267,2.0499325415590937,0.19669896983523305,175.627996
2017-11-10,0,0,0,0,0,0,0,0,177.48631,-0.46848655,-0.0014,0.0003,0.375,267.0,-1.3244583631378872,0.578410526044041,0.0037,-0.0008000000000000001,48.0,0.0017,0.1405019073056612,56.609858866253305,2.0884621500662774,2.0576384632605302,0.030823686805747208,175.862709
2017-11-13,0,0,0,0,0,0,0,0,177.79463,0.17371178,-0.0049,-0.0004,0.625,82.0,-0.9683362186057604,0.4377149259913405,-0.0034999999999999996,-0.0007,-185.0,0.0045,-0.1406956000527005,57.36458772502966,1.9653354749509333,2.039177865598611,-0.07384239064767772,176.07405
2017-11-14,0,1,1,0,0,0,0,0,177.09843,-0.3915608,-0.0402,-0.0015,1.0,164.0,-0.38576780092437746,-0.9930623997086411,-0.0353,-0.0011,82.0,0.0387,-1.4307773256999816,55.03666269376261,1.7909343992913591,1.9895291723371606,-0.19859477304580153,176.1715155
2017-11-15,0,0,0,0,0,0,0,0,176.97908,-0.06739497,-0.0181,-0.0022,0.167,149.0,-1.639433055229581,-0.08931597646188003,0.022099999999999998,-0.0007000000000000001,-15.0,0.0159,0.903746423246761,54.62739385143869,1.6243650733552784,1.916496352540784,-0.29213127918550574,176.2669915
2017-11-16,0,0,0,0,1,0,0,0,178.61012,0.921607,-0.0098,-0.0019,0.875,145.0,-0.5600821447480072,0.2547920553468362,0.008300000000000002,0.00030000000000000014,-4.0,0.007899999999999999,0.3441080318087162,59.10321414502497,1.6054622103187057,1.8542895240963684,-0.24882731377766265,176.51711899999998
2017-11-17,0,0,0,0,0,0,0,0,178.02335,-0.32852292,-0.0027,0.0006,0.083,167.0,-1.7546280724856844,0.5319433939119377,0.0070999999999999995,0.0025,22.0,0.0033,0.2771513385651015,56.927561930902016,1.5255485459986744,1.7885413284768297,-0.2629927824781553,176.7170215
2017-11-20,0,0,0,0,0,0,0,0,177.76479,-0.14525056,-0.0193,-0.0017,0.5,59.0,-1.0904501255784937,-0.1318732314602125,-0.0166,-0.0023,-108.0,0.0176,-0.6638166253721501,55.950193985527584,1.424927087673865,1.7158184803162366,-0.29089139264237174,177.088484
2017-11-21,0,1,0,0,1,0,0,0,180.86775,1.7455459,0.0097,0.0277,0.75,133.0,-0.7003764773548197,1.0285184047318419,0.029,0.0294,74.0,0.018,1.1603916361920543,63.949409703427165,1.577383699098334,1.6881315240726562,-0.11074782497432212,177.5887395
2017-11-22,0,1,1,0,0,0,0,0,179.88315,-0.5443752,-0.0197,0.0123,1.042,161.0,-0.27418581002983716,-0.15098597037778685,-0.0294,-0.015399999999999999,28.0,0.032,-1.1795043751096288,60.21293907766986,1.600310289825785,1.670567277223282,-0.07025698739749697,178.0994375
2017-11-23,0,0,1,0,0,0,0,0,179.88315,0.0,-0.0367,-0.0028,0.0,207.0,-1.7821487791861805,-0.8157368272723029,-0.017000000000000005,-0.0151,46.0,0.033900000000000007,-0.6647508568945161,60.21293907766986,1.6000355641583894,1.6564609346103034,-0.05642537045191398,178.608644
2017-11-24,0,0,0,0,1,0,0,0,181.78273,1.0560036,-0.0069,-0.0018,0.125,104.0,-1.5652735971293235,0.39622300045132536,0.029800000000000004,0.001,-103.0,0.0051,1.2119598277236283,64.81310129719466,1.7331197470211634,1.6717926970924755,0.06132704992868798,178.852308
2017-11-27,0,0,0,0,0,0,0,0,182.03136,0.13678074,-0.0019,-0.0006,0.667,58.0,-0.7880671939659373,0.6002925154737712,0.005,0.0012000000000000001,-46.0,0.0013,0.2040695150224458,65.37735210814579,1.8374710612638125,1.7049283699267428,0.13254269133706975,179.00944599999997
2017-11-28,0,0,0,0,0,0,0,0,181.4247,-0.33327937,-0.0026,0.0005,1.042,210.0,-0.23836038091435088,0.5728675668106664,-0.0006999999999999999,0.0010999999999999998,152.0,0.0031,-0.027424948663104742,62.73390843368828,1.8498934178782633,1.733921379517047,0.11597203836121639,179.12680199999997
2017-11-29,0,0,0,0,0,0,0,0,174.17447,-3.996271,-0.0007,0.0009,1.417,204.0,0.32635539055028034,0.6505490002589062,0.0018999999999999998,0.00039999999999999996,-6.0,0.0015999999999999999,0.07768143344823975,41.26156200438204,1.2601787010619319,1.639172843826024,-0.37899414276409216,178.75235599999996
2017-11-30,0,1,1,1,0,0,0,0,176.21327,1.1705518,-0.0308,0.0018,1.667,219.0,0.7022654736624953,-0.6739446355831901,-0.030100000000000002,0.0009,15.0,0.032600000000000004,-1.3244936358420962,46.778197195092766,0.9464298066780543,1.5006242363964302,-0.5541944297183758,178.66582999999997
2017-12-01,0,1,0,0,1,0,0,0,174.14465,-1.1739373,-0.0061,-0.0034,0.458,230.0,-1.0735277291531247,0.40421366200987036,0.0247,-0.0052,11.0,0.0027000000000000006,1.0781582975930604,42.42448943211775,0.5248115013154688,1.305461689380238,-0.7806501880647692,178.475873
2017-12-04,0,0,0,0,0,0,0,0,170.53445,-2.0731032,-0.0056,0.0014,1.708,99.0,0.7438565418368818,0.41895304232852404,0.0005000000000000004,0.0048,-131.0,0.007,0.014739380318653683,36.10826391376697,-0.09949015104916725,1.024471321294357,-1.1239614723435243,178.043248
2017-12-05,0,1,1,0,0,0,0,0,171.88701,0.7931471,-0.0406,-0.0015,1.125,247.0,-0.11716910389236974,-1.1155029225912634,-0.034999999999999996,-0.0029,148.0,0.039099999999999996,-1.5344559649197875,39.72870502180509,-0.4795850621491127,0.7236600446056631,-1.2032451067547758,177.6742715
2017-12-06,0,0,0,0,1,0,0,0,175.09941,1.8688917,-0.0031,-0.0015,0.958,204.0,-0.35008650878378456,0.5311446279920706,0.0375,0.0,-43.0,0.0015999999999999999,1.646647550583334,47.35834574600985,-0.5156550345248547,0.47579702877955954,-0.9914520633044143,177.500227
2017-12-07,0,0,0,0,0,0,0,0,179.15714,2.3173928,-0.0033,0.0028,0.625,147.0,-0.8106747537081086,0.5172579868332304,-0.0002000000000000001,0.0043,-57.0,0.0060999999999999995,-0.013886641158840196,55.091555492918665,-0.21434501248845095,0.33776862052595746,-0.5521136330144084,177.54199749999998
2017-12-08,0,0,0,0,0,0,0,0,178.02335,-0.6328404,0.0015,0.0018,0.417,162.0,-1.0898347451201464,0.721707806540022,0.0048000000000000004,-0.001,15.0,0.0002999999999999999,0.20444981970679155,52.75936520499213,-0.06627801502418151,0.25695929341592966,-0.32323730844011117,177.56884949999997
2017-12-11,0,0,0,0,0,0,0,0,178.06313,0.02233982,-0.0053,-0.0009,0.833,45.0,-0.4770290519071621,0.39952110433003535,-0.0068000000000000005,-0.0027,-117.0,0.0044,-0.32218670220998663,52.83480793489493,0.0536575301688913,0.21629894076652198,-0.16264141059763068,177.58227449999998
2017-12-12,0,0,0,0,0,0,0,0,175.99449,-1.1617422,-0.0095,-0.0009,1.208,131.0,0.09104301689304689,0.21736761069394872,-0.0042,0.0,86.0,0.0086,-0.18215349363608663,48.49744877494834,-0.018007071519349438,0.1694377383093477,-0.18744480982869713,177.52707749999996
2017-12-13,0,0,0,0,0,0,0,0,177.32716,0.7572293,-0.0086,-0.0009,1.125,219.0,-0.0432054088373448,0.26808594506559347,0.0008999999999999998,0.0,88.0,0.0077,0.05071833437164475,51.27268599800858,0.03236051486757674,0.1420222936209935,-0.10966177875341676,177.54448149999996
2017-12-14,0,0,0,0,0,0,0,0,177.41669,0.050473213,-0.0212,-0.0007,1.375,184.0,0.37067223641301567,-0.29604903480237477,-0.0126,0.00019999999999999998,-35.0,0.0205,-0.5641349798679682,51.46191367825564,0.07859551257962494,0.1293369374127198,-0.05074142483309485,177.48480999999998
2017-12-15,0,0,1,0,0,0,0,0,179.19691,1.0034204,-0.0428,-0.0005,0.833,184.0,-0.4635975342285559,-1.2228006329541896,-0.021599999999999998,0.00019999999999999998,0.0,0.0423,-0.9267515981518148,55.18834365189185,0.25593569013091155,0.15465668795635815,0.1012790021745534,177.54348799999997
2017-12-18,0,0,0,0,1,0,0,0,179.83344,0.35520792,-0.0119,-0.0022,0.875,59.0,-0.3787096126947091,0.11872106182710819,0.030899999999999997,-0.0017000000000000001,-125.0,0.0097,1.3415216947812978,56.47504722760143,0.44273810057558194,0.2122729704802029,0.23046513009537903,177.64692049999996
2017-12-19,0,0,0,0,0,0,0,0,178.5306,-0.72448254,-0.0092,-0.0043,1.667,209.0,0.8878186680638205,0.20621776392750002,0.002700000000000001,-0.0021,150.0,0.0049,0.08749670210039183,53.11342643957009,0.48011756060401467,0.26584188850496526,0.2142756720990494,177.53006299999998
2017-12-20,0,0,0,0,0,0,0,0,176.91943,-0.90245605,0.0008,-0.0019,1.25,282.0,0.24842126835397962,0.6705370025646837,0.01,0.0024000000000000002,73.0,-0.0027,0.4643192386371837,49.21221077334057,0.37540565537725,0.28775464187942223,0.08765101349782778,177.38187699999997
2017-12-21,0,0,0,0,0,0,0,0,176.4818,-0.24734735,-0.0109,-0.0023,1.542,130.0,0.7264667527792736,0.06762381689672564,-0.0117,-0.00039999999999999996,-152.0,0.0086,-0.6029131856679582,48.177100307860044,0.2541776309930128,0.28103923970214034,-0.026861608709127516,177.21180949999996
2017-12-22,0,0,0,0,0,0,0,0,176.23318,-0.1408875,-0.0189,-0.0028,0.625,286.0,-0.7585140747257486,-0.45726961402845456,-0.008,-0.0005,156.0,0.0161,-0.5248934309251803,47.56501059332054,0.13646886395699198,0.2521251645531107,-0.1156563005961187,176.93433199999998
2017-12-25,0,0,0,0,1,0,0,0,176.23318,0.0,-0.0099,0.0009,0.0,25.0,-1.7142561467493078,0.0022010404648582587,0.009,0.0037,-261.0,0.0108,0.4594706544933128,47.56501059332054,0.04269169475261947,0.21023847059301243,-0.16754677584039296,176.644423
2017-12-26,0,0,0,0,0,0,0,0,175.02979,-0.6828368,0.0,0.0006,0.0,37.0,-1.6446194676121169,0.6643976930502594,0.0099,-0.00030000000000000003,12.0,0.0006,0.6621966525854012,44.39848992709764,-0.1272638844787366,0.14273799957866262,-0.2700018840573992,176.32467749999998
2017-12-27,0,0,0,0,0,0,0,0,176.65085,0.92618465,-0.0103,-0.0044,0.583,77.0,-0.6941744453963391,-0.10309101260831417,-0.0103,-0.005,40.0,0.0059,-0.7674887056585736,49.29537260769033,-0.12965433675998383,0.08825953231093334,-0.21791386907091717,176.44849649999998
2017-12-28,0,0,0,0,1,0,0,0,176.94925,0.16889572,-0.0079,-0.007,0.458,105.0,-0.8742921036794072,0.07496201072356158,0.0023999999999999994,-0.0026,28.0,0.0009000000000000006,0.17805302333187575,50.165430667894704,-0.10624566733065421,0.049358492382615825,-0.15560415971327005,176.48529549999998
2017-12-29,0,1,1,0,0,0,0,0,175.49722,-0.82058907,-0.0498,-0.0037,0.417,136.0,-0.9371683260281818,-2.7646767126327254,-0.04189999999999999,0.0033,31.0,0.046099999999999995,-2.839638723356287,46.02665832855438,-0.2025262178651417,-0.001018449666935678,-0.201507768198206,176.552924
2018-01-01,0,0,1,0,0,0,0,0,175.49722,0.0,-0.0345,-0.0027,0.0,115.0,-1.5444791224745689,-1.652166009076401,0.015299999999999994,0.001,-21.0,0.0318,1.1125107035563244,46.02665832855439,-0.27565170654185067,-0.05594510104191869,-0.21970660549993198,176.8010625
2018-01-02,0,0,0,0,0,0,0,0,180.43015,2.8108358,-0.026,0.0031,1.333,59.0,0.5096841816730809,-1.0999156308470552,0.008500000000000004,0.0058,-56.0,0.029099999999999997,0.5522503782293458,59.26729744980511,0.0637076593842778,-0.03201454895667939,0.0957222083409572,177.2282195
2018-01-03,0,1,0,0,1,1,0,0,183.66241,1.7914176,-0.0017,0.0069,0.25,133.0,-1.1382964940053042,0.5475539338858468,0.0243,0.0038,74.0,0.0086,1.647469564732902,65.27794284893073,0.5867055938348358,0.09172947960162366,0.49497611423321214,177.6563695
2018-01-04,0,0,0,0,0,0,0,0,183.32428,-0.18411279,-0.0083,0.0095,1.25,106.0,0.4876090936877699,0.10738438268212448,-0.0066,0.0026,-27.0,0.0178,-0.44016955120372236,64.21049661219601,0.9628023733179418,0.26594405834488727,0.6968583149730545,177.86472650000002
2018-01-05,0,1,1,0,0,0,0,0,185.83052,1.367116,-0.0672,-0.0021,1.792,219.0,1.3471757206607233,-3.4208544712926034,-0.058899999999999994,-0.0116,113.0,0.06509999999999999,-3.528238853974728,68.34266102583199,1.4464209626757167,0.5020394392110532,0.9443815234646635,178.255085
2018-01-08,0,0,0,0,1,0,0,0,187.25273,0.7653117,0.0025,0.0015,1.25,50.0,0.45180098435942173,0.80352208317729,0.0697,0.0036,-169.0,-0.001,4.2243765544698935,70.42912930959216,1.922293635674805,0.7860902785038035,1.1362033571710015,178.71456500000002
2018-01-09,0,0,0,0,0,0,0,0,186.84494,-0.21776557,0.0024,-0.0029,1.208,172.0,0.3905630158076119,0.7849976771334728,-0.00010000000000000026,-0.004399999999999999,122.0,-0.005299999999999999,-0.01852440604381722,69.02438445400455,2.2406916143985995,1.0770105456827628,1.1636810687158368,179.2570875
2018-01-10,0,0,0,0,0,0,0,0,186.81511,-0.015968084,-0.0014,-0.0032,0.917,146.0,-0.07306001075862446,0.5527517370589788,-0.0037999999999999996,-0.00030000000000000035,-26.0,-0.0018000000000000002,-0.23224594007449395,68.91609973176955,2.462234171924109,1.354055270931032,1.1081789009930771,179.73148500000002
2018-01-11,0,0,0,0,0,0,0,0,186.7455,-0.037258863,-0.004,-0.0054,1.042,131.0,0.15088539897426106,0.39616569296431114,-0.0026,-0.0022,-15.0,-0.0014000000000000002,-0.1565860440946677,68.6454674650267,2.6021948175988143,1.6036831802645886,0.9985116373342258,180.19792550000003
2018-01-12,0,0,0,0,0,0,0,0,178.39134,-4.4735613,-0.0061,-0.0064,2.917,322.0,2.9444148216741115,0.27561156442383905,-0.0021000000000000003,-0.001,191.0,-0.0002999999999999999,-0.1205541285404721,45.53459995020482,2.015767234379865,1.686099991087644,0.3296672432922212,180.15764700000003
2018-01-15,0,0,1,1,0,0,0,0,178.39134,0.0,-0.107,-0.002,0.417,62.0,-0.8652417969133384,-4.5717923732922605,-0.1009,0.0044,-260.0,0.105,-4.847403937716099,45.534599950204814,1.533343717790899,1.655548736428295,-0.12220501863739597,180.08554200000003
2018-01-16,0,1,0,0,0,0,0,0,177.41669,-0.54635406,-0.0144,0.0055,0.875,125.0,-0.15874975705917943,-0.08642005517469126,0.0926,0.0075,63.0,0.0199,4.4853723181175695,43.5507217592882,1.0601527151324035,1.5364695321691166,-0.47631681703671314,180.02984650000002
2018-01-17,0,0,1,0,0,0,0,0,176.631,-0.44284463,-0.0256,0.0058,1.417,144.0,0.6512387145933302,-0.6087365247714049,-0.011200000000000002,0.0002999999999999999,19.0,0.0314,-0.5223164695967137,41.963518330170956,0.6146613858115586,1.352107902897605,-0.7374465170860465,180.01542500000002
2018-01-18,0,1,1,0,0,0,0,0,178.819,1.2387395,-0.0579,-0.0122,1.292,242.0,0.44740793735363404,-2.0535765125798844,-0.032299999999999995,-0.018000000000000002,98.0,0.0457,-1.4448399878084794,47.681862450702795,0.4331663399241563,1.1683195903029153,-0.735153250378759,180.13228500000002
2018-01-19,0,0,0,0,1,0,0,1,180.30084,0.8286953,-0.004,0.0064,1.833,197.0,1.2418867979398822,0.4567828356879616,0.0539,0.018600000000000002,-45.0,0.0104,2.510359348267846,51.18954849513989,0.4042424567938667,1.0155041636011055,-0.6112617068072388,180.335668
2018-01-22,0,0,0,0,0,0,0,0,184.3586,2.2505403,-0.0165,-0.0025,2.083,138.0,1.5996096020454693,-0.11734666697290426,-0.0125,-0.0089,-59.0,0.014,-0.5741295026608658,59.24700077605858,0.7006704975687796,0.9525374303946403,-0.2518669328258607,180.741939
2018-01-23,0,0,0,0,1,0,0,1,188.3169,2.1470666,-0.008,-0.0082,2.042,351.0,1.6114043283505233,0.2809475225992722,0.0085,-0.0057,213.0,-0.00020000000000000052,0.39829418957217644,65.26981003031548,1.240691663445773,1.0101682770048668,0.2305233864409062,181.4062945
2018-01-24,0,0,0,0,0,0,0,0,185.53215,-1.4787436,-0.0074,0.0056,1.417,377.0,0.7021254766182746,0.30450704011446655,0.0005999999999999998,0.0138,26.0,0.013000000000000001,0.02355951751519436,58.69745529171533,1.4275009339939118,1.0936348084026757,0.3338661255912361,181.8503595
2018-01-25,0,0,1,0,0,0,0,0,186.45708,0.49852133,-0.048,-0.0091,1.458,195.0,0.8316818504783539,-1.6108974817191795,-0.0406,-0.014700000000000001,-182.0,0.038900000000000004,-1.915404521833646,60.13335999712528,1.6313772464291105,1.2011832960079627,0.43019395042114783,182.325751
2018-01-26,0,0,1,0,0,0,0,0,188.96332,1.3441443,-0.0486,-0.0077,1.083,233.0,0.21215806041400173,-1.58477288715457,-0.0005999999999999964,0.0014000000000000002,38.0,0.0409,0.02612459456460936,63.80527457684029,1.9724461835629086,1.3554358735189518,0.6170103100439568,182.99905599999997
2018-01-29,0,0,0,0,1,1,0,0,184.96526,-2.115792,-0.0011,-0.005,1.125,103.0,0.27606557415096755,0.7230867543872487,0.0475,0.0027,-130.0,-0.0039,2.307859641541819,55.0885103792648,1.8982538558636008,1.4639994699878816,0.4342543858757193,183.47245799999996
2018-01-30,0,0,0,0,0,0,0,0,186.09903,0.61297417,-0.0078,-0.0081,1.917,270.0,1.5510081740916108,0.40187686059847344,-0.006699999999999999,-0.0030999999999999995,167.0,-0.0002999999999999999,-0.32120989378877524,56.887235996324,1.9089366321007333,1.552986902410452,0.3559497296902814,183.75590199999994
2018-01-31,0,0,0,0,0,0,0,0,185.87029,-0.12291074,-0.0119,-0.006,2.5,326.0,2.361590213274845,0.2047173781990534,-0.004100000000000001,0.0020999999999999994,56.0,0.005900000000000001,-0.19715948239942005,56.39648483691325,1.8773049994420887,1.6178505218167794,0.2594544776253094,183.86629599999995
2018-02-01,0,1,1,0,0,0,1,0,192.03648,3.3174634,-0.1645,0.0215,2.625,362.0,2.3878488959829447,-5.199711250535031,-0.1526,0.027499999999999997,36.0,0.186,-5.404428628734084,65.12949888896165,2.3230183926646077,1.758884095986345,0.5641342966782628,184.30190599999997
2018-02-02,0,0,1,0,0,0,0,0,189.2418,-1.4552772,-0.1658,0.0196,0.792,155.0,-0.3887284680436234,-4.2750978043664185,-0.0012999999999999956,-0.001899999999999999,-207.0,0.1854,0.9246134461686122,59.329678800797424,2.422813462651874,1.8916699693194508,0.5311434933324231,184.47247
2018-02-05,0,0,0,0,1,1,0,0,180.27104,-4.740387,0.0093,-0.0036,0.833,76.0,-0.33259253238828757,0.9010059519233942,0.1751,-0.0232,-79.0,-0.012899999999999998,5.1761037562898125,45.364788956589024,1.7577738911301992,1.8648907536816004,-0.10711686255140118,184.12338549999998
2018-02-06,0,1,0,1,0,0,0,0,184.29892,2.2343636,-0.0312,-0.0101,1.125,178.0,0.10887078084956152,-0.29792827455598714,-0.040499999999999994,-0.0065,102.0,0.0211,-1.1989342264793814,50.94765560898031,1.5380122451672946,1.7995150519787393,-0.26150280681144467,183.9960845
2018-02-07,0,0,0,1,0,0,0,0,179.19691,-2.7683377,-0.0264,-0.0104,0.875,202.0,-0.2942043111096318,-0.1520455866392219,0.004799999999999999,-0.0002999999999999999,24.0,0.016,0.14588268791676523,44.71482113940183,0.9413091636274942,1.6278738743084902,-0.686564710680996,183.6151745
2018-02-08,0,0,0,0,1,0,0,0,170.64383,-4.7730026,-0.01,0.0063,1.0,207.0,-0.10424284781531097,0.33240476333551433,0.016399999999999998,0.0167,5.0,0.016300000000000002,0.48445034997473624,36.625518520260364,-0.21921740069717544,1.258455619307357,-1.4776730200045325,182.810091
2018-02-09,0,0,0,0,0,0,0,0,175.14912,2.640164,-0.0187,-0.0087,0.708,234.0,-0.5821657549165877,0.08354649619791699,-0.008700000000000001,-0.015,27.0,0.010000000000000002,-0.24885826713759734,42.523886691904885,-0.7665673026529873,0.8534510349152882,-1.6200183375682755,182.64798
2018-02-12,0,0,0,0,0,0,0,0,175.4475,0.17035007,-0.0196,-0.0302,1.375,91.0,0.4473488422483918,0.057047042292919556,-0.000899999999999998,-0.021500000000000002,-143.0,-0.010600000000000002,-0.02649945390499743,42.90290753516942,-1.1628644930439975,0.450187929323431,-1.6130524223674285,182.50078799999997
2018-02-13,0,0,0,0,0,0,0,0,172.20528,-1.8479705,-0.0246,-0.0238,1.542,297.0,0.6897063067596295,-0.0746205819604571,-0.005000000000000001,0.0063999999999999994,206.0,0.0007999999999999986,-0.13166762425337664,39.829382672215225,-1.7187403602387405,0.016402271410996594,-1.7351426316497371,182.24021749999997
2018-02-14,0,0,0,0,1,0,0,0,178.54051,3.678894,-0.0204,-0.0058,1.417,222.0,0.48135865367022074,0.05100757980722492,0.004199999999999999,0.018000000000000002,-75.0,0.014600000000000002,0.12562816176768202,47.71178204991819,-1.6292943831378466,-0.31273705949877206,-1.3165573236390746,182.33569299999996
2018-02-15,0,0,0,0,0,0,0,0,178.97813,0.2450943,-0.0052,0.0071,0.875,155.0,-0.40694268714324766,0.4885398208725005,0.015200000000000002,0.0129,-67.0,0.0123,0.43753224106527555,48.216426433973794,-1.5057383112424247,-0.5513373098475026,-0.9544010013949221,182.34364949999997
2018-02-16,0,0,0,0,0,0,0,0,176.39229,-1.4447689,-0.0081,-0.0035,1.542,191.0,0.6469626103233362,0.4027715850035691,-0.0029,-0.0106,36.0,0.0046,-0.0857682358689314,45.42657686596663,-1.5980535448144622,-0.7606805568408945,-0.8373729879735676,182.14822199999998
2018-02-19,0,0,1,0,0,0,0,0,176.39229,0.0,-0.0423,-0.0019,0.458,159.0,-1.13011888831423,-0.5970663362582725,-0.034199999999999994,0.0016,-32.0,0.0404,-0.9998379212618416,45.42657686596663,-1.6521688583559353,-0.9389782171439027,-0.7131906412120326,181.7499065
2018-02-20,0,1,0,0,1,0,0,0,175.04967,-0.7611692,-0.0022,-0.0017,1.333,185.0,0.29790809605048485,0.5984856754972688,0.0401,0.0002000000000000001,26.0,0.0005000000000000002,1.1955520117555414,43.89710165312976,-1.7828423506364857,-1.1077510438424194,-0.6750913067940663,181.086545
2018-02-21,0,0,0,0,0,0,0,0,176.93929,1.0794878,-0.0108,-0.0094,1.0,252.0,-0.23723838518921886,0.34795550800675057,-0.0086,-0.0077,67.0,0.0014000000000000002,-0.25053016749051826,46.6211075171875,-1.7141656582564622,-1.229033966725228,-0.48513169153123425,180.656902
2018-02-22,0,0,0,0,0,0,0,0,178.01341,0.60704947,-0.0187,0.0055,0.958,229.0,-0.28844120376732646,0.10581846135217482,-0.0079,0.0149,-23.0,0.0242,-0.24213704665457575,48.1618678682936,-1.5551396951865684,-1.294255112417496,-0.26088458276907245,180.23471849999999
2018-02-23,0,0,0,0,0,0,0,0,182.28995,2.4023652,-0.0053,0.0045,0.208,170.0,-1.5065054975987755,0.5060626953635412,0.013400000000000002,-0.001,-59.0,0.0098,0.4002442340113664,53.87092863802098,-1.0716758244601579,-1.2497392548260282,0.17806343036587036,179.90105
2018-02-26,0,0,0,0,0,0,0,0,183.921,0.8947611,-0.0108,-0.0015,0.833,75.0,-0.46246656604307,0.3445845593598937,-0.0055000000000000005,-0.006,-95.0,0.009300000000000001,-0.16147813600364752,55.867273207100624,-0.5505685089399321,-1.109905105648809,0.5593365967088768,179.84883699999997
2018-02-27,0,1,1,0,0,0,0,0,180.46994,-1.876378,-0.1431,-0.0109,0.917,161.0,-0.31817809157028415,-3.235318596771319,-0.1323,-0.0094,86.0,0.1322,-3.5799031561312127,50.85258701267276,-0.4113174952538259,-0.9701875835698124,0.5588700883159865,179.56738249999998
2018-02-28,0,1,0,0,1,0,0,0,177.34708,-1.7304063,-0.0189,-0.0029,0.875,243.0,-0.3847112300796904,0.1466430654766922,0.1242,0.008,82.0,0.016,3.381961662248011,46.76218692960813,-0.5466473563800491,-0.8854795381318598,0.3388321817518106,179.141222
2018-03-01,0,0,0,0,0,0,0,0,174.98006,-1.3346791,-0.0166,-0.0036,1.333,239.0,0.3503136565987294,0.21585592289461988,0.0023,-0.0007000000000000001,-4.0,0.013000000000000001,0.06921285741792768,43.88105034438349,-0.835267534112802,-0.8754371373280482,0.04016960321524621,178.28840099999996
2018-03-02,0,0,0,0,0,0,0,0,175.65633,0.38648844,-0.0188,-0.0017,1.083,230.0,-0.0817474529081828,0.16570339020692604,-0.0022000000000000006,0.0019,-9.0,0.0171,-0.050152532687693846,44.9251105565066,-0.9979282712639588,-0.8999353641152303,-0.09799290714872844,177.60912749999997
2018-03-05,0,0,0,0,0,0,0,0,179.41571,2.1401882,-0.0088,-0.0019,0.333,93.0,-1.3040716581521894,0.4418462335239073,0.01,-0.0002000000000000001,-137.0,0.006900000000000001,0.27614284331698125,50.44447282205091,-0.8141030565389258,-0.8827689025999694,0.06866584606104364,177.56636099999997
2018-03-06,0,0,0,0,0,0,0,0,178.79909,-0.34368038,-0.0133,-0.0015,1.125,191.0,0.004591793405412834,0.3203098588683366,-0.004499999999999999,0.00039999999999999996,98.0,0.0118,-0.12153637465557066,49.567039129287835,-0.7099919845288412,-0.8482135189857438,0.13822153445690266,177.29136949999994
2018-03-07,0,1,0,0,0,0,0,0,182.70767,2.1860123,-0.0633,-0.0491,0.917,275.0,-0.3325190298141824,-1.0201282079979899,-0.049999999999999996,-0.047599999999999996,84.0,0.014199999999999997,-1.3404380668663265,54.91974263585286,-0.3085368485149047,-0.740278184891576,0.43174133637667134,177.46690749999993
2018-03-08,0,0,0,0,1,0,0,0,181.34512,-0.7457435,-0.0239,-0.0087,1.0,207.0,-0.18565006357331074,0.055115189524199346,0.03939999999999999,0.0404,-68.0,0.015200000000000002,1.0752433975221891,52.81530229739605,-0.09918382914767676,-0.6120593137427962,0.5128754845951194,178.00197199999994
2018-03-09,0,0,1,0,0,0,0,0,184.21936,1.5849471,-0.0678,-0.004,0.792,152.0,-0.5274697189981162,-1.1200956009508443,-0.043899999999999995,0.004699999999999999,-55.0,0.0638,-1.1752107904750435,56.59376793364936,0.2952535943354633,-0.43059673212714433,0.7258503264626076,178.45548399999993
2018-03-12,0,0,0,0,1,0,0,0,183.7519,-0.25373697,-0.017,-0.0032,0.667,95.0,-0.7255576866337359,0.2547651486028446,0.0508,0.0007999999999999999,-57.0,0.013800000000000002,1.3748607495536889,55.810987225909834,0.5636307939950598,-0.2317512269027035,0.7953820208977633,178.87070399999993
2018-03-13,0,0,0,0,0,0,0,0,180.88765,-1.5587747,-0.0054,-0.0019,0.958,168.0,-0.229311722027982,0.5661568459084821,0.011600000000000001,0.0013000000000000002,73.0,0.0035000000000000005,0.31139169730563754,51.14320491172655,0.5389875083266986,-0.07760347985682306,0.6165909881835216,179.30482249999994
2018-03-14,0,0,0,0,0,0,0,0,183.18504,1.2700677,-0.0096,-0.0016,1.25,204.0,0.25403059870472294,0.45869377708911235,-0.004199999999999999,0.0002999999999999999,36.0,0.007999999999999998,-0.10746306881936979,54.434985573371996,0.6968053613406369,0.07727828838266892,0.6195270729579679,179.53704899999994
2018-03-15,0,0,0,0,0,0,0,0,182.85683,-0.1791656,-0.007,-0.0014,0.958,257.0,-0.21412176484520828,0.5269140433020281,0.002599999999999999,0.0002000000000000001,53.0,0.0056,0.06822026621291571,53.87650624073631,0.7863290312365621,0.21908843695344757,0.5672405942831145,179.73098399999995
2018-03-16,0,0,0,0,0,0,0,0,184.08012,0.6689906,-0.0076,-0.0014,0.333,178.0,-1.2348708267032473,0.5046493082924337,-0.0005999999999999998,0.0,-79.0,0.0062,-0.02226473500959436,55.700769356807335,0.945092031511308,0.36428915586501964,0.5808028756462884,180.11537549999997
2018-03-19,0,1,1,1,0,0,0,0,171.6185,-6.769681,-0.3267,-0.0609,2.792,234.0,2.6457029047291942,-5.5120932711734465,-0.3191,-0.059500000000000004,56.0,0.2658,-6.01674257946588,38.84549834762922,0.0646193732478082,0.30435519934157734,-0.23973582609376914,179.87668599999995
2018-03-20,0,1,1,1,0,0,0,0,167.23254,-2.5556326,-0.6845,-0.1032,3.042,647.0,2.8302411159153644,-6.433460677415278,-0.3578,-0.0423,413.0,0.5813,-0.9213674062418313,34.84850402448704,-0.9758231866252629,0.04831952214820928,-1.0241427087734722,179.48582949999997
2018-03-21,0,1,1,1,0,0,0,0,168.46579,0.7374406,-0.774,-0.0672,3.042,794.0,2.6179231274739116,-5.236178621750191,-0.08950000000000002,0.036000000000000004,147.0,0.7068,1.1972820556650872,36.817130496991915,-1.6814853268491845,-0.2976414476512695,-1.383843879197915,179.06215449999996
2018-03-22,0,1,1,1,0,0,0,0,163.99036,-2.656591,-0.7117,-0.0311,2.875,964.0,2.2406891081249842,-4.000707023406937,0.06230000000000002,0.03609999999999999,170.0,0.6806,1.2354715983432536,32.92863992966195,-2.572206658057695,-0.7525544897325547,-1.8196521683251403,178.36100199999996
2018-03-23,0,0,1,1,0,0,0,0,158.52036,-3.3355594,-0.5772,-0.0341,2.833,685.0,2.0710059960779508,-2.880234736259502,0.13449999999999995,-0.002999999999999999,-279.0,0.5431,1.120472287147435,28.909696555784986,-3.6771056308500363,-1.3374647179560508,-2.3396409128939855,177.17252249999996
2018-03-26,0,0,1,1,0,0,0,0,159.18669,0.4203558,-0.4302,-0.0083,2.75,368.0,1.8886343449195266,-1.9327819057249633,0.14700000000000002,0.025799999999999997,-317.0,0.42190000000000005,0.9474528305345387,30.030002591180832,-4.447708351632059,-1.9595134446912525,-2.4881949069408065,175.93580699999998
2018-03-27,0,1,1,1,0,0,0,0,151.38948,-4.898161,-0.7044,-0.0584,2.833,627.0,1.904238103220904,-3.103495521955829,-0.2742,-0.0501,259.0,0.646,-1.1707136162308656,25.054407869090134,-5.62277044510364,-2.69216484477373,-2.93060560032991,174.48178399999998
2018-03-28,0,1,1,1,0,0,0,0,152.19502,0.5321264,-0.5621,-0.0326,2.458,642.0,1.3708107924529507,-2.2340334685588012,0.14229999999999998,0.025800000000000003,15.0,0.5295000000000001,0.8694620533970276,26.410956446016126,-6.4150663822098295,-3.43674515226095,-2.9783212299488797,173.224181
2018-03-29,0,0,1,0,0,0,0,0,158.91815,4.4174314,-0.4015,-0.0263,1.958,625.0,0.6997139898340076,-1.398294672482325,0.16060000000000002,0.006299999999999997,-17.0,0.37520000000000003,0.8357387960764762,36.70789000997113,-6.426386830002883,-4.034673487809337,-2.3917133421935466,172.42108549999998
2018-03-30,0,0,1,0,0,0,0,0,158.91815,0.0,-0.2295,-0.0226,0.875,413.0,-0.6878573552031582,-0.5589126675835532,0.17200000000000001,0.003700000000000002,-212.0,0.2069,0.8393820048987719,36.70789000997113,-6.362020949156971,-4.500142980078864,-1.8618779690781073,171.58417649999998
2018-04-02,0,0,1,0,0,0,0,0,154.54216,-2.7536094,-0.1968,-0.0106,1.417,133.0,0.012164136017154496,-0.3870330129982237,0.03270000000000001,0.011999999999999999,-280.0,0.1862,0.1718796545853295,33.20101496675841,-6.588172000355655,-4.917748784134222,-1.6704232162214332,170.340499
2018-04-03,0,1,1,0,0,0,0,0,155.25824,0.4633546,-0.4552,-0.0128,1.583,313.0,0.2196613546700032,-1.5594891681149132,-0.25839999999999996,-0.0022000000000000006,180.0,0.4424,-1.1724561551166897,34.30700155677545,-6.633153798299304,-5.260829786967238,-1.3723240113320658,169.1634565
2018-04-04,0,1,1,0,0,0,0,0,154.25377,-0.6469786,-0.2178,-0.0119,2.292,421.0,1.103054823885918,-0.4263806647466587,0.2374,0.0008999999999999998,108.0,0.2059,1.1331085033682546,33.46986921173304,-6.672933112377109,-5.543250452049213,-1.1296826603278962,167.7407615
2018-04-05,0,1,1,0,0,0,0,0,158.47061,2.7337193,-0.6089,-0.0394,2.875,826.0,1.7698809097315737,-2.137886687650096,-0.3911,-0.027499999999999997,405.0,0.5695,-1.7115060229034373,40.08010895599045,-6.291668322980769,-5.692934026235524,-0.5987342967452447,166.59703599999997
2018-04-06,0,0,1,0,0,0,0,0,156.34229,-1.3430417,-0.4877,-0.02,2.458,631.0,1.2745252177262278,-1.525229777361158,0.12119999999999997,0.019399999999999997,-195.0,0.4677,0.6126569102889379,38.026491363100604,-6.091037182308639,-5.772554657450147,-0.31848252485849216,165.20318249999997
2018-04-09,0,0,1,0,0,0,0,0,157.06831,0.4643798,-0.5132,-0.0131,2.417,356.0,1.1835126800881588,-1.5743417391973495,-0.025499999999999967,0.0069,-275.0,0.5001,-0.04911196183619149,39.171462138982584,-5.80651788768165,-5.779347303496448,-0.02717058418520235,163.86900299999996
2018-04-10,0,1,1,0,0,0,0,0,164.13951,4.5019984,-0.3382,-0.0109,2.458,1152.0,1.19384158359022,-0.7859730572111275,0.175,0.0022000000000000006,796.0,0.3273,0.788368681986222,49.04560081345961,-4.953348435906321,-5.614147529978423,0.660799094072102,163.03159599999998
2018-04-11,0,0,1,0,0,0,0,0,165.41254,0.77557564,-0.3565,-0.003,1.625,2019.0,0.12988854906862835,-0.8388634592884981,-0.018299999999999983,0.0079,867.0,0.3535,-0.05289040207737061,50.60029995056017,-4.126910165302775,-5.316700057043294,1.189789891740519,162.14297099999996
2018-04-12,0,0,1,0,0,0,0,0,162.97589,-1.4730692,-0.2797,-0.0041,2.167,1511.0,0.7969402646386532,-0.48964747912004514,0.07679999999999998,-0.0011000000000000003,-508.0,0.2756,0.349215980168453,47.60619291767397,-3.6267621166498145,-4.978712468964598,1.351950352314783,161.14892399999997
2018-04-13,0,0,1,0,0,0,0,0,163.62236,0.396657,-0.1887,-0.0068,1.167,697.0,-0.45466782984893556,-0.0821285469926594,0.091,-0.0026999999999999993,-814.0,0.1819,0.40751893212738577,48.47726293202225,-3.1420073535553286,-4.611371445882744,1.4693640923274156,160.12603599999994
2018-04-16,0,0,1,0,1,0,0,0,163.9307,0.1884222,-0.0746,-0.0234,0.958,271.0,-0.6954450801043921,0.41984329689513866,0.11410000000000001,-0.0166,-426.0,0.051199999999999996,0.501971843887798,48.91352277509771,-2.701810461061882,-4.229459248918571,1.5276487878566893,159.74164599999995
2018-04-17,0,1,1,0,0,0,0,0,167.73978,2.3236036,-0.357,-0.0107,0.958,394.0,-0.6726128601522102,-0.7864017674994158,-0.2824,0.012700000000000001,123.0,0.3463,-1.2062450643945546,54.085654957841236,-2.022278759409602,-3.7880231510167777,1.7657443916071758,159.76700799999995
2018-04-18,0,1,1,0,1,0,0,0,165.4523,-1.3636947,-0.1605,-0.008,0.958,425.0,-0.6604836132684117,0.08179066465784213,0.19649999999999998,0.0026999999999999993,31.0,0.1525,0.8681924321572579,50.76194004083842,-1.6493132523098382,-3.36028117127539,1.7109679189655518,159.61633349999994
2018-04-19,0,0,1,0,0,0,0,0,167.18285,1.0459304,-0.1284,-0.0091,0.333,421.0,-1.4005057547939406,0.22880935017546306,0.03210000000000002,-0.0011000000000000003,-4.0,0.11929999999999999,0.14701868551762093,53.109610023671586,-1.2002586441569179,-2.9282766658516954,1.7280180216947776,159.77595799999995
2018-04-20,0,0,1,0,0,0,0,0,165.37274,-1.0826945,-0.0932,-0.0062,0.083,319.0,-1.652573411710525,0.3872436815412723,0.03519999999999998,0.0029000000000000007,-102.0,0.08700000000000001,0.15843433136580926,50.402572258568746,-0.979153311340184,-2.5384519949493933,1.5592986836092093,160.11857699999993
2018-04-23,0,0,1,0,0,0,0,0,164.93517,-0.26461482,-0.3221,-0.0107,0.458,145.0,-1.1720181505527778,-0.5972592810060287,-0.2289,-0.0045,-174.0,0.3114,-0.984502962547301,49.74252312213813,-0.8296700641323014,-2.196695608785975,1.3670255446536737,160.40600099999995
2018-04-24,0,1,1,1,0,0,0,0,158.81871,-3.7083924,-0.293,-0.0082,0.667,293.0,-0.892802482918831,-0.44966516790218236,0.029100000000000015,0.0024999999999999988,148.0,0.2848,0.1475941131038463,41.551351823681195,-1.1910213654465736,-1.9955607601180947,0.8045393946715211,160.77746249999996
2018-04-25,0,1,1,1,0,0,0,0,158.81871,0.0,-0.2267,-0.0095,1.208,399.0,-0.22412580354028108,-0.14125460591391076,0.06629999999999997,-0.001299999999999999,106.0,0.2172,0.3084105619882716,41.55135182368119,-1.4605584663002276,-1.8885603013545214,0.4280018350542938,161.10864699999996
2018-04-26,0,0,1,0,0,0,1,0,173.20976,9.061313,-0.3045,0.0258,1.583,379.0,0.25604475828021195,-0.47604027719865005,-0.07779999999999998,0.0353,-20.0,0.3303,-0.3347856712847393,59.67237030372673,-0.5070857280368557,-1.6122653866909882,1.1051796586541325,161.82322749999997
2018-04-27,0,0,1,0,0,0,0,0,172.64285,-0.3272891,-0.3962,0.0138,0.0,257.0,-1.6497248675678775,-0.860698430578522,-0.0917,-0.012,-122.0,0.41,-0.38465815337987197,58.89770725563497,0.20049223758871904,-1.2497138618350467,1.4502060994237658,162.50946249999998
2018-04-30,0,0,1,0,0,0,0,0,171.06154,-0.91595054,-0.2341,-0.0052,0.167,91.0,-1.4141542893198302,-0.12857592319847705,0.1621,-0.019,-166.0,0.2289,0.732122507380045,56.68710106377583,0.6264332392886729,-0.8744844416103028,1.5009176808989757,163.33543149999997
2018-05-01,0,1,1,0,1,0,0,0,172.9114,1.0813951,-0.1301,-0.0064,1.25,349.0,-0.12354631002015386,0.3423894037425786,0.10400000000000001,-0.0012000000000000005,258.0,0.12369999999999999,0.47096532694105564,58.64266520150508,1.1005760384634016,-0.4794723455955619,1.5800483840589634,164.21808949999996
2018-05-02,0,1,1,0,0,0,0,0,175.10934,1.2711406,-0.0873,-0.0025,2.167,1070.0,0.9416158176223751,0.5396051203109195,0.04279999999999999,0.0039000000000000003,721.0,0.0848,0.19721571656834086,60.901461122214585,1.6348475074639452,-0.05660837498366045,1.6914558824476056,165.260868
2018-05-03,0,0,1,0,0,0,0,0,173.07053,-1.1643112,-0.5482,-0.0294,0.417,457.0,-1.1170183873814903,-1.4658122650273067,-0.46090000000000003,-0.0269,-613.0,0.5188,-2.005417385338226,57.75061860346978,1.872165410441994,0.32914638210147046,1.5430190283405236,165.990864
2018-05-04,0,0,1,0,1,0,0,0,175.6464,1.488328,-0.1831,-0.0043,0.125,291.0,-1.4311436434040374,0.1622343029507403,0.3651,0.025099999999999997,-166.0,0.17880000000000001,1.628046567978047,60.52910233374913,2.242245529180451,0.7117662115172666,1.5304793176631843,166.95606949999998
2018-05-07,0,0,1,0,0,0,0,0,176.999,0.77005625,-0.1946,-0.0031,0.0,130.0,-1.51875541304011,0.12486279415119393,-0.011499999999999982,0.0012000000000000001,-161.0,0.1915,-0.03737150879954636,61.944363590945564,2.6145413996543994,1.0923212491446932,1.5222201505097062,167.95260399999998
2018-05-08,0,1,1,0,0,0,0,0,177.94379,0.53379536,-0.0446,-0.0025,0.375,220.0,-1.059332447846426,0.7996503211967216,0.15,0.0005999999999999998,90.0,0.0421,0.6747875270455277,62.94383567020514,2.9517987181208127,1.464216742939917,1.4875819751808956,168.64281799999998
2018-05-09,0,1,0,0,0,0,0,0,181.66339,2.090323,-0.0063,-0.0017,0.167,439.0,-1.2534994014496148,0.9694924744309367,0.0383,0.0008000000000000001,219.0,0.0046,0.16984215323421503,66.65667547288602,3.4791131560290296,1.8671960255577396,1.61191713047129,169.45536049999998
2018-05-10,0,0,0,0,0,0,0,0,184.51773,1.5712261,-0.0114,-0.0029,0.375,318.0,-1.00553646837586,0.9475212264904247,-0.0051,-0.0012,-121.0,0.0085,-0.021971247940511973,69.20643848552574,4.0802998734097855,2.3098167951281487,1.7704830782816368,170.53245249999998
2018-05-11,0,0,0,0,0,0,0,0,185.96976,0.7869363,-0.0172,-0.0037,0.042,350.0,-1.326608283711494,0.9227898000340212,-0.0058,-0.0008000000000000004,32.0,0.0135,-0.02473142645640347,70.44461375600434,4.620647416959827,2.7719829194944845,1.8486644974653421,171.64982249999997
2018-05-14,0,0,1,0,0,0,0,0,185.62167,-0.18717647,-0.2295,-0.0083,0.583,92.0,-0.740526384656009,-0.016098432889778688,-0.21230000000000002,-0.0046,-258.0,0.2212,-0.9388882329237999,69.72086865857815,4.963571818123427,3.210300699220273,1.7532711189031538,172.73437099999998
2018-05-15,0,1,1,0,0,0,0,0,183.31432,-1.243031,-0.6179,-0.0114,0.667,177.0,-0.6344873115767192,-1.6946340943668283,-0.38839999999999997,-0.0031000000000000003,85.0,0.6065,-1.6785356614770497,64.95689130150284,4.991617752731685,3.566564109922555,1.4250536428091296,173.51309799999999
2018-05-16,0,1,1,0,0,0,0,0,182.20042,-0.6076455,-0.4655,-0.0082,1.125,241.0,-0.13834371922637986,-0.9846617202132236,0.15239999999999998,0.0031999999999999997,64.0,0.45730000000000004,0.7099723741536047,62.728511112548524,4.8678484108694136,3.826820970111927,1.0410274407574867,174.350504
2018-05-17,0,1,1,0,1,1,0,0,182.75739,0.30567646,-0.0822,-0.0044,0.375,349.0,-0.9380716676775325,0.7252180354553762,0.38330000000000003,0.0038000000000000004,108.0,0.0778,1.7098797556685998,63.40453433841503,4.759834728089913,4.013423721707524,0.746411006382389,175.12923099999998
2018-05-18,0,0,1,0,0,0,0,0,181.68329,-0.58772564,-0.1715,-0.0048,0.083,191.0,-1.248248169452364,0.34239799860568654,-0.08930000000000002,-0.0003999999999999993,-158.0,0.16670000000000001,-0.3828200368496897,61.102859313698374,4.535282301660487,4.117795437698117,0.41748686396237034,175.94475849999998
2018-05-21,0,0,1,0,0,0,0,0,183.4834,0.990808,-0.054,-0.0022,0.667,123.0,-0.6143598555499606,0.8771024417769202,0.11750000000000002,0.0025999999999999994,-68.0,0.0518,0.5347044431712337,63.49462956057982,4.451265303156987,4.184489410789891,0.26677589236709576,176.87216999999998
2018-05-22,0,1,1,0,0,0,0,0,182.79716,-0.37400723,-0.1631,-0.0021,1.833,240.0,0.6234214527622145,0.38642104997856713,-0.1091,0.00010000000000000026,117.0,0.161,-0.4906813917983531,61.93121887262656,4.2799705572849405,4.203585640088901,0.07638491719603913,178.0710925
2018-05-23,0,1,1,0,0,0,0,0,185.88026,1.6866088,-0.2636,-0.003,0.917,473.0,-0.36158849480758387,-0.04954170461099142,-0.1005,-0.0009000000000000002,233.0,0.2606,-0.4359627545895586,65.98368683106409,4.342935977957438,4.231455707662609,0.11148027029482943,179.42416999999998
2018-05-24,0,0,1,0,1,0,0,0,184.91554,-0.5189955,-0.0394,-0.0019,1.125,336.0,-0.13430927514919314,0.9760953500175293,0.2242,0.0011,-137.0,0.0375,1.0256370546285207,63.69872113103264,4.265817991556048,4.238328164441297,0.02748982711475101,180.00945899999996
2018-05-25,0,0,1,0,0,0,0,0,183.91104,-0.5432129,-0.0837,-0.0049,0.875,325.0,-0.39880139372194173,0.7823457979069185,-0.0443,-0.003,-11.0,0.0788,-0.19374955211061085,61.31770498171048,4.076653552163975,4.205993241985833,-0.12933968982185728,180.57286849999997
2018-05-28,0,0,1,0,0,0,0,0,183.91104,0.0,-0.0739,-0.0043,0.042,62.0,-1.2801079775353659,0.8364506277003202,0.009800000000000003,0.0005999999999999998,-263.0,0.0696,0.0541048297934017,61.31770498171046,3.8819902044674848,4.141192634482163,-0.25920243001467824,181.21534349999996
2018-05-29,0,1,0,0,0,0,0,0,184.72658,0.44343472,-0.0283,-0.0051,0.0,85.0,-1.2863454974912059,1.0492238872762025,0.045599999999999995,-0.0008000000000000004,23.0,0.0232,0.21277325957588233,62.63288700981289,3.750294302944951,4.0630129681747205,-0.3127186652297693,181.80610249999995
2018-05-30,0,1,1,0,0,0,0,0,186.64604,1.0390878,-0.241,-0.0048,0.5,217.0,-0.7501104573889278,0.08131636801192085,-0.2127,0.0003000000000000008,132.0,0.2362,-0.9679075192642816,65.59758868943551,3.757494672943608,4.001909309128498,-0.24441463618489045,182.38293749999997
2018-05-31,0,0,1,0,0,0,0,0,190.73364,2.1900177,-0.1322,-0.0033,0.167,154.0,-1.074083336756626,0.5998347758165865,0.10879999999999998,0.0014999999999999996,-63.0,0.12890000000000001,0.5185184078046656,70.89365211575921,4.046391889632673,4.010805825229333,0.03558606440333989,183.26609299999996
2018-06-01,0,0,1,0,0,0,0,0,192.93155,1.1523604,-0.1348,-0.0054,0.708,163.0,-0.510893310109201,0.5952585023609691,-0.002599999999999991,-0.0021000000000000003,9.0,0.12940000000000002,-0.004576273455617397,73.27593339063091,4.401954986586958,4.089035657500858,0.31291932908609965,184.13035049999993
2018-06-04,0,0,1,0,0,0,0,0,192.22545,-0.36600232,-0.112,-0.0052,1.417,123.0,0.2118279935626309,0.7149423721991531,0.0228,0.00020000000000000052,-40.0,0.1068,0.11968386983818402,71.25812148361399,4.574038267829366,4.1860361795665595,0.38800208826280613,184.89167299999994
2018-06-05,0,1,1,0,0,0,0,0,191.88728,-0.17591119,-0.2817,-0.0097,0.917,283.0,-0.3070516272268212,-0.06762306263943423,-0.16970000000000002,-0.0045000000000000005,160.0,0.272,-0.7825654348385873,70.26023199012889,4.629759034981333,4.274780750649514,0.35497828433181944,185.58884749999996
2018-06-06,0,1,1,0,1,0,0,0,190.296,-0.8292794,-0.0662,-0.0051,1.792,349.0,0.5909880134545783,0.9755220476845137,0.21550000000000002,0.0046,66.0,0.061099999999999995,1.043145110323948,65.60460060761196,4.493714404858451,4.318567481491302,0.17514692336714965,186.02047799999994
2018-06-07,0,1,1,0,0,0,0,0,187.15326,-1.6515136,-0.1708,-0.0047,1.333,370.0,0.10906052221568056,0.4901573311124489,-0.10460000000000001,0.0004000000000000002,21.0,0.1661,-0.48536471657206476,57.5007888793065,4.085213405134141,4.271896666219869,-0.18668326108572852,186.15225449999994
2018-06-08,0,1,1,0,0,0,0,0,188.06827,0.48890114,-0.0927,-0.0053,1.042,415.0,-0.2062786935858376,0.8848434359300337,0.0781,-0.0005999999999999998,45.0,0.0874,0.39468610481758476,59.08544470856989,3.791599876516699,4.1758373082792355,-0.38423743176253655,186.25717999999995
2018-06-11,0,0,0,0,0,0,0,0,190.49492,1.2903214,-0.0204,-0.0038,0.125,91.0,-1.1306624187412164,1.200708896219659,0.0723,0.0015,-324.0,0.0166,0.31586546028962537,63.023205483238485,3.7119305891210956,4.083055964447608,-0.37112537532651224,186.50084249999995
2018-06-12,0,0,0,0,0,0,0,0,191.35025,0.44898987,-0.0228,-0.0031,0.208,181.0,-1.0181290085704717,1.1640398859968757,-0.0023999999999999994,0.0007000000000000001,90.0,0.019700000000000002,-0.03666901022278335,64.3264591574195,3.675441881456493,4.0015331478493845,-0.32609126639289165,186.90263899999997
2018-06-13,0,0,1,0,0,0,0,0,191.3602,0.005197525,-0.048,-0.0052,0.292,173.0,-0.9047193382138383,1.0300397178081095,-0.0252,-0.0021,-8.0,0.042800000000000005,-0.13400016818876614,64.34220363511022,3.605762217258217,3.922378961731151,-0.31661674447293375,187.36062799999996
2018-06-14,0,0,1,0,0,0,0,0,195.73618,2.2867799,-0.0529,-0.0047,0.125,177.0,-1.0664600210043451,0.9914011990532372,-0.004900000000000002,0.0004999999999999996,4.0,0.0482,-0.03863851875487234,70.50722526276036,3.8591596060799986,3.9097350906009205,-0.050575484520921865,188.00956749999995
2018-06-15,0,0,1,0,0,0,0,0,194.7814,-0.4877746,-0.0684,-0.0044,0.167,199.0,-0.9953526452673245,0.8814519187514411,-0.0155,0.0002999999999999999,22.0,0.064,-0.10994928030179607,67.75469460884452,3.937546510643159,3.915297374609368,0.02224913603379086,188.66447299999996
2018-06-18,0,0,0,0,0,0,0,0,197.22801,1.2560606,-0.0151,-0.0026,0.125,53.0,-1.0219399792340733,1.1428022416061914,0.0533,0.0018000000000000004,-146.0,0.0125,0.26135032285475024,70.89069751295524,4.149259595293557,3.962089818746206,0.18716977654735123,189.35170349999993
2018-06-19,0,1,1,0,0,0,0,0,196.41248,-0.41348934,-0.0474,0.0034,0.5,128.0,-0.5434017769785552,0.9560959591669634,-0.032299999999999995,0.006,75.0,0.0508,-0.18670628243922793,68.49927765107651,4.202790136312615,4.0102298822594875,0.19256025405312727,190.03246949999993
2018-06-20,0,1,0,0,0,0,0,0,200.89786,2.2836566,-0.0271,-0.0016,1.25,228.0,0.445575980012823,1.0562635778018348,0.0203,-0.005,100.0,0.0255,0.10016761863487134,73.74517405571609,4.554643065757034,4.119112518958997,0.43553054679803704,190.78334949999993
2018-06-21,0,0,1,0,0,0,0,0,200.40062,-0.24752617,-0.0291,0.0045,1.042,280.0,0.19684890187420087,1.0105237147614783,-0.0020000000000000018,0.0060999999999999995,52.0,0.0336,-0.04573986304035649,72.30758566536241,4.7387406820937485,4.243038151585948,0.4957025305078009,191.55760349999994
2018-06-22,0,0,1,0,0,0,0,0,200.6393,0.11911392,-0.0443,-0.0019,0.333,193.0,-0.7294239582187849,0.8913430618113927,-0.015199999999999998,-0.0063999999999999994,-87.0,0.0424,-0.11918065295008562,72.5838608654095,4.848013963473306,4.36403331396342,0.4839806495098866,192.39401649999994
2018-06-25,0,0,1,0,0,0,0,0,195.27869,-2.6717544,-0.0398,-0.0023,0.417,80.0,-0.5970589236437776,0.8966899572637689,0.004499999999999997,-0.00039999999999999996,-113.0,0.037500000000000006,0.00534689545237621,58.47389479167509,4.450751902292353,4.381377031629206,0.06937487066314674,192.96239899999995
2018-06-26,0,1,1,0,0,0,0,0,197.91423,1.349628,-0.0878,-0.0026,0.708,147.0,-0.19402605020275457,0.5774391278405142,-0.048,-0.0002999999999999999,67.0,0.0852,-0.31925082942325467,62.349153752972356,4.299028385386549,4.364907302380675,-0.06587891699412562,193.62178149999994
2018-06-27,0,1,0,0,0,0,0,0,194.77148,-1.5879393,-0.0146,-0.0016,1.458,269.0,0.8468266051742604,1.0054211840176535,0.0732,0.0009999999999999998,122.0,0.013,0.42798205617713925,55.676804957490845,3.8804612039317306,4.268018082690886,-0.38755687875915523,194.0280534999999
2018-06-28,0,1,1,0,0,0,0,0,195.15933,0.19913912,-0.0386,-0.0033,1.125,274.0,0.462013367113503,0.8468748136276664,-0.024,-0.0017,5.0,0.035300000000000005,-0.1585463703899871,56.29836700292362,3.5392417745419777,4.1222628210611045,-0.5830210465191268,194.2493379999999
2018-06-29,0,0,1,0,0,0,0,0,193.25977,-0.97334385,-0.0723,-0.004,0.542,255.0,-0.36591004693058293,0.6012309000559978,-0.0337,-0.0007000000000000001,-19.0,0.0683,-0.2456439135716686,52.421035555024666,3.080039523315918,3.9138181615120673,-0.8337786381961494,194.26574899999994
2018-07-02,0,0,0,0,0,0,0,0,196.28317,1.5644312,-0.0199,-0.0015,1.125,96.0,0.6019537111507561,0.9443361511805551,0.0524,0.0025,-159.0,0.0184,0.34310525112455736,57.444673508673006,2.9263484202377583,3.7163242132572054,-0.7899757930194471,194.46863499999995
2018-07-03,0,1,1,0,0,0,0,0,191.67844,-2.3459673,-0.2946,-0.0115,1.542,277.0,1.3827628407498433,-1.028834649088015,-0.27469999999999994,-0.01,181.0,0.28309999999999996,-1.9731708002685702,48.96494640604999,2.4052575740057307,3.4541108854069105,-1.0488533114011798,194.45819299999997
2018-07-04,0,0,1,0,0,0,0,0,191.67844,0.0,-0.2179,-0.0115,0.083,224.0,-1.1045394872030727,-0.5027241955845455,0.07669999999999996,0.0,-53.0,0.2064,0.5261104535034694,48.96494640604999,1.969585172268296,3.1572057427791878,-1.1876205705108918,194.527315
2018-07-05,0,0,0,0,1,1,0,0,197.36723,2.9678822,-0.0143,-0.0035,0.5,109.0,-0.3478625590305646,0.9528671807889177,0.2036,0.008,-115.0,0.0108,1.4555913763734631,57.874607244119794,2.059607590596329,2.937686112342616,-0.878078521746287,195.03801349999998
2018-07-06,0,1,1,0,0,0,0,0,202.12114,2.4086714,-0.0564,-0.0022,0.625,149.0,-0.10081565861134485,0.6275029975099025,-0.0421,0.0013,40.0,0.0542,-0.3253641832790153,63.594357127670534,2.485895951501817,2.847328080174456,-0.36143212867263896,195.74065699999997
2018-07-09,0,0,1,0,0,0,0,0,203.62291,0.74300766,-0.0523,0.0023,0.375,67.0,-0.5477497516744526,0.6536473652702496,0.0040999999999999995,0.0045000000000000005,-82.0,0.054599999999999996,0.02614436776034712,65.20176978694903,2.911352576695549,2.8601329794786747,0.0512195972168743,196.39705649999996
2018-07-10,0,1,1,0,0,0,0,0,202.42944,-0.5861163,-0.1021,-0.0056,1.208,155.0,0.9880551963529154,0.26577506411928914,-0.0498,-0.0079,88.0,0.0965,-0.38787230115096044,62.827651930217975,3.1163041482667495,2.9113672132362898,0.20493693503045973,196.95101599999995
2018-07-11,0,1,1,0,0,0,0,0,201.4349,-0.4913032,-0.591,-0.0604,2.417,217.0,2.9393601725557637,-3.039837935940528,-0.4889,-0.0548,62.0,0.5306,-3.305613000059817,60.8396135303105,3.1620287795744844,2.961499526503929,0.20052925307055558,197.45475099999996
2018-07-12,0,0,1,0,0,0,0,0,205.79102,2.16254,-0.3442,-0.0113,0.917,193.0,0.3587140048815883,-1.3132383197665078,0.24679999999999996,0.049100000000000005,-24.0,0.33290000000000003,1.7265996161740202,65.92549015197444,3.509315157042664,3.0710626526116758,0.4382525044309884,197.95749299999997
2018-07-13,0,1,1,0,1,1,0,0,206.18884,0.1933217,-0.1301,-0.0078,1.083,211.0,0.6187428033670611,0.12870498548710255,0.2141,0.0034999999999999996,18.0,0.12229999999999999,1.4419433052536104,66.35523219888994,3.7731483569730813,3.211479793483957,0.5616685634891243,198.52786499999996
2018-07-16,0,0,1,0,0,0,0,0,206.09933,-0.043416023,-0.049,-0.0079,0.5,108.0,-0.38845842253579826,0.6485215406954901,0.08109999999999999,-0.00010000000000000113,-103.0,0.0411,0.5198165552083875,66.15307097037626,3.9297160394601747,3.3551270426792006,0.5745889967809741,198.971431
2018-07-17,0,1,1,0,0,0,0,0,208.84428,1.3318539,-0.0723,-0.0037,1.25,137.0,0.8834179472592731,0.4689071184217232,-0.0233,0.004200000000000001,29.0,0.06860000000000001,-0.17961442227376684,69.24730682591125,4.226570308765332,3.529415695896427,0.6971546128689052,199.59302099999996
2018-07-18,0,1,1,0,0,0,0,0,208.21771,-0.30001402,-0.0447,-0.0032,1.167,261.0,0.7429659833330827,0.636197383875532,0.027600000000000006,0.0005,124.0,0.041499999999999995,0.16729026545380882,67.72534002147901,4.360999604559822,3.695732477629106,0.6652671269307162,199.95901349999997
2018-07-19,0,1,1,0,0,0,0,0,206.95464,-0.60661435,-0.1036,-0.0028,1.75,340.0,1.7253860202737472,0.21396846957437476,-0.0589,0.0004000000000000002,79.0,0.1008,-0.4222289143011573,64.6410636076665,4.315865980415197,3.8197591781863243,0.4961068022288724,200.28671449999996
2018-07-20,0,1,1,0,0,0,0,0,208.79454,0.88903904,-0.077,-0.0017,1.792,362.0,1.7242839103885137,0.37079626500210255,0.0266,0.0011,22.0,0.0753,0.1568277954277278,66.99873953470929,4.378093870553585,3.931426116659776,0.4466677538938084,200.69447649999998
2018-07-23,0,0,0,0,0,0,0,0,209.75925,0.4620433,-0.0304,-0.006,0.542,83.0,-0.3913991848345065,0.6775676468367705,0.0466,-0.0043,-279.0,0.024399999999999998,0.30677138183466796,68.19617340293688,4.453912030969093,4.03592329952164,0.4179887314474531,201.41850449999998
2018-07-24,0,0,1,0,0,0,0,0,213.49872,1.7827511,-0.0422,0.008,1.458,136.0,1.148167330707501,0.581772828195,-0.011800000000000001,0.014,53.0,0.0502,-0.09579481864177053,72.37974034990982,4.760862190485852,4.180911077714482,0.5799511127713703,202.19772899999998
2018-07-25,0,0,1,0,0,0,0,0,216.3133,1.3182998,-0.0313,0.0098,3.333,320.0,3.8691561542406174,0.6502708075320497,0.0109,0.0017999999999999995,184.0,0.0411,0.06849797933704971,75.04097511103365,5.171620267708562,4.379052915713298,0.7925673519952641,203.27481999999998
2018-07-26,0,0,1,1,0,0,0,0,175.2983,-18.960922,-0.8281,-0.0871,2.958,279.0,2.98305486474877,-4.387488880686615,-0.7968,-0.0969,-41.0,0.741,-5.037759688218665,29.87227753030462,2.1626515787211247,3.935772648314863,-1.7731210695937385,202.28176849999997
2018-07-27,0,0,1,1,0,0,0,0,173.93579,-0.7772565,-0.9383,-0.1457,2.917,279.0,2.697981096874624,-4.182508920065498,-0.11020000000000008,-0.0586,0.0,0.7926,0.20497996062111667,29.24257366693115,-0.32813838078436675,3.082990442495017,-3.411128823279384,201.31556949999998
2018-07-30,0,0,1,1,0,0,0,0,170.12666,-2.1899462,-0.4001,-0.0443,1.583,108.0,0.8964686449009692,-1.3225608207204123,0.5382,0.10139999999999999,-171.0,0.3558,2.8599480993450856,27.497431051869807,-2.579734749276895,1.9504454041406347,-4.53018015341753,200.00774399999995
2018-07-31,0,1,1,0,0,0,0,0,171.6384,0.8885741,-0.3063,-0.0505,1.917,175.0,1.2945376097587518,-0.812444468602108,0.0938,-0.006200000000000004,67.0,0.2558,0.5101163521183043,29.30072402547385,-4.193812647676708,0.7215937937771659,-4.915406441453874,199.00574199999994
2018-08-01,0,1,1,0,1,1,0,1,170.71347,-0.5388856,-0.1491,-0.0106,2.375,525.0,1.8138291333933099,0.00952112154007532,0.1572,0.039900000000000005,350.0,0.1385,0.8219655901421833,28.828282450267796,-5.484394446734399,-0.5196038543251471,-4.964790592409251,197.95749349999994
2018-08-02,0,0,1,0,0,0,0,0,175.40768,2.7497768,-0.0483,-0.0107,1.208,433.0,0.2866446750218405,0.5353848427195467,0.1008,-9.99999999999994e-05,-92.0,0.0376,0.5258637211794713,34.59244236771575,-6.058566916688591,-1.6273964667978358,-4.431170449890755,196.85951599999993
2018-08-03,0,0,1,0,0,0,0,0,176.81,0.79945326,-0.0554,0.0058,0.458,217.0,-0.7037423320761854,0.5028846889013403,-0.007099999999999995,0.0165,-216.0,0.0612,-0.03250015381820637,36.2533863697375,-6.3275076619041215,-2.567418705819093,-3.7600889560850286,195.59395899999993
2018-08-06,0,0,1,0,0,0,0,0,184.67685,4.44932,-0.0506,-0.0054,1.667,89.0,0.855256769192453,0.5118858537781751,0.004799999999999999,-0.0112,-128.0,0.0452,0.009001164876834777,44.732243515944646,-5.838552887792019,-3.221645542213678,-2.6169073455783414,194.64665599999992
2018-08-07,0,1,1,0,0,0,0,0,182.8071,-1.0124445,-0.1076,0.0044,1.458,322.0,0.5643475198634703,0.18129737205455215,-0.057,0.0098,233.0,0.112,-0.33058848172362293,43.25949366645899,-5.538086293968689,-3.6849336925646803,-1.853152601404009,193.6655389999999
2018-08-08,0,0,1,0,0,0,0,0,184.16962,0.74533224,-0.1485,-0.0077,0.667,232.0,-0.45757906064835097,-0.0736557900761472,-0.04089999999999999,-0.0121,-90.0,0.14079999999999998,-0.25495316213069935,44.688607830455965,-5.130874845315418,-3.974121923114828,-1.1567529222005901,192.80227499999992
2018-08-09,0,0,1,0,1,0,0,0,182.09102,-1.1286318,-0.0762,-0.0059,0.458,192.0,-0.7328344247710952,0.33290666085367226,0.07229999999999999,0.0018000000000000004,-40.0,0.0703,0.40656245092981946,42.91288903866483,-4.919177273347032,-4.163132993161269,-0.7560442801857628,191.6172749999999
2018-08-10,0,0,0,0,0,0,0,0,179.27647,-1.5456915,-0.0303,-0.0135,0.667,175.0,-0.4780116225056905,0.5766595655738301,0.0459,-0.0076,-17.0,0.016800000000000002,0.24375290472015787,40.562576450767146,-4.921780859145599,-4.314862566358135,-0.6069182927874639,190.2716564999999
2018-08-13,0,0,0,0,0,0,0,0,179.06761,-0.11649132,-0.0294,-0.004,0.375,72.0,-0.8532425445132067,0.5787189715581058,0.0009000000000000015,0.0095,-103.0,0.0254,0.002059405984275675,40.385810884434,-4.884393231390703,-4.428768699364649,-0.4556245320260546,188.9200704999999
2018-08-14,0,0,0,0,0,0,0,0,180.12184,0.588727,-0.0125,-0.0038,0.917,152.0,-0.12215724620957355,0.6571543484882555,0.0169,0.0002000000000000001,80.0,0.008700000000000001,0.07843537693014968,41.76530149265985,-4.715340209857487,-4.486083001463216,-0.22925720839427122,187.4839484999999
2018-08-15,0,0,0,0,0,0,0,0,178.55046,-0.8723974,-0.0151,-0.0081,0.667,165.0,-0.4476201591962618,0.6203944874696451,-0.0026,-0.0043,13.0,0.007000000000000001,-0.036759861018610396,40.26949363683513,-4.654507441307459,-4.519767889432065,-0.134739551875394,186.0005859999999
2018-08-16,0,1,1,0,0,0,0,0,173.74681,-2.690357,-0.0446,-0.0105,0.458,182.0,-0.7068499707474908,0.45581816474938797,-0.0295,-0.002400000000000001,17.0,0.0341,-0.16457632272025713,36.0222616413606,-4.9370007714598785,-4.6032144658376275,-0.333786305622251,184.3401944999999
2018-08-17,0,0,1,1,0,0,0,0,172.85173,-0.51516294,-0.0514,-0.0206,0.917,135.0,-0.10223489414314713,0.4143084885627063,-0.0068000000000000005,-0.0101,-47.0,0.0308,-0.041509676186681665,35.275674809530855,-5.173467730736462,-4.717265118817394,-0.45620261191906764,182.54305399999993
2018-08-20,0,0,1,1,0,0,0,0,171.55882,-0.7479906,-0.0991,-0.0076,0.125,61.0,-1.1516337489160013,0.14987404646153885,-0.04769999999999999,0.013000000000000001,-74.0,0.0915,-0.26443444210116746,34.173894643128826,-5.4029150893635745,-4.85439511292663,-0.5485199764369444,180.63303249999993
2018-08-21,0,0,1,0,0,0,0,0,171.67816,0.06955862,-0.1006,-0.0082,1.542,144.0,0.6958222570680856,0.14857704302459093,-0.0015000000000000013,-0.0006000000000000007,83.0,0.0924,-0.0012970034369479133,34.3776335304449,-5.511589856500336,-4.985834061641372,-0.5257557948589646,178.5420044999999
2018-08-22,0,1,1,0,0,0,0,0,172.69261,0.5908966,-0.1224,-0.013,2.292,430.0,1.6271879557850029,0.015221837758636926,-0.0218,-0.004799999999999999,286.0,0.1094,-0.133355205265954,36.18573515435215,-5.452998977687258,-5.079267044850549,-0.37373193283670947,176.36096999999992
2018-08-23,0,0,1,0,0,0,0,0,171.95663,-0.4261732,-0.1721,-0.0096,1.875,328.0,1.0452198764332092,-0.260733475703402,-0.04970000000000001,0.0034000000000000002,-102.0,0.1625,-0.27595531346203894,35.423167481526185,-5.403662659783123,-5.1441461678370635,-0.2595164919460595,176.19388649999993
2018-08-24,0,0,1,0,0,0,0,0,173.69211,1.0092616,-0.1526,-0.0064,0.583,266.0,-0.6494448092912966,-0.14930150460972355,0.01949999999999999,0.003199999999999999,-62.0,0.14620000000000002,0.11143197109367844,38.70347907990811,-5.164985799205425,-5.148314094110736,-0.01667170509468896,176.18170249999994
2018-08-27,0,0,1,0,1,0,0,0,176.49176,1.6118407,-0.0906,-0.0027,0.542,98.0,-0.6825312026519764,0.1974843692911406,0.06200000000000001,0.0037,-168.0,0.0879,0.34678587390086413,43.67414909657312,-4.695794118704896,-5.0578100990295685,0.3620159803246725,176.49995749999994
2018-08-28,0,1,1,0,0,0,0,0,175.2983,-0.6762147,-0.1242,-0.0035,1.208,180.0,0.18321936748375048,-0.006323345516401877,-0.033600000000000005,-0.0007999999999999999,82.0,0.1207,-0.20380771480754248,42.10661064787983,-4.3698852622591176,-4.920225131675478,0.5503398694163604,176.68295249999994
2018-08-29,0,1,0,0,1,0,0,0,174.94028,-0.20424128,-0.0311,-0.0063,1.375,284.0,0.4136143679818563,0.5168306443572447,0.0931,-0.0028,104.0,0.0248,0.5231539898736466,41.623972792512525,-4.093304303365613,-4.754840966013505,0.661536662647892,176.89429299999992
2018-08-30,0,0,0,0,0,0,0,0,176.67076,0.9891987,-0.0156,-0.0062,0.75,274.0,-0.39710705389861456,0.5884671949976762,0.0155,0.00010000000000000026,-10.0,0.009399999999999999,0.0716365506404315,44.910833352215384,-3.6919184888095344,-4.5422564705727115,0.8503379817631771,176.95744699999995
2018-08-31,0,0,0,0,0,0,0,0,174.7712,-1.0752082,-0.0286,-0.0064,0.208,188.0,-1.081785495470674,0.5080709982433401,-0.013000000000000001,-0.00020000000000000052,-86.0,0.0222,-0.08039619675433607,42.10808957176866,-3.48690112995439,-4.331185402449047,0.8442842724946571,176.85550699999993
2018-09-03,0,0,0,0,0,0,0,0,174.7712,0.0,-0.0036,-0.0046,0.375,114.0,-0.8744218999170208,0.6466224435203528,0.025,0.0018000000000000004,-74.0,-0.001,0.13855144527701269,42.108089571768666,-3.286538229085494,-4.122255967776336,0.8357177386908425,176.36022449999996
2018-09-04,0,1,0,0,0,0,0,0,170.22612,-2.6005745,-0.017,-0.0266,1.083,197.0,0.03543004795972275,0.5705341787001369,-0.013400000000000002,-0.022,83.0,-0.009599999999999997,-0.07608826482021591,35.89235914349495,-3.454675805566154,-3.9887399353343,0.5340641297681459,175.73117549999995
2018-09-05,0,1,1,1,0,0,0,0,166.26784,-2.3253143,-0.0788,-0.0135,2.542,341.0,1.8768511983094813,0.22613361592469644,-0.061799999999999994,0.013099999999999999,144.0,0.0653,-0.34440056277544046,31.52753886501221,-3.8627982281015534,-3.963551593887751,0.10075336578619742,174.83608649999994
2018-09-06,0,1,1,1,0,0,0,0,161.64322,-2.781427,-0.1545,-0.0144,2.042,692.0,1.1891698602502117,-0.19054464613817856,-0.0757,-0.0008999999999999998,351.0,0.1401,-0.416678262062875,27.343692340800317,-4.507447325779083,-4.072330740266017,-0.4351165855130654,173.81369649999993
2018-09-07,0,0,1,1,1,0,0,0,162.1504,0.3137827,-0.1069,-0.0167,0.625,250.0,-0.6661663592152886,0.08125540131865183,0.0476,-0.0023,-442.0,0.0902,0.2718000474568304,28.464873457591416,-4.920688558138664,-4.242002303840547,-0.6786862542981176,172.95739299999997
2018-09-10,0,0,1,0,0,0,0,0,163.2842,0.69921017,-0.0851,-0.0068,0.667,66.0,-0.6303866146591338,0.21128805206236714,0.0218,0.009899999999999999,-184.0,0.0783,0.1300326507437153,31.027227585873312,-5.09793124949573,-4.413188092971583,-0.6847431565241466,172.16822249999996
2018-09-11,0,1,0,0,0,0,0,0,165.0346,1.0720015,-0.0143,0.0038,0.083,127.0,-1.3811194035222603,0.6073509054230338,0.0708,0.0106,61.0,0.0181,0.3960628533606667,34.90391013322116,-5.039067474923684,-4.5383639693620035,-0.5007035055616802,171.41386049999997
2018-09-12,0,1,1,0,0,0,0,0,161.11612,-2.374351,-0.0505,-0.003,0.792,139.0,-0.4400236711271937,0.40570395963060857,-0.0362,-0.0068000000000000005,12.0,0.0475,-0.20164694579242526,30.738732524524288,-5.248109161798311,-4.680313007849265,-0.5677961539490459,170.54214349999998
2018-09-13,0,0,0,0,0,0,0,0,160.4796,-0.3950596,-0.0356,-0.0129,1.042,175.0,-0.11243011013315413,0.49063982872210926,0.014900000000000004,-0.009899999999999999,36.0,0.022699999999999998,0.0849358690915007,30.11016536496436,-5.402857273602649,-4.824821860999942,-0.5780354126027074,169.87878299999997
2018-09-14,0,1,0,0,0,0,0,0,161.43437,0.5949497,-0.0116,-0.0082,0.5,247.0,-0.8291772811857371,0.6221403759569584,0.024,0.004699999999999999,72.0,0.0033999999999999985,0.1315005472348491,32.34495830543123,-5.386363660074949,-4.937130220814943,-0.4492334392600057,169.30791499999998
2018-09-17,0,0,1,0,0,0,0,0,159.70387,-1.0719597,-0.0661,-0.003,0.5,71.0,-0.8323595176982687,0.317474377264665,-0.05450000000000001,0.005200000000000001,-176.0,0.0631,-0.3046659986922934,30.44478294415788,-5.450103835686292,-5.039724943789213,-0.41037889189707943,168.71516749999995
2018-09-18,0,1,0,0,0,0,0,0,159.42537,-0.17436743,-0.0406,-0.0163,0.667,142.0,-0.6111776709189327,0.4563549093497318,0.02550000000000001,-0.0133,71.0,0.0243,0.1388805320850668,30.137924060797765,-5.460149798507899,-5.12380991473295,-0.33633988377494894,168.10252799999995
2018-09-19,0,0,1,0,0,0,0,0,162.17032,1.7217636,-0.2399,-0.0165,0.458,136.0,-0.8602058236095588,-0.6459317405529926,-0.1993,-0.00020000000000000226,-6.0,0.2234,-1.1022866499027244,36.88972757140217,-5.1868262674022105,-5.136413185266802,-0.050413082135408516,167.57641349999997
2018-09-20,0,1,1,0,1,0,0,0,165.11417,1.8152833,-0.0531,-0.0051,1.0,173.0,-0.1473978061132681,0.40847218520380474,0.1868,0.0114,37.0,0.048,1.0544039257567974,43.2267860088127,-4.678737731437337,-5.044878094500909,0.3661403630635718,167.23429049999996
2018-09-21,0,0,1,0,0,0,0,0,162.04103,-1.8612266,-0.035,-0.0033,0.5,190.0,-0.8008102707494228,0.5063116909153512,0.018099999999999998,0.0018000000000000004,17.0,0.031700000000000006,0.09783950571154648,38.842070860634166,-4.472494488371552,-4.930401373275037,0.4579068849034851,166.65173649999994
2018-09-24,0,0,1,0,0,0,0,0,164.5075,1.5221357,-0.0377,-0.004,0.875,79.0,-0.30428808613527125,0.4932322008956724,-0.002699999999999994,-0.0007000000000000001,-111.0,0.033699999999999994,-0.013079490019678841,43.771776383581255,-4.06318386217049,-4.756957871054128,0.6937740088836382,166.05252349999995
2018-09-25,0,0,0,0,0,0,0,0,164.01025,-0.302279,-0.0354,-0.0127,2.917,470.0,2.239313553405597,0.4846929683834545,0.0022999999999999965,-0.0087,391.0,0.0227,-0.008539232512217887,43.01892134657575,-3.7358614756919337,-4.552738591981689,0.8168771162897555,165.48812099999995
2018-09-26,0,0,1,0,0,0,0,0,166.0391,1.2370348,-0.0626,-0.0084,2.25,428.0,1.3565435602966407,0.31635230242546086,-0.027200000000000002,0.0043,-42.0,0.054200000000000005,-0.16834066595799363,47.02267240291216,-3.2749928084999738,-4.297189435285346,1.0221966267853722,165.04306199999996
2018-09-27,0,1,0,0,0,0,0,0,167.9188,1.132071,-0.0125,0.0036,1.375,466.0,0.24392354709347144,0.6006751081122633,0.050100000000000006,0.012,38.0,0.0161,0.28432280568680246,50.493416859322174,-2.726643934677213,-3.983080335163719,1.256436400486506,164.60546399999996
2018-09-28,0,0,1,0,0,0,0,0,163.56268,-2.594167,-0.0312,0.0049,2.042,185.0,1.0484660566324238,0.4915869810509232,-0.018699999999999998,0.0013,-281.0,0.0361,-0.10908812706134013,43.39771397900821,-2.613449757925167,-3.709154219716009,1.0957044617908416,164.04503799999995
2018-10-01,0,0,1,0,0,0,0,0,161.55373,-1.228267,-0.469,-0.0468,1.583,90.0,0.4517897770457734,-1.8937471729199193,-0.43779999999999997,-0.0517,-95.0,0.42219999999999996,-2.3853341539708426,40.56644220964755,-2.6552400780433913,-3.498371391381485,0.8431313133380938,163.38416449999994
2018-10-02,0,1,1,1,0,0,0,0,158.4607,-1.9145548,-0.1497,-0.0309,1.5,274.0,0.34055370422415365,-0.13266380202458827,0.3193,0.0159,184.0,0.1188,1.761083370895331,36.60663368201087,-2.9044600715486126,-3.379589127414911,0.47512905586629817,162.79589349999998
2018-10-03,0,0,1,0,0,0,0,0,161.54375,1.9456387,-0.1453,-0.0432,1.625,317.0,0.5237959774680894,-0.15851784765707203,0.004399999999999987,-0.012300000000000002,43.0,0.10210000000000001,-0.025854045632483752,42.619138651089514,-2.8206773306019954,-3.2678067680523277,0.4471294374503323,162.55968899999996
2018-10-04,0,0,1,0,0,0,0,0,157.9833,-2.2040188,-0.4008,-0.0554,0.833,178.0,-0.4900499535016692,-1.6317280039288633,-0.25549999999999995,-0.012199999999999996,-139.0,0.3454,-1.4732101562717912,38.122370110401235,-3.0069156124176004,-3.215628536925382,0.20871292450778167,162.37669299999996
2018-10-05,0,1,1,0,1,0,0,0,156.4716,-0.95688105,-0.0585,-0.0152,0.792,204.0,-0.535195636739446,0.3437820890860379,0.3423,0.0402,26.0,0.043300000000000005,1.9755100930149012,36.36784788963186,-3.2391534045817423,-3.220333510456654,-0.018819894125088332,162.09275299999996
2018-10-08,0,0,0,1,0,0,0,0,156.39201,-0.050848722,-0.0205,-0.0041,1.583,91.0,0.4558465063618583,0.5601795918363368,0.038000000000000006,0.011099999999999999,-113.0,0.0164,0.2163975027502989,36.27319315484036,-3.390541721467258,-3.254375152658775,-0.1361665688084832,161.74814349999994
2018-10-09,0,0,0,0,0,0,0,0,157.03848,0.4133463,-0.0179,-0.0068,1.083,318.0,-0.1834652963651166,0.5687079997581906,0.0026000000000000016,-0.0026999999999999993,227.0,0.011099999999999999,0.008528407921853831,37.69174395001631,-3.418941893141465,-3.287288500755313,-0.13165339238615203,161.34833749999996
2018-10-10,0,0,0,1,0,0,0,0,150.55405,-4.1291895,-0.0303,-0.0036,1.333,216.0,0.1343440840536897,0.49550515279489876,-0.012400000000000001,0.0031999999999999997,-102.0,0.0267,-0.07320284696329188,30.385458420797605,-3.919506906354684,-3.4137321818751873,-0.5057747244794966,160.82023399999997
2018-10-11,0,0,1,0,0,0,0,0,152.51329,1.3013601,-0.0971,-0.0097,0.792,162.0,-0.5412593160158345,0.10993405833887145,-0.0668,-0.0061,-54.0,0.0874,-0.38557109445602733,34.51581324921194,-4.110728077318271,-3.553131360963804,-0.5575967163544666,160.42191849999995
2018-10-12,0,0,1,0,0,0,0,0,152.90118,0.2543211,-0.0973,-0.0115,1.75,203.0,0.6931685176169822,0.11076812302343451,-0.00019999999999999185,-0.0017999999999999995,41.0,0.0858,0.0008340646845630684,35.33384481612721,-4.18275653801831,-3.6790563963747056,-0.5037001416436047,159.99525899999995
2018-10-15,0,0,0,0,0,0,0,0,152.68237,-0.14309883,-0.0201,-0.0096,0.958,75.0,-0.33768314580237885,0.554479310222741,0.07719999999999999,0.0019000000000000006,-128.0,0.0105,0.44371118719930647,35.067720579870375,-4.208977280298768,-3.785040573159518,-0.42393670713925014,159.64418399999994
2018-10-16,0,0,0,0,0,0,0,0,157.91368,3.4262657,-0.0172,-0.007,1.458,315.0,0.30983966494043763,0.5680959261888561,0.0029,0.002599999999999999,240.0,0.0102,0.013616615966115075,45.61419015957964,-3.7642425652159375,-3.780880971570802,0.016638406354864355,159.56859949999995
2018-10-17,0,0,1,0,0,0,0,0,158.5502,0.40307045,-0.0691,-0.0122,1.917,210.0,0.9932387934925575,0.27346492990862925,-0.051899999999999995,-0.005200000000000001,-105.0,0.05689999999999999,-0.2946309962802268,46.74756152431797,-3.322129810490452,-3.6891307393547317,0.3670009288642797,159.38759349999995
2018-10-18,0,1,1,0,0,0,0,0,154.07474,-2.822733,-0.25,-0.017,1.792,326.0,0.8884485491673053,-0.9702871599366092,-0.1809,-0.0048000000000000004,116.0,0.23299999999999998,-1.2437520898452386,40.376324942317424,-3.294902896554646,-3.6102851707947146,0.3153822742400685,158.83562199999997
2018-10-19,0,0,1,0,0,0,0,0,153.20949,-0.5615771,-0.1014,-0.0074,1.458,257.0,0.46727503070715226,-0.08496887112654847,0.1486,0.009600000000000001,-69.0,0.094,0.8853182888100607,39.262214679314766,-3.30504530989208,-3.5492371986141875,0.24419188872210773,158.39404499999998
2018-10-22,0,0,1,0,1,0,0,0,153.9355,0.47386885,-0.0528,-0.0064,1.0,123.0,-0.2166551128266263,0.37913546895324796,0.048600000000000004,0.001,-134.0,0.0464,0.4641043400797964,40.73979207004055,-3.217411983476751,-3.4828721555867004,0.26546017210994943,157.86544499999997
2018-10-23,0,1,0,0,0,0,0,0,153.54762,-0.25197268,-0.0214,-0.0078,1.083,273.0,-0.06932251071301478,0.7065675012178285,0.0314,-0.0013999999999999993,150.0,0.0136,0.32743203226458056,40.17743397822324,-3.143029725077554,-3.414903669484871,0.27187394440731705,157.3423135
2018-10-24,0,0,0,0,0,0,0,0,145.24318,-5.4083824,-0.0043,-0.0042,1.625,302.0,0.8110170192728816,0.875273949539057,0.017099999999999997,0.0036,29.0,0.00010000000000000026,0.1687064483212285,30.477460180323735,-3.711397474479014,-3.4742024304836994,-0.23719504399531477,156.30251749999996
2018-10-25,0,1,1,0,0,0,0,0,150.1264,3.3620954,-0.2564,-0.0573,2.042,314.0,1.426947886863648,-1.9352194672189718,-0.2521,-0.053099999999999994,12.0,0.19910000000000003,-2.8104934167580287,39.69697534986527,-3.724860098944788,-3.5243339641759173,-0.2005261347688707,155.41289749999999
2018-10-26,0,0,1,1,0,0,0,0,144.57684,-3.6965907,-0.3494,-0.0404,1.417,182.0,0.42835057461477016,-2.7295678456401857,-0.09299999999999997,0.0169,-132.0,0.309,-0.794348378421214,34.15380206999847,-4.13565913407956,-3.646598998156646,-0.48906013592291453,154.4636055
2018-10-29,0,0,0,0,1,1,0,0,141.31471,-2.25631,-0.0205,-0.0113,1.375,115.0,0.3715677714070912,0.7027127139606487,0.32889999999999997,0.0291,-67.0,0.009200000000000002,3.4322805596008346,31.379965348197974,-4.670607105947795,-3.851400619714876,-0.8192064862329191,153.4516545
2018-10-30,0,1,1,1,0,0,0,0,145.42221,2.9066086,-0.0927,-0.0184,1.375,123.0,0.37412324727751,-0.052745286161096784,-0.0722,-0.0071,8.0,0.0743,-0.7554580001217455,38.187348574248915,-4.708835777856535,-4.022887651343208,-0.6859481265133276,152.79973
2018-10-31,0,1,1,0,0,0,0,0,150.9618,3.809321,-0.5586,-0.0453,2.375,163.0,1.8645077888495154,-4.095897595208946,-0.4659,-0.0269,40.0,0.5133,-4.04315230904785,45.97190163029985,-4.243220454960465,-4.066954212066659,-0.17626624289380555,152.2706325
2018-11-01,0,1,1,0,0,0,0,0,150.92204,-0.026345253,-0.2249,0.0141,0.292,203.0,-1.3401910719946966,-1.1171467209631538,0.3337,0.0594,40.0,0.239,2.978750874245792,45.92719420487577,-3.833238074287351,-4.020210984510798,0.18697291022344675,151.9175695
2018-11-02,0,0,1,0,1,1,0,0,149.52968,-0.92256665,-0.0437,-0.0079,0.083,89.0,-1.6168726498568489,0.4674510518092378,0.18119999999999997,-0.022,-114.0,0.0358,1.5845977727723917,44.30237859735841,-3.579414635591462,-3.9320517147269305,0.3526370791354685,151.57047350000002
2018-11-05,0,0,0,0,0,0,0,0,147.86877,-1.1107504,-0.0134,-0.0053,0.333,46.0,-1.2371034282356352,0.72882114401326,0.0303,0.0026000000000000007,-43.0,0.0081,0.26137009220402224,42.376459320158375,-3.472253313130693,-3.840092034407683,0.36783872127699,151.14431150000001
2018-11-06,0,1,1,0,0,0,0,0,149.12192,0.84745884,-0.1291,-0.0089,1.333,231.0,0.2590756957934519,-0.265016268208896,-0.1157,-0.0036,185.0,0.12019999999999999,-0.993837412222156,44.34242948667057,-3.248758791964775,-3.7218253859191015,0.4730665939543264,150.74848350000002
2018-11-07,0,0,1,0,0,0,0,0,150.70323,1.0604262,-0.2616,-0.0039,0.875,180.0,-0.43785849659072357,-1.37368537561129,-0.1325,0.005,-51.0,0.2577,-1.108669107402394,46.80856714405297,-2.9104889672112506,-3.5595581021775313,0.6490691349662807,150.7559425
2018-11-08,0,1,1,0,1,0,0,0,147.0632,-2.415365,-0.0684,-0.0082,0.625,205.0,-0.823408543084211,0.30317560856241405,0.19319999999999998,-0.004300000000000001,25.0,0.060200000000000004,1.6768609841737039,42.17590999482697,-2.9026675493307152,-3.428179991608168,0.5255124422774529,150.48343800000004
2018-11-09,0,0,1,1,0,0,0,0,144.16908,-1.9679368,-0.0527,-0.0036,0.667,142.0,-0.7505879877980611,0.4395459004063798,0.015700000000000006,0.004600000000000001,-63.0,0.0491,0.13637029184396576,38.88103539961115,-3.0943307968678653,-3.3614101526601075,0.2670793557922422,150.04683300000005
2018-11-12,0,0,1,1,0,0,0,0,140.7777,-2.3523748,-0.0544,-0.0023,0.833,63.0,-0.5274245387668406,0.41771729676758584,-0.0017000000000000001,0.0013,-79.0,0.052099999999999994,-0.021828603638793964,35.391862800440784,-3.479768716768831,-3.385081865481852,-0.09468685128697896,149.45159950000004
2018-11-13,0,1,0,1,0,0,0,0,141.38437,0.43094158,-0.0449,-0.0489,0.833,168.0,-0.5094692548304909,0.4909216677233571,0.009499999999999995,-0.0466,105.0,-0.003999999999999997,0.07320437095577126,36.489828232408776,-3.6936991814574185,-3.446805328676965,-0.2468938527804534,148.62513400000003
2018-11-14,0,0,1,0,0,0,0,0,143.4331,1.4490724,-0.0532,-0.0062,1.833,134.0,1.0632610839835888,0.40875394819936106,-0.008299999999999995,0.0427,-34.0,0.047,-0.08216771952399604,40.186553419896946,-3.6557836289318573,-3.4886009887279434,-0.16718264020391382,147.86927900000003
2018-11-15,0,1,1,0,0,0,0,0,143.06514,-0.2565503,-0.268,-0.0146,2.583,188.0,2.154882203268335,-1.4113313706116113,-0.21480000000000002,-0.008400000000000001,54.0,0.2534,-1.8200853188109725,39.739156397572934,-3.613769294287266,-3.513634649839808,-0.10013464444745823,147.31879900000004
2018-11-16,0,1,1,0,0,0,0,0,138.76872,-3.0031323,-0.4326,-0.006,1.792,315.0,0.9197352231033363,-2.608817964270686,-0.16459999999999997,0.0086,127.0,0.4266,-1.1974865936590748,34.85915460206759,-3.882403883448461,-3.5873884965615384,-0.29501538688692275,146.59676050000002
2018-11-19,0,0,1,1,0,0,0,0,130.83224,-5.719197,-0.3026,-0.0079,1.792,80.0,0.8893873726384512,-1.509187093480452,0.13,-0.0019000000000000006,-235.0,0.29469999999999996,1.099630870790234,28.015278199252613,-4.681738175430041,-3.806258432335239,-0.8754797430948025,145.44159750000003
2018-11-20,0,1,1,1,0,0,0,0,131.70744,0.6689429,-0.3747,-0.0605,1.667,165.0,0.6844813370519544,-1.9729181449276845,-0.0721,-0.052599999999999994,85.0,0.3142,-0.46373105144723237,29.65541489707317,-5.1848275702824935,-4.08197225992469,-1.1028553103578034,144.34958850000004
2018-11-21,0,1,1,1,0,0,0,0,134.0844,1.8047333,-0.3964,-0.0552,2.083,298.0,1.2800722289217523,-2.0231727538571014,-0.021699999999999997,0.005299999999999999,133.0,0.34119999999999995,-0.05025460892941691,34.05034043403627,-5.33028453126056,-4.331634714191864,-0.9986498170686957,143.79164950000006
2018-11-22,0,0,1,0,0,0,0,0,134.0844,0.0,-0.3602,-0.0127,0.417,205.0,-1.1955513856549054,-1.6817586388112404,0.036199999999999954,0.042499999999999996,-93.0,0.34750000000000003,0.34141411504586094,34.050340434036265,-5.383502554462609,-4.542008282246013,-0.8414942722165959,142.98954950000007
2018-11-23,0,0,1,0,0,0,0,0,131.01126,-2.2919536,-0.2199,-0.0042,0.333,66.0,-1.3292927097956952,-0.6501988564588707,0.1403,0.0085,-139.0,0.2157,1.0315597823523697,31.133709016663268,-5.608997899655549,-4.755406205727921,-0.853591693927628,142.31127050000003
2018-11-26,0,0,1,0,0,0,0,0,135.6359,3.529954,-0.6658,-0.0201,0.625,63.0,-0.9062411887926939,-3.4051387067787866,-0.44589999999999996,-0.0159,-3.0,0.6456999999999999,-2.754939850319916,39.52818115096096,-5.352830686918907,-4.874891101966118,-0.47793958495278854,142.02733000000003
2018-11-27,0,1,1,0,0,0,0,0,134.26344,-1.0118842,-0.4087,-0.0072,1.333,122.0,0.15075565619847478,-1.664203993149918,0.25709999999999994,0.0129,59.0,0.4015,1.7409347136288686,38.045997161404,-5.200612948314188,-4.940035471235732,-0.26057747707845547,141.46939150000003
2018-11-28,0,1,1,0,0,0,0,0,136.01381,1.3036966,-0.245,-0.026,0.792,242.0,-0.637492382402036,-0.6041993094388073,0.1637,-0.018799999999999997,120.0,0.219,1.0600046837111106,41.080377999896896,-4.882457136606035,-4.928519804309793,0.04606266770375722,140.72199200000003
2018-11-29,0,0,1,0,1,1,0,0,137.92334,1.4039159,-0.1261,-0.0085,0.75,153.0,-0.676469763840031,0.14805589121836385,0.1189,0.017499999999999998,-89.0,0.11759999999999998,0.7522552006571711,44.28623769066842,-4.425222046104153,-4.827860252668665,0.40263820656451177,140.07205700000003
2018-11-30,0,1,1,0,0,0,0,0,139.84279,1.3916969,-0.165,-0.0034,0.625,170.0,-0.8722377538384964,-0.09290529214297125,-0.03890000000000002,0.0051,17.0,0.16160000000000002,-0.2409611833613351,47.38527540548538,-3.8634410259547565,-4.634976407325883,0.7715353813711268,139.5877125
2018-12-03,0,0,1,0,1,0,0,0,140.32018,0.34136772,-0.0423,-0.0036,0.292,51.0,-1.3691293453681543,0.6805610594202968,0.1227,-0.0002000000000000001,-119.0,0.0387,0.773466351563268,48.157653980181394,-3.3411889899294067,-4.376218923846588,1.0350299339171816,139.21028300000003
2018-12-04,0,1,0,0,0,0,0,0,137.17743,-2.23971,-0.0063,-0.0056,0.083,90.0,-1.6929422117968649,0.9072195254570247,0.036,-0.002,39.0,0.0007000000000000001,0.2266584660367279,43.618121994507554,-3.144644642730867,-4.129904067623444,0.9852594248925772,138.61305850000002
2018-12-05,0,1,1,0,0,0,0,0,137.17743,0.0,-0.0574,-0.0089,1.792,96.0,0.9250090021504448,0.5845501589763843,-0.0511,-0.0033,6.0,0.0485,-0.3226693664806404,43.618121994507554,-2.954820500136776,-3.894887354126111,0.9400668539893346,137.93676850000003
2018-12-06,0,1,1,0,0,0,0,0,138.86816,1.2325168,-0.2514,-0.005,1.583,356.0,0.5872206985437864,-0.6227061326607685,-0.194,0.0039,260.0,0.2464,-1.2072562916371528,46.749961343731414,-2.637551664769461,-3.643420216254781,1.00586855148532,137.52701650000003
2018-12-07,0,0,1,0,1,0,0,0,136.67021,-1.5827596,-0.1154,-0.0044,0.667,165.0,-0.8299663239503516,0.25269467787694705,0.136,0.0005999999999999998,-191.0,0.111,0.8754008105377156,43.37673825751715,-2.534256689313395,-3.421587510866504,0.887330821553109,137.15207300000003
2018-12-10,0,0,0,0,0,0,0,0,141.07605,3.2237053,-0.0227,-0.005,0.833,103.0,-0.5863357156344563,0.8372222071983559,0.0927,-0.0005999999999999998,-62.0,0.0177,0.584527529321409,51.00782095884276,-2.07298413943397,-3.1518668365799973,1.0788826971460272,137.16699050000003
2018-12-11,0,0,0,0,0,0,0,0,141.30481,0.16213655,-0.0286,-0.0054,0.542,114.0,-1.0328382253607968,0.7976153851549135,-0.005899999999999999,-0.0004000000000000002,11.0,0.0232,-0.03960682204344246,51.374253143477944,-1.669715855175923,-2.8554366402991826,1.1857207851232596,137.16301250000004
2018-12-12,0,0,0,0,0,0,0,0,143.71158,1.7032623,-0.0197,-0.0035,0.792,159.0,-0.6588288307232407,0.8280716633014739,0.008900000000000002,0.0019000000000000002,45.0,0.0162,0.030456278146560378,55.173043237626594,-1.1427437708691741,-2.512898066413181,1.370154295544007,137.17693650000004
2018-12-13,0,0,1,0,0,0,0,0,144.21881,0.35294294,-0.1841,-0.0058,0.208,86.0,-1.521864319909449,-0.20041149153311516,-0.16440000000000002,-0.0022999999999999995,-73.0,0.17830000000000001,-1.028483154834589,55.95402389301894,-0.676388391188766,-2.145596131368298,1.4692077401795318,137.23462
2018-12-14,0,1,1,0,1,0,0,0,143.27397,-0.6551266,-0.0371,-0.0023,1.25,135.0,0.05813571455585062,0.7341495476544248,0.14700000000000002,0.0034999999999999996,49.0,0.0348,0.9345610391875399,54.06450485189435,-0.37867396675321174,-1.7922116984452807,1.413537731692069,137.45988250000002
2018-12-17,0,0,0,0,0,0,0,0,139.4251,-2.6863754,-0.0324,-0.0141,1.0,73.0,-0.3329597524482143,0.7631371749496154,0.004700000000000003,-0.0118,-62.0,0.018299999999999997,0.028987627295190665,47.088672273304944,-0.44813891664838934,-1.5233971420859025,1.0752582254375131,137.88952550000002
2018-12-18,0,0,0,0,0,0,0,0,142.87616,2.475214,-0.0318,-0.0052,1.417,294.0,0.37582502326886635,0.7663437319173158,0.0005999999999999964,0.0089,221.0,0.026600000000000002,0.003206556967700336,52.950616799094604,-0.22215779287228088,-1.263149272243178,1.0409914793708972,138.4479615
2018-12-19,0,1,1,1,0,0,0,0,132.51303,-7.253236,-0.0971,-0.0057,2.708,309.0,2.4311664967428976,0.3558420686590355,-0.0653,-0.0005000000000000004,15.0,0.09140000000000001,-0.41050166325828025,38.98373138722327,-0.8692637751802295,-1.1843721728305883,0.3151083976503588,138.369393
2018-12-20,0,1,1,1,0,0,0,0,132.67216,0.12007952,-0.6266,-0.0786,1.917,334.0,1.1318599020585005,-2.765941464802905,-0.5295000000000001,-0.0729,25.0,0.548,-3.12178353346194,39.248721559963556,-1.3536553707185703,-1.2182288124081846,-0.13542655831038575,138.298781
2018-12-21,0,0,1,1,0,0,0,0,124.26826,-6.3343287,-0.2591,-0.0274,0.917,206.0,-0.43674122801028065,-0.5509611112402969,0.36750000000000005,0.0512,-128.0,0.2317,2.214980353562608,31.474506521770167,-2.3881347647076723,-1.4522100028680822,-0.9359247618395901,137.96163099999998
2018-12-24,0,0,1,1,1,1,0,0,123.38311,-0.71228147,-0.1181,-0.0078,0.083,42.0,-1.7047932012175517,0.265497376880352,0.14100000000000001,0.0196,-164.0,0.1103,0.8164584881206489,30.78289662535816,-3.242019363819253,-1.8101718750583164,-1.4318474887609365,137.34899149999998
2018-12-25,0,1,1,1,0,0,0,0,123.38311,0.0,-0.2887,-0.0131,0.0,51.0,-1.7524928621664588,-0.7669681698709493,-0.17060000000000003,-0.005300000000000001,9.0,0.2756,-1.0324655467513013,30.782896625358152,-3.8740711794899596,-2.222951735944645,-1.6511194435453147,136.80497499999998
2018-12-26,0,0,0,0,1,0,0,0,133.44789,8.157337,-0.0308,-0.004,0.125,31.0,-1.498946524181489,0.7972600088400237,0.2579,0.0091,-20.0,0.0268,1.564228178710973,46.333918566089835,-3.522231078610986,-2.4828076044779133,-1.0394234741330726,136.67667899999998
2018-12-27,0,1,1,0,0,0,0,0,133.78606,0.2534032,-0.1535,0.0082,1.042,72.0,-0.1124397243116252,0.024825859237263,-0.1227,0.0122,41.0,0.1617,-0.7724341496027607,46.76667603576157,-3.1794569701888804,-2.6221374776201065,-0.5573194925687739,136.46981499999998
2018-12-28,0,1,1,0,0,0,0,0,132.47324,-0.98127127,-0.0417,-0.0033,1.042,186.0,-0.1190081545999291,0.7164162873327863,0.1118,-0.0115,114.0,0.038400000000000004,0.6915904280955233,45.24144394144795,-2.9793950109386174,-2.6935889842838088,-0.2858060266548086,136.10133749999997
2018-12-31,0,0,1,0,0,0,0,0,130.37477,-1.5840828,-0.2549,-0.0102,0.167,57.0,-1.397768130706078,-0.5834870287952759,-0.2132,-0.006900000000000001,-129.0,0.24470000000000003,-1.2999033161280622,42.83654867008536,-2.9560974074127557,-2.746090668909598,-0.21000673850315765,135.60406699999996
2019-01-01,0,0,1,0,1,0,0,0,130.37477,0.0,-0.0516,-0.0112,0.0,57.0,-1.586199311219764,0.6869081553211992,0.2033,-0.0009999999999999992,0.0,0.0404,1.2703951841164751,42.83654867008535,-2.9041565794946393,-2.7777038510266063,-0.12645272846803302,135.26393399999995
2019-01-02,0,0,0,0,0,0,0,0,134.93973,3.5014033,-0.0394,-0.0095,0.458,59.0,-0.8861579572330678,0.764561800400626,0.012200000000000003,0.0017000000000000001,2.0,0.029899999999999996,0.07765364507942685,49.596231203970795,-2.4662100438950176,-2.7154050896002886,0.24919504570527096,135.15204899999995
2019-01-03,0,1,1,0,0,0,0,0,131.0212,-2.9038846,-0.2391,-0.0088,0.5,60.0,-0.814040621583633,-0.46745641958397144,-0.19970000000000002,0.0006999999999999992,1.0,0.2303,-1.2320182199845975,44.708890318182775,-2.407573868779707,-2.653838845436172,0.24626497665646507,134.75970099999995
2019-01-04,0,0,1,0,0,0,0,0,137.19731,4.7138214,-0.1895,-0.0138,0.292,52.0,-1.0800729016381847,-0.14848254248281065,0.049600000000000005,-0.004999999999999999,-8.0,0.1757,0.31897387710116076,52.63184160517957,-1.8415159666947147,-2.4913742696878804,0.6498583029931657,134.78605599999995
2019-01-07,0,0,1,0,1,0,0,0,137.2968,0.07249117,-0.1165,-0.0084,0.208,30.0,-1.1701178191557209,0.3197984147800894,0.073,0.0054,-22.0,0.1081,0.4682809572629001,52.749301337237696,-1.3691008472071076,-2.266919585191726,0.8978187379846183,134.59709349999994
2019-01-08,0,1,1,0,0,0,0,0,141.75235,3.2451987,-0.0706,-0.0097,1.0,64.0,-0.02105255009723688,0.6168148513979064,0.04590000000000001,-0.0013000000000000008,34.0,0.060899999999999996,0.29701643661781696,57.796574213782826,-0.6279442624552019,-1.939124520644421,1.3111802581892191,134.61947049999995
2019-01-09,0,0,1,0,0,0,0,0,143.44307,1.1927247,-0.0634,-0.0037,1.542,154.0,0.7769069637043138,0.6614396510384744,0.007199999999999998,0.006,90.0,0.059699999999999996,0.04462479964056798,59.561781132229584,0.09476228414479237,-1.5323471596865783,1.6271094438313707,134.60604499999994
2019-01-10,0,1,1,0,0,0,0,0,143.41322,-0.020802021,-0.1473,-0.0027,0.875,160.0,-0.17380160443228124,0.12107769940989951,-0.08389999999999999,0.001,6.0,0.14459999999999998,-0.5403619516285748,59.51445209349233,0.6575242533140511,-1.0943728770864525,1.7518971304005035,134.56576549999994
2019-01-11,0,0,1,0,0,0,0,0,143.01541,-0.2773881,-0.122,-0.0023,0.5,117.0,-0.7021711090772629,0.2835832974822867,0.02529999999999999,0.0004000000000000002,-43.0,0.1197,0.1625055980723872,58.843373150390356,1.0592073430812832,-0.6636568330529053,1.7228641761341885,134.55283749999992
2019-01-14,0,0,1,0,0,0,0,0,144.59674,1.1057019,-0.1707,-0.006,0.625,46.0,-0.507876357448118,-0.012469805995083861,-0.04869999999999999,-0.0037,-71.0,0.16469999999999999,-0.29605310347737057,60.738546927286585,1.4879915604991254,-0.23332715434249918,1.7213187148416247,134.81141949999991
2019-01-15,0,1,1,0,1,0,0,0,148.13731,2.4485826,-0.0569,0.0029,1.042,78.0,0.10550088762442301,0.7175802182200824,0.11379999999999998,0.0089,32.0,0.0598,0.7300500242151663,64.66214740266942,2.0894150748806055,0.23122129150212178,1.8581937833784838,135.07447699999994
2019-01-16,0,1,0,0,0,0,0,0,146.73499,-0.94662905,-0.0145,0.0032,1.208,158.0,0.36200182940897074,0.9903942871215553,0.0424,0.00030000000000000035,80.0,0.0177,0.27281406890147286,62.018530573158046,2.4249388531010823,0.6699648038219139,1.7549740492791683,135.78557499999994
2019-01-17,0,0,0,0,0,0,0,0,147.49086,0.51511526,-0.012,-0.0044,1.708,192.0,1.1224498122861988,0.9748723159533785,0.0025000000000000005,-0.007600000000000001,34.0,0.0076,-0.015521971168176774,62.8990086821924,2.7204762992498956,1.0800671029075102,1.6404091963423855,136.52650999999992
2019-01-18,0,0,1,0,0,0,0,0,149.22136,1.1732936,-0.0672,-0.0057,1.417,167.0,0.6871424285648904,0.5995093910728289,-0.0552,-0.0013,-25.0,0.0615,-0.3753629248805497,64.90487843403979,3.0590657365545155,1.4758668296369113,1.5831989069176042,137.77416499999993
2019-01-21,0,0,0,0,0,0,0,0,149.22136,0.0,-0.0259,-0.0044,2.375,166.0,2.026579343997785,0.865273332425721,0.041299999999999996,0.0013,-1.0,0.0215,0.26576394135289216,64.90487843403979,3.28948121322847,1.838589706355223,1.4508915068732469,139.06607749999992
2019-01-22,0,0,0,0,0,0,0,0,146.76486,-1.6462207,-0.0317,-0.0061,1.292,189.0,0.46213178609379574,0.8181484765543896,-0.0058,-0.0017000000000000001,23.0,0.025599999999999998,-0.04712485587133142,59.59997116579166,3.236559079987501,2.1181835810816785,1.1183754989058223,140.2351649999999
2019-01-23,0,0,1,1,0,0,0,0,143.51268,-2.215898,-0.181,-0.0144,1.167,97.0,0.32160846251288644,-0.18627868145250426,-0.1493,-0.008299999999999998,-92.0,0.1666,-1.004427158006894,53.379574844508305,2.898778843630737,2.27430263359149,0.6244762100392469,140.73840449999992
2019-01-24,0,1,1,0,0,0,0,0,145.03435,1.0602951,-0.2186,-0.0092,1.375,119.0,0.6100551115745053,-0.44187807446501637,-0.037599999999999995,0.0052,22.0,0.20939999999999998,-0.2555993930125121,55.70884365963173,2.7224884721987337,2.363939801312939,0.3585486708857948,141.3008189999999
2019-01-25,0,1,1,0,1,0,0,1,148.19699,2.180612,-0.0529,-0.0087,2.833,195.0,2.615755958040817,0.6826693702618141,0.1657,0.0005000000000000004,76.0,0.0442,1.1245474447268304,60.16372433447329,2.805634096037494,2.45227866025785,0.353355435779644,142.08700649999992
2019-01-28,0,0,1,0,0,0,0,0,146.66539,-1.0334849,-0.0401,-0.0032,2.583,102.0,2.1316233041336856,0.7745529111678864,0.012800000000000006,0.0055,-93.0,0.036899999999999995,0.09188354090607231,57.16504590818137,2.716624723306751,2.50514787286763,0.21147685043912068,142.90153749999993
2019-01-29,0,1,0,0,0,0,0,0,143.40327,-2.224183,-0.0132,-0.0035,1.708,271.0,0.8977760937433064,0.937400095751452,0.026899999999999997,-0.0002999999999999999,169.0,0.0097,0.16284718458356562,51.30023764915169,2.355703252098266,2.4752589487137575,-0.11955569661549159,143.55296249999992
2019-01-30,0,0,1,0,0,0,0,0,149.59929,4.320681,-0.0836,-0.0045,2.75,186.0,2.2021367335075177,0.44349299962605726,-0.07039999999999999,-0.0009999999999999996,-85.0,0.07909999999999999,-0.49390709612539474,59.747463008687696,2.5403538002728396,2.488277919025574,0.0520758812472657,144.28594049999992
2019-01-31,1,1,1,0,0,0,0,0,165.78053,10.816383,0.3189,0.0513,3.0,331.0,2.366583052395002,2.897577100403687,0.4025,0.055799999999999995,145.0,-0.2676,2.4540841007776297,72.94552208742884,3.946884300406481,2.7799991953017553,1.1668851051047255,146.02390699999992
2019-02-01,1,0,1,0,0,0,0,0,164.80588,-0.5879164,0.1341,0.0203,2.125,296.0,1.2155918446586098,1.680166882528182,-0.18480000000000002,-0.031,-35.0,-0.1138,-1.2174102178755053,71.42638470799804,4.92613828996528,3.20922701423446,1.71691127573082,147.40433549999992
2019-02-04,0,0,0,0,0,0,0,0,168.32655,2.1362543,-0.0256,-0.0029,1.583,86.0,0.5198136024518978,0.6953521098201411,-0.1597,-0.0232,-210.0,0.0227,-0.9848147727080409,73.56776415310193,5.9180729166570245,3.750996194718973,2.1670767219380513,148.95582299999992
2019-02-05,0,0,1,0,0,0,0,0,170.22612,1.1285067,-0.0271,0.0036,1.75,212.0,0.707882243133526,0.6835435248919876,-0.0014999999999999979,0.0065,126.0,0.030699999999999998,-0.01180858492815351,74.67073903124837,6.779319898633105,4.356660935501799,2.4226589631313056,150.3795114999999
2019-02-06,0,0,0,0,0,0,0,0,169.5598,-0.39144754,-0.011,0.0053,1.375,215.0,0.250242977073582,0.7755937729658515,0.0161,0.0017000000000000001,3.0,0.0163,0.09205024807386397,73.51195651990375,7.3236751135872,4.950063771118879,2.3736113424683207,151.68534799999992
2019-02-07,0,1,1,0,0,0,0,0,165.47221,-2.410698,-0.0753,-0.0036,1.958,226.0,1.0142143064848588,0.36503261235509366,-0.06430000000000001,-0.0089,11.0,0.0717,-0.41056116061075787,66.67613004585823,7.340628001501813,5.428176617195466,1.9124513843063466,152.7882974999999
2019-02-08,0,0,1,0,0,0,0,0,166.417,0.57097673,-0.0603,-0.0016,1.125,226.0,-0.03754657248145497,0.4308399839877404,0.015000000000000006,0.002,0.0,0.0587,0.06580737163264677,67.43001190204619,7.3456241615317595,5.8116661260627245,1.533958035469035,153.9583769999999
2019-02-11,0,0,0,0,0,0,0,0,164.88542,-0.9203434,-0.0109,-0.0041,0.792,81.0,-0.4463674225664524,0.7159572353841597,0.0494,-0.0025000000000000005,-145.0,0.0068,0.28511725139641925,64.86807770652678,7.143650393332621,6.078062979516703,1.0655874138159174,154.97281099999992
2019-02-12,0,0,0,0,0,0,0,0,164.13951,-0.45238137,-0.0149,-0.0034,0.875,114.0,-0.32310381164957286,0.6647332207688522,-0.004,0.0007000000000000005,33.0,0.0115,-0.051224014615307456,63.60069429861889,6.844496923736926,6.231349768360748,0.6131471553761783,155.7729209999999
2019-02-13,0,0,0,0,0,0,0,0,163.17484,-0.58772564,-0.0159,-0.0029,0.917,161.0,-0.2466646080826082,0.633097610802156,-0.0010000000000000009,0.0005,47.0,0.013000000000000001,-0.03163560996669623,61.91586479607497,6.455163727629326,6.276112560214464,0.1790511674148627,156.5949134999999
2019-02-14,0,0,0,0,0,0,0,0,163.05548,-0.07314682,-0.0183,-0.014,1.083,129.0,-0.043609414674462305,0.5917047850202812,-0.0023999999999999994,-0.0111,-32.0,0.0043,-0.041392825781874754,61.69807854361764,6.067045881931023,6.234299224557775,-0.1672533426267524,157.3731444999999
2019-02-15,0,1,1,0,0,0,0,0,161.61339,-0.8844137,-0.308,-0.0259,1.458,140.0,0.4307248069223016,-1.3444268474152863,-0.2897,-0.011899999999999999,11.0,0.2821,-1.9361316324355675,58.997954525458994,5.578786306162499,6.1031966408787195,-0.5244103347162206,157.99274599999993
2019-02-18,0,0,1,0,0,0,0,0,161.61339,0.0,-0.7488,-0.0304,2.042,96.0,1.168112217613881,-4.13315503900914,-0.4408,-0.0045000000000000005,-44.0,0.7184,-2.788728191593854,58.99795452545899,5.132670840176758,5.9090914807383275,-0.7764206405615699,158.6123474999999
2019-02-19,0,1,1,0,0,0,0,0,161.40453,-0.12923479,-0.4896,-0.0066,0.542,135.0,-0.7933640083954847,-2.4048090168039313,0.25920000000000004,0.0238,39.0,0.483,1.728346022205209,58.5674274231747,4.707997003975066,5.668872585385675,-0.9608755814106091,159.34433099999993
2019-02-20,0,0,1,0,0,0,0,0,161.67303,0.16636848,-0.1729,-0.0087,1.042,89.0,-0.14141780220192,-0.4084243427531925,0.3167,-0.0020999999999999994,-46.0,0.1642,1.9963846740507387,58.9818215685441,4.343041753344409,5.403706418977422,-1.0606646656330136,160.25234849999993
2019-02-21,0,1,0,0,1,0,0,0,159.1668,-1.5501976,-0.0241,-0.0047,0.208,171.0,-1.2155200083927464,0.5266914066288938,0.1488,0.003999999999999999,82.0,0.0194,0.9351157493820863,53.593594212775365,3.807687619621305,5.084502659106199,-1.2768150394848936,160.95897099999993
2019-02-22,0,0,1,0,0,0,0,0,161.00671,1.1559606,-0.1253,-0.0047,0.625,140.0,-0.6718411029977285,-0.120322294702822,-0.1012,0.0,-31.0,0.1206,-0.6470137013317158,56.71952990727595,3.4916316160533825,4.765928450495635,-1.2742968344422527,161.59945699999994
2019-02-25,0,0,0,0,1,0,0,0,163.7218,1.6863227,-0.0191,-0.0056,0.292,51.0,-1.106001955507419,0.5517022846625027,0.10619999999999999,-0.0008999999999999998,-89.0,0.013499999999999998,0.6720245793653247,60.9045770628467,3.420807093416954,4.496904179079899,-1.076097085662945,162.45227749999992
2019-02-26,0,1,1,0,0,0,0,0,163.23448,-0.2976477,-0.0546,-0.0022,0.958,101.0,-0.2608506686131945,0.33223401902817373,-0.035500000000000004,0.0034,50.0,0.0524,-0.21946826563432897,59.78712034331427,3.2874597085204016,4.255015284968,-0.967555576447598,163.44383799999994
2019-02-27,0,0,1,0,0,0,0,0,161.92169,-0.8042455,-0.045,-0.0025,0.375,168.0,-0.9994703668957653,0.39184358987019174,0.009600000000000004,-0.0002999999999999999,67.0,0.042499999999999996,0.05960957084201801,56.765559061618475,3.0407973447579195,4.012171696925984,-0.9713743521680644,164.05995799999994
2019-02-28,0,0,1,0,0,0,0,0,160.5691,-0.8353293,-0.0714,-0.0044,1.208,90.0,0.1099964485728284,0.20622114770419211,-0.026400000000000007,-0.0019000000000000002,-78.0,0.067,-0.18562244216599963,53.751380416808246,2.7049914774823662,3.7507356530372604,-1.0457441755548942,163.79938649999994
2019-03-01,0,1,1,0,0,0,0,0,161.39459,0.51409006,-0.1098,-0.0067,0.167,112.0,-1.245839547758461,-0.04042124214186031,-0.03839999999999999,-0.0023,22.0,0.1031,-0.2466423898460524,55.310987347367366,2.47692065295044,3.4959726530198965,-1.0190520000694563,163.62882199999996
2019-03-04,0,0,1,0,0,0,0,0,166.45679,3.1365514,-0.1159,-0.0053,0.958,55.0,-0.2110724130171699,-0.06971272157580717,-0.006100000000000008,0.0014000000000000002,-57.0,0.1106,-0.02929147943394686,63.45067759097132,2.6738278912465034,3.3315437006652178,-0.6577158094187143,163.53533399999998
2019-03-05,0,1,1,0,1,0,0,0,170.32556,2.3241878,-0.0445,-0.0061,0.792,121.0,-0.4359336770432342,0.39083076615667867,0.0714,-0.0008000000000000004,66.0,0.0384,0.4605434877324858,68.21544351023803,3.1062487999827795,3.28648472052873,-0.18023592054595072,163.54030599999996
2019-03-06,0,1,1,0,0,0,0,0,171.56876,0.7298827,-0.0824,-0.0055,2.125,177.0,1.2746303511217951,0.154332304460816,-0.0379,0.0006000000000000007,56.0,0.0769,-0.23649846169586267,69.58748531696949,3.5088139130954517,3.3309505590420745,0.17786335405337717,163.64075399999996
2019-03-07,0,1,0,0,0,0,0,0,168.20721,-1.9593,-0.0281,-0.0021,2.5,432.0,1.691781347478381,0.4874702483289081,0.0543,0.0034,255.0,0.026,0.33313794386809215,61.81709175989456,3.5160696123934656,3.3679743697123525,0.14809524268111307,163.77750399999996
2019-03-08,0,0,0,0,0,0,0,0,168.67464,0.27788877,-0.0309,-0.0023,1.792,335.0,0.7665920131115401,0.46862062392912357,-0.0028000000000000004,-0.0002000000000000001,-97.0,0.0286,-0.018849624399784548,62.4450642041247,3.518972970961471,3.3981740899621764,0.12079888099929459,163.89038599999998
2019-03-11,0,0,1,0,0,0,0,0,171.13116,1.456368,-0.0634,-0.0057,1.0,75.0,-0.24595635009440778,0.2629252832284776,-0.0325,-0.0034000000000000002,-260.0,0.0577,-0.205695340700646,65.64303693846837,3.6771071354126548,3.453960699052272,0.22314643636038278,164.20267299999998
2019-03-12,0,0,1,0,0,0,0,0,170.98196,-0.08717775,-0.0831,-0.0078,1.0,154.0,-0.23712465633063237,0.1416308048202395,-0.019699999999999995,-0.0020999999999999994,79.0,0.07529999999999999,-0.1212944784082381,65.27944238331793,3.7471950746788423,3.512607574177586,0.23458750050125632,164.5447955
2019-03-13,0,0,1,0,0,0,0,0,172.42406,0.84341764,-0.0887,-0.0124,1.875,161.0,0.9235892130931436,0.10454132815129716,-0.005600000000000008,-0.0046,7.0,0.0763,-0.03708947666894233,67.17214527525654,3.874443516272777,3.584974762596624,0.2894687536761529,165.00725649999998
2019-03-14,0,1,1,0,0,0,0,0,169.24155,-1.8457592,-0.0523,-0.134,3.042,664.0,2.333608440147932,0.30956971815143214,0.0364,-0.12160000000000001,503.0,-0.08170000000000001,0.20502839000013498,59.467784731257,3.6761109446865987,3.603201999014619,0.07290894567197981,165.31655999999998
2019-03-15,0,0,1,1,0,0,0,0,165.07439,-2.462244,-0.2003,-0.0301,2.083,483.0,1.090317617116685,-0.7680573680990994,-0.14800000000000002,0.1039,-181.0,0.17020000000000002,-1.0776270862505315,51.1887946009552,3.1464061556126808,3.5118428303342313,-0.3654366747215505,165.48961
2019-03-18,0,0,0,1,1,0,0,0,159.59445,-3.3196747,-0.0422,-0.0126,1.75,166.0,0.6486966525383855,0.3683439402331458,0.15810000000000002,0.017499999999999998,-317.0,0.0296,1.1364013083322453,42.758570935757675,2.258392589750059,3.2611527822173967,-1.0027601924673375,165.388663
2019-03-19,0,1,1,1,0,0,0,0,160.68845,0.6854892,-0.1254,-0.0246,2.167,206.0,1.1424430796802258,-0.2582052430877509,-0.08320000000000001,-0.012,40.0,0.10080000000000001,-0.6265491833208967,44.71601663768989,1.6241894530799073,2.933760116389899,-1.3095706633099917,165.35285900000002
2019-03-20,0,1,1,0,0,0,0,0,164.53734,2.3952484,-0.1887,-0.0044,1.083,346.0,-0.26908751130783476,-0.7032264643449444,-0.0633,0.0202,140.0,0.18430000000000002,-0.4450212212571935,51.05720797564809,1.4158313322918445,2.630174359570288,-1.2143430272784435,165.49607450000002
2019-03-21,0,0,1,0,1,0,0,1,165.17386,0.38684607,-0.0875,-0.0033,2.125,147.0,1.055243235808791,0.032207587427123645,0.10120000000000001,0.0011000000000000003,-199.0,0.0842,0.735434051772068,52.037011514408384,1.287229484582781,2.3615853845727868,-1.0743558999900058,165.7964275
2019-03-22,0,1,1,0,0,0,0,0,163.44334,-1.0476887,-0.0487,-0.0106,1.208,379.0,-0.1323397449846831,0.3186883551911877,0.038799999999999994,-0.0073,232.0,0.0381,0.28648076776406406,49.155805377796845,1.033756589829693,2.096019625624168,-1.0622630357944751,165.91825899999998
2019-03-25,0,0,0,0,0,0,0,0,165.38269,1.1865616,-0.0075,-0.0033,0.667,62.0,-0.8530762723181521,0.5972416718090863,0.0412,0.0073,-317.0,0.0042,0.27855331661789856,52.3405544835948,0.9780919960507504,1.8724340997094846,-0.8943421036587342,166.0013035
2019-03-26,0,0,0,0,0,0,0,0,166.76512,0.8358836,-0.0121,-0.0096,0.917,146.0,-0.5589248289861052,0.5570205118295759,-0.0046,-0.006299999999999999,84.0,0.0025000000000000005,-0.04022115997951037,54.527098175410856,1.0336131035338951,1.7046699004743666,-0.6710567969404715,166.1778355
2019-03-27,0,0,1,0,0,0,0,0,164.965,-1.0794342,-0.1244,-0.0052,1.083,105.0,-0.35426058197022703,-0.2654056773625434,-0.1123,0.004399999999999999,-41.0,0.1192,-0.8224261891921193,51.23110796153119,0.9217341637724417,1.5480827531339816,-0.6263485893615399,166.33000099999998
2019-03-28,0,1,0,0,1,0,0,0,164.64676,-0.1929164,-0.0333,-0.0076,1.583,203.0,0.30196569536650447,0.3887531392383693,0.09109999999999999,-0.0024000000000000002,98.0,0.025700000000000004,0.6541588166009127,50.64823244506641,0.7981889640873021,1.3981039953246457,-0.5999150312373436,166.533884
2019-03-29,0,0,1,0,0,0,0,0,165.78053,0.68861246,-0.4899,-0.0279,1.208,170.0,-0.23680356863672952,-2.7992332671220757,-0.4566,-0.020300000000000002,-33.0,0.462,-3.187986406360445,52.71239667096851,0.7827413123215763,1.275031458724032,-0.4922901464024556,166.75318099999998
2019-04-01,0,1,1,0,1,0,0,1,167.77954,1.2058258,-0.0771,-0.0018,2.208,175.0,1.1255028767822304,0.0872007239446517,0.4128,0.0261,5.0,0.0753,2.886433991066727,56.19155402842151,0.9211835075213912,1.2042618684835038,-0.2830783609621126,166.81931849999998
2019-04-02,0,1,0,0,0,0,0,0,173.24954,3.260231,-0.0172,-0.0024,1.5,428.0,0.11410768496968905,0.4995645582635941,0.0599,-0.0005999999999999998,253.0,0.0148,0.4123638343189424,63.9973660189898,1.4555050734754218,1.2545105094818874,0.20099456399353444,166.96551749999998
2019-04-03,0,0,1,0,0,0,0,0,172.59314,-0.37887692,-0.0365,0.0051,1.542,236.0,0.17359286621164532,0.3611945296423531,-0.019299999999999998,0.0075,-192.0,0.0416,-0.13837002862124098,62.556905284336686,1.8051837354226166,1.3646451546700331,0.44053858075258345,167.01673649999998
2019-04-04,0,1,1,0,0,0,0,0,175.0596,1.429069,-0.0572,0.017,1.542,321.0,0.15862888115769444,0.20634333558593834,-0.020700000000000003,0.0119,85.0,0.0742,-0.15485119405641476,65.68258239125147,2.2553312485103163,1.5427823734380897,0.7125488750722266,167.359356
2019-04-05,0,0,1,0,0,0,0,0,174.76126,-0.17043948,-0.0299,0.0105,0.208,230.0,-1.7147829936183507,0.3862161927647579,0.0273,-0.006500000000000001,-91.0,0.0404,0.17987285717881954,64.97602473785841,2.5585099411173644,1.7459278869739445,0.8125820541434199,167.66368699999998
2019-04-08,0,0,1,0,0,0,0,0,173.97554,-0.4495859,-0.0636,-0.0042,1.042,155.0,-0.5547542189891977,0.13867331067570107,-0.03370000000000001,-0.014700000000000001,-75.0,0.0594,-0.2475428820890568,63.05231549494174,2.7042077778765474,1.937583865154465,0.7666239127220824,167.805906
2019-04-09,0,1,1,0,0,0,0,0,176.6111,1.5148997,-0.1035,0.0035,1.25,189.0,-0.2648316920510305,-0.1355152286829902,-0.03989999999999999,0.0077,34.0,0.107,-0.27418853935869125,66.62204866183987,2.9977854245923936,2.1496241770420506,0.8481612475503431,168.08736299999998
2019-04-10,0,1,1,0,1,0,0,0,176.8498,0.13514757,-0.0363,0.0037,1.083,242.0,-0.49889878555445366,0.3383851831140306,0.0672,0.0002000000000000001,53.0,0.04,0.4739004117970208,66.93364976319951,3.212675199944215,2.3622343816224833,0.8504408183217316,168.30865
2019-04-11,0,0,1,0,0,0,0,0,176.54147,-0.17434359,-0.0548,-0.0031,0.125,181.0,-1.7751260643207392,0.21398211825429353,-0.018500000000000003,-0.0068000000000000005,-61.0,0.0517,-0.12440306485973707,66.07556880508294,3.3198283265025452,2.5537531705984957,0.7660751559040495,168.673646
2019-04-12,0,0,0,0,0,0,0,0,178.1228,0.8957267,-0.032,-0.0027,0.875,113.0,-0.7213904130057238,0.36974013799137095,0.0228,0.00039999999999999975,-68.0,0.0293,0.15575801973707742,68.31881329266727,3.4920933877490654,2.74142121402861,0.7506721737204556,169.32606649999997
2019-04-15,0,1,1,0,0,0,0,0,178.66978,0.30708313,-0.14,-0.0315,0.292,267.0,-1.472085947368528,-0.3753708401485036,-0.10800000000000001,-0.0288,154.0,0.10850000000000001,-0.7451109781398746,69.0804208223938,3.630896687725709,2.9193163087680296,0.7115803789576796,170.279833
2019-04-16,0,0,0,0,1,0,0,0,177.89407,-0.4341781,-0.0309,-0.0041,0.792,111.0,-0.770058457519483,0.3908085740932446,0.10910000000000002,0.0274,-156.0,0.0268,0.7661794142417482,66.63396123228087,3.636387971892873,3.0627306413929984,0.5736573304998744,171.14011399999998
2019-04-17,0,0,1,0,0,0,0,0,177.80455,-0.05031228,-0.0454,-0.003,0.417,199.0,-1.2489805664009683,0.2739598378956633,-0.014500000000000002,0.0011000000000000003,88.0,0.0424,-0.1168487361975813,66.3419653199521,3.59210874470881,3.168606262056161,0.423502482652649,171.80347449999996
2019-04-18,0,0,0,0,0,0,0,0,177.30727,-0.27967095,-0.0284,-0.0033,1.375,239.0,0.04309154915664472,0.3738508033596994,0.017,-0.0002999999999999999,40.0,0.0251,0.09989096546403609,64.64724983833459,3.476812270479627,3.230247463740854,0.2465648067387729,172.41014499999997
2019-04-19,0,0,1,0,0,0,0,0,177.30727,0.0,-0.1094,-0.0052,0.625,210.0,-0.9452004471391702,-0.19393886455017942,-0.08099999999999999,-0.0018999999999999998,-29.0,0.1042,-0.5677896679098788,64.64724983833457,3.3468584827447216,3.2535696675416275,0.09328881520309418,173.10334149999997
2019-04-22,0,0,0,0,1,0,0,0,180.45004,1.7724991,-0.0103,-0.0049,0.583,123.0,-0.9760966310002195,0.5046600136175664,0.0991,0.0002999999999999999,-87.0,0.0054,0.6985988781677458,70.22264393354408,3.457607298818573,3.2943771937970165,0.16323010502155633,173.85670899999997
2019-04-23,0,0,0,0,0,0,0,0,182.77725,1.2896776,-0.0213,0.0055,1.5,156.0,0.32695176799977854,0.42790251258054224,-0.011,0.0104,33.0,0.026799999999999997,-0.07675750103702417,73.54922714688843,3.6906197638471667,3.3736257078070464,0.3169940560401203,174.65731549999998
2019-04-24,0,1,1,0,0,0,0,0,181.58382,-0.652951,-0.0444,0.0046,1.542,205.0,0.43110239248278065,0.259453709151719,-0.023100000000000002,-0.0008999999999999998,49.0,0.049,-0.16844880342882323,69.27521085184611,3.735918649395529,3.446084296124743,0.2898343532707863,175.48825649999998
2019-04-25,0,0,1,0,0,0,0,0,192.20557,5.8494806,-0.7439,-0.0849,2.667,166.0,2.1382881477991784,-4.133511407133933,-0.6995,-0.0895,-39.0,0.659,-4.3929651162856524,80.26645700723992,4.576153746057116,3.6720981861112176,0.9040555599458986,176.86619699999997
2019-04-26,0,1,1,0,0,0,0,0,190.44522,-0.9158611,-0.6545,-0.0713,0.792,205.0,-0.6529266460455743,-3.2140920261329384,0.08940000000000003,0.013600000000000001,39.0,0.5831999999999999,0.9194193810009947,75.44919501849337,5.041880915851152,3.9460547320592045,1.0958261837919476,178.09943149999998
2019-04-29,0,0,0,0,1,1,0,0,193.71725,1.7181039,-0.0335,-0.0066,0.458,65.0,-1.1226738771886895,0.465340067082616,0.621,0.06470000000000001,-140.0,0.0269,3.6794320932155546,78.0822778725844,5.610326180893765,4.2789090218261165,1.331417159067648,179.39631699999998
2019-04-30,0,0,0,0,0,0,0,0,192.34479,-0.7084966,-0.0226,0.007,1.458,138.0,0.3938028359859714,0.5293628903295948,0.010900000000000003,0.013600000000000001,73.0,0.029599999999999998,0.06402282324697883,74.47423300022821,5.882269950589347,4.599581207578763,1.282688743010584,180.3510795
2019-05-01,0,0,0,0,0,0,0,0,191.9768,-0.19131303,-0.0078,-0.0012,1.708,655.0,0.7606111524808848,0.6166073791200894,0.014799999999999999,-0.0082,517.0,0.0066,0.08724448879049462,73.49363681568086,5.998941565586279,4.879453279180266,1.1194882864060123,181.32026249999998
2019-05-02,0,0,1,0,0,0,0,0,191.47954,-0.25902987,-0.0366,-0.004,2.208,267.0,1.495546290268429,0.44163311619990264,-0.0288,-0.0028000000000000004,-388.0,0.032600000000000004,-0.1749742629201868,72.11190636501597,5.9823194797224915,5.100026519288711,0.8822929604337801,182.1412595
2019-05-03,0,1,1,0,0,0,0,0,194.40347,1.5270352,-0.1067,-0.0012,1.125,313.0,-0.12356365361192163,0.03154501510207519,-0.0701,0.0028000000000000004,46.0,0.1055,-0.41008810109782745,75.07885306582757,6.1343698742198285,5.306895190274934,0.8274746839448941,183.12336999999997
2019-05-06,0,0,0,0,0,0,0,0,192.82217,-0.8134246,-0.0101,-0.0016,0.667,95.0,-0.8033566062470134,0.6033322077739208,0.0966,-0.0004000000000000002,-218.0,0.008499999999999999,0.5717871926718456,70.69827221850453,6.05744673743888,5.457005499707724,0.6004412377311565,184.0657015
2019-05-07,0,1,1,0,0,0,0,0,188.73457,-2.119869,-0.098,-0.0026,0.5,131.0,-1.0356258414893875,0.09142153152114708,-0.0879,-0.0009999999999999998,36.0,0.0954,-0.5119106762527738,60.819641925419866,5.602072237255072,5.486018847217194,0.1160533900378784,184.67187499999997
2019-05-08,0,0,1,1,0,0,0,0,188.50583,-0.121206045,-0.0871,-0.0031,0.25,151.0,-1.3688344036700522,0.16360899630657566,0.010900000000000007,-0.0005,20.0,0.08399999999999999,0.07218746478542858,60.311776714804274,5.163208999364599,5.4214568776466745,-0.2582478782820754,185.2546765
2019-05-09,0,1,0,0,0,0,0,0,187.62068,-0.46955943,-0.0287,-0.0013,2.125,180.0,1.3213819514983023,0.5125472121672666,0.058399999999999994,0.0018,29.0,0.0274,0.34893821586069096,58.28357914007418,4.689920035212623,5.275149509159864,-0.5852294739472415,185.80863699999998
2019-05-10,0,1,1,0,0,0,0,0,187.3124,-0.16432405,-0.0876,-0.0016,2.292,456.0,1.5124364363659477,0.14147963446289877,-0.058899999999999994,-0.00030000000000000014,276.0,0.086,-0.3710675777043678,57.5576002786322,4.241071074293416,5.068333822186575,-0.8272627478931591,186.26811699999996
2019-05-13,0,0,1,1,0,0,0,0,180.5495,-3.6104918,-0.2579,-0.004,1.417,98.0,0.2964768618127538,-1.0705142818559883,-0.1703,-0.0024000000000000002,-358.0,0.2539,-1.211993916318887,44.470997237962074,3.3015868903904106,4.714984435827342,-1.413397545436931,186.36210299999996
2019-05-14,0,1,1,1,1,0,0,1,179.7439,-0.4461825,-0.0602,-0.0069,2.25,290.0,1.4290590269982135,0.2620143735317396,0.19770000000000001,-0.0029,192.0,0.0533,1.332528655387728,43.21066124901727,2.4636344740517018,4.264714443472213,-1.8010799694205115,186.45459449999996
2019-05-15,0,1,0,0,0,0,0,0,185.2537,3.0653477,-0.0142,-0.0082,1.917,316.0,0.9320258282156189,0.5814945481526087,0.046,-0.0013000000000000008,26.0,0.006,0.3194801746208691,53.01782913386342,2.21857164673159,3.8554858841240884,-1.6369142373924985,186.82705199999998
2019-05-16,0,0,0,0,0,0,0,0,185.96976,0.38653612,-0.0077,0.0061,0.833,214.0,-0.6115281768947812,0.6266545884121433,0.006500000000000001,0.0143,-102.0,0.0138,0.04516004025953457,54.12658550415499,2.058409583768764,3.4960706240530235,-1.4376610402842593,187.2601765
2019-05-17,0,0,1,0,0,0,0,0,184.289,-0.9037912,-0.0476,-0.0069,0.833,185.0,-0.6188355164182873,0.3232798488527671,-0.039900000000000005,-0.013000000000000001,-29.0,0.0407,-0.30337473955937616,51.07946015703515,1.775391106133867,3.151934720469192,-1.3765436143353251,187.609263
2019-05-20,0,0,0,0,0,0,0,0,181.72307,-1.3923407,-0.0142,-0.0013,0.083,45.0,-1.6728012348557284,0.568249578647671,0.0334,0.0056,-140.0,0.012900000000000002,0.2449697297949039,46.7522682269981,1.3287310327032742,2.7872939829160086,-1.4585629502127344,187.6729145
2019-05-21,0,0,0,0,0,0,0,0,183.8116,1.1493087,-0.003,-0.0026,0.208,135.0,-1.4529947224248703,0.6424183952769061,0.011200000000000002,-0.0013,90.0,0.0004000000000000002,0.07416881662923513,50.43299148712408,1.1302478295003482,2.4558847522328766,-1.3256369227325284,187.72463199999999
2019-05-22,0,0,0,0,0,0,0,0,184.30885,0.27053356,-0.0097,-0.0024,0.708,143.0,-0.7695500965835318,0.5877754798898431,-0.0067,0.0002000000000000001,8.0,0.007300000000000001,-0.05464291538706301,51.29619598274038,1.0015273958855175,2.1650132809634046,-1.163485885077887,187.8608835
2019-05-23,0,0,0,0,0,0,0,0,179.88315,-2.4012566,-0.0145,-0.0024,1.208,119.0,-0.06682879571280599,0.544393200576571,-0.0048000000000000004,0.0,-24.0,0.012100000000000001,-0.0433822793132721,43.958557941331954,0.5362173422455783,1.8392540932198393,-1.303036750974261,187.2447625
2019-05-24,0,1,1,0,0,0,0,0,180.07211,0.105047226,-0.458,-0.004,1.667,155.0,0.5529692179656048,-2.504599630700486,-0.4435,-0.0016000000000000003,36.0,0.454,-3.048992831277057,44.3247474624682,0.18062117666164568,1.5075275099082006,-1.326906333246555,186.726107
2019-05-27,0,0,1,0,1,0,0,0,180.07211,0.0,-0.057,-0.0042,0.0,56.0,-1.7635568860941706,0.2542566050279791,0.401,-0.00019999999999999966,-99.0,0.0528,2.758856235728465,44.324747462468196,-0.100038168757834,1.1860143741749938,-1.2860525429328278,186.04385
2019-05-28,0,1,1,0,0,0,0,0,183.30438,1.794982,-0.1121,-0.0431,0.708,78.0,-0.7731457222823144,-0.11796473423785793,-0.0551,-0.0389,22.0,0.069,-0.372221339265837,50.713703680051914,-0.06094303290404923,0.9366228927591852,-0.9975659256632344,185.5918295
2019-05-29,0,1,1,0,1,0,0,0,181.19595,-1.1502326,-0.066,-0.004,0.958,154.0,-0.40238167089755356,0.19820980382077752,0.0461,0.039099999999999996,76.0,0.062,0.31617453805863543,46.93050473097784,-0.19781227936726964,0.7097358583338942,-0.9075481377011638,185.052787
2019-05-30,0,1,1,0,0,0,0,0,182.01146,0.45007467,-0.1452,-0.0031,0.958,167.0,-0.3760266713094412,-0.33498637508391166,-0.07919999999999999,0.0009000000000000002,13.0,0.1421,-0.5331961789046892,48.52985658176841,-0.23773681970894245,0.5202413227253269,-0.7579781424342693,184.579383
2019-05-31,0,0,1,1,0,0,0,0,176.50171,-3.027153,-0.4201,-0.0052,0.625,139.0,-0.8294488197520372,-2.106651582926,-0.2749,-0.0021,-28.0,0.4149,-1.7716652078420885,39.802269642605495,-0.7058316952505947,0.27502671913014254,-0.9808584143807373,183.684295
2019-06-03,0,0,1,1,1,0,0,0,163.25438,-7.5055003,-0.0989,-0.0113,1.667,63.0,0.6592804419757069,0.03233496137206457,0.3212,-0.0060999999999999995,-76.0,0.0876,2.138986544298065,27.156602303679065,-2.1212960940908943,-0.20423784351406482,-1.9170582505768294,182.2059055
2019-06-04,0,1,1,1,0,0,0,0,166.58609,2.0408154,-0.4536,-0.028,1.5,178.0,0.4062473400170625,-2.189585121208577,-0.3547,-0.0167,115.0,0.4256,-2.2219200825806418,32.92821647456174,-2.9403264225943815,-0.7514555593301282,-2.1888708632642535,181.0984815
2019-06-05,0,0,1,1,0,0,0,0,167.25244,0.39999485,-0.1778,-0.0098,0.25,124.0,-1.3448133553358603,-0.42233287727447894,0.2758,0.0182,-54.0,0.168,1.767252243934098,34.053644660600426,-3.495352732133057,-1.3002349938907138,-2.195117738242343,180.035812
2019-06-06,0,0,1,0,0,0,0,0,167.41156,0.095140934,-0.1156,-0.0053,0.208,113.0,-1.4017593897789389,-0.019896452698247788,0.06220000000000002,0.0045,-11.0,0.1103,0.40243642457623113,34.33698330741856,-3.877675991946745,-1.81572319350192,-2.061952798444825,179.025356
2019-06-07,0,1,0,0,1,0,0,0,172.40419,2.982235,-0.0193,-0.0015,1.042,126.0,-0.12858138708008013,0.5742593334366163,0.0963,0.0038,13.0,0.0178,0.5941557861348641,42.66135959156959,-3.7347544890435813,-2.1995294526102525,-1.5352250364333289,178.2799455
2019-06-10,0,0,0,0,0,0,0,0,173.86618,0.8479953,-0.0316,-0.002,0.333,40.0,-1.1684066914612112,0.49453010224199007,-0.012300000000000002,-0.0005,-86.0,0.0296,-0.07972923119462622,44.86557202855489,-3.463591664956539,-2.4523418950795097,-1.011249769877029,177.94577950000001
2019-06-11,0,0,0,0,0,0,0,0,177.12827,1.8762112,-0.03,-0.002,0.958,117.0,-0.19347109599879211,0.49359893150764556,0.0016000000000000042,0.0,77.0,0.027999999999999997,-0.0009311707343445108,49.5278099012995,-2.95144732511676,-2.5521629810869597,-0.3992843440298004,177.814998
2019-06-12,0,1,1,0,0,0,0,0,174.08496,-1.7181456,-0.0755,-0.0021,2.333,246.0,1.8519054430858415,0.19292250462026472,-0.0455,-9.999999999999983e-05,129.0,0.07339999999999999,-0.30067642688738083,45.649499930185605,-2.7593310779475075,-2.5935966004590694,-0.16573447748843817,177.256561
2019-06-13,0,0,1,0,0,0,0,0,176.50171,1.3882637,-0.338,-0.0081,1.625,232.0,0.8102812952771666,-1.425994398996566,-0.2625,-0.006,-14.0,0.3299,-1.6189169036168307,49.06076913388109,-2.3845781084793316,-2.551792902063122,0.1672147935837902,176.7831585
2019-06-14,0,1,1,0,1,0,0,0,180.34064,2.1750212,-0.0545,-0.0132,1.292,282.0,0.2987898460291546,0.34765714425130545,0.28350000000000003,-0.0051,50.0,0.0413,1.7736515432478714,53.99973404879257,-1.757554122617023,-2.392945146173902,0.6353910235568789,176.58574049999999
2019-06-17,0,0,1,0,0,0,0,0,187.97871,4.235363,-0.1307,0.0012,0.75,43.0,-0.5323632890256237,-0.11655051945092888,-0.07620000000000002,0.0144,-239.0,0.13190000000000002,-0.4642076637022343,61.912437083382386,-0.6369621778802639,-2.041748552515174,1.4047863746349103,176.89852249999998
2019-06-18,0,1,0,0,1,0,0,1,187.4417,-0.28569698,-0.0139,0.0041,3.208,283.0,2.928829129300941,0.616846604569936,0.11680000000000001,0.0029000000000000007,240.0,0.018,0.7333971240208649,61.116449916707005,0.20541489765855658,-1.5923158624804281,1.7977307601389847,177.08002749999997
2019-06-19,0,0,0,0,0,0,0,0,186.45708,-0.5252838,-0.0201,0.0013,2.458,508.0,1.7851954269582724,0.5654770247603624,-0.006200000000000001,-0.0028000000000000004,225.0,0.0214,-0.05136957980957357,59.60334255144718,0.7845108411985677,-1.116950521744629,1.9014613629431967,177.18743899999998
2019-06-20,0,0,0,0,0,0,0,0,188.4959,1.0934472,-0.0109,-0.0016,1.375,329.0,0.30227690008597685,0.6199246078142608,0.0092,-0.0029,-179.0,0.0093,0.05444758305389841,61.716898073696655,1.3919191064655365,-0.6151765961025958,2.007095702568132,177.61807649999997
2019-06-21,0,0,0,0,0,0,0,0,190.0971,0.8494735,-0.0287,-0.0011,1.125,185.0,-0.04012426777737444,0.4837592898135547,-0.0178,0.0005,-144.0,0.0276,-0.13616531800070614,63.33916373810175,1.9796775011166972,-0.0962057766587372,2.0758832777754344,178.11932599999997
2019-06-24,0,0,0,0,0,0,0,0,191.54916,0.76384544,-0.0276,-0.001,0.833,115.0,-0.41775963413736505,0.4846961429135564,0.0011000000000000003,0.00010000000000000005,-70.0,0.0266,0.0009368531000016889,64.7960637489645,2.5334453886511596,0.4297244564032422,2.1037209322479176,178.6931785
2019-06-25,0,1,1,0,0,0,0,0,187.80966,-1.9522369,-0.1,-0.0024,1.917,165.0,1.082455148550966,0.019181409487624666,-0.0724,-0.0013999999999999998,50.0,0.0976,-0.46551473342593175,58.36352311504136,2.64013025337303,0.8718056157971998,1.7683246375758304,178.91844249999997
2019-06-26,0,1,1,0,0,0,0,0,186.63611,-0.6248653,-0.042,-0.0037,2.125,263.0,1.3404857469475093,0.40110503152368954,0.058,-0.0013000000000000004,98.0,0.0383,0.3819236220360649,56.46892889529449,2.6000117826750966,1.2174468491727792,1.3825649335023174,179.19045049999997
2019-06-27,0,0,1,0,0,0,0,0,188.46608,0.9804964,-0.0452,-0.0061,1.625,323.0,0.6518982833524388,0.3785799632639952,-0.0031999999999999945,-0.0024000000000000002,60.0,0.039099999999999996,-0.02252506825969436,58.719273827999764,2.6849306813285523,1.5109436156039338,1.1739870657246185,179.51318149999997
2019-06-28,0,0,0,0,0,0,0,0,191.94698,1.8469691,-0.0052,0.0017,0.375,186.0,-1.0696888680178307,0.6377519505469397,0.039999999999999994,0.0078000000000000005,-137.0,0.0069,0.2591719872829445,62.672164528046736,2.9985437138196858,1.8084636352470842,1.1900800785726016,180.28544499999998
2019-07-01,0,0,1,0,0,0,0,0,191.94698,0.0,-0.0464,-0.0009,1.167,87.0,0.017715740283261155,0.3653269503787024,-0.0412,-0.0026,-99.0,0.0455,-0.2724250001682373,62.672164528046736,3.210080491824783,2.088787006562624,1.121293485262159,181.720075
2019-07-02,0,1,1,0,0,0,0,0,193.93607,1.0362744,-0.0716,-0.0059,1.292,186.0,0.18883111631499572,0.1965273017229301,-0.0252,-0.005,99.0,0.0657,-0.1687996486557723,64.89963214678282,3.497906166993147,2.370610838648729,1.127295328344418,183.08757400000002
2019-07-03,0,0,1,0,0,0,0,0,196.12404,1.1282086,-0.1111,-0.0148,2.292,167.0,1.507456713977108,-0.0543184321847042,-0.03950000000000001,-0.008900000000000002,-19.0,0.0963,-0.2508457339076343,67.2170195359336,3.858087352187823,2.6681061413565477,1.1899812108312755,184.53115400000002
2019-07-04,0,1,0,0,1,0,0,0,196.12404,0.0,-0.0229,-0.0202,0.958,494.0,-0.3168244319550435,0.5204942620460953,0.0882,-0.0053999999999999986,327.0,0.002700000000000001,0.5748126942307995,67.2170195359336,4.09631378101912,2.9537476692890623,1.1425661117300576,185.96677800000003
2019-07-05,0,0,0,0,0,0,0,0,195.3284,-0.40568113,-0.0054,-0.0044,0.0,72.0,-1.5790189548456253,0.6312945867926228,0.0175,0.015799999999999998,-422.0,0.001,0.11080032474652757,65.39612986864627,4.172806922912372,3.197559520013724,0.9752474028986478,187.1129885
2019-07-08,0,0,0,0,0,0,0,0,194.69191,-0.32586455,-0.0116,-0.0025,0.708,51.0,-0.6418888172986924,0.5753691858071912,-0.006199999999999999,0.0019000000000000002,-21.0,0.009099999999999999,-0.05592540098543164,63.90472012349115,4.1344099608867,3.3849296081883193,0.7494803526983804,188.154275
2019-07-09,0,1,1,0,0,0,0,0,198.1231,1.7623663,-0.0507,-0.0016,1.542,226.0,0.4726508711651405,0.3224738151965081,-0.0391,0.0009,175.0,0.049100000000000005,-0.2528953706106831,68.12492907905805,4.3309242503436565,3.5741285366193867,0.7567957137242698,189.2040165
2019-07-10,0,0,1,0,0,0,0,0,201.62387,1.7669797,-0.0288,0.0021,1.042,170.0,-0.22207225914041254,0.4634440529691338,0.021900000000000003,0.0037,-56.0,0.0309,0.14097023777262574,71.75361892590864,4.714796878831692,3.8022622050618478,0.9125346737698439,190.58096199999997
2019-07-11,0,0,0,0,0,0,0,0,200.13205,-0.73990226,-0.0191,-0.0027,1.625,146.0,0.5694211767706334,0.5255104299811681,0.0097,-0.0048000000000000004,-24.0,0.016399999999999998,0.062066377012034324,68.19104748981492,4.842816324184611,4.0103730288864,0.8324432952982104,191.76247899999998
2019-07-12,0,1,1,0,0,0,0,0,203.75221,1.8088698,-0.0582,-0.0016,1.708,187.0,0.6593250644978929,0.2645738374112392,-0.0391,0.0011,41.0,0.056600000000000004,-0.26093659256992896,71.84431811636844,5.176715361721136,4.243641495453348,0.9330738662677884,192.9330575
2019-07-15,0,0,1,0,0,0,0,0,202.79745,-0.46858788,-0.4859,-0.0122,2.125,61.0,1.188308773360478,-2.3589891396112668,-0.42769999999999997,-0.0106,-126.0,0.4737,-2.623562977022506,69.57479026448836,5.30316007361759,4.455545211086196,0.847614862531394,193.6739945
2019-07-16,0,1,1,0,1,0,0,0,202.72781,-0.034332275,-0.09,-0.0092,1.875,246.0,0.8352447129449688,0.11116331634639993,0.39590000000000003,0.003000000000000001,185.0,0.0808,2.470152455957667,69.40257647908162,5.336236243067901,4.631683417482537,0.7045528255853641,194.4383
2019-07-17,0,1,1,0,0,0,0,0,200.69896,-1.0007799,-0.1967,-0.0026,1.708,259.0,0.6041784788857796,-0.5376884134536531,-0.10670000000000002,0.0066,13.0,0.19410000000000002,-0.6488517298000531,64.40123975447506,5.139493227758948,4.733245379537819,0.40624784822112847,195.150394
2019-07-18,0,1,0,0,1,0,0,0,199.68452,-0.50545335,-0.0213,-0.0033,1.375,267.0,0.18905158980242906,0.5593024916736627,0.1754,-0.0007000000000000001,8.0,0.018,1.096990905127316,61.9955899394138,4.845856127699108,4.755767529170077,0.0900885985290305,195.709825
2019-07-19,0,0,0,0,0,0,0,0,197.27773,-1.2053013,-0.0066,-0.0032,0.083,174.0,-1.5685596212429007,0.6902307095668255,0.0147,9.999999999999983e-05,-93.0,0.0034,0.13092821789316278,56.59418761383167,4.368580495142851,4.678330122364632,-0.30974962722178123,196.06885649999998
2019-07-22,0,0,1,0,0,0,0,0,201.21613,1.9963741,-0.0845,-0.002,0.958,37.0,-0.3842171349827819,0.03311123283090346,-0.07790000000000001,0.0012000000000000001,-137.0,0.0825,-0.6571194767359221,62.37153566944455,4.2590365608592435,4.594471410063554,-0.33543484920431066,196.552205
2019-07-23,0,1,1,0,0,0,0,0,201.2559,0.0197649,-0.2941,-0.0038,1.667,104.0,0.5893921186790412,-1.6813933631896,-0.20959999999999995,-0.0018,67.0,0.29029999999999995,-1.7145045960205036,62.42592195868962,4.127848047550344,4.501146737560912,-0.3732986900105679,197.224517
2019-07-24,0,1,1,0,0,0,0,0,203.54333,1.136589,-0.6618,-0.0462,2.833,164.0,2.0950251801318007,-3.9896725249916045,-0.3677000000000001,-0.0424,60.0,0.6156,-2.3082791618020044,65.51337612444166,4.160497069344785,4.4330168039176865,-0.27251973457290113,198.069878
2019-07-25,0,1,1,0,0,0,0,0,199.61488,-1.9300282,-0.879,-0.1172,2.542,329.0,1.6818007039617136,-4.433940164212779,-0.21719999999999995,-0.07100000000000001,165.0,0.7618,-0.4442676392211746,56.87051650164329,3.8252830884789546,4.31147006082994,-0.4861869723509855,198.627318
2019-07-26,0,0,1,0,0,0,0,0,198.66013,-0.47830343,-0.3534,-0.023,1.083,234.0,-0.23699632650349092,-1.3276513503208378,0.5256000000000001,0.0942,-95.0,0.33039999999999997,3.1062888138919416,54.972389724849066,3.442895689356419,4.1377551865352356,-0.6948594971788165,198.9629755
2019-07-29,0,0,1,1,1,1,0,0,194.87094,-1.9073844,-0.0531,-0.0038,0.083,76.0,-1.5169591575287638,0.3999340597217564,0.3003,0.0192,-158.0,0.049300000000000004,1.7275854100425942,48.10945484884003,2.8017975767748453,3.8705636645831576,-1.0687660878083123,199.10917349999997
2019-07-30,0,0,1,0,0,0,0,0,195.9649,0.5613923,-0.0496,-0.0048,0.667,131.0,-0.7661023768401496,0.41487272014505927,0.003500000000000003,-0.0009999999999999996,55.0,0.0448,0.014938660423302885,50.0483522275753,2.3548508780083637,3.5674211072681987,-1.212570229259835,199.21061499999996
2019-07-31,0,0,1,0,0,0,0,0,193.17026,-1.4261067,-0.0904,-0.0071,0.708,96.0,-0.7302413458691674,0.1809563046304824,-0.040799999999999996,-0.002300000000000001,-35.0,0.0833,-0.23391641551457687,45.3831513239763,1.7549088105644728,3.2049186479274536,-1.4500098373629808,199.06292599999995
2019-08-01,0,0,1,0,0,0,0,0,191.67844,-0.7722795,-0.0731,-0.0045,1.333,129.0,0.10941404632712538,0.28504013924828897,0.017299999999999996,0.0026000000000000007,33.0,0.0686,0.10408383461780657,43.074915185174504,1.1458641843840383,2.7931077552187706,-1.6472435708347324,198.84064599999994
2019-08-02,0,0,1,1,0,0,0,0,187.9887,-1.9249678,-0.4076,-0.0029,1.208,126.0,-0.033185378459492855,-1.574095497721109,-0.3345,0.0015999999999999999,-3.0,0.4047,-1.8591356369693979,37.93569052371687,0.3612959537938423,2.306745394933785,-1.9454494411399428,198.47366099999994
2019-08-05,0,0,1,1,1,0,0,0,180.73845,-3.8567364,-0.0491,-0.0032,0.833,81.0,-0.5256242687845549,0.42583244029777684,0.35850000000000004,-0.00030000000000000035,-45.0,0.045899999999999996,1.999927938018886,30.288627528702662,-0.8358791095322999,1.678220494040568,-2.514099603572868,197.77598799999993
2019-08-06,0,1,1,1,0,0,0,0,183.50328,1.5297413,-0.0852,-0.004,1.0,107.0,-0.2767970242129239,0.22449020083857563,-0.0361,-0.0007999999999999999,26.0,0.0812,-0.2013422394592012,35.618398921505765,-1.5437548530552476,1.033825424621405,-2.5775802776766525,197.04499699999994
2019-08-07,0,0,1,0,0,0,0,0,184.13979,0.34686327,-0.097,-0.008,1.0,142.0,-0.2578499202279561,0.1661302286047233,-0.011800000000000005,-0.004,35.0,0.089,-0.058359972233852336,36.81605782797578,-2.029989981421636,0.4210623434127967,-2.451052324834433,196.17079299999995
2019-08-08,0,0,1,0,0,0,0,0,189.12247,2.7059197,-0.2005,-0.0054,1.542,89.0,0.4743725227731037,-0.4033731095958476,-0.10350000000000001,0.0026,-53.0,0.19510000000000002,-0.5695033382005709,45.381564889836795,-1.9903308941711089,-0.06121630410398449,-1.9291145900671243,195.62031399999995
2019-08-09,0,1,1,0,0,0,0,0,186.82507,-1.2147665,-0.4413,-0.0226,0.833,132.0,-0.5048494841546829,-1.6942430487512772,-0.24080000000000001,-0.0172,43.0,0.4187,-1.2908699391554297,42.51941766208093,-2.119845502232124,-0.4729421437296124,-1.6469033585025117,194.77395699999994
2019-08-12,0,0,1,0,1,0,0,0,184.3586,-1.3202071,-0.0609,-0.0105,0.875,43.0,-0.4739691042203237,0.42266896545781135,0.3804,0.012099999999999998,-89.0,0.0504,2.1169120142090887,39.629688968588354,-2.3939147193485155,-0.8571366588533931,-1.5367780604951224,193.85201449999994
2019-08-13,0,1,1,0,0,0,0,0,187.42178,1.6615391,-0.3868,-0.0047,1.542,63.0,0.4404904657547789,-1.3404381229176725,-0.32589999999999997,0.0058000000000000005,20.0,0.3821,-1.7631070883754838,44.65995160477597,-2.337003995216378,-1.15311012612599,-1.183893869090388,193.08671299999995
2019-08-14,0,1,1,1,1,0,0,1,178.72948,-4.6378317,-0.0928,-0.0013,2.0,200.0,1.059470390740574,0.28646661857014877,0.294,0.0034000000000000002,137.0,0.0915,1.6269047414878213,35.596037597111184,-2.9591861458795847,-1.514325330076709,-1.4448608158028757,191.98823899999994
2019-08-15,0,1,0,0,0,0,0,0,181.59377,1.6025782,-0.0094,-0.0019,0.875,245.0,-0.5322939119161216,0.7465871972664847,0.08339999999999999,-0.0006000000000000001,45.0,0.007500000000000001,0.46012057869633594,39.92290341749356,-3.1844375044233857,-1.8483477649460442,-1.3360897394773414,191.08370149999993
2019-08-16,0,0,1,0,0,0,0,0,182.69768,0.6079197,-0.098,-0.0077,0.708,136.0,-0.7453546644360791,0.22994709763192236,-0.0886,-0.0058000000000000005,-109.0,0.0903,-0.5166400996345624,41.55267537321312,-3.236565406365969,-2.125991293230029,-1.11057411313594,190.35469899999993
2019-08-19,0,0,1,0,0,0,0,0,185.15422,1.3445854,-0.0642,-0.0014,1.625,52.0,0.5286347384643121,0.4223950969805887,0.03380000000000001,0.0063,-84.0,0.0628,0.19244799934866633,45.12049543083654,-3.0445591140831993,-2.3097048574006633,-0.734854256682536,189.55160349999994
2019-08-20,0,1,1,0,0,0,0,0,182.8071,-1.2676597,-0.0985,-0.0075,2.458,227.0,1.664484162970444,0.2265209303322412,-0.03430000000000001,-0.0060999999999999995,175.0,0.091,-0.1958741666483475,42.45392943195021,-3.0466656473194007,-2.4570970153844107,-0.58956863193499,188.62916349999995
2019-08-21,0,1,1,0,0,0,0,0,182.54852,-0.14144778,-0.0707,-0.0037,1.667,373.0,0.519992460959889,0.38466327692541774,0.027800000000000005,0.0037999999999999996,146.0,0.067,0.15814234659317655,42.158328241439044,-3.034223693047835,-2.5725223509170956,-0.46170134213073943,187.57942299999993
2019-08-22,0,0,1,0,0,0,0,0,181.04675,-0.82266927,-0.1344,-0.0075,1.458,166.0,0.2106993447848666,0.02239169000777982,-0.06369999999999999,-0.0037999999999999996,-207.0,0.12689999999999999,-0.36227158691763794,40.39897980322978,-3.1096969916322337,-2.6799572790601234,-0.4297397125721103,186.6510164999999
2019-08-23,0,0,1,1,0,0,0,0,176.78017,-2.3566186,-0.0464,0.004,0.75,122.0,-0.8048873943260628,0.4961405152750559,0.088,0.0115,-44.0,0.0504,0.47374882526727613,35.82479837831872,-3.473744311131327,-2.838714685474364,-0.635029625656963,185.5570184999999
2019-08-26,0,0,0,0,0,0,0,0,179.37593,1.4683604,-0.0108,-0.0026,1.125,41.0,-0.2557451138810466,0.6910512011378473,0.03559999999999999,-0.0066,-81.0,0.0082,0.19491068586279142,40.25680839895438,-3.5123105664524985,-2.973433861669991,-0.5388767047825076,184.78226799999993
2019-08-27,0,1,1,0,0,0,0,0,180.3108,0.521183,-0.0705,-0.0029,1.25,104.0,-0.07064100629330111,0.31943225568752276,-0.05969999999999999,-0.0002999999999999999,63.0,0.0676,-0.3716189454503246,41.81533214069111,-3.427923438097821,-3.064331776955557,-0.36359166114226404,183.99956299999994
2019-08-28,0,1,1,0,0,0,0,0,180.76828,0.25371313,-0.0433,-0.0013,1.125,163.0,-0.27611565923168857,0.4672384861732005,0.027199999999999995,0.0015999999999999999,59.0,0.041999999999999996,0.14780623048567776,42.60439071874279,-3.286249380975505,-3.1087152977595465,-0.17753408321595865,183.37946399999996
2019-08-29,0,0,1,0,0,0,0,0,184.55753,2.0961761,-0.0609,-0.0036,0.292,127.0,-1.5010631602630577,0.35698219266952125,-0.017600000000000005,-0.0023,-36.0,0.057300000000000004,-0.11025629350367927,48.798122602546435,-2.835524699401333,-3.054077178087904,0.21855247868657113,183.02341849999996
2019-08-30,0,0,0,0,0,0,0,0,184.65697,0.0538826,-0.0055,0.0016,0.583,69.0,-1.0541806408345265,0.6834544386730164,0.055400000000000005,0.0052,-58.0,0.0070999999999999995,0.3264722460034951,48.95380147447013,-2.4421466189725436,-2.9316910662648317,0.4895444472922881,182.85683199999997
2019-09-02,0,0,0,0,0,0,0,0,184.65697,0.0,-0.0016,-0.0008,0.167,38.0,-1.6450696254944142,0.7022915505246299,0.0039,-0.0024000000000000002,-31.0,0.0008,0.01883711185161352,48.95380147447014,-2.1061136885058716,-2.76657559071304,0.6604619022071683,183.05275799999998
2019-09-03,0,0,0,0,0,0,0,0,181.39487,-1.7665744,-0.0027,-0.001,1.667,83.0,0.5065419414956647,0.6919370047473139,-0.0011,-0.00019999999999999998,45.0,0.0017000000000000001,-0.010354545777315982,43.878088956306804,-2.0790632308638237,-2.6290731187431966,0.5500098878793729,182.94733749999997
2019-09-04,0,1,1,0,0,0,0,0,186.11894,2.6043057,-0.0694,-0.001,1.417,136.0,0.1703345277216617,0.2975911748610258,-0.06670000000000001,0.0,53.0,0.0684,-0.3943458298862881,51.689908329903325,-1.6573279352085137,-2.43472408203626,0.7773961468277464,183.04629499999996
2019-09-05,0,0,1,0,0,0,0,0,189.85843,2.0091891,-0.0621,-0.0016,2.0,206.0,1.0128486895551396,0.31783569836591513,0.007300000000000001,-0.0006000000000000001,70.0,0.060500000000000005,0.02024452350488931,56.81428021341961,-1.009714721402105,-2.149722209909429,1.1400074885073241,183.08309299999996
2019-09-06,0,0,1,0,0,0,0,0,186.46703,-1.7862678,-0.0444,-0.0048,2.042,285.0,1.046002454917092,0.4225473563033775,0.0177,-0.0031999999999999997,79.0,0.0396,0.10471165793746234,51.48092574481844,-0.7613577621930858,-1.8720493203661603,1.1106915581730745,183.06519099999997
2019-09-09,0,0,0,0,0,0,0,0,187.73012,0.6773591,-0.0245,-0.0032,1.375,72.0,0.06481177482364583,0.5297192497668197,0.0199,0.0015999999999999994,-213.0,0.0213,0.10717189346344225,53.241457526742444,-0.45734034102139276,-1.5891075244972068,1.131767183475814,183.23376699999997
2019-09-10,0,1,1,0,0,0,0,0,185.15422,-1.3721108,-0.3262,-0.0108,1.5,126.0,0.3088798955772277,-1.2267102887884387,-0.30169999999999997,-0.007600000000000001,54.0,0.3154,-1.7564295385552584,49.311742156702024,-0.4194230983253817,-1.3551706392628418,0.93574754093746,183.12038899999996
2019-09-11,0,1,1,0,1,0,0,0,187.46158,1.2461782,-0.0336,-0.0021,1.0,149.0,-0.4453904074327219,0.5030891561495341,0.29259999999999997,0.008700000000000001,23.0,0.0315,1.7297994449379728,52.68088059879076,-0.20087320050572544,-1.1243111515114186,0.9234379510056931,183.55699399999997
2019-09-12,0,0,1,0,0,0,0,0,186.44714,-0.5411446,-0.0325,-0.0008,1.375,146.0,0.1559106946455357,0.5123555588155805,0.0010999999999999968,0.0013,-3.0,0.0317,0.009266402666046392,51.07355712329431,-0.10827948340477178,-0.9211048178900892,0.8128253344853175,183.79966249999998
2019-09-13,0,0,1,0,0,0,0,0,186.16867,-0.14935732,-0.0405,-0.0029,1.167,169.0,-0.17877664744864993,0.46645407236423536,-0.008,-0.0021,23.0,0.0376,-0.04590148645134512,50.61701221765578,-0.0567147251814788,-0.7482267993483671,0.6915120741668883,183.97321199999996
2019-09-16,0,0,0,0,0,0,0,0,185.20395,-0.51819086,-0.029,-0.0021,0.542,39.0,-1.1647438822130278,0.5347267577930895,0.0115,0.0007999999999999999,-130.0,0.0269,0.06827268542885417,48.98341856645851,-0.09262638497597209,-0.6171067164738882,0.5244803314979161,183.97569849999996
2019-09-17,0,0,1,0,0,0,0,0,187.0538,0.9988189,-0.0333,-0.0023,1.625,100.0,0.5707445321812347,0.5016457508634009,-0.004300000000000002,-0.0002000000000000001,61.0,0.031000000000000003,-0.03308100692968863,52.17098250773384,0.027859652335763485,-0.4881134427119578,0.5159730950477213,184.1880335
2019-09-18,0,1,0,0,0,0,0,0,187.1135,0.031900406,-0.0093,-0.0012,1.958,303.0,1.1149882451118334,0.6391122459624449,0.024000000000000004,0.0011,203.0,0.0081,0.13746649509904396,52.2746206075669,0.1267024490633446,-0.3651502643568973,0.4918527134202419,184.4162825
2019-09-19,0,0,1,0,0,0,0,0,189.10257,1.0630369,-0.096,-0.0031,1.875,252.0,0.9694217335480445,0.13285653464331923,-0.0867,-0.0019,-51.0,0.0929,-0.5062557113191256,55.71749061188602,0.3613717348292482,-0.21984586451966817,0.5812175993489164,184.8190735
2019-09-20,0,0,1,0,0,0,0,0,188.8937,-0.11044741,-0.1147,-0.0024,2.208,284.0,1.4534529160461618,0.033298291934320066,-0.018699999999999994,0.0007000000000000001,32.0,0.1123,-0.09955824270899916,55.26662731689559,0.5244492466420922,-0.07098684228731608,0.5954360889294084,185.42475
2019-09-23,0,0,1,0,0,0,0,0,185.80069,-1.637435,-0.2309,-0.0051,1.833,57.0,0.8303024377877832,-0.6363854937219833,-0.1162,-0.0027000000000000006,-227.0,0.2258,-0.6696837856563034,48.94986196817652,0.3995040579297324,0.023111337756093628,0.3763927201736388,185.74598799999998
2019-09-24,0,1,1,1,1,0,0,0,180.29091,-2.9654264,-0.0438,-0.0032,1.5,223.0,0.2940913318425978,0.46787027019650684,0.1871,0.0019000000000000002,166.0,0.0406,1.10425576391849,40.147023182500135,-0.14246683417175632,-0.010004296629476363,-0.13246253754227996,185.7449935
2019-09-25,0,0,1,1,0,0,0,0,181.80264,0.8384824,-0.0633,-0.0023,1.583,154.0,0.4537882125168902,0.34750996517815824,-0.019499999999999997,0.0009000000000000002,-69.0,0.061,-0.1203603050183486,43.16695315840593,-0.44487050366240055,-0.09697753803606121,-0.3478929656263393,185.7967115
2019-09-26,0,0,1,1,0,0,0,0,179.12729,-1.4715552,-0.0542,-0.002,1.292,281.0,-0.027669020031515737,0.40497433765913815,0.009099999999999997,0.0002999999999999999,127.0,0.052199999999999996,0.05746437248097991,39.38009582038207,-0.8901449398312877,-0.2556110183951065,-0.6345339214361811,185.52519949999999
2019-09-27,0,0,1,0,0,0,0,0,176.13371,-1.671195,-0.1028,-0.0044,1.208,176.0,-0.20527746894656335,0.12756287541943392,-0.048600000000000004,-0.0024000000000000002,-105.0,0.0984,-0.27741146223970425,35.615161438927075,-1.4676666782561085,-0.4980221503673069,-0.9696445278888016,185.09903649999998
2019-09-30,0,0,1,0,0,0,0,0,177.10837,0.5533576,-0.0942,-0.0022,0.917,49.0,-0.7080647225226266,0.187493544661506,0.008599999999999997,0.0022,-127.0,0.09200000000000001,0.05993066924207208,37.70345505694265,-1.8256647732812041,-0.7635506749500864,-1.0621140983311177,184.72160649999998
2019-10-01,0,1,1,0,0,0,0,0,174.85075,-1.2747109,-0.0426,-0.0024,2.0,120.0,1.1131361685556627,0.49410278745801334,0.05160000000000001,-0.00019999999999999966,71.0,0.0402,0.30660924279650736,34.88128722290714,-2.265437357437264,-1.063928011447522,-1.2015093459897421,184.3944005
2019-10-02,0,1,1,0,0,0,0,0,173.64737,-0.68823695,-0.162,-0.0033,1.333,321.0,-0.020459854332167775,-0.2046892433262077,-0.1194,-0.0009000000000000002,201.0,0.1587,-0.698792030784221,33.444276140809094,-2.680167702773929,-1.3871759497128033,-1.2929917530611255,183.770822
2019-10-03,0,0,1,0,1,0,0,1,178.40129,2.737689,-0.0812,-0.0043,2.042,188.0,1.1553676173654808,0.28503074231434855,0.08080000000000001,-0.001,-133.0,0.0769,0.48971998564055624,43.369722895572345,-2.5953255778636333,-1.6288058753429693,-0.966519702520664,183.19796499999998
2019-10-04,0,1,0,0,0,0,0,0,179.46542,0.59649944,-0.0178,-0.0031,2.292,500.0,1.5306284674168107,0.6594000275901666,0.0634,0.0012000000000000001,312.0,0.0147,0.37436928527581803,45.33490264393438,-2.4143896044682265,-1.7859226211680208,-0.6284669833002057,182.8478845
2019-10-07,0,0,0,0,0,0,0,0,178.69963,-0.4267156,-0.0073,-0.0012,1.167,81.0,-0.298088685993705,0.6997944795979143,0.010499999999999999,0.0019,-419.0,0.0061,0.040394452007747716,44.14760280997589,-2.306204900475052,-1.8899790770294271,-0.41622582344562487,182.39636
2019-10-08,0,1,1,0,0,0,0,0,176.78017,-1.0741293,-0.4436,-0.0083,1.167,102.0,-0.28011463243463763,-1.9076638400328605,-0.4363,-0.0071,21.0,0.4353,-2.6074583196307746,41.2327032993345,-2.3482825836658776,-1.9816397783567172,-0.3666428053091604,181.9776575
2019-10-09,0,1,1,0,1,0,0,0,178.8687,1.1814356,-0.0687,-0.0028,1.625,159.0,0.49099511887711583,0.33166555001469916,0.3749,0.0055,57.0,0.0659,2.2393293900475597,45.45291595046838,-2.1878819926197366,-2.022888221209321,-0.1649937714104155,181.54801349999997
2019-10-10,0,1,0,0,0,0,0,0,179.04771,0.1000762,-0.0156,-0.0029,0.333,244.0,-1.6122913022181058,0.6500093690218481,0.053099999999999994,-9.999999999999983e-05,85.0,0.0127,0.318343819007149,45.812104237582034,-2.0229988857588523,-2.0229103541192273,-8.853163962507793e-05,181.17804199999995
2019-10-11,0,0,1,0,0,0,0,0,183.18504,2.310729,-0.0636,-0.0013,1.667,107.0,0.5524288543813615,0.36847013624444386,-0.048,0.0015999999999999999,-137.0,0.0623,-0.2815392327774043,53.442813511615874,-1.5407194272694653,-1.926472168749275,0.38575274147980965,181.02886049999995
2019-10-14,0,0,1,0,0,0,0,0,182.28,-0.49405694,-0.0603,-0.0081,0.75,77.0,-0.9938895814551144,0.38562889036151754,0.0033000000000000043,-0.0068,-30.0,0.052199999999999996,0.017158754117073682,51.726838912234065,-1.2175040176009304,-1.784678538519606,0.5671745209186756,180.88266299999995
2019-10-15,0,1,1,0,0,0,0,0,187.85939,3.0608892,-0.0997,-0.0024,1.083,192.0,-0.4152576534300088,0.1299949961238095,-0.0394,0.0057,115.0,0.0973,-0.25563389423770805,60.20905647425951,-0.5053183374606078,-1.5288064983078065,1.0234881608471986,180.92294249999995
2019-10-16,0,0,1,0,0,0,0,0,188.51581,0.34941435,-0.0437,-0.0014,0.833,172.0,-0.8245993624930932,0.4510858844973724,0.055999999999999994,0.0009999999999999998,-20.0,0.042300000000000004,0.3210908883735629,61.075629243409765,0.11078449840385929,-1.2008882989654732,1.3116727973693325,180.99305799999996
2019-10-17,0,1,0,0,0,0,0,0,189.3512,0.4431486,-0.016,0.0017,1.833,193.0,1.0163701144257489,0.7321603532144961,0.027700000000000002,0.0031,21.0,0.0177,0.2810744687171237,62.20376532132709,0.658864446748936,-0.8289377498225914,1.4878021965715273,181.00548949999995
2019-10-18,0,1,1,0,0,0,0,0,184.836,-2.3845732,-0.0599,-0.0007,1.708,369.0,0.7630328262283539,0.30227816642224614,-0.0439,-0.0024,176.0,0.0592,-0.42988218679225,53.22479938432052,0.7205764923554909,-0.5190349013869748,1.2396113937424658,180.80260449999997
2019-10-21,0,0,0,0,0,0,0,0,188.72464,2.1038413,-0.0179,-0.0013,1.833,105.0,0.9745281675676764,0.6961073802970438,0.042,-0.0006,-264.0,0.0166,0.39382921387479763,58.74765535704568,1.070919588003278,-0.20104400350892426,1.2719635915122023,180.94880199999994
2019-10-22,0,0,0,1,0,0,0,0,181.34512,-3.9102018,-0.0253,-0.0016,2.542,436.0,2.202416169448289,0.6204759000185416,-0.0074,-0.00030000000000000014,331.0,0.0237,-0.0756314802785022,47.327401084511514,0.7445210494025218,-0.01193099292663502,0.7564520423291569,181.00151249999993
2019-10-23,0,0,1,0,0,0,0,0,185.13434,2.0895004,-0.1125,-0.0123,2.5,431.0,2.020206888141762,-0.20546627164335624,-0.0872,-0.0107,-5.0,0.1002,-0.8259421716618978,52.439912282863666,0.782585088397326,0.14697222333815718,0.6356128650591688,181.16809749999996
2019-10-24,0,1,1,0,1,0,0,0,185.36308,0.12356043,-0.0387,-0.002,1.917,723.0,0.9400401341305168,0.4899790466601627,0.0738,0.0103,292.0,0.036699999999999997,0.695445318303519,52.7381327049554,0.8217360581123785,0.28192499029300144,0.539811067819377,181.47988699999996
2019-10-25,0,0,1,0,0,0,0,0,186.86482,0.8101702,-0.0384,-0.0025,1.458,385.0,0.10803505423591551,0.4720496970320163,0.00030000000000000165,-0.0005,-338.0,0.035899999999999994,-0.01792934962814635,54.74446893013869,0.9628423043778866,0.41810845310997846,0.5447338512679082,182.01644249999995
2019-10-28,0,0,0,0,0,0,0,0,188.36661,0.80366135,-0.0262,-0.0019,0.958,97.0,-0.7975094575704101,0.5928142732195201,0.012199999999999996,0.0006000000000000001,-288.0,0.024300000000000002,0.12076457618750375,56.723027245562065,1.1822239810317399,0.5709315586943308,0.6112924223374091,182.57935449999997
2019-10-29,0,0,0,0,0,0,0,0,188.2771,-0.047516823,-0.0196,-0.0016,1.25,245.0,-0.27923537706890694,0.6471557993270077,0.006600000000000002,0.0002999999999999999,148.0,0.018,0.05434152610748766,56.56429447511854,1.333491175207456,0.7234434819969559,0.6100476932105002,183.25067199999995
2019-10-30,0,0,1,0,0,0,0,0,187.22287,-0.55992603,-0.482,-0.0624,2.375,209.0,1.6823071447998887,-3.5626871060650784,-0.4624,-0.0608,-36.0,0.4196,-4.209842905392086,54.6254166005836,1.352710758391197,0.8492969372758041,0.5034138211153929,183.92944699999993
2019-10-31,0,1,1,0,0,0,1,0,190.60432,1.8061042,-0.1887,0.0305,2.417,558.0,1.6885029275471448,-0.9064421188108805,0.2933,0.0929,349.0,0.2192,2.656244987254198,59.42910621722872,1.6220986283113348,1.0038572754829103,0.6182413528284245,184.53959849999995
2019-11-01,0,0,1,0,0,0,0,0,192.56358,1.0279179,-0.1321,-0.0111,1.042,433.0,-0.70171486302945,-0.48295193613301673,0.05660000000000001,-0.0416,-125.0,0.121,0.4234901826778638,61.943128685681955,1.9709662913164436,1.197279078649617,0.7736872126668266,185.19450649999993
2019-11-04,0,0,1,0,1,0,0,0,193.65761,0.56812763,-0.0618,-0.0044,1.083,113.0,-0.639589347673357,0.21952958585685164,0.0703,0.0067,-320.0,0.0574,0.7024815219898684,63.310292852799456,2.3091075510347707,1.4196447731266477,0.889462777908123,185.94240549999995
2019-11-05,0,0,1,0,0,0,0,0,193.25977,-0.20542145,-0.0459,-0.0019,1.042,316.0,-0.6939961866040328,0.35012261669377215,0.015899999999999997,0.0025000000000000005,203.0,0.044000000000000004,0.1305930308369205,62.43196134405462,2.5159818992353564,1.6389121983483894,0.877069700886967,186.76638549999996
2019-11-06,0,0,0,0,0,0,0,0,190.5049,-1.4254868,-0.0266,-0.0016,1.708,296.0,0.4779661679230736,0.5467399140406177,0.019300000000000005,0.0002999999999999999,-20.0,0.024999999999999998,0.19661729734684558,56.578498024471415,2.429629073475297,1.797055573373771,0.6325735001015262,187.34819549999995
2019-11-07,0,0,1,0,0,0,0,0,189.38104,-0.58992505,-0.5997,-0.022,1.167,209.0,-0.4822624323870378,-4.507073335091356,-0.5731,-0.020399999999999998,-87.0,0.5777,-5.053813249131974,54.3401750942784,2.244632995475513,1.8865710577941193,0.3580619376813936,187.86486199999996
2019-11-08,0,1,1,0,1,0,0,0,189.79874,0.22056103,-0.0842,-0.0024,1.167,257.0,-0.5019615464478907,0.02106330758681395,0.5155000000000001,0.0196,48.0,0.0818,4.528136642678169,55.05191201708477,2.1074339828491873,1.9307436428051328,0.17669034004405448,188.19554699999998
2019-11-11,0,0,0,0,0,0,0,0,188.57549,-0.64451694,-0.0145,-0.0005,0.292,76.0,-1.9592160200927302,0.6244478940955966,0.0697,0.0018999999999999998,-181.0,0.014,0.6033845865087827,52.472320400464476,1.878344340673607,1.9202637823788276,-0.04191944170522066,188.51032149999998
2019-11-12,0,0,0,0,0,0,0,0,193.40894,2.5631547,-0.0227,-0.0008,0.833,150.0,-0.9968088984183507,0.5402250471771604,-0.0082,-0.00030000000000000003,74.0,0.021900000000000003,-0.08422284691843629,60.37348514054316,2.0630268792463085,1.9488164017523237,0.11421047749398472,188.78779899999998
2019-11-13,0,0,0,0,0,0,0,0,192.13593,-0.6581962,-0.0178,0.0011,1.25,266.0,-0.25003473420608485,0.5737856932661849,0.004900000000000002,0.0019000000000000002,116.0,0.0189,0.03356064608902454,57.654917586917634,2.082660242752013,1.9755851699522615,0.10707507279975137,188.96880499999997
2019-11-14,0,0,1,0,0,0,0,0,192.09613,-0.020706654,-0.0847,-0.0035,0.75,211.0,-1.1000583974085474,-0.016634061728964145,-0.0669,-0.0046,-55.0,0.0812,-0.5904197549951491,57.5676388927015,2.0711335589715816,1.9946948477561255,0.07643871121545609,189.10605149999998
2019-11-15,0,0,0,0,1,0,0,0,194.03552,1.0095835,-0.0149,-0.0004,0.458,183.0,-1.5831445002939286,0.5870222928667408,0.0698,0.0031,-28.0,0.0145,0.603656354595705,60.69039007823319,2.193209193514292,2.0343977169077587,0.15881147660653339,189.56602749999996
2019-11-18,0,0,0,0,0,0,0,0,196.32294,1.1788726,-0.0212,0.0016,0.417,63.0,-1.5996931753069479,0.5341126814457521,-0.0063,0.002,-120.0,0.0228,-0.05290961142098871,64.0508184046159,2.446330910680075,2.116784355662222,0.3295465550178531,189.94594249999994
2019-11-19,0,0,0,0,0,0,0,0,198.23248,0.97265244,-0.0133,-0.0024,0.542,134.0,-1.3472653518397728,0.59294640197385,0.0079,-0.004,71.0,0.0109,0.05883372052809788,66.61645907666971,2.7690952086227014,2.247246526254318,0.5218486823683834,190.79031049999998
2019-11-20,0,0,0,0,0,0,0,0,196.43237,-0.90809464,-0.0211,0.0012,0.417,125.0,-1.507167607700589,0.5211765273396772,-0.007800000000000001,0.0036,-9.0,0.0223,-0.07176987463417273,62.11591829368403,2.846818060758693,2.367160833155193,0.47965722760350005,191.35521199999997
2019-11-21,0,0,0,0,0,0,0,0,196.85007,0.21264553,-0.021,-0.0006,1.125,155.0,-0.3825834860027572,0.515224861681245,9.99999999999994e-05,-0.0018,30.0,0.0204,-0.0059516656584321925,62.74487292617034,2.9085904598879324,2.475446758501741,0.4331437013861916,191.92956149999995
2019-11-22,0,0,1,0,0,0,0,0,197.73523,0.44965744,-0.1427,-0.0004,1.292,144.0,-0.12453885876382627,-0.5202683491479428,-0.12169999999999999,0.00019999999999999993,-11.0,0.14229999999999998,-1.0354932108291879,64.10487633741577,2.99445236279675,2.5792478793607425,0.41520448343600735,192.47308199999998
2019-11-25,0,0,0,0,1,0,0,0,198.69992,0.48787594,-0.0166,0.0001,0.5,70.0,-1.5048639857645245,0.5769066501909288,0.1261,0.0005,-74.0,0.0167,1.0971749993388715,65.57963221272657,3.1045535988330357,2.684309023255201,0.42024457557783457,192.98974749999996
2019-11-26,0,0,0,0,0,0,0,0,197.8844,-0.41042566,-0.0055,-0.001,0.375,129.0,-1.6475205172685266,0.6739555912086598,0.0111,-0.0011,59.0,0.0045,0.09704894101773098,63.21514304285506,3.0903799963106735,2.7655232178662956,0.3248567784443779,193.47011249999997
2019-11-27,0,1,1,0,0,0,0,0,200.89786,1.5228391,-0.0461,-0.0053,0.375,160.0,-1.5830015409663105,0.3174514303584798,-0.040600000000000004,-0.0043,31.0,0.0408,-0.35650416085018,67.83071251792062,3.284447287823781,2.8693080318577926,0.41513925596598833,194.15386199999998
2019-11-28,0,0,1,0,0,0,0,0,200.89786,0.0,-0.2487,-0.0053,1.292,73.0,-0.047090250512079025,-1.391756523704461,-0.2026,0.0,-87.0,0.2434,-1.7092079540629408,67.83071251792062,3.3990647123674194,2.975259367959718,0.42380534440770123,194.66853899999998
2019-11-29,0,1,0,0,1,0,0,0,200.53983,-0.17821789,-0.0298,-0.0194,0.5,290.0,-1.3247139515477921,0.4754889593715357,0.2189,-0.014100000000000001,217.0,0.0104,1.8672454830759966,66.67789268129101,3.421568110942985,3.0645211165563717,0.35704699438661347,195.0673515
2019-12-02,0,0,1,0,0,0,0,0,198.6104,-0.96211433,-0.0586,-0.0005,0.292,49.0,-1.6048431711819695,0.23499656139294772,-0.0288,0.0189,-241.0,0.0581,-0.24049239797858796,60.691600077072614,3.24629210571365,3.100875314387827,0.14541679132582264,195.314991
2019-12-03,0,1,1,0,0,0,0,0,197.73523,-0.44065714,-0.0933,-0.0013,0.875,172.0,-0.63592998278966,-0.09851433383937981,-0.034699999999999995,-0.0007999999999999999,123.0,0.092,-0.3335108952323275,58.14176345960577,3.0021586873064905,3.08113198897156,-0.07897330166506933,195.538764
2019-12-04,0,0,1,0,1,0,0,0,197.62582,-0.05532503,-0.0374,-0.0023,0.708,137.0,-0.8948415045668907,0.39841322504572196,0.05589999999999999,-0.001,-35.0,0.035100000000000006,0.49692755888510176,57.81474545558986,2.7679455681862635,3.0184947048145006,-0.2505491366282371,195.89481
2019-12-05,0,1,0,0,0,0,0,0,198.27226,0.3271103,-0.0078,-0.0018,1.417,233.0,0.250960809034649,0.6562639367301485,0.0296,0.0005,96.0,0.006,0.2578507116844265,59.27231432050457,2.6044695851925326,2.935689680890107,-0.3312200956975744,196.339371
2019-12-06,0,0,1,0,0,0,0,0,199.95305,0.8477092,-0.2354,-0.0088,1.042,115.0,-0.3518761135416709,-1.3134744186219975,-0.2276,-0.007000000000000001,-118.0,0.2266,-1.969738355352146,62.865019094449295,2.5807896602237292,2.8647096767568314,-0.28392001653310217,196.8470865
2019-12-09,0,0,1,0,1,0,0,0,200.24147,0.14424324,-0.0428,-0.0079,0.167,51.0,-1.7300319358748337,0.3720357241036189,0.1926,0.0008999999999999998,-64.0,0.0349,1.6855101427256165,63.46066618407232,2.5558341673254006,2.8029345748705454,-0.24710040754514484,197.4303855
2019-12-10,0,0,1,0,0,0,0,0,199.77402,-0.23343563,-0.0573,-0.0037,0.292,61.0,-1.4718746986777,0.24901613271131737,-0.014499999999999999,0.004200000000000001,10.0,0.053599999999999995,-0.12301959139230154,61.732389070764306,2.469866368988221,2.7363209336940804,-0.2664545647058594,197.7486395
2019-12-11,0,0,1,0,0,0,0,0,201.15645,0.6919861,-0.0395,-0.0042,0.458,207.0,-1.1717855217972064,0.41030805989981395,0.017799999999999996,-0.0004999999999999996,146.0,0.0353,0.16129192718849658,64.78666700587857,2.484645371784012,2.685985821312067,-0.20134044952805485,198.19966549999998
2019-12-12,0,0,1,0,0,0,0,0,195.67651,-2.7242124,-0.1341,-0.0096,1.0,132.0,-0.30283379225208035,-0.4140376723350523,-0.09459999999999999,-0.005399999999999999,-75.0,0.1245,-0.8243457322348662,48.322381979033814,2.0307631047803625,2.554941278005726,-0.5241781732253634,198.37868450000002
2019-12-13,0,1,1,1,0,0,0,0,193.0509,-1.3418019,-0.4722,-0.0198,0.208,151.0,-1.5055249895731078,-3.0492601062899265,-0.3381,-0.010200000000000002,19.0,0.4524,-2.6352224339548744,42.720514734293914,1.442564370178843,2.3324658964403495,-0.8899015262615064,198.32945350000003
2019-12-16,0,0,1,0,1,0,0,0,196.8401,1.9628048,-0.0639,-0.0029,0.125,40.0,-1.5731531823535723,0.21234313151482692,0.4083,0.016900000000000002,-111.0,0.061,3.2616032378047533,51.465123801965284,1.2675577904177828,2.1194842752358363,-0.8519264848180534,198.35531150000003
2019-12-17,0,1,1,0,0,0,0,0,197.30757,0.2374649,-0.0344,0.004,1.083,122.0,-0.06272061363038414,0.45040644418437403,0.0295,0.0069,82.0,0.038400000000000004,0.2380633126695471,52.42998639138665,1.1532903243324313,1.9262454850551554,-0.7729551607227241,198.309066
2019-12-18,0,1,0,0,0,0,0,0,201.39514,2.0716786,-0.0118,0.0022,0.667,197.0,-0.6921195734004592,0.6250181352194628,0.022600000000000002,-0.0018,75.0,0.014,0.17461169103508878,59.93094520398354,1.3766955822503633,1.816335504494197,-0.43963992224383364,198.5572045
2019-12-19,0,0,0,0,0,0,0,0,204.93571,1.7580271,-0.0064,0.0044,1.458,215.0,0.5448434568892666,0.6602314663040456,0.005399999999999999,0.0022,18.0,0.0108,0.0352133310845828,65.0688809572872,1.8184779856646855,1.8167640007282946,0.0017139849363909665,198.96148650000003
2019-12-20,0,0,0,0,0,0,0,0,205.17441,0.1164794,-0.0204,0.0014,0.875,226.0,-0.3600768038462312,0.5349415559515363,-0.014000000000000002,-0.003,11.0,0.0218,-0.12528991035250936,65.39108535854787,2.162921999899112,1.885995600562458,0.27692639933665375,199.33344550000004
2019-12-23,0,0,0,0,0,0,0,0,205.05505,-0.058174133,-0.008,-0.0016,0.083,32.0,-1.5470116283115114,0.6211272360975575,0.012400000000000001,-0.003,-194.0,0.0064,0.08618568014602124,65.06788137087766,2.3986152646138237,1.9885195333727312,0.41009573124109244,199.65120200000004
2019-12-24,0,0,0,0,0,0,0,0,204.00082,-0.5141139,-0.0147,-0.0025,0.333,49.0,-1.1274152748218786,0.562679977577231,-0.006699999999999999,-0.0009,17.0,0.012199999999999999,-0.058447258520326506,62.146192704246076,2.471842463297861,2.0851841193577574,0.3866583439401037,199.95702300000005
2019-12-25,0,0,0,0,0,0,0,0,204.00082,0.0,-0.0053,-0.0028,0.125,25.0,-1.3955644626821475,0.6170441745191628,0.009399999999999999,-0.0002999999999999999,-24.0,0.0025,0.05436419694193184,62.14619270424606,2.5010450552776717,2.16835630654174,0.33268874873593157,200.11217100000005
2019-12-26,0,0,0,0,0,0,0,0,206.65625,1.301682,-0.0083,-0.0012,0.0,21.0,-1.5332203803401114,0.5815858335429727,-0.003,0.0016,-4.0,0.0071,-0.03545834097619016,66.5357187008485,2.707251814745888,2.2761354081825695,0.4311164065633184,200.40009050000006
2019-12-27,0,1,1,0,0,0,0,0,206.96458,0.14919043,-0.1296,0.0009,0.167,40.0,-1.2506732715947892,-0.3725117706073194,-0.12129999999999999,0.0021,19.0,0.1305,-0.954097604150292,67.01402162644293,2.862554070001636,2.3934191405463827,0.46913492945525315,200.72132800000003
2019-12-30,0,1,1,0,1,0,0,0,203.29472,-1.7731845,-0.0595,-0.0027,1.208,49.0,0.3621934402237294,0.19532188109466614,0.0701,-0.0036,9.0,0.056799999999999996,0.5678336517019855,56.637657264428356,2.658855562637882,2.4465064249646824,0.21234913767319963,200.95554400000003
2019-12-31,0,1,1,0,0,0,0,0,204.13013,0.41093826,-0.5144,-0.0265,0.583,69.0,-0.5901046615965575,-3.3415188652223784,-0.45489999999999997,-0.023799999999999998,20.0,0.48789999999999994,-3.5368407463170444,58.22345188594643,2.535604759858444,2.464326091943435,0.07127866791500903,201.27528900000004
2020-01-01,0,0,1,0,1,0,0,0,204.13013,0.0,-0.0823,-0.006,0.125,38.0,-1.2538603956890604,0.023143618415755962,0.4321,0.020499999999999997,-31.0,0.07629999999999999,3.3646624836381345,58.22345188594643,2.4101449598476847,2.453489865524285,-0.04334490567660021,201.60050450000003
2020-01-02,0,0,0,0,0,0,0,0,208.6354,2.2070646,-0.0312,-0.0014,0.375,38.0,-0.8709825782919182,0.4233365893919679,0.0511,0.0046,0.0,0.0298,0.4001929709762119,66.00024449325264,2.6437789631458486,2.4915476850485976,0.152231278097251,202.11866150000003
2020-01-03,0,1,1,0,0,0,0,0,207.53146,-0.5291283,-0.0934,0.0033,0.375,51.0,-0.841817470518475,-0.057435966317951385,-0.0622,0.0047,13.0,0.0967,-0.4807725557099193,62.90997193009967,2.7086334219902994,2.534964832436938,0.1736685895533614,202.49758200000002
2020-01-06,0,0,0,0,1,0,0,0,211.44003,1.8833637,-0.0016,-0.0026,0.583,44.0,-0.514613954560799,0.6482217072314915,0.09179999999999999,-0.0059,-7.0,-0.0009999999999999998,0.7056576735494429,68.52853553902688,3.0403724604355205,2.6360463580366544,0.404326102398866,203.05751000000004
2020-01-07,0,0,0,0,0,0,0,0,211.89752,0.21636486,-0.0072,0.0037,1.917,197.0,1.496769261451648,0.5910266958412967,-0.0056,0.0063,153.0,0.0109,-0.05719501139019478,69.1182189016884,3.3021287730585414,2.769262841041032,0.5328659320175095,203.66368500000004
2020-01-08,0,0,0,0,0,0,0,0,214.04575,1.0138035,-0.0132,0.001,1.417,301.0,0.7207573513471446,0.5397027074824238,-0.006,-0.0027,104.0,0.0142,-0.051323988358872974,71.79105664939955,3.6409461829705094,2.943599509426927,0.6973466735435823,204.30815000000007
2020-01-09,0,0,0,0,0,0,0,0,217.10895,1.4310956,-0.01,-0.0027,1.875,191.0,1.4090803056923253,0.5634321741634546,0.0031999999999999997,-0.0037,-110.0,0.0073,0.02372946668103082,75.10040038638392,4.10926698922097,3.176733005385736,0.932533983835234,205.37977200000006
2020-01-10,0,0,0,0,0,0,0,0,216.87022,-0.10994077,-0.013,-0.0056,1.083,261.0,0.23342849196078339,0.5330404391798832,-0.002999999999999999,-0.0029,70.0,0.0073999999999999995,-0.030391734983571395,74.36815207540744,4.4103117577736555,3.42344875586332,0.9868630019103355,206.57073800000003
2020-01-13,0,0,0,0,0,0,0,0,220.69923,1.765573,0.0084,-0.0019,1.083,41.0,0.25656795331030047,0.6932763581604307,0.0214,0.0037,-220.0,-0.0103,0.16023591898054745,78.0627158871664,4.9013611717932974,3.7190312390493157,1.1823299327439818,207.7636945
2020-01-14,0,1,1,0,0,0,0,0,217.86476,-1.2843072,-0.049,0.0125,0.792,76.0,-0.15789214826429265,0.2548322489562552,-0.0574,0.014400000000000001,35.0,0.0615,-0.4384441092041754,70.0171311360424,5.004118961446352,3.976048783528723,1.0280701779176291,208.79155400000005
2020-01-15,0,1,0,0,0,0,0,0,219.94337,0.9540796,-0.0226,0.0038,0.458,94.0,-0.6904259612236335,0.44612636304167824,0.026400000000000003,-0.008700000000000001,18.0,0.0264,0.19129411408542302,72.27390716968254,5.193415247226426,4.219522076268263,0.9738931709581626,209.71896550000005
2020-01-16,0,0,0,0,0,0,0,0,220.55998,0.2803564,-0.0224,0.0032,1.0,80.0,0.28922661356447604,0.44521170994221515,0.0001999999999999988,-0.0005999999999999998,-14.0,0.0256,-0.0009146530994630919,72.92494592652086,5.331728345803697,4.44196333017535,0.8897650156283472,210.50017900000003
2020-01-17,0,1,1,0,0,0,0,0,220.92798,0.1668334,-0.258,-0.0065,1.625,137.0,1.397395657486067,-1.3190096319666207,-0.2356,-0.0097,57.0,0.2515,-1.764221341908836,73.32748137863705,5.408688997443392,4.635308463628958,0.773380533814434,211.28785750000003
2020-01-20,0,0,1,0,1,0,0,0,220.92798,0.0,-0.0318,0.0029,1.125,71.0,0.4995645527859966,0.3962006971909287,0.2262,0.009399999999999999,-66.0,0.0347,1.7152103291575493,73.32748137863705,5.40734832283124,4.789716435469414,0.6176318873618261,212.08150400000005
2020-01-21,0,0,1,0,0,0,0,0,220.23181,-0.31511784,-0.0409,0.0035,1.667,102.0,1.4328881872700794,0.330272093513102,-0.009099999999999997,0.0006000000000000003,31.0,0.0444,-0.06592860367782671,71.01116285680324,5.289140804854981,4.889601309346527,0.3995394955084537,212.89305350000004
2020-01-22,0,1,0,0,0,0,0,0,220.11246,-0.054186583,-0.0184,-0.0068,1.167,119.0,0.6278566046389156,0.4808634452626033,0.0225,-0.0103,17.0,0.0116,0.15059135174950128,70.59942153289654,5.12673217048777,4.937027481574775,0.18970468891299497,213.69863550000005
2020-01-23,0,0,0,0,0,0,0,0,218.56096,-0.70486665,-0.0262,-0.0021,1.042,90.0,0.4734554569475421,0.39656704131823595,-0.007800000000000001,0.004699999999999999,-29.0,0.0241,-0.08429640394436733,65.29890977330902,4.8172982584281385,4.9130816369454475,-0.095783378517309,214.29387100000002
2020-01-24,0,1,1,0,0,0,0,0,216.75089,-0.8281708,-0.0487,-0.0029,1.125,124.0,0.637840269151872,0.19861480878012183,-0.0225,-0.0007999999999999999,34.0,0.0458,-0.19795223253811411,59.67027614124446,4.375573247459187,4.805579959048195,-0.4300067115890087,214.78318650000006
2020-01-27,0,0,0,0,0,0,0,0,213.69765,-1.4086485,0.0197,-0.003,0.875,55.0,0.1393776865769196,0.7523360328383789,0.0684,-0.00010000000000000026,-69.0,-0.022699999999999998,0.5537212240582571,51.591823466642275,3.736065010973988,4.591676969433354,-0.8556119584593658,215.30333300000007
2020-01-28,0,1,0,0,0,0,0,0,216.60172,1.358962,-0.0216,-0.0013,1.792,137.0,1.9143818060575657,0.4068564114653559,-0.0413,0.0017000000000000001,82.0,0.020300000000000002,-0.345479621373023,57.4873087140606,3.424113258616927,4.358164227270068,-0.9340509686531409,215.92691250000001
2020-01-29,0,1,0,0,0,0,0,0,222.01201,2.497816,0.0099,0.0056,2.5,219.0,3.082747055360574,0.6604418393964411,0.0315,0.0069,82.0,-0.004300000000000001,0.2535854279310852,65.83521666542195,3.57227546678601,4.200986475173257,-0.6287110083872465,216.8210065
2020-01-30,0,1,1,0,0,0,0,0,208.38678,-6.1371684,-0.4083,-0.0593,2.667,233.0,3.0713399074020438,-3.129565609560523,-0.4182,-0.0649,14.0,0.349,-3.790007448956964,42.95772839781398,2.560734342510642,3.872936048640734,-1.3122017061300917,216.80857550000002
2020-01-31,0,0,1,1,0,0,0,0,200.80835,-3.6367059,-0.5465,-0.0512,1.792,163.0,1.540182542434074,-3.7624123469570536,-0.1382,0.008099999999999996,-70.0,0.49529999999999996,-0.6328467373965307,35.55670657592196,1.13448708739449,3.325246256391485,-2.190759168996995,216.47242
2020-02-03,0,0,1,1,1,1,0,0,203.07591,1.12921,-0.048,-0.0099,1.417,66.0,0.8853246961899421,0.21800008005151209,0.4985,0.0413,-97.0,0.0381,3.9804124270085657,38.94614460506161,0.18501625119358778,2.6972002553519054,-2.5121840041583177,216.054214
2020-02-04,0,0,1,0,0,0,0,0,208.68515,2.7621388,-0.034,-0.0029,1.708,199.0,1.3258547247257921,0.33152410692761464,0.013999999999999999,0.007000000000000001,133.0,0.031100000000000003,0.11352402687610255,46.44931667043018,-0.1135188626526542,2.1350564317509937,-2.248575294403648,215.89359550000003
2020-02-05,0,0,1,0,0,0,1,0,208.96362,0.13344288,-0.0448,0.0236,1.167,88.0,0.44010379792096616,0.24912652039958022,-0.010799999999999997,0.0265,-111.0,0.0684,-0.08239758652803442,46.79886864199459,-0.3239061015617608,1.6432639250884429,-1.9671700266502037,215.63948900000005
2020-02-06,0,1,0,0,0,0,0,0,209.69957,0.35220385,-0.0154,-0.0029,1.625,100.0,1.1562756887389456,0.4742631751269594,0.0294,-0.0265,12.0,0.0125,0.2251366547273792,47.76921739127184,-0.42633990866647764,1.2293431583374588,-1.6556830670039364,215.26902000000004
2020-02-07,0,0,1,0,0,0,0,0,211.1715,0.7019162,-0.2403,-0.0034,1.75,97.0,1.3109832479334997,-1.276386305311535,-0.22490000000000002,-0.0005,-3.0,0.23690000000000003,-1.7506494804384944,49.74355875880251,-0.3843168241055821,0.9066111618488506,-1.2909279859544327,214.98408400000008
2020-02-10,0,0,1,0,0,0,0,0,211.89752,0.3437996,-0.1811,-0.0058,1.042,69.0,0.155603147962143,-0.7854425982723244,0.0592,-0.0024,-28.0,0.1753,0.49094370703921053,50.73279439540461,-0.2890969507418788,0.6674695393307047,-0.9565664900725835,214.5439985000001
2020-02-11,0,1,1,0,1,1,0,1,206.05952,-2.7550876,-0.0638,-0.0209,1.875,79.0,1.4467908923648527,0.143718092132755,0.11730000000000002,-0.015099999999999999,10.0,0.042899999999999994,0.9291606904050794,43.34452883747091,-0.676909335419964,0.398593764380571,-1.075503099800535,213.9537365000001
2020-02-12,0,1,1,0,0,0,0,0,209.61005,1.7230511,-0.0957,-0.0103,2.167,162.0,1.823989043350466,-0.09804340702751256,-0.0319,0.010599999999999998,83.0,0.08539999999999999,-0.24176149916026757,48.27789845274102,-0.689803718453561,0.18091426781374456,-0.8707179862673056,213.43707050000012
2020-02-13,0,1,0,0,1,0,0,1,211.97708,1.1292458,-0.0128,0.0038,1.667,324.0,1.0212892924953276,0.555058766893049,0.08289999999999999,0.0141,162.0,0.0166,0.6531021739205616,51.321146810957984,-0.503222238283854,0.04408696659422484,-0.5473092048780789,213.0079255000001
2020-02-14,0,0,0,0,0,0,0,0,213.01141,0.48793554,-0.0094,-0.0107,1.875,185.0,1.3102023399504013,0.563881972785082,0.0034000000000000002,-0.014499999999999999,-139.0,-0.001299999999999999,0.008823205892033004,52.63268236401214,-0.268794785292954,-0.018489383783210925,-0.25030540150974306,212.6120970000001
2020-02-17,0,0,0,0,0,0,0,0,213.01141,0.0,-0.009,-0.0018,1.708,113.0,1.0209865302869687,0.5657287081109931,0.00040000000000000105,0.0089,-72.0,0.0072,0.0018467353259110642,52.632682364012126,-0.08206336445627471,-0.031204179917823684,-0.05085918453845103,212.21626850000007
2020-02-18,0,0,0,0,0,0,0,0,216.61165,1.6901731,-0.004,-0.0011,1.542,217.0,0.7421326868820809,0.6048571058925332,0.004999999999999999,0.0006999999999999999,104.0,0.0029,0.03912839778154009,57.27913452715428,0.3523700092984541,0.04551065792543187,0.3068593513730222,212.03526050000005
2020-02-19,0,0,0,0,0,0,0,0,216.30336,-0.14232993,-0.0137,-0.0026,1.542,214.0,0.7159871055935919,0.5232779081455592,-0.0097,-0.0014999999999999998,-3.0,0.0111,-0.08157919774697397,56.76563406345677,0.6641294900544494,0.1692344243512354,0.49489506570321407,211.84480550000006
2020-02-20,0,0,0,0,0,0,0,0,213.40923,-1.3379931,-0.0263,-0.0043,0.583,173.0,-0.7336312864983647,0.4005854794810197,-0.0126,-0.0017000000000000001,-41.0,0.022,-0.1226924286645395,52.04832399908794,0.6699462970278773,0.2693767988865638,0.40056949814131354,211.5872190000001
2020-02-21,0,0,0,0,0,0,0,0,209.03323,-2.050519,-0.0147,-0.0034,1.125,117.0,0.07894623945510953,0.49066534963687153,0.011600000000000001,0.0009000000000000002,-56.0,0.0113,0.09007987015585184,45.844743293025225,0.3177862877104758,0.2790586966513462,0.038727591059129596,211.20133600000008
2020-02-24,0,0,1,1,0,0,0,0,199.62486,-4.5009017,-0.0538,-0.0025,0.417,36.0,-1.0164186070189092,0.17842944540951353,-0.0391,0.0008999999999999998,-81.0,0.0513,-0.31223590422735803,35.92940616707068,-0.7122692898198011,0.08079309935711673,-0.7930623891769178,210.49769650000007
2020-02-25,0,0,1,1,0,0,0,0,195.69641,-1.9679129,-0.0523,-0.0057,0.5,78.0,-0.8736303947645231,0.18491172797765193,0.0015000000000000013,-0.0032,42.0,0.0466,0.006482282568138403,32.74482622995882,-1.8245564882857366,-0.3002768181714539,-1.5242796701142827,209.45243100000008
2020-02-26,0,1,0,0,0,0,0,0,196.12404,0.21852255,-0.004,-0.0028,0.875,131.0,-0.3031867035568068,0.5641736891859792,0.048299999999999996,0.0029000000000000002,53.0,0.0012000000000000001,0.3792619612083273,33.43645047118344,-2.641100971547843,-0.7684416488467317,-1.8726593227011112,208.15803250000008
2020-02-27,0,1,1,1,0,0,0,0,188.71469,-3.7778914,-0.0325,-0.0011,1.458,147.0,0.59144395440905,0.3413312937109751,-0.0285,0.0017,16.0,0.031400000000000004,-0.22284239547500412,28.053418837954087,-3.8418050428039123,-1.3831143276381679,-2.4586907151657442,207.1744280000001
2020-02-28,0,1,1,0,0,0,0,0,191.41988,1.4334679,-0.1059,-0.0154,0.833,174.0,-0.3628119792817162,-0.263898303259416,-0.07339999999999999,-0.0143,27.0,0.0905,-0.6052295969703911,32.33656738576395,-4.522947719226153,-2.0110810059557647,-2.511866713270388,206.7050045000001
2020-03-02,0,0,0,0,1,0,0,0,195.36818,2.0626545,-0.0304,-0.0048,0.583,42.0,-0.7659512565515476,0.3436924660774978,0.0755,0.010600000000000002,-132.0,0.0256,0.6075907693369138,38.12627085493584,-4.690098844978905,-2.546884573760393,-2.1432142712185125,206.31961800000008
2020-03-03,0,0,0,0,0,0,0,0,184.87576,-5.370599,-0.0131,-0.0034,1.042,142.0,-0.07375245257173643,0.47645488150746274,0.0173,0.0013999999999999998,100.0,0.0097,0.13276241542996492,30.626473987365678,-5.604611449543256,-3.1584299489169654,-2.446181500626291,205.1291485000001
2020-03-04,0,0,0,0,0,0,0,0,190.71373,3.1577826,-0.0062,-0.0045,1.333,185.0,0.363611934485163,0.526606222125883,0.006900000000000001,-0.0010999999999999998,43.0,0.0017000000000000001,0.050151340618420304,37.941220456145764,-5.791532704406563,-3.685050500014885,-2.1064822043916784,204.21665400000012
2020-03-05,0,0,0,0,0,0,0,0,184.1597,-3.4365833,-0.0055,-0.0028,1.542,155.0,0.6778664566381783,0.5149429207406906,0.0007000000000000001,0.0016999999999999997,-30.0,0.0026999999999999997,-0.011663301385192448,33.651393169086475,-6.394809212297702,-4.227002242471448,-2.1678069698262536,202.93966050000012
2020-03-06,0,1,1,0,0,0,0,0,180.10193,-2.203381,-0.0742,-0.0075,1.167,171.0,0.061859982813145975,-0.1000446036231943,-0.0687,-0.004699999999999999,16.0,0.06670000000000001,-0.6149875243638849,31.292377847274754,-7.118283180448344,-4.805258430066827,-2.3130247503815173,201.38618200000013
2020-03-09,0,0,1,1,0,0,0,0,168.57521,-6.400132,-0.7985,-0.0878,1.333,41.0,0.3028608411266517,-4.909765899889122,-0.7242999999999999,-0.08030000000000001,-130.0,0.7107,-4.809721296265927,25.766658591185355,-8.523497905575482,-5.5489063251685575,-2.9745915804069245,199.22006650000012
2020-03-10,0,1,1,1,0,0,0,0,177.21777,5.126846,-0.2688,-0.0298,0.833,126.0,-0.5105496666480537,-1.27056148393184,0.5297000000000001,0.058,85.0,0.239,3.6392044159572814,35.03031343076573,-8.837880748275353,-6.206701209789917,-2.631179538485436,197.77797900000013
2020-03-11,0,0,1,1,0,0,0,0,169.31114,-4.461527,-0.106,-0.0067,1.0,104.0,-0.24708260219976652,-0.170015623447415,0.1628,0.0231,-22.0,0.0993,1.100545860484425,31.194990718568626,-9.614203821635385,-6.88820173215901,-2.726002089476375,195.76303350000012
2020-03-12,0,0,1,1,1,0,0,0,153.62717,-9.263396,-0.0602,-0.0017,0.667,79.0,-0.7715641384559286,0.14346852856966535,0.0458,0.005,-25.0,0.058499999999999996,0.31348415201708035,25.281874326218972,-11.364013479434448,-7.783364081614097,-3.58064939782035,192.84553800000012
2020-03-13,0,1,0,1,0,0,0,0,169.35092,10.235,-0.0376,-0.0123,0.958,109.0,-0.2962017636543468,0.29748166393037406,0.022599999999999995,-0.0106,30.0,0.025300000000000003,0.1540131353607087,37.97535351008644,-11.351126305579754,-8.49691652640723,-2.8542097791725247,190.6625135000001
2020-03-16,0,0,0,0,0,0,0,0,145.21336,-14.252996,-0.0061,-0.0019,0.625,61.0,-0.8756741831445082,0.5090516917847229,0.0315,0.0104,-48.0,0.004200000000000001,0.2115700278543488,29.648523539712734,-13.13717531403455,-9.424968283932694,-3.7122070301018564,187.27261100000013
2020-03-17,0,0,0,0,0,0,0,0,148.60474,2.335465,-0.0047,-0.0036,1.417,133.0,0.4282744008555682,0.5170596821518797,0.0014000000000000002,-0.0017,72.0,0.0011000000000000003,0.008007990367156825,31.907667236522343,-14.116252624772272,-10.36322515210061,-3.753027472671663,183.87226550000014
2020-03-18,0,0,0,0,0,0,0,0,146.15819,-1.6463578,-0.0069,-0.002,2.042,246.0,1.4508422634475338,0.5025001051857712,-0.0021999999999999997,0.0015999999999999999,113.0,0.0049,-0.014559576966108545,31.131015614990677,-14.91763339387137,-11.274106800454762,-3.643526593416608,180.36500700000016
2020-03-19,0,0,0,0,0,0,0,0,152.29451,4.19842,-0.0049,-0.0012,1.375,236.0,0.27597256784645385,0.5154609786334026,0.002,0.0008000000000000001,-10.0,0.0037,0.012960873447631416,35.379555750984295,-14.885987291098616,-11.996482898583533,-2.8895043925150823,177.30927100000014
2020-03-20,0,0,0,0,0,0,0,0,148.91306,-2.2203445,-0.0017,-0.0011,0.75,146.0,-0.8768225720753172,0.5218798882353669,0.0031999999999999997,9.999999999999983e-05,-90.0,0.0005999999999999998,0.00641890960196434,34.13006563641704,-14.96129775426985,-12.589445869720796,-2.371851884549054,174.30326250000013
2020-03-23,0,0,0,0,0,0,0,0,147.29196,-1.0886192,-0.0083,-0.0033,0.708,91.0,-0.9313072635389509,0.47103687808723366,-0.0066,-0.0021999999999999997,-55.0,0.005,-0.05084301014813325,33.51889613214333,-14.979121077218593,-13.067380911220356,-1.9117401659982374,171.68661750000015
2020-03-24,0,0,0,0,0,0,0,0,160.10168,8.696818,-0.0043,-0.0018,1.583,111.0,0.6303862663086774,0.47639033580737766,0.004,0.0015,20.0,0.0025,0.005353457720144006,42.30993315594868,-13.800524978933765,-13.214009724763038,-0.5865152541707275,169.90688100000017
2020-03-25,0,1,1,0,0,0,0,0,155.35773,-2.963096,-0.0347,0.0021,1.875,207.0,1.139907071392084,0.2505012207929618,-0.030400000000000003,0.0039,96.0,0.0368,-0.2258891150144159,40.19035757806873,-13.098287295332455,-13.19086523887692,0.09257794354446602,167.86856550000016
2020-03-26,0,0,0,0,0,0,0,0,162.44879,4.564357,-0.0332,-0.0053,1.333,126.0,0.09544300499611912,0.26161112132617265,0.0015000000000000013,-0.0074,-81.0,0.0279,0.01110990053321087,44.653611500826756,-11.83316424071225,-12.919325039243986,1.0861607985317363,166.55527050000018
2020-03-27,0,0,0,0,0,0,0,0,155.93452,-4.0100393,-0.009,-0.0011,1.042,116.0,-0.4977432066872379,0.4259603966721914,0.0242,0.0042,-10.0,0.007899999999999999,0.16434927534601873,41.583588480617514,-11.226776955859236,-12.580815422567037,1.3540384667078005,164.78100250000017
2020-03-30,0,0,0,0,0,0,0,0,165.04457,5.842209,-0.0291,-0.0036,1.458,80.0,0.2984845953683958,0.2844077054418264,-0.0201,-0.0024999999999999996,-36.0,0.025500000000000002,-0.14155269123036496,47.064716831094415,-9.897019089312181,-12.044056155916065,2.1470370666038843,163.26482200000015
2020-03-31,0,0,0,0,0,0,0,0,165.88992,0.51220655,-0.017,-0.0039,1.167,149.0,-0.26290140818042085,0.3733121867139305,0.0121,-0.0002999999999999999,69.0,0.0131,0.0889044812721041,47.556447930568936,-8.674964133022485,-11.37023775133735,2.6952736183148644,162.31553000000017
2020-04-01,0,0,1,0,0,0,0,0,158.7292,-4.3165445,-0.0736,-0.0041,0.875,95.0,-0.8324780967835456,-0.02912579946623013,-0.0566,-0.00020000000000000052,-54.0,0.06949999999999999,-0.40243798618016063,43.841342850977576,-8.189879205638562,-10.734166042197591,2.5442868365590297,160.71630350000018
2020-04-02,0,1,0,1,1,0,0,0,157.3269,-0.88346004,-0.0237,-0.0057,1.333,98.0,0.11132398863633505,0.3344315010841753,0.0499,-0.0015999999999999999,3.0,0.018,0.3635573005504054,43.13075515975946,-7.828359342809108,-10.153004702319894,2.324645359510786,159.37466350000017
2020-04-03,0,0,0,0,0,0,0,0,153.33879,-2.534932,-0.0086,-0.001,0.458,106.0,-1.6191198690101758,0.44331595180900274,0.015099999999999999,0.0047,8.0,0.0076,0.10888445072482744,41.09094012784969,-7.774045041813878,-9.677212770218691,1.9031677284048136,158.03650650000017
2020-04-06,0,0,0,0,0,0,0,0,164.64676,7.374501,-0.0215,-0.0017,0.375,39.0,-1.718061951311291,0.35398750046984245,-0.012899999999999998,-0.0006999999999999999,-67.0,0.019799999999999998,-0.08932845133916029,48.524644456333306,-6.740837711497761,-9.089937758474505,2.3491000469767442,157.8400840000002
2020-04-07,0,0,0,0,0,0,0,0,167.90883,1.9812703,-0.0023,0.0007,1.75,174.0,0.9309869136563008,0.4868957968842017,0.0192,0.0024,135.0,0.003,0.13290829641435925,50.46649397679678,-5.594304017244411,-8.390811010228486,2.7965069929840745,157.37463700000018
2020-04-08,0,0,0,0,0,0,0,0,173.3291,3.2280922,-0.0099,-0.0011,1.417,121.0,0.25640943129450683,0.4300017770297351,-0.007600000000000001,-0.0018,-53.0,0.0088,-0.056894019854466626,53.59875656689734,-4.199883669698437,-7.552625542122476,3.3527418724240388,157.57553500000017
2020-04-09,0,0,0,0,0,0,0,0,174.23413,0.5221486,-0.0097,-0.0016,1.0,120.0,-0.5739509066537924,0.429659537005844,0.00020000000000000052,-0.0005,-1.0,0.0081,-0.00034224002389104946,54.12043766258533,-2.9873310478923543,-6.639566643276451,3.652235595384097,158.60588300000015
2020-04-10,0,0,1,0,0,0,0,0,174.23413,0.0,-0.314,-0.0107,0.542,76.0,-1.4297873687182543,-1.7484159136736321,-0.3043,-0.009099999999999999,-44.0,0.3033,-2.178075450679476,54.12043766258533,-2.003281773851768,-5.712309669391514,3.709027895539746,158.85004350000014
2020-04-13,0,0,1,0,0,0,0,0,173.83632,-0.22832751,-0.0781,-0.0031,0.292,31.0,-1.8386953867280926,-0.052776596009945435,0.2359,0.007599999999999999,-45.0,0.075,1.6956393176636868,53.8120216794807,-1.241207707023932,-4.8180892769179975,3.5768815698940655,160.28119150000015
2020-04-14,0,1,1,0,1,0,0,1,177.19788,1.9337535,-0.0336,-0.0014,2.558,55.0,2.346791782036239,0.26532015104306805,0.044500000000000005,0.0017,24.0,0.0322,0.3180967470530135,56.08919870427032,-0.3618376807967252,-3.926838957693743,3.565001276897018,161.71084850000014
2020-04-15,0,0,1,0,0,0,0,0,176.00441,-0.6735146,-0.3455,-0.0082,2.988,55.0,2.8526628443018534,-1.8740723507509975,-0.31189999999999996,-0.0068000000000000005,0.0,0.3373,-2.139392501794066,55.051450643938,0.2360453617550604,-3.0942620938039824,3.330307455559043,163.20315950000014
2020-04-16,0,1,0,0,1,0,0,1,175.28836,-0.40684938,-0.0233,-0.0019,3.34,89.0,3.0962751718137715,0.3666571416035628,0.3222,0.006300000000000001,34.0,0.021400000000000002,2.24072949235456,54.40111579358663,0.6446614735918672,-2.3464773803248127,2.99113885391668,164.35285200000013
2020-04-17,0,0,0,0,0,0,0,0,178.26204,1.6964555,-0.0135,-0.0013,3.699,245.0,3.2466501462813326,0.43018040928721313,0.009800000000000001,0.0006000000000000001,156.0,0.012199999999999999,0.06352326768365035,56.689340264632435,1.1946723706310536,-1.6382474301336394,2.832919800764693,165.82030100000014
2020-04-20,0,0,0,0,0,0,0,0,177.2675,-0.5579114,-0.0033,-0.0007,4.0,178.0,3.2631495118435168,0.5044867515069602,0.0102,0.0006,-67.0,0.0026,0.07430634221974708,55.68292058019233,1.5326415649423097,-1.0040696311184494,2.536711196060759,167.31907800000013
2020-04-21,0,0,0,1,0,0,0,0,169.86809,-4.174149,-0.0212,-0.008,3.712,293.0,2.678445813068919,0.3799061774261513,-0.0179,-0.0073,115.0,0.0132,-0.12458057408080891,48.74866328815167,1.1896999187195831,-0.5653157211508428,1.755015639870426,167.80739850000015
2020-04-22,1,1,0,0,0,0,0,0,181.28548,6.721306,0.0188,0.028,3.916,488.0,2.736522645935778,0.6567110916331835,0.04,0.036000000000000004,195.0,0.0092,0.27680491420703224,57.53593305009551,1.8182445557961273,-0.08860366576144874,1.906848221557576,169.10378600000013
2020-04-23,1,0,0,0,0,0,0,0,184.11992,1.5635371,0.0187,0.0112,2.884,293.0,1.5588280481725039,0.6343771759250896,-9.99999999999994e-05,-0.016800000000000002,-195.0,-0.0075000000000000015,-0.022333915708093954,59.39712294402448,2.5160824958897763,0.4323335665687963,2.08374892932098,170.18734250000014
2020-04-24,0,0,0,0,0,0,0,0,189.03297,2.6683927,-0.0083,0.0019,2.703,142.0,1.3198351501638603,0.4183529972362982,-0.027000000000000003,-0.0093,-151.0,0.0102,-0.21602417868879137,62.467849521128485,3.4260725344715297,1.0310813601493432,2.3949911743221866,171.84226500000017
2020-04-27,0,0,0,0,0,0,0,0,186.47699,-1.3521373,-0.0207,0.0017,2.126,104.0,0.6663585356503168,0.3132278963289035,-0.0124,-0.0002000000000000001,-38.0,0.0224,-0.10512510090739469,59.928577320019336,3.8960882908022825,1.6040827462799312,2.2920055445223513,172.91388600000016
2020-04-28,0,0,1,0,0,0,0,0,181.91203,-2.4479985,-0.0365,-0.0024,2.81,101.0,1.3769455782251931,0.18476688808587116,-0.015799999999999998,-0.0040999999999999995,-3.0,0.0341,-0.12846100824303236,55.58289407981252,3.855778033901288,2.0544218038042024,1.8013562300970856,173.71499150000017
2020-04-29,0,0,0,0,0,0,0,0,193.13048,6.1669707,-0.0187,-0.0037,3.228,160.0,1.747339979523406,0.3260879063736752,0.017799999999999996,-0.0013000000000000004,59.0,0.015000000000000001,0.14132101828780402,62.73461108374193,4.675174521697926,2.578572347382947,2.0966021743149788,175.43505550000015
2020-04-30,1,1,1,0,0,0,0,0,203.5931,5.4173827,0.3966,0.0627,3.661,211.0,2.08598869718646,3.2970308503810055,0.4153,0.0664,51.0,-0.3339,2.9709429440073305,67.9221112000761,6.0984984420890385,3.2825575663241655,2.815940875764873,177.74836550000015
2020-05-01,0,0,1,0,0,0,0,0,201.1664,-1.191932,0.223,0.0103,1.982,132.0,0.3759812525822787,1.9319720093876698,-0.1736,-0.0524,-79.0,-0.2127,-1.3650588409933357,65.63977374128002,6.95055680202978,4.016157413465288,2.9343993885644917,180.13974600000014
2020-05-04,0,0,1,0,0,0,0,0,204.14006,1.478219,0.1523,0.0061,0.708,57.0,-0.9074019670030381,1.3696057049230201,-0.07070000000000001,-0.0042,-75.0,-0.1462,-0.5623663044646496,67.09872670831962,7.776130311361953,4.768151993044621,3.007978318317332,182.11441100000016
2020-05-05,0,1,0,0,0,0,0,0,205.9402,0.88181496,0.0027,0.0023,0.852,94.0,-0.7415914955063535,0.2881249371577046,-0.14959999999999998,-0.0038000000000000004,37.0,-0.0004000000000000002,-1.0814807677653155,67.9849419695093,8.47793120543858,5.510107835523413,2.967823369915167,184.01597950000016
2020-05-06,0,1,0,0,0,0,0,0,207.33255,0.6760955,-0.031,-0.0014,1.524,101.0,-0.05468664164182002,0.03875096463468484,-0.0337,-0.0037,7.0,0.0296,-0.24937397252301977,68.68748240639566,9.042231265408162,6.216532521500363,2.8256987439077994,185.71615200000016
2020-05-07,0,1,0,0,0,0,0,0,210.10735,1.338315,-0.0037,-0.0011,1.326,212.0,-0.24867433180995252,0.23369860615197005,0.027299999999999998,0.0002999999999999999,111.0,0.0026,0.19494764151728522,70.09585130747257,9.602652893413847,6.89375659588306,2.708896297530787,187.50981300000018
2020-05-08,0,0,0,0,0,0,0,0,211.1914,0.51596165,-0.0012,0.0015,1.192,158.0,-0.37222653786731996,0.25061460904506133,0.0025000000000000005,0.0026,-54.0,0.0027,0.01691600289309128,70.65123180949342,10.018774648764008,7.51876020645925,2.5000144423047583,189.3576765000002
2020-05-11,0,0,0,0,0,0,0,0,212.01686,0.39086342,-0.0012,0.0004,0.765,41.0,-0.7829543392069734,0.24962863616360131,0.0,-0.0011,-117.0,0.0015999999999999999,-0.0009859728814600177,71.09149883861143,10.296470557955587,8.074302276758518,2.222168281197069,191.2667035000002
2020-05-12,0,0,0,0,0,0,0,0,208.95366,-1.4447808,-0.0011,-0.0008,1.245,98.0,-0.29619287251941234,0.24997835636451707,9.999999999999983e-05,-0.0012000000000000001,57.0,0.00030000000000000003,0.00034972020091575406,67.07060582410901,10.15234204740247,8.489910230887308,1.6624318165151628,192.8544925000002
2020-05-13,0,1,1,1,0,0,0,0,203.98097,-2.3798168,-0.1202,-0.002,1.663,186.0,0.12082119904515419,-0.5904628011287564,-0.1191,-0.0012000000000000001,88.0,0.1182,-0.8404411574932734,61.03545978554291,9.527042820645448,8.697336748838936,0.8297060718065126,194.2533205000002
2020-05-14,0,0,1,0,0,0,0,0,205.68161,0.83373785,-0.0881,-0.0025,0.907,119.0,-0.6452524299248446,-0.3529783298568188,0.032100000000000004,-0.0005,-67.0,0.0856,0.23748447127193756,62.28534848288216,9.064229320244408,8.77071526312003,0.29351405712437817,195.7729830000002
2020-05-15,0,1,0,0,1,0,0,0,209.72942,1.9679904,-0.0111,-0.0011,2.137,133.0,0.5754360222111925,0.19713718759840682,0.077,0.0014,14.0,0.01,0.5501155174552257,65.15076308937479,8.921232312007191,8.800818672897462,0.12041363910972969,197.3463520000002
2020-05-18,0,0,0,0,0,0,0,0,212.02681,1.0954142,0.0029,0.0025,1.464,81.0,-0.1202109503566829,0.2902929143154799,0.014,0.0036,-52.0,-0.00039999999999999975,0.09315572671707306,66.69728576690433,8.89079873219734,8.818814684757438,0.07198404743990139,199.0843175000002
2020-05-19,0,0,0,0,0,0,0,0,215.69667,1.7308474,-0.006,0.002,2.122,170.0,0.5258565333617432,0.2211154674921086,-0.0089,-0.0005,89.0,0.008,-0.06917744682337126,69.05935102742481,9.05838748041245,8.86672924388844,0.1916582365240096,201.3757465000002
2020-05-20,0,1,1,0,0,0,0,0,228.71524,6.03559,-0.044,-0.0031,2.114,251.0,0.4978528240193927,-0.045567833374992164,-0.038,-0.0051,81.0,0.0409,-0.2666833008671008,75.65575256568712,10.124978123824121,9.118379019875576,1.0065991039485453,203.7472345000002
2020-05-21,0,0,1,0,0,0,1,0,230.12752,0.61746836,-0.0492,0.0216,2.39,163.0,0.7620638994314444,-0.0807345943022885,-0.005200000000000003,0.0247,-88.0,0.0708,-0.03516676092729634,76.24735752648567,10.957902210556057,9.486283658011672,1.4716185525443848,206.04761450000018
2020-05-22,0,1,0,0,1,0,0,0,233.6283,1.5212417,-0.0033,0.0041,2.219,386.0,0.5652357150050921,0.2354014478187321,0.0459,-0.0175,223.0,0.0074,0.3161360421210206,77.69438991960499,11.764866184940871,9.942000163397513,1.8228660215433585,208.2773810000002
2020-05-25,0,0,0,0,0,0,0,0,233.6283,0.0,-0.0051,-0.0024,0.391,48.0,-1.3031458209245013,0.21941342277834414,-0.0018000000000000004,-0.006500000000000001,-338.0,0.0027000000000000006,-0.01598802504038796,77.69438991960497,12.263030367892583,10.406206204296527,1.8568241635960554,210.6349465000002
2020-05-26,0,0,0,0,0,0,0,0,230.93307,-1.153636,-0.0175,-0.0013,0.889,47.0,-0.7897703699587307,0.13123862430035382,-0.012400000000000001,0.0010999999999999998,-1.0,0.016200000000000003,-0.08817479847799031,73.68615999684097,12.298576205044043,10.78468020444603,1.513896000598013,213.0859985000002
2020-05-27,0,0,0,0,0,0,0,0,227.88979,-1.3178289,-0.015,-0.003,1.31,148.0,-0.3596125529208154,0.150203416006287,0.0025000000000000022,-0.0017000000000000001,101.0,0.012,0.01896479170593318,69.33649686012706,11.943502018139384,11.0164445671847,0.927057450954683,214.82396400000022
2020-05-28,0,1,1,1,0,0,0,0,224.22986,-1.6059995,-0.1693,-0.0082,3.349,281.0,1.6506216470489998,-0.9278460699273195,-0.1543,-0.005200000000000001,133.0,0.1611,-1.0780494859336065,64.41210355394273,11.237241478335022,11.060603949414766,0.17663752892025641,215.8558020000002
2020-05-29,0,1,1,1,0,0,0,0,223.86188,-0.16411543,-0.137,-0.004,1.663,434.0,-0.03770439463914312,-0.6884481097309086,0.032299999999999995,0.004200000000000001,153.0,0.133,0.2393979601964109,63.92055379790197,10.526489186712382,10.95378099687429,-0.42729181016190765,216.99057600000023
2020-06-01,0,0,1,0,0,0,0,0,230.64467,3.0299067,-0.0814,-0.0031,2.102,80.0,0.387911913538342,-0.5338686191411826,0.05560000000000001,0.0009000000000000002,-354.0,0.0783,0.1545794905897261,68.66702142999486,10.390749252401633,10.84117464797976,-0.4504253955781259,218.31580650000024
2020-06-02,0,1,1,0,0,0,0,0,231.45026,0.3492713,-0.0522,-0.0037,2.666,360.0,0.9200571000624105,-0.29367897332281195,0.029199999999999997,-0.0006000000000000003,280.0,0.0485,0.2401896458183706,69.18552976879106,10.230250793868692,10.718989877157545,-0.48873908328885385,219.59130950000022
2020-06-03,0,1,1,0,0,0,0,0,228.9042,-1.1000335,-0.075,-0.0017,1.957,415.0,0.19741777234796898,-0.5403637972830795,-0.022799999999999994,0.002,55.0,0.0733,-0.24668482396026753,65.49650605271343,9.784815582267441,10.532155018179525,-0.7473394359120835,220.6698920000002
2020-06-04,0,0,1,0,0,0,0,0,225.05533,-1.6814411,-0.0398,-0.0012,0.857,194.0,-0.9114158674562259,-0.17342890544718761,0.035199999999999995,0.0005,-221.0,0.0386,0.3669348918358919,60.265178477634606,9.017287646314713,10.229181543806563,-1.2118938974918496,221.4172910000002
2020-06-05,0,0,0,0,1,0,0,0,229.51088,1.9797683,-0.0079,-0.0013,1.0,192.0,-0.76873648727241,0.15763079755536547,0.0319,-0.00010000000000000005,-2.0,0.006600000000000001,0.33105970300255305,63.86344473255762,8.668615472604557,9.917068329566161,-1.2484528569616042,222.3332650000002
2020-06-08,0,0,1,0,0,0,0,0,230.13744,0.27298927,-0.1317,-0.0019,0.584,89.0,-1.18569771799337,-1.1135503348078841,-0.12380000000000001,-0.0006000000000000001,-103.0,0.1298,-1.2711811323632496,64.35232140017771,8.346633621719349,9.602981387996799,-1.2563477662774503,223.23929400000026
2020-06-09,0,0,1,0,0,0,0,0,237.36778,3.141749,-0.2091,0.0019,0.219,85.0,-1.5040141367398665,-1.8308097463788136,-0.0774,0.0038,-4.0,0.21100000000000002,-0.7172594115709294,69.48300328454646,8.576029566219887,9.397591023641416,-0.8215614574215291,224.66000000000022
2020-06-10,0,1,0,0,1,1,0,0,235.43837,-0.81284046,-0.02,0.0088,0.861,128.0,-0.8464912014281848,0.08685338910519913,0.18910000000000002,0.006900000000000001,43.0,0.0288,1.9176631354840126,66.72324233503942,8.504110154461415,9.218894849805416,-0.7147846953440009,226.23287000000022
2020-06-11,0,0,0,0,0,0,0,0,223.20549,-5.1957965,-0.0139,-0.0019,0.975,162.0,-0.7254997926380851,0.1502275163655195,0.006100000000000001,-0.010700000000000001,34.0,0.011999999999999999,0.06337412726032038,52.48859518150131,7.37500782155135,8.850117444154602,-1.4751096226032523,227.10906400000027
2020-06-12,0,0,0,1,0,0,0,0,227.33286,1.8491387,-0.0308,-0.0022,1.015,233.0,-0.6931998950422874,-0.016159914126191548,-0.016900000000000002,-0.00030000000000000014,71.0,0.0286,-0.16638743049171106,55.90659892476,6.735586702359143,8.42721129579551,-1.6916245934363676,227.9892360000003
2020-06-15,0,0,1,0,0,0,0,0,231.23146,1.7149329,-0.0742,-0.0011,0.912,45.0,-0.8000553527902011,-0.4446053466372164,-0.0434,0.0011,-188.0,0.0731,-0.42844543251102485,58.91333631313444,6.46885634740957,8.035540306118323,-1.5666839587087527,228.94946850000028
2020-06-16,0,1,0,0,1,0,0,0,234.36426,1.3548374,-0.0043,-0.003,0.883,203.0,-0.8125910809044514,0.2634004337464589,0.0699,-0.0019,158.0,0.0013,0.7080057803836752,61.2027860536554,6.436070384444406,7.71564632178354,-1.2795759373391338,229.88284800000028
2020-06-17,0,0,0,0,0,0,0,0,234.24493,-0.050920248,-0.0139,-0.0008,2.561,248.0,0.8143392160589463,0.16261796164551445,-0.0096,0.0022,45.0,0.013099999999999999,-0.10078247210094443,61.06320980552338,6.327518642697413,7.438020785966314,-1.110502143268901,230.1593325000003
2020-06-18,0,0,0,0,0,0,0,0,234.65268,0.17408133,-0.0152,-0.0009,1.657,305.0,-0.07107230292935854,0.14638955392721353,-0.0013000000000000008,-9.999999999999994e-05,57.0,0.0143,-0.01622840771830092,61.38725087992213,6.202889572750962,7.190994543323244,-0.988104970572282,230.38559050000032
2020-06-19,0,0,1,0,0,0,0,0,237.48712,1.2079358,-0.0803,-0.0134,1.076,270.0,-0.6381632971943494,-0.49982062780086495,-0.06509999999999999,-0.0125,-35.0,0.0669,-0.6462101817280785,63.651795395601106,6.260666688060667,7.004928972270728,-0.7442622842100617,230.57853150000028
2020-06-22,0,0,0,0,1,0,0,0,237.9148,0.18007755,-0.0078,-0.0015,0.394,52.0,-1.2686758774165579,0.2292394665755976,0.0725,0.0119,-218.0,0.0063,0.7290600943764626,63.9949187593808,6.268703952898079,6.8576839683961985,-0.5889800154981195,230.79285650000028
2020-06-23,0,0,0,0,0,0,0,0,240.9183,1.2624383,-0.0064,-0.0063,0.804,165.0,-0.8648644087528589,0.241515213504949,0.0013999999999999993,-0.0048000000000000004,113.0,0.00010000000000000026,0.012275746929351405,66.39416795344135,6.443158175173579,6.774778809751675,-0.3316206345780959,231.2921180000003
2020-06-24,0,1,1,0,0,0,0,0,232.74316,-3.3933282,-0.0475,-0.0041,0.894,198.0,-0.7791294687968268,-0.17818761567187646,-0.0411,0.0021999999999999997,33.0,0.0434,-0.41970282917682544,55.544741959439015,5.854264609433017,6.590675969687943,-0.7364113602549267,231.53478650000028
2020-06-25,0,0,0,0,1,0,0,0,234.39409,0.70933104,-0.0143,-0.0046,0.552,177.0,-1.0844529438926291,0.15594571122109271,0.0332,-0.0004999999999999996,-21.0,0.0097,0.33413332689296915,57.07038172462746,5.457863615084335,6.364113498767222,-0.9062498836828867,232.04299800000027
2020-06-26,0,0,0,0,0,0,0,0,214.90105,-8.316356,-0.0102,-0.0033,2.182,168.0,0.4406562321437731,0.1976816876137008,0.0040999999999999995,0.0013,-9.0,0.006900000000000001,0.04173597639260809,39.73210203365451,3.530094817630726,5.797309762539923,-2.267214944909197,231.59495650000025
2020-06-29,0,0,1,1,0,0,0,0,219.43617,2.1103263,-0.2085,-0.0176,2.485,162.0,0.7048749843219334,-1.7296424057302637,-0.19829999999999998,-0.0143,-6.0,0.1909,-1.9273240933439646,43.99510018372334,2.3412816023308096,5.1061041304981005,-2.764822528167291,231.03453150000027
2020-06-30,0,1,1,1,0,0,0,0,225.83109,2.91425,-0.1698,-0.0133,2.126,269.0,0.3504021051097926,-1.3025882782126683,0.038699999999999984,0.004300000000000002,107.0,0.1565,0.4270541275175954,49.42730587433083,1.8933300336219645,4.463549311122874,-2.570219277500909,230.75357300000027
2020-07-01,0,1,1,0,0,0,0,0,236.2539,4.615319,-0.0699,-0.0079,1.799,286.0,0.027594044752643553,-0.32267884176743833,0.0999,0.0053999999999999986,17.0,0.062,0.97990943644523,56.78467221892316,2.352243647498284,4.041288178397956,-1.6890445308996718,231.12105800000026
2020-07-02,0,1,1,0,0,0,0,0,232.14642,-1.738584,-0.1096,-0.0064,1.919,347.0,0.12967466390005997,-0.6894536344948885,-0.0397,0.0015000000000000005,61.0,0.1032,-0.36677479272745017,53.48254589295948,2.3573229330424113,3.7044951293268467,-1.3471721962844354,231.47561250000027
2020-07-03,0,0,1,0,0,0,0,0,232.14642,0.0,-0.14,-0.0077,0.534,257.0,-1.218850144984045,-1.069210353395754,-0.03040000000000001,-0.0013,-90.0,0.1323,-0.3797567189008655,53.48254589295948,2.3344383512545903,3.430483773712395,-1.096045422457805,231.60738950000027
2020-07-06,0,0,1,0,0,0,0,0,238.969,2.9389143,-0.0418,-0.0025,0.839,76.0,-0.9409215617480006,-0.07149605822188297,0.09820000000000001,0.0052,-181.0,0.039299999999999995,0.997714295173871,58.16860201126938,2.8341569455660363,3.3112184080831235,-0.47706146251708725,232.04896750000026
2020-07-07,0,1,0,0,1,0,0,0,239.54585,0.24138689,-0.0047,0.0025,1.663,217.0,-0.11564327657699769,0.3032553334301093,0.037099999999999994,0.005,141.0,0.0072,0.3747513916519923,58.54881542724624,3.239392802128407,3.2968532868921803,-0.05746048476377341,232.15787100000028
2020-07-08,0,0,0,0,0,0,0,0,242.251,1.1292815,-0.0113,-0.0044,2.476,385.0,0.7026709837235556,0.19667440001195277,-0.006599999999999999,-0.0069,168.0,0.006899999999999999,-0.10658093341815653,60.36802972191705,3.7357645666473047,3.3846355428432053,0.3511290238040994,232.4985025000003
2020-07-09,0,0,1,0,0,0,0,0,243.16597,0.3777027,-0.1043,-0.0064,0.954,288.0,-0.7881064036934313,-0.8303520054139966,-0.093,-0.002,-97.0,0.0979,-1.0270264054259493,60.991628025986024,4.155076068003751,3.5387236478753143,0.6163524201284369,233.4965265000003
2020-07-10,0,0,1,0,0,0,0,0,243.73286,0.23313761,-0.0943,-0.0042,0.373,126.0,-1.3469178353131324,-0.7005735524216915,0.010000000000000009,0.0022000000000000006,-162.0,0.0901,0.12977845299230506,61.39691061707947,4.481467175129097,3.7272723533260708,0.7541948218030265,234.3165265000003
2020-07-13,0,0,0,0,1,0,0,0,237.69598,-2.4768472,-0.0022,0.0029,0.681,78.0,-1.0145104479886666,0.32603433373603585,0.0921,0.0070999999999999995,-48.0,0.0051,1.0266078861577275,54.86024462682233,4.204541379570571,3.822726158574971,0.3818152209956005,234.6397525000003
2020-07-14,0,0,0,0,0,0,0,0,238.42198,0.30543804,-0.0121,-0.0028,0.138,121.0,-1.5738785929980985,0.2139141980346492,-0.009899999999999999,-0.0057,43.0,0.0093,-0.11212013570138665,55.47419088432376,3.9975762533686634,3.8576961775337093,0.1398800758349541,234.8426385000003
2020-07-15,0,0,0,0,0,0,0,0,238.969,0.2294302,-0.0167,0.002,0.429,135.0,-1.246923213821652,0.16965475580313163,-0.0046,0.0048000000000000004,14.0,0.0187,-0.044259442231517565,55.9602258414854,3.8335045875025457,3.8528578595274765,-0.019353272024930757,235.0788420000003
2020-07-16,0,0,0,0,0,0,0,0,239.61543,0.27050972,-0.0083,-0.003,1.108,126.0,-0.43339011153302986,0.26910573168625107,0.0084,-0.005,-9.0,0.0053,0.09945097588311944,56.56363533417188,3.7128388141031508,3.824854050442611,-0.11201523633946042,235.32697950000028
2020-07-17,0,0,0,0,0,0,0,0,240.70944,0.45657158,-0.027,-0.0022,0.475,174.0,-1.1479673212508579,0.0632597122638403,-0.0187,0.0007999999999999999,48.0,0.0248,-0.20584601942241076,57.621896938893904,3.6632600023047246,3.7925352408150337,-0.1292752385103091,235.48809550000027
2020-07-20,0,0,1,0,0,0,0,0,244.08096,1.4006495,-0.0454,-0.0075,0.749,68.0,-0.7937411028249786,-0.1382624876891117,-0.018400000000000003,-0.005299999999999999,-106.0,0.0379,-0.201522199952952,60.79220266798712,3.8516228135475217,3.8043527553615313,0.04727005818599039,235.7964035000003
2020-07-21,0,1,1,0,0,0,0,0,240.43098,-1.4953971,-0.0661,-0.0035,0.521,127.0,-1.0361826415156299,-0.3642233499795762,-0.020700000000000003,0.004,59.0,0.0626,-0.22596086229046453,55.91534511773973,3.6641408814608383,3.7763103805813927,-0.1121694991205544,235.7720375000003
2020-07-22,0,1,0,0,1,0,0,0,238.56122,-0.77766776,-0.0158,-0.0043,0.66,147.0,-0.8483684515995416,0.19808453478834884,0.050300000000000004,-0.0007999999999999999,20.0,0.011500000000000002,0.562307884767925,53.54562922792462,3.3263420927152936,3.686316723008173,-0.35997463029287946,236.06294050000028
2020-07-23,0,0,0,0,0,0,0,0,231.3309,-3.0308068,-0.0135,-0.0032,0.439,148.0,-1.1353773514531493,0.3869214783190824,0.0023000000000000017,0.0010999999999999998,1.0,0.0103,0.18883694353073358,45.51301021403239,2.4470002258324257,3.4384534235730237,-0.991453197740598,235.9097810000003
2020-07-24,0,0,1,1,0,0,0,0,229.45122,-0.81255436,-0.0497,-0.0014,0.445,130.0,-1.0899123490616391,-0.08009513543658658,-0.0362,0.0018000000000000002,-18.0,0.0483,-0.467016613755669,43.67853320497302,1.5802251423677092,3.066807767331961,-1.4865826249642518,236.63728950000026
2020-07-27,0,0,0,0,1,0,0,0,232.22598,1.2093067,-0.0107,-0.002,0.981,109.0,-0.37454320138987457,0.6771232433973124,0.039,-0.0006000000000000001,-21.0,0.0087,0.7572183788338991,47.07012641804497,1.1044679670906135,2.6743398072836913,-1.5698718401930778,237.2767800000003
2020-07-28,0,1,1,0,0,0,0,0,228.86443,-1.4475405,-0.1693,-0.0063,1.569,175.0,0.4054484558841531,-2.1107715748026448,-0.15860000000000002,-0.0043,66.0,0.163,-2.787894818199957,43.64144044331985,0.4509793771488262,2.2296677212567184,-1.7786883441078922,237.4284470000003
2020-07-29,0,1,1,0,0,0,0,0,232.01712,1.3775468,-0.119,-0.0041,3.382,284.0,2.646754457050476,-1.1781465287328623,0.05030000000000001,0.0021999999999999997,109.0,0.11489999999999999,0.9326250460697825,47.5036665495005,0.18534416420698108,1.820803009846771,-1.6354588456397898,237.21660800000032
2020-07-30,0,1,1,0,0,0,0,0,233.22054,0.5186677,-0.2944,-0.0012,3.319,447.0,2.396243296794878,-3.6781337708110255,-0.1754,0.0029000000000000007,163.0,0.2932,-2.4999872420781633,48.94200859324332,0.07111253966044728,1.4708649158095062,-1.399752376149059,237.27031400000033
2020-07-31,1,0,1,0,1,1,0,1,252.28593,8.174837,0.2442,0.0881,2.553,306.0,1.4192703728205054,3.9533550586891746,0.5386,0.0893,-141.0,-0.15610000000000002,7.6314888295002,65.20660174009706,1.5016902407745931,1.4770299808025236,0.024660259972069554,238.27728950000034
2020-08-03,0,0,1,0,0,0,0,0,250.58528,-0.67409873,-0.1202,-0.0033,0.785,58.0,-0.6786638289882103,-0.8703906161101024,-0.3644,-0.0914,-248.0,0.1169,-4.823745674799277,63.270471871889775,2.469735559416449,1.6755710965253088,0.7941644628911404,238.85810350000034
2020-08-04,0,1,0,0,1,0,0,0,248.4669,-0.8453727,-0.0235,0.0032,0.565,142.0,-0.9196342952997332,0.42020110843274705,0.09670000000000001,0.006500000000000001,84.0,0.0267,1.2905917245428493,60.84690494640941,3.031042910951612,1.9466654594105695,1.0843774515410427,239.30415600000032
2020-08-05,0,0,0,0,0,0,0,0,247.76077,-0.28419495,-0.0296,-0.0034,1.774,109.0,0.5020363144180287,0.3206363685095083,-0.006100000000000001,-0.0066,-33.0,0.0262,-0.09956473992323878,60.02157648784356,3.3799423697218742,2.2333208414728305,1.1466215282490437,239.5796445000003
2020-08-06,0,1,1,0,0,0,0,0,263.8326,6.486833,-0.2841,-0.0014,2.086,253.0,0.8428811192707393,-2.8318847029867524,-0.2545,0.002,144.0,0.2827,-3.1525210714962606,69.9967762145823,4.896862089616263,2.766029091101517,2.1308329985147463,240.6129760000003
2020-08-07,0,1,1,0,1,0,0,0,266.97537,1.1911988,-0.0357,0.0082,1.035,301.0,-0.37001288681977046,0.2685963113593541,0.2484,0.009600000000000001,48.0,0.0439,3.1004810143461063,71.49458133786581,6.280232558597731,3.46886978460076,2.8113627739969713,241.7751015000003
2020-08-10,0,0,0,0,0,0,0,0,261.56503,-2.0265222,-0.024,0.0039,0.106,49.0,-1.4141759646775736,0.4216890333809073,0.011700000000000002,-0.004300000000000001,-252.0,0.0279,0.15309272202155322,65.43817236095144,6.860906144738777,4.147277056628363,2.713629088110414,242.96855400000027
2020-08-11,0,1,1,1,0,0,0,0,254.73253,-2.6121676,-0.0495,0.0025,0.772,124.0,-0.6186776233014111,0.11170235293835941,-0.025500000000000002,-0.0013999999999999998,75.0,0.052000000000000005,-0.3099866804425479,58.678008843224106,6.692620137929197,4.65634567288853,2.036274465040667,243.78408150000027
2020-08-12,0,1,1,1,0,0,0,0,258.47202,1.4680028,-0.1113,-0.0055,0.261,161.0,-1.172429322819164,-0.6489618207655913,-0.061799999999999994,-0.008,37.0,0.10579999999999999,-0.7606641737039507,61.0496800872052,6.782809846121921,5.081638507535208,1.7011713385867129,244.75923250000028
2020-08-13,0,0,1,0,0,0,0,0,259.8743,0.5425215,-0.1356,-0.0044,0.451,157.0,-0.9214890965585059,-0.9285506464815158,-0.024300000000000002,0.0010999999999999994,-4.0,0.1312,-0.27958882571592447,61.932028343738544,6.888037112129069,5.442918228453981,1.4451188836750886,245.77217600000031
2020-08-14,0,0,1,0,1,0,0,0,259.8146,-0.02295971,-0.0593,-0.0055,0.181,120.0,-1.1957003426336952,0.032233320157947457,0.0763,-0.0010999999999999994,-37.0,0.0538,0.9607839666394632,61.8677717422764,6.887221584218679,5.731778899606921,1.1554426846117583,246.7274340000003
2020-08-17,0,0,1,0,0,0,0,0,259.73508,-0.030618906,-0.4048,-0.0015,0.92,120.0,-0.3466291836403058,-3.6909207954476098,-0.3455,0.004,0.0,0.4033,-3.723154115605557,61.775831050265076,6.801752306406058,5.9457735809667485,0.8559787254393099,247.51014000000032
2020-08-18,0,0,1,0,0,0,0,0,260.90863,0.45182705,-0.6532,-0.0033,1.309,109.0,0.10196604649564543,-4.862968980834547,-0.2484,-0.0018,-11.0,0.6499,-1.1720481853869376,62.65779961966369,6.750892874428558,6.10679743965911,0.6440954347694481,248.5340225000003
2020-08-19,0,1,1,0,0,0,0,0,261.1573,0.095295906,-0.2208,-0.0026,1.078,165.0,-0.16498314051930432,-1.16028297217225,0.4324,0.0007000000000000001,56.0,0.2182,3.7026860086622975,62.85338696768892,6.653949412059575,6.216227834139203,0.4377215779203718,249.6638265000003
2020-08-20,0,1,1,0,0,0,0,0,267.54227,2.4448752,-0.1733,-0.0061,0.74,223.0,-0.5398270229477462,-0.7607025379333388,0.04749999999999999,-0.0035000000000000005,58.0,0.16720000000000002,0.3995804342389113,67.55274907290166,7.011510409781181,6.375284349267599,0.6362260605135823,251.47439500000033
2020-08-21,0,0,1,0,0,0,0,0,265.55316,-0.7434666,-0.2835,-0.0039,0.677,124.0,-0.5976797340236676,-1.629201164415982,-0.11019999999999996,0.0022000000000000006,-99.0,0.27959999999999996,-0.8684986264826433,64.80235392191688,7.053072098482943,6.510841899110668,0.5422301993722751,253.27949200000035
2020-08-24,0,0,0,0,1,0,0,0,269.90927,1.6403913,-0.03,-0.0177,0.844,54.0,-0.368297334697554,0.4444136690648295,0.25349999999999995,-0.0138,-70.0,0.012299999999999998,2.0736148334808115,67.88604316704006,7.352753739505886,6.679224267189712,0.673529472316174,255.16365650000034
2020-08-25,0,1,1,0,0,0,0,0,279.2878,3.4747005,-0.2303,-0.0121,0.977,109.0,-0.17156531996365762,-1.1600668258426445,-0.2003,0.005600000000000001,55.0,0.2182,-1.604480494907474,73.30802764368475,8.251899825897027,6.993759378931175,1.258140446965852,257.6848250000004
2020-08-26,0,1,1,0,1,0,0,0,302.25183,8.222342,-0.0364,0.0145,0.988,190.0,-0.1377897609723734,0.40591496599010557,0.19390000000000002,0.0266,81.0,0.0509,1.56598179183275,81.5306989213454,10.694208698985278,7.733849242941996,2.9603594560432827,261.1965605000004
2020-08-27,0,0,1,0,0,0,0,0,291.62012,-3.5174906,-0.0351,0.0131,0.345,166.0,-0.9618452391840244,0.4156980359123435,0.0013000000000000025,-0.0014000000000000002,-24.0,0.0482,0.00978306992223793,70.67543358562975,11.63771361437938,8.514622117229472,3.1230914971499075,264.11653950000033
2020-08-28,0,0,1,0,0,0,0,0,292.05777,0.15006065,-0.1409,-0.0055,0.388,109.0,-0.8866886992088451,-0.4234284459351678,-0.1058,-0.0186,-57.0,0.1354,-0.8391264818475113,70.84750294134243,12.279215600920281,9.267540813967633,3.011674786952648,266.1051315000003
2020-08-31,0,0,1,1,0,0,0,0,291.60028,-0.156641,-0.1733,-0.0024,0.846,56.0,-0.3015530066478256,-0.678537967160087,-0.03240000000000001,0.0031,-53.0,0.1709,-0.25510952122491914,70.38258479092552,12.605387862729629,9.935110223720033,2.670277639009596,268.1558815000003
2020-09-01,0,1,0,0,1,0,0,1,293.82803,0.7639766,-0.017,-0.0031,2.585,337.0,1.8620056492446966,0.5623031005067497,0.1563,-0.0007000000000000001,281.0,0.013900000000000001,1.2408410676668367,71.36789890193988,12.894997038076156,10.527087586591257,2.3679094514848984,270.42393800000025
2020-09-02,0,1,1,0,0,0,0,0,300.84955,2.3896575,-0.1244,-0.0028,1.078,355.0,-0.05575931193420696,-0.2971125695285253,-0.1074,0.0002999999999999999,18.0,0.1216,-0.8594156700352751,74.2730289285829,13.535068533996366,11.128683776072279,2.406384757924087,273.0783770000003
2020-09-03,0,0,1,0,0,0,0,0,289.53162,-3.761983,-0.1457,-0.0022,2.61,239.0,1.8039471169233434,-0.4532908133780625,-0.0213,0.0005999999999999998,-116.0,0.1435,-0.15617824384953716,63.15036596164235,12.979448440668932,11.49883670899161,1.4806117316773229,274.36332800000025
2020-09-04,0,1,1,1,1,0,0,0,281.18735,-2.881968,-0.0725,-0.0015,1.018,470.0,-0.1619930384204657,0.1495352082652689,0.0732,0.0007000000000000001,231.0,0.071,0.6028260216433314,56.439662080141616,11.730579838310746,11.545185334855436,0.18539450345530994,275.07392700000025
2020-09-07,0,0,0,0,0,0,0,0,281.18735,0.0,-0.0058,-0.0013,0.01,70.0,-1.3666510146077289,0.6824535880858925,0.0667,0.0002000000000000001,-400.0,0.0045,0.5329183798206236,56.439662080141616,10.618439710100631,11.359836209904476,-0.7413964998038445,276.0550430000003
2020-09-08,0,0,0,0,0,0,0,0,269.6805,-4.092246,-0.0039,-0.0006,0.338,83.0,-0.9501421825199754,0.69783383164832,0.0018999999999999998,0.0007,13.0,0.0033,0.015380243562427509,48.24095176867478,8.70817163574685,10.82950329507295,-2.121331659326099,276.8024415000003
2020-09-09,0,1,0,1,0,0,0,0,272.22656,0.9440899,-0.0262,-0.0027,0.447,93.0,-0.7926102162474552,0.5185413347165401,-0.0223,-0.0021000000000000003,10.0,0.0235,-0.17929249693177995,49.9726241297283,7.315388937768887,10.126680423612138,-2.8112914858432507,277.4901685000003
2020-09-10,0,0,0,1,0,0,0,0,266.6273,-2.056849,-0.0204,0.0007,0.792,161.0,-0.3505616146316358,0.5667275474508178,0.0058,0.0034000000000000002,68.0,0.0211,0.0481862127342777,46.30367579678034,5.6941465511733895,9.240173649124388,-3.546027097950999,277.82781850000026
2020-09-11,0,0,0,0,0,0,0,0,265.15536,-0.5520582,-0.008,-0.0013,0.527,164.0,-0.6644826232170806,0.6555435458593865,0.012400000000000001,-0.002,3.0,0.0067,0.08881599840856869,45.36084293016916,4.241632128043875,8.240465344908285,-3.9988332168644103,278.0948565000003
2020-09-14,0,0,1,0,0,0,0,0,264.6978,-0.1725316,-0.0701,-0.0027,0.394,47.0,-0.8283647882953444,0.16036542561083508,-0.062099999999999995,-0.0014000000000000002,-117.0,0.0674,-0.49517812024855135,45.05373384725088,3.0187840514831805,7.196129086223264,-4.177345034740084,278.34299250000026
2020-09-15,0,1,1,0,0,0,0,0,270.93365,2.355826,-0.0415,-0.0038,1.538,131.0,0.5651426568095705,0.3991872393296139,0.028599999999999993,-0.0010999999999999998,84.0,0.037700000000000004,0.23882181371877884,50.02010503652112,2.523756822821838,6.261654633542979,-3.737897810721141,278.8442435000003
2020-09-16,0,1,1,0,0,0,0,0,262.08218,-3.267026,-0.117,-0.0112,2.64,161.0,1.8303006585031592,-0.2082245843596197,-0.07550000000000001,-0.0074,30.0,0.1058,-0.6074118236892336,43.94793543443527,1.40105404455079,5.289534515744541,-3.888480471193751,278.8904875000003
2020-09-17,0,1,0,0,1,0,0,1,253.42967,-3.3014476,-0.0156,-0.0032,2.186,323.0,1.243401294404016,0.6208882599890313,0.1014,0.008,162.0,0.0124,0.8291128443486511,38.968049922015105,-0.18475154007245465,4.194677304581142,-4.379428844653597,278.18485750000025
2020-09-18,0,0,1,1,0,0,0,0,251.15216,-0.8986771,-0.0537,-0.0069,1.126,247.0,0.010509783490873925,0.3162782544101027,-0.038099999999999995,-0.0036999999999999997,-76.0,0.046799999999999994,-0.3046100055789286,37.75532592771914,-1.606768091670972,3.0343882253307193,-4.641156317001691,277.46480750000023
2020-09-21,0,0,1,1,0,0,0,0,246.79604,-1.7344475,-0.0464,-0.0027,0.456,63.0,-0.7663200584776466,0.3563946235897153,0.007300000000000001,0.0042,-184.0,0.043699999999999996,0.04011636917961259,35.480898261674135,-3.0500696282034596,1.8174966546238833,-4.867566282827343,276.3091460000002
2020-09-22,0,1,0,0,0,0,0,0,253.36005,2.6596785,-0.0208,-0.0015,1.034,104.0,-0.03867147181088748,0.5478870410966242,0.025599999999999998,0.0012000000000000001,41.0,0.019299999999999998,0.19149241750690893,41.22642796785495,-3.622478072743718,0.729501709150363,-4.351979781894081,275.01275850000025
2020-09-23,0,1,1,0,0,0,0,0,247.66133,-2.2492647,-0.1621,-0.0053,1.428,163.0,0.4595306531237436,-0.6054699866485749,-0.14129999999999998,-0.0038,59.0,0.1568,-1.1533570277451992,38.05775313087749,-4.4842631723379895,-0.31325126714730755,-4.1710119051906815,272.2832335000002
2020-09-24,0,1,1,0,0,0,0,0,248.16852,0.20480156,-0.4074,-0.0137,1.575,166.0,0.6538508865733789,-2.449253114913552,-0.2453,-0.008400000000000001,3.0,0.3937,-1.8437831282649773,38.510733443510574,-5.067888613076093,-1.2641787363330645,-3.8037098767430284,270.11065350000024
2020-09-25,0,1,1,0,0,0,0,0,253.42967,2.1199942,-0.1198,-0.0109,1.197,201.0,0.1668215759852625,-0.20736359722836983,0.28759999999999997,0.0028000000000000004,35.0,0.1089,2.2418895176851823,43.154626224818756,-5.0476984186335585,-2.0208826727931632,-3.0268157458403953,268.17924850000026
2020-09-28,0,0,1,0,0,0,0,0,255.41878,0.78486204,-0.1046,-0.0022,0.165,33.0,-1.1058338419575622,-0.08057193351583905,0.015200000000000005,0.0087,-168.0,0.1024,0.12679166371253078,44.850476233219524,-4.815680819926342,-2.579842302219799,-2.235838517706543,266.3701735000003
2020-09-29,0,1,1,0,0,0,0,0,260.36166,1.9352078,-0.1722,-0.0019,0.735,91.0,-0.37826272781641834,-0.5881947104173286,-0.0676,0.00030000000000000014,58.0,0.17029999999999998,-0.5076227769014896,48.92786632459613,-4.18471727883184,-2.9008172975422073,-1.283899981289633,264.69685500000026
2020-09-30,0,1,1,0,1,0,0,0,260.47107,0.042009354,-0.0534,-0.0019,1.036,138.0,0.028745714374970713,0.3486304948384676,0.11879999999999999,0.0,47.0,0.051500000000000004,0.9368252052557962,49.01771701329078,-3.6339556750816087,-3.0474449730500877,-0.586510702031521,262.6779310000003
2020-10-01,0,0,1,0,0,0,0,0,265.1752,1.8060327,-0.0414,0.0009,2.003,226.0,1.233539599913788,0.4339433768664532,0.012000000000000004,0.0028,88.0,0.0423,0.08531288202798559,52.857911399457194,-2.7857764621709293,-2.995111270874256,0.20933480870332666,261.46011000000027
2020-10-02,0,1,1,0,0,0,0,0,258.52176,-2.5090933,-0.0761,-0.0034,0.21,232.0,-1.0353770161125215,0.1594501357150448,-0.0347,-0.0043,6.0,0.0727,-0.2744932411514084,47.41758480823409,-2.620260594937008,-2.9201411356868063,0.2998805407497982,260.32683050000026
2020-10-05,0,0,1,0,0,0,0,0,263.20605,1.8119574,-0.2849,-0.0022,0.795,53.0,-0.2979671655289791,-1.4218319459454907,-0.20879999999999999,0.0011999999999999997,-179.0,0.2827,-1.5812820816605355,51.223896015059054,-2.087046846022247,-2.7535222777538944,0.6664754317316475,259.4277655000002
2020-10-06,0,1,1,0,1,0,0,1,257.24872,-2.2633612,-0.0486,-0.0027,2.644,147.0,1.945901374579389,0.4124361593823495,0.23629999999999998,-0.0005,94.0,0.045899999999999996,1.8342681053278402,46.60354196364379,-2.120731380678535,-2.6269640983388225,0.5062327176602874,258.80617650000016
2020-10-07,0,1,1,0,0,0,0,0,256.7116,-0.20877123,-0.1594,-0.0011,2.202,273.0,1.3480420750150846,-0.4296747307688448,-0.11079999999999998,0.0016,126.0,0.1583,-0.8421108901511943,46.19892981950588,-2.165801698364419,-2.5347316183439417,0.36892991997952285,258.03042850000014
2020-10-08,0,0,1,0,1,0,0,0,262.3209,2.1850348,-0.0352,-0.0033,1.006,228.0,-0.11506319374118679,0.5407332056149614,0.12419999999999998,-0.0021999999999999997,-45.0,0.031900000000000005,0.9704079363838063,50.98491928051986,-1.7289661729233217,-2.3735785292598175,0.6446123563364958,257.8151085000001
2020-10-09,0,0,1,0,0,0,0,0,263.00717,0.2616048,-0.0491,0.0012,0.391,161.0,-0.8654587151307671,0.43594253766515484,-0.013899999999999996,0.0045,-67.0,0.0503,-0.10479066794980657,51.55275271337379,-1.312267613983181,-2.16131634620449,0.8490487322213092,257.70769900000016
2020-10-12,0,0,0,0,0,0,0,0,274.24548,4.2730093,-0.0165,-0.0015,1.94,48.0,0.9979168099964523,0.6851165251189222,0.0326,-0.0027,-113.0,0.015000000000000001,0.24917398745376734,59.7716591260272,-0.07433640553739451,-1.7439203580710712,1.6695839525336766,258.18508300000013
2020-10-13,0,1,1,0,0,0,0,0,274.63336,0.14144182,-0.3527,0.0019,1.606,194.0,0.5712760129478016,-1.841130631976405,-0.3362,0.0034000000000000002,146.0,0.3546,-2.526247157095327,60.02373322677571,0.9273418507154361,-1.2096679163137698,2.137009767029206,258.3700685000001
2020-10-14,0,1,0,0,1,0,0,0,270.33694,-1.5644252,-0.0224,0.001,1.154,226.0,0.011348109672872007,0.6580291671780227,0.33030000000000004,-0.0009,32.0,0.0234,2.4991597991544277,55.84920746334969,1.3588301500507214,-0.6959683030408715,2.054798453091593,258.7828065000001
2020-10-15,0,1,1,1,0,0,0,0,265.26474,-1.876241,-0.0505,-0.0041,1.493,246.0,0.4055974432427156,0.45132237189081653,-0.028100000000000003,-0.0051,20.0,0.046400000000000004,-0.2067067952872062,51.31210778355765,1.2767855965378772,-0.30141752312512177,1.5782031196629989,259.3745600000001
2020-10-16,0,0,1,1,0,0,0,0,264.47906,-0.29619336,-0.089,-0.0025,0.538,213.0,-0.7686999593828473,0.16440441796801836,-0.03849999999999999,0.0016000000000000003,-33.0,0.0865,-0.2869179539227982,50.62603649361228,1.1352800848507627,-0.014078001529944872,1.1493580863807076,260.04090500000007
2020-10-19,0,0,0,1,0,0,0,0,259.97372,-1.7034531,-0.0239,-0.0052,0.582,127.0,-0.7037695984957733,0.661647208706601,0.06509999999999999,-0.0026999999999999997,-86.0,0.0187,0.49724279073858263,46.764729152856695,0.6520759365506024,0.11915278608616459,0.5329231504644378,260.69978900000007
2020-10-20,0,0,1,0,0,0,0,0,266.10016,2.3565412,-0.0358,-0.0028,0.974,148.0,-0.2123702489583107,0.5536436573557264,-0.011899999999999997,0.0024,21.0,0.033,-0.10800355135087458,52.11333208878348,0.7547849834771796,0.2462792255643676,0.508505757912812,261.33679450000005
2020-10-21,0,0,1,0,0,0,0,0,277.20923,4.174769,-0.1842,0.0072,0.398,128.0,-0.9123410130802524,-0.5647350365252782,-0.1484,0.01,-20.0,0.19140000000000001,-1.1183786938810045,59.96761525380906,1.7128471144484365,0.5395928033411814,1.173254311107255,262.81418950000005
2020-10-22,0,1,0,0,1,0,0,1,276.60254,-0.21885633,-0.0209,0.0045,1.898,175.0,1.148987301344151,0.6475185384605512,0.1633,-0.0027,47.0,0.0254,1.2122535749858294,59.39466986927391,2.395549044816846,0.9107840516363144,1.4847649931805318,264.23589050000004
2020-10-23,0,1,1,0,0,0,0,0,283.23618,2.3982525,-0.1137,-0.0005,0.741,281.0,-0.4375510509701271,-0.021187724673034,-0.0928,-0.004999999999999999,106.0,0.1132,-0.6687062631335852,63.50094302930287,3.4323090296374517,1.4150890472365418,2.01721998240091,265.726216
2020-10-26,0,0,1,0,1,0,0,1,275.598,-2.6967347,-0.0365,0.0016,1.822,144.0,1.0903654604394906,0.5995085849220805,0.07719999999999999,0.0021000000000000003,-137.0,0.038099999999999995,0.6206963095951145,56.42536621761332,3.596157233931251,1.8513026845754836,1.7448545493557674,266.735177
2020-10-27,0,0,0,0,0,0,0,0,281.74432,2.2301674,-0.0216,-0.0016,1.788,241.0,1.0079437404715457,0.7211031218896216,0.014899999999999997,-0.0032,97.0,0.02,0.12159453696754108,60.262381051581734,4.173851214686408,2.3158123905976686,1.8580388240887395,267.80431000000004
2020-10-28,0,1,1,1,0,0,0,0,266.20956,-5.5137815,-0.1569,-0.0039,2.818,272.0,2.35219713760692,-0.3699885039941158,-0.1353,-0.0023,31.0,0.15300000000000002,-1.0910916258837373,48.61119594246108,3.3396550888998604,2.520580930258107,0.8190741586417536,268.09123450000004
2020-10-29,0,1,1,0,0,0,0,0,279.29773,4.916489,-0.1148,-0.0024,1.992,360.0,1.2277292932211947,-0.048494002445987214,0.04210000000000001,0.0015,88.0,0.1124,0.3214945015481286,56.2805316675707,3.692094419535522,2.75488362811359,0.9372107914219319,268.7973610000001
2020-10-30,0,0,1,0,1,0,0,1,261.6744,-6.309867,0.1958,0.0546,2.266,265.0,1.542934198893926,2.3936549194399417,0.3106,0.057,-95.0,-0.1412,2.442148921885929,46.26762486338889,2.520297263543114,2.7079663551994946,-0.1876690916563808,268.9549930000001
2020-11-02,0,0,1,0,0,0,0,0,259.93393,-0.6651223,-0.1095,-0.0025,0.485,59.0,-0.8668584548963539,-0.023469214246740578,-0.3053,-0.057100000000000005,-206.0,0.107,-2.4171241336866824,45.40841048905732,1.4346603206596455,2.4533051482915247,-1.0186448276318791,268.7913870000001
2020-11-03,0,1,0,0,1,0,0,0,263.85248,1.5074968,-0.0156,-0.003,0.392,136.0,-0.9782073587510799,0.7196584245420313,0.0939,-0.0005,77.0,0.0126,0.7431276387887719,47.76056752326935,0.8803315440910069,2.138710427451421,-1.2583788833604141,269.1215750000001
2020-11-04,0,0,0,0,0,0,0,0,285.81198,8.322657,-0.012,-0.0015,1.058,155.0,-0.0994381683365651,0.7317539718433803,0.003599999999999999,0.0015,19.0,0.0105,0.012095547301348986,58.54109751716518,2.1877510890120107,2.148518559763539,0.03923252924847187,270.57659400000017
2020-11-05,0,1,1,0,0,0,0,0,293.0722,2.540183,-0.0446,-0.0047,0.801,161.0,-0.4604571750684405,0.46079304182643993,-0.032600000000000004,-0.0032,6.0,0.0399,-0.2709609300169404,61.37887658813912,3.7663138539613783,2.4720776186031066,1.2942362353582717,272.11415900000014
2020-11-06,0,0,0,0,0,0,0,0,291.8091,-0.43097138,-0.0256,-0.0086,1.127,294.0,-0.035523843957397466,0.6054181278588587,0.019,-0.0039,133.0,0.017,0.1446250860324188,60.601702622493505,4.859398483434973,2.9495417915694797,1.909856691865493,273.5542555000002
2020-11-09,0,0,1,0,0,0,0,0,277.249,-4.989612,-0.0358,-0.0028,0.015,44.0,-1.5320784743645108,0.5005299063071108,-0.010199999999999997,0.0058,-250.0,0.033,-0.10488822155174793,52.36994241477294,4.498936600732691,3.259420753402122,1.2395158473305687,273.70443150000017
2020-11-10,0,1,1,1,0,0,0,0,270.94357,-2.2742748,-0.0894,-0.0035,0.06,85.0,-1.4177091362815992,-0.028038750254655985,-0.053599999999999995,-0.0007000000000000001,41.0,0.08589999999999999,-0.5285686565617668,49.24998259785592,3.6622562470402045,3.3399878521297386,0.3222683949104659,273.51994200000024
2020-11-11,0,0,1,1,0,0,0,0,274.9715,1.4866233,-0.1107,-0.0037,0.096,80.0,-1.3268745991044117,-0.27412852836757945,-0.021300000000000013,-0.0002000000000000001,-5.0,0.10700000000000001,-0.24608977811292346,51.24805287448496,3.28631869076213,3.329254019856217,-0.04293532909408704,273.7516700000002
2020-11-12,0,1,1,0,1,0,0,0,273.5791,-0.5063772,-0.0832,-0.0009,1.206,89.0,0.12969610150243735,0.0019078937313207467,0.02750000000000001,0.0028000000000000004,9.0,0.0823,0.27603642209890017,50.507766911005504,2.843255150193727,3.232054245923719,-0.38879909572999205,274.1673880000002
2020-11-13,0,1,1,0,0,0,0,0,275.4389,0.6798148,-0.2791,-0.0018,0.781,131.0,-0.4356629191547559,-2.0982553291029444,-0.19590000000000002,-0.0009,42.0,0.2773,-2.100163222834265,51.515196488912586,2.612083941484059,3.1080601850357867,-0.49597624355172787,274.7153800000002
2020-11-16,0,0,0,0,1,0,0,0,277.438,0.7257581,-0.0302,-0.003,0.49,38.0,-0.809736566130849,0.5691521833303784,0.2489,-0.0012000000000000001,-93.0,0.027200000000000002,2.6674075124333227,52.63134418697478,2.5606719239311246,2.9985825328148543,-0.4379106088837297,275.5885940000002
2020-11-17,0,0,0,0,0,0,0,0,273.49954,-1.4195561,-0.0138,-0.0016,2.506,196.0,1.7668695256227909,0.7186244950574888,0.0164,0.0014,158.0,0.012199999999999999,0.1494723117271104,50.18043589722089,2.1770312614730756,2.8342722785464987,-0.6572410170734231,275.95856300000025
2020-11-18,0,1,1,0,0,0,0,0,270.48608,-1.1018157,-0.2479,-0.0007,1.181,326.0,0.062198250867669655,-1.7510164112344497,-0.2341,0.0009000000000000001,130.0,0.2472,-2.4696409062919384,48.32610157551018,1.611258648305352,2.589669552498269,-0.9784109041929172,275.6224055000002
2020-11-19,0,0,0,0,1,0,0,0,271.45078,0.35666227,-0.0319,-0.0046,1.194,158.0,0.06126203596272115,0.5450140047409698,0.21600000000000003,-0.0039,-168.0,0.027299999999999998,2.2960304159754195,48.97613914161128,1.2265837103727222,2.31705238407316,-1.0904686737004377,275.3648175000002
2020-11-20,0,1,1,0,0,0,0,0,268.2285,-1.1870682,-0.1488,-0.0083,0.844,186.0,-0.40470883746977754,-0.6955765896559957,-0.11689999999999999,-0.0037,28.0,0.14049999999999999,-1.2405905943969655,46.85588904556962,0.6541740728429772,1.9844767218271233,-1.330302648984146,274.61443350000025
2020-11-23,0,0,0,0,1,0,0,0,266.9654,-0.47090054,-0.0268,-0.002,0.251,46.0,-1.153367875721913,0.5770474814280525,0.12199999999999998,0.0063,-140.0,0.024800000000000003,1.2726240710840482,46.01495736849434,0.09748989446103451,1.6070793563539056,-1.5095894618928711,274.1828035000002
2020-11-24,0,0,1,0,0,0,0,0,275.40906,3.162849,-0.0392,-0.0034,0.215,75.0,-1.1706338897490174,0.4496625593162497,-0.012399999999999998,-0.0013999999999999998,29.0,0.0358,-0.1273849221118028,52.19192684780904,0.3337986447947401,1.3524232140420724,-1.0186245692473324,273.8660405000002
2020-11-25,0,1,1,0,0,0,0,0,274.08633,-0.48028827,-0.0789,-0.0024,0.328,134.0,-0.9969009345359561,0.016862794283874948,-0.0397,0.001,59.0,0.0765,-0.4327997650323748,51.203539584494784,0.4096199318676099,1.16386255760718,-0.75424262573957,274.25987900000024
2020-11-26,0,0,1,0,0,0,0,0,274.08633,0.0,-0.0632,-0.0037,0.197,70.0,-1.1419214901079793,0.17107549721048942,0.015699999999999992,-0.0013000000000000004,-64.0,0.059500000000000004,0.1542127029266145,51.203539584494784,0.46435604074957837,1.0239612542356595,-0.5596052134860812,273.9993090000002
2020-11-27,0,1,0,0,0,0,0,0,276.29425,0.80554485,-0.0095,-0.0023,0.444,83.0,-0.79497158681892,0.7342177410980049,0.053700000000000005,0.0014000000000000002,13.0,0.0072,0.5631422438875154,52.929205936095805,0.6780790201784725,0.9547848074242221,-0.27670578724574957,274.7303015000002
2020-11-30,0,0,0,0,0,0,0,0,275.4588,-0.30236244,-0.0212,-0.0051,1.266,31.0,0.2731771007789459,0.6128368347570565,-0.0117,-0.0028000000000000004,-52.0,0.0161,-0.12138090634094834,52.177285642128545,0.7711528186463852,0.9180584096686547,-0.14690559102226952,275.50654500000024
2020-12-01,0,0,0,0,0,0,0,0,284.9865,3.4588575,-0.0229,0.006,1.946,228.0,1.1507946808685838,0.5994395116216339,-0.0017000000000000001,0.0111,197.0,0.028900000000000002,-0.013397323135422634,59.28156178045073,1.5953302639571803,1.0535127805263598,0.5418174834308205,276.5632460000002
2020-12-02,0,0,0,0,0,0,0,0,285.9512,0.3385067,-0.0132,0.0028,0.854,160.0,-0.3287934439767515,0.7004091686737826,0.0097,-0.0032,-68.0,0.016,0.10096965705214866,59.93062509991548,2.299829057132797,1.3027760358476472,0.9970530212851498,276.5702070000002
2020-12-03,0,0,1,0,0,0,0,0,280.31223,-1.9720316,-0.2307,-0.0056,2.142,91.0,1.3623848555978095,-1.5692229988253221,-0.2175,-0.0084,-69.0,0.2251,-2.269632167499105,54.46539100279969,2.375745558257506,1.517369940329619,0.8583756179278872,275.93220850000023
2020-12-04,0,1,1,0,0,0,0,0,278.17392,-0.7628143,-0.7115,-0.0671,0.819,134.0,-0.40869022697488266,-4.966600918947915,-0.4808,-0.061500000000000006,43.0,0.6444,-3.397377920122593,52.509896106200436,2.2375728391015173,1.6614105200839986,0.5761623190175187,275.25044950000023
2020-12-07,0,0,1,0,0,0,0,0,284.02182,2.102244,-0.1316,-0.0102,0.245,31.0,-1.1690531112026314,-0.2968018445141735,0.5799000000000001,0.056900000000000006,-103.0,0.1214,4.669799074433741,57.05139371867194,2.5703175994311778,1.8431919359534343,0.7271256634777434,275.5890905000002
2020-12-08,0,1,1,0,1,0,0,0,281.85373,-0.7633567,-0.0462,-0.0042,1.221,120.0,0.1393576668832161,0.39009300372366185,0.0854,0.006000000000000001,89.0,0.041999999999999996,0.6868948482378354,54.95317474385101,2.6287706441403316,2.000307677590814,0.6284629665495176,276.1345985000002
2020-12-09,0,1,1,0,0,0,0,0,276.40366,-1.9336581,-0.0688,-0.0107,1.972,143.0,1.1868520908630886,0.20198972150140515,-0.022600000000000002,-0.0065,23.0,0.0581,-0.1881032822222567,49.97732751254346,2.2098462701188737,2.042215396096426,0.1676308740224477,276.20620650000023
2020-12-10,0,1,1,0,0,0,0,0,275.60797,-0.28786063,-0.9643,-0.143,3.577,201.0,3.119058569634331,-5.11004548532549,-0.8955000000000001,-0.1323,58.0,0.8213,-5.312035206826896,49.275816356820684,1.7929718885337138,1.9923666945838836,-0.1993948060501698,276.30765000000025
2020-12-11,0,0,1,1,0,0,0,0,272.05746,-1.2882531,-0.8506,-0.0305,1.169,154.0,0.050343289227533096,-3.7806241124955857,0.11370000000000002,0.11249999999999999,-47.0,0.8201,1.3294213728299047,46.16210278259278,1.1626966107842804,1.826432677823963,-0.6637360670396826,276.1385780000002
2020-12-14,0,0,1,0,0,0,0,0,272.69397,0.23397207,-0.7204,-0.0151,1.122,31.0,-0.023826253761458565,-2.8313368827234653,0.13019999999999998,0.015399999999999999,-123.0,0.7053,0.9492872297721204,46.81098512034651,0.7064168164132525,1.602429505541821,-0.8960126891285685,275.90137650000025
2020-12-15,0,1,1,0,1,1,0,1,274.0466,0.496006,-0.1344,-0.0105,2.33,164.0,1.4694037914660483,0.00849954140056187,0.5860000000000001,0.0046,133.0,0.1239,2.839836424124027,48.238700067770154,0.44878442120619866,1.3717004886746964,-0.9229160674684977,275.92872950000026
2020-12-16,0,1,1,0,0,0,0,0,274.16592,0.043559074,-0.0918,-0.0124,2.688,319.0,1.8391815526610018,0.20908840355409022,0.042599999999999985,-0.001899999999999999,155.0,0.07940000000000001,0.20058886215352836,48.3703551443189,0.25133973070256843,1.147628337080271,-0.8962886063777025,276.11272150000025
2020-12-17,0,0,1,0,0,0,0,0,272.9824,-0.43167472,-0.3874,-0.0046,2.056,292.0,1.0489598027349418,-1.2263462673965702,-0.29560000000000003,0.0078,-27.0,0.38280000000000003,-1.4354346709506605,47.09092466210629,-0.0006295251700976223,0.9179767646301972,-0.9186062898002948,276.1893025000003
2020-12-18,0,0,1,0,0,0,0,0,274.8919,0.69949627,-0.1771,-0.0066,0.739,173.0,-0.5378914379224154,-0.20127297767710312,0.21030000000000001,-0.002,-119.0,0.1705,1.025073289719467,49.41570469204849,-0.0457093749259343,0.7252395367189709,-0.7709489116449052,276.5224725000002
2020-12-21,0,0,1,0,0,0,0,0,271.30164,-1.3060749,-0.2824,-0.0046,0.61,69.0,-0.7092359963581772,-0.6948867414387178,-0.10529999999999998,0.002,-104.0,0.2778,-0.49361376376161464,45.37839770910762,-0.3669099480973159,0.5068096397557136,-0.8737195878530295,276.7392845000002
2020-12-22,0,1,1,0,0,0,0,0,265.63272,-2.0895243,-0.5086,-0.0044,1.247,73.0,0.0581190465123355,-1.7157686246135486,-0.22620000000000007,0.00019999999999999966,4.0,0.5042000000000001,-1.0208818831748308,39.8431220611103,-1.0666030473273622,0.1921271023390984,-1.2587301496664607,276.2504675000002
2020-12-23,0,1,1,0,0,0,0,0,266.6471,0.38188696,-0.5766,-0.0083,0.61,77.0,-0.7100124706718072,-1.9326305319348052,-0.06799999999999995,-0.0039,4.0,0.5683,-0.21686190732125654,41.22468319619713,-1.5217214236776613,-0.15064260286425357,-1.3710788208134077,275.8785060000002
2020-12-24,0,0,1,0,0,0,0,0,265.941,-0.26481152,-0.166,-0.0054,0.0,63.0,-1.400695387767542,-0.05041453887190539,0.41059999999999997,0.0029,-14.0,0.16060000000000002,1.8822159930628999,40.52696647252033,-1.9172811610042118,-0.5039703144922452,-1.4133108465119666,275.4712395000002
2020-12-25,0,0,1,0,0,0,0,0,265.941,0.0,-0.3311,-0.0053,0.0,25.0,-1.3888889274164495,-0.7824391427175764,-0.1651,0.00010000000000000026,-38.0,0.3258,-0.732024603845671,40.52696647252033,-2.205343278157443,-0.8442449072252847,-1.3610983709321582,274.95357700000017
2020-12-28,0,1,1,0,1,0,0,0,275.48868,3.5901308,-0.0494,-0.0015,0.076,37.0,-1.2673052695888887,0.48246668704645784,0.2817,0.0038,12.0,0.0479,1.2649058297640343,53.001102742568364,-1.6442625633554826,-1.0042484384513242,-0.6400141249041584,274.9550710000002
2020-12-29,0,1,0,0,0,0,0,0,275.26987,-0.07942319,-0.0182,-0.0056,0.385,51.0,-0.8743784294640713,0.6214978924224477,0.0312,-0.0040999999999999995,14.0,0.0126,0.13903120537598984,52.72815033793695,-1.2033863045977569,-1.0440760116806107,-0.15931029291714616,274.4692395000002
2020-12-30,0,0,1,0,0,0,0,0,270.38663,-1.7739713,-0.0386,-0.002,0.138,51.0,-1.137007915514574,0.5183127819567206,-0.0204,0.0036,0.0,0.0366,-0.10318511046572709,46.920621658480435,-1.2338028391368425,-1.082021377171857,-0.15178146196498554,273.69101100000023
2020-12-31,0,0,0,0,0,0,0,0,271.6696,0.47448874,-0.0164,-0.0067,0.083,38.0,-1.1712291654330853,0.617155069569921,0.0222,-0.0047,-13.0,0.0097,0.09884228761320046,48.52475463561834,-1.1412278409650867,-1.093862669930503,-0.04736517103458371,273.2588795000002
2021-01-01,0,0,1,0,0,0,0,0,271.6696,0.0,-0.1018,-0.0047,0.0,22.0,-1.2530122287045469,0.23411577121753746,-0.0854,0.002,-16.0,0.0971,-0.3830392983523836,48.524754635618336,-1.0556921262610786,-1.086228561196618,0.03053643493553948,272.9336635000002
2021-01-04,0,0,1,0,0,0,0,0,267.47263,-1.5448809,-0.0525,-0.0035,0.171,22.0,-1.0145705504506102,0.4614673305422682,0.049300000000000004,0.0012000000000000001,0.0,0.048999999999999995,0.22735155932473072,43.53332339824132,-1.3114473113077452,-1.1312723112188434,-0.18017500008890175,272.1062040000002
2021-01-05,0,1,1,0,0,0,0,0,269.49155,0.7548094,-0.1127,-0.0042,0.223,39.0,-0.9219980772235588,0.17057932106199017,-0.0602,-0.0006999999999999997,17.0,0.1085,-0.29088800948027804,46.390089947195776,-1.3358265894917736,-1.1721831668734295,-0.16364342261834408,271.4880950000002
2021-01-06,0,1,0,1,0,0,0,0,261.87335,-2.8268814,-0.0239,-0.0029,2.127,99.0,1.3072683759805257,0.577466663413377,0.08879999999999999,0.0013,60.0,0.021,0.4068873423513869,38.47918249329702,-1.9474237266502428,-1.327231278828792,-0.6201924478214507,270.7615795000002
2021-01-07,0,1,1,0,0,0,0,0,267.2737,2.0622015,-0.1825,-0.0016,3.571,335.0,2.766837173252613,-0.13917225124304708,-0.1586,0.0012999999999999997,236.0,0.1809,-0.7166389146564242,45.56562908908591,-1.9736052588781376,-1.4565060748386611,-0.5170991840394765,270.3448660000002
2021-01-08,0,1,1,0,1,0,0,1,266.11014,-0.4353583,-0.0394,-0.0009,2.558,917.0,1.5877697710841525,0.5127975670752596,0.1431,0.0007000000000000001,582.0,0.0385,0.6519698183183067,44.37947758191053,-2.0644462284711835,-1.5780941055651656,-0.4863521229060179,270.0475000000002
2021-01-11,0,0,1,0,0,0,0,0,255.43863,-4.010171,-0.0446,-0.0066,2.675,217.0,1.640815292562704,0.49098087665392476,-0.005200000000000003,-0.0057,-700.0,0.038,-0.021816690421334828,35.30268671626494,-2.963380022557203,-1.855151288963573,-1.10822873359363,269.18473300000016
2021-01-12,0,0,1,1,0,0,0,0,249.72002,-2.2387505,-0.056,-0.0093,2.335,487.0,1.2423653147656304,0.4405920061082143,-0.0114,-0.0026999999999999993,270.0,0.046700000000000005,-0.05038887054571045,31.575741655921668,-4.0900875817692395,-2.3021385475247063,-1.7879490342445332,267.96840400000013
2021-01-13,0,0,1,1,0,0,0,0,250.26703,0.21904707,-0.0423,-0.0095,1.905,377.0,0.7695502665486366,0.49166730511520645,0.013700000000000004,-0.00020000000000000052,-110.0,0.032799999999999996,0.05107529900699215,32.31185939926442,-4.882588859422356,-2.818228609904236,-2.0643602495181197,266.7734595000001
2021-01-14,0,0,1,1,0,0,0,0,244.29976,-2.3843586,-0.04,-0.0061,1.139,296.0,-0.013173612756943858,0.5040673377769993,0.0022999999999999965,0.0033999999999999994,-81.0,0.0339,0.012400032661792848,28.686286624180486,-5.923873919014682,-3.439357671726325,-2.4845162472883566,265.33932750000014
2021-01-15,0,0,1,0,0,0,0,0,249.98854,2.3286104,-0.0592,-0.0203,1.528,177.0,0.37943325421717583,0.4113981328388442,-0.019200000000000002,-0.014199999999999997,-119.0,0.038900000000000004,-0.09266920493815511,36.0528359175021,-6.218381200244949,-3.9951623774300495,-2.223218822814899,264.09415950000016
2021-01-18,0,0,0,0,0,0,0,0,249.98854,0.0,-0.0162,-0.0021,0.799,170.0,-0.36526857424448156,0.6061624056287442,0.043000000000000003,0.018199999999999997,-7.0,0.0141,0.19476427278990005,36.0528359175021,-6.378255780123425,-4.471781057968725,-1.9064747221546998,263.02850450000017
2021-01-19,0,0,1,0,0,0,0,0,259.6754,3.8749218,-0.0317,0.0062,1.199,173.0,0.0642886542918282,0.5362725945469221,-0.0155,0.0083,3.0,0.037899999999999996,-0.06988981108182213,46.887615876371044,-5.658085997633634,-4.709042045901707,-0.9490439517319276,262.7306385000002
2021-01-20,0,0,1,0,0,0,0,0,266.02063,2.4435043,-0.0251,0.0085,0.525,155.0,-0.6191990030793929,0.5549491502224208,0.006599999999999998,0.002300000000000001,-18.0,0.033600000000000005,0.01867655567549864,52.55798069795875,-4.52319860682104,-4.671873358085573,0.148674751264533,262.6993150000002
2021-01-21,0,0,0,0,0,0,0,0,271.3812,2.015102,-0.0263,0.0033,1.241,137.0,0.16709179409419742,0.541466988947194,-0.0011999999999999997,-0.005200000000000001,-18.0,0.0296,-0.013482161275226723,56.75815846651485,-3.154871578613779,-4.368473002191214,1.213601423577435,262.9713250000002
2021-01-22,0,0,0,0,0,0,0,0,273.0023,0.59735775,-0.0253,-0.0015,0.867,284.0,-0.21672998148596054,0.5732384333879704,0.0010000000000000009,-0.0048000000000000004,147.0,0.023799999999999998,0.0317714444407764,57.970004286951706,-1.9175490171566594,-3.8782882051843033,1.960739188027644,263.3243900000002
2021-01-25,0,0,1,0,0,0,0,0,276.49316,1.2786865,-0.0335,0.0021,0.809,103.0,-0.2873484483007011,0.5282147058978225,-0.008200000000000002,0.0036,-181.0,0.0356,-0.045023727490147936,60.53486669311992,-0.6478111810616838,-3.2321928003597793,2.5843816192980955,263.3746140000002
2021-01-26,0,0,0,0,0,0,0,0,280.5111,1.4531732,-0.017,0.0044,0.615,163.0,-0.5070082940448407,0.6047191749642542,0.0165,0.0023000000000000004,60.0,0.021400000000000002,0.07650446906643171,63.310144283173855,0.6748995586829096,-2.4507743285512413,3.125673887234151,263.6366755000002
2021-01-27,0,0,0,0,0,0,0,0,270.65515,-3.5135508,-0.0197,0.0054,1.869,133.0,0.8608634905955851,0.5930362779202841,-0.0026999999999999975,0.001,-30.0,0.025099999999999997,-0.011682897043970075,53.39164657941075,0.9172905991246125,-1.7771613430160706,2.694451942140683,263.6501015000002
2021-01-28,0,1,1,0,0,0,0,0,263.5541,-2.6236534,0.2131,0.0408,3.467,301.0,2.4368996437648,1.6165117135410982,0.2328,0.0354,168.0,-0.1723,1.023475435620814,47.60491722861853,0.5302791282555859,-1.3156732487617393,1.8459523770173252,263.24432650000017
2021-01-29,0,0,1,1,0,0,0,0,256.9205,-2.516985,-0.2148,-0.0085,1.199,260.0,0.06980061368068424,-0.3094248861323555,-0.4279,-0.049300000000000004,-41.0,0.20629999999999998,-1.9259365996734537,42.92457846867869,-0.30815412246232654,-1.1141694235018567,0.8060153010395301,262.50687150000016
2021-02-01,0,0,0,0,1,0,0,0,260.5804,1.4245391,-0.0161,-0.0022,1.213,123.0,0.06433175937622836,0.5908060277540083,0.1987,0.0063,-137.0,0.0139,0.9002309138863638,46.07466817946179,-0.6695767078115864,-1.0252508803638025,0.3556741725522161,262.1622600000002
2021-02-02,0,1,1,0,0,0,0,0,265.62277,1.935029,-0.0726,-0.0021,1.273,140.0,0.10755042282185384,0.3330787554234129,-0.056499999999999995,0.00010000000000000026,17.0,0.0705,-0.25772727233059534,50.15630360696828,-0.5428717053608807,-0.9287750453632182,0.3859033400023375,261.96882100000016
2021-02-03,0,1,1,0,0,0,0,0,265.19513,-0.1609981,-0.0313,0.0017,0.767,141.0,-0.4489988291261086,0.5133202940381367,0.041299999999999996,0.0037999999999999996,1.0,0.033,0.1802415386147238,49.811951113642436,-0.4715285643483753,-0.8373257491602496,0.3657971848118743,262.13491000000016
2021-02-04,0,0,0,0,0,0,0,0,265.03598,-0.060003996,-0.0228,-0.0021,1.442,215.0,0.2743402334711346,0.5461896799329949,0.0085,-0.0037999999999999996,74.0,0.0207,0.032869385894858216,49.675262956129075,-0.4229551226508761,-0.7544516238583749,0.33149650120749885,262.0230240000002
2021-02-05,0,0,1,0,0,0,0,0,266.6372,0.6041527,-0.0419,-0.0085,0.934,207.0,-0.2760342282297743,0.442736534961316,-0.0191,-0.006400000000000001,-8.0,0.0334,-0.10345314497167896,51.128323207237955,-0.2523463563904329,-0.6540305703647865,0.4016842139743536,262.04937700000016
2021-02-08,0,0,1,0,0,0,0,0,265.12552,-0.5669594,-0.0341,-0.0005,0.852,55.0,-0.372371439275367,0.47838830278507827,0.007800000000000001,0.008,-152.0,0.0336,0.03565176782376228,49.67020867759019,-0.2363926351733312,-0.5705029833264954,0.3341103481531642,262.5337215000002
2021-02-09,0,1,1,0,0,0,0,0,267.97986,1.0766149,-0.1999,-0.0034,1.367,113.0,0.2092904434456356,-0.25836010952328775,-0.1658,-0.0029,58.0,0.1965,-0.7367484123083661,52.428904157590516,0.0064972903975331064,-0.4551029285816897,0.4616002189792228,263.4467135000002
2021-02-10,0,1,1,0,1,0,0,0,270.38663,0.8981228,-0.0874,-0.0076,1.421,126.0,0.2642030071073242,0.2400341226523239,0.11249999999999999,-0.004200000000000001,13.0,0.07980000000000001,0.49839423217561163,54.68438964290182,0.3887146703701774,-0.2863394087913163,0.6750540791614936,264.45269350000024
2021-02-11,0,1,0,0,0,0,0,0,268.9147,-0.5443692,-0.006,-0.0015,2.377,363.0,1.276523815001962,0.60708768045648,0.0814,0.0060999999999999995,237.0,0.0045000000000000005,0.36705355780415605,53.02845531903794,0.5663240174100679,-0.11580672355103946,0.6821307409611074,265.68344050000024
2021-02-12,0,0,0,0,0,0,0,0,269.02408,0.04067421,-0.0058,-0.0022,0.776,308.0,-0.4594124378498841,0.5953643386082237,0.00020000000000000052,-0.0007000000000000001,-55.0,0.0035999999999999995,-0.011723341848256297,53.14200838242237,0.7077482748640023,0.048904276131968905,0.6588439987320334,266.63521750000024
2021-02-15,0,0,0,0,0,0,0,0,269.02408,0.0,-0.0001,-0.0011,0.748,151.0,-0.5022839206162732,0.6184231670558537,0.005699999999999999,0.0011,-157.0,-0.001,0.023058828447629964,53.14200838242237,0.8104852483693321,0.20122047057944156,0.6092647777898905,267.58699450000023
2021-02-16,0,0,0,0,0,0,0,0,272.47516,1.2828112,-0.0167,-0.0016,0.414,98.0,-0.8738804559903264,0.5412792892901181,-0.0166,-0.0005,-53.0,0.015099999999999999,-0.0771438777657355,56.95022281873977,1.1570407091114703,0.3923845182858473,0.764656190825623,268.2269825000002
2021-02-17,0,0,1,0,0,0,0,0,272.0774,-0.14600158,-0.1291,-0.0038,2.051,79.0,0.8902992065456532,0.03773385177837408,-0.1124,-0.0021999999999999997,-19.0,0.1253,-0.5035454375117441,56.38146828739332,1.383642728677387,0.5906361603641552,0.7930065683132317,268.5298210000002
2021-02-18,0,1,1,0,0,0,0,0,267.9202,-1.5279412,-0.0821,-0.003,3.398,693.0,2.2340078806403234,0.2515303107461646,0.046999999999999986,0.0007999999999999999,614.0,0.0791,0.21379645896779054,50.68420162666233,1.2137834251615232,0.7152656133236288,0.49851781183789434,268.3567710000002
2021-02-19,0,0,1,1,0,0,0,0,260.1329,-2.9065728,-0.1095,-0.0055,2.047,543.0,0.7731408925147366,0.13563272711515034,-0.027399999999999994,-0.0024999999999999996,-150.0,0.104,-0.11589758363101427,42.101920392482775,0.4456613677042469,0.6613447641997524,-0.2156833964955055,267.7133010000002
2021-02-22,0,0,0,1,0,0,0,0,258.90958,-0.4702568,-0.0269,-0.0022,0.387,118.0,-0.9686145265857324,0.5104121494530899,0.0826,0.0032999999999999995,-425.0,0.0247,0.37477942233793954,40.92944472562426,-0.25880920571904653,0.47731397021599264,-0.7361231759350392,266.8341220000002
2021-02-23,0,1,0,0,0,0,0,0,264.40448,2.1223187,-0.006,-0.0012,2.151,446.0,0.8858971042908036,0.6034047970224357,0.020900000000000002,0.0010000000000000002,328.0,0.0048000000000000004,0.09299264756934578,47.942249240110144,-0.36945584637015827,0.30796000689876246,-0.6774158532689207,266.02879100000024
2021-02-24,0,0,0,0,0,0,0,0,262.86786,-0.58115125,-0.0154,-0.002,1.414,260.0,0.10110894927267931,0.5610578092542591,-0.0094,-0.0008000000000000001,-186.0,0.0134,-0.04234698776817658,46.28733965346406,-0.574513860027082,0.13146523351359354,-0.7059790935406756,265.63942650000024
2021-02-25,0,0,0,0,0,0,0,0,253.30038,-3.6396623,-0.0075,0.0029,1.574,390.0,0.2813302587456076,0.5791652156343481,0.0079,0.0049,130.0,0.0104,0.01810740638008901,37.58743779113536,-1.4918424592166275,-0.1931963050324507,-1.2986461541841767,265.1267405000002
2021-02-26,0,0,0,0,0,0,0,0,256.21442,1.1504173,-0.0066,-0.0019,0.238,257.0,-1.1149857813013508,0.5625698358395801,0.0008999999999999998,-0.0048,-133.0,0.0047,-0.016595379794767995,41.21174758389327,-1.9610871171660733,-0.5467744674591752,-1.414312649706898,265.0914365000002
2021-03-01,0,0,0,0,0,0,0,0,263.46463,2.8297544,-0.0161,-0.006,0.52,66.0,-0.8273485940710148,0.506619195971419,-0.0095,-0.0041,-191.0,0.0101,-0.05595063986816107,49.12724668604398,-1.7280160415747332,-0.7830227822822868,-0.9449932592924464,265.23564800000025
2021-03-02,0,0,0,0,0,0,0,0,257.58688,-2.2309482,-0.0152,-0.0043,0.299,113.0,-1.0348770478596847,0.5078986937992555,0.0008999999999999998,0.0017000000000000001,47.0,0.0109,0.0012794978278364288,43.95966515883815,-1.9945983493983022,-1.02533789570549,-0.9692604536928122,264.83385350000026
2021-03-03,0,0,0,0,0,0,0,0,254.01646,-1.3861,-0.0134,-0.0059,0.665,108.0,-0.6297840205549289,0.5112163169346101,0.0017999999999999995,-0.0015999999999999999,-5.0,0.007500000000000001,0.0033176231353546637,41.12950340462283,-2.465548495420819,-1.3133800156485558,-1.1521684797722633,264.27492000000024
2021-03-04,0,0,0,0,0,0,0,0,256.23428,0.8731127,-0.0131,-0.0015,0.61,198.0,-0.6677478996418045,0.5137304847215124,0.0002999999999999999,0.004399999999999999,90.0,0.011600000000000001,0.002514167786902277,43.56021753456563,-2.629508997342498,-1.5766058119873443,-1.0529031853551536,263.8348350000002
2021-03-05,0,0,0,0,0,0,0,0,262.838,2.5772333,-0.0119,0.0032,0.042,91.0,-1.2546987110382215,0.5279023033497402,0.0011999999999999997,0.0047,-107.0,0.0151,0.014171818628227806,50.15908266074557,-2.2012096869125344,-1.7015265869723823,-0.49968309994015203,263.64487500000024
2021-03-08,0,0,1,0,0,0,0,0,253.91699,-3.394127,-0.1865,-0.0035,0.29,53.0,-0.9627711701045403,-0.8391491748996852,-0.1746,-0.0067,-38.0,0.183,-1.3670514782494254,42.86749522814318,-2.55221005980178,-1.871663281538262,-0.6805467782635182,263.08444850000024
2021-03-09,0,1,1,0,1,0,0,0,264.2901,4.085231,-0.0431,-0.0067,0.701,144.0,-0.496550275690364,0.2973746694487646,0.1434,-0.0032,91.0,0.0364,1.1365238443484498,51.665931559715176,-1.9706407786204068,-1.8914587809546908,-0.07918199766571599,262.89996050000025
2021-03-10,0,0,0,0,0,0,0,0,263.45468,-0.31609535,-0.0107,-0.0054,0.93,129.0,-0.22058782311294928,0.5448722767986202,0.0324,0.0013,-15.0,0.005299999999999999,0.24749760734985554,50.98493538488545,-1.5591810765139371,-1.8250032400665401,0.265822163552603,262.5533630000002
2021-03-11,0,1,1,0,0,0,0,0,272.38565,3.3899665,-0.1353,-0.0136,0.58,155.0,-0.5872189527874258,-0.5113916421445568,-0.1246,-0.008199999999999999,26.0,0.1217,-1.056263918943177,57.44283827034432,-0.506601867438917,-1.5613229655410155,1.0547210981020985,262.7269105000002
2021-03-12,0,0,0,0,1,0,0,0,266.93558,-2.0008802,-0.0124,-0.0014,0.658,148.0,-0.4978091015052218,0.5038612196274727,0.12290000000000001,0.012199999999999999,-7.0,0.011,1.0152528617720296,52.86540882925802,-0.11092172508733711,-1.2712427174502798,1.1603209923629427,262.6224855000002
2021-03-15,0,0,0,0,0,0,0,0,272.2564,1.9932985,-0.0063,0.0006,1.665,96.0,0.6115635820823253,0.5300132344141437,0.0060999999999999995,0.002,-52.0,0.0069,0.026152014786671063,56.509129210221964,0.6248010271833664,-0.8920339685235505,1.516834995706917,262.78410150000025
2021-03-16,0,0,0,0,0,0,0,0,277.75616,2.0200968,-0.0016,0.0008,1.264,256.0,0.16174299421748656,0.5740522525327585,0.0047,0.0002000000000000001,160.0,0.0024000000000000002,0.04403901811861477,59.95503258997189,1.632829040760896,-0.38706136666666113,2.019890407427557,263.04815150000024
2021-03-17,0,0,0,0,0,0,0,0,282.4604,1.6936421,-0.0004,-0.0012,0.667,158.0,-0.5087847916704765,0.6667668128500458,0.0012000000000000001,-0.002,-98.0,-0.0007999999999999999,0.09271456031728731,62.678922682607485,2.7792538486548324,0.24620167639763757,2.533052172257195,263.5673015000002
2021-03-18,0,0,0,0,0,0,0,0,277.09982,-1.8978238,-0.013,0.0017,0.554,121.0,-0.6524436642724021,0.4694895512945913,-0.0126,0.0029,-37.0,0.0147,-0.1972772615554545,57.84998212642961,3.218152899299355,0.8405919209779811,2.377560978321374,264.0262825000002
2021-03-19,0,0,0,0,0,0,0,0,288.52707,4.1238904,-0.0014,0.0007,2.746,212.0,1.75616350119052,0.6469716027952256,0.0116,-0.001,91.0,0.0021,0.17748205150063429,64.18452998142111,4.436921068330832,1.5598577504485514,2.877063317882281,265.4459910000002
2021-03-22,0,0,1,0,0,0,0,0,291.9384,1.1823177,-0.0574,-0.0044,0.544,50.0,-0.7213634523282981,-0.2609833552275692,-0.056,-0.0051,-162.0,0.053,-0.9079549580227948,65.8352114786901,5.613362100269114,2.370558620412664,3.2428034798564505,267.09743200000025
2021-03-23,0,1,1,0,0,0,0,0,289.04425,-0.9913504,-0.0927,-0.0339,0.825,113.0,-0.4149388904152092,-0.8106963645446875,-0.035300000000000005,-0.0295,63.0,0.058800000000000005,-0.5497130093171183,63.17497824056784,6.240232856343027,3.1444934675987364,3.095739388744291,268.32942050000025
2021-03-24,0,0,1,0,0,0,0,0,280.60062,-2.9212356,-0.1327,-0.0095,1.68,106.0,0.5310950705590188,-1.4076890683809882,-0.04000000000000001,0.024399999999999998,-7.0,0.12320000000000002,-0.5969927038363007,56.05805404950191,5.98669122242552,3.712933018564093,2.2737582038614272,269.21605850000026
2021-03-25,0,1,0,0,1,0,0,0,277.21918,-1.2050867,-0.0048,-0.007,2.101,421.0,0.9811832444914969,0.6213696081749301,0.1279,0.0024999999999999996,315.0,-0.0022000000000000006,2.0290586765559184,53.460654932782646,5.450078589328598,4.060362132716994,1.3897164566116036,270.41199850000027
2021-03-26,0,0,0,0,0,0,0,0,281.4758,1.5354753,-0.0005,-0.0027,1.494,452.0,0.25701851200111464,0.6651339649894965,0.0043,0.0043,31.0,-0.0022,0.04376435681456636,56.21115726247029,5.307105858676266,4.309710877908849,0.9973949807674174,271.67506750000024
2021-03-29,0,0,0,0,0,0,0,0,289.23328,2.7559996,0.0034,-0.0058,0.674,75.0,-0.7225533816105973,0.7094718765578543,0.0039,-0.0030999999999999995,-377.0,-0.0092,0.04433791156835776,60.762443694892596,5.753440661057766,4.5984568345386325,1.1549838265191337,272.96350000000024
2021-03-30,0,0,0,0,0,0,0,0,286.42862,-0.9696722,0.0113,0.0041,0.738,122.0,-0.6634514972630898,0.8064347983250061,0.007899999999999999,0.009899999999999999,47.0,-0.007199999999999999,0.09696292176715182,58.39913028342295,5.8138333334528625,4.841532134321478,0.9723011991313841,274.40558700000025
2021-03-31,0,0,0,0,0,0,0,0,292.92303,2.2673607,-0.0007,-0.0025,1.204,183.0,-0.0876992581484638,0.6072689647061581,-0.011999999999999999,-0.0066,61.0,-0.0018,-0.199165833618848,62.07728254666286,6.312967611443867,5.135819229745956,1.1771483816979105,276.35091550000027
2021-04-01,0,0,0,0,0,0,0,0,297.03046,1.402235,0.0003,0.002,1.278,219.0,0.05137700786966624,0.6005714585008495,0.001,0.0045000000000000005,36.0,0.0017000000000000001,-0.006697506205308623,64.23128308013723,6.959742813728042,5.500603946542373,1.4591388671856684,278.39072450000026
2021-04-02,0,0,0,0,0,0,0,0,297.03046,0.0,-0.0121,-0.0164,0.08,156.0,-1.4591685483640608,0.3864222175497074,-0.0124,-0.0184,-63.0,-0.004300000000000002,-0.21414924095114207,64.23128308013723,7.387162213651777,5.877915599964254,1.509246613687523,280.1003475000003
2021-04-05,0,0,1,0,0,0,0,0,307.22452,3.4319997,-0.058,-0.02,1.463,66.0,0.38585328811910125,-0.3714467904569684,-0.0459,-0.003599999999999999,-90.0,0.038000000000000006,-0.7578690080066758,69.25740740877265,8.451052145630172,6.392542909097438,2.0585092365327338,282.76572400000026
2021-04-06,0,1,0,0,1,0,0,1,304.58902,-0.8578539,-0.0286,-0.0098,2.371,177.0,1.6074652823663653,0.10863633559212876,0.029400000000000003,0.0102,111.0,0.0188,0.48008312604909714,66.6498749508205,8.978036540819744,6.909641635441899,2.068394905377845,284.78067000000027
2021-04-07,0,0,0,0,0,0,0,0,311.3817,2.2301316,-0.0368,-0.0084,1.75,190.0,0.7769778572771905,-0.028995135265479838,-0.008199999999999999,0.0014000000000000002,13.0,0.0284,-0.1376314708576086,69.80529448563779,9.830468456813662,7.493806999716251,2.336661457097411,287.1770210000003
2021-04-08,0,0,1,0,0,0,0,0,311.3121,-0.022357702,-0.0891,-0.0042,2.282,149.0,1.443383734799175,-0.8777687531259715,-0.0523,0.0042,-41.0,0.0849,-0.8487736178604917,69.73249176742453,10.380747952742638,8.071195190321529,2.3095527624211094,289.12334350000026
2021-04-09,0,1,1,0,0,0,0,0,310.7552,-0.17890334,-0.1392,-0.0679,1.401,232.0,0.2777619307266697,-1.6443963770351093,-0.05009999999999999,-0.0637,83.0,0.07129999999999999,-0.7666276239091379,69.11139176394074,10.649154418752573,8.586787036007738,2.062367382744835,291.3143245000002
2021-04-12,0,0,1,0,0,0,0,0,309.84018,-0.29443502,-0.1009,-0.0047,1.354,42.0,0.20347028692758024,-0.9965067133350798,0.03829999999999999,0.0632,-190.0,0.09620000000000001,0.6478896637000295,68.03907571749679,10.665093451452663,9.002448319096723,1.662645132355939,293.1935135000002
2021-04-13,0,1,0,0,1,1,0,0,308.06995,-0.57135224,-0.0114,-0.0026,1.886,117.0,0.8899740710378014,0.4294032501327505,0.0895,0.0021000000000000003,75.0,0.0088,1.4259099634678303,65.90849328095044,10.414826842297998,9.284924023736979,1.1299028185610194,294.70920300000023
2021-04-14,0,0,0,0,0,0,0,0,301.16776,-2.2404432,-0.0022,-0.0035,1.422,198.0,0.258749305269786,0.5689077299693913,0.0092,-0.0009000000000000002,81.0,-0.0013,0.13950447983664083,58.24946340812207,9.549459477948346,9.337831114579252,0.21162836336909407,295.64457100000027
2021-04-15,0,1,0,0,0,0,0,0,306.14047,1.651144,-0.0344,-0.0123,1.366,215.0,0.18143489990947823,0.057894257930739684,-0.0322,-0.0088,17.0,0.0221,-0.5110134720386517,61.70244551991389,9.159322773937106,9.302129446450824,-0.14280667251371781,297.09660350000024
2021-04-16,0,0,0,0,0,0,0,0,304.5094,-0.5327821,-0.0028,-0.004,1.14,182.0,-0.12539490261972333,0.5543910145359965,0.0316,0.0083,-33.0,-0.0012000000000000001,0.49649675660525683,59.951014825517156,8.619166521233865,9.165536861407432,-0.5463703401735671,297.89572000000027
2021-04-19,0,0,0,0,0,0,0,0,300.5909,-1.2868285,-0.0024,-0.0028,1.749,63.0,0.6644278542816724,0.5510817308445297,0.0004000000000000002,0.0012000000000000001,-119.0,-0.0004000000000000002,-0.003309283691466769,55.849521839858184,7.78515616346084,8.889460721818114,-1.1043045583572741,298.32834500000024
2021-04-20,0,0,0,0,0,0,0,0,300.9987,0.13566017,-0.0006,-0.0012,1.258,220.0,-0.003348011056651371,0.5741688558821058,0.0018,0.0016,157.0,-0.0006,0.02308712503757604,56.18547259333877,7.075540570750206,8.526676691604532,-1.4511361208543256,298.9260675000003
2021-04-21,0,0,1,0,0,0,0,0,299.82516,-0.3898859,-0.0498,-0.004,0.908,129.0,-0.45242107219590344,-0.19691144729334575,-0.049199999999999994,-0.0028000000000000004,-91.0,0.045799999999999993,-0.7710803031754515,54.89104702773119,6.345325270811713,8.090406407445968,-1.745081136634255,299.8872945000003
2021-04-22,0,0,1,0,0,0,0,0,294.90216,-1.641959,-0.0478,-0.0024,1.467,132.0,0.37353918705177136,-0.11287469678911047,0.001999999999999995,0.0016000000000000003,3.0,0.0454,0.08403675050423529,49.7165229368835,5.308189918770836,7.533963109710942,-2.2257731909401057,300.77144350000026
2021-04-23,0,0,0,0,1,0,0,0,299.487,1.5547037,-0.0046,-0.0045,0.349,120.0,-1.2220156863830869,0.6847679309506839,0.0432,-0.0021,-12.0,0.00010000000000000026,0.7976426277397943,54.06001268970644,4.800869515675913,6.987344390903936,-2.186474875228023,301.67200350000024
2021-04-26,0,0,0,0,0,0,0,0,301.38657,0.63427687,-0.0093,-0.0055,1.208,62.0,0.015996076753877018,0.5859931326521095,-0.004699999999999999,-0.001,-58.0,0.0037999999999999996,-0.09877479829857438,55.76490240516001,4.5002181512491575,6.489919142972981,-1.989700991723823,302.27966800000024
2021-04-27,0,0,0,0,0,0,0,0,301.91373,0.17489195,-0.0207,-0.0085,1.046,191.0,-0.21194793764802808,0.33752921933548374,-0.0114,-0.003000000000000001,129.0,0.012199999999999999,-0.24846391331662576,56.250139421844814,4.255433200188293,6.043021954416043,-1.78758875422775,303.0539235000002
2021-04-28,0,0,0,0,0,0,0,0,305.4244,1.162827,0.0054,0.0042,1.941,160.0,1.0427835032881376,0.8525919749261333,0.026099999999999998,0.0127,-31.0,-0.0012000000000000005,0.5150627555906495,59.44099037243961,4.29520860092191,5.693459283717216,-1.3982506827953056,303.6789920000002
2021-04-29,1,1,1,0,0,0,0,0,327.71216,7.2973013,0.3109,0.0967,2.61,281.0,1.911417746778436,5.131110688735154,0.3055,0.0925,121.0,-0.2142,4.278518713809021,72.93620171928868,6.0553643866713855,5.76584030430805,0.2895240823633358,305.2130770000002
2021-04-30,0,0,1,0,0,0,0,0,323.30627,-1.3444304,0.2894,0.0558,0.268,144.0,-1.304505730111132,4.016250339992326,-0.02150000000000002,-0.04089999999999999,-137.0,-0.23359999999999997,-1.1148603487428277,68.11155980393185,7.013929809846331,6.015458205415706,0.998471604430625,306.52686750000026
2021-05-03,0,0,0,0,0,0,0,0,320.81995,-0.76904297,-0.0039,0.005,1.319,64.0,0.12367338167102053,0.26938310055627945,-0.2933,-0.050800000000000005,-80.0,0.0089,-3.746867239436047,65.47926926101599,7.486672864358411,6.3097011372042475,1.1769717271541635,307.2066390000003
2021-05-04,0,0,0,0,0,0,0,0,316.62296,-1.3082027,0.0018,-0.0006,0.513,178.0,-0.9550221033431888,0.31261805722640146,0.0057,-0.0056,114.0,-0.0024,0.043234956670122004,61.1809857124497,7.436934769011884,6.535147863565775,0.9017869054461096,307.8083360000002
2021-05-05,0,0,0,0,0,0,0,0,313.30118,-1.0491252,-0.0008,0.0009,2.728,321.0,1.9631374577690985,0.2603426164016414,-0.0026,0.0015,143.0,0.0017000000000000001,-0.052275440824760044,57.93922090397602,7.0482294832673915,6.637764187506098,0.4104652957612931,307.90431000000024
2021-05-06,0,1,0,0,0,0,0,0,318.27393,1.5872002,-0.0259,-0.0009,0.627,684.0,-0.7748676789248101,-0.07154760536042525,-0.0251,-0.0018,363.0,0.024999999999999998,-0.3318902217620667,61.24941697023705,7.060053211151114,6.722221992235101,0.33783121891601287,308.25240150000025
2021-05-07,0,0,0,0,1,0,0,0,317.33902,-0.2937317,-0.0018,-0.0018,0.117,196.0,-1.4200878915128705,0.25051078417172695,0.0241,-0.0009,-488.0,0.0,0.3220583895321522,60.288755033410254,6.914280653667959,6.760633724521673,0.15364692914628542,308.5815925000003
2021-05-10,0,0,0,0,0,0,0,0,304.30063,-4.1086855,-0.0045,-0.0086,1.369,105.0,0.21427153027671456,0.21536634691471931,-0.0026999999999999997,-0.0068000000000000005,-91.0,-0.0041,-0.03514443725700764,48.794553267840676,5.681176676680707,6.54474231495348,-0.8635656382727728,308.3046150000003
2021-05-11,0,0,0,0,0,0,0,0,304.85757,0.18302202,-0.0155,-0.024,1.216,338.0,-0.005260925395954559,0.06766248713819384,-0.011,-0.0154,233.0,-0.0085,-0.14770385977652548,49.23973314332239,4.694755080161542,6.174744867995092,-1.4799897878335502,308.1439960000003
2021-05-12,0,0,0,0,0,0,0,0,300.89926,-1.2984097,-0.006,-0.0028,0.406,259.0,-1.0487230412100186,0.17059097053926794,0.0095,0.0212,-79.0,0.0032,0.1029284834010741,46.16758205547305,3.5526535435136566,5.650326603098805,-2.0976730595851487,308.13057100000026
2021-05-13,0,0,0,0,0,0,0,0,303.59448,0.8957267,-0.0056,-0.0018,0.053,175.0,-1.5343999028383315,0.1596521866068279,0.0004000000000000002,0.001,-84.0,0.0038,-0.01093878393244005,48.52269522299463,2.8323618718548573,5.086733656850016,-2.2543717849951586,308.00327150000027
2021-05-14,0,0,0,0,0,0,0,0,314.2162,3.4986496,-0.0051,-0.0038,0.78,142.0,-0.4812183032541713,0.14460883371960334,0.0004999999999999996,-0.002,-33.0,0.0013000000000000004,-0.015043352887224554,56.58396356348465,3.0830698570583763,4.686000896891688,-1.6029310398333116,308.4886115000003
2021-05-17,0,0,0,0,0,0,0,0,313.73883,-0.15193224,0.0,-0.0032,0.101,52.0,-1.4354341921727927,0.20936958870523004,0.0051,0.0005999999999999998,-90.0,-0.0032,0.0647607549856267,56.15831944387503,3.206277995242715,4.3900563165618935,-1.1837783213191786,309.1460080000003
2021-05-18,0,0,0,0,0,0,0,0,308.2688,-1.7434835,-0.0041,-0.0026,0.317,111.0,-1.0945271273075106,0.15181831755752212,-0.0041,0.0006000000000000003,59.0,0.0015000000000000005,-0.057551271147707916,51.38813272823989,2.8299141377490855,4.078027880799332,-1.2481137430502462,309.50951300000025
2021-05-19,0,0,0,0,0,0,0,0,311.87906,1.171124,-0.006,-0.0035,0.297,124.0,-1.0874259138143116,0.12316078460257304,-0.0018999999999999998,-0.0009000000000000002,13.0,0.0025,-0.028657532954949078,54.1559517605254,2.790790384581726,3.8205803815558106,-1.0297899969740847,310.11220800000024
2021-05-20,0,0,0,0,0,0,0,0,316.87164,1.6008139,-0.006,-0.0033,0.01,153.0,-1.4388107401603252,0.1228077833782688,0.0,0.0002000000000000001,29.0,0.0027,-0.0003530012243042474,57.73940872615412,3.1266024824183205,3.6817848017283126,-0.5551823193099921,311.21068200000025
2021-05-21,0,0,0,0,0,0,0,0,314.50458,-0.74698925,-0.0009,-0.0031,0.017,124.0,-1.414405921867374,0.1924565983114609,0.0051,0.0002000000000000001,-29.0,-0.0021999999999999997,0.0696488149331921,55.52343564216318,3.165247032205798,3.57847724782381,-0.4132302156180119,311.96156100000024
2021-05-24,0,0,0,0,0,0,0,0,322.85873,2.656293,-0.0022,-0.0025,0.15,57.0,-1.2102857056860281,0.17109176429000655,-0.0013000000000000002,0.0005999999999999998,-67.0,-0.0002999999999999999,-0.021364834021454338,61.18537517701916,3.825880830105291,3.627957964280106,0.19792286582518503,313.0351690000003
2021-05-25,0,0,0,0,0,0,0,0,326.00156,0.9734154,-0.0081,0.0015,0.669,145.0,-0.5048965301454436,0.08732628700349286,-0.005899999999999999,0.004,88.0,0.0096,-0.08376547728651369,63.08904898413942,4.550581716435602,3.812482714711205,0.7380990017243967,314.23956050000027
2021-05-26,0,1,0,0,0,0,0,0,325.87225,-0.03966093,-0.0286,-0.0129,2.913,304.0,2.4353177537112325,-0.19437424253422986,-0.0205,-0.0144,159.0,0.0157,-0.28170052953772273,62.95224326376402,5.05619350240454,4.061224872249872,0.9949686301546681,315.2619530000003
2021-05-27,0,0,0,0,1,0,0,0,330.93442,1.5534401,-0.0131,-0.0031,1.32,378.0,0.31609567697008784,0.021262218824273975,0.0155,0.0098,74.0,0.01,0.21563646135850384,66.05544293056359,5.79852748283713,4.408685394367323,1.3898420884698073,315.42306600000023
2021-05-28,0,0,0,0,0,0,0,0,326.93643,-1.2081087,-0.0032,-0.0022,0.021,239.0,-1.4024680195023664,0.1569426925936017,0.0099,0.0008999999999999998,-139.0,0.001,0.1356804737693277,61.662471371066694,5.995120117274723,4.725972338948803,1.2691477783259204,315.60457400000024
2021-05-31,0,0,0,0,0,0,0,0,326.93643,0.0,-0.0136,-0.0009,0.0,22.0,-1.412557037148552,-0.029277033386185224,-0.0104,0.0013000000000000002,-217.0,0.0127,-0.18621972597978692,61.662471371066694,6.080825228389415,4.996942916836925,1.0838823115524896,315.9103980000002
2021-06-01,0,0,0,0,1,0,0,0,327.33423,0.12167692,-0.0002,-0.0015,0.046,59.0,-1.3203513418282335,0.15682231627596416,0.013399999999999999,-0.0006000000000000001,37.0,-0.0013,0.1860993496621494,61.95444668178,6.110409287201321,5.219636190909805,0.8907730962915164,316.44596150000024
2021-06-02,0,0,0,0,0,0,0,0,327.3541,0.006067753,0.0043,-0.0018,0.544,96.0,-0.6644808637325166,0.2190985844148246,0.0045,-0.0002999999999999999,37.0,-0.0060999999999999995,0.06227626813886045,61.97002662279252,6.065538458211222,5.388816644370088,0.6767218138411337,317.14860750000025
2021-06-03,0,0,0,0,0,0,0,0,324.26105,-0.9448528,-0.001,-0.0013,1.047,187.0,-0.02527770731299577,0.11177990678246026,-0.0053,0.0005,91.0,-0.0002999999999999999,-0.10731867763236434,57.98911838163544,5.7145212735812265,5.4539575702123155,0.260563703368911,317.44796350000024
2021-06-04,0,1,1,0,0,0,0,0,328.54758,1.3219237,-0.156,-0.0017,3.075,208.0,2.4226551328446675,-2.1082737472466406,-0.155,-0.00039999999999999996,21.0,0.1543,-2.2200536540291007,61.66452153062004,5.716330473388723,5.506432150847597,0.20989832254112617,318.00839150000024
2021-06-07,0,0,0,0,1,0,0,0,334.74356,1.8858671,-0.0027,-0.0011,0.599,87.0,-0.6037450410948154,0.11660204326384675,0.1533,0.0005999999999999998,-121.0,0.0016,2.2248757905104872,66.25950040943242,6.146870781233474,5.634519876924772,0.5123509043087022,319.53053800000026
2021-06-08,0,0,0,0,0,0,0,0,331.85938,-0.861609,-0.0042,0.0043,0.339,122.0,-0.8991159467370257,0.09546142710197625,-0.0014999999999999996,0.0054,35.0,0.0085,-0.021140616161870504,62.5038395757801,6.184061839730248,5.7444282694858675,0.4396335702443803,320.8806285000002
2021-06-09,0,0,0,0,0,0,0,0,328.4481,-1.0279298,-0.001,-0.0011,1.64,135.0,0.6721721166777308,0.14206999986435417,0.0031999999999999997,-0.0054,13.0,-0.00010000000000000005,0.046608572762377926,58.295119013146945,5.870601593940194,5.769662934376733,0.10093865956346093,322.2580705000002
2021-06-10,0,0,0,0,0,0,0,0,330.64606,0.66919327,-0.001,-0.0014,1.101,266.0,0.002513912271843792,0.13914418479339338,0.0,-0.0002999999999999999,131.0,-0.00039999999999999996,-0.002925815070960791,60.156715814793316,5.733447480071163,5.762419843515619,-0.028972363444455418,323.61064950000025
2021-06-11,0,0,1,0,0,0,0,0,329.45264,-0.3609419,-0.0523,-0.0049,0.47,110.0,-0.7480381721154196,-0.5915548063623799,-0.0513,-0.0034999999999999996,-156.0,0.0474,-0.7306989911557733,58.626506077956286,5.465450524987773,5.703025979810049,-0.23757545482227638,324.3724715000002
2021-06-14,0,0,0,0,1,0,0,0,334.93253,1.6633391,-0.0003,-0.0013,0.097,52.0,-1.2000242205250147,0.147919746920893,0.052,0.0036,-58.0,-0.001,0.7394745532832729,63.24921620175951,5.6303392863898125,5.688488641126002,-0.058149354736189096,325.4321565000002
2021-06-15,0,0,0,0,0,0,0,0,334.9127,-0.0059366226,-0.0075,-0.0022,1.463,156.0,0.4995761899733115,0.022972092459285862,-0.0072,-0.0009000000000000002,104.0,0.005299999999999999,-0.12494765446160713,63.221688109963424,5.693780346902656,5.689546982281333,0.00423336462132351,326.7643515000002
2021-06-16,0,0,0,0,0,0,0,0,329.27353,-1.6837478,-0.004,-0.0017,1.342,180.0,0.35650044351552224,0.04418134947363125,0.0034999999999999996,0.0005000000000000002,24.0,0.0023,0.021209257014345385,55.78596716151455,5.228750176684457,5.597387621161958,-0.3686374444775007,327.6340750000002
2021-06-17,0,0,0,0,0,0,0,0,334.67395,1.6400933,-0.0004,-0.0018,0.98,210.0,-0.07645836732162144,0.0975957649490251,0.0036,-0.00010000000000000005,30.0,-0.0014,0.05341441547539385,60.568886625616514,5.235626138175235,5.525035324564613,-0.2894091863893786,328.5241905000002
2021-06-18,0,0,0,0,0,0,0,0,327.8614,-2.0356,0.0014,0.0033,0.183,136.0,-1.058880943521764,0.12437363718917348,0.0018,0.0051,-74.0,0.0019,0.02677787224014838,52.808184337036515,4.637896750304208,5.347607609712532,-0.7097108594083243,329.1920315000002
2021-06-21,0,0,0,0,0,0,0,0,330.477,0.79779625,-0.0044,-0.0011,1.119,73.0,0.11880857520548437,0.03850344779580532,-0.0058000000000000005,-0.0044,-63.0,0.0033,-0.08587018939336816,55.182535887543125,4.325388577467265,5.143163803263478,-0.817775225796213,329.57294500000023
2021-06-22,0,0,0,0,0,0,0,0,337.18024,2.028346,-0.0019,0.0016,1.311,139.0,0.3505516600727371,0.0797565862055099,0.0025000000000000005,0.0027,66.0,0.0035,0.041253138409704584,60.647074312169856,4.5659852104017205,5.027728084691127,-0.4617428742894063,330.1318790000002
2021-06-23,0,0,0,0,0,0,0,0,338.7317,0.46013594,-0.0037,0.0048,1.58,224.0,0.6817773285486535,0.05323310684701185,-0.0018000000000000002,0.0031999999999999997,85.0,0.0085,-0.026523479358498053,61.80777868455839,4.826216017283116,4.987425671209524,-0.1612096539264085,330.7748515000002
2021-06-24,0,0,0,0,0,0,0,0,341.30756,0.760448,-0.0032,0.0034,0.59,138.0,-0.5555229228610892,0.06170171328445111,0.0005,-0.0013999999999999998,-86.0,0.0066,0.008468606437439255,63.721004382437705,5.180582649258156,5.02605706681925,0.15452558243890557,331.29350850000026
2021-06-25,0,0,0,0,0,0,0,0,339.50745,-0.52741766,0.0013,0.0077,0.228,119.0,-1.019475095879633,0.1265249070666639,0.0045000000000000005,0.0043,-19.0,0.0064,0.06482319378221278,61.405939637265035,5.255583826455052,5.071962418746411,0.18362140770864066,331.9220595000003
2021-06-28,0,0,1,0,0,0,0,0,353.6996,4.180217,-0.0649,-0.001,1.846,25.0,1.0168389763375192,-0.8739646285161241,-0.0662,-0.0087,-94.0,0.0639,-1.000489535582788,70.50445904735545,6.386590061279321,5.334887947252993,1.0517021140263285,333.26021800000024
2021-06-29,0,1,1,0,0,0,0,0,349.97006,-1.054436,-0.7352,-0.0883,2.846,171.0,2.2223390193702808,-6.234385514964743,-0.6703,-0.0873,146.0,0.6468999999999999,-5.360420886448619,66.09475911109209,6.902411241711093,5.648392606144613,1.2540186355664797,334.3920095000002
2021-06-30,0,0,1,0,0,0,0,0,345.81284,-1.1878788,-0.7352,-0.0129,1.337,171.0,0.3691700827123187,-4.777595463734699,0.0,0.07540000000000001,0.0,0.7222999999999999,1.456790051230044,61.47891562596919,6.89625460254274,5.897965005424238,0.998289597118502,335.3149465000002
2021-07-01,0,0,0,0,0,0,0,0,352.45645,1.9211531,-0.0303,-0.0082,0.855,131.0,-0.20393947875784377,-0.004764027382777485,0.7049,0.004699999999999999,-40.0,0.0221,4.772831436351922,65.61202126109691,7.342815815700931,6.186935167479577,1.1558806482213537,336.72471650000017
2021-07-02,0,0,1,0,0,0,0,0,352.7647,0.08747578,-0.0316,0.0079,0.315,119.0,-0.861659179267641,-0.02589019157969065,-0.0013000000000000025,0.016100000000000003,-12.0,0.03950000000000001,-0.021126164196913166,65.79539881307393,7.63359664292517,6.476267462568695,1.1573291803564745,337.93557250000015
2021-07-05,0,0,0,0,1,0,0,0,352.7647,0.0,-0.0017,-0.0045,1.059,74.0,0.08357654139954225,0.1671321910183682,0.029900000000000003,-0.012400000000000001,-45.0,-0.0027999999999999995,0.19302238259805887,65.79539881307392,7.774423825019085,6.735898735058774,1.0385250899603111,338.83662950000013
2021-07-06,0,0,0,0,0,0,0,0,350.8552,-0.54130554,-0.0002,-0.0033,0.576,106.0,-0.5038450093229924,0.17607746274998406,0.0014999999999999998,0.0011999999999999997,32.0,-0.0031,0.008945271731615856,63.367707517720305,7.64383630301262,6.917486248649543,0.7263500543630768,339.78642050000013
2021-07-07,0,0,0,0,0,0,0,0,348.5776,-0.64913034,0.0014,0.0058,2.283,70.0,1.6216408737976717,0.1865882130969462,0.0016,0.0091,-36.0,0.004399999999999999,0.010510750346962139,60.50024628663447,7.272726007389167,6.988534200397468,0.2841918069916991,340.7928955000001
2021-07-08,0,1,1,0,0,0,0,0,343.7641,-1.3809204,-0.7348,-0.1921,2.043,224.0,1.291201234652497,-4.039398972102962,-0.7362,-0.1979,154.0,0.5427,-4.225987185199908,54.85109664082475,6.5151071033265,6.893848780983275,-0.3787416776567749,341.4487975000001
2021-07-09,0,1,0,0,1,0,0,0,348.5081,1.3800144,-0.029,-0.0162,0.62,230.0,-0.4534656234682078,0.05224604219949467,0.7058,0.1759,6.0,0.012800000000000002,4.091645014302457,58.92210935507746,6.225723550532962,6.760223734893212,-0.5345001843602502,342.4015705000001
2021-07-12,0,0,0,0,0,0,0,0,351.23312,0.7819176,-0.0055,-0.0111,0.952,91.0,-0.028226240784591003,0.18875006263943886,0.0235,0.005099999999999999,-139.0,-0.005600000000000001,0.1365040204399442,61.09231240702818,6.14543064107329,6.637265116129227,-0.4918344750559376,343.2166000000001
2021-07-13,0,0,0,0,0,0,0,0,350.16898,-0.30298233,-0.0097,-0.0065,0.696,92.0,-0.33448612095851227,0.16531497103935702,-0.004200000000000001,0.004600000000000001,1.0,0.0032000000000000006,-0.023435091600081837,59.76446242990324,5.927601032339055,6.495332299371193,-0.5677312670321379,343.97941400000013
2021-07-14,0,0,0,0,0,0,0,0,345.7333,-1.2667179,-0.0088,-0.0034,2.021,146.0,1.2698318330002192,0.166537593629182,0.0008999999999999998,0.0031,54.0,0.0054,0.0012226225898249732,54.45170427610939,5.3355423812528215,6.263374315747519,-0.927831934494697,344.8024025000001
2021-07-15,0,1,1,0,0,0,0,0,342.58057,-0.91189146,-0.1134,-0.0014,2.033,280.0,1.259260016849442,-0.4326628534129827,-0.1046,0.002,134.0,0.112,-0.5992004470421647,50.98265302872902,4.559375034888944,5.922574459575804,-1.3631994246868597,345.1977335000001
2021-07-16,0,0,0,0,1,0,0,0,339.29855,-0.9580195,-0.0093,-0.0073,1.064,227.0,0.07151310614577003,0.1701747385398342,0.1041,-0.0059,-53.0,0.001999999999999999,0.6028375919528169,47.58405490285695,3.637494463978271,5.465558460456298,-1.8280639964780265,345.7695910000001
2021-07-19,0,0,0,0,0,0,0,0,335.11157,-1.2340248,-0.0017,-0.0044,0.776,65.0,-0.2703577349516931,0.2133919941074711,0.007599999999999999,0.0029,-162.0,-0.0027,0.04321725556763689,43.59173037182823,2.53976633048444,4.8804000344619265,-2.3406337039774865,346.00131950000014
2021-07-20,0,0,0,0,0,0,0,0,339.79587,1.3978362,-0.0039,-0.0046,1.07,137.0,0.08708598089326272,0.19899284239467044,-0.0021999999999999997,-0.00019999999999999966,72.0,-0.0007000000000000001,-0.01439915171280065,48.77035285019823,2.024456068282916,4.309211241226125,-2.2847551729432087,346.13210100000015
2021-07-21,0,0,0,0,0,0,0,0,344.3409,1.3375878,0.003,0.0132,0.314,167.0,-0.8049748772496428,0.23915233337626446,0.0069,0.0178,30.0,0.0102,0.04015949098159402,53.254576922534845,1.9602187281731176,3.8394127386155232,-1.8791940104424056,346.41256100000015
2021-07-22,0,0,0,0,0,0,0,0,349.2739,1.4325738,-0.0171,-0.0029,1.044,100.0,0.12533824417622919,0.1602025810688028,-0.0201,-0.0161,-67.0,0.0142,-0.07894975230746165,57.59327763107559,2.2810673223528966,3.5277436553629977,-1.2466763330101012,346.8108780000001
2021-07-23,0,1,1,0,0,0,1,0,367.77237,5.296278,-0.022,0.0272,1.67,143.0,0.889818483621738,0.16778276680629747,-0.004899999999999998,0.0301,43.0,0.049199999999999994,0.007580185737494666,69.15484922626918,3.982110781355857,3.6186170805615694,0.36349370079428756,348.22412400000013
2021-07-26,0,0,0,0,0,0,0,0,370.4278,0.7220268,0.0186,0.0081,0.845,49.0,-0.14702859411185945,0.4174337117582166,0.0406,-0.0191,-94.0,-0.010499999999999999,0.2496509449519191,70.4023012246006,5.481286132069215,3.9911508908630986,1.4901352412061164,349.06053400000013
2021-07-27,0,0,0,0,0,0,0,0,365.8032,-1.248455,0.0289,0.005,1.838,108.0,1.0786710122646317,0.4780505269081913,0.0103,-0.0030999999999999995,59.0,-0.023899999999999998,0.06061681514997469,65.43871352936299,6.224474955197081,4.437815703729895,1.786659251467186,349.8521910000002
2021-07-28,0,1,0,0,0,0,0,0,371.24335,1.4871836,0.0033,0.0074,2.381,177.0,1.7975370186989883,0.31879265433143567,-0.025599999999999998,0.0024000000000000002,69.0,0.0041,-0.1592578725767556,68.27249375582754,7.169783292916122,4.9842092215671405,2.1855740713489817,351.12371650000017
2021-07-29,0,1,1,0,0,0,0,0,356.36493,-4.007715,0.1189,0.0663,3.001,261.0,2.4138933177471644,1.0118928048439482,0.11560000000000001,0.058899999999999994,84.0,-0.05260000000000001,0.6931001505125125,54.99219257627301,6.641820044201268,5.315731386093966,1.3260886581073015,351.3191405000002
2021-07-30,0,0,1,1,0,0,1,0,354.356,-0.5637467,-0.0794,0.0239,0.718,128.0,-0.3788540832524178,-0.19936549772682474,-0.1983,-0.04239999999999999,-133.0,0.1033,-1.2112583025707728,53.47952881161929,5.992226843137416,5.451030477502656,0.54119636563476,351.3987055000002
2021-08-02,0,0,0,0,1,0,0,0,350.02975,-1.220876,0.0136,-0.0053,0.865,31.0,-0.18830610520471797,0.37048771904165206,0.093,-0.0292,-97.0,-0.0189,0.5698532167684768,50.27249666396326,5.069884855487544,5.374801353099634,-0.3049164976120897,351.26195800000016
2021-08-03,0,1,0,0,0,0,0,0,349.32358,-0.20173788,-0.0065,-0.0051,0.455,126.0,-0.6743551509900247,0.24597846066601073,-0.0201,0.00019999999999999966,95.0,0.0013999999999999993,-0.12450925837564134,49.74808248967014,4.233143128918698,5.146469708263447,-0.9133265793447487,351.1853770000002
2021-08-04,0,0,0,0,0,0,0,0,356.96173,2.1865487,-0.0035,-0.0062,1.492,133.0,0.5747877943811177,0.2641393363342747,0.0029999999999999996,-0.0010999999999999994,7.0,-0.0026999999999999997,0.018160875668263993,55.19257670079691,4.138646412901267,4.944905049191011,-0.8062586362897441,351.6045835000002
2021-08-05,0,0,0,0,0,0,0,0,360.9896,1.1283875,-0.0222,-0.0073,1.042,200.0,0.0023606732074422146,0.15099072528544386,-0.0187,-0.0011000000000000003,67.0,0.0149,-0.11314861104883087,57.789715313398894,4.338758029549751,4.8236756452627585,-0.48491761571300707,352.4658585000002
2021-08-06,0,0,1,0,0,0,0,0,361.52664,0.1487732,-0.1477,-0.0121,0.578,102.0,-0.5688780098854724,-0.6042291412913317,-0.1255,-0.0048,-98.0,0.1356,-0.7552198665767755,58.138116635781344,4.488936896957512,4.756727895601709,-0.2677909986441973,353.1167855000002
2021-08-09,0,0,0,0,1,0,0,0,359.63696,-0.522691,-0.0076,-0.0019,0.872,96.0,-0.2227279008697037,0.2555111971457447,0.1401,0.010199999999999999,-6.0,0.0057,0.8597403384370763,56.3748687449585,4.404698723023898,4.6863220610861465,-0.28162333806224815,353.5369775000002
2021-08-10,0,0,0,0,0,0,0,0,359.15964,-0.13273358,-0.0048,0.0032,0.928,109.0,-0.16643984081525764,0.2727578574871269,0.0028000000000000004,0.0051,13.0,0.008,0.01724666034138217,55.913576940255425,4.250427347742345,4.599143118417386,-0.34871577067504056,353.9865105000002
2021-08-11,0,0,0,0,0,0,0,0,357.99597,-0.323987,-0.0025,-0.0075,0.976,136.0,-0.12106088238108914,0.28647532903962103,0.0022999999999999995,-0.0107,27.0,-0.004999999999999999,0.013717471552494143,54.73764763273249,3.9882931665645174,4.476973128046812,-0.488679961482295,354.5996440000002
2021-08-12,0,0,0,0,0,0,0,0,360.6713,0.7473111,-0.0015,-0.0031,1.651,154.0,0.7117390109908619,0.29210894110084784,0.001,0.004399999999999999,18.0,-0.0015999999999999999,0.0056336120612268115,56.9778549096415,3.95088338739032,4.371755179915514,-0.4208717925251939,355.5041805000002
2021-08-13,0,0,0,0,0,0,0,0,361.19843,0.14615059,-0.0016,-0.0017,0.881,177.0,-0.30349632842142904,0.29157362158803696,-0.00010000000000000005,0.0014,23.0,-9.999999999999983e-05,-0.0005353195128108834,57.42498199626325,3.918599675645396,4.28112407906149,-0.36252440341609393,356.59917450000023
2021-08-16,0,0,0,0,0,0,0,0,364.56,0.9306669,-0.0013,-0.0023,0.653,49.0,-0.619459364889188,0.293312945924436,0.00030000000000000014,-0.0006000000000000001,-128.0,-0.001,0.0017393243363990618,60.26134122252771,4.116809192931896,4.248261101835571,-0.1314519089036752,358.0715960000002
2021-08-17,0,0,0,0,0,0,0,0,356.49426,-2.2124588,-0.0036,0.0066,1.18,100.0,0.06670728942605154,0.278717983113434,-0.0023,0.0089,51.0,0.0102,-0.014594962811002032,51.41118824902694,3.5817654906015832,4.114961979588774,-0.5331964889871905,358.90651550000024
2021-08-18,0,0,0,0,0,0,0,0,353.51062,-0.8369386,-0.0049,-0.0041,1.124,138.0,0.033623964112770445,0.26819774076003455,-0.0013,-0.010700000000000001,38.0,0.0007999999999999995,-0.010520242353399434,48.56958610072308,2.8837426982846637,3.8687181233279517,-0.984975425043288,359.36500150000023
2021-08-19,0,0,0,0,0,0,0,0,353.1824,-0.092846155,-0.0023,-0.0017,2.663,179.0,2.0716466263340374,0.28294552062909517,0.0026,0.0024000000000000002,41.0,0.0006000000000000001,0.014747779869060618,48.25362119729772,2.277812787514563,3.550537056165274,-1.2727242686507112,359.56042650000023
2021-08-20,0,1,1,0,0,0,0,0,357.4092,1.1967778,-0.3621,-0.0058,1.78,254.0,0.8559125876816284,-1.8302843515909635,-0.35979999999999995,-0.0040999999999999995,75.0,0.35629999999999995,-2.1132298722200584,52.53586467872077,2.1143040222387413,3.2632904493799675,-1.1489864271412262,359.04226800000026
2021-08-23,0,0,0,0,1,0,0,0,361.36755,1.107502,-0.0189,-0.0074,0.685,62.0,-0.662860935893859,0.21221287538617656,0.34319999999999995,-0.0016000000000000007,-192.0,0.0115,2.04249722697714,56.19207564481601,2.2778700434928396,3.066206368202542,-0.7883363247097024,358.5892555000002
2021-08-24,0,0,0,0,0,0,0,0,363.51575,0.5944729,-0.007,-0.0087,0.692,119.0,-0.6796198082853117,0.2837566990513572,0.0119,-0.001299999999999999,57.0,-0.0016999999999999993,0.07154382366518064,58.079365993964046,2.551427808936978,2.9632506563494294,-0.41182284741245123,358.4748830000002
2021-08-25,0,0,0,0,0,0,0,0,366.38007,0.78793764,-0.0131,0.003,0.291,82.0,-1.231417548275149,0.24930874024034272,-0.0061,0.011699999999999999,-37.0,0.0161,-0.03444795881101448,60.52154607863199,2.965170356690237,2.9636345964175907,0.001535760272646236,358.2317190000002
2021-08-26,0,0,0,0,0,0,0,0,362.3919,-1.0885239,-0.0212,-0.0017,0.384,84.0,-1.0749892298369719,0.2031880914841073,-0.0081,-0.0047,2.0,0.0195,-0.04612064875623542,55.659429127267366,2.937391892887888,2.9583860557116504,-0.02099416282376243,358.53306750000024
2021-08-27,0,0,1,0,0,0,0,0,370.59686,2.2641182,-0.0517,-0.011,0.2,72.0,-1.3281138344285912,0.011146312029279942,-0.030500000000000003,-0.0093,-12.0,0.0407,-0.19204177945482737,62.35922319289324,3.536680311357429,3.0740449068408062,0.462635404516623,359.34511050000026
2021-08-30,0,0,0,0,0,0,0,0,378.58307,2.1549463,-0.0064,-0.0019,0.549,31.0,-0.8171003984607642,0.28228472129291865,0.0453,0.009099999999999999,-41.0,0.0045000000000000005,0.2711384092636387,67.50576424957696,4.602980806610162,3.3798320867946776,1.2231487198154847,360.77277650000025
2021-08-31,0,0,0,0,0,0,0,0,377.31006,-0.3362596,0.0055,0.016,1.035,111.0,-0.12723971103993406,0.3523353142871222,0.0119,0.0179,80.0,0.0105,0.07005059299420358,65.95766810222159,5.284395145550491,3.76074469854584,1.5236504470046506,362.1721005000002
2021-09-01,0,1,0,0,0,0,0,0,379.96545,0.7037759,-0.0139,-0.0071,0.967,128.0,-0.21186623736210172,0.237784246369321,-0.0194,-0.023100000000000002,17.0,0.006799999999999999,-0.11455106791780123,67.62546000621336,5.969871734229628,4.2025701056825975,1.7673016285470302,363.3222865000002
2021-09-02,0,1,1,0,0,0,0,0,373.23245,-1.7720163,-0.1198,-0.0312,2.079,138.0,1.3860795123992053,-0.3832377600972775,-0.10590000000000001,-0.024099999999999996,10.0,0.08860000000000001,-0.6210220064665986,59.646075128152546,5.901787902177944,4.542413664981667,1.3593742371962767,363.9344290000002
2021-09-03,0,0,1,0,0,0,0,0,374.20706,0.26113987,-0.4695,-0.1048,0.48,113.0,-0.9411690293924525,-2.316049089526073,-0.34969999999999996,-0.0736,-25.0,0.36469999999999997,-1.9328113294287954,60.374921916046944,5.8589356929958285,4.805718070584499,1.0532176224113297,364.56845000000015
2021-09-06,0,0,0,0,1,0,0,0,374.20706,0.0,-0.0067,-0.005,0.124,39.0,-1.4614194914624385,0.3189390786327011,0.4628,0.0998,-74.0,0.0017000000000000001,2.634988168158774,60.37492191604693,5.758593526907305,4.99629316184906,0.7623003650582447,365.29695500000014
2021-09-07,0,0,0,0,0,0,0,0,380.09482,1.5733719,-0.0018,-0.0017,0.595,39.0,-0.7519994030241611,0.3462325167161699,0.0049,0.0033,0.0,0.00010000000000000005,0.02729343808346879,64.82596007533876,6.084031732656683,5.213840876010584,0.870190856646099,366.3437140000002
2021-09-08,0,0,0,0,0,0,0,0,375.5099,-1.2062311,-0.0051,0.0036,1.605,104.0,0.7065914019300688,0.32756386759601874,-0.0033000000000000004,0.0053,65.0,0.0087,-0.01866864912015115,59.2449962237516,5.90392238693147,5.351857178194761,0.5520652087367086,367.2194105000002
2021-09-09,0,0,0,0,0,0,0,0,375.9376,0.113880634,-0.0098,-0.0075,2.292,164.0,1.6314636259158255,0.30179085686862683,-0.004699999999999999,-0.011099999999999999,60.0,0.0023,-0.02577301072739191,59.59445295835329,5.729648427893949,5.427415428134599,0.30223299975935003,367.9827255000002
2021-09-10,0,0,0,0,0,0,0,0,376.62384,0.18254519,-0.0009,0.0009,1.958,294.0,1.1226990002365318,0.35271533924412796,0.0089,0.0084,130.0,0.0018,0.05092448237550112,60.184365433498975,5.5825566545409515,5.45844367341587,0.12411298112508184,368.7539960000002
2021-09-13,0,0,0,0,0,0,0,0,374.45575,-0.5756676,0.0006,0.0035,1.677,69.0,0.7068739688102352,0.36072235513623463,0.0015,0.0026,-225.0,0.0029000000000000002,0.008007015892106673,57.33622345822058,5.230741884483336,5.412903315629363,-0.18216143114602623,369.2487835000002
2021-09-14,0,0,0,0,0,0,0,0,374.47562,0.0053048134,-0.0129,-0.001,1.677,148.0,0.6955333589664761,0.2849971965665748,-0.0135,-0.0045000000000000005,79.0,0.0119,-0.07572515856965983,57.356141181281906,4.8970790089740035,5.309738454298291,-0.41265944532428733,370.1478515000002
2021-09-15,0,0,1,0,0,0,0,0,371.87985,-0.69316626,-0.0772,-0.009,1.677,114.0,0.6922491386742284,-0.0743207577244541,-0.06430000000000001,-0.008,-34.0,0.06820000000000001,-0.35931795429102886,53.82116483939081,4.372785086464091,5.122347780731451,-0.7495626942673592,371.06631300000015
2021-09-16,0,1,0,0,1,0,0,0,371.0245,-0.2300024,-0.0259,-0.0052,1.818,132.0,0.8617066014226551,0.2204296656196498,0.051300000000000005,0.0037999999999999996,18.0,0.0207,0.2947504233441039,52.66923525214096,3.8439481376433378,4.866667852113828,-1.0227197144704903,371.95841800000017
2021-09-17,0,1,0,0,0,0,0,0,362.73004,-2.2355616,-0.0006,-0.0023,1.186,187.0,-0.05138762772634496,0.36495785394016367,0.0253,0.0029,55.0,-0.0017000000000000001,0.14452818832051387,43.047566762567826,2.7241451932665086,4.438163320344364,-1.7140181270778552,372.2244600000002
2021-09-20,0,0,0,0,0,0,0,0,353.75925,-2.4731278,-0.0046,-0.0048,0.809,70.0,-0.5686340237081762,0.3360775024857586,-0.004,-0.0024999999999999996,-117.0,-0.00019999999999999966,-0.028880351454405095,35.495096920405665,1.1001437389169837,3.7705594040588877,-2.670415665141904,371.84404500000016
2021-09-21,0,1,0,1,0,0,0,0,355.52957,0.50041676,-0.0386,-0.016,1.377,79.0,0.29737177572711787,0.08805486103127544,-0.034,-0.011200000000000002,9.0,0.022600000000000002,-0.24802264145448313,37.81377447492809,-0.04353721521920306,3.0077400802032694,-3.0512772954224725,371.44473600000015
2021-09-22,0,1,0,0,0,0,0,0,341.33737,-3.9918363,-0.0086,-0.0079,2.949,226.0,2.4881802874227597,0.25527058387415313,0.030000000000000002,0.0081,147.0,0.0006999999999999992,0.1672157228428777,28.85810478458355,-2.0712287067478883,1.9919463228130379,-4.063175029560926,370.19260100000014
2021-09-23,0,1,1,0,0,0,0,0,344.07245,0.8012533,-0.061,-0.0245,2.273,299.0,1.464283721978177,-0.16857764697917874,-0.0524,-0.0166,73.0,0.0365,-0.4238482308533319,32.19113687520698,-3.4180891208316666,0.9099392340840968,-4.328028354915763,369.27662850000013
2021-09-24,0,0,1,0,0,0,0,0,351.03415,2.0233512,-0.0873,-0.0068,0.707,113.0,-0.7519222632722974,-0.3753612416316051,-0.026300000000000004,0.0177,-186.0,0.0805,-0.20678359465242638,39.90831304510484,-3.8790197686656143,-0.04785256646584535,-3.8311672021997687,368.2984930000002
2021-09-27,0,0,0,0,1,0,0,1,351.6508,0.17565489,-0.0034,-0.0028,2.436,55.0,1.6299893055751564,0.3093455610431509,0.0839,0.004,-58.0,0.0005999999999999998,0.684706802674756,40.55367752603985,-4.146750962624765,-0.8676322456976292,-3.2791187169271354,366.95187950000025
2021-09-28,0,0,0,0,0,0,0,0,338.79135,-3.656882,-0.0077,-0.0031,1.974,324.0,0.9571338780594129,0.2753707788138189,-0.0043,-0.0002999999999999999,269.0,0.0046,-0.033974782229332035,32.67322717332032,-5.33508051957142,-1.7611219004723875,-3.5739586190990327,365.02594400000027
2021-09-29,0,0,0,0,0,0,0,0,337.75705,-0.30530095,-0.0103,-0.0057,1.278,179.0,0.015974180762838033,0.2558685886302788,-0.0026,-0.0026000000000000003,-145.0,0.0046,-0.019502190183540102,32.132382525600335,-6.287817573936195,-2.666461035165149,-3.621356538771046,362.9155240000003
2021-09-30,0,0,1,1,0,0,0,0,337.53827,-0.06477237,-0.0514,-0.0097,1.498,133.0,0.34207036995595297,-0.257941463781284,-0.0411,-0.004,-46.0,0.0417,-0.5138100524115627,32.01167490800775,-6.980060478934945,-3.529180923919108,-3.450879555015837,361.1308150000003
2021-10-01,0,1,0,0,1,0,0,0,341.1385,1.0666132,-0.0244,-0.0084,0.919,168.0,-0.4913135977770876,0.07035589586741987,0.027,0.0013000000000000008,35.0,0.016,0.3282973596487039,36.255356202001686,-7.155673347763752,-4.254479408688037,-2.901193939075715,359.4773870000003
2021-10-04,0,0,0,1,0,0,0,0,324.45007,-4.891986,-0.0349,-0.0054,3.829,241.0,3.2604380937612283,-0.05173917094328471,-0.010499999999999999,0.002999999999999999,73.0,0.0295,-0.12209506681070459,27.642372106949843,-8.542986411971413,-5.1121808093447125,-3.4308056026267,356.9895375000003
2021-10-05,0,1,1,0,0,0,0,0,331.14334,2.0629525,-0.2254,-0.1351,4.0,2078.0,3.1269762661094087,-2.231396834800009,-0.1905,-0.1297,1837.0,0.09029999999999999,-2.179657663856724,34.3760365693545,-8.998620562994802,-5.88946876007473,-3.1091518029200715,354.5419635000003
2021-10-06,0,0,1,0,0,0,0,0,331.81967,0.20424128,-0.0841,-0.0166,2.914,1341.0,1.779207984051482,-0.5660942688298285,0.14129999999999998,0.1185,-737.0,0.06749999999999999,1.6653025659701803,35.03393478044718,-9.199098253249645,-6.551394658709713,-2.647703594539932,352.3574520000003
2021-10-07,0,0,1,0,0,0,0,0,327.4237,-1.3247848,-0.0768,-0.013,2.022,440.0,0.7446417115089468,-0.4906335271381245,0.007300000000000001,0.0036000000000000008,-901.0,0.0638,0.07546074169170397,32.73666779289056,-9.60201030968011,-7.161517788903792,-2.440492520776319,349.9317570000003
2021-10-08,0,0,1,0,0,0,0,0,328.24918,0.2521038,-0.0525,-0.0134,2.219,259.0,0.944656883965657,-0.19774514413967476,0.024299999999999995,-0.00040000000000000105,-181.0,0.039099999999999996,0.29288838299844977,33.61693870215868,-9.742407273439767,-7.677695685810987,-2.0647115876287803,347.51302400000026
2021-10-11,0,0,0,0,1,0,0,0,323.67432,-1.3937235,-0.0017,-0.003,1.285,186.0,-0.14242074844738417,0.3973646498351758,0.0508,0.0104,-73.0,-0.0013000000000000002,0.5951097939748505,31.181428698174017,-10.10632640717239,-8.163421830083267,-1.9429045770891218,344.9739525000003
2021-10-12,0,0,0,0,0,0,0,0,322.00342,-0.51621795,-0.0149,-0.0051,1.304,254.0,-0.12508729600857263,0.24504255008296572,-0.0132,-0.0021000000000000003,68.0,0.0098,-0.15232209975221006,30.317491150936206,-10.409567592778671,-8.612650982622348,-1.7969166101563232,342.35034250000024
2021-10-13,0,0,1,0,0,0,0,0,322.7693,0.23783445,-0.1465,-0.006,1.021,177.0,-0.47251638755129205,-1.253395225980832,-0.1316,-0.0008999999999999998,-77.0,0.14049999999999999,-1.4984377760637977,31.257659457385646,-10.467426326882958,-8.983606051474471,-1.4838202754084868,339.8948150000002
2021-10-14,0,0,1,0,0,0,0,0,326.7375,1.2294292,-0.0826,-0.0044,1.189,176.0,-0.2785165503737786,-0.4997438147334359,0.06389999999999998,0.0015999999999999999,-1.0,0.0782,0.7536514112473962,36.070491450927825,-10.076918767256586,-9.202268594630894,-0.8746501726256923,337.68046500000025
2021-10-15,0,1,0,0,1,0,0,0,322.9881,-1.1475325,-0.0049,-0.0071,0.894,237.0,-0.6083136663351663,0.39513285652707714,0.0777,-0.0027,61.0,-0.0022000000000000006,0.894876671260513,33.67169049575939,-9.955226305814222,-9.352860136867559,-0.6023661689466628,335.6933680000002
2021-10-18,0,0,0,0,0,0,0,0,333.5103,3.2577872,-0.0003,-0.0038,1.735,188.0,0.36066117007925824,0.45285428695331126,0.0046,0.0033000000000000004,-49.0,-0.0035,0.05772143042623412,44.77191151604733,-8.907055559033836,-9.263699221300815,0.3566436622669791,334.6809205000002
2021-10-19,0,0,0,0,0,0,0,0,338.13498,1.3866544,0.0039,0.0059,1.444,221.0,0.026545970414631036,0.5079201554348739,0.0042,0.0097,33.0,0.002,0.05506586848156264,48.825555929204974,-7.615413913447696,-8.934042159730192,1.3186282462824952,333.8111910000002
2021-10-20,0,1,0,0,0,0,0,0,338.9207,0.23236275,-0.0271,-0.0392,2.765,510.0,1.558044698543412,0.15407185058363487,-0.031,-0.0451,289.0,-0.0121,-0.353848304851239,49.50369080123685,-6.453980100940612,-8.438029747972276,1.9840496470316644,333.6903575000002
2021-10-21,0,0,1,0,0,0,0,0,340.01465,0.3227949,-0.0886,-0.0169,1.824,371.0,0.4980510544490079,-0.5361657352983354,-0.0615,0.0223,-139.0,0.0717,-0.6902375858819703,50.48745839590345,-5.383208537284759,-7.8270655058347725,2.4438569685500138,333.4874675000002
2021-10-22,0,0,1,1,0,0,0,0,322.83887,-5.051488,-0.0716,-0.0197,1.192,264.0,-0.26991798028923236,-0.33447457809223485,0.017,-0.0028000000000000004,-107.0,0.0519,0.2016911572061006,37.977346964059834,-5.853085533995568,-7.432269511466932,1.5791839774713639,332.07770350000015
2021-10-25,0,0,1,1,1,0,0,1,326.8966,1.2568951,-0.0442,-0.0111,2.535,203.0,1.299580861500654,0.005190175633461133,0.027399999999999994,0.008599999999999998,-61.0,0.033100000000000004,0.339664753725696,41.655493290748524,-5.8308273914299775,-7.111981087459541,1.2811536960295635,330.8399935000001
2021-10-26,0,1,1,0,0,0,0,0,314.08685,-3.9185882,0.097,0.0284,2.406,579.0,1.1087381557636349,1.6454413092061315,0.1412,0.0395,376.0,-0.0686,1.6402511335726704,34.66628266263573,-6.768800899204223,-7.043345049808478,0.27454415060425497,329.6047685000001
2021-10-27,0,0,1,1,0,0,0,0,310.51648,-1.136756,-0.0901,-0.0227,1.267,381.0,-0.24527454135336008,-0.5377192794834428,-0.1871,-0.051100000000000007,-198.0,0.0674,-2.1831605886895744,33.00409181179925,-7.7113589363583515,-7.176947827118452,-0.5344111092398993,328.2427400000001
2021-10-28,0,0,1,1,0,0,0,0,315.19083,1.5053511,-0.0615,-0.0174,2.253,242.0,0.9018463845788699,-0.19392323759729813,0.0286,0.005300000000000003,-139.0,0.0441,0.34379604188614465,37.24642497928045,-7.989068977589,-7.339372057212562,-0.6496969203764378,327.1253680000001
2021-10-29,0,1,0,0,1,0,0,1,321.8045,2.098322,-0.0012,0.0011,2.541,1474.0,1.2019183782716134,0.4914875501901633,0.0603,0.0185,1232.0,0.0023,0.6854107877874615,42.76844545923881,-7.588018337782955,-7.38910131332664,-0.19891702445631498,326.1586680000001
2021-11-01,0,0,1,0,0,0,0,0,328.1796,1.98102,-0.0535,0.0058,0.994,123.0,-0.6328057979639559,-0.12102670979498407,-0.0523,0.004699999999999999,-1351.0,0.0593,-0.6125142599851474,47.55873600320716,-6.678776744341917,-7.247036399529696,0.568259655187779,326.3451445000001
2021-11-02,0,1,0,0,1,0,0,0,326.28992,-0.57579875,-0.0041,0.0038,1.597,325.0,0.0692917825650205,0.4665857055466146,0.0494,-0.0019999999999999996,202.0,0.0079,0.5876124153415987,46.32110502156729,-6.041040262365698,-7.005837172096896,0.9647969097311986,326.10247350000014
2021-11-03,0,1,1,0,0,0,0,0,329.81067,1.079011,-0.0146,-0.1895,1.339,492.0,-0.2459974560014814,0.34440865758259537,-0.010499999999999999,-0.1933,167.0,-0.1749,-0.12217704796401924,48.98484415682453,-5.191687858967043,-6.643007309470926,1.451319450503883,326.0020235000001
2021-11-04,0,0,0,0,0,0,0,0,334.01758,1.2755632,-0.013,-0.0113,0.493,264.0,-1.2181387857676071,0.36611513130249795,0.0016000000000000007,0.1782,-228.0,0.0017000000000000001,0.021706473719902586,52.04692930795309,-4.1314823251479424,-6.140702312606329,2.009219987458387,326.3317175000001
2021-11-05,0,0,0,0,0,0,0,0,339.26874,1.5721321,-0.0122,-0.0065,0.447,154.0,-1.2529157602804373,0.37811507198691063,0.0007999999999999986,0.0048,-110.0,0.005700000000000001,0.01199994068441268,55.627167428364345,-2.834858589817941,-5.479533568048652,2.644674978230711,326.8826955000001
2021-11-08,0,0,0,0,0,0,0,0,336.77246,-0.7357955,-0.0095,-0.0037,0.346,87.0,-1.3552835733158028,0.41227954204210376,0.002700000000000001,0.0027999999999999995,-67.0,0.0058,0.03416447005519313,53.579239066477435,-1.9858126594047576,-4.7807893863198725,2.794976726915115,327.53760250000016
2021-11-09,0,0,0,0,0,0,0,0,333.54016,-0.95977783,-0.0047,-0.0107,0.363,167.0,-1.3019911268708932,0.4698701722309086,0.0048,-0.006999999999999999,80.0,-0.005999999999999999,0.05759063018880484,50.96295174174751,-1.5558226836177482,-4.135796045779448,2.5799733621616996,328.1144395000001
2021-11-10,0,0,0,0,0,0,0,0,325.85236,-2.3049116,-0.0037,-0.0083,0.528,238.0,-1.0919669172974487,0.48151912576614875,0.001,0.0023999999999999994,71.0,-0.0046,0.011648953535240147,45.297457301685704,-1.8144775722904,-3.6715323510816384,1.8570547787912384,328.2685925000001
2021-11-11,0,0,0,0,0,0,0,0,325.95178,0.030517578,-0.0113,-0.0069,0.0,140.0,-1.6282766569932765,0.3928705221777431,-0.007599999999999999,0.0014000000000000002,-98.0,0.004399999999999999,-0.08864860358840565,45.3820193022306,-1.9885186665804895,-3.3349296141814087,1.3464109476009192,328.2293065000001
2021-11-12,0,0,0,0,0,0,0,0,339.0301,4.0123343,-0.0098,-0.0047,0.097,118.0,-1.4615468068663433,0.3924964834199907,0.0014999999999999996,0.0021999999999999997,-22.0,0.0050999999999999995,-0.0003740387577523818,55.19418735273951,-1.0589296815760463,-2.8797296276603364,1.82079994608429,329.0314065000001
2021-11-15,0,0,0,0,0,0,0,0,345.66367,1.9566417,-0.0052,0.0029,0.428,82.0,-1.0854122619510571,0.45218205454067306,0.0046,0.0076,-36.0,0.0081,0.059685571120682346,59.19814341674393,0.21062202669327235,-2.2616592967896145,2.472281323482887,329.63907500000016
2021-11-16,0,1,1,0,0,0,0,0,341.08878,-1.3235152,-0.1807,-0.0457,0.734,149.0,-0.7494263198363265,-1.8665047154591485,-0.1755,-0.0486,67.0,0.135,-2.3186867699998217,55.513690049338415,0.8379363049476183,-1.641740176442168,2.4796764813897862,329.7867650000002
2021-11-17,0,1,0,0,1,0,0,0,338.91068,-0.6385565,-0.0222,-0.0441,0.84,222.0,-0.6489242234504962,0.25286673857492903,0.1585,0.0015999999999999973,73.0,-0.0219,2.1193714540340776,53.79695024800709,1.1461211519566064,-1.084167910762413,2.2302890627190193,329.7862640000002
2021-11-18,0,1,0,0,0,0,0,0,336.84207,-0.61038136,-0.0352,-0.011,1.293,224.0,-0.1632521653966149,0.08227004770069513,-0.013000000000000001,0.033100000000000004,2.0,0.024200000000000003,-0.1705966908742339,52.14755838779842,1.2094979847761351,-0.6254347316547033,1.8349327164308384,329.62763500000017
2021-11-19,0,1,1,0,0,0,0,0,343.41602,1.9516349,-0.1142,-0.0044,1.022,282.0,-0.49119197459757624,-0.9529273150399596,-0.07899999999999999,0.006599999999999999,58.0,0.1098,-1.0351973627406548,56.69186979722113,1.7697864095233058,-0.14639050341910148,1.9161769129424073,330.6564925000001
2021-11-22,0,0,0,0,1,0,0,0,339.1494,-1.2423933,-0.0051,0.0039,0.785,167.0,-0.7698082874775832,0.49455215215827836,0.1091,0.0083,-115.0,0.009000000000000001,1.447479467198238,53.163151783147555,1.8482331649859134,0.2525342302619015,1.5956989347240118,331.2691325000002
2021-11-23,0,0,0,0,0,0,0,0,335.40988,-1.1026084,-0.0088,0.0062,0.693,208.0,-0.8649964912540057,0.4494037168183874,-0.0037,0.0023,41.0,0.015,-0.045148435339890935,50.21309905554949,1.590322524223211,0.5200918890541635,1.0702306351690476,332.3352840000002
2021-11-24,0,0,0,0,0,0,0,0,339.19916,1.1297226,-0.0284,-0.0127,0.358,159.0,-1.223412484626583,0.19227232000197636,-0.0196,-0.0189,-49.0,0.015700000000000002,-0.25713139681641106,53.055771285734984,1.6724111957142895,0.7505557503861887,0.9218554453281008,333.7694180000002
2021-11-25,0,0,0,0,0,0,0,0,339.19916,0.0,-0.0279,-0.0035,0.026,111.0,-1.535113709693668,0.18013103611566986,0.0005000000000000004,0.0092,-48.0,0.0244,-0.012141283886306503,53.055771285734984,1.717666864880016,0.9439779732849541,0.7736888915950618,334.96983450000016
2021-11-26,0,0,0,0,0,0,0,0,331.30246,-2.3280382,-0.0155,-0.0079,0.0,84.0,-1.5372597201455316,0.37289803960184403,0.012400000000000001,-0.004400000000000001,-27.0,0.007599999999999999,0.19276700348617418,46.62206140007804,1.1036128522334252,0.9759049490746483,0.1277079031587769,335.44473250000016
2021-11-29,0,0,0,0,0,0,0,0,336.18567,1.4739394,-0.0263,-0.0054,0.413,78.0,-1.0956324878914219,0.15932310000122474,-0.0108,0.0025000000000000005,-6.0,0.020900000000000002,-0.2135749396006193,50.61054253332436,0.9994834366017358,0.9806206465800658,0.018862790021670017,335.8450360000001
2021-11-30,0,0,0,0,0,0,0,0,322.6897,-4.0144386,-0.0071,-0.0043,1.524,256.0,0.11839650376267274,0.5549408637787522,0.019200000000000002,0.0011000000000000003,178.0,0.0028000000000000004,0.39561776377752744,41.40270155016436,-0.1700911589684324,0.7504782854703661,-0.9205694444387985,335.6650250000001
2021-12-01,0,0,0,0,0,0,0,0,308.9054,-4.27171,-0.0099,-0.0093,1.453,304.0,0.04206998004935423,0.49963335754542576,-0.0028000000000000004,-0.004999999999999999,48.0,0.0006000000000000016,-0.05530750623332642,34.498912424315655,-2.1840884499824824,0.16356493837979635,-2.3476533883622785,334.6197615000001
2021-12-02,0,0,0,0,0,0,0,0,308.69647,-0.06760955,-0.0047,-0.0063,1.608,445.0,0.22947185144771312,0.6040019990743833,0.005200000000000001,0.002999999999999999,141.0,-0.0015999999999999999,0.10436864152895758,34.40526743452115,-3.7537834392387026,-0.6199047371439035,-3.1338787020947994,333.3537060000001
2021-12-03,0,0,0,1,0,0,0,0,305.16586,-1.1437297,-0.0242,-0.0054,0.887,256.0,-0.5613776267915388,0.21298269970886885,-0.0195,0.0008999999999999998,-189.0,0.018799999999999997,-0.3910192993655145,32.78570641944113,-5.22246739447661,-1.5404172686104447,-3.682050125866165,331.6485620000001
2021-12-06,0,0,0,0,0,0,0,0,316.13565,3.5947084,-0.0011,-0.0075,0.986,75.0,-0.43673849841406565,0.6891303123577842,0.0231,-0.0020999999999999994,-181.0,-0.0063999999999999994,0.47614761264891536,41.93195191475559,-5.4385474460792125,-2.3200433041041983,-3.118504141975014,330.6167215000001
2021-12-07,0,1,1,0,0,0,0,0,321.04868,1.5540957,-0.1945,0.0144,1.811,213.0,0.4876328994006661,-2.977533357566094,-0.19340000000000002,0.0219,138.0,0.2089,-3.666663669923878,45.50835854709342,-5.153940564046195,-2.886822756092598,-2.267117807953597,329.9921475000001
2021-12-08,0,1,1,0,0,0,0,0,328.7564,2.4007916,-0.1264,-0.0332,1.492,252.0,0.13299029660640344,-1.638471501942928,0.0681,-0.0476,39.0,0.0932,1.339061855623166,50.64417266656207,-4.257362744059662,-3.160930753686011,-1.0964319903736515,330.13734950000014
2021-12-09,0,1,1,0,1,1,0,0,328.0205,-0.22385716,-0.0375,0.0037,1.353,273.0,-0.014547818664525073,0.02086930851105123,0.0889,0.0369,21.0,0.0412,1.659340810453979,50.15810350247707,-3.5651030532546883,-3.2417652135997463,-0.323337839654942,330.2407855000001
2021-12-10,0,0,1,0,0,0,0,0,327.95084,-0.021225214,-0.0431,-0.0071,0.799,238.0,-0.629308503695649,-0.07058157455526766,-0.005600000000000001,-0.0108,-35.0,0.036,-0.09145088306631889,50.10907661300169,-2.9876633176866676,-3.1909448344171305,0.2032815167304629,329.6868225000001
2021-12-13,0,0,0,0,1,0,0,0,332.66498,1.4374495,-0.0129,-0.0011,0.71,62.0,-0.7264674614731114,0.497911116238175,0.030199999999999998,0.006,-176.0,0.0118,0.5684926907934427,53.426748846566184,-2.1251490710998837,-2.977785681753681,0.8526366106537973,329.0368880000001
2021-12-14,0,0,0,0,0,0,0,0,331.91904,-0.22422075,-0.0079,0.0062,0.956,182.0,-0.441988037407376,0.5803407033707985,0.004999999999999999,0.0073,120.0,0.014100000000000001,0.08242958713262344,52.82811242921493,-1.4846770081489922,-2.6791639470327433,1.1944869388837511,328.5784010000001
2021-12-15,0,0,0,0,0,0,0,0,339.79587,2.3731112,-0.013,0.0044,1.09,206.0,-0.2645319431196756,0.48676232722351753,-0.005099999999999999,-0.0017999999999999995,24.0,0.0174,-0.09357837614728093,58.1594265715174,-0.3376121496188489,-2.2108535875499644,1.8732414379311155,328.62266050000005
2021-12-16,0,0,0,0,0,0,0,0,333.07275,-1.9785762,-0.0056,0.0032,1.61,185.0,0.3500205466621134,0.6068354292256433,0.0073999999999999995,-0.0012000000000000001,-21.0,0.0088,0.12007310200212573,52.68610247705592,0.028615556062845826,-1.7629597588274024,1.7915753148902482,328.4341945000001
2021-12-17,0,1,0,0,0,0,0,0,331.9688,-0.3314376,-0.0353,-0.0057,1.699,239.0,0.43535222021379033,0.03645226340000789,-0.029699999999999997,-0.0089,54.0,0.029599999999999998,-0.5703831658256354,51.82367520385513,0.22715560403491963,-1.364936686254938,1.5920922902898575,327.8618335000001
2021-12-20,0,0,0,1,0,0,0,0,323.67432,-2.498573,-0.0376,-0.0294,0.513,85.0,-0.9156910837005344,0.003931658141230682,-0.0023000000000000034,-0.0237,-154.0,0.008200000000000002,-0.0325206052587772,45.76245368975842,-0.28154966440894214,-1.1482592818857387,0.8667096174767965,327.0880795000001
2021-12-21,0,1,1,0,0,0,0,0,332.37656,2.6885867,-0.0742,-0.0166,0.422,113.0,-0.9891849975080077,-0.6651750737065869,-0.0366,0.012799999999999999,28.0,0.0576,-0.6691067318478175,52.09320997750131,0.017296403498619384,-0.9151481448088671,0.9324445483074865,326.93641350000007
2021-12-22,0,1,0,0,1,0,0,0,328.64703,-1.1220813,-0.0181,-0.0387,0.47,151.0,-0.9106842055277738,0.3953553015605406,0.0561,-0.022099999999999998,38.0,-0.020599999999999997,1.0605303752671276,49.43029968500825,-0.04627441399259169,-0.741373398645612,0.6950989846530203,326.4088070000001
2021-12-23,0,0,0,0,0,0,0,0,333.41092,1.4495373,-0.0242,0.0037,0.06,130.0,-1.3389082054882993,0.2716197145163934,-0.006099999999999998,0.0424,-21.0,0.0279,-0.12373558704414722,52.75264822545699,0.28447214682194044,-0.5362042895521015,0.820676436374042,326.11939500000005
2021-12-24,0,0,0,0,0,0,0,0,333.41092,0.0,-0.0178,-0.0019,1.122,97.0,-0.12753292359103285,0.3900487960221042,0.0063999999999999994,-0.0056,-33.0,0.0159,0.1184290815057108,52.75264822545699,0.540362219860981,-0.320890987669485,0.861253207530466,326.2248180000001
2021-12-27,0,0,0,0,0,0,0,0,344.29117,3.2633305,-0.0315,-0.0035,0.415,61.0,-0.9401469434375125,0.13060985059600788,-0.0137,-0.0016,-36.0,0.028,-0.2594389454260963,59.755952294017526,1.6026280922436058,0.06381282831313317,1.5388152639304726,326.6300930000001
2021-12-28,0,1,0,0,0,0,0,0,344.331,0.01155138,0.0358,0.0259,0.238,94.0,-1.200927578475936,1.4588283778001554,0.0673,0.0294,33.0,-0.009899999999999999,1.3282185272041476,59.77945563337652,2.4198014328026716,0.5350105492110409,1.8847908835916307,327.71215800000016
2021-12-29,0,1,0,0,0,0,0,0,341.0689,-0.9473741,-0.0034,0.0113,0.422,120.0,-0.9353919016154115,0.616135967622401,-0.0392,-0.0146,26.0,0.0147,-0.8426924101777544,56.85100626616582,2.7722363699039647,0.9824557133496257,1.789780656554339,329.3203330000002
2021-12-30,0,0,1,0,0,0,0,0,342.4811,0.41406155,-0.0397,-0.0066,0.051,93.0,-1.41997077535309,-0.16060786264760193,-0.0363,-0.0179,-27.0,0.0331,-0.7767438302700029,57.81446462494034,3.1294223021639027,1.4118490311124812,1.7175732710514215,331.0095645000002
2021-12-31,0,0,0,0,1,0,0,0,334.51483,-2.3260474,-0.0032,0.002,0.0,93.0,-1.4501221669338389,0.5935078141164911,0.0365,0.0086,0.0,0.0052,0.7541156767640931,50.90889588085683,2.7381199721434086,1.6771032193186666,1.061016752824742,332.47701300000017
2022-01-03,0,0,0,0,0,0,0,0,336.69287,0.6511092,-0.0048,0.0011,0.18,50.0,-1.1513686765984432,0.5611610245285461,-0.0015999999999999994,-0.0009,-43.0,0.0059,-0.03234678958794501,52.57671924267841,2.574087206775289,1.856500016809991,0.7175871899652979,333.50487400000014
2022-01-04,0,0,0,0,0,0,0,0,334.69385,-0.5937278,-0.002,-0.0074,0.031,167.0,-1.3166707030700604,0.6144513551163564,0.0027999999999999995,-0.0085,117.0,-0.0054,0.0532903305878103,50.868543589070015,2.2567711973641167,1.9365542529208162,0.3202169444433005,334.18713250000013
2022-01-05,0,0,0,0,0,0,0,0,322.40128,-3.6727726,-0.0061,-0.0066,0.504,133.0,-0.6339087587684344,0.5039630411250692,-0.0041,0.0008000000000000004,-34.0,-0.0004999999999999996,-0.11048831399128722,41.861810609648046,1.0018397233540668,1.7496113470074663,-0.7477716236533996,333.86937650000016
2022-01-06,0,1,1,0,0,0,0,0,330.64606,2.5572896,-0.1198,-0.039,2.226,176.0,1.722720492084975,-1.9645908132433556,-0.11370000000000001,-0.0324,43.0,0.08080000000000001,-2.468553854368425,48.454058439219764,0.6649175745045568,1.5326725925068845,-0.8677550180023277,334.00065450000017
2022-01-07,0,0,1,0,0,0,0,0,329.97974,-0.2015233,-0.3583,-0.0783,0.213,128.0,-1.016711234533963,-5.168854050223427,-0.2385,-0.039299999999999995,-48.0,0.28,-3.204263236980071,47.98055217800125,0.3402160895141151,1.2941812919083306,-0.9539652023942156,334.1020995000001
2022-01-10,0,0,0,0,1,1,0,0,326.28003,-1.1211932,-0.0051,-0.0064,0.417,81.0,-0.712932097835479,0.48480227867374925,0.3532,0.07189999999999999,-47.0,-0.0013,5.653656328897176,45.33164601449251,-0.21319032852130704,0.9927069678224031,-1.2058972963437102,333.7828520000001
2022-01-11,0,0,0,0,0,0,0,0,332.54565,1.9203186,-0.0067,-0.0075,2.491,180.0,2.0329848840021403,0.46273676965941696,-0.0015999999999999999,-0.0010999999999999994,99.0,-0.0007999999999999995,-0.022065509014332296,50.33260995602784,-0.14451979759724054,0.7652616147384743,-0.9097814123357149,333.81418250000013
2022-01-12,0,0,1,0,0,0,0,0,331.44168,-0.3319621,-0.202,-0.0437,1.006,175.0,0.1112706837514021,-2.480268555236836,-0.1953,-0.0362,-5.0,0.1583,-2.9430053248962533,49.47385087220189,-0.1771371332254148,0.5767818651456965,-0.7539189983711113,333.3964730000001
2022-01-13,0,0,1,0,0,0,0,0,324.69867,-2.0344496,-0.1115,-0.014,0.487,144.0,-0.5877424100722907,-1.095898808821636,0.09050000000000001,0.029700000000000004,-31.0,0.0975,1.3843697464152003,44.48173324681404,-0.7385773006466252,0.3137100319872322,-1.0522873326338573,332.9777690000001
2022-01-14,0,1,1,0,0,0,0,0,330.08914,1.6601324,-0.206,-0.0632,0.487,171.0,-0.5703861116091217,-2.369170328048118,-0.09449999999999999,-0.04920000000000001,27.0,0.14279999999999998,-1.273271519226482,48.9190983315222,-0.7400262375077205,0.10296277808824167,-0.8429890155959621,332.8837860000001
2022-01-17,0,0,1,0,0,0,0,0,330.08914,0.0,-0.0725,-0.0241,0.437,74.0,-0.6188052663803802,-0.4437459828686752,0.1335,0.03910000000000001,-97.0,0.0484,1.9254243451794428,48.91909833152219,-0.7327280970142169,-0.06417539693225005,-0.6685527000819669,333.2045270000001
2022-01-18,0,1,0,0,1,0,0,0,316.41412,-4.1428146,-0.0375,-0.0154,0.332,84.0,-0.7535541554027216,0.0936148911976403,0.034999999999999996,0.0087,10.0,0.022099999999999998,0.5373608740663155,39.605535377855375,-1.8095447892541756,-0.4132492753966352,-1.3962955138575404,332.4064050000001
2022-01-19,0,1,0,0,0,0,0,0,317.84628,0.45261383,-0.0083,-0.0075,0.265,132.0,-0.8292034804550865,0.5080907060959535,0.029199999999999997,0.0079,48.0,0.0008000000000000004,0.4144758148983132,40.875103638110645,-2.518336616060367,-0.8342667435293816,-1.6840698725309853,331.86636750000014
2022-01-20,0,0,0,0,0,0,0,0,314.83282,-0.94808936,-0.0052,-0.0072,0.904,209.0,0.19307000775139832,0.5392818045797729,0.0031000000000000003,0.0002999999999999999,77.0,-0.002,0.0311910984838194,39.01658569925941,-3.285348826622908,-1.3244831601480869,-1.960865666474821,330.9374625000001
2022-01-21,0,0,0,0,0,0,0,0,301.51587,-4.2298436,-0.0026,-0.0049,0.271,270.0,-0.8135233715550404,0.5783746927031624,0.0026,0.0023,61.0,-0.0023,0.03909288812338951,32.075789839637785,-4.911165244281619,-2.0418195769747935,-2.869345667306826,329.34271000000007
2022-01-24,0,0,0,0,0,0,0,0,307.0256,1.8273473,-0.0053,-0.0055,0.836,58.0,0.1596168419539656,0.5252081853694366,-0.0027,-0.0005999999999999998,-212.0,-0.00019999999999999966,-0.053166507333725854,37.06426217985816,-5.689462719720439,-2.7713482055239225,-2.918114514196516,327.47943150000003
2022-01-25,0,0,0,0,0,0,0,0,298.51236,-2.772826,-0.0021,-0.0124,1.046,272.0,0.5446106601844254,0.5720032662080077,0.0032,-0.0069,214.0,-0.0103,0.04679508083857109,33.02804039795521,-6.913521622474832,-3.5997828889141044,-3.3137387335607276,325.18849950000003
2022-01-26,0,0,0,0,0,0,0,0,293.02243,-1.8390775,-0.0015,-0.0075,0.611,213.0,-0.19490764003808622,0.5767464345264577,0.0005999999999999998,0.0049,-59.0,-0.006,0.004743168318450008,30.70585211263906,-8.231698693037686,-4.526166049738821,-3.7055326432988647,322.786176
2022-01-27,0,0,0,0,0,0,0,0,293.03244,0.0033974648,-0.0019,-0.0078,1.792,197.0,1.7970313471493191,0.567318923585455,-0.00039999999999999996,-0.0002999999999999999,-16.0,-0.0059,-0.009427510941002692,30.715417513631,-9.169851455523826,-5.454903130895822,-3.714948324628004,320.31374300000004
2022-01-28,0,0,0,0,0,0,0,0,300.06384,2.399528,-0.0062,-0.0047,0.218,215.0,-0.8895524983984892,0.5019394656878555,-0.0043,0.0030999999999999995,18.0,0.0014999999999999996,-0.06537945789759947,37.26630172975552,-9.239462292736334,-6.211814963263924,-3.02764732947241,318.59119350000003
2022-01-31,0,0,0,0,0,0,0,0,311.5508,3.8281798,-0.0027,0.0066,0.452,95.0,-0.4943143326995071,0.5514894667159475,0.0034999999999999996,0.011300000000000001,-120.0,0.0093,0.04955000102809193,46.21345637382988,-8.272368990920086,-6.623925768795156,-1.6484432221249294,317.33409
2022-02-01,0,0,0,0,0,0,0,0,317.2595,1.8323421,-0.001,0.0106,0.956,240.0,0.35090420497283553,0.5753750753311542,0.0017000000000000001,0.004,145.0,0.0116,0.02388560861520672,50.027877543595444,-6.965007925498014,-6.692142200135728,-0.27286572536228615,316.4623725
2022-02-02,0,0,0,0,0,0,0,0,321.23767,1.2539148,-0.0026,0.019,2.292,229.0,2.4542666697624353,0.5514221538923927,-0.0015999999999999999,0.0084,-11.0,0.0216,-0.023952921438761487,52.55306691622692,-5.544001986201522,-6.4625141573488865,0.9185121711473645,316.4041920000001
2022-02-03,0,1,1,1,0,0,0,0,236.46274,-26.390093,-0.7032,-0.1588,4.0,387.0,4.29003479986366,-5.973027593442519,-0.7006,-0.17779999999999999,158.0,0.5444,-6.524449747334912,24.333825590059305,-11.130171213405674,-7.396045568560244,-3.73412564484543,311.69502600000004
2022-02-04,0,0,1,1,0,0,0,0,235.79642,-0.28179884,-0.9502,-0.1813,2.642,286.0,2.2944070866538113,-5.550003421706388,-0.247,-0.022499999999999992,-101.0,0.7689,0.42302417173613094,24.223725342880456,-15.433113699523972,-9.00345919475299,-6.429654504770982,306.98586000000006
2022-02-07,0,0,1,1,0,0,0,0,223.68288,-5.1372886,-0.1713,-0.0353,2.678,119.0,2.201541353077714,-0.6355484170558244,0.7789,0.146,-167.0,0.136,4.914455004650564,22.252527724248267,-19.594811274693313,-11.121729610741054,-8.473081663952259,301.85600250000005
2022-02-08,0,1,1,1,0,0,0,0,218.97867,-2.1030664,-0.1141,-0.0524,1.963,410.0,1.2597917530958533,-0.28475918953303614,0.057200000000000015,-0.017100000000000004,291.0,0.06169999999999999,0.3507892275227883,21.52015047908762,-23.0073624657839,-13.498856181749623,-9.508506284034276,296.1776535000001
2022-02-09,0,0,0,0,1,0,0,0,230.73418,5.36834,-0.0663,-0.06,0.94,294.0,-0.011540511783416453,0.02071039063522745,0.047799999999999995,-0.007599999999999996,-116.0,0.0063,0.3054695801682636,27.905667604738856,-24.481060037541113,-15.69529695290792,-8.785763084633192,291.1422785000001
2022-02-10,0,0,1,0,0,0,1,0,226.82562,-1.693964,-0.0986,0.0226,0.426,170.0,-0.6302631557239355,-0.17608870778547828,-0.032299999999999995,0.08259999999999999,-124.0,0.12119999999999999,-0.19679909842070573,27.11568331129264,-25.668473918119673,-17.68993234595027,-7.9785415721694015,286.2486260000001
2022-02-11,0,0,1,0,0,0,0,0,218.35211,-3.7356973,-0.0766,-0.0115,0.248,136.0,-0.8298705886049825,-0.04148426093693886,0.021999999999999992,-0.0341,-34.0,0.0651,0.13460444684853942,25.43462555524577,-26.982215232896323,-19.54838892333948,-7.433826309556842,280.6617745000001
2022-02-14,0,0,0,0,1,0,0,0,216.51219,-0.8426368,-0.0133,-0.0067,0.688,68.0,-0.28595284186333275,0.35847773795415216,0.0633,0.0048,-68.0,0.006599999999999999,0.399961998891091,25.071165339591943,-27.850784351506036,-21.208868008972793,-6.641916342533243,274.98292700000013
2022-02-15,0,1,1,1,0,0,0,0,219.79419,1.5158534,-0.6039,-0.1339,0.954,112.0,0.03610653546967788,-3.03347777198649,-0.5906,-0.12719999999999998,44.0,0.47,-3.391955509940642,27.073071759902145,-27.95208740054207,-22.557511887286648,-5.394575513255422,270.15193050000005
2022-02-16,0,1,1,0,0,0,0,0,215.35852,-2.0181,-0.192,-0.0524,1.383,229.0,0.5443253895707602,-0.6306920191452933,0.4119,0.08149999999999999,117.0,0.1396,2.4027857528411967,26.059698329624382,-28.066756200777775,-23.659360749984874,-4.407395450792901,265.0275425000001
2022-02-17,0,1,1,1,1,1,0,0,206.5767,-4.0777626,-0.0717,-0.0262,0.519,248.0,-0.5362927019674608,0.06838149115642043,0.1203,0.0262,19.0,0.0455,0.6990735103017137,24.13365905841508,-28.537291400953592,-24.634946880178617,-3.9023445207749745,259.61473650000005
2022-02-18,0,0,0,1,0,0,0,0,205.03516,-0.7462323,-0.0639,-0.0425,0.04,150.0,-1.1342726351824446,0.11827448550800088,0.007800000000000001,-0.016300000000000002,-98.0,0.021399999999999995,0.04989299435158044,23.801115895173073,-28.703704889399546,-25.448698482022802,-3.2550064073767437,254.79070100000007
2022-02-21,0,0,0,0,0,0,0,0,205.03516,0.0,-0.017,-0.0289,0.069,65.0,-1.084101092692632,0.3886764911340398,0.0469,0.013600000000000004,-85.0,-0.011899999999999997,0.2704020056260389,23.801115895173076,-28.50697807961336,-26.060354401540913,-2.4466236780724486,249.6911790000001
2022-02-22,0,1,0,0,0,0,0,0,200.97743,-1.9790471,-0.0474,-0.0189,0.646,104.0,-0.3530389277864813,0.21696882605196285,-0.030399999999999996,0.009999999999999998,39.0,0.028499999999999998,-0.17170766508207694,22.840333565779257,-28.35167510237784,-26.5186185417083,-1.8330565606695401,244.81443250000012
2022-02-23,0,1,0,1,0,0,0,0,197.36723,-1.7963231,-0.0228,-0.027,1.399,214.0,0.5836050845374143,0.3609049631549539,0.024599999999999997,-0.0081,110.0,-0.004199999999999999,0.14393613710299105,21.98981827165545,-28.1948961304426,-26.85387405945516,-1.3410220709874423,240.0316725000001
2022-02-24,0,0,0,0,0,0,0,0,206.46732,4.610741,-0.0122,-0.0242,0.812,283.0,-0.1301699697878519,0.4232052695479886,0.0106,0.0028000000000000004,69.0,-0.011999999999999999,0.06230030639303469,29.15141669519023,-27.024821139548095,-26.888063475473746,-0.13675766407434864,235.7034165000001
2022-02-25,0,0,0,0,0,0,0,0,209.33157,1.3872743,-0.0153,-0.0084,1.499,167.0,0.712852563689985,0.40423791003368,-0.0030999999999999986,0.0158,-116.0,0.0069,-0.018967359514308613,31.289533801393777,-25.57163337016297,-26.624777454411593,1.053144084248622,231.16680300000013
2022-02-28,0,0,0,0,0,0,0,0,209.8786,0.26130676,-0.0015,-0.0152,1.484,208.0,0.6811422507557688,0.4842697732712752,0.0138,-0.0068000000000000005,41.0,-0.0137,0.0800318632375952,31.713392170872055,-24.098043597907832,-26.119430683110842,2.02138708520301,226.0831930000001
2022-03-01,0,0,0,0,0,0,0,0,202.37973,-3.5729468,-0.0051,-0.0164,1.346,238.0,0.5237810162563419,0.44589356999987495,-0.0036000000000000003,-0.0012000000000000014,30.0,-0.011300000000000001,-0.03837620327140023,29.06636748412798,-23.267100572945452,-25.548964661077765,2.2818640881323127,220.3392045000001
2022-03-02,0,0,0,0,0,0,0,0,206.97452,2.2703767,-0.0045,-0.0104,0.306,226.0,-0.7507567411658448,0.43711139174336433,0.0006000000000000007,0.006000000000000002,-12.0,-0.0059,-0.00878217825651062,32.76923256405328,-21.984388737741938,-24.8360494764106,2.851660738668663,214.6260470000001
2022-03-03,0,0,0,0,0,0,0,0,201.86256,-2.4698496,-0.0188,-0.0179,0.229,135.0,-0.8209303527393044,0.3521693950785062,-0.0143,-0.0075,-91.0,0.0009000000000000015,-0.08494199666485813,30.840326335887585,-21.13667241400421,-24.096174063929322,2.9595016499251123,212.8960380000001
2022-03-04,0,0,0,0,0,0,0,0,198.96844,-1.4337122,-0.0009,-0.0094,1.742,151.0,1.0336890872210316,0.451236263382332,0.0179,0.008499999999999999,16.0,-0.0085,0.09906686830382583,29.771851116532677,-20.462503414904802,-23.36943993412442,2.9069365192196166,211.0546390000001
2022-03-07,0,0,0,0,0,0,0,0,186.44714,-6.293112,-0.0024,-0.005,0.0,88.0,-1.0899282058468203,0.4413526934125763,-0.0014999999999999998,0.0044,-63.0,-0.0026000000000000003,-0.009883569969755701,25.633962436528023,-20.69996755048328,-22.83554545739619,2.1355779069129106,209.19285200000007
2022-03-08,0,1,1,0,0,0,0,0,189.25175,1.5042305,-0.0147,-0.0578,0.0,97.0,-1.0601017892198812,0.3709315534430646,-0.0123,-0.0528,9.0,-0.0431,-0.07042113996951171,28.046277194027898,-20.426388311401098,-22.35371402819717,1.927325716796073,207.70650600000008
2022-03-09,0,1,0,0,0,0,0,0,197.41696,4.3144703,-0.0261,-0.0165,0.151,102.0,-0.8535850816341343,0.30634768938499074,-0.011400000000000002,0.041299999999999996,5.0,0.009600000000000001,-0.06458386405807387,34.688709833114046,-19.327910465266598,-21.748553315611055,2.420642850344457,206.0406450000001
2022-03-10,0,0,1,0,0,0,0,0,194.14493,-1.6574264,-0.0383,-0.008,0.733,118.0,-0.13691616562076647,0.2391140056281532,-0.012199999999999999,0.0085,16.0,0.0303,-0.06723368375683755,33.35969283739127,-18.508035224388948,-21.100449697366635,2.592414472977687,204.40661050000008
2022-03-11,0,0,0,0,0,0,0,0,186.58638,-3.8932443,-0.0234,-0.0017,2.818,348.0,2.278400381345548,0.3242251318257428,0.0149,0.0063,230.0,0.0217,0.08511112619758962,30.45679053089853,-18.25772630091629,-20.531905018076564,2.274178717160275,202.8183240000001
2022-03-14,0,0,0,0,0,0,0,0,185.61172,-0.5223572,-0.0049,-0.0134,1.167,135.0,0.3400542525148623,0.4278094359946467,0.018500000000000003,-0.0117,-213.0,-0.0085,0.1035843041689039,30.093145797126226,-17.93130071926771,-20.011784158314793,2.0804834390470823,201.2733005000001
2022-03-15,0,1,1,0,0,0,0,0,190.98225,2.893424,-0.0453,-0.0083,0.798,204.0,-0.09809871010262586,0.1911065154582277,-0.0404,0.0051,69.0,0.037,-0.236702920536419,34.718370532694806,-17.04279052601862,-19.41798543185556,2.3751949058369384,199.8327035000001
2022-03-16,0,1,1,0,0,0,0,0,202.51897,6.040728,-0.0944,-0.015,1.186,224.0,0.34212594616239506,-0.08574715744288457,-0.0491,-0.006699999999999999,20.0,0.0794,-0.2768536729011123,43.38403523903116,-15.23213632303407,-18.58081561009126,3.348679287057191,199.1907260000001
2022-03-17,0,1,1,0,1,0,0,0,206.70601,2.0674706,-0.023,0.0084,1.015,266.0,0.12428093497266669,0.327703423017781,0.07139999999999999,0.023399999999999997,42.0,0.0314,0.4134505804606656,46.17652793585213,-13.305938114735255,-17.52584011102006,4.219901996284804,199.1971915000001
2022-03-18,0,0,1,0,0,0,0,0,215.3088,4.1618586,-0.4187,-0.1053,0.39,132.0,-0.5975712358167543,-1.8687776612232536,-0.3957,-0.11370000000000001,-134.0,0.3134,-2.1964810842410345,51.47263481147678,-10.958911391826092,-16.212454367181266,5.253542975355174,199.71087350000008
2022-03-21,0,0,1,0,1,0,0,1,210.3361,-2.3095727,-0.059,-0.0178,2.151,81.0,1.4204977675947548,0.15590036148185277,0.3597,0.08750000000000001,-51.0,0.0412,2.0246780227051064,48.50178708307891,-9.391867533229743,-14.848337000390961,5.456469467161218,199.9759205000001
2022-03-22,0,1,0,0,0,0,0,0,215.46793,2.4398208,-0.0256,-0.0326,0.71,361.0,-0.26149887312295744,0.35059169725261685,0.0334,-0.014799999999999997,280.0,-0.006999999999999996,0.19469133577076408,51.606058413740264,-7.647720036799768,-13.408213607672723,5.7604935708729545,200.70044550000006
2022-03-23,0,0,0,0,0,0,0,0,212.29533,-1.4724135,-0.0053,-0.0146,0.218,137.0,-0.8287059658778199,0.46534203418215475,0.020300000000000002,0.017999999999999995,-224.0,-0.0093,0.1147503369295379,49.614893103133504,-6.447154106129005,-12.01600170736398,5.568847601234975,201.44685050000007
2022-03-24,0,0,0,0,0,0,0,0,218.372,2.862358,-0.0115,-0.0094,0.264,147.0,-0.7823253437886053,0.4273043671367957,-0.0062,0.0052,10.0,0.0020999999999999994,-0.03803766704535905,53.32927212400178,-4.948319327328477,-10.602465231356879,5.654145904028402,202.04208450000004
2022-03-25,0,0,0,0,0,0,0,0,220.60973,1.024735,-0.0076,0.011,0.332,137.0,-0.7136662986414083,0.449789939600207,0.0039,0.0204,-10.0,0.0186,0.02248557246341132,54.654957786764825,-3.5391190951932856,-9.18979600412416,5.650676908930874,202.60599250000007
2022-03-28,0,0,1,0,0,0,0,0,222.37006,0.7979393,-0.0495,0.0053,0.432,49.0,-0.6034801692659117,0.21806700652723976,-0.0419,-0.005699999999999999,-88.0,0.0548,-0.23172293307296726,55.72049789952223,-2.2542878125210564,-7.802694365803539,5.548406553282483,203.23056550000007
2022-03-29,0,1,1,0,0,0,0,0,228.60585,2.8042436,-0.0287,0.0039,0.454,93.0,-0.5900217818903309,0.3383830041146309,0.020800000000000003,-0.0014000000000000002,44.0,0.0326,0.12031599758739114,59.363337886492694,-0.7245217897718987,-6.387059850597211,5.662538060825312,204.54187150000007
2022-03-30,0,0,0,0,0,0,0,0,226.60681,-0.87444186,-0.0177,-0.0046,1.153,144.0,0.22700672814300252,0.4018464045281941,0.011,-0.0085,51.0,0.0131,0.06346340041356319,57.72385319360128,0.32280192366144433,-5.04508749574548,5.367889419406924,205.52348600000005
2022-03-31,0,0,0,0,0,0,0,0,221.14679,-2.409482,-0.0134,-0.0049,1.142,273.0,0.24000894442304346,0.4156255286716135,0.0043,-0.0002999999999999999,129.0,0.0085,0.013779124143419419,53.38693274277341,0.7041188851985396,-3.895246219556676,4.599365104755216,206.48769750000005
2022-04-01,0,0,1,0,0,0,0,0,223.62318,1.1198044,-0.0687,-0.0099,0.734,185.0,-0.2667290267294738,0.07759866122886322,-0.055299999999999995,-0.005000000000000001,-88.0,0.0588,-0.3380268674427503,55.03696066842595,1.1923941241783211,-2.8777181508096765,4.070112274987998,207.72043450000007
2022-04-04,0,0,0,0,0,0,0,0,232.61386,4.0204525,-0.0109,-0.0075,0.007,63.0,-1.1364899899029333,0.4115216692098209,0.0578,0.002400000000000001,-122.0,0.0034000000000000002,0.3339230079809577,60.50336654475198,2.278562654727409,-1.8464619897022594,4.1250246444296685,210.02877050000006
2022-04-05,0,0,0,0,0,0,0,0,230.57504,-0.87648034,-0.0057,0.0121,0.853,151.0,-0.08185076285176036,0.44139629261292496,0.0052,0.0196,88.0,0.0178,0.02987462340310404,58.75878977660496,2.940941957525382,-0.888981200256731,3.829923157782113,212.09493500000008
2022-04-06,0,0,0,0,0,0,0,0,222.08163,-3.683573,-0.0031,0.0097,0.646,167.0,-0.3325515973134514,0.4383539669189399,0.0026000000000000003,-0.0023999999999999994,16.0,0.0128,-0.0030423256939850485,52.0284180308426,2.7488481126232216,-0.16141533768074046,2.910263450303962,213.3281685000001
2022-04-07,0,0,0,0,0,0,0,0,221.73357,-0.15674233,-0.0053,-0.0047,1.851,224.0,1.1325168192097346,0.41491247182169205,-0.0022,-0.0144,57.0,0.0005999999999999998,-0.023441495097247855,51.766736118932464,2.5392558624847936,0.3787189023523664,2.1605369601324274,214.70760050000007
2022-04-08,0,0,0,0,0,0,0,0,221.11696,-0.27808547,-0.0111,-0.0108,0.37,195.0,-0.6956386597669264,0.36398976991302723,-0.0058000000000000005,-0.0061,-29.0,0.0002999999999999999,-0.050922701908664825,51.27472204121178,2.296919759242627,0.7623590737304186,1.5345606855122083,216.4341295000001
2022-04-11,0,0,0,0,0,0,0,0,215.27895,-2.6402175,-0.0172,-0.0111,0.495,46.0,-0.5428554928846768,0.32300468242921315,-0.0060999999999999995,-0.0002999999999999999,-149.0,0.0060999999999999995,-0.040985087483814076,46.744721286403674,1.6151693677082335,0.9329211325259815,0.682248235182252,217.9174910000001
2022-04-12,0,0,0,0,0,0,0,0,212.97163,-1.0717928,-0.0059,-0.003,1.358,216.0,0.5037578317233168,0.3850333858732254,0.011300000000000001,0.0081,170.0,0.0029,0.062028703444012234,45.05068000329004,0.8785682419452883,0.9220505544098428,-0.043482312464554584,219.0169600000001
2022-04-13,0,0,0,1,0,0,0,0,213.817,0.3969431,-0.0231,-0.0061,1.14,164.0,0.21686678832658202,0.28709469423355555,-0.0172,-0.0031000000000000003,-52.0,0.016999999999999998,-0.09793869163966984,45.82534028896263,0.358883847208574,0.8094172129695891,-0.4505333657610151,219.58186150000012
2022-04-14,0,0,0,0,0,0,0,0,209.03323,-2.23732,-0.0098,-0.0168,1.267,200.0,0.3671911836122206,0.36457843423126784,0.0133,-0.010699999999999998,36.0,-0.006999999999999999,0.0774837399977123,42.199840214432186,-0.4339774175818434,0.5607382868593026,-0.994715704441146,219.6982225000001
2022-04-15,0,0,0,0,0,0,0,0,209.03323,0.0,-0.0185,-0.0079,0.331,143.0,-0.800086566428224,0.315927905253244,-0.0087,0.008899999999999998,-57.0,0.010599999999999998,-0.048650528978023855,42.199840214432186,-1.0502194066047252,0.238546748166497,-1.2887661547712224,219.38444400000012
2022-04-18,0,0,0,0,0,0,0,0,209.62003,0.28071404,-0.0076,-0.0051,0.181,41.0,-0.9657949689810071,0.3793164335016293,0.0109,0.0028000000000000004,-102.0,0.0024999999999999996,0.06338852824838531,42.84314931048893,-1.4742515130288893,-0.10401290407258029,-1.370238608956309,219.34864050000016
2022-04-19,0,0,0,0,0,0,0,0,216.12431,3.1029105,-0.0171,-0.0118,0.825,109.0,-0.1649573855950989,0.32591210578377294,-0.009500000000000001,-0.006699999999999999,68.0,0.005300000000000001,-0.05340432771785636,49.546279536120856,-1.2708098697654293,-0.3373722972111501,-0.9334375725542792,219.38145950000018
2022-04-20,0,0,0,0,0,0,0,0,199.32649,-7.7723083,-0.0173,-0.0171,0.753,134.0,-0.25715614895055533,0.32646736074900234,-0.0001999999999999988,-0.005300000000000001,25.0,0.0001999999999999988,0.0005552549652294014,37.36034964459444,-2.436933142197006,-0.7572844662083213,-1.6796486759886846,218.7330175000002
2022-04-21,0,1,1,0,0,0,0,0,187.04387,-6.162053,-0.0108,-0.0509,1.924,150.0,1.1856197352678481,0.36514612078364245,0.006499999999999999,-0.0338,16.0,-0.0401,0.0386787600346401,31.298631351633432,-4.302601311285031,-1.4663478352236634,-2.8362534760613674,217.1666110000002
2022-04-22,0,1,0,0,0,0,0,0,183.10548,-2.1055996,-0.0026,-0.0272,1.142,247.0,0.2032524896365461,0.4123078636090875,0.0082,0.023700000000000002,97.0,-0.024599999999999997,0.04716174282544505,29.63809824629109,-6.02944820944478,-2.3789679100678867,-3.6504802993768934,215.29139850000018
2022-04-25,0,0,0,1,0,0,0,0,185.96976,1.5642881,-0.0455,-0.0158,1.248,62.0,0.3193613238331706,0.16782104550406374,-0.0429,0.011399999999999997,-185.0,0.029699999999999997,-0.24448681810502376,32.44521044069823,-7.085189702767138,-3.320212268607737,-3.7649774341594013,213.47138350000017
2022-04-26,0,0,1,1,0,0,0,0,179.9627,-3.2301247,-0.0435,-0.0068,1.87,236.0,1.064780899853682,0.1837836836118019,0.0020000000000000018,0.009000000000000001,174.0,0.036699999999999997,0.015962638107738153,29.763355542348545,-8.310790363315789,-4.318327887549348,-3.992462475766441,211.03922600000018
2022-04-27,0,0,0,1,0,0,0,0,173.99545,-3.3158302,-0.0557,-0.0326,2.236,167.0,1.520219864990906,0.11815715634292215,-0.012200000000000003,-0.025799999999999997,-69.0,0.023100000000000002,-0.06562652726887974,27.345309985306038,-9.652328882397342,-5.385128086518947,-4.267200795878395,208.4086580000002
2022-04-28,0,1,1,0,0,0,0,0,204.60751,17.593597,-0.2798,-0.0587,3.788,255.0,3.4986705468616566,-1.3761607906868778,-0.2241,-0.026100000000000005,88.0,0.2211,-1.4943179470298,49.85298656136575,-8.151406082448148,-5.938383685704787,-2.2130223967433604,207.5816940000002
2022-04-29,0,0,1,0,1,0,0,0,199.37619,-2.5567472,0.2189,0.0597,0.921,215.0,-0.06881395025353013,2.5206964289454077,0.49870000000000003,0.1184,-40.0,-0.1592,3.8968572196322855,47.164044372431945,-7.299889175565454,-6.21068478367692,-1.0892043918885337,206.3693445000002
2022-05-02,0,0,0,0,0,0,0,0,209.97807,5.317509,-0.008,-0.0119,0.256,41.0,-0.9171767806251421,0.3675370280795127,-0.22690000000000002,-0.0716,-174.0,-0.0039000000000000007,-2.1531594008658947,52.72876669937394,-5.703822662474295,-6.109312359436395,0.4054896969621007,205.2375550000002
2022-05-03,0,1,1,0,0,0,0,0,210.87314,0.4262805,-0.0193,0.025,0.599,134.0,-0.4285446909238358,0.24604445600588046,-0.011300000000000001,0.0369,93.0,0.044300000000000006,-0.12149257207363226,53.17713072047348,-4.316940777146755,-5.750838042978467,1.4338972658317122,204.2524600000002
2022-05-04,0,1,0,0,0,0,0,0,222.19106,5.367172,-0.0119,-0.0103,1.173,169.0,0.35503186740372206,0.3077092352741888,0.0074,-0.0353,35.0,0.0016000000000000007,0.06166477926830835,58.5330084359843,-2.2783024820651008,-5.056330930795793,2.7780284487306925,204.2579315000002
2022-05-05,0,0,0,0,0,0,0,0,207.1436,-6.7723036,-0.0192,-0.0257,1.94,186.0,1.3572187249507115,0.22608635212386838,-0.0072999999999999975,-0.0154,17.0,-0.006500000000000002,-0.08162288315032043,50.29570946454483,-1.8554823650402739,-4.41616121764469,2.5606788526044157,203.5284330000002
2022-05-06,0,0,0,1,0,0,0,0,202.6582,-2.1653533,-0.0208,-0.0225,1.284,211.0,0.4463013975628836,0.2020785554049428,-0.0016000000000000007,0.0032000000000000015,25.0,-0.0017000000000000001,-0.024007796718925584,48.121766198613145,-1.8608776310175017,-3.905104500319252,2.0442268693017502,202.6054950000002
2022-05-09,0,0,0,1,0,0,0,0,195.13945,-3.7100613,-0.0468,-0.0189,0.846,55.0,-0.1553005250427982,-0.04059074850320505,-0.026000000000000002,0.003599999999999999,-156.0,0.0279,-0.24266930390814784,44.63872807455485,-2.4436844333527574,-3.612820486925953,1.1691360535731956,201.5985200000002
2022-05-10,0,1,0,1,1,0,0,0,196.5716,0.73390007,-0.0209,-0.0131,1.326,183.0,0.4910198659461118,0.16012322752714303,0.025900000000000003,0.0058,128.0,0.007799999999999998,0.20071397603034807,45.44866205887514,-2.75820560973105,-3.4418975114869723,0.6836919017559224,200.7785185000002
2022-05-11,0,0,0,1,0,0,0,0,187.71022,-4.507965,-0.0543,-0.0252,1.133,134.0,0.23410028320898402,-0.3319943362652536,-0.0334,-0.0121,-49.0,0.0291,-0.49211756379239663,41.411619614675324,-3.6800835045034432,-3.4895347100902665,-0.19054879441317674,199.47317950000019
2022-05-12,0,1,0,0,1,0,0,0,190.19656,1.3245702,-0.0064,-0.006,1.057,181.0,0.11834365153168301,0.3225911503431096,0.0479,0.019200000000000002,47.0,0.0004000000000000002,0.6545854866083631,42.94304088305226,-4.162073724003136,-3.6240425128728404,-0.5380312111302956,198.53134600000018
2022-05-13,0,0,0,0,0,0,0,0,197.5363,3.8590193,-0.0069,-0.0131,0.49,164.0,-0.6760760946466411,0.30266356008690704,-0.0004999999999999996,-0.0071,-17.0,-0.006200000000000001,-0.019927590256202554,47.320570445020415,-3.906764024477212,-3.6805868151937147,-0.2261772092834975,197.9564995000002
2022-05-16,0,0,0,0,0,0,0,0,198.94855,0.7149339,-0.0075,-0.0026,0.492,64.0,-0.6897531600749272,0.29188680168590553,-0.0005999999999999998,0.0105,-100.0,0.0049,-0.010776758401001507,48.14494981565007,-3.5495554106095994,-3.654380534276892,0.10482512366729235,197.4229255000002
2022-05-17,0,0,0,0,0,0,0,0,201.5145,1.2897372,-0.0057,-0.0079,0.851,104.0,-0.1927899384534314,0.30730336911242845,0.0017999999999999995,-0.005300000000000001,40.0,-0.0022000000000000006,0.01541656742652292,49.68558485210236,-3.0245491699940885,-3.5284142614203313,0.5038650914262428,196.69243500000022
2022-05-18,0,0,0,0,0,0,0,0,191.19112,-5.122888,-0.0047,-0.0109,0.694,165.0,-0.39684243114017975,0.31682126083037476,0.001,-0.002999999999999999,61.0,-0.0062,0.009517891717946314,44.019163048059426,-3.4022691903666384,-3.5031852472095926,0.10091605684295413,196.28566650000022
2022-05-19,0,0,0,0,0,0,0,0,190.24629,-0.4941821,-0.0104,-0.0076,1.262,175.0,0.38912500988522253,0.23661962509791937,-0.005699999999999999,0.0033,10.0,0.0027999999999999995,-0.0802016357324554,43.529855223877824,-3.7348024349278433,-3.549508684753243,-0.18529375017460037,196.44578750000022
2022-05-20,0,0,0,0,0,0,0,0,192.48401,1.1762261,-0.0026,-0.0049,0.384,184.0,-0.8144723433319436,0.3425284117501093,0.0078,0.0027,9.0,-0.0023,0.10590878665218992,45.08673263345966,-3.774264749784294,-3.594459897759453,-0.17980485202484076,196.9147140000002
2022-05-23,0,0,0,0,0,0,0,0,195.15933,1.3898969,-0.0038,-0.0038,1.831,86.0,1.1936733538700188,0.3263482911800433,-0.0012000000000000001,0.0010999999999999998,-98.0,0.0,-0.01618012057006596,46.96916196900678,-3.548755113278304,-3.5853189408632233,0.036563827584919384,197.37419250000022
2022-05-24,0,1,1,1,0,0,0,0,180.29091,-7.6186123,-0.3714,-0.1193,1.92,179.0,1.2882218323301975,-4.019752964801441,-0.3676,-0.1155,93.0,0.2521,-4.346101255981484,38.97303942244806,-4.517716906747637,-3.771798534040106,-0.7459183727075311,197.39060300000023
2022-05-25,0,0,0,1,0,0,0,0,182.827,1.4066696,-0.1144,-0.0855,1.894,150.0,1.2097733520775575,-0.9367409696234462,0.257,0.0338,-29.0,0.028899999999999995,3.0830119951779946,40.823585082066245,-5.023081879901696,-4.022055203212424,-1.0010266766892721,197.83218050000022
2022-05-26,0,1,0,0,1,1,0,0,190.58444,4.243052,-0.0051,-0.0285,1.254,241.0,0.3157776924573816,0.35101395715244516,0.10930000000000001,0.05700000000000001,91.0,-0.0234,1.2877549267758914,46.19781705561729,-4.74295287733122,-4.166234738036183,-0.5767181392950373,197.13102700000024
2022-05-27,0,0,0,0,0,0,0,0,194.06534,1.8264413,-0.0061,-0.0187,0.456,148.0,-0.756324293749405,0.340367666290878,-0.001,0.0098,-93.0,-0.0126,-0.010646290861567154,48.45971186959155,-4.1917492100485845,-4.171337632438663,-0.02041157760992185,196.86548450000026
2022-05-30,0,0,0,0,0,0,0,0,194.06534,0.0,-0.0029,-0.0066,0.157,44.0,-1.1787204395711157,0.37825536998057246,0.0032000000000000006,0.012100000000000001,-104.0,-0.0037,0.03788770368969446,48.45971186959155,-3.7121252632026653,-4.079495158591463,0.36736989538879783,196.06984800000026
2022-05-31,0,0,0,0,0,0,0,0,192.5835,-0.7635951,-0.0098,-0.0118,0.667,63.0,-0.4933387719387302,0.2957585072308374,-0.0069,-0.0052,19.0,-0.002,-0.08249686274973506,47.47431684434568,-3.4122575525603906,-3.9460476373852487,0.533790084824858,195.15536600000024
2022-06-01,0,0,0,0,0,0,0,0,187.61078,-2.582109,-0.0022,-0.0066,2.181,187.0,1.5788227554510308,0.3803128113402269,0.007599999999999999,0.0052,124.0,-0.004399999999999999,0.08455430410938947,44.224423602583165,-3.5351165535949463,-3.863861420627188,0.3287448670322419,193.42635200000024
2022-06-02,0,1,1,0,0,0,0,0,197.775,5.4177284,-0.0147,-0.0574,3.077,600.0,2.6120542939138325,0.22822280231668463,-0.012499999999999999,-0.0508,413.0,-0.0427,-0.15209000902354225,51.5284452971704,-2.780266408495578,-3.647142418200866,0.8668760097052881,192.95792200000025
2022-06-03,0,0,0,0,0,0,0,0,189.73907,-4.063159,-0.0082,0.0094,0.948,265.0,-0.15246879168361618,0.3016334463590184,0.006499999999999999,0.0668,-335.0,0.0176,0.07341064404233377,46.35948322628863,-2.798218500984717,-3.4773576347576363,0.6791391337729191,192.31196550000027
2022-06-06,0,0,0,0,0,0,0,0,193.19012,1.8188477,-0.0059,-0.0037,0.293,64.0,-1.0250691865685753,0.3289356922015361,0.002300000000000001,-0.0131,-201.0,0.0021999999999999997,0.027302245842517725,48.73771437090475,-2.505097564889496,-3.282905620784008,0.777808055894512,192.21449900000027
2022-06-07,0,0,0,0,0,0,0,0,194.5825,0.7207155,-0.0119,-0.0038,0.808,113.0,-0.3225335703508163,0.25162364471700827,-0.006000000000000001,-9.999999999999983e-05,49.0,0.008100000000000001,-0.07731204748452786,49.70657986207263,-2.1358232409984907,-3.0534891448269046,0.9176659038284138,192.1150440000003
2022-06-08,0,0,0,0,0,0,0,0,195.56711,0.5060077,-0.0028,-0.0067,0.23,80.0,-1.0789685731075587,0.3419616165917548,0.0091,-0.0029000000000000002,-33.0,-0.0039000000000000003,0.09033797187474651,50.42019083824888,-1.743621497311807,-2.791515615323885,1.0478941180120782,192.5078885000003
2022-06-09,0,0,0,1,0,0,0,0,182.99606,-6.4279914,-0.0212,-0.0046,0.23,154.0,-1.0511362273877498,0.12424614314156295,-0.0184,0.0021000000000000003,74.0,0.0166,-0.21771547345019182,42.1893345122597,-2.419289401861448,-2.717070372631398,0.2977809707699497,192.14786350000028
2022-06-10,0,0,0,0,0,0,0,0,174.61206,-4.581517,-0.012,-0.0188,0.23,236.0,-1.0440022581807453,0.1910289593842682,0.0092,-0.0142,82.0,-0.0068000000000000005,0.06678281624270525,37.76183953246717,-3.589897709963168,-2.8916358400977518,-0.6982618698654162,191.00165150000026
2022-06-13,0,0,0,0,0,0,0,0,163.36377,-6.4418793,-0.0157,-0.0216,0.833,49.0,-0.2145624127039141,0.12601100473503413,-0.0036999999999999984,-0.0028000000000000004,-187.0,-0.0059000000000000025,-0.06501795464923407,32.79000363499664,-5.363429943262645,-3.3859946607307303,-1.9774352825319146,189.22241250000027
2022-06-14,0,1,1,1,0,0,0,0,162.83665,-0.32265782,-0.0728,-0.0309,1.53,119.0,0.713017120176034,-0.704003588527143,-0.057100000000000005,-0.0093,70.0,0.04190000000000001,-0.8300145932621771,32.5735640976831,-6.7338772492008445,-4.055571178424753,-2.6783060707760917,187.2885200000003
2022-06-15,0,1,0,0,1,0,0,0,168.42601,3.4324884,-0.0054,-0.0077,1.06,213.0,0.05701105253405831,0.2888014115314061,0.0674,0.0232,94.0,-0.0023,0.9928050000585491,37.29965766444244,-7.284975312266937,-4.70145200519319,-2.5835233070737473,186.1502645000003
2022-06-16,0,0,0,0,0,0,0,0,159.99226,-5.007386,-0.0016,-0.0062,1.288,192.0,0.348833180991633,0.3421152984130332,0.0038000000000000004,0.0015000000000000005,-21.0,-0.0046,0.05331388688162708,33.48570828124339,-8.306505415099167,-5.422462687174385,-2.884042727924782,184.63756300000028
2022-06-17,0,0,0,0,0,0,0,0,162.84662,1.7840505,-0.0038,-0.0133,1.097,135.0,0.06795721110411328,0.3087169099342149,-0.0021999999999999997,-0.0070999999999999995,-57.0,-0.0095,-0.033398388478818264,35.87553568147327,-8.784490248770027,-6.094868199493513,-2.6896220492765135,183.15569350000027
2022-06-20,0,0,0,0,0,0,0,0,162.84662,0.0,-0.0084,-0.0027,1.906,56.0,1.1542795714399,0.23110034390720258,-0.0046,0.010599999999999998,-79.0,0.005699999999999999,-0.07761656602701233,35.87553568147327,-9.058871639836696,-6.6876688875621495,-2.371202752274546,181.54005800000027
2022-06-21,0,0,0,0,0,0,0,0,156.19312,-4.0857496,-0.0037,-0.0134,2.056,220.0,1.313578116478929,0.2939692812774277,0.004699999999999999,-0.010700000000000001,164.0,-0.0097,0.06286893737022514,32.6993794445173,-9.70137134349477,-7.290409378748674,-2.4109619647460967,180.33516850000026
2022-06-22,0,0,0,0,0,0,0,0,154.99968,-0.76408386,-0.0154,-0.0218,2.062,246.0,1.282497673096216,0.12122501084029483,-0.0117,-0.0084,26.0,-0.0063999999999999994,-0.1727442704371329,32.149568073540756,-10.189400554697016,-7.870207613938343,-2.3191929407586738,178.94380250000026
2022-06-23,0,0,0,0,0,0,0,0,157.88385,1.8607616,-0.007,-0.0073,1.685,219.0,0.7561469517446934,0.24318289357343312,0.008400000000000001,0.014499999999999999,-27.0,-0.0002999999999999999,0.12195788273313829,34.99423252380065,-10.225564859146687,-8.34127906298001,-1.884285796166676,177.30877300000026
2022-06-24,0,0,0,0,0,0,0,0,169.23158,7.1874022,-0.0017,0.0029,0.638,167.0,-0.6512250503214937,0.3056399130559928,0.0053,0.0102,-52.0,0.0046,0.06245701948255969,44.80016753287026,-9.232136039451746,-8.519450458274358,-0.7126855811773876,176.06708500000028
2022-06-27,0,0,0,0,0,0,0,0,168.56523,-0.39374828,-0.007,0.0007,0.588,70.0,-0.7425777131197085,0.22643814012234526,-0.0053,-0.0021999999999999997,-97.0,0.0077,-0.07920177293364755,44.37684476003365,-8.401755214454823,-8.495911409510452,0.09415619505562844,174.79207950000028
2022-06-28,0,0,0,0,0,0,0,0,159.80328,-5.197954,-0.0053,-0.0027,0.726,155.0,-0.550472479664371,0.2514113866588851,0.0017000000000000001,-0.0034000000000000002,85.0,0.0026,0.024973246536539873,39.13972169616225,-8.354384423195626,-8.467606012247487,0.11322158905186086,173.15306850000027
2022-06-29,0,0,0,0,0,0,0,0,163.04553,2.0288825,-0.011,-0.0055,1.183,155.0,0.060801617999444224,0.16934701194605992,-0.005699999999999999,-0.0027999999999999995,0.0,0.0055,-0.08206437471282521,41.87336564477299,-7.96342286966555,-8.3667693837311,0.4033465140655501,171.92480600000027
2022-06-30,0,0,0,0,0,0,0,0,160.37018,-1.6408443,-0.0116,-0.0129,1.102,130.0,-0.03326375168069993,0.16209492347022839,-0.0005999999999999998,-0.0074,-25.0,-0.0013000000000000008,-0.007252088475831531,40.26617576314611,-7.7797809360489225,-8.249371694194664,0.4695907581457419,170.05456500000025
2022-07-01,0,0,0,0,0,0,0,0,159.15685,-0.75659156,-0.0088,-0.0153,1.829,197.0,0.9383217978103061,0.20284296852513106,0.0027999999999999987,-0.0023999999999999994,67.0,-0.006499999999999999,0.040748045054902676,39.52522946434338,-7.6440333135738,-8.12830401807049,0.48427070449669074,168.52545400000025
2022-07-04,0,0,1,0,0,0,0,0,159.15685,0.0,-0.0488,-0.0098,0.342,44.0,-1.110309692992521,-0.379378196524541,-0.04,0.0055,-153.0,0.03900000000000001,-0.582221165049672,39.52522946434339,-7.450566847947158,-7.992756584045824,0.542189736098666,166.82379050000023
2022-07-05,0,1,0,0,1,0,0,0,167.27234,5.099046,-0.0026,-0.0256,0.652,67.0,-0.6649191834941763,0.3008979163526133,0.046200000000000005,-0.0158,23.0,-0.023,0.6802761128771544,47.07924018620587,-6.566694296838563,-7.707544126604372,1.1408498297658092,165.45828250000022
2022-07-06,0,0,0,0,0,0,0,0,168.84373,0.9394169,-0.0115,-0.0221,1.009,147.0,-0.1715315928644309,0.16681976385656422,-0.0089,0.0034999999999999996,80.0,-0.010600000000000002,-0.1340781524960491,48.42267350767236,-5.674014385892093,-7.300838178461916,1.626823792569823,164.12211350000024
2022-07-07,0,0,0,0,0,0,0,0,171.25052,1.425457,-0.0078,-0.0089,1.678,151.0,0.7344853275826895,0.22083167002552334,0.0037,0.013200000000000002,4.0,-0.0011000000000000003,0.05401190616895912,50.49554887811648,-4.717965516792816,-6.784263646128096,2.06629812933528,163.53483650000024
2022-07-08,0,0,0,0,0,0,0,0,169.94766,-0.7607877,-0.0069,-0.0034,1.678,223.0,0.7082644266346161,0.23114599644019754,0.0008999999999999998,0.0055,72.0,0.0035,0.010314326414674196,49.33955943607244,-4.019090243090602,-6.2312289655205975,2.2121387224299953,163.30161650000022
2022-07-11,0,0,0,1,0,0,0,0,161.9913,-4.681647,-0.057,-0.0453,0.76,47.0,-0.5755493611628286,-0.4938135053543748,-0.050100000000000006,-0.0419,-176.0,0.011700000000000002,-0.7249595017945724,42.88317915135245,-4.060432176878436,-5.7970696077921655,1.7366374309137296,163.23299300000025
2022-07-12,0,1,1,0,1,0,0,0,162.37918,0.23944378,-0.0148,-0.0558,0.724,145.0,-0.6225651262816522,0.12612896191541131,0.0422,-0.010500000000000002,98.0,-0.041,0.6199424672697861,43.27289859446613,-4.015607855180832,-5.4407772572698985,1.4251694020890664,163.21011950000022
2022-07-13,0,0,0,0,0,0,0,0,162.59798,0.13474226,-0.0059,-0.0183,0.539,99.0,-0.8719526826921884,0.2540698827396725,0.008900000000000002,0.037500000000000006,-46.0,-0.012400000000000001,0.1279409208242612,43.507060817019834,-3.9172730406863536,-5.136076413953189,1.2188033732668355,162.9187180000002
2022-07-14,0,0,0,0,0,0,0,0,157.18767,-3.3274233,-0.0098,-0.0098,0.988,121.0,-0.2295922542349831,0.19650116352585648,-0.0039,0.0085,22.0,0.0,-0.05756871921381604,39.198294635904986,-4.227180487556069,-4.954297228673765,0.7271167411176958,162.7784885000002
2022-07-15,0,0,0,0,0,0,0,0,163.80138,4.2075276,-0.0036,-0.0111,0.774,177.0,-0.5193555654117747,0.28787834149845454,0.0062,-0.0013000000000000008,56.0,-0.007500000000000001,0.09137717797259806,46.21112487259856,-3.894223068578725,-4.7422823966547565,0.8480593280760313,162.82622650000022
2022-07-18,0,0,0,0,0,0,0,0,166.31755,1.5361309,-0.0013,-0.0013,1.037,69.0,-0.14714868776326326,0.31088291904668497,0.0023,0.0098,-108.0,0.0,0.02300457754823043,48.63827522549526,-3.388260269453127,-4.471477971214431,1.0832177017613036,162.99977300000023
2022-07-19,0,1,0,0,0,0,0,0,174.82092,5.1127195,-0.0265,-0.0109,2.96,173.0,2.405878332247551,-0.06371630900601886,-0.0252,-0.009600000000000001,104.0,0.0156,-0.37459922805270385,55.88334502376402,-2.2749065063837577,-4.032163678248296,1.7572571718645387,163.93116300000025
2022-07-20,0,1,1,0,0,0,0,0,182.09102,4.158604,-0.1956,-0.0154,2.235,227.0,1.4366258712606308,-2.394237796031432,-0.1691,-0.0045000000000000005,54.0,0.1802,-2.330521487025413,60.95451107355782,-0.7967449369546387,-3.3850799299895646,2.588334993034926,165.28573000000023
2022-07-21,0,0,1,0,0,0,0,0,182.1706,0.043690205,-0.1264,-0.0145,2.374,156.0,1.8106577940230568,-1.6172731636454698,0.06919999999999998,0.0008999999999999998,-71.0,0.11190000000000001,0.776964632385962,61.0073478440362,0.376786833247138,-2.632706577342224,3.009493410589362,166.50006750000023
2022-07-22,0,1,0,1,1,1,0,0,168.34644,-7.5885773,-0.0239,-0.0247,1.726,278.0,0.8381541911488877,0.037109649400234895,0.10250000000000001,-0.010199999999999999,122.0,-0.0007999999999999986,1.6543828130457048,48.68303883826041,0.18914469499213737,-2.0683363228753517,2.257481017867489,166.4558105000002
2022-07-25,0,0,0,0,0,0,0,0,165.74072,-1.5478313,-0.01,-0.0101,1.726,69.0,0.8098559717483472,0.28455903583787223,0.013900000000000001,0.0146,-209.0,-9.99999999999994e-05,0.24744938643763734,46.76534932138857,-0.16788757509360153,-1.6882465733190017,1.5203589982254002,166.31458500000022
2022-07-26,0,1,0,1,0,0,0,0,158.28166,-4.5004487,-0.0451,-0.0192,2.556,199.0,1.928908516358441,-0.3308749886704663,-0.0351,-0.009099999999999999,130.0,0.025900000000000003,-0.6154340245083385,41.701369462997675,-1.0407251932508643,-1.5587422973053742,0.5180171040545098,166.2385040000002
2022-07-27,0,0,0,0,0,0,0,0,168.65477,6.5535665,-0.03,-0.0258,3.435,241.0,2.896962514446584,-0.05761223952031129,0.015100000000000002,-0.006600000000000002,42.0,0.004199999999999999,0.27326274915015497,49.836510595470415,-0.8852276554167986,-1.4240393689276591,0.5388117135108605,166.51896600000023
2022-07-28,0,1,1,1,0,0,0,0,159.8431,-5.224675,-0.4537,-0.1722,3.589,383.0,2.860880380417308,-5.326924297659895,-0.42369999999999997,-0.1464,142.0,0.2815,-5.269312058139584,44.19478811630116,-1.4562362778497402,-1.4304787507120753,-0.025757527137664882,166.49261200000024
2022-07-29,0,0,1,0,0,0,0,0,158.23195,-1.0079622,-0.2961,-0.1049,1.736,287.0,0.5614237092421936,-3.0041800203530307,0.15760000000000002,0.0673,-96.0,0.19119999999999998,2.3227442773068643,43.23112971562345,-2.015537206788963,-1.5474904419274529,-0.4680467648615101,166.44636700000024
2022-08-01,0,0,0,1,1,1,0,0,159.05739,0.5216718,-0.0353,-0.0135,0.55,77.0,-0.8894184978708126,0.03608939885971203,0.2608,0.0914,-210.0,0.0218,3.0402694192127426,43.905972942683526,-2.3649197897836416,-1.7109763114986907,-0.6539434782849509,166.44139400000023
2022-08-02,0,1,1,0,0,0,0,0,159.31598,0.16257763,-0.0453,0.0144,0.589,121.0,-0.8217315009528597,-0.07585788022203993,-0.010000000000000002,0.0279,44.0,0.0597,-0.11194727908175196,44.130041999297795,-2.591073667744894,-1.8869957827479313,-0.7040778849969624,166.04357600000023
2022-08-03,0,0,1,0,0,0,0,0,167.87901,5.3748727,-0.0697,-0.0122,0.933,90.0,-0.39779962583578327,-0.3573283160534203,-0.024399999999999998,-0.0266,-31.0,0.057499999999999996,-0.2814704358313804,51.096410253430726,-2.0556411371704257,-1.9207248536324302,-0.13491628353799556,165.99534000000023
2022-08-04,0,1,0,0,1,0,0,0,169.63934,1.0485768,-0.0102,0.0055,1.726,155.0,0.5531764514818289,0.33732369562375164,0.0595,0.0177,65.0,0.0157,0.6946520116771719,52.41010404338776,-1.472291420769693,-1.8310381670598828,0.35874674629018966,165.91478100000023
2022-08-05,0,0,0,0,0,0,0,0,166.19823,-2.028495,-0.0172,-0.0043,1.337,263.0,0.06378832406938872,0.25784418075355303,-0.006999999999999999,-0.0098,108.0,0.0129,-0.07947951487019861,49.60488362582561,-1.2729772962874222,-1.7194259929053906,0.4464486966179684,165.72730950000025
2022-08-08,0,0,0,0,0,0,0,0,169.32109,1.8790007,-0.0386,-0.0159,0.522,61.0,-0.935539153889286,0.014139349109936666,-0.021400000000000002,-0.011600000000000001,-202.0,0.0227,-0.24370483164361637,52.11004134941257,-0.8531956056384615,-1.5461799154520048,0.6929843098135433,166.09379900000025
2022-08-09,0,1,0,0,0,0,0,0,167.61049,-1.0102808,-0.009,-0.0128,2.235,161.0,1.125696854619011,0.3607597801890651,0.0296,0.0031000000000000003,100.0,-0.0038000000000000013,0.34662043107912843,50.6254857711147,-0.6510419094817337,-1.3671523142579507,0.716110404776217,166.35536450000023
2022-08-10,0,0,0,0,0,0,0,0,177.36694,5.820918,-0.0121,-0.0027,1.567,220.0,0.2976207581585975,0.3261438018200169,-0.0031000000000000003,0.010100000000000001,59.0,0.009399999999999999,-0.03461597836904823,57.97863295582005,0.29305220470922677,-1.0351114104645152,1.328163615173742,167.09381250000024
2022-08-11,0,0,0,0,0,0,0,0,176.5216,-0.47661066,-0.0034,0.0032,1.651,216.0,0.39168502005690164,0.4262943153866599,0.0087,0.005900000000000001,-4.0,0.0066,0.100150513566643,57.18399519750784,0.9619529243208547,-0.6356985435074411,1.5976514678282958,168.06050900000025
2022-08-12,0,0,0,0,0,0,0,0,179.51517,1.6958714,-0.0032,-0.006,1.099,183.0,-0.2985806237520592,0.4287709007863872,0.00019999999999999966,-0.0092,-33.0,-0.0028,0.0024765853997272824,59.31077871677234,1.7138613180413813,-0.1657865711976766,1.8796478892390578,168.84619850000027
2022-08-15,0,0,0,0,0,0,0,0,179.90305,0.21606684,-0.0498,-0.0303,0.66,76.0,-0.8131090888418632,-0.10712732882720835,-0.046599999999999996,-0.024300000000000002,-107.0,0.019499999999999997,-0.5358982296135956,59.59086340630664,2.3143741471040187,0.33024557246266245,1.9841285746413562,169.52547350000026
2022-08-16,0,1,0,0,1,0,0,0,178.4908,-0.7850051,-0.0066,-0.0039,0.674,129.0,-0.7700445917471267,0.3796945742952483,0.043199999999999995,0.0264,53.0,0.0027,0.48682190312245666,58.02475371652519,2.645828652527996,0.7933621884757291,1.8524664640522668,169.70896750000026
2022-08-17,0,0,0,0,0,0,0,0,173.896,-2.5742412,-0.0104,0.0048,1.033,130.0,-0.31279652917118655,0.3074547449801228,-0.0037999999999999996,0.0087,1.0,0.015199999999999998,-0.07223982931512546,53.13215453649891,2.508826585238779,1.1364550678283392,1.37237151741044,169.29921650000026
2022-08-18,0,0,0,0,0,0,0,0,173.70703,-0.10866523,-0.0028,-0.0023,1.309,201.0,0.026230918352057958,0.41099483225492084,0.007599999999999999,-0.0070999999999999995,71.0,0.0005,0.10354008727479802,52.934468577484374,2.357823636961001,1.3807287816548715,0.9770948553061296,168.87603800000028
2022-08-19,0,0,1,1,0,0,0,0,167.04361,-3.8360238,-0.0539,-0.005,1.351,186.0,0.06015549364031072,-0.2783640478985098,-0.051100000000000007,-0.0027,-15.0,0.048900000000000006,-0.6893588801534307,46.38131345854164,1.6810918269204649,1.4408013907079902,0.2402904362124747,168.8108965000003
2022-08-22,0,0,0,0,1,0,0,0,162.16039,-2.9233158,-0.0048,-0.0047,0.701,95.0,-0.7692472311093526,0.3952046466401851,0.049100000000000005,0.0002999999999999999,-91.0,9.99999999999994e-05,0.673568694538695,42.25308173769638,0.7421864848440123,1.3010784095351946,-0.5588919246911823,168.63188000000028
2022-08-23,0,0,0,0,0,0,0,0,160.23096,-1.189822,-0.0045,-0.0137,1.608,147.0,0.35510876800214886,0.3979291370962874,0.0002999999999999999,-0.009000000000000001,52.0,-0.0092,0.002724490456102291,40.71122982094394,-0.1557957231628393,1.0097035829955878,-1.1654993061584271,168.72934500000025
2022-08-24,0,1,0,0,0,0,0,0,162.36923,1.3344884,-0.0407,-0.0242,2.146,279.0,1.0374883484623842,-0.08951152720412586,-0.0362,-0.010499999999999999,132.0,0.0165,-0.4874406643004133,43.185579395974564,-0.6869933422774466,0.6703641979409809,-1.3573575402184275,168.41506800000025
2022-08-25,0,0,1,0,0,0,0,0,167.8591,3.3811092,-0.0595,-0.0156,1.544,197.0,0.3210563113613702,-0.337175215676188,-0.018799999999999997,0.0086,-82.0,0.043899999999999995,-0.24766368847206216,49.06323548175147,-0.657406481557814,0.4048100620412219,-1.0622165435990358,168.81586800000025
2022-08-26,0,1,0,0,1,0,0,0,160.89732,-4.1474104,-0.0041,-0.0012,1.797,262.0,0.6359281449520787,0.42183067915489475,0.0554,0.0144,65.0,0.0029000000000000007,0.7590058948310827,42.98956094166398,-1.1820897504349261,0.08743009954599229,-1.2695198499809184,168.94913650000026
2022-08-29,0,0,1,0,0,0,0,0,158.30154,-1.613301,-0.0577,-0.0087,1.467,99.0,0.17710008965744223,-0.3016316592774093,-0.0536,-0.0075,-163.0,0.049,-0.723462338432304,40.95382219501641,-1.7867660465587676,-0.2874091296749597,-1.499356916883808,168.91134400000027
2022-08-30,0,1,0,0,1,0,0,0,156.30254,-1.2627959,-0.0148,-0.0106,1.275,216.0,-0.09126229816948982,0.28780821820997504,0.0429,-0.0019000000000000006,117.0,0.004200000000000001,0.5894398774873844,39.40624033539514,-2.399617662649433,-0.7098508362698543,-1.6897668263795789,168.76067200000028
2022-08-31,0,0,0,0,0,0,0,0,162.04103,3.6714077,-0.0125,-0.0279,0.998,148.0,-0.4902233824957566,0.32187795291343585,0.0023,-0.017300000000000003,-68.0,-0.0154,0.03406973470346081,45.744532031974884,-2.3946547104395677,-1.046811611103797,-1.3478430993357706,168.46877300000025
2022-09-01,0,0,0,0,0,0,0,0,164.45778,1.4914393,-0.0304,-0.0091,0.958,171.0,-0.5719777277272436,0.07810027430138886,-0.0179,0.0188,23.0,0.0213,-0.243777678612047,48.201936411929736,-2.1706876714097234,-1.2715868231649823,-0.8991008482447411,168.20969500000027
2022-09-02,0,0,0,0,0,0,0,0,159.44528,-3.0478895,-0.014,-0.0043,0.787,150.0,-0.837093573619235,0.30397182643795506,0.016399999999999998,0.0048000000000000004,-21.0,0.0097,0.2258715521365662,43.77348781473276,-2.3703352884500646,-1.4913365162219987,-0.8789987722280659,167.87204750000026
2022-09-05,0,0,0,0,0,0,0,0,159.44528,0.0,-0.0168,-0.0013,0.324,63.0,-1.46196970201435,0.2657591581129049,-0.0027999999999999987,0.003,-87.0,0.0155,-0.03821266832505016,43.77348781473276,-2.4997419936702556,-1.69301761171165,-0.8067243819586056,167.37825700000025
2022-09-06,0,1,1,1,0,0,0,0,157.67499,-1.1102855,-0.1097,-0.0248,0.998,87.0,-0.5052648080680795,-0.9962651849965475,-0.09290000000000001,-0.0235,24.0,0.0849,-1.2620243431094524,42.18598426129015,-2.713861640282431,-1.8971864174258062,-0.816675222856625,166.88148200000026
2022-09-07,0,1,0,0,1,0,0,0,159.51488,1.166904,-0.0232,-0.0113,0.597,147.0,-1.0463570995626361,0.18934238304776052,0.08650000000000001,0.0135,60.0,0.011899999999999999,1.1856075680443081,44.441202213257604,-2.7039201481377404,-2.058533163568193,-0.6453869845695475,165.98887900000028
2022-09-08,0,0,0,0,0,0,0,0,161.17578,1.0412097,-0.0027,-0.0034,0.248,141.0,-1.4775668447447405,0.46997180484759893,0.020499999999999997,0.007899999999999999,-6.0,-0.0006999999999999997,0.2806294217998384,46.471126307755476,-2.5328238776752414,-2.1533913063896026,-0.3794325712856388,165.22158800000028
2022-09-09,0,0,0,0,0,0,0,0,168.22708,4.3749213,-0.0086,-0.003,0.021,120.0,-1.718010070622747,0.39056185624945083,-0.0059,0.00039999999999999975,-21.0,0.0056,-0.0794099485981481,54.13304076347401,-1.807413137253917,-2.0841956725624655,0.27678253530854846,164.65718350000026
2022-09-12,0,0,0,0,0,0,0,0,168.03815,-0.11231899,-0.013,-0.0009,0.673,41.0,-0.8256973024679991,0.33153679936174774,-0.004399999999999999,0.0021000000000000003,-79.0,0.0121,-0.0590250568877031,53.910382906109824,-1.2335454273824382,-1.9140656235264601,0.6805201961440219,164.06393850000026
2022-09-13,0,1,1,1,0,0,0,0,152.29451,-9.3690815,-0.0334,-0.0021,0.878,118.0,-0.5313959719393201,0.05919056941315706,-0.0204,-0.0012,77.0,0.0313,-0.2723462299485907,39.376011959380584,-2.025779382014406,-1.9364083752240493,-0.08937100679035659,162.75412400000027
2022-09-14,0,1,1,1,0,0,0,0,150.64355,-1.0840476,-0.1671,-0.0939,2.001,160.0,0.9690049786611603,-1.697093352719692,-0.13369999999999999,-0.09179999999999999,42.0,0.0732,-1.7562839221328492,38.21256627593802,-2.755090208213062,-2.1001447418218517,-0.6549454663912102,161.59150150000028
2022-09-15,0,0,0,1,1,0,0,0,148.73402,-1.2675762,-0.0284,-0.0472,0.372,155.0,-1.1664474496476118,0.16347783841325594,0.1387,0.0467,-5.0,-0.018799999999999997,1.860571191132948,36.856131995207264,-3.447417719243788,-2.369599337306239,-1.0778183819375489,160.34285100000028
2022-09-16,0,0,0,0,0,0,0,0,145.49182,-2.179879,-0.0091,-0.0124,0.061,129.0,-1.5416740007099619,0.4240483112928511,0.0193,0.0348,-26.0,-0.003299999999999999,0.2605704728795951,34.60972375291986,-4.209189783792141,-2.7375174266034192,-1.4716723571887216,159.26526150000026
2022-09-19,0,0,1,0,0,0,0,0,147.21237,1.1825919,-0.0661,-0.0236,0.381,55.0,-1.115109657495981,-0.32731203883206267,-0.05700000000000001,-0.0112,-74.0,0.04250000000000001,-0.7513603501249138,36.81079451034313,-4.620799922298204,-3.114173925742376,-1.5066259965558277,158.51786050000027
2022-09-20,0,1,1,0,0,0,0,0,145.29292,-1.3038814,-0.0965,-0.0394,1.542,113.0,0.3745375215918746,-0.7132077772811378,-0.030399999999999996,-0.015799999999999998,58.0,0.057100000000000005,-0.38589573844907515,35.38001398210282,-5.043746327996132,-3.5000884061931274,-1.5436579218030047,157.7709585000003
2022-09-21,0,1,1,0,0,0,0,0,141.34456,-2.717501,-0.0666,-0.026,1.516,149.0,0.3332008877610552,-0.30073225951523846,0.029899999999999996,0.013399999999999999,36.0,0.04060000000000001,0.41247551776589936,32.57516741230287,-5.632604892825043,-3.9265917035195104,-1.7060131893055326,156.7197250000003
2022-09-22,0,1,0,1,0,0,0,0,142.04079,0.49254894,-0.0659,-0.0526,2.363,174.0,1.3838247172887668,-0.27949660291574474,0.0007000000000000062,-0.026600000000000002,25.0,0.0133,0.021235656599493724,33.575172517370525,-5.9742323736132334,-4.336119837538255,-1.6381125360749786,155.42880950000028
2022-09-23,0,1,1,1,0,0,0,0,139.6439,-1.6874433,-0.0806,-0.0283,0.572,188.0,-0.8771242204389715,-0.4607084907407349,-0.014700000000000005,0.024300000000000002,14.0,0.052300000000000006,-0.18121188782499015,31.82519118592136,-6.365011711853384,-4.7418982124012805,-1.6231134994521037,154.3661385000003
2022-09-26,0,0,0,1,1,0,0,0,135.62596,-2.877295,-0.0395,-0.018,0.53,36.0,-0.9387136410060227,0.08858150391579056,0.041100000000000005,0.0103,-152.0,0.021500000000000002,0.5492899946565255,29.0882078416571,-6.919161544242627,-5.17735087876955,-1.7418106654730767,153.23235950000029
2022-09-27,0,1,0,0,0,0,0,0,133.66667,-1.444602,-0.0067,-0.0285,1.923,131.0,0.8180907605687225,0.529774105244268,0.0328,-0.010500000000000002,95.0,-0.0218,0.4411926013284775,27.83126912897485,-7.430770312704368,-5.628034765556514,-1.8027355471478543,152.10056600000027
2022-09-28,0,0,0,0,0,0,0,0,140.83737,5.364585,-0.0166,-0.0118,1.431,216.0,0.17932011004778733,0.39824031241660635,-0.009899999999999999,0.0167,85.0,0.0048000000000000004,-0.1315337928276617,38.33375604493378,-7.174900597821647,-5.93740793200954,-1.2374926658121073,151.0403830000003
2022-09-29,0,0,1,0,0,0,0,0,135.66573,-3.6720574,-0.036,-0.0048,2.572,163.0,1.5898502237541832,0.14434777942625404,-0.019399999999999997,0.007,-53.0,0.0312,-0.2538925329903523,34.44089480819603,-7.305220102140623,-6.210970366035757,-1.0942497361048664,149.6007805000003
2022-09-30,0,0,1,0,0,0,0,0,134.93973,-0.5351603,-0.0487,-0.0116,2.297,249.0,1.218007400328811,-0.017222630324244308,-0.012700000000000003,-0.0068,86.0,0.0371,-0.16157040975049836,33.92013419630035,-7.381986436269273,-6.44517358008246,-0.9368128561868128,148.3755030000003
2022-10-03,0,0,0,0,1,0,0,0,137.85373,2.1595001,-0.0142,-0.0049,0.506,73.0,-0.996544115157611,0.437907599092687,0.0345,0.006699999999999999,-176.0,0.009300000000000001,0.4551302294169313,37.97405011037935,-7.125549958036515,-6.581248855673271,-0.544301102363244,147.2959255000003
2022-10-04,0,0,0,0,0,0,0,0,139.51462,1.2048125,-0.0217,-0.0145,1.556,177.0,0.28558936289541054,0.3386371035353664,-0.0075,-0.009600000000000001,104.0,0.0072,-0.09927049555732059,40.224976764404964,-6.710942689244064,-6.60718762238743,-0.1037550668566336,146.3879070000003
2022-10-05,0,0,1,0,0,0,0,0,138.2217,-0.9267211,-0.0571,-0.0136,0.513,167.0,-1.007848668827477,-0.12730260968612828,-0.0354,0.0009000000000000015,-10.0,0.0435,-0.4659397132214947,39.03734007794091,-6.4127688725064615,-6.568303872411237,0.15553499990477526,145.3232480000003
2022-10-06,0,0,0,0,1,0,0,0,138.3112,0.06476641,-0.0397,-0.0141,0.697,137.0,-0.7707779945750249,0.11478046480228024,0.0174,-0.0005000000000000004,-30.0,0.025599999999999998,0.24208307448840852,39.17122539012552,-6.098937319535338,-6.474430561836057,0.3754932423007187,144.1800190000003
2022-10-07,0,0,0,1,0,0,0,0,132.72186,-4.0411353,-0.0381,-0.0205,1.45,109.0,0.1465404586278702,0.1446605292942858,0.0015999999999999973,-0.006400000000000001,-28.0,0.0176,0.02988006449200556,34.13008720473908,-6.2294276148481345,-6.425429972438472,0.1960023575903378,142.4047580000003
2022-10-10,0,1,0,0,0,0,0,0,133.06,0.2547741,-0.0081,-0.0345,1.003,110.0,-0.40721080564582934,0.5541502448488186,0.030000000000000002,-0.014000000000000002,1.0,-0.026400000000000003,0.4094897155545328,34.6777875734001,-6.233698842060733,-6.387083746362924,0.15338490430219132,140.6558505000003
2022-10-11,0,0,0,0,0,0,0,0,127.83865,-3.9240599,-0.0074,-0.0217,3.144,124.0,2.226179847975131,0.5582789785661076,0.0006999999999999992,0.012800000000000002,14.0,-0.0143,0.004128733717289057,30.465353580241654,-6.582523890822074,-6.426171775254754,-0.1563521155673202,139.4330575000003
2022-10-12,0,0,0,0,0,0,0,0,126.804344,-0.8090794,-0.0096,-0.0112,2.948,413.0,1.9268452403867184,0.5028664324258988,-0.002199999999999999,0.0105,289.0,-0.0016000000000000007,-0.05541254614020885,29.69581931887271,-6.863314092662762,-6.513600238736355,-0.3497138539264064,138.2410972000003
2022-10-13,0,0,0,0,0,0,0,0,129.57913,2.1882296,-0.0143,-0.0148,2.141,201.0,0.9657693100322009,0.41475048495214784,-0.004700000000000001,-0.0036000000000000008,-212.0,-0.0005000000000000004,-0.08811594747375096,34.47746675527144,-6.783741560285392,-6.567628503046163,-0.21611305723922936,137.2833527000003
2022-10-14,0,0,0,0,0,0,0,0,126.06838,-2.709335,-0.0115,-0.0035,1.355,189.0,0.022777074273761397,0.45099708926552107,0.0028000000000000004,0.011300000000000001,-12.0,0.008,0.03624660431337323,31.553336082166457,-6.924150641069076,-6.638932930650745,-0.28521771041833066,136.31218070000028
2022-10-17,0,0,1,0,0,0,0,0,133.30864,5.743134,-0.0511,-0.0087,1.218,61.0,-0.1331829520179631,-0.0998495537184761,-0.039599999999999996,-0.0052,-128.0,0.0424,-0.5508466429839972,42.40266252899309,-6.377679457739248,-6.586682236068446,0.20900277832919834,135.6169942000003
2022-10-18,0,1,0,0,1,0,0,1,132.07544,-0.9250879,-0.0137,-0.0274,2.357,176.0,1.2603413302098898,0.4222814727788977,0.0374,-0.0187,115.0,-0.0137,0.5221310264973739,41.20465161308897,-5.975227340227406,-6.464391256900238,0.4891639166728323,134.9561202000003
2022-10-19,0,0,0,0,0,0,0,0,132.50307,0.32378435,-0.0025,-0.029,1.067,210.0,-0.2824874626271897,0.5728808476455859,0.0112,-0.0016000000000000007,34.0,-0.026500000000000003,0.15059937486668817,41.81851507105831,-5.557709158812429,-6.283054837282676,0.725345678470247,134.5140457000003
2022-10-20,0,0,1,0,0,0,0,0,130.81235,-1.2759864,-0.0038,-0.0408,1.078,119.0,-0.23250300833790533,0.6889310998292627,-0.0013,-0.011800000000000001,-91.0,-0.037000000000000005,0.11605025218367682,40.03861324428289,-5.30213030831564,-6.086869931489269,0.7847396231736292,133.95262370000032
2022-10-21,0,1,1,0,0,0,0,0,129.30063,-1.1556327,-0.0497,-0.0122,0.74,154.0,-0.6851897851361677,-0.5873533457037808,-0.0459,0.0286,35.0,0.0375,-1.2762844455330435,38.46228424043876,-5.1620603791991755,-5.90190802103125,0.7398476418320747,133.43546020000034
2022-10-24,0,0,0,0,0,0,0,0,129.01224,-0.2230525,-0.0318,-0.0083,1.515,69.0,0.38621339568001667,-0.012513357829674146,0.0179,0.0039000000000000007,-85.0,0.0235,0.5748399878741067,38.153682886771584,-5.01649755292047,-5.7248259274090945,0.7083283744886248,133.10477420000035
2022-10-25,0,0,0,0,0,0,0,0,136.75972,6.0052395,-0.032,-0.0195,2.477,294.0,1.6761036849932787,-0.026145838155249825,-0.0001999999999999988,-0.0112,225.0,0.0125,-0.013632480325575678,49.80528610873042,-4.227251947683072,-5.42531113146389,1.1980591837808179,133.25942670000035
2022-10-26,0,0,1,0,0,0,0,0,129.11168,-5.5923104,-0.0973,-0.0607,2.528,153.0,1.6716857931408908,-2.0672775404705668,-0.0653,-0.0412,-141.0,0.0366,-2.041131702315317,41.49458537680573,-4.170823374375345,-5.174413580046181,1.003590205670836,132.6731422000003
2022-10-27,0,1,1,1,0,0,0,0,97.40564,-24.557083,-0.7557,-0.3251,3.873,262.0,3.1539015792812433,-7.214583507911165,-0.6584000000000001,-0.2644,109.0,0.43060000000000004,-5.147305967440598,23.77954186108294,-6.608338955124253,-5.4611986550617955,-1.1471403000624578,130.7601377000003
2022-10-28,0,0,1,1,0,0,0,0,98.658745,1.2864947,-0.7888,-0.4281,1.978,210.0,0.7803124177615121,-5.316633507687322,-0.03309999999999991,-0.10299999999999998,-52.0,0.36069999999999997,1.897950000223843,25.139832568512876,-8.342801886421839,-6.037519301333804,-2.305282585088035,128.94608845000033
2022-10-31,0,0,0,1,0,0,0,0,92.6517,-6.088704,-0.0646,-0.0382,1.62,59.0,0.3174841925552991,-0.05254122860494529,0.7242,0.38989999999999997,-151.0,0.026400000000000007,5.2640922790823765,23.019007372583562,-10.08583139799208,-6.847181720665459,-3.238649677326622,126.68598695000033
2022-11-01,0,0,1,0,1,0,0,0,94.68057,2.1897793,-0.0562,-0.0215,0.858,177.0,-0.6083721491878357,0.014219048660437167,0.008400000000000005,0.0167,118.0,0.0347,0.06676027726538246,25.310815367804956,-11.174667381154038,-7.712678852763174,-3.4619885283908634,124.44428445000032
2022-11-02,0,0,0,0,0,0,0,0,90.04601,-4.8949537,-0.0169,-0.0093,0.567,147.0,-0.9461484361714436,0.3006930596779189,0.0393,0.012199999999999999,-30.0,0.007599999999999999,0.2864740110174817,23.583609997720735,-12.270105859344696,-8.624164254079478,-3.645941605265218,122.03549995000033
2022-11-03,0,1,1,1,0,0,0,0,88.4249,-1.8003047,-0.0215,-0.0561,1.259,176.0,-0.07523046338261533,0.269625813785236,-0.0046,-0.046799999999999994,29.0,-0.0346,-0.031067245892682893,22.992573783805184,-13.117844429330603,-9.522900289129703,-3.5949441402008997,119.54118495000031
2022-11-04,0,0,0,1,0,0,0,0,90.29465,2.1144986,-0.028,-0.0381,0.274,171.0,-1.2707482749209624,0.2255319294098728,-0.006500000000000002,0.017999999999999995,-5.0,-0.010100000000000001,-0.044093884375363185,25.317340208288524,-13.483382118871347,-10.314996655078032,-3.1683854637933155,117.4198244500003
2022-11-07,0,1,1,0,0,0,0,0,96.192276,6.5315604,-0.2186,-0.5794,2.819,191.0,1.7795645809493372,-1.1302559391570217,-0.1906,-0.5413,20.0,-0.3608,-1.3557878685668945,32.26354451639698,-13.145649378552875,-10.881127199773001,-2.264522178779874,115.57643825000032
2022-11-08,0,0,1,0,0,0,0,0,95.94364,-0.25847554,-0.0738,-0.2327,1.035,161.0,-0.37803191889500487,-0.07877498552664229,0.14479999999999998,0.3467,-30.0,-0.15889999999999999,1.0514809536303795,32.127875321556,-12.751070195926701,-11.255115799003741,-1.4959543969229596,113.9816877500003
2022-11-09,0,1,1,0,0,0,0,0,100.91637,5.1829576,-0.1288,-0.7777,3.176,472.0,2.0882431605899985,-0.4611409321024706,-0.05499999999999999,-0.5449999999999999,311.0,-0.6488999999999999,-0.3823659465758283,37.764545073777455,-11.89993060616628,-11.38407876043625,-0.5158518457300296,112.6872890500003
2022-11-10,0,1,1,0,0,0,0,0,111.25962,10.24934,-0.1385,-0.7307,1.792,484.0,0.4659321040176926,-0.5144971829015705,-0.009700000000000014,0.04699999999999993,12.0,-0.5922000000000001,-0.05335625079909995,47.52614383226145,-10.272369040329295,-11.161736816414859,0.8893677760855638,111.77131355000029
2022-11-11,0,0,1,0,1,0,0,0,112.403336,1.0279775,-0.0226,-0.1259,0.191,193.0,-1.3513139712619264,0.31686476504477823,0.11590000000000002,0.6048,-291.0,-0.10330000000000002,0.8313619479463488,48.488276635636915,-8.78891332874386,-10.687172118880659,1.8982587901367989,111.08806135000027
2022-11-14,0,0,0,0,0,0,0,0,113.5968,1.0617614,-0.0083,-0.0313,0.901,76.0,-0.5440766203905784,0.420351443553739,0.014299999999999998,0.09460000000000002,-117.0,-0.023,0.10348667850896076,49.528235918330815,-7.4312980409918055,-10.035997303302889,2.604699262311083,110.10246935000025
2022-11-15,0,0,0,0,0,0,0,0,116.4412,2.5039434,-0.0274,-0.0455,0.54,109.0,-0.9313298492456776,0.2858098644751094,-0.0191,-0.014199999999999997,33.0,-0.018099999999999998,-0.13454157907862957,52.014712575689025,-6.056048478895562,-9.240007538421423,3.1839590595258613,109.32075735000026
2022-11-16,0,1,0,0,0,0,0,0,112.612206,-3.2883465,-0.0017,-0.027,0.302,142.0,-1.1619127991809268,0.4657111049307181,0.0257,0.0185,33.0,-0.0253,0.17990124045560868,48.547492529593875,-5.215005768091999,-8.435007184355538,3.220001416263539,108.32621415000024
2022-11-17,0,0,0,0,0,0,0,0,110.84191,-1.5720248,-0.0023,-0.0086,1.017,167.0,-0.3410738644043886,0.45373034823240926,-0.0006000000000000001,0.0184,25.0,-0.0063,-0.011980756698308836,46.98798349501373,-4.637859099877346,-7.675577567459899,3.037718467582553,107.32769215000023
2022-11-18,0,1,0,1,0,0,0,0,111.438644,0.5383611,-0.0282,-0.0424,0.947,202.0,-0.40480931643725504,0.2707602558368374,-0.0259,-0.0338,35.0,-0.0142,-0.18297009239557188,47.59903797191118,-4.085222854411413,-6.957506624850202,2.8722837704387896,106.43459285000024
2022-11-21,0,0,1,0,0,0,0,0,109.26058,-1.954484,-0.0014,-0.0329,0.233,70.0,-1.177605430165066,0.4560127963653949,0.0268,0.009500000000000001,-132.0,-0.0315,0.1852525405285575,45.53587366297591,-3.7794391879704534,-6.321893137474253,2.542453949503799,105.44700985000024
2022-11-22,0,1,0,0,0,0,0,0,110.83197,1.4382005,-0.0232,-0.0494,0.894,100.0,-0.428627505303914,0.3005590558894776,-0.0218,-0.0165,30.0,-0.0262,-0.15545374047591726,47.310305626626096,-3.37144150984183,-5.731802811947768,2.3603613021059378,104.15062235000025
2022-11-23,0,1,0,0,0,0,0,0,111.627594,0.7178664,-0.0233,-0.0074,0.711,191.0,-0.6265427239827092,0.3012682325190698,-0.00010000000000000286,0.041999999999999996,91.0,0.0159,0.0007091766295921897,48.22998339498212,-2.9498956422499845,-5.1754213780082114,2.225525735758227,103.27641805000026
2022-11-24,0,0,0,0,0,0,0,0,111.627594,0.0,-0.005,-0.0298,0.169,111.0,-1.203089518533304,0.4293020488277263,0.0183,-0.0224,-80.0,-0.0248,0.1280338163086565,48.22998339498212,-2.5860076190113688,-4.657538626208843,2.071531007197474,103.98751575000026
2022-11-25,0,0,0,0,0,0,0,0,110.80213,-0.73947906,-0.0052,-0.0206,0.079,47.0,-1.27422115228377,0.4266322956367,-0.00019999999999999966,0.0092,-64.0,-0.0154,-0.002669753191026303,47.23787306212234,-2.3372889726675794,-4.19348869550059,1.8561997228330105,104.59468500000025
2022-11-28,0,0,1,1,0,0,0,0,108.186485,-2.3606539,-0.048,-0.003,1.238,34.0,-0.026814801467702487,0.12330964551096175,-0.042800000000000005,0.0176,-13.0,0.045,-0.3033226501257383,44.139487282274175,-2.324443606185497,-3.819679677637571,1.4952360714520743,105.37142425000027
2022-11-29,0,1,1,0,0,0,0,0,108.86277,0.6251097,-0.747,-0.5507,0.47,82.0,-0.8574368102374416,-4.0763929973520625,-0.699,-0.5477,48.0,0.19630000000000003,-4.199702642863024,45.14139008713504,-2.233941525822786,-3.502532047274614,1.268590521451828,106.08053425000028
2022-11-30,0,0,1,0,0,0,0,0,117.45562,7.893288,-0.1402,-0.0523,0.627,62.0,-0.6864511973452065,-0.37920439408157447,0.6068,0.49839999999999995,-20.0,0.08789999999999999,3.697188603270488,55.951776774786296,-1.4521077987485995,-3.092447197569411,1.6403393988208115,107.45101475000028
2022-12-01,0,1,0,0,1,0,0,0,119.78286,1.9813776,-0.0267,-0.0171,0.811,137.0,-0.49948080090769925,0.31257830481264554,0.11349999999999999,0.035199999999999995,75.0,0.009600000000000001,0.69178269889422,58.345880771647515,-0.6373629949298163,-2.601430357041492,1.9640673621116758,109.01891275000028
2022-12-02,0,1,0,0,0,0,0,0,122.81622,2.5323749,-0.0502,-0.0734,0.799,143.0,-0.5344806253389017,0.1742104952283967,-0.0235,-0.0563,6.0,-0.023200000000000005,-0.13836780958424882,61.29851539360915,0.25021066042597795,-2.031102153547998,2.281312813973976,110.64499125000029
2022-12-05,0,0,0,0,0,0,0,0,121.762,-0.8583665,-0.0008,-0.0081,1.615,120.0,0.362495367539199,0.4732893554590317,0.0494,0.06530000000000001,-23.0,-0.007299999999999999,0.299078860230635,59.71427211271649,0.8586543999733891,-1.4531508428437205,2.3118052428171096,111.92347745000029
2022-12-06,0,0,0,0,0,0,0,0,113.497345,-6.7875504,-0.0059,-0.0178,2.278,325.0,1.0718826487363247,0.4390436668406483,-0.0050999999999999995,-0.0097,205.0,-0.0119,-0.03424568861838345,49.018541340547294,0.6662813822401858,-1.0292643978269393,1.6955457800671252,112.8011627000003
2022-12-07,0,0,1,1,0,0,0,0,113.30839,-0.16649365,-0.0334,-0.0668,1.506,315.0,0.22240651106440212,0.25894542741451165,-0.0275,-0.049,-10.0,-0.0334,-0.18009823942613662,48.8033127482808,0.49289549789376963,-0.7248324186827975,1.217727916576567,113.42076370000032
2022-12-08,0,0,0,0,0,0,0,0,114.70074,1.2288213,-0.01,-0.0245,0.995,238.0,-0.36392590819580856,0.3992504886426434,0.023399999999999997,0.0423,-77.0,-0.0145,0.14030506122813174,50.52709232731437,0.4625054688714414,-0.48736484117194967,0.9498703100433911,113.59281970000033
2022-12-09,0,0,0,0,0,0,0,0,115.26763,0.4942298,-0.0055,-0.0179,0.197,144.0,-1.2712002229479857,0.4261928007831147,0.0045000000000000005,0.006600000000000002,-94.0,-0.0124,0.026942312140471325,51.246835806881144,0.4786468937813311,-0.2941624941812935,0.7728093879626245,113.73603440000034
2022-12-12,0,0,0,0,0,0,0,0,114.08413,-1.0267496,-0.0014,-0.0153,0.468,70.0,-0.9676776425817234,0.443827772057913,0.0040999999999999995,0.0026,-74.0,-0.0139,0.017634971274798295,49.62370457119483,0.39142838744257347,-0.1570443178565201,0.5484727052990935,113.76040090000035
2022-12-13,0,0,0,0,0,0,0,0,119.494446,4.742396,-0.0047,-0.0092,0.836,103.0,-0.5359648004797809,0.41395211508491087,-0.0033,0.0060999999999999995,33.0,-0.0045,-0.02987565697300215,56.41919602469368,0.7502262370353634,0.02440979312185662,0.7258164439135067,113.91306320000035
2022-12-14,0,1,0,0,0,0,0,0,120.92658,1.1984944,-0.0588,-0.0781,1.53,144.0,0.24925311851248969,0.0851106406075876,-0.054099999999999995,-0.0689,41.0,-0.019300000000000005,-0.32884147447732326,58.03299103433627,1.1370303842999618,0.2469339113574777,0.8900964729424842,114.32878190000035
2022-12-15,0,1,1,0,0,0,0,0,115.51627,-4.4740496,-0.0644,-0.1534,1.047,158.0,-0.27578694640409956,0.05100336285044832,-0.005600000000000001,-0.0753,14.0,-0.08900000000000001,-0.03410727775713929,50.434854692653644,0.995532774501001,0.3966536839861824,0.5988790905148186,114.56249990000035
2022-12-16,0,1,0,0,0,0,0,0,118.77837,2.823937,-0.0119,-0.0165,1.152,176.0,-0.16755010012159816,0.3619871403452914,0.0525,0.13690000000000002,18.0,-0.0046,0.31098377749484307,54.318440067249306,1.133552222384992,0.5440333916659443,0.5895188307190478,114.92948620000035
2022-12-19,0,1,0,1,0,0,0,0,113.855385,-4.1446867,-0.0258,-0.042,2.638,192.0,1.4843964563096206,0.2763248982357321,-0.0139,-0.025500000000000002,16.0,-0.016200000000000003,-0.0856622421095593,48.18274287770672,0.8360523912697886,0.6024371915867132,0.23361519968307543,115.15922645000035
2022-12-20,0,0,1,0,0,0,0,0,116.45115,2.2798657,-0.3617,-0.0928,1.226,144.0,-0.10845925019855522,-1.6813730771844895,-0.33590000000000003,-0.05079999999999999,-48.0,0.26890000000000003,-1.9576979754202215,51.306039767500636,0.8005103880738886,0.6420518308841483,0.15845855718974033,115.44018545000033
2022-12-21,0,1,0,0,1,0,0,0,119.106575,2.2803068,-0.0081,-0.0135,0.535,156.0,-0.8744720557074515,0.40854351623159707,0.3536,0.0793,12.0,-0.0054,2.0899165934160866,54.338154687649265,0.9753702386973373,0.7087155124467861,0.2666547262505512,115.81413450000032
2022-12-22,0,0,0,0,0,0,0,0,116.48099,-2.2044063,-0.0331,-0.0296,0.451,102.0,-0.9393852414759182,0.2604584519648029,-0.024999999999999998,-0.016100000000000003,-54.0,0.003499999999999996,-0.1480850642667942,50.95929105494004,0.8918049907391037,0.7453334081052496,0.14647158263385407,116.05680430000032
2022-12-23,0,1,1,0,0,0,0,0,117.395966,0.7855177,-0.3782,-0.2659,2.204,127.0,1.0734476775237298,-1.7030798758275538,-0.34509999999999996,-0.2363,25.0,0.11229999999999996,-1.9635383277923566,52.07762728475546,0.8891601612477302,0.7740987587337458,0.11506140251398445,116.38649610000031
2022-12-26,0,0,1,0,0,0,0,0,117.395966,0.0,-0.197,-0.1372,0.0,18.0,-1.4314276985795373,-0.6399425891238782,0.18119999999999997,0.12870000000000004,-109.0,0.05980000000000002,1.0631372867036757,52.077627284755444,0.876955122059357,0.794670031398868,0.08228509066048895,116.84697015000032
2022-12-27,0,1,1,0,0,0,0,0,116.24229,-0.98271966,-0.1135,-0.2385,0.424,40.0,-0.9226625346154389,-0.15117701186155436,0.0835,-0.1013,22.0,-0.12499999999999999,0.4887655772623239,50.397028266902936,0.7653678449509727,0.788809594109289,-0.023441749158316316,117.2159461500003
2022-12-28,0,1,1,0,1,0,0,0,114.98916,-1.0780215,-0.0216,-0.1555,0.57,59.0,-0.759685052387762,0.373990804017968,0.09190000000000001,0.08299999999999999,19.0,-0.1339,0.5251678158795223,48.563775652799315,0.569254988584575,0.7448986730043462,-0.17564368441977118,117.0926231500003
2022-12-29,0,0,1,0,0,0,0,0,119.60385,4.013145,-0.0652,-0.1038,0.3,50.0,-1.0504109095544065,0.12579560373242227,-0.04359999999999999,0.051699999999999996,-9.0,-0.03860000000000001,-0.24819520028554576,55.04851489181776,0.7772414972595101,0.751367237855379,0.025874259404131128,117.08367265000031
2022-12-30,0,1,1,0,0,0,0,0,119.6834,0.06651878,-0.0188,-0.0593,0.035,71.0,-1.3024598539331091,0.3906301081034752,0.0464,0.044500000000000005,21.0,-0.040499999999999994,0.26483450437105294,55.153477482994326,0.9376823060816406,0.7886302515006313,0.14905205458100934,116.9270316500003
2023-01-02,0,0,0,0,0,0,0,0,119.6834,0.0,-0.0043,-0.0108,0.525,51.0,-0.7484190835563294,0.47354838366134366,0.0145,0.0485,-20.0,-0.006500000000000001,0.08291827555786846,55.15347748299434,1.0526979562291103,0.841443792446327,0.21125416378278328,116.82310165000028
2023-01-03,0,0,0,0,0,0,0,0,124.059395,3.656304,-0.0125,-0.0113,0.69,52.0,-0.5421103401786536,0.42699517721270663,-0.0082,-0.0004999999999999987,1.0,0.0012000000000000014,-0.04655320644863703,60.96803783825037,1.4798955971568404,0.9691341533884297,0.5107614437684107,117.35120415000029
2023-01-04,0,0,0,0,0,0,0,0,126.67506,2.108395,-0.012,-0.0173,2.464,87.0,1.5225302167092905,0.43014385298712376,0.0005000000000000004,-0.006,35.0,-0.005299999999999999,0.003148675774417131,63.97470684719925,2.006386733528643,1.1765846694164723,0.8298020641121708,118.01953765000027
2023-01-05,0,1,0,0,0,0,0,0,126.2474,-0.3376007,-0.8295,-0.8018,2.12,93.0,1.1231365298309204,-3.6770530268037165,-0.8175,-0.7845,6.0,0.027700000000000058,-4.10719687979084,63.118608133917554,2.3618996553751685,1.4136476666082116,0.9482519887669569,118.5968706500003
2023-01-06,0,1,1,0,1,0,0,0,129.3106,2.42635,-0.0819,-0.1125,0.806,130.0,-0.3957422882570567,0.09934732637288927,0.7476,0.6892999999999999,37.0,-0.030600000000000002,3.776400353176606,66.5694169286613,2.857877019723574,1.7024935372312842,1.15538348249229,119.2990191500003
2023-01-09,0,1,0,0,0,0,0,0,128.76361,-0.42301416,-0.0052,-0.0224,2.051,146.0,1.0269695701407764,0.48223876549382405,0.0767,0.0901,16.0,-0.0172,0.38289143912093476,65.39280758135594,3.170260344843001,1.9960468987536275,1.1742134460893736,120.0329931500003
2023-01-10,0,1,0,0,0,0,0,0,132.26439,2.7187824,-0.0306,-0.0213,1.783,228.0,0.737847399024726,0.3557399451740107,-0.0254,0.0011000000000000003,82.0,0.0093,-0.12649882031981335,69.15092082186267,3.6581412936420605,2.328465777731314,1.3296755159107465,120.67149035000027
2023-01-11,0,0,0,0,0,0,0,0,132.16495,-0.07519722,-0.0128,-0.0407,1.022,203.0,-0.14903470483991238,0.446631427957039,0.017799999999999996,-0.0194,-25.0,-0.0279,0.09089148278302828,68.92197002629868,3.990763446762216,2.6609253115374942,1.3298381352247217,121.23340885000027
2023-01-12,0,0,1,0,0,0,0,0,135.9641,2.8745651,-0.0154,-0.0553,0.838,147.0,-0.3586210363714875,0.43467952562247275,-0.0026,-0.014600000000000002,-56.0,-0.039900000000000005,-0.011951902334566222,72.6479769064894,4.508952159927432,3.030530681215482,1.47842147871195,122.25580035000027
2023-01-13,0,0,0,0,0,0,0,0,136.2326,0.19749403,-0.0149,-0.027,0.556,124.0,-0.6822124088126943,0.43382600506692054,0.0005000000000000004,0.028300000000000002,-23.0,-0.0121,-0.0008535205555522118,72.8953071324508,4.884975201183082,3.401419585209002,1.4835556159740797,123.12851185000027
2023-01-16,0,0,0,0,0,0,0,0,136.2326,0.0,-0.0052,-0.0167,0.701,98.0,-0.4975726725402804,0.48008578102327737,0.0097,0.0103,-26.0,-0.0115,0.04625977595635683,72.8953071324508,5.123910914973877,3.745917851161977,1.3779930638118998,124.24737260000026
2023-01-17,0,0,0,0,0,0,0,0,134.62148,-1.1826515,-0.0077,-0.0104,0.699,89.0,-0.4746999888153799,0.4650488276215211,-0.0025000000000000005,0.0063,-9.0,-0.0026999999999999993,-0.015036953401756259,68.57975250052142,5.124196720194874,4.021573624968556,1.1026230952263179,125.15588910000027
2023-01-18,0,0,0,0,0,0,0,0,132.29422,-1.7287195,-0.0035,-0.0151,2.162,132.0,1.2805885133047505,0.4773910138618688,0.004200000000000001,-0.004700000000000001,43.0,-0.011600000000000001,0.012342186240347663,62.79647521363634,4.880374867075204,4.193333873389886,0.6870409936853186,125.81527135000029
2023-01-19,0,0,0,0,0,0,0,0,135.40714,2.3530245,-0.0053,-0.0041,2.364,241.0,1.6839409156260818,0.4492306416865464,-0.0018,0.011,109.0,0.0011999999999999997,-0.028160372175322357,66.82624695874956,4.882053644635846,4.331077827639078,0.5509758169967682,126.76157885000028
2023-01-20,0,0,1,0,0,0,0,0,138.60959,2.3650408,-0.0543,-0.0138,1.238,213.0,0.23941816931499504,0.1260110043818675,-0.049,-0.0097,-28.0,0.0405,-0.32321963730467895,70.38068136632712,5.083199084096364,4.481502078930535,0.6016970051658292,127.82226005000027
2023-01-23,0,0,0,0,0,0,0,0,142.48831,2.7983189,-0.0045,-0.0128,0.821,50.0,-0.2925532588865703,0.44210694823184543,0.049800000000000004,0.0009999999999999992,-163.0,-0.008300000000000002,0.31609594384997797,74.01255137495207,5.492277031433275,4.683657069431083,0.8086199620021919,129.07687725000028
2023-01-24,0,0,0,0,0,0,0,0,142.359,-0.09074211,0.0009,-0.0027,0.614,157.0,-0.5592367039614514,0.4700891057415898,0.005399999999999999,0.010100000000000001,107.0,-0.0036,0.027982157509744365,73.68815106734458,5.7398743174501305,4.894900519034893,0.8449737984152375,130.38271275000028
2023-01-25,0,0,0,0,0,0,0,0,140.72795,-1.1457324,-0.0051,-0.0106,1.692,118.0,0.8338625454723125,0.4297775040821786,-0.006,-0.0079,-39.0,-0.0055,-0.04031160165941122,69.54742245801778,5.738336871253068,5.063587789478528,0.6747490817745403,131.66965225000027
2023-01-26,0,0,0,0,0,0,0,0,146.4963,4.09894,-0.0132,-0.019,3.001,412.0,2.389851418307935,0.3763813977617911,-0.0081,-0.0084,294.0,-0.0058,-0.05339610632038749,74.91585420764446,6.1318914433636,5.277248520255542,0.8546429231080577,133.01427475000025
2023-01-27,0,0,0,0,0,0,0,0,150.9121,3.0142546,-0.002,0.0024,1.019,252.0,-0.10040568803868474,0.4455249433712545,0.0112,0.0214,-160.0,0.004399999999999999,0.0691435456094634,78.09882893657712,6.722610365178241,5.566320889240082,1.1562894759381592,134.57570975000027
2023-01-30,0,0,0,0,0,0,0,0,146.25763,-3.0842304,-0.0022,-0.0091,1.2,92.0,0.16841663571648702,0.4236204328436474,-0.0002000000000000001,-0.0115,-160.0,-0.0069,-0.021904510527607057,68.26589371265645,6.737516638791675,5.8005600391504,0.9369565996412748,135.90442125000027
2023-01-31,0,1,1,0,0,0,0,0,148.1572,1.2987971,-0.0725,-0.0271,1.492,130.0,0.5405108275046421,-0.033417103066714825,-0.0703,-0.018,38.0,0.045399999999999996,-0.4570375359103622,69.92985758003445,6.823947176365834,6.005237466593487,0.8187097097723477,137.10931150000027
2023-02-01,0,0,1,0,1,0,0,1,152.28455,2.78579,-0.0618,-0.0126,2.613,170.0,2.084264397139573,0.02890715667739755,0.010699999999999994,0.014499999999999999,40.0,0.0492,0.062324259744112376,73.21604956462028,7.143144923167625,6.232818957908314,0.910325965259311,138.38978600000024
2023-02-02,1,1,1,0,0,0,0,0,187.74004,23.282396,0.2767,0.3883,3.841,342.0,3.3481343614308376,2.105679449034759,0.3385,0.4009,172.0,0.11159999999999998,2.0767722923573615,86.68132659520441,10.140183443617246,7.014291855050101,3.1258915885671454,141.46441800000025
2023-02-03,0,0,1,0,0,0,0,0,185.51225,-1.1866331,0.5152,0.4646,1.622,212.0,0.6090034220352174,3.214473406583573,0.2385,0.07630000000000003,-130.0,-0.05059999999999998,1.108793957548814,83.8295643742384,12.19501745885708,8.050436975811497,4.1445804830455835,144.27450050000024
2023-02-06,0,0,0,0,0,0,0,0,185.04483,-0.25197268,-0.035,-0.0616,1.206,73.0,0.08996366731935347,0.08985968517805556,-0.5502,-0.5262,-139.0,-0.0266,-3.124613721405517,83.21099812802014,13.628668525397046,9.166083285728607,4.462585239668439,147.08856150000025
2023-02-07,0,0,0,0,0,0,0,0,190.5745,2.9882789,-0.0347,-0.0445,1.356,177.0,0.2592627293498057,0.0922646469968301,0.00030000000000000165,0.017100000000000004,104.0,-0.009799999999999996,0.0024049618187745314,84.65367784458377,15.03770023251073,10.340406675085031,4.697293557425699,150.00406700000025
2023-02-08,0,1,0,0,0,0,0,0,182.42917,-4.274088,-0.0112,-0.0102,1.485,183.0,0.397843474988311,0.2268521192062165,0.0235,0.0343,6.0,0.0009999999999999992,0.1345874722093864,74.49851653498297,15.320502735434445,11.336425887154913,3.984076848279532,152.51727800000026
2023-02-09,0,0,0,1,0,0,0,0,176.94925,-3.0038655,-0.0728,-0.0517,1.774,109.0,0.7396624168917977,-0.11690262788314607,-0.0616,-0.0415,-74.0,0.0211,-0.3437547470893626,68.5412979305792,14.930334408831243,12.055207591490179,2.875126817341064,154.56653550000027
2023-02-10,0,1,0,1,1,0,0,0,173.19981,-2.1189332,-0.0408,-0.0336,1.038,157.0,-0.17724588906591654,0.06641269272533724,0.032,0.018100000000000005,48.0,0.007200000000000005,0.18331532060848332,64.72746732441985,14.155400085608449,12.475246090313833,1.6801539952946154,156.41489600000028
2023-02-13,0,0,0,0,0,0,0,0,178.45102,3.0318737,-0.0088,-0.0187,1.837,75.0,0.7884966303199822,0.24929722703138563,0.032,0.014899999999999997,-82.0,-0.0099,0.1828845343060484,67.45848496575067,13.80584265190845,12.741365402632756,1.0644772492756935,158.52581700000027
2023-02-14,0,0,0,0,0,0,0,0,178.50072,0.027871132,-0.0129,-0.0177,1.157,179.0,-0.06849333876137309,0.22493563582023368,-0.0040999999999999995,0.0010000000000000009,104.0,-0.0048000000000000004,-0.024361591211151945,67.48414544238976,13.378605999842534,12.868813522074712,0.5097924777678227,160.7197790000003
2023-02-15,0,0,0,0,0,0,0,0,176.19337,-1.2926161,-0.0028,-0.0028,0.883,134.0,-0.41639327299366075,0.2803533836861947,0.0101,0.0149,-45.0,0.0,0.05541774786596104,64.92451403714027,12.707351574436558,12.83652113254708,-0.12916955811052233,162.9147365000003
2023-02-16,0,1,0,0,0,0,0,0,171.49915,-2.664256,-0.0032,0.024,0.928,142.0,-0.3809938728499776,0.27789387434970503,-0.0004000000000000002,0.0268,8.0,0.027200000000000002,-0.002459509336489696,59.943133023087,11.662159171916926,12.60164874042105,-0.9394895685041238,164.7193370000003
2023-02-17,0,1,0,0,0,0,0,0,171.93675,0.25516748,-0.0086,-0.0088,1.479,180.0,0.2963276894405084,0.24751697632537303,-0.0054,-0.0328,38.0,-0.00020000000000000052,-0.030376898024331994,60.24931822176454,10.74528239875292,12.230375472087424,-1.4850930733345038,166.3856950000003
2023-02-20,0,0,0,0,0,0,0,0,171.93675,0.0,-0.0003,-0.0001,2.581,409.0,1.6557543438659517,0.29000679046299216,0.0083,0.008700000000000001,229.0,0.00019999999999999998,0.042489814137619125,60.24931822176455,9.904478289877943,11.765196035645527,-1.8607177457675839,167.85811700000028
2023-02-21,0,0,0,0,0,0,0,0,171.14111,-0.46275258,-0.0168,-0.0176,1.718,254.0,0.5405733064277871,0.14858839502709387,-0.016499999999999997,-0.0175,-155.0,-0.0008000000000000021,-0.1414183954358983,59.29361336362041,9.069387226914614,11.226034273899344,-2.1566470469847303,169.2972225000003
2023-02-22,0,0,0,0,0,0,0,0,170.18636,-0.5578816,-0.0191,-0.0085,2.026,214.0,0.9025063985345736,0.12032065303489653,-0.0023,0.0091,-40.0,0.010599999999999998,-0.028267741992197337,58.10257761195017,8.235596368730626,10.627946692865601,-2.3923503241349753,170.7701430000003
2023-02-23,0,1,1,0,0,0,0,0,171.10132,0.5376339,-0.0191,-0.2476,1.262,266.0,-0.07983773159925855,0.11946525855393669,0.0,-0.23909999999999998,52.0,-0.22849999999999998,-0.0008553944809598368,58.953500357395875,7.561476734897269,10.014652701271935,-2.4531759663746655,172.0003940000003
2023-02-24,0,0,0,0,0,0,0,0,169.46034,-0.9590745,0.0016,-0.0057,0.776,154.0,-0.6999272983384127,0.25177210860208327,0.0207,0.24189999999999998,-112.0,-0.0073,0.13230685004814657,56.728204651522184,6.816245264117299,9.374971213841008,-2.5587259497237085,172.92780600000032
2023-02-27,0,0,0,0,0,0,0,0,168.61497,-0.49886107,-0.0029,-0.0046,1.25,61.0,-0.08697418939952002,0.2219905681883554,-0.0045,0.0011000000000000003,-93.0,-0.0017000000000000001,-0.029781540413727853,55.5646023506823,6.087259521892349,8.717428875451276,-2.6301693535589266,174.04567300000033
2023-02-28,0,0,0,0,0,0,0,0,173.9855,3.1850934,-0.0015,-0.0033,1.195,227.0,-0.13596630409226054,0.23081864184229176,0.0013999999999999998,0.0013,166.0,-0.0018,0.008828073653936341,61.03297144893217,5.875164715056371,8.148976043372295,-2.273811328315924,175.3370880000003
2023-03-01,0,0,0,0,0,0,0,0,172.47379,-0.8688688,0.0035,0.0035,0.669,142.0,-0.7952544378112103,0.25992611996616644,0.005,0.0068000000000000005,-85.0,0.0,0.02910747812387468,58.83803021686119,5.521447875340925,7.623470409766021,-2.102022534425096,176.34655000000032
2023-03-02,0,0,0,0,0,0,0,0,173.57774,0.64007044,-0.0052,-0.0127,0.305,147.0,-1.23454444094208,0.2013566135444578,-0.0087,-0.0162,5.0,-0.0075,-0.058569506421708634,59.970189464001145,5.26946120177081,7.152668568166979,-1.883207366396169,175.63843500000033
2023-03-03,0,0,0,0,0,0,0,0,184.23926,6.142211,-0.0076,-0.0087,0.99,124.0,-0.384949177119035,0.1855957315350417,-0.0024000000000000002,0.004,-23.0,-0.0010999999999999994,-0.01576088200941611,68.87421006596765,5.862476529295407,6.894630160392664,-1.0321536310972572,175.5747855000003
2023-03-06,0,0,0,0,0,0,0,0,183.89117,-0.1889348,-0.0037,-0.0037,1.206,58.0,-0.12277198538511348,0.2118690552995271,0.0039,0.004999999999999999,-66.0,0.0,0.026273323764485407,68.33972820211207,6.232512965056316,6.762206721325394,-0.5296937562690784,175.5171025000003
2023-03-07,0,1,1,0,0,0,0,0,183.50328,-0.21092296,-0.0125,-0.0763,1.983,254.0,0.8637083285484507,0.15407764466438426,-0.0088,-0.07260000000000001,196.0,-0.06380000000000001,-0.05779141063514284,67.70916946334323,6.420458970680301,6.693857171196376,-0.2733982005160751,175.1635415000003
2023-03-08,0,0,0,0,0,0,0,0,183.96078,0.24931431,-0.0187,-0.0327,0.903,198.0,-0.5269518373181744,0.10828037590368077,-0.006200000000000001,0.04360000000000001,-56.0,-0.013999999999999999,-0.04579726876070349,68.08322705560525,6.5310382175859445,6.661293380474289,-0.1302551628883446,175.2401220000003
2023-03-09,0,0,0,0,0,0,0,0,180.69868,-1.773262,-0.0056,-0.0142,0.705,187.0,-0.7734699858736194,0.1891284625221545,0.0131,0.0185,-11.0,-0.0086,0.08084808661847374,62.52185478362404,6.283022092311626,6.585639122841757,-0.302617030530131,175.42759350000028
2023-03-10,0,0,0,0,0,0,0,0,178.5306,-1.1998475,-0.0034,-0.0131,1.625,190.0,0.405810891446374,0.20282429410909925,0.0022,0.0011000000000000003,3.0,-0.0097,0.013695831586944734,59.06835504367135,5.844153822170057,6.437342062707417,-0.5931882405373603,175.69413300000028
2023-03-13,0,0,0,0,0,0,0,0,179.91298,0.77432394,-0.001,-0.0009,0.574,76.0,-0.9246345999404814,0.21599237653632336,0.0024,0.0122,-114.0,0.00010000000000000005,0.013168082427224115,60.56409537415139,5.543986444456095,6.258670939057152,-0.7146844946010571,175.7672310000003
2023-03-14,0,1,1,0,0,0,0,0,192.96141,7.2526336,-0.0025,-0.0384,2.856,194.0,1.9734940254378186,0.17334833988200915,-0.0015,-0.0375,118.0,-0.035899999999999994,-0.04264403665431421,71.24531995724566,6.28653363918778,6.264243479083278,0.02229016010450202,176.49026550000028
2023-03-15,0,1,1,0,0,0,0,0,196.67105,1.9224763,0.0144,-0.7498,2.001,619.0,0.8571130305550381,0.2881763024015865,0.0169,-0.7114,425.0,-0.7642,0.11482796251957733,73.44721918246913,7.092585673360077,6.429911917938638,0.662673755421439,177.5141495000003
2023-03-16,0,0,1,0,0,0,0,0,203.81186,3.6308408,-0.0226,-0.1381,0.763,180.0,-0.7309782419429882,0.029638505309707363,-0.037,0.6117,-439.0,-0.1155,-0.25853779709187913,77.08480213572844,8.212918000151916,6.786513134381293,1.426404865770623,179.12978500000025
2023-03-17,0,0,1,0,0,0,0,0,194.54272,-4.547888,-0.002,-0.0776,1.289,161.0,-0.037640409530184174,0.1364919608927471,0.0206,0.0605,-19.0,-0.0756,0.10685345558303973,64.69533785218321,8.257658165015584,7.080742140508152,1.1769160245074328,180.26008350000026
2023-03-20,0,0,0,0,0,0,0,0,196.73073,1.12468,-0.0019,-0.0201,0.508,62.0,-1.0773281893586242,0.11501566805750671,0.00010000000000000005,0.0575,-99.0,-0.0182,-0.021476292835240385,66.0811961872136,8.373148742444215,7.339223460895364,1.0339252815488509,181.49978250000026
2023-03-21,0,1,1,0,0,0,0,0,201.057,2.1990776,-0.0376,-0.126,1.176,104.0,-0.21717580101558404,-0.16102185574060252,-0.0357,-0.1059,42.0,-0.0884,-0.2760375237981092,68.69764805165127,8.71332787014535,7.614044342745361,1.0992835273999884,182.99557700000025
2023-03-22,0,1,1,0,0,0,0,0,198.7198,-1.1624515,-0.0663,-0.1698,1.093,153.0,-0.34210386159756245,-0.36971370171556356,-0.028699999999999996,-0.043800000000000006,49.0,-0.10350000000000001,-0.20869184597496104,65.74701500277916,8.694109490194421,7.8300573722351725,0.8640521179592486,184.42224900000025
2023-03-23,0,1,0,0,1,0,0,0,203.16542,2.2371292,-0.0081,-0.0311,0.686,178.0,-0.9064892442683746,0.058108642385896726,0.0582,0.13870000000000002,25.0,-0.023,0.4278223441014603,68.51695995818271,8.934610537353166,8.05096800525877,0.8836425320943952,186.02545400000025
2023-03-24,0,0,0,0,0,0,0,0,204.88599,0.8468747,0.0084,-0.0035,0.853,163.0,-0.7153691579993344,0.17809286387234172,0.0165,0.0276,-15.0,-0.011899999999999999,0.119984221486445,69.54350344304393,9.15847180749347,8.27246876570571,0.8860030417877596,187.79673650000024
2023-03-27,0,0,0,0,0,0,0,0,201.73329,-1.5387595,-0.0058,-0.0088,0.28,68.0,-1.4943906780616034,0.07209072177209545,-0.014199999999999999,-0.005300000000000001,-95.0,-0.003000000000000001,-0.10600214210024626,65.33942344831452,8.977994206520833,8.413573853868735,0.5644203526520979,189.45265250000023
2023-03-28,0,1,1,0,0,0,0,0,199.58507,-1.0648787,-0.0036,-0.0339,1.253,203.0,-0.16685879426249497,0.08742828573659461,0.0021999999999999997,-0.025099999999999997,135.0,-0.0303,0.01533756396449916,62.56405842622894,8.562913075200157,8.44344169813502,0.11947137706513722,190.73263100000023
2023-03-29,0,0,0,0,0,0,0,0,204.2296,2.3270965,-0.0519,-0.0423,0.308,158.0,-1.4326213212525287,-0.26861232279935915,-0.0483,-0.008399999999999998,-45.0,0.009600000000000004,-0.35604060853595376,65.93323242447639,8.510627823308454,8.456878923169707,0.053748900138746336,192.32042150000024
2023-03-30,0,1,0,0,0,0,0,0,206.70601,1.2125611,-0.0032,-0.0195,1.456,191.0,0.18259737169502305,-0.01259197168629037,0.0487,0.022799999999999997,33.0,-0.0163,0.25602035111306876,67.60720581876694,8.570224759025137,8.479548090340794,0.09067666868434365,193.97683500000022
2023-03-31,0,0,0,0,0,0,0,0,210.78363,1.9726753,-0.0165,-0.0115,0.227,177.0,-1.508481866569099,-0.1926824105450378,-0.013300000000000001,0.008,-14.0,0.005000000000000001,-0.18009043885874743,70.203488243073,8.84453136382848,8.55254474503833,0.2919866187901494,195.3040535000002
2023-04-03,0,0,0,0,1,0,0,0,211.90746,0.53317547,0.0013,0.0002,0.004,43.0,-1.738836768267937,0.028601580640270532,0.0178,0.0117,-134.0,-0.0010999999999999998,0.22128399118530834,70.89585611088128,9.048301822135073,8.651696160457679,0.39660566167739475,196.7048680000002
2023-04-04,0,0,0,0,0,0,0,0,213.54845,0.77439547,-0.0062,0.0025,0.01,72.0,-1.6566469012103868,-0.07037510753311087,-0.0075,0.0023,29.0,0.0087,-0.0989766881733814,71.92181625121144,9.235741676111644,8.768505263588471,0.4672364125231727,198.20712650000024
2023-04-05,0,1,0,0,0,0,0,0,210.32613,-1.5089452,-0.0595,-0.0562,1.038,94.0,-0.28673209183755355,-0.7249066858982185,-0.0533,-0.0587,22.0,0.0032999999999999974,-0.6545315783651077,66.93229590929323,9.020294477077755,8.818863106286328,0.20143137079142726,199.52539400000023
2023-04-06,0,1,0,0,0,0,0,0,214.92094,2.1846056,-0.0068,-0.0039,0.606,162.0,-0.8543321904820003,-0.06964892153373518,0.0527,0.0523,68.0,0.0029,0.6552577643644834,70.11591889673889,9.115238985218411,8.878138282072744,0.23710070314566778,201.23650700000024
2023-04-07,0,0,0,0,1,0,0,0,214.92094,0.0,0.003,0.0012,0.054,114.0,-1.5546126497183412,0.04885487833540082,0.0098,0.0050999999999999995,-48.0,-0.0018000000000000002,0.118503799869136,70.11591889673889,9.085748340767708,8.919660293811736,0.1660880469559718,203.05602400000024
2023-04-10,0,0,0,0,0,0,0,0,213.5783,-0.6247163,-0.0047,0.0004,0.013,39.0,-1.5660217669661716,-0.04729593188044615,-0.0077,-0.0007999999999999999,-75.0,0.0051,-0.09615081021584698,67.90051928326095,8.851996658183623,8.906127566686113,-0.054130908502489916,204.73929000000024
2023-04-11,0,0,0,0,0,0,0,0,212.68321,-0.41908622,-0.0119,-0.0009,0.299,73.0,-1.179632053036269,-0.136219711173564,-0.007200000000000001,-0.0013,34.0,0.011000000000000001,-0.08892377929311784,66.39440225768503,8.496577229854978,8.824217499319886,-0.3276402694649079,205.72538000000023
2023-04-12,0,0,0,0,0,0,0,0,212.83238,0.070142746,-0.0025,-0.0052,0.282,111.0,-1.1622309576123504,-0.01918685584866294,0.0094,-0.0043,38.0,-0.0026999999999999997,0.11703285532490104,66.52765349453713,8.133187224983772,8.686011444452664,-0.5528242194688922,206.53344650000022
2023-04-13,0,0,0,0,0,0,0,0,219.14775,2.967298,-0.0039,-0.0008,0.536,93.0,-0.8099745542599198,-0.03693987240176147,-0.0013999999999999998,0.004399999999999999,-18.0,0.0031,-0.01775301655309853,71.6524552214818,8.259584261338404,8.600726007829811,-0.3411417464914077,207.30024100000023
2023-04-14,0,0,0,0,1,0,0,0,220.28152,0.5173564,0.002,0.0066,0.672,141.0,-0.619468311373055,0.025040973124678286,0.0059,0.0074,48.0,0.0046,0.06198084552643976,72.467437905167,8.354930152940028,8.551566836851855,-0.19663668391182654,208.58718100000024
2023-04-17,0,0,0,0,0,0,0,0,217.66586,-1.1874139,-0.0156,0.0002,0.324,42.0,-1.0499132634815354,-0.19294664549836446,-0.017599999999999998,-0.0064,-99.0,0.015799999999999998,-0.21798761862304275,67.6362548204608,8.125761832651392,8.466405836011763,-0.3406440033603708,209.63393750000023
2023-04-18,0,1,1,0,0,0,0,0,216.70116,-0.44320822,-0.044,-0.0087,0.915,84.0,-0.2998574682735104,-0.5377132747198465,-0.028399999999999998,-0.0089,42.0,0.0353,-0.34476662922148205,65.89149511854556,7.77665660356314,8.328455989522038,-0.5517993859588977,210.41614550000023
2023-04-19,0,1,1,0,0,0,0,0,214.52312,-1.0050952,-0.0142,-0.1894,2.539,206.0,1.7310359564292968,-0.16371466488665115,0.029799999999999997,-0.18070000000000003,122.0,-0.17520000000000002,0.3739986098331954,62.002616874445415,7.240771462783869,8.110919084174403,-0.8701476213905348,211.20631150000023
2023-04-20,0,1,1,0,0,0,0,0,211.90746,-1.2192786,-0.1905,-0.1456,1.397,252.0,0.344608866333397,-2.2263711762272815,-0.1763,0.043800000000000006,46.0,0.044899999999999995,-2.0626565113406303,57.60558420466041,6.52974587997636,7.794684443334795,-1.2649385633584345,211.64341350000024
2023-04-21,0,0,1,0,0,0,0,0,211.72844,-0.08448362,-0.0776,-0.0427,1.035,189.0,-0.13298136620707585,-0.8577896481930329,0.1129,0.1029,-63.0,0.0349,1.3685815280342486,57.306044051692886,5.883980698232875,7.412543694314411,-1.5285629960815355,211.98553600000022
2023-04-24,0,0,0,0,0,0,0,0,211.62897,-0.04697442,-0.009,-0.0135,0.474,65.0,-0.8513292498350733,-0.04255315895932887,0.06860000000000001,0.029200000000000004,-124.0,-0.0045000000000000005,0.8152364892337041,57.128291050115976,5.303050476659109,6.990645050783351,-1.6875945741242413,212.4803200000002
2023-04-25,0,1,1,0,0,0,0,0,206.41757,-2.4625182,-0.0453,-0.0021,1.624,106.0,0.6514442973364505,-0.4802814040130332,-0.0363,0.0114,41.0,0.0432,-0.43772824505370433,48.619397999666255,4.371747875976979,6.466865615822076,-2.0951177398450973,212.8219450000002
2023-04-26,0,1,0,0,0,0,0,0,208.2575,0.8913517,-0.0082,-0.0029,2.281,221.0,1.537785995831701,-0.04940513001641398,0.0371,-0.0007999999999999999,115.0,0.005300000000000001,0.4308762739966192,51.37317832055219,3.739049395374451,5.921302371732551,-2.1822529763581002,213.0233400000002
2023-04-27,1,1,1,0,1,0,0,1,237.25838,13.925505,0.5561,0.166,3.84,272.0,3.603822030552618,5.306333129115402,0.5643,0.1689,51.0,-0.3901,5.355738259131816,74.53767085603373,5.514195720880991,5.839881041562239,-0.3256853206812478,214.5509585000002
2023-04-28,0,1,1,0,0,0,0,0,239.00879,0.73776245,0.4703,0.2423,1.274,273.0,0.2119315156447122,4.655961893931105,-0.08580000000000004,0.07629999999999998,1.0,-0.228,-0.6503712351842976,75.30241248541483,6.981773887920269,6.068259610833845,0.9135142770864242,215.9622165000002
2023-05-01,0,0,0,0,0,0,0,0,241.85316,1.1900783,0.0142,-0.0053,1.145,79.0,0.041757167458172526,0.1341008742429551,-0.4561,-0.2476,-194.0,-0.0195,-4.521861019688149,76.53567533830527,8.278922777903517,6.51039224424778,1.7685305336557375,217.45950150000016
2023-05-02,0,0,0,0,0,0,0,0,237.93466,-1.6201913,-0.0025,0.0055,1.297,154.0,0.24529404308332461,-0.036671367785967836,-0.0167,0.0108,75.0,0.008,-0.17077224202892294,71.25674939891461,8.888273927857284,6.985968580969681,1.9023053468876032,218.67881200000016
2023-05-03,0,0,0,0,0,0,0,0,235.73674,-0.92375875,-0.0223,-0.0088,1.569,86.0,0.6046563236008549,-0.23109046962136748,-0.0198,-0.0143,-68.0,0.0135,-0.19441910183539965,68.4066709176628,9.089062276933788,7.406587320162503,1.6824749567712853,219.94934250000014
2023-05-04,0,1,1,1,0,0,0,0,232.24586,-1.4808238,-0.2335,-0.2756,1.533,216.0,0.5643606087846318,-2.2094472224304154,-0.2112,-0.26680000000000004,130.0,-0.0421,-1.9783567528090478,64.02643166018224,8.864321270917571,7.698134110313516,1.1661871606040553,220.81558850000016
2023-05-05,0,0,1,0,0,0,0,0,231.5099,-0.31689405,-0.116,-0.0216,0.568,116.0,-0.7096342999712882,-1.0683258626953194,0.11750000000000001,0.254,-100.0,0.09440000000000001,1.141121359735096,63.10895642513843,8.528515169099563,7.864210322070726,0.6643048470288377,221.64503650000015
2023-05-08,0,0,0,0,0,0,0,0,231.99727,0.21049976,-0.012,-0.0099,0.885,61.0,-0.2694797713461128,-0.08529104866787164,0.10400000000000001,0.0117,-55.0,0.0020999999999999994,0.9830348140274477,63.482146053004406,8.207106682842124,7.932789594225005,0.2743170886171189,222.56598500000013
2023-05-09,0,0,0,0,0,0,0,0,232.09668,0.04286766,-0.0044,0.0071,1.926,165.0,1.0955217674177173,-0.014832953215139243,0.0076,0.017,104.0,0.0115,0.0704580954527324,63.563112644804555,7.869692778420017,7.920170231064008,-0.05047745264399062,223.5366585000001
2023-05-10,0,0,0,0,0,0,0,0,231.80829,-0.12426376,-0.003,-0.0012,1.556,255.0,0.5891029144398394,-0.0015746234510035087,0.0014000000000000002,-0.0083,90.0,0.0018000000000000002,0.013258329764135733,63.125849720528734,7.492648576625811,7.834665900176368,-0.34201732355055725,224.48545400000012
2023-05-11,0,0,0,0,0,0,0,0,234.50351,1.162684,-0.0437,-0.0261,1.147,126.0,0.04366411226035444,-0.379249506370157,-0.0407,-0.024900000000000002,-129.0,0.0176,-0.37767488291915347,65.51357512493693,7.326860571497889,7.733104834440672,-0.40624426294278315,225.25324200000014
2023-05-12,0,1,0,0,1,0,0,0,232.53429,-0.8397281,0.0007,-0.028,0.886,185.0,-0.2888075912902019,0.03824762679280281,0.0444,-0.001899999999999999,59.0,-0.0287,0.4174971331629598,62.33746051432456,6.956383922790849,7.577760652110707,-0.6213767293198584,225.8658805000001
2023-05-15,0,0,0,0,0,0,0,0,237.55675,2.1598697,-0.0198,-0.002,1.257,61.0,0.23960869431917242,-0.15209628824426988,-0.0205,0.026000000000000002,-124.0,0.017800000000000003,-0.19034391503707268,66.7632463625267,6.987501489498527,7.459708819588271,-0.472207330089744,226.86042500000008
2023-05-16,0,1,0,0,1,0,0,0,237.51697,-0.016742945,0.0208,0.0011,1.37,158.0,0.4043845628004359,0.22495481202408343,0.0406,0.0031000000000000003,97.0,-0.0197,0.3770511002683533,66.69639409753587,6.929078369517384,7.353582729574094,-0.42450436005670955,227.9012155000001
2023-05-17,0,0,0,0,0,0,0,0,241.16196,1.5346289,-0.0023,0.0025,1.447,148.0,0.5302618702331807,0.0044493588140117335,-0.0231,0.0014,-10.0,0.0048000000000000004,-0.2205054532100717,69.69116854108421,7.095109846802615,7.301888153019798,-0.20677830621718307,229.23315750000012
2023-05-18,0,1,1,0,0,0,0,0,245.50316,1.800108,-0.0556,-0.0111,1.453,149.0,0.5332185333030701,-0.4916784979143907,-0.0533,-0.013600000000000001,1.0,0.0445,-0.4961278567284024,72.82542000009458,7.490642088586725,7.339638940133183,0.15100314845354212,230.9129425000001
2023-05-19,0,1,0,0,1,0,0,0,244.29976,-0.49017668,-0.0004,-0.0128,1.353,192.0,0.38077406673504316,0.028372443549689798,0.0552,-0.0017000000000000001,43.0,-0.012400000000000001,0.5200509414640805,70.64455767297979,7.619170858205791,7.3955453237477045,0.22362553445808686,232.5415085000001
2023-05-22,0,0,1,0,0,0,0,0,246.96513,1.0910273,-0.7373,-0.8616,3.364,157.0,2.896547284379316,-5.070456856981794,-0.7369,-0.8488,-35.0,-0.12430000000000008,-5.0988293005314835,72.60161016550286,7.845663987016081,7.4855690564013795,0.3600949306147019,234.3083165000001
2023-05-23,0,1,1,0,0,0,0,0,245.39375,-0.6362736,-0.5641,-0.6747,2.685,244.0,1.9257356414842215,-3.3916887082373224,0.1731999999999999,0.18690000000000007,87.0,-0.11059999999999992,1.6787681487444717,69.6533600986448,7.8083543416450425,7.550126113450112,0.2582282281949304,236.25712550000011
2023-05-24,0,0,1,0,0,0,0,0,247.8503,1.00106,-0.0657,-0.3226,1.89,240.0,0.9060471108735886,-0.24856523418605023,0.49840000000000007,0.35209999999999997,-4.0,-0.2569,3.143123474051272,71.5953065124987,7.886103145509395,7.617321519861969,0.268781625647426,238.23676550000013
2023-05-25,0,0,1,0,0,0,0,0,251.31131,1.3964057,-0.0506,-0.3209,0.903,206.0,-0.3339448235652753,-0.14881856999372875,0.015099999999999995,0.0016999999999999793,-34.0,-0.27030000000000004,0.09974666419232148,74.10913223879211,8.133239295026954,7.720505074894966,0.4127342201319877,238.93941200000012
2023-05-26,0,0,1,0,1,0,0,0,260.61026,3.7001848,-0.0109,-0.0599,0.65,154.0,-0.6415556909481153,0.1012395941004769,0.0397,0.261,-52.0,-0.049,0.25005816409420567,79.38742088916119,8.975974576899375,7.971598975295848,1.0043756016035275,240.01948550000014
2023-05-29,0,0,1,0,0,0,0,0,260.61026,0.0,-0.0088,-0.0407,0.181,57.0,-1.1907183657975344,0.11499169722934283,0.0020999999999999994,0.019200000000000002,-97.0,-0.0319,0.01375210312886592,79.38742088916119,9.533946953558399,8.284068570948358,1.2498783826100404,240.95734050000019
2023-05-30,0,1,0,0,0,0,0,0,261.08768,0.18316507,-0.0359,-0.0072,0.232,62.0,-1.090658796074676,-0.05303210030361085,-0.0271,0.0335,5.0,0.028700000000000003,-0.16802379753295368,79.63463586295143,9.900540616712249,8.607362980101136,1.2931776366111123,242.11499150000017
2023-05-31,0,1,0,0,1,0,0,0,263.27567,0.8380413,-0.0013,-0.0103,0.317,92.0,-0.9666870398818396,0.16277500816779716,0.0346,-0.0031000000000000003,30.0,-0.009000000000000001,0.21580710847140802,80.77275791697626,10.249471713294753,8.93578472673986,1.3136869865548935,243.49193800000018
2023-06-01,0,1,0,0,0,0,0,0,271.1226,2.9805064,-0.0226,-0.0091,1.927,163.0,0.9699377768973074,0.030593062331824596,-0.0213,0.0011999999999999997,71.0,0.013499999999999998,-0.13218194583597256,84.1860674284506,11.032013607046906,9.355030502801268,1.6769831042456378,245.43577500000015
2023-06-02,0,0,0,0,0,0,0,0,271.1226,0.0,-0.0038,-0.0059,1.344,340.0,0.2681915166227724,0.14889837327548902,0.018799999999999997,0.0032000000000000006,177.0,-0.0021,0.11830531094366442,84.1860674284506,11.51939527757014,9.787903457755043,1.7314918198150977,247.41641000000013
2023-06-05,0,0,0,0,0,0,0,0,269.90927,-0.44751763,-0.0017,0.0094,1.241,75.0,0.12971842464392438,0.16218400147058581,0.0021000000000000003,0.015300000000000001,-265.0,0.0111,0.013285628195096794,81.58867783586608,11.67318199632686,10.164959165469407,1.508222830857454,249.31201000000016
2023-06-06,0,0,0,0,0,0,0,0,269.64072,-0.09949207,-0.0049,0.001,0.857,151.0,-0.31073075221010976,0.1423109314710714,-0.0031999999999999997,-0.008400000000000001,76.0,0.0059,-0.01987306999951441,80.99304925736014,11.63921965921233,10.459811264217992,1.1794083949943381,251.18921200000017
2023-06-07,0,0,0,0,0,0,0,0,262.16177,-2.7736783,-0.006,0.0018,0.791,133.0,-0.372745253440198,0.13758989482860287,-0.0011000000000000003,0.0007999999999999999,-18.0,0.0078,-0.004721036642468535,66.44490845348096,10.88335891464439,10.54452079430327,0.33883812034111926,252.70688600000017
2023-06-08,0,0,0,0,0,0,0,0,263.1364,0.3717661,-0.0045,-0.0077,2.083,260.0,1.242415789162724,0.14510682992674567,0.0015000000000000005,-0.0095,127.0,-0.0032000000000000006,0.007516935098142802,67.26997672967741,10.244881705485483,10.484592976539712,-0.2397112710542295,254.1385305000002
2023-06-09,0,0,0,0,0,0,0,0,263.5044,0.13985634,-0.0007,-0.0005,1.74,275.0,0.7939004814758274,0.1688784239056742,0.0037999999999999996,0.0072,15.0,0.00019999999999999998,0.02377159397892853,67.59398036162814,9.657255610497941,10.319125503331358,-0.6618698928334172,255.6870360000002
2023-06-12,0,0,0,0,0,0,0,0,269.57108,2.3023129,-0.001,0.0012,0.497,79.0,-0.774347447570467,0.16689367842802066,-0.00030000000000000003,0.0017,-196.0,0.0021999999999999997,-0.001984745477653538,72.437965375167,9.570762281257004,10.169452858916488,-0.5986905776594842,257.28775250000024
2023-06-13,0,0,0,0,0,0,0,0,269.83966,0.0996232,-0.0067,-0.0014,0.71,111.0,-0.49478033241251773,0.1277732672692071,-0.0057,-0.0026,32.0,0.0053,-0.03912041115881357,72.63299992777588,9.415353521523997,10.01863299143799,-0.6032794699139927,258.9038870000002
2023-06-14,0,0,0,0,0,0,0,0,271.85855,0.74819326,-0.0029,0.0096,0.799,144.0,-0.37608800912009005,0.14508352739669286,0.0038000000000000004,0.011,33.0,0.012499999999999999,0.017310260127485766,74.11572283355714,9.347348099835472,9.884376013117485,-0.5370279132820137,260.43871650000017
2023-06-15,0,0,0,0,0,0,0,0,280.29227,3.102243,-0.0227,-0.0302,0.702,107.0,-0.49849788163508696,0.02199927646977209,-0.0198,-0.0398,-37.0,-0.0075,-0.12308425092692077,79.1883272598873,9.860320397944633,9.879564890082914,-0.019244492138280833,262.1781720000002
2023-06-16,0,0,0,0,0,0,0,0,279.46683,-0.2945006,-0.0035,-0.0149,1.772,169.0,0.823928701854378,0.1441351920413279,0.019200000000000002,0.015300000000000001,62.0,-0.0114,0.12213591557155581,77.5857176162037,10.084006381956726,9.920453188457676,0.16355319349904995,263.9365255000002
2023-06-19,0,0,0,0,0,0,0,0,279.46683,0.0,-0.0032,-0.008,0.097,61.0,-1.262819805049779,0.14574558336488955,0.0002999999999999999,0.0069,-108.0,-0.0048000000000000004,0.0016103913235616385,77.5857176162037,10.144341481886897,9.96523084714352,0.17911063474337752,265.56161050000026
2023-06-20,0,0,0,0,0,0,0,0,282.77863,1.1850476,-0.0023,-0.0043,0.809,108.0,-0.36619748755490217,0.1512722214646399,0.0009000000000000002,0.0037,47.0,-0.002,0.005526638099750347,79.51481613230426,10.340196714232377,10.040224020561292,0.29997269367108537,267.43085450000024
2023-06-21,0,0,0,0,0,0,0,0,280.10336,-0.9460747,-0.0011,-0.001,0.288,119.0,-1.0138913212705725,0.15349977547463983,0.0012,0.0033,11.0,0.00010000000000000005,0.002227554009999938,73.97609889422768,10.162395694397787,10.064658355328591,0.09773733906919624,269.0435075000002
2023-06-22,0,0,0,0,0,0,0,0,283.32568,1.1504054,-0.004,-0.0003,3.079,229.0,2.3143916288601023,0.1353277662794508,-0.0029,0.0007000000000000001,110.0,0.0037,-0.01817200919518902,76.13261043941992,10.164333292027152,10.084593342668303,0.07973994935884932,270.64422600000023
2023-06-23,0,0,0,0,0,0,0,0,287.15463,1.3514519,-0.0123,-0.0037,2.664,537.0,1.7436527059382865,0.08262951876931879,-0.0083,-0.0034000000000000002,308.0,0.0086,-0.052698247510132024,78.42088784108977,10.355461799662407,10.138767034067124,0.21669476559528356,271.9714445000002
2023-06-26,0,0,0,0,0,0,0,0,276.95065,-3.5534978,0.0046,-0.0017,1.008,80.0,-0.21262052560591116,0.18866674821846938,0.0169,0.002,-457.0,-0.0063,0.10603722944915059,61.499073985965566,9.573202689693801,10.02565416519246,-0.45245147549865905,272.78846400000015
2023-06-27,0,0,0,0,0,0,0,0,285.48383,3.081119,0.0034,-0.0039,1.74,198.0,0.6300014080320144,0.18007755594792219,-0.0012000000000000001,-0.0021999999999999997,118.0,-0.007299999999999999,-0.008589192270547191,67.76359358625629,9.531934809351583,9.926910294024285,-0.3949754846727025,274.0082715000002
2023-06-28,0,0,0,0,0,0,0,0,283.73343,-0.61312914,0.0067,-0.0006,1.083,209.0,-0.1609601292286108,0.19391886703162253,0.0033000000000000004,0.0033,11.0,-0.0073,0.013841311083700347,65.41240327200819,9.251343338321647,9.791796902883757,-0.5404535645621102,275.0311595000002
2023-06-29,0,0,0,0,0,0,0,0,279.99393,-1.31796,-0.0091,-0.0006,1.462,120.0,0.2788150841532881,0.09470619736587584,-0.0158,0.0,-89.0,0.0085,-0.0992126696657467,60.576718167321076,8.627770609300228,9.558991644167051,-0.9312210348668231,275.4747260000002
2023-06-30,0,0,0,0,0,0,0,0,285.4142,1.9358516,-0.0009,-0.0011,1.518,213.0,0.3223508014695082,0.14674292786523574,0.0082,-0.0005000000000000001,93.0,-0.0002000000000000001,0.052036730499359904,64.65534287751376,8.473280515516421,9.341849418436926,-0.8685689029205044,276.1893060000002
2023-07-03,0,0,0,0,0,0,0,0,284.45944,-0.3345251,-0.0023,-0.0023,1.011,75.0,-0.32700494332465546,0.13767313579802354,-0.0014,-0.0012,-138.0,0.0,-0.009069792067212201,63.410877796512324,8.17951647605031,9.109382829959603,-0.9298663539092935,276.9168145000002
2023-07-04,0,0,0,0,0,0,0,0,284.45944,0.0,-0.0035,-0.0004,3.316,382.0,2.4001998284432484,0.12922578834415546,-0.0012000000000000001,0.0019,307.0,0.0031,-0.008447347453868076,63.410877796512324,7.856145602097627,8.858735384387208,-1.002589782289581,277.65775050000013
2023-07-05,0,0,0,0,0,0,0,0,292.76392,2.919376,-0.0093,-0.0064,2.869,353.0,1.7840551873761201,0.09343890744249492,-0.0058,-0.006,-29.0,0.002899999999999999,-0.035786880901660545,69.3600202033395,8.17572926948975,8.722134161407716,-0.546404891917966,279.1878580000002
2023-07-06,0,0,0,0,0,0,0,0,290.39688,-0.8085072,0.0024,-0.0004,4.0,1049.0,2.858161814113784,0.16641309462374704,0.011699999999999999,0.006,696.0,-0.0028,0.07297418718125212,66.06287783759954,8.144120926056303,8.606531514337433,-0.4624105882811307,280.5508820000002
2023-07-07,0,0,1,0,0,0,0,0,288.94482,-0.50001144,-0.0524,-0.0195,2.726,907.0,1.3917122600926748,-0.17280791634332568,-0.0548,-0.0191,-142.0,0.0329,-0.3392210109670727,64.05137524766093,7.9107122133827374,8.467367654146495,-0.5566554407637572,281.82290300000017
2023-07-10,0,0,0,0,1,0,0,0,292.49533,1.2287855,-0.0203,-0.0028,2.194,205.0,0.7802428387482389,0.02973037741769021,0.032100000000000004,0.0167,-702.0,0.017499999999999998,0.2025382937610159,66.71971431477225,7.920923139768092,8.358078751270813,-0.4371556115027211,282.96911550000016
2023-07-11,0,0,0,0,0,0,0,0,296.66248,1.4246821,-0.011,-0.0023,1.71,451.0,0.23087962093911202,0.08481123057978045,0.0093,0.0005,246.0,0.0087,0.055080853162090236,69.57423573846819,8.171078445172327,8.320678690051116,-0.14960024487878876,284.3102565000002
2023-07-12,0,0,0,0,0,0,0,0,307.6522,3.7044406,-0.0032,-0.0021,1.249,339.0,-0.2595995393489562,0.13274084671616923,0.0078,0.0002000000000000001,-112.0,0.0011000000000000003,0.047929616136388783,75.53413604134393,9.150624186498476,8.486667789340588,0.6639563971578877,286.0999390000002
2023-07-13,0,0,0,0,0,0,0,0,311.69998,1.315701,-0.0079,0.0023,0.901,321.0,-0.638500091447018,0.08480259416496885,-0.004700000000000001,0.004399999999999999,-18.0,0.0102,-0.04793825255120038,77.29804329487241,10.13669376518419,8.816672984509308,1.3200207806748825,287.6703245000002
2023-07-14,0,0,0,0,0,0,0,0,307.18478,-1.4485836,0.0084,-0.0083,0.46,168.0,-1.1110901330278138,0.17941163474046745,0.016300000000000002,-0.0106,-153.0,-0.0167,0.0946090405754986,71.13698367720413,10.433550628653848,9.140048513338217,1.293502115315631,289.05622200000016
2023-07-17,0,0,0,0,0,0,0,0,308.9252,0.5665779,-0.0127,-0.0115,1.09,108.0,-0.4280539252034212,0.0456276408879821,-0.0211,-0.0031999999999999997,-60.0,0.0011999999999999997,-0.13378399385248535,72.06137054115688,10.686066853552802,9.449252181381134,1.2368146721716684,290.52914050000015
2023-07-18,0,1,1,0,0,0,0,0,310.3474,0.46036243,-0.0381,0.0078,1.323,232.0,-0.161925810939537,-0.11667309967729246,-0.025400000000000002,0.019299999999999998,124.0,0.0459,-0.16230074056527455,72.8272097188364,10.875580512906083,9.734517847686124,1.141062665219959,291.9075790000001
2023-07-19,0,1,0,0,1,0,0,0,314.28583,1.2690306,-0.0008,-0.0017,1.765,349.0,0.34402069148043424,0.11975903987770789,0.0373,-0.0095,117.0,-0.0008999999999999999,0.23643213955500036,74.88067597157603,11.214298388320685,10.030473955813036,1.1838244325076488,293.6167025000001
2023-07-20,0,0,0,0,0,0,0,0,300.8694,-4.268861,0.0029,-0.0012,0.323,246.0,-1.276743069732282,0.23016630323719017,0.0036999999999999997,0.0005,-103.0,-0.0040999999999999995,0.11040726335948228,58.627060699207554,10.28162084469028,10.080703333588485,0.200917511101796,294.4938885000001
2023-07-21,0,0,0,0,0,0,0,0,292.65448,-2.7303934,-0.0033,-0.0072,0.533,149.0,-1.0046442441063643,0.2753327229098977,-0.0062,-0.006,-97.0,-0.0039,0.045166419672707514,51.286424590920035,8.77839985358736,9.82024263758826,-1.0418427840009006,294.7688810000001
2023-07-24,0,0,0,0,0,0,0,0,290.01895,-0.90057254,0.015,-0.0015,0.329,78.0,-1.2134694729536317,0.4258558446867364,0.0183,0.0057,-71.0,-0.0165,0.1505231217768387,49.15978047688591,7.2903821556738535,9.314270541205378,-2.0238883855315244,295.4222960000001
2023-07-25,0,0,0,0,0,0,0,0,292.8633,0.9807706,-0.0018,-0.0017,0.978,172.0,-0.4533661360254224,0.2874539653254505,-0.0168,-0.00019999999999999987,94.0,0.00010000000000000005,-0.1384018793612859,51.49731447126108,6.268374760947609,8.705091385153825,-2.436716624206216,295.7912695000001
2023-07-26,0,1,1,0,0,0,0,0,296.94098,1.3923287,-0.1191,-0.0774,1.901,222.0,0.6078703896061122,-0.6624153580004001,-0.1173,-0.0757,50.0,0.0417,-0.9498693233258506,54.71206879604106,5.721507260681221,8.108374560259303,-2.386867299578082,296.4516470000001
2023-07-27,1,1,1,0,1,0,0,1,310.00925,4.4009686,0.414,0.1883,2.515,286.0,1.2802457314685505,3.331068382970368,0.5331,0.2657,64.0,-0.22569999999999998,3.993483740970768,63.14325407938687,6.270330532430535,7.74076575469355,-1.4704352222630153,297.9524130000001
2023-07-28,0,1,1,0,0,0,1,0,323.70416,4.4175744,0.2254,-0.0672,0.964,367.0,-0.49697106667312946,1.8183695421271968,-0.1886,-0.2555,81.0,-0.29259999999999997,-1.5126988408431712,69.54246798877823,7.721334970041198,7.73687959776308,-0.01554462772188181,299.86691100000013
2023-07-31,0,0,0,0,0,0,0,0,316.86166,-2.1138012,0.0068,-0.0073,0.176,72.0,-1.3676620426110213,0.2083408113509734,-0.2186,0.059899999999999995,-295.0,-0.0141,-1.6100287307762233,63.60074814938792,8.224328931473565,7.834369464505177,0.3899594669683877,301.48702200000014
2023-08-01,0,0,0,0,0,0,0,0,320.94922,1.2900114,0.0058,-0.0032,1.057,155.0,-0.35626836796557204,0.1996977445566082,-0.001,0.0040999999999999995,83.0,-0.009,-0.008643066794365217,65.49723563445995,8.850761135655944,8.03764779873533,0.8131133369206136,303.31151100000017
2023-08-02,0,0,0,0,0,0,0,0,312.5951,-2.6029527,0.0037,0.0018,0.606,288.0,-0.8442619594510667,0.18341676426871753,-0.0020999999999999994,0.005,133.0,-0.0019000000000000002,-0.016280980287890656,58.7589028728395,8.574266695791323,8.144971578146528,0.429295117644795,304.3030700000001
2023-08-03,0,0,0,0,0,0,0,0,311.4812,-0.35633445,-0.0032,0.0006,0.624,253.0,-0.8099449521941099,0.12775697576839792,-0.0069,-0.0012000000000000001,-35.0,0.0038,-0.05565978850031961,57.90351208690937,8.171069437255937,8.15019114996841,0.02087828728752683,305.3572860000001
2023-08-04,0,0,0,0,0,0,0,0,309.0346,-0.78546405,-0.0049,-0.0067,0.089,177.0,-1.3746801206857253,0.11595883375267471,-0.0016999999999999997,-0.0073,-76.0,-0.0018000000000000004,-0.011798142015723212,55.97601247982872,7.566886178434686,8.033530155661666,-0.4666439772269797,306.36177500000014
2023-08-07,0,0,0,0,0,0,0,0,314.83282,1.8762231,0.0,0.0044,1.39,237.0,0.05973294370722327,0.14952321425332485,0.0049,0.0111,60.0,0.0044,0.03356438050065014,59.42333665711528,7.469826973621025,7.920789519253537,-0.45096254563251215,307.47864950000013
2023-08-08,0,0,0,0,0,0,0,0,310.93417,-1.2383044,-0.019,-0.016,1.015,202.0,-0.34754717207252667,0.014771630150682507,-0.019,-0.0204,-35.0,0.002999999999999999,-0.13475158410264235,56.23472543917728,6.9976537849651095,7.736162372395851,-0.7385085874307418,308.1922340000001
2023-08-09,0,1,1,0,0,0,0,0,303.54477,-2.3765445,-0.0516,-0.0087,1.159,210.0,-0.18334570878250522,-0.2189086432356531,-0.032600000000000004,0.007300000000000001,8.0,0.0429,-0.2336802733863356,50.68347834019018,5.958504377500049,7.380630773416691,-1.4221263959166421,307.9868625000001
2023-08-10,0,0,0,0,1,0,0,0,304.07187,0.17365217,-0.0097,-0.0031,0.026,144.0,-1.3838147044242495,0.08361000875385505,0.0419,0.005599999999999999,-66.0,0.0066,0.3025186519895081,51.054642478824064,5.118500660796656,6.928204750892684,-1.8097040900960284,307.60545700000006
2023-08-11,0,0,0,0,0,0,0,0,299.99426,-1.3410032,-0.0057,-0.0001,0.997,98.0,-0.32356791330584855,0.11369703420423702,0.004,0.003,-46.0,0.0056,0.03008702545038197,48.04236286406408,4.07676816866956,6.357917434448059,-2.2811492657784997,307.2459310000001
2023-08-14,0,0,0,0,0,0,0,0,304.5194,1.5084147,-0.0001,-0.0031,0.86,200.0,-0.4458678033121927,0.08931308064786152,0.0056,-0.003,102.0,-0.003,-0.0243839535563755,51.46474409204804,3.5751169207788394,5.8013573317142155,-2.226240410935376,307.0256410000001
2023-08-15,0,0,0,0,0,0,0,0,300.30252,-1.384759,0.0008,-0.0013,0.0,155.0,-1.3779911908717042,0.0038285432307404612,0.0009000000000000001,0.0018,-45.0,-0.0021,-0.08548453741712106,48.273695310785946,2.8049539553854856,5.20207665644847,-2.397122701062984,306.52339700000016
2023-08-16,0,0,0,0,0,0,0,0,292.68433,-2.5368452,-0.0063,0.0018,0.115,170.0,-1.204209331037915,-0.1202853411155562,-0.0071,0.0031,15.0,0.0081,-0.12411388434629665,43.07713814206827,1.561865775030185,4.474034480164812,-2.9121687051346274,305.4433220000002
2023-08-17,0,0,0,0,0,0,0,0,283.53452,-3.1261742,-0.0051,0.0002,0.299,93.0,-0.9773400424596496,-0.11412627006850046,0.0011999999999999997,-0.0015999999999999999,-77.0,0.0053,0.006159071047055736,37.812319211992815,-0.15976212439386472,3.547275159253077,-3.7070372836469416,304.5765780000002
2023-08-18,0,0,0,0,0,0,0,0,281.70456,-0.645411,-0.007,-0.0089,0.326,155.0,-0.9365661827321642,-0.14447072389641946,-0.0018999999999999998,-0.0091,62.0,-0.0018999999999999998,-0.030344453827919005,36.842480178581596,-1.6527749558583196,2.5072651362307976,-4.160040092089117,304.0290820000002
2023-08-21,0,0,0,0,0,0,0,0,288.3183,2.3477435,-0.0322,-0.0369,0.847,108.0,-0.3700942805589889,-0.5262171795529755,-0.0252,-0.028000000000000004,-47.0,-0.004700000000000003,-0.38174645565655607,42.57514386369785,-2.276087516625523,1.5505946056595334,-3.8266821222850567,303.94404950000023
2023-08-22,0,1,1,0,0,0,0,0,286.03082,-0.7933736,-0.0675,-0.012,1.593,235.0,0.44955541118916215,-1.0545701793759397,-0.035300000000000005,0.024900000000000002,127.0,0.05550000000000001,-0.5283529998229641,41.18281354048302,-2.9209765312821787,0.656280378271191,-3.5772569095533697,303.6024255000002
2023-08-23,0,1,0,0,0,0,0,0,292.63458,2.308762,-0.0366,-0.0103,0.922,331.0,-0.32761736752686926,-0.5713250619258692,0.030900000000000004,0.0017000000000000001,96.0,0.0263,0.4832451174500705,46.61102093938743,-2.8661483059415787,-0.04820535857136299,-2.8179429473702156,303.3871055000002
2023-08-24,0,0,0,0,0,0,0,0,285.1855,-2.5455356,-0.0174,-0.0008,0.358,164.0,-0.9424092933846123,-0.2799101235396234,0.019200000000000002,0.0095,-167.0,0.0166,0.29141493838624577,41.91220204785505,-3.384757664367669,-0.7155158197306242,-2.6692418446370447,302.14591800000017
2023-08-25,0,0,0,0,0,0,0,0,283.9423,-0.43591857,-0.0028,0.0049,0.892,219.0,-0.32261289792137743,-0.057376688629929416,0.014599999999999998,0.0057,55.0,0.0077,0.222533434909694,41.166328387009436,-3.8516754504352093,-1.342747745871541,-2.508927704563668,300.1578250000001
2023-08-28,0,0,0,0,0,0,0,0,288.67633,1.6672492,-0.0047,-0.0085,0.01,41.0,-1.2889053515544997,-0.08560304920709949,-0.0019000000000000002,-0.0134,-178.0,-0.0038000000000000004,-0.028226360577170075,45.16793233405311,-3.7959570725629987,-1.8333896112098327,-1.962567461353166,298.7485585000002
2023-08-29,0,0,0,0,1,0,0,0,296.36414,2.6631236,0.0024,-0.0058,0.783,106.0,-0.4160902750360575,0.020880748753187198,0.0071,0.002700000000000001,65.0,-0.008199999999999999,0.10648379796028669,50.99685655946345,-3.0957717101552475,-2.0858660309989157,-1.009905679156332,297.51930450000015
2023-08-30,0,0,0,0,0,0,0,0,293.4899,-0.9698272,0.0012,-0.0007,0.338,248.0,-0.9037257393172048,0.0007376392298772592,-0.0012,0.0050999999999999995,142.0,-0.0018999999999999998,-0.02014310952330994,48.903705254114485,-2.741198087640271,-2.216932442327187,-0.5242656453130841,296.56404450000014
2023-08-31,0,0,0,0,0,0,0,0,294.2756,0.2677083,-0.0057,-0.0031,0.141,105.0,-1.0873824520084419,-0.1042584070839766,-0.0069,-0.0024,-143.0,0.0026000000000000003,-0.10499604631385386,49.513732020916464,-2.3694825932180947,-2.2474424725053685,-0.12204012071272619,295.70376450000015
2023-09-01,0,0,0,0,1,0,0,0,294.7629,0.16559362,0.0031,-0.0022,0.665,94.0,-0.481894277842102,0.029072284399514297,0.0088,0.0008999999999999998,-11.0,-0.0053,0.1333306914834909,49.913131691989015,-2.0123769198876857,-2.200429361981832,0.18805244209414607,294.9901795000001
2023-09-04,0,0,0,0,0,0,0,0,294.7629,0.0,-0.0027,0.0068,0.131,72.0,-1.067661922131998,-0.059008161012372856,-0.0058,0.009,-22.0,0.0095,-0.08808044541188716,49.913131691989015,-1.709660202379382,-2.102275530061342,0.39261532768195995,293.98668350000014
2023-09-05,0,0,0,0,0,0,0,0,298.51236,1.2720108,-0.0026,-0.005,0.559,99.0,-0.586743855437589,-0.05853044698259163,0.00010000000000000026,-0.0118,27.0,-0.0024000000000000002,0.00047771402978122324,53.21587361420879,-1.1539034555865442,-1.9126011151663824,0.7586976595798383,293.3655930000001
2023-09-06,0,0,0,0,0,0,0,0,297.53772,-0.32649636,-0.0055,-0.0019,1.514,188.0,0.46293665978191534,-0.1021237233504742,-0.0029,0.0031000000000000003,89.0,0.0036,-0.04359327636788257,52.2513595916979,-0.7830806658703295,-1.6866970253071718,0.9036163594368423,293.06524050000013
2023-09-07,0,0,0,0,0,0,0,0,297.04047,-0.16713142,-0.0414,-0.0173,0.218,137.0,-0.9636153043112344,-0.6436787656093442,-0.0359,-0.015399999999999999,-51.0,0.0241,-0.54155504225887,51.73615850271979,-0.5232926606411752,-1.4540161523739725,0.9307234917327973,292.71367050000015
2023-09-08,0,0,0,0,0,0,0,0,296.26465,-0.26115775,-0.0072,-0.0142,0.042,86.0,-1.1195516557002423,-0.12206163457092944,0.0342,0.0030999999999999986,-51.0,-0.007000000000000001,0.5216171310384148,50.893002162264864,-0.3756803755113083,-1.2383489970014396,0.8626686214901313,292.52719000000013
2023-09-11,0,0,0,0,0,0,0,0,305.8819,3.2461643,0.0002,-0.0037,0.957,130.0,-0.13121696040103265,-0.010275724642869369,0.0073999999999999995,0.0105,44.0,-0.0039000000000000003,0.11178590992806008,59.66785546118886,0.5114395672600835,-0.888391284149135,1.3998308514092186,292.59531500000014
2023-09-12,0,0,0,0,1,0,0,0,300.0141,-1.9183218,0.0103,0.0006,0.324,101.0,-0.8202869506087838,0.1402617076839891,0.0101,0.0043,-29.0,-0.0097,0.15053743232685846,53.39834853615854,0.7325615786363642,-0.5642007115920351,1.2967622902283993,292.5808940000001
2023-09-13,0,1,1,0,0,0,0,0,303.39554,1.1271,-0.0291,0.0015,0.983,117.0,-0.1063882879780776,-0.4515520985798523,-0.039400000000000004,0.0009000000000000001,16.0,0.030600000000000002,-0.5918138062638414,56.25114455177078,1.1672015410692325,-0.21792026105978157,1.3851218021290141,293.11645450000015
2023-09-14,0,1,0,0,0,0,0,0,310.01923,2.183175,-0.0005,-0.0002,0.861,204.0,-0.20988672500509892,-0.017879447769402736,0.0286,-0.0017000000000000001,87.0,0.00030000000000000003,0.43367265081044953,61.254625709418434,2.0228155111682895,0.2302268933858327,1.7925886177824568,294.44069000000013
2023-09-15,0,0,0,0,1,0,0,0,298.67148,-3.660339,0.0012,-0.0016,0.542,137.0,-0.5549111347924989,0.004534693357923605,0.0017,-0.0014,-67.0,-0.0028,0.022414141127326342,50.58149803313247,1.7648826898935681,0.5371580526873798,1.2277246372061883,295.2890360000001
2023-09-18,0,0,1,0,0,0,0,0,300.89926,0.7458925,-0.0858,-0.0012,0.003,35.0,-1.165009029590179,-1.2766862533238588,-0.08700000000000001,0.0004000000000000002,-102.0,0.0846,-1.2812209466817823,52.337312276250415,1.7204005912892057,0.773806560407745,0.9465940308814608,295.91808400000014
2023-09-19,0,1,0,0,1,0,0,0,303.4055,0.8329272,0.0115,-0.0008,0.201,57.0,-0.9007338916783815,0.17933179879027725,0.0973,0.00039999999999999986,22.0,-0.0123,1.456018052114136,54.30429008302199,1.865872216698449,0.9922196916658858,0.8736525250325632,296.78681800000015
2023-09-20,0,0,0,0,0,0,0,0,298.03494,-1.7700851,-0.0002,0.0,1.106,199.0,0.16709897526684608,0.005768553859195848,-0.0117,0.0008,142.0,0.0002,-0.1735632449310814,49.5822590168507,1.530161470603673,1.0998080474534433,0.43035342315022973,297.0568360000001
2023-09-21,0,0,0,0,0,0,0,0,294.11646,-1.3147831,-0.0061,-0.0009,0.502,150.0,-0.52725566183347,-0.08338852555842838,-0.005900000000000001,-0.0009,-49.0,0.005200000000000001,-0.08915707941762423,46.41122790467091,0.9371171940838394,1.0672698767795226,-0.13015268269568314,297.50338400000015
2023-09-22,0,0,0,0,0,0,0,0,297.4482,1.1327863,-0.0032,0.0018,0.301,91.0,-0.7400764712031808,-0.039358668948575086,0.0029000000000000002,0.0027,-59.0,0.005,0.04402985660985329,49.37585482568291,0.7275817957382742,0.9993322605712729,-0.2717504648329987,298.17867900000016
2023-09-25,0,0,0,0,1,0,0,0,299.18863,0.5851269,0.0005,-0.0003,0.449,78.0,-0.552956685349863,0.01538390259717772,0.0037,-0.0021,-13.0,-0.0007999999999999999,0.05474257154575281,50.90382214924097,0.6939620757154898,0.9382582236001162,-0.2442961478846264,298.7042940000001
2023-09-26,0,0,0,0,0,0,0,0,297.32883,-0.6216109,-0.0043,-0.001,1.358,115.0,0.5960955736527692,-0.05634046840402958,-0.0048000000000000004,-0.0007000000000000001,37.0,0.0033,-0.0717243710012073,49.19509570862454,0.511353325547077,0.8528772439895084,-0.34152391844243135,298.75252850000015
2023-09-27,0,0,0,0,0,0,0,0,296.11548,-0.4080832,-0.0039,0.0123,2.447,162.0,2.022136765392616,-0.05170186332788824,0.0004000000000000002,0.0133,47.0,0.0162,0.00463860507614134,48.061587185234586,0.265664950622579,0.7354347853161225,-0.4697698346935435,298.8838075000002
2023-09-28,0,0,0,0,0,0,0,0,302.3015,2.0890713,-0.0018,0.0006,2.992,479.0,2.977841180986191,-0.0191823813359744,0.0021,-0.0117,317.0,0.0024,0.03251948199191384,53.89426322627513,0.5636182186946144,0.7010714719918208,-0.13745325329720648,299.28510250000016
2023-09-29,0,0,0,0,1,0,0,0,298.57202,-1.2337148,0.0019,-0.0022,0.923,207.0,0.13499467287484176,0.02282325552063087,0.0037,-0.0028,-272.0,-0.0041,0.04200563685660527,50.2317505142855,0.49312601312487914,0.6594823802184325,-0.1663563670935534,299.47555850000015
2023-10-02,0,0,1,0,0,0,0,0,305.14594,2.2017956,-0.036,-0.0042,0.786,62.0,-0.03518956200569024,-0.5432616826995117,-0.037899999999999996,-0.0019999999999999996,-145.0,0.031799999999999995,-0.5660849382201426,55.918380359796046,0.95669267812724,0.718924439800194,0.23776823832704597,299.9947105000002
2023-10-03,0,1,0,0,0,0,0,0,299.29803,-1.9164324,-0.0136,-0.0004,3.216,166.0,3.356711636241369,-0.20570918232619576,0.022399999999999996,0.0037999999999999996,104.0,0.0132,0.33755250037331597,50.401346121312784,0.8424835105008697,0.7436362539403292,0.0988472565605405,300.03399400000023
2023-10-04,0,0,0,0,0,0,0,0,303.91272,1.5418291,-0.0082,-0.0091,1.767,258.0,1.2877527395509214,-0.1232415365332547,0.0053999999999999986,-0.008700000000000001,92.0,-0.0008999999999999998,0.08246764579294105,54.238244580061966,1.111525860531458,0.8172141752585549,0.2943116852729031,300.3527440000002
2023-10-05,0,0,0,0,1,0,0,0,303.12704,-0.25851727,0.001,-0.0025,0.928,175.0,0.11841797621858158,0.012856954165212287,0.0092,0.0066,-83.0,-0.0035,0.136098490698467,53.4796894625864,1.2469717375009282,0.9031656877070295,0.3438060497938986,300.65707250000025
2023-10-06,0,0,0,0,0,0,0,0,313.70895,3.4909248,-0.0048,-0.0045,0.25,172.0,-0.8183361663769002,-0.07105793396746266,-0.0058,-0.0019999999999999996,-3.0,0.0002999999999999999,-0.08391488813267495,61.32507133464327,2.183020766608081,1.1591367034872397,1.0238840631208412,301.52928750000024
2023-10-09,0,0,0,0,0,0,0,0,316.62296,0.9288907,-0.0107,0.0052,0.099,52.0,-0.9974155316834696,-0.16030195779069764,-0.0059,0.0097,-120.0,0.015899999999999997,-0.08924402382323499,63.167191574740656,3.1239714217022083,1.5521036471302334,1.571867774571975,302.0663405000002
2023-10-10,0,0,0,0,0,0,0,0,320.08398,1.0931015,-0.0032,0.0055,0.674,79.0,-0.1910536683763745,-0.05640777978826691,0.0075,0.0002999999999999999,27.0,0.0087,0.10389417800243073,65.28232074182627,4.101675423024346,2.062018002309056,2.03965742071529,303.0698345000002
2023-10-11,0,0,0,0,1,0,0,0,326.0314,1.8580675,0.0037,-0.0013,1.413,89.0,0.8466217027840379,0.046528172852717084,0.0069,-0.0068,10.0,-0.005,0.10293595264098399,68.61735838741474,5.295378154282162,2.7086900327036774,2.5866881215784843,304.2016275000002
2023-10-12,0,0,0,0,0,0,0,0,322.39136,-1.1164665,0.0111,-0.0021,1.128,146.0,0.4312100160356504,0.15604308556361132,0.0074,-0.0007999999999999999,57.0,-0.0132,0.10951491271089424,64.53149350228358,5.879895585845588,3.3429311433320597,2.5369644425135287,304.82023400000014
2023-10-13,0,0,0,0,0,0,0,0,312.97302,-2.9213965,-0.0268,0.0007,0.994,132.0,0.2332559357597211,-0.40896951779576735,-0.0379,0.0028,-14.0,0.0275,-0.5650126033593786,55.34805609519812,5.519522911590798,3.778249496983807,1.7412734146069906,305.5353110000002
2023-10-16,0,0,0,0,1,0,0,0,319.39774,2.0528078,0.0082,0.0003,0.69,47.0,-0.2015306336181699,0.11979497574609882,0.035,-0.0004,-85.0,-0.0079,0.5287644935418662,59.57430942117292,5.6867923786380175,4.159958073314649,1.5268343053233684,306.4602350000002
2023-10-17,0,1,0,0,0,0,0,0,322.23224,0.88744164,-0.0143,-0.0199,0.835,122.0,0.0056000651053939015,-0.21588235290757693,-0.0225,-0.020200000000000003,75.0,-0.005600000000000001,-0.3356773286536757,61.31401499070712,5.979151164744621,4.523796691600643,1.455354473143978,307.4015720000002
2023-10-18,0,0,0,0,0,0,0,0,315.24057,-2.1697521,-0.0021,-0.002,1.199,101.0,0.5431252142731023,-0.06333441923239679,0.0122,0.0179,-21.0,9.999999999999983e-05,0.15254793367518016,55.02389695307796,5.582328661953568,4.735503085671228,0.84682557628234,308.26185350000026
2023-10-19,0,0,0,0,0,0,0,0,311.10324,-1.3124287,-0.0059,0.0012,2.342,169.0,2.2036753865753966,-0.02526444882165989,-0.0038,0.0031999999999999997,68.0,0.0070999999999999995,0.0380699704107369,51.64736303973858,4.877768140827186,4.76395609670242,0.11381204412476631,309.11119250000024
2023-10-20,0,0,0,0,1,0,0,0,306.96594,-1.329881,-0.0033,-0.0006,1.185,214.0,0.526020263920865,0.3056142965753316,0.0026,-0.0018,45.0,0.0027,0.3308787453969915,48.44583195025221,3.940133907570612,4.599191658876058,-0.6590577513054461,309.58707950000024
2023-10-23,0,0,0,0,0,0,0,0,312.29672,1.7366052,-0.0017,-0.0004,0.788,61.0,-0.06146065630317615,0.40405809498190054,0.0016,0.00019999999999999993,-153.0,0.0013,0.09844379840656892,52.52899244022058,3.585865788551132,4.396526484811073,-0.8106606962599407,310.2424840000003
2023-10-24,0,0,0,0,0,0,0,0,310.84467,-0.46495795,0.0083,0.0042,2.842,116.0,2.6948877367437687,0.9560358086418242,0.01,0.0046,55.0,-0.0041,0.5519777136599238,51.33628856633593,3.1516076806179285,4.147542723972444,-0.9959350433545158,310.9182760000003
2023-10-25,0,1,1,0,0,0,0,0,297.89572,-4.165733,-0.9123,-0.24,3.354,184.0,3.052862322824629,-7.528304891365279,-0.9206,-0.2442,68.0,0.6723,-8.484340700007102,42.14602710029524,1.7424965398654422,3.6665334871510438,-1.9240369472856016,311.00728800000024
2023-10-26,0,1,1,1,0,0,1,0,286.7767,-3.7325144,-0.2501,0.1104,3.358,299.0,2.7947031503713435,-1.8258007984182905,0.6622,0.3504,115.0,0.3605,5.702504092946988,36.15988429815917,-0.2683527759932076,2.8795562345221937,-3.1479090105154013,310.23104800000027
2023-10-27,0,0,1,1,0,0,0,0,295.111,2.9061913,-0.4062,-0.0285,1.606,164.0,0.7337475153236719,-2.8368072592367595,-0.15610000000000002,-0.1389,-135.0,0.3777,-1.011006460818469,42.72636238480973,-1.1759019234494872,2.0684646029278575,-3.2443665263773447,310.0579970000003
2023-10-30,0,0,1,0,0,0,0,0,301.00864,1.9984484,-0.0537,-0.0078,2.315,43.0,1.5146969538009316,-0.1361932799171549,0.35250000000000004,0.020700000000000003,-121.0,0.045899999999999996,2.7006139793196047,46.88943128844275,-1.403077102528357,1.3741562618366145,-2.777233364364972,309.8511320000003
2023-10-31,0,1,0,0,1,0,0,0,299.62622,-0.4592657,-0.0058,0.0019,1.696,251.0,0.7886817393210522,0.22827823541447026,0.0479,0.0097,208.0,0.007699999999999999,0.36447151533162514,46.04457329595547,-1.6753523898120193,0.7642545315068877,-2.439606921318907,309.8675415000003
2023-11-01,0,0,0,0,0,0,0,0,310.1485,3.5118103,-0.013,-0.0065,1.471,135.0,0.5254033928969164,0.16831013435448028,-0.0072,-0.0084,-116.0,0.0065,-0.05996810105998998,52.987974271756165,-1.0301969893669138,0.4053642273321274,-1.4355612166990412,310.1793305000003
2023-11-02,0,1,0,0,0,0,0,0,309.17386,-0.31425953,-0.0386,-0.0545,0.976,152.0,-0.05573802858287893,-0.02366061351587923,-0.025600000000000005,-0.048,17.0,-0.015899999999999997,-0.1919707478703595,52.31640003546243,-0.5907422797376398,0.20614292591817396,-0.7968852056558138,310.4816715000003
2023-11-03,0,0,0,0,1,0,0,0,312.8835,1.1998653,-0.0202,0.0025,0.829,108.0,-0.2213096087532941,0.11888967190608253,0.018400000000000003,0.057,-44.0,0.022699999999999998,0.14255028542196177,54.67124705717825,0.05621764694893727,0.17615787012432663,-0.11994022317538935,310.44039900000024
2023-11-06,0,0,0,0,0,0,0,0,314.07697,0.38143396,-0.0089,0.0,0.85,46.0,-0.19699515394024056,0.20648192333976653,0.0113,-0.0025,-62.0,0.0089,0.087592251433684,55.43378910912553,0.657660009487472,0.27245829799695576,0.3852017114905163,310.31309950000025
2023-11-07,0,0,0,0,0,0,0,0,317.0805,0.95630884,-0.0075,-0.0015,1.474,126.0,0.4962256058583878,0.2183078124555203,0.0014000000000000002,-0.0015,80.0,0.006,0.011825889115753774,57.377082406647354,1.3609786694878494,0.4901623722951345,0.8708162971927149,310.16292550000026
2023-11-08,0,0,0,0,0,0,0,0,318.03525,0.30111074,-0.0007,-0.0014,1.79,206.0,0.833753851274368,0.2695746903366401,0.0068,0.00010000000000000005,80.0,-0.0007,0.051266877881119804,58.003960869925265,1.9726644724000266,0.7866627923161129,1.1860016800839137,309.76311800000025
2023-11-09,0,0,0,0,0,0,0,0,318.80106,0.24079084,-0.0017,-0.0034,1.119,257.0,0.0367074971786893,0.26146248181541976,-0.001,-0.002,51.0,-0.0017,-0.008112208521220354,58.530804621443345,2.4905152356799363,1.1274332809888776,1.3630819546910586,309.58360300000027
2023-11-10,0,0,0,0,0,0,0,0,326.97617,2.5643468,-0.004,0.0003,1.49,170.0,0.45137688105857193,0.2434648691909044,-0.0023,0.0036999999999999997,-87.0,0.0043,-0.017997612624515352,63.75772840801175,3.5200023552219477,1.6059470958354918,1.914055259386456,310.28376050000026
2023-11-13,0,0,0,0,0,0,0,0,327.3939,0.1277566,-0.0097,-0.0003,0.915,44.0,-0.22787344255830386,0.19693561376496638,-0.0057,-0.0006,-126.0,0.0094,-0.046529255425938026,64.00737225015789,4.319789786712477,2.148715634010889,2.1710741527015878,310.6835685000002
2023-11-14,0,0,0,0,0,0,0,0,334.47507,2.1628857,0.0047,0.0028,1.249,115.0,0.17320627215251627,0.29776380872962294,0.0144,0.0031,71.0,-0.0019000000000000002,0.10082819496465656,68.02779790018906,5.462055155695509,2.8113835383478127,2.6506716173476965,311.2957100000002
2023-11-15,0,0,0,0,0,0,0,0,330.89468,-1.0704398,-0.0098,0.0047,1.221,136.0,0.13424208260204917,0.18345702345602588,-0.014499999999999999,0.0019000000000000002,21.0,0.014499999999999999,-0.11430678527359706,64.12737293772638,6.009131611101623,3.4509331528985747,2.558198458203048,312.07841550000023
2023-11-16,0,0,0,0,0,0,0,0,332.36658,0.44482946,-0.0014,-0.0015,1.564,235.0,0.5184208358894383,0.24551694251361253,0.0084,-0.006200000000000001,99.0,-0.00010000000000000005,0.06205991905758665,65.01541770693056,6.486689157518413,4.058084353822542,2.4286048036958707,313.14158250000025
2023-11-17,0,0,0,0,0,0,0,0,333.21198,0.25434494,-0.0018,-0.0013,1.148,134.0,0.019197540409818803,0.24232654726579061,-0.00039999999999999996,0.0002000000000000001,-101.0,0.0005,-0.0031903952478219144,65.54303296565087,6.85436086302991,4.617339655664016,2.2370212073658946,314.45388450000024
2023-11-20,0,0,1,0,0,0,0,0,338.11505,1.4714599,-0.0754,-0.0007,0.709,65.0,-0.5233538953013689,-0.3107553236846253,-0.0736,0.0006,-69.0,0.07469999999999999,-0.5530818709504159,68.50932032955865,7.455438457228013,5.184959415976815,2.270479041251198,315.7448010000002
2023-11-21,0,1,0,0,1,0,0,0,335.14142,-0.8794844,-0.0053,0.0018,0.614,126.0,-0.6332221985696377,0.225535816478327,0.0701,0.0025,61.0,0.0071,0.5362911401629522,64.86234886355955,7.6041932850786225,5.668806189797176,1.9353870952814463,316.9596385000002
2023-11-22,0,0,0,0,0,0,0,0,339.62677,1.3383508,-0.0241,0.0003,0.176,78.0,-1.15254669929015,0.0852213237145114,-0.0188,-0.0015,-48.0,0.0244,-0.14031449276381558,67.65895227432888,7.991887315046142,6.13342241484697,1.8584649001991727,319.04619100000025
2023-11-23,0,0,0,0,0,0,0,0,339.62677,0.0,-0.0056,0.01,0.0,58.0,-1.3556459841002184,0.22658539930525665,0.0185,0.0097,-20.0,0.0156,0.14136407559074526,67.65895227432888,8.204560560005973,6.54765004387877,1.656910516127203,321.6886945000002
2023-11-24,0,0,0,0,0,0,0,0,336.3846,-0.95463395,-0.0118,-0.0065,0.024,33.0,-1.2985408023452865,0.18118566514173562,-0.0062,-0.0165,-25.0,0.0053,-0.04539973416352103,63.426996550449985,8.019050987709477,6.841930232644911,1.177120755064566,323.7523745000002
2023-11-27,0,1,0,0,0,0,0,0,332.87384,-1.0436654,-0.0634,-0.0431,1.226,126.0,0.09882976377714536,-0.20562409432877757,-0.0516,-0.0366,93.0,0.0203,-0.3868097594705132,59.11513715492946,7.502262906990438,6.973996767514016,0.5282661394764219,325.34563450000024
2023-11-28,0,0,1,0,0,0,0,0,337.14044,1.2817383,-0.1669,-0.0194,0.704,125.0,-0.5280611395515507,-0.9687686448114544,-0.1035,0.0237,-1.0,0.1475,-0.7631445504826768,62.455560709177504,7.352231642529716,7.049643742517157,0.30258790001255953,327.2213455000002
2023-11-29,0,0,0,0,1,0,0,0,330.3875,-2.0030022,-0.0295,-0.0023,0.858,89.0,-0.3310842650314659,0.0770569376343503,0.1374,0.0171,-36.0,0.0272,1.0458255824458047,54.821037990086,6.612203596100073,6.96215571323374,-0.34995211713366636,328.2332955000002
2023-11-30,0,1,0,0,0,0,0,0,325.36502,-1.5201747,-0.004,-0.0002,1.835,191.0,0.8096374284443164,0.2657854883588783,0.0255,0.0021,102.0,0.0038,0.188728550724528,49.932242608043964,5.55640311988202,6.6810051945633955,-1.1246020746813752,329.0428535000002
2023-12-01,0,1,1,1,0,0,0,0,323.04776,-0.71220994,-0.0578,-0.0075,1.228,253.0,0.05692513896145032,-0.13612027642688446,-0.0538,-0.0073,62.0,0.0503,-0.40190576478576273,47.8136486731565,4.4810355317353014,6.241011261997777,-1.7599757302624752,329.5510665000003
2023-12-04,0,0,1,1,0,0,0,0,318.27393,-1.4777482,-0.0577,-0.0039,1.943,73.0,0.9044190354621245,-0.12811987971558328,9.999999999999593e-05,0.0036,-180.0,0.0538,0.008000396711301178,43.70001939683626,3.2066267885236357,5.6341343673029485,-2.427507578779313,329.76091450000024
2023-12-05,0,1,1,0,0,0,0,0,316.55338,-0.5405843,-0.1398,-0.0606,1.68,146.0,0.561735625097862,-0.7303261377989263,-0.0821,-0.0567,73.0,0.0792,-0.602206258083343,42.28789057234398,2.03436379269084,4.914180252380527,-2.879816459689687,329.7345585000003
2023-12-06,0,1,0,0,1,0,0,0,315.71796,-0.2639115,-0.0106,0.0071,1.407,174.0,0.21947396674204117,0.2453959275317536,0.1292,0.0677,28.0,0.0177,0.97572206533068,41.58521653246991,1.026097299742787,4.136563661852979,-3.1104663621101922,329.6186940000003
2023-12-07,0,1,1,0,0,0,0,0,324.80807,2.8791904,-0.0844,-0.0432,2.141,277.0,1.0816669476780838,-0.3025510372108838,-0.0738,-0.050300000000000004,103.0,0.0412,-0.5479469647426374,51.10544441345748,0.9495884827636019,3.499168626035104,-2.549580143271502,329.91904450000027
2023-12-08,0,0,0,0,1,0,0,0,330.93442,1.8861532,-0.0176,-0.0175,0.385,218.0,-1.0409555973362026,0.20553317752466482,0.0668,0.0257,-59.0,9.99999999999994e-05,0.5080842147355487,56.27732668074624,1.3675358371785933,3.072842068263802,-1.7053062310852085,330.1169570000003
2023-12-11,0,0,0,0,0,0,0,0,323.50525,-2.2449315,-0.001,-0.0048,0.348,53.0,-1.1027888383345044,0.32053327139910603,0.0166,0.012700000000000003,-165.0,-0.0037999999999999996,0.11500009387444121,49.44686493388096,1.0867626722652517,2.6756261890640918,-1.58886351679884,329.9225245000003
2023-12-12,0,1,1,0,0,0,0,0,332.39645,2.748406,-0.0287,0.0015,0.625,92.0,-0.7805506173034191,0.11599024210116954,-0.0277,0.0063,39.0,0.0302,-0.2045430292979365,56.285193055533576,1.5636684527773923,2.453234641806752,-0.8895661890293596,329.81859350000025
2023-12-13,0,1,0,0,0,0,0,0,332.91357,0.15558004,-0.0192,-0.0297,0.931,126.0,-0.39981765457945584,0.1905569548843395,0.009500000000000001,-0.031200000000000002,34.0,-0.010500000000000002,0.07456671278316995,56.65246007953323,1.960744737192556,2.354736660883913,-0.39399192369135694,329.9195380000002
2023-12-14,0,0,0,0,0,0,0,0,331.3522,-0.46901107,-0.0203,-0.0364,1.793,148.0,0.6362993469264298,0.1840853435170957,-0.0011000000000000003,-0.006700000000000001,22.0,-0.016100000000000003,-0.006471611367243779,55.14596981622637,2.1249459886609543,2.3087785264393212,-0.18383253777836694,329.86881900000026
2023-12-15,0,0,1,0,0,0,0,0,333.09265,0.52526,-0.0202,-0.0661,0.407,117.0,-1.0798494814676585,0.1870980115609093,9.99999999999994e-05,-0.029700000000000004,-31.0,-0.04590000000000001,0.0030126680438135878,56.53350059378187,2.368217100339507,2.3206662412193584,0.04755085912014856,329.86285250000026
2023-12-18,0,0,0,0,0,0,0,0,342.7397,2.8962135,0.0072,-0.0031,0.326,44.0,-1.174236537450148,0.39425003128576436,0.0274,0.063,-73.0,-0.0103,0.20715201972485506,63.308697805778316,3.301391138260442,2.516811220627575,0.7845799176328669,330.09408500000023
2023-12-19,0,0,0,0,0,0,0,0,348.44843,1.6656041,0.0104,-0.0014,1.144,108.0,-0.16016781250216983,0.4164036335127253,0.0031999999999999997,0.0017,64.0,-0.0118,0.022153602226960944,66.62405623543985,4.450284972662757,2.9035059710346114,1.546779001628146,330.7594355000002
2023-12-20,0,1,0,0,0,0,0,0,347.37427,-0.30825138,-0.0062,-0.0239,0.72,174.0,-0.6574811089209437,0.29075578946614994,-0.0166,-0.022500000000000003,66.0,-0.0177,-0.12564784404657536,65.42612275591205,5.214011994229679,3.3656071756736248,1.8484048185560544,331.14681050000024
2023-12-21,0,0,0,0,0,0,0,0,352.15802,1.3771176,-0.0077,-0.003,0.71,106.0,-0.6474034045717617,0.2801829402374324,-0.0015000000000000005,0.020900000000000002,-68.0,0.0047,-0.01057284922871754,68.17091785911697,6.134564367317921,3.919398614002484,2.215165753315437,331.7733730000003
2023-12-22,0,0,0,0,0,0,0,0,351.46188,-0.19768476,-0.0246,0.0031,0.474,84.0,-0.9389933674679484,0.15538846314973923,-0.0169,0.0060999999999999995,-22.0,0.0277,-0.12479447708769317,67.33318833583928,6.730352758001686,4.481589442802324,2.248763315199362,332.52723700000024
2023-12-25,0,0,0,0,0,0,0,0,351.46188,0.0,-0.0026,-0.0124,0.0,18.0,-1.5088364384499968,0.3180335611440412,0.022,-0.0155,-66.0,-0.0098,0.16264509799430196,67.33318833583928,7.120439357449072,5.009359425731674,2.1110799317173985,333.4566390000002
2023-12-26,0,0,0,0,0,0,0,0,352.894,0.40746927,0.0,0.0026,0.003,38.0,-1.4974833705866062,0.33588167766501836,0.0026,0.015,20.0,0.0026,0.017848116520977175,68.26368197130041,7.459161344395625,5.499319809464464,1.9598415349311606,334.24431700000025
2023-12-27,0,0,0,0,0,0,0,0,355.8776,0.84547997,0.0031,0.0,0.232,33.0,-1.153719446478313,0.3578086637137188,0.0031,-0.0026,-5.0,-0.0031,0.021926986048700414,70.17004302615663,7.877545108021593,5.97496486917589,1.9025802388457027,335.5188220000002
2023-12-28,0,0,0,0,0,0,0,0,356.36493,0.13694763,0.0178,0.0151,0.446,95.0,-0.8560012881078282,0.466757169057493,0.0147,0.0151,62.0,-0.0026999999999999993,0.1089485053437742,70.48193467010047,8.154441388833675,6.410860173107447,1.7435812157262278,337.0688175000002
2023-12-29,0,0,0,0,0,0,0,0,352.02872,-1.2167931,0.0107,-0.0047,0.163,66.0,-1.22219819453067,0.4107142088368571,-0.0071,-0.0198,-29.0,-0.0154,-0.05604296022063587,64.06343965743281,7.932546322360736,6.715197402958105,1.2173489194026308,338.5178655000002
2024-01-01,0,0,0,0,0,0,0,0,352.02872,0.0,0.0,-0.0021,0.0,21.0,-1.4288749288430151,0.3282167333110966,-0.0107,0.0026000000000000003,-45.0,-0.0021,-0.08249747552576053,64.0634396574328,7.668297523017429,6.9058174269699695,0.7624800960474598,340.2056050000002
2024-01-02,0,0,0,0,0,0,0,0,344.4006,-2.166909,0.0048,0.0094,0.163,38.0,-1.1935191803472176,0.36341287980613785,0.0048,0.0115,17.0,0.004600000000000001,0.03519614649504127,54.02576932660038,6.765365984808113,6.877727138537598,-0.11236115372948507,341.59796600000016
2024-01-03,0,1,1,0,0,0,0,0,342.5905,-0.5255759,-0.0978,-0.0023,0.814,55.0,-0.34046733996799966,-0.39995361833513704,-0.1026,-0.0117,17.0,0.0955,-0.7633664981412749,51.945864840601516,5.836447361028036,6.669471183035686,-0.8330238220076502,342.9415930000002
2024-01-04,0,1,0,0,1,0,0,0,345.22607,0.7692933,-0.009,-0.0066,0.596,75.0,-0.6086379598699965,0.27450124908169876,0.0888,-0.0043,20.0,0.0023999999999999994,0.6744548674168358,54.681597733668006,5.25239479412312,6.386055905253173,-1.1336611111300527,343.96249300000017
2024-01-05,0,0,1,0,0,0,0,0,350.02975,1.3914585,0.0135,-0.0186,0.103,53.0,-1.2088094396384688,0.4390997514760542,0.0225,-0.011999999999999999,-22.0,-0.0321,0.16459850239435542,59.23668421526679,5.118146944905618,6.132474113183662,-1.0143271682780437,344.91725950000017
2024-01-08,0,0,0,0,0,0,0,0,356.70313,1.9065142,0.001,-0.0042,0.381,30.0,-0.8451798179733572,0.3456332257894217,-0.0125,0.0144,-23.0,-0.0052,-0.0934665256866325,64.56522384638211,5.486989946858728,6.003377279918675,-0.5163873330599476,346.5771535000002
2024-01-09,0,0,0,0,0,0,0,0,355.4798,-0.34294724,-0.009,-0.0004,1.069,66.0,0.02070739674575599,0.2692997148822108,-0.009999999999999998,0.0037999999999999996,36.0,0.0086,-0.07633351090721091,62.94096752532794,5.615852128481777,5.925872249631295,-0.3100201211495186,347.73132100000015
2024-01-10,0,0,0,0,0,0,0,0,368.44864,3.6482692,-0.0135,0.0006,1.836,137.0,0.9709755790391857,0.2368096472820753,-0.0045000000000000005,0.001,71.0,0.0141,-0.03249006760013548,71.2097790341808,6.687365551366156,6.078170909978267,0.609194641387889,349.50807450000013
2024-01-11,0,0,1,0,0,0,0,0,367.65305,-0.2159357,-0.0904,-0.0059,1.679,112.0,0.8012436364071392,-0.3341212395470237,-0.0769,-0.0065,-25.0,0.08449999999999999,-0.570930886829099,70.17533646134363,7.387195206886759,6.339975769359965,1.0472194375267936,351.32311700000014
2024-01-12,0,0,1,0,1,0,0,0,372.44672,1.3038635,-0.0414,0.0016,0.333,83.0,-0.8952284040498906,0.0412632196062651,0.048999999999999995,0.0075,-29.0,0.043,0.37538445915328883,72.74446027857704,8.233711259424126,6.718722867372797,1.514988392051329,353.29082050000017
2024-01-15,0,0,0,0,0,0,0,0,372.44672,0.0,0.0013,-0.0009,0.074,24.0,-1.1950604948074108,0.36402814535776923,0.0427,-0.0025,-59.0,-0.0021999999999999997,0.3227649257515041,72.74446027857704,8.803104619566795,7.135599217811597,1.6675054017551982,354.77617150000015
2024-01-16,0,0,0,0,0,0,0,0,365.45508,-1.8772185,-0.0008,0.008,0.596,31.0,-0.5153658490663987,0.34943968500056294,-0.0021,0.0089,7.0,0.0088,-0.01458846035720629,63.49290084158409,8.591152584127997,7.426709891074877,1.16444269305312,355.6265040000001
2024-01-17,0,1,1,0,0,0,0,0,366.36008,0.24764538,-0.0734,-0.0092,1.131,52.0,0.2576378026990146,-0.5983158251755225,-0.07260000000000001,-0.0172,21.0,0.06420000000000001,-0.9477555101760855,64.12883866885083,8.399382156543425,7.621244344168586,0.7781378123748386,356.57579450000014
2024-01-18,0,0,1,0,0,0,0,0,374.07776,2.106583,-0.0912,0.0018,2.408,131.0,2.2656235903350677,-0.9853475253743719,-0.017799999999999996,0.011,79.0,0.093,-0.38703170019884936,69.07599799782986,8.769070600384055,7.85080959541168,0.9182610049723747,357.6717815000001
2024-01-19,0,1,0,0,1,0,0,1,381.35785,1.9461393,-0.0158,-0.0008,2.054,159.0,1.6826168401950568,0.21557538679391616,0.0754,-0.0026,28.0,0.015000000000000001,1.200922912168288,72.87611538895815,9.539528035297565,8.188553283388856,1.3509747519087085,359.1665800000002
2024-01-22,0,0,0,0,0,0,0,0,379.69696,-0.43552518,0.0042,0.0037,1.613,52.0,1.0624948031793673,0.7281756683359567,0.02,0.0045000000000000005,-107.0,-0.0004999999999999996,0.5126002815420405,70.74033192986731,9.901957557975663,8.531234138306218,1.3707234196694458,360.57833400000015
2024-01-23,0,0,0,0,0,0,0,0,383.09833,0.8958101,0.0018,0.0032,1.019,109.0,0.15580682751557737,0.6588857689642102,-0.0024,-0.0005,57.0,0.0014000000000000002,-0.06928989937174646,72.51672156958854,10.344403850011474,8.89386808064727,1.4505357693642047,362.08855050000017
2024-01-24,0,0,0,0,0,0,0,0,388.5683,1.4278293,-0.0194,0.0009,1.361,84.0,0.7001037441505785,0.09224227479731548,-0.0212,-0.0023,-25.0,0.020300000000000002,-0.5666434941668947,75.13149610087257,11.0095157443414,9.316997613386096,1.6925181309553032,363.72308550000014
2024-01-25,1,1,0,0,0,0,0,0,391.03473,0.6347537,0.0169,0.0159,1.715,97.0,1.2245872828424254,1.0350407748887598,0.0363,0.015000000000000001,13.0,-0.0009999999999999974,0.9427985000914443,76.229665976298,11.601902490675798,9.773978588844036,1.8279239018317615,365.4565755000002
2024-01-26,0,0,0,0,0,0,0,0,391.98953,0.24416447,0.0059,0.0025,0.842,124.0,-0.13895538198668275,0.7267320630003653,-0.011,-0.0134,27.0,-0.0034,-0.3083087118883945,76.65936156775449,12.009974129648015,10.221177697004832,1.788796432643183,367.45461600000016
2024-01-29,0,0,0,0,0,0,0,0,398.83197,1.7455697,-0.0009,0.0141,1.538,54.0,0.9232739818531428,0.541794370392886,-0.0068,0.0116,-70.0,0.015,-0.18493769260747928,79.51697211740313,12.738658244174417,10.724673806438748,2.013984437735669,369.7947785000002
2024-01-30,1,0,0,0,0,0,0,0,397.87723,-0.23939013,0.0101,0.0192,1.541,108.0,0.9247700361599727,0.8217492974519467,0.011,0.005099999999999999,54.0,0.009099999999999999,0.27995492705906067,78.08051786817369,13.088233111747286,11.197385667500455,1.8908474442468304,372.4686100000002
2024-01-31,0,1,0,0,0,0,0,0,388.01135,-2.4796247,-0.0227,0.0008,3.16,130.0,3.1402864145117024,-0.034076586758205796,-0.0328,-0.0184,22.0,0.0235,-0.8558258842101525,65.01113436740391,12.425941134925495,11.443096760985464,0.982844373940031,374.73965250000015
2024-02-01,0,0,0,0,1,0,0,1,392.626,1.1893153,-0.0038,-0.0016,4.0,525.0,3.728513704569715,0.4669739203030491,0.0189,-0.0024000000000000002,395.0,0.0021999999999999997,0.5010505070612549,67.73179773581282,12.133565470635745,11.58119050291552,0.5523749677202243,377.10964900000016
2024-02-02,1,0,1,0,0,0,0,0,472.39838,20.317638,0.4083,0.1874,3.951,367.0,3.2747921140577514,6.300302477307096,0.4121,0.189,-158.0,-0.22089999999999999,5.833328557004047,86.816297957518,18.129830628578134,12.890918528048044,5.23891210053009,383.22808050000015
2024-02-05,1,0,1,0,0,0,0,0,456.90338,-3.2800674,0.0553,0.022,2.288,120.0,1.3468473723875272,1.0157998870802323,-0.353,-0.16540000000000002,-247.0,-0.0333,-5.2845025902268645,77.25814430502335,21.385083038606183,14.589751430159671,6.795331608446512,388.23809300000016
2024-02-06,1,1,0,0,0,0,0,0,452.23898,-1.0208726,0.0297,0.0258,2.276,172.0,1.2956757203090385,0.6298579708456933,-0.0256,0.0038000000000000013,52.0,-0.0039000000000000007,-0.385941916234539,74.59573020762966,23.3197009320628,16.335741330540298,6.983959601522503,393.0760520000002
2024-02-07,0,1,0,0,0,0,0,0,467.02786,3.2701373,0.0015,-0.0033,1.67,293.0,0.6204093468061418,0.21176470967249783,-0.0282,-0.0291,121.0,-0.0048000000000000004,-0.41809326117319545,77.27027400323884,25.749415339391362,18.21847613231051,7.530939207080852,398.0050130000002
2024-02-08,0,0,0,0,0,0,0,0,467.4356,0.08730888,0.0091,0.0032,1.158,168.0,0.0678122951652108,0.3208511731017287,0.007600000000000001,0.006500000000000001,-125.0,-0.005900000000000001,0.1090864634292309,77.34110355105493,27.39212337545348,20.053205580939103,7.338917794514376,402.9941405000002
2024-02-09,0,0,0,0,0,0,0,0,465.5559,-0.4021287,-0.0069,-0.0051,1.189,149.0,0.10104538859455259,0.08675402592632954,-0.016,-0.0083,-19.0,0.0017999999999999995,-0.2340971471753992,76.16281098027714,28.21703681253399,21.68597182725808,6.531064985275911,407.6495995000002
2024-02-12,0,0,0,0,0,0,0,0,466.34158,0.16876459,-0.0009,0.0004,0.892,62.0,-0.22816292858283319,0.15788532778035036,0.006,0.0055000000000000005,-87.0,0.0013,0.07113130185402082,76.32516816710063,28.60445016850838,23.06966749550814,5.53478267300024,412.3443425000002
2024-02-13,0,0,0,0,0,0,0,0,457.60953,-1.872468,0.0044,-0.0039,0.592,114.0,-0.5569020883229183,0.23393185062706545,0.0053,-0.0043,52.0,-0.0083,0.07604652284671509,70.57203633912458,27.88542872183865,24.03281974077424,3.85260898106441,416.95206500000023
2024-02-14,0,0,0,0,0,0,0,0,470.69772,2.8601289,-0.0031,0.0008,1.889,95.0,0.8373613052355937,0.11767904357281342,-0.0075,0.0047,-19.0,0.0039,-0.11625280705425203,73.76415923116895,28.04838230382859,24.83593225338511,3.212450050443479,422.16894700000023
2024-02-15,0,0,0,0,0,0,0,0,481.38907,2.271378,-0.005,-0.0102,1.206,190.0,0.0645022146888085,0.08938159498526517,-0.0019000000000000002,-0.011000000000000001,95.0,-0.005200000000000001,-0.02829744858754825,76.04959919263769,28.709284029845435,25.610602608677176,3.0986814211682585,427.5345125000002
2024-02-16,0,0,1,0,0,0,0,0,470.73746,-2.2126734,-0.0348,-0.0827,1.247,155.0,0.08870025198922392,-0.3460580782923737,-0.029799999999999997,-0.0725,-35.0,-0.0479,-0.4354396732776389,69.54927755093846,28.0502121168405,26.09852451030984,1.9516876065306583,432.00349300000016
2024-02-19,0,0,0,0,1,0,0,0,470.73746,0.0,-0.0014,-0.0011,0.471,66.0,-0.7705193721830342,0.1336102714253509,0.0334,0.08159999999999999,-89.0,0.0002999999999999999,0.47966834971772465,69.54927755093846,27.21418469648802,26.321656547545476,0.8925281489425423,436.55551800000023
2024-02-20,0,0,0,0,0,0,0,0,469.17606,-0.33169985,-0.0017,0.0001,0.651,82.0,-0.5667357445258874,0.09262290640495391,-0.0002999999999999999,0.0012000000000000001,16.0,0.0018,-0.04098736502039699,68.55310780030169,26.12448817402958,26.282222872842297,-0.1577346988127175,440.85940450000015
2024-02-21,0,0,0,0,0,0,0,0,465.97025,-0.6825626,-0.0027,-0.0035,0.875,112.0,-0.3152465326351076,0.0700944341162151,-0.0010000000000000002,-0.0036,30.0,-0.0007999999999999999,-0.022528472288738804,66.44867369557107,24.71728824134533,25.969235946542902,-1.2519477051975727,444.72950200000014
2024-02-22,0,0,0,0,0,0,0,0,483.99057,3.8672805,-0.0008,0.0036,0.822,127.0,-0.3572673577173904,0.09895980452014093,0.0019000000000000002,0.0071,15.0,0.0044,0.028865370403925825,71.70647984644201,24.770621077659996,25.729512972766322,-0.9588918951063263,449.3772940000002
2024-02-23,0,0,0,0,0,0,0,0,481.89984,-0.43198466,0.0272,0.0215,0.265,97.0,-0.9602888293675772,0.5161654304197851,0.027999999999999997,0.0179,-30.0,-0.0057,0.4172056258996442,70.32942238260975,24.363337902947478,25.456277958802552,-1.092940055855074,453.87280950000013
2024-02-26,0,0,0,0,0,0,0,0,479.6199,-0.47311187,0.0025,-0.0022,1.166,86.0,0.06375982665571221,0.11371194660901833,-0.0247,-0.0237,-11.0,-0.0047,-0.4024534838107668,68.7782679240897,23.584720966600628,25.08196656036217,-1.4972455937615408,457.91220600000014
2024-02-27,0,0,0,0,0,0,0,0,484.90652,1.1022568,-0.0069,-0.0027,1.146,137.0,0.05141999588724837,-0.0723583224294625,-0.0094,-0.0005,51.0,0.0042,-0.18607026903848084,70.40805498734821,23.127646375826316,24.691102523454997,-1.5634561476286812,462.26367050000016
2024-02-28,0,0,0,0,1,0,0,0,481.88986,-0.62211156,0.0009,-0.0043,1.765,187.0,0.742704488164547,0.05262604060155963,0.0078,-0.0015999999999999999,50.0,-0.0052,0.12498436303102212,68.21970556970844,22.26533133888546,24.20594828654109,-1.9406169476556308,466.9575960000001
2024-02-29,0,0,0,0,0,0,0,0,487.973,1.2623429,-0.0231,0.0031,1.669,171.0,0.6486126952762526,-0.36378245214486227,-0.024,0.0074,-16.0,0.026199999999999998,-0.4164084927464219,70.22913129657721,21.8212571493861,23.72901005911009,-1.9077529097239925,471.7249460000001
2024-03-01,0,0,0,0,0,0,0,0,500.0894,2.4830103,-0.0067,-0.0036,1.942,264.0,0.9279384489579382,-0.09342277876037229,0.016399999999999998,-0.006699999999999999,93.0,0.0031000000000000003,0.27035967338448996,73.78462987714879,22.191210908047424,23.42145022889756,-1.230239320850135,473.1094970000001
2024-03-04,0,0,0,0,0,0,0,0,495.99753,-0.8182347,-0.0031,-0.0025,0.704,92.0,-0.486553490414705,-0.03278108295374679,0.0036000000000000003,0.0010999999999999998,-172.0,0.0005999999999999998,0.0606416958066255,70.71318781857478,21.901752446508056,23.11751067241966,-1.2157582259116033,475.06420450000013
2024-03-05,0,0,0,0,0,0,0,0,488.0626,-1.5997887,-0.0049,-0.0019,2.465,110.0,1.463599924260407,-0.06955091569188748,-0.0018,0.0006000000000000001,18.0,0.003,-0.03676983273814069,65.05756804578418,20.79239026215089,22.652486590365903,-1.8600963282150147,476.8553855000001
2024-03-06,0,1,1,0,0,0,0,0,493.90674,1.1974216,-0.0363,-0.097,2.253,1118.0,1.1868902480003976,-0.5882751966474355,-0.0314,-0.0951,1008.0,-0.060700000000000004,-0.5187242809555481,67.1419791748192,20.15248074150469,22.15248542059366,-2.0000046790889705,478.1993295000001
2024-03-07,0,0,1,0,0,0,0,0,509.93588,3.2453775,-0.0304,-0.1639,0.921,224.0,-0.27577469425983264,-0.4865182580866146,0.005899999999999999,-0.06689999999999999,-894.0,-0.13349999999999998,0.10175693856082096,72.06424402438678,20.70014706303249,21.862017749081424,-1.1618706860489354,480.32434350000005
2024-03-08,0,0,1,0,0,0,0,0,503.72342,-1.2182951,-0.0293,0.0038,0.476,118.0,-0.7732411931989159,-0.46520221622883884,0.0011000000000000003,0.1677,-106.0,0.0331,0.021316041857775747,67.82350199561714,20.397750396844515,21.56916427863404,-1.171413881789526,482.2327195000001
2024-03-11,0,0,0,0,0,0,0,0,481.46173,-4.41941,-0.0026,-0.0004,1.034,48.0,-0.16580306174651585,-0.018196312750245098,0.0267,-0.0042,-70.0,0.0021999999999999997,0.44700590347859376,55.271747793396344,18.15251562536571,20.885834547980373,-2.7333189226146644,482.9887270000001
2024-03-12,0,1,1,0,0,0,0,0,497.55063,3.3416748,-0.066,-0.0106,0.937,158.0,-0.27066413144148416,-1.0426176139534005,-0.0634,-0.0102,110.0,0.055400000000000005,-1.0244213012031553,60.90317654420239,17.470007293006347,20.202669096985566,-2.7326618039792194,484.9857820000001
2024-03-13,0,0,0,0,0,0,0,0,493.389,-0.8364141,-0.0208,-0.0024,0.644,99.0,-0.5975093226583672,-0.2929620246466933,0.045200000000000004,0.0082,-59.0,0.0184,0.7496555893067072,58.83956515207739,16.404208260041003,19.442976929596654,-3.038768669555651,486.12034600000004
2024-03-14,0,0,0,0,0,0,0,0,489.6655,-0.7546902,-0.0304,-0.0015,0.553,122.0,-0.6953316154718719,-0.44420189770078666,-0.009600000000000001,0.0008999999999999998,23.0,0.0289,-0.15123987305409337,56.97928835730944,15.085206644355367,18.571422872548396,-3.4862162281930296,486.5341675000001
2024-03-15,0,0,0,0,0,0,0,0,481.9695,-1.5716791,-0.0058,-0.0011,0.376,119.0,-0.8901934981170939,-0.044660960958624936,0.0246,0.00039999999999999996,-3.0,0.004699999999999999,0.39954093674216173,53.2331109079182,13.265963707344099,17.510331039507538,-4.2443673321634385,487.0957695
2024-03-18,0,0,1,0,0,0,0,0,494.79282,2.6606083,-0.1258,-0.0123,0.83,60.0,-0.4038432254936688,-1.9228693692672465,-0.12,-0.0112,-59.0,0.11349999999999999,-1.8782084083086215,58.16823032970545,12.712394754331342,16.5507437824723,-3.838349028140957,488.2985375
2024-03-19,0,1,0,0,0,0,0,0,494.0561,-0.14890432,-0.0105,0.002,1.01,148.0,-0.22235473385185814,-0.08260402109753896,0.1153,0.0143,88.0,0.0125,1.8402653481697075,57.790914164225995,12.07504660306114,15.655604346590067,-3.580557743528928,489.54253950000003
2024-03-20,0,0,0,0,0,0,0,0,503.29526,1.87006,-0.0071,0.0004,1.328,154.0,0.12369326388807952,-0.025714674515982812,0.0034000000000000002,-0.0016,6.0,0.007500000000000001,0.05688934658155615,61.190833317034766,12.175119400749054,14.959507357421865,-2.784387956672811,491.40879000000007
2024-03-21,0,0,0,0,1,0,0,0,505.5254,0.44311285,-0.0035,-0.0009,0.986,161.0,-0.28616634806936875,0.0373674107360271,0.0036000000000000003,-0.0013,7.0,0.0026,0.06308208525200991,61.98677577816657,12.29267912086641,14.426141710110773,-2.1334625892443633,492.4855315000001
2024-03-22,0,0,0,0,0,0,0,0,507.33737,0.35842657,-0.0222,-0.0182,0.517,176.0,-0.8480149330382284,-0.25230297031727994,-0.0187,-0.0173,15.0,0.004,-0.28967038105330706,62.656909044586385,12.389241418726272,14.018761651833874,-1.629520233107602,493.75740800000005
2024-03-25,0,0,1,0,0,0,0,0,500.80624,-1.2873352,-0.2331,-0.0094,2.34,89.0,1.2606250320053742,-3.222342590415936,-0.2109,0.0088,-87.0,0.2237,-2.970039620098656,58.64388975282209,11.802705880938618,13.575550497654822,-1.7728446167162044,494.816725
2024-03-26,0,1,1,0,0,0,0,0,493.70764,-1.4174342,-0.1678,-0.0027,1.194,176.0,-0.11863889341343349,-2.146644557708988,0.0653,0.0067,87.0,0.1651,1.0756980327069479,54.554119679252686,10.642395634741035,12.988919525072065,-2.3465238903310297,495.25678100000005
2024-03-27,0,0,0,0,1,1,0,0,491.68655,-0.40937066,-0.0066,-0.0032,0.898,160.0,-0.47660772168534077,0.07068672896837574,0.1612,-0.0005,-16.0,0.0034,2.217331286677364,53.41199747258738,9.450813240885509,12.281298268234753,-2.830485027349244,495.7466155000001
2024-03-28,0,0,1,1,0,0,0,0,483.443,-1.6765893,-0.1113,-0.0019,1.215,93.0,-0.10822444155526038,-1.354312397553534,-0.1047,0.0013000000000000002,-67.0,0.1094,-1.4249991265219097,48.91388331326386,7.751930587683717,11.375424732124547,-3.62349414444083,495.5201155000001
2024-03-29,0,1,1,0,0,0,0,0,483.443,0.0,-0.2473,0.0015,0.011,115.0,-1.5594514323690036,-2.9330681573918898,-0.136,0.0034000000000000002,22.0,0.2488,-1.5787557598383557,48.91388331326387,6.332556080614722,10.366851001822582,-4.034294921207859,494.6877955
2024-04-01,0,0,0,0,1,1,0,0,489.18762,1.1882782,-0.0054,-0.0013,0.33,58.0,-1.1719537809814633,0.1583104249457224,0.2419,-0.0028,-57.0,0.0041,3.091378582337612,52.169357558970944,5.60660493028297,9.414801787514659,-3.808196857231689,494.3473
2024-04-02,0,0,0,0,0,0,0,0,495.18112,1.2251973,0.0022,-0.0066,0.516,96.0,-0.9302048778628333,0.25292057828721287,0.007600000000000001,-0.0053,38.0,-0.0088,0.09461015334149048,55.36522398855374,5.452060810447222,8.62225359210117,-3.170192781653949,494.703226
2024-04-03,0,0,0,0,0,0,0,0,504.5099,1.8839121,-0.0223,-0.0255,2.002,83.0,0.8438175178806144,-0.05811053922747332,-0.0245,-0.0189,-13.0,-0.003199999999999998,-0.3110311175146862,59.86075157481683,6.013023670285918,8.10040760773812,-2.087383937452202,495.23338399999994
2024-04-04,0,0,0,0,0,0,0,0,508.6715,0.8248806,-0.0191,-0.0172,0.899,237.0,-0.45816052320324757,-0.03266138296237164,0.0032000000000000015,0.008299999999999998,154.0,0.001899999999999999,0.025449156265101677,61.71332376355835,6.715979487307266,7.823521983651949,-1.1075424963446832,495.1701649999999
2024-04-05,0,0,1,0,1,0,0,0,525.0192,3.213811,0.0593,0.0032,1.333,79.0,0.040787592215556216,0.9479495857679124,0.0784,0.0204,-158.0,-0.0561,0.9806109687302841,67.96759194389975,8.494282996514187,7.957674186224397,0.5366088102897901,496.2349539999999
2024-04-08,0,0,0,0,0,0,0,0,516.9649,-1.5341222,0.008,0.0011,0.469,47.0,-1.0211483698432349,0.29088204641260984,-0.0513,-0.0021000000000000003,-32.0,-0.0069,-0.6570675393553026,62.546489673909164,9.148231523710308,8.195785653721579,0.952445869988729,498.01011249999993
2024-04-09,0,0,0,0,0,0,0,0,514.6252,-0.4525721,-0.0099,0.0081,0.557,73.0,-0.9123163905535435,0.06418269197635942,-0.0179,0.006999999999999999,26.0,0.018000000000000002,-0.22669935443625042,61.02383208967584,9.369688272667872,8.430566177510837,0.9391220951570354,498.863841
2024-04-10,0,0,0,0,0,0,0,0,517.5423,0.5668402,-0.0076,0.0008,1.009,131.0,-0.3584090160023625,0.07993870932298022,0.002300000000000001,-0.007299999999999999,58.0,0.0084,0.0157560173466208,62.25752071449966,9.669120332134128,8.678277008435495,0.9908433236986323,500.07150599999994
2024-04-11,0,0,0,0,0,0,0,0,520.8576,0.64058304,-0.0043,-0.0012,1.478,153.0,0.2355646416717319,0.10459409483557278,0.0033,-0.002,22.0,0.0031000000000000003,0.024655385512592554,63.66514282484983,10.057997070096235,8.954221020767644,1.1037760493285909,501.631111
2024-04-12,0,0,1,0,0,0,0,0,509.64716,-2.1523,-0.1162,-0.0048,0.927,145.0,-0.4256649647862552,-1.3030877964844385,-0.1119,-0.0036,-8.0,0.1114,-1.4076818913200113,56.052504683462615,9.353771413854588,9.034131099385032,0.3196403144695559,503.014994
2024-04-15,0,0,0,0,1,0,0,0,498.02856,-2.2797406,-0.0065,-0.0018,1.54,65.0,0.3393464053460026,0.09864803968118757,0.10969999999999999,0.0029999999999999996,-80.0,0.004699999999999999,1.401735836165626,49.45258980690594,7.768592094419034,8.781023298391833,-1.012431203972799,503.176781
2024-04-16,0,1,1,1,0,0,0,0,497.56064,-0.0939548,-0.0433,0.0009,1.595,159.0,0.3957038263321785,-0.36111432472217697,-0.0368,0.0027,94.0,0.044199999999999996,-0.45976236440336454,49.2013302169909,6.400784569568714,8.304975552627209,-1.9041909830584949,503.352008
2024-04-17,0,0,1,1,0,0,0,0,491.9952,-1.1185348,-0.0934,-0.0109,1.383,131.0,0.131243792647982,-0.9761703577623213,-0.0501,-0.0118,-28.0,0.08249999999999999,-0.6150560330401443,46.19497090995432,4.812230359847604,7.606426514071288,-2.794196154223684,502.78700499999997
2024-04-18,0,0,0,0,0,0,0,0,499.5916,1.5439987,-0.0194,-0.0061,2.205,129.0,1.134757874553886,-0.03267878592060448,0.074,0.0048,-2.0,0.0133,0.9434915718417168,50.62928507784093,4.118777000552257,6.9088966113674815,-2.790119610815225,502.4903149999999
2024-04-19,0,1,0,0,1,0,0,1,478.95285,-4.1311264,0.0015,-0.0002,2.923,374.0,1.9194141354195482,0.23303088766629884,0.020900000000000002,0.005900000000000001,245.0,-0.0017000000000000001,0.26570967358690334,40.792664663020645,1.8821394455424638,5.903545178202478,-4.021405732660014,501.0710889999999
2024-04-22,0,0,0,0,0,0,0,0,479.60995,0.13719797,-0.0052,-0.0054,2.111,87.0,0.9289835479310521,0.14907866816412843,-0.006699999999999999,-0.005200000000000001,-287.0,-0.00020000000000000052,-0.08395221950217041,41.18446869644981,0.16075743582774749,4.754987629727532,-4.594230193899785,500.01127449999996
2024-04-23,0,0,0,0,0,0,0,0,493.91672,2.982998,0.0034,0.0031,1.748,202.0,0.49233494262178995,0.2595799528321991,0.0086,0.0085,115.0,-0.0002999999999999999,0.11050128466807066,49.08464800964598,-0.04845487874450782,3.794299128033124,-3.842754006777632,500.0217284999999
2024-04-24,0,0,0,0,0,0,0,0,491.32813,-0.5240917,0.0091,0.0016,2.6,200.0,1.547769900994002,0.32483778016912906,0.0057,-0.0014999999999999998,-2.0,-0.007500000000000001,0.06525782733692997,47.83272841926129,-0.4183126764436338,2.9517767671377726,-3.3700894435814064,500.0038074999999
2024-04-25,0,1,1,1,0,0,0,0,439.43753,-10.561294,-0.3332,-0.0479,3.819,347.0,3.066215414078634,-3.500965199696985,-0.3423,-0.049499999999999995,147.0,0.2853,-3.825802979866114,30.847766286385802,-4.842741290863842,1.3928731555374496,-6.235614446401291,497.80353399999984
2024-04-26,0,0,1,1,0,0,0,0,441.33914,0.43272972,-0.4868,-0.074,1.711,272.0,0.5773469641053343,-4.969072339670273,-0.15360000000000001,-0.026099999999999998,-75.0,0.4128,-1.468107139973288,31.803461050530462,-8.102290646425388,-0.506159604855118,-7.59613104157027,495.6983409999999
2024-04-29,0,0,1,1,0,0,0,0,430.71606,-2.4070024,-0.0893,-0.0073,1.244,59.0,-0.030716686517208082,-0.5551152624060534,0.3975,0.0667,-213.0,0.082,4.41395707726422,29.36219456659784,-11.41116002019669,-2.6871596879234323,-8.724000332273256,492.7747629999999
2024-04-30,0,1,1,0,0,0,0,0,428.2769,-0.5663097,-0.3059,-0.009,1.742,104.0,0.674073217480287,-2.722993021999012,-0.21660000000000001,-0.0016999999999999993,45.0,0.2969,-2.167877759592959,28.81525691651663,-14.068114201696119,-4.963350590677969,-9.10476361101815,489.42955199999994
2024-05-01,0,0,1,0,0,0,0,0,437.25714,2.0968437,-0.3245,-0.0137,0.342,97.0,-1.2299736550724223,-2.68256337300335,-0.018600000000000005,-0.004700000000000001,-7.0,0.3108,0.04042964899566215,33.711047178174745,-15.273080649290307,-7.025296602400436,-8.24778404688987,486.0669139999999
2024-05-02,0,0,1,0,0,0,0,0,439.73624,0.56694746,-0.0967,-0.0009,0.333,95.0,-1.2080658318334372,-0.43650061336202206,0.2278,0.0128,-2.0,0.0958,2.246062759641328,35.03928985861668,-15.845327516786767,-8.789302785277702,-7.056024731509066,482.6201509999999
2024-05-03,0,0,0,0,1,0,0,0,449.97095,2.327478,-0.0043,0.0037,0.188,86.0,-1.3603141376536574,0.46841875994543836,0.0924,0.0046,-9.0,0.008,0.9049193733074604,40.35292357672493,-15.296651444121153,-10.090772517046393,-5.20587892707476,478.8677384999999
2024-05-06,0,0,0,0,0,0,0,0,463.63055,3.0356646,-0.0186,0.0011,0.21,56.0,-1.2983853217857249,0.331615640109251,-0.014299999999999998,-0.0026,-30.0,0.0197,-0.13680311983618737,46.62777286971653,-13.602801513182328,-10.793178316273579,-2.809623196908749,476.20102099999997
2024-05-07,0,1,1,0,0,0,0,0,466.1793,0.54973364,-0.0552,0.0003,0.438,62.0,-0.9909607346187828,-0.017703912948006977,-0.0366,-0.0008000000000000001,6.0,0.0555,-0.349319553057258,47.732661399094425,-11.917374342068683,-11.0180175214326,-0.8993568206360827,473.7787259999999
2024-05-08,0,1,0,0,1,0,0,0,470.52014,0.9311557,-0.0035,0.0011,0.933,118.0,-0.320592087849846,0.4908735093848785,0.051699999999999996,0.0008000000000000001,56.0,0.0046,0.5085774223328855,49.64462744614017,-10.114794600118444,-10.83737293716977,0.7225783370513259,471.427618
2024-05-09,0,0,1,0,0,0,0,0,473.32773,0.5967021,-0.0911,0.0012,0.45,101.0,-0.9365269864349451,-0.3569370404526352,-0.0876,9.999999999999983e-05,-17.0,0.09230000000000001,-0.8478105498375137,50.89578823383828,-8.363281416537859,-10.342554633043388,1.9792732165055291,469.05112449999996
2024-05-10,0,1,0,0,1,0,0,0,474.10434,0.16406775,0.0087,-0.001,0.3,115.0,-1.1013817507697028,0.6165621918933011,0.0998,-0.0021999999999999997,14.0,-0.0097,0.9734992323459363,51.25656405661773,-6.833753407561176,-9.640794387946945,2.8070409803857697,467.27398349999993
2024-05-13,0,0,0,0,0,0,0,0,465.95035,-1.7198682,0.0091,0.0002,0.844,39.0,-0.4039283399416851,0.6181575037005341,0.00040000000000000105,0.0012000000000000001,-76.0,-0.0089,0.0015953118072330463,47.325034872021355,-6.20798846141065,-8.954233202639687,2.7462447412290363,465.6700729999999
2024-05-14,0,1,0,0,0,0,0,0,469.77347,0.8204937,-0.0202,-0.0013,0.987,109.0,-0.22497889102505533,0.33431374301155253,-0.0293,-0.0015,70.0,0.0189,-0.2838437606889816,49.28905596567606,-5.341992239082856,-8.23178500992832,2.889792770845464,464.2807144999999
2024-05-15,0,1,1,0,0,0,0,0,479.42078,2.0536184,-0.0848,-0.0061,1.633,158.0,0.604859816699118,-0.2869457150991445,-0.0646,-0.0048000000000000004,49.0,0.0787,-0.621259458110697,53.95458864544427,-3.833041782967541,-7.352036364536164,3.5189945815686228,463.65199349999995
2024-05-16,0,0,1,0,0,0,0,0,471.14734,-1.7257154,-0.1443,-0.0566,1.952,132.0,0.9912298411926709,-0.8453740266685732,-0.05950000000000001,-0.050499999999999996,-26.0,0.08770000000000001,-0.5584283115694286,49.72911998205215,-3.267123769965906,-6.535053845622112,3.2679300756562064,462.22978049999995
2024-05-17,0,0,1,0,0,0,0,0,469.83316,-0.27893782,-0.3231,-0.1597,0.588,106.0,-0.7956103574698473,-2.422567267761909,-0.1788,-0.10310000000000001,-26.0,0.1634,-1.5771932410933358,49.07171774836665,-2.8913434034265606,-5.806311757183002,2.914968353756441,461.77379599999995
2024-05-20,0,0,1,0,1,0,0,0,466.77667,-0.65054893,0.0039,-0.0314,0.311,51.0,-1.1272859932283532,0.6327657840877842,0.327,0.12830000000000003,-55.0,-0.0353,3.055333051849693,47.498975851770446,-2.807801368064645,-5.20660967935933,2.398808311294685,461.1321319999999
2024-05-21,0,1,0,0,0,0,0,0,462.58524,-0.89796185,-0.0019,-0.0091,0.89,88.0,-0.3711523788171553,0.5775431712508633,-0.0058,0.022299999999999997,37.0,-0.007200000000000001,-0.05522261283692087,45.35238040442982,-3.0447095583872397,-4.774229655164912,1.729520096777672,459.56555799999995
2024-05-22,0,0,0,0,0,0,0,0,465.72134,0.67795515,-0.0026,-0.0014,0.748,126.0,-0.5343434129055602,0.5717367652678209,-0.0006999999999999999,0.0077,38.0,0.0012,-0.005806405983042384,47.272445513122676,-2.9454506242138905,-4.408473848974707,1.4630232247608168,458.2852185
2024-05-23,0,0,0,0,0,0,0,0,463.73016,-0.42755008,-0.0005,0.0024,0.914,142.0,-0.3035486891718788,0.5868207700192298,0.0021,0.0037999999999999996,16.0,0.0029,0.01508400475140892,46.163403921526495,-2.99295783391608,-4.125370645962982,1.1324128120469021,459.49985
2024-05-24,0,0,0,0,0,0,0,0,476.11542,2.6707888,-0.0036,-0.002,1.068,108.0,-0.08497543233747613,0.5572801219477026,-0.0031,-0.004399999999999999,-34.0,0.0015999999999999999,-0.02954064807152723,53.47490170772564,-2.0080728519572517,-3.701911087161836,1.6938382352045842,461.23866399999997
2024-05-27,0,0,0,0,0,0,0,0,476.11542,0.0,-0.0035,-0.0014,0.431,42.0,-0.9115337443567407,0.5582943932765739,9.999999999999983e-05,0.0006000000000000001,-66.0,0.0021000000000000003,0.00101427132887133,53.47490170772564,-1.2135552979785302,-3.204239929325175,1.9906846313466446,463.5086319999999
2024-05-28,0,0,0,0,0,0,0,0,477.80795,0.3554821,-0.0001,-0.0005,0.794,77.0,-0.41087383807892214,0.5889960728321306,0.0034000000000000002,0.0009,35.0,-0.0004,0.030701679555556693,54.45522193566664,-0.44222370670775035,-2.65183668480169,2.2096129780939395,465.98518449999995
2024-05-29,0,0,0,0,0,0,0,0,472.27234,-1.1585295,-0.0047,-0.0002,0.79,106.0,-0.39117019440269,0.5401487707466315,-0.0046,0.00030000000000000003,29.0,0.0045000000000000005,-0.048847302085499145,50.693015805075106,-0.27445162002311463,-2.176359671845975,1.9019080518228604,467.7359444999999
2024-05-30,0,0,0,0,0,0,0,0,464.99454,-1.5410244,-0.002,-0.0011,0.692,139.0,-0.5190172114455237,0.5597807964816158,0.0027,-0.0009000000000000001,33.0,0.0009,0.01963202573498435,46.17612251246976,-0.7204438413383514,-1.8851765057444503,1.164732664406099,468.99885949999987
2024-05-31,0,0,0,0,0,0,0,0,464.7755,-0.04710555,-0.0286,-0.0001,0.964,98.0,-0.1595927830545076,0.31272018951001124,-0.0266,0.001,-41.0,0.0285,-0.2470606069716046,46.04314912906453,-1.0791310364845685,-1.723967411892474,0.6448363754079054,469.7390869999998
2024-06-03,0,0,0,0,0,0,0,0,475.3886,2.2834897,-0.0112,-0.001,0.49,39.0,-0.7936479775858768,0.47591018096853266,0.0174,-0.0009,-59.0,0.0102,0.16318999145852142,53.09170877515137,-0.5012269183058606,-1.4794193131751512,0.9781923948692905,470.32698949999985
2024-06-04,0,0,0,0,0,0,0,0,474.8908,-0.10471344,0.0021,0.001,0.464,81.0,-0.8139378008707053,0.5871722044513593,0.0133,0.002,42.0,-0.0010999999999999998,0.11126202348282666,52.743674921849184,-0.0824515901794598,-1.200025768576013,1.1175741783965532,470.7625644999998
2024-06-05,0,1,1,0,0,0,0,0,492.8813,3.78834,-0.0761,-0.0013,1.431,85.0,0.4819962243402727,-0.12872691923339957,-0.0782,-0.0023,4.0,0.0748,-0.7158991236847589,62.34956846714752,1.6817279585255847,-0.6236750231556935,2.305402981681278,471.88062249999984
2024-06-06,0,0,1,0,0,0,0,0,491.58704,-0.26259422,-0.2073,-0.0038,1.915,76.0,1.1021724707098666,-1.299534868080107,-0.1312,-0.0025,-9.0,0.20350000000000001,-1.1708079488467076,61.38287665453876,2.9415091096930723,0.08936180341405975,2.8521473062790124,472.79358799999983
2024-06-07,0,1,0,0,1,0,0,0,490.79053,-0.1620233,-0.0168,-0.0009,1.374,139.0,0.3514141544181674,0.44424929415543163,0.1905,0.0029,63.0,0.015899999999999997,1.7437841622355388,60.758543597738665,3.8314564035172793,0.8377807234347037,2.9936756800825757,473.62789749999985
2024-06-10,0,0,0,0,0,0,0,0,500.38812,1.955533,-0.0217,0.0045,1.221,43.0,0.13451996529753002,0.38406097533762357,-0.004900000000000002,0.005399999999999999,-96.0,0.0262,-0.06018831881780806,65.33394460669724,5.25066495106023,1.720357568959809,3.530307382100421,475.3497859999999
2024-06-11,0,1,0,0,0,0,0,0,505.2367,0.96895695,-0.1043,-0.1312,0.681,92.0,-0.5919373574936875,-0.3588308173097617,-0.0826,-0.13570000000000002,49.0,-0.026900000000000007,-0.7428917926473853,67.40177562981725,6.689525152684382,2.714191085704724,3.9753340669796584,477.12294749999984
2024-06-12,0,0,0,0,1,0,0,0,506.60065,0.26996136,-0.015,-0.0206,0.978,48.0,-0.1806516074018044,0.46169914906533344,0.0893,0.1106,-44.0,-0.005600000000000001,0.8205299663750951,67.98039786550831,7.8494084997951745,3.741234568522814,4.10817393127236,478.48194099999984
2024-06-13,0,1,1,0,0,0,0,0,501.8815,-0.9315312,-0.0074,-0.0434,1.996,82.0,1.1662742296426412,0.5322213272151436,0.007599999999999999,-0.0228,34.0,-0.036000000000000004,0.07052217814981016,63.76322444921531,8.292240654941281,4.651435785806507,3.640804869134774,480.0186489999998
2024-06-14,0,1,0,0,0,0,0,0,502.4396,0.111079216,-0.005,0.0013,1.956,115.0,1.075756871787829,0.5509242490551209,0.0024000000000000002,0.044700000000000004,33.0,0.0063,0.01870292183997735,64.04727945127858,8.58921125336127,5.43899087931746,3.15022037404381,481.6489709999998
2024-06-17,0,0,1,0,0,0,0,0,504.90118,0.48992634,-0.0411,-0.0028,1.085,42.0,-0.06268402248295918,0.1945475676732878,-0.0361,-0.0040999999999999995,-73.0,0.0383,-0.35637668138183315,65.33788798475393,8.920363132426985,6.135265329939365,2.78509780248762,483.55519649999985
2024-06-18,0,1,0,0,0,0,0,0,497.78552,-1.4093161,-0.0019,-0.0001,0.817,64.0,-0.42000824115113455,0.5387924044783756,0.0392,0.0027,22.0,0.0018,0.34424483680508783,58.770290500509034,8.510525053262768,6.6103172746040455,1.9002077786587224,485.3152104999998
2024-06-19,0,1,1,0,0,0,0,0,497.78552,0.0,-0.0653,0.001,0.816,76.0,-0.4192176120818456,-0.049065090854945315,-0.0634,0.0011,12.0,0.0663,-0.5878574953333209,58.77029050050903,8.092440802598333,6.906741980202903,1.1856988223954295,486.9184194999998
2024-06-20,0,0,1,0,1,0,0,0,499.98804,0.4424572,-0.0455,0.0083,1.052,57.0,-0.09344308032615045,0.1276510968505931,0.019799999999999998,0.0073,-19.0,0.0538,0.1767161877055384,60.206212187176874,7.848359970281763,7.095065578218675,0.7532943920630881,488.7313134999998
2024-06-21,0,0,0,0,0,0,0,0,493.0916,-1.3793111,-0.032,-0.0096,0.793,93.0,-0.4732611742940651,0.22755119770561436,0.013499999999999998,-0.0179,36.0,0.022400000000000003,0.09990010085502127,53.878773239532286,7.017545187466453,7.07956150006823,-0.0620163126017772,489.58012249999985
2024-06-24,0,1,0,0,0,0,0,0,497.20752,0.83471537,-0.0001,-0.0021,2.767,150.0,2.1473533459438108,0.5364632793024193,0.0319,0.0075,57.0,-0.002,0.30891208159680494,56.79705145089148,6.614985398224064,6.986646279699397,-0.37166088147533305,490.6347274999998
2024-06-25,0,0,0,0,0,0,0,0,508.85764,2.3431063,0.0008,-0.0067,1.536,148.0,0.46723929745982756,0.5455018223994124,0.0009000000000000001,-0.0046,-2.0,-0.007500000000000001,0.009038543096993035,63.78247532411743,7.153559404963232,7.020028904752165,0.1335305002110676,492.1872119999998
2024-06-26,0,0,0,0,0,0,0,0,511.36908,0.49353838,-0.001,-0.0019,1.472,101.0,0.39611130776308967,0.5237896292300231,-0.0018,0.0048000000000000004,-47.0,-0.0009,-0.021712193169389216,65.09277837193954,7.694339844374667,7.154891092676666,0.5394487516980018,494.1420489999999
2024-06-27,0,0,0,0,0,0,0,0,517.7871,1.2550712,-0.0237,0.0006,1.725,91.0,0.7208862669618565,0.304402445097115,-0.022699999999999998,0.0025,-10.0,0.0243,-0.21938718413290814,68.25366900162871,8.542322241698457,7.432377322481024,1.1099449192174333,496.78167699999983
2024-06-28,0,1,0,0,0,0,0,0,502.4994,-2.9524982,-0.0171,-0.0345,1.172,149.0,-0.02912836813166563,0.3844149456356791,0.006599999999999998,-0.035100000000000006,58.0,-0.017400000000000002,0.08001250053856407,55.38792152929896,7.889815889268959,7.523865035838611,0.3659508534303484,498.6678719999999
2024-07-01,0,0,1,0,0,0,0,0,502.95782,0.09123087,-0.1747,-0.0431,2.969,96.0,2.275137947650138,-1.1210357205997115,-0.1576,-0.008599999999999997,-53.0,0.1316,-1.5054506662353906,55.657839598094625,7.325249648598913,7.484141958390671,-0.15889230979175828,500.0463329999999
2024-07-02,0,1,1,0,0,0,0,0,507.76138,0.95505714,-0.1132,-0.4766,2.447,156.0,1.5278672424683373,-0.5062902823514065,0.0615,-0.4335,60.0,-0.36340000000000006,0.614745438248305,58.49182424900897,7.1826370139019104,7.423840969492919,-0.2412039555910086,501.6898619999999
2024-07-03,0,1,0,0,1,1,0,0,508.21982,0.090277195,-0.0018,-0.002,1.506,172.0,0.2992741255458859,0.5752592927473301,0.1114,0.4746,16.0,-0.0002000000000000001,1.0815495750987365,58.76270291634835,7.0256207671860125,7.344196929031538,-0.3185761618455256,502.45678799999996
2024-07-04,0,0,0,0,0,0,0,0,508.21982,0.0,-0.0014,-0.0024,0.981,134.0,-0.3694172552976749,0.5785196393598652,0.00039999999999999996,-0.00039999999999999975,-38.0,-0.0009999999999999998,0.0032603466125350478,58.76270291634835,6.8225382859449155,7.239865200414213,-0.4173269144692977,503.28842699999996
2024-07-05,0,0,0,0,0,0,0,0,538.06757,5.8730006,-0.0019,-0.0068,1.238,78.0,-0.04369394941437873,0.5550641624416448,-0.0005,-0.004399999999999999,-56.0,-0.0049,-0.023455476918220364,72.37522018500212,8.966695449805059,7.585231250292383,1.381464199512676,505.6522789999999
2024-07-08,0,0,0,0,0,0,0,0,527.5138,-1.9614339,-0.0087,0.0062,1.111,35.0,-0.199148952362409,0.48947791625380693,-0.0068,0.013,-43.0,0.0149,-0.06558624618783787,64.29362859073812,9.702509917788916,8.008686983791689,1.693822933997227,507.008563
2024-07-09,0,1,1,0,0,0,0,0,528.1914,0.12845993,-0.0546,0.0127,1.769,94.0,0.649062758201078,0.04552619672785306,-0.0459,0.0065,59.0,0.0673,-0.44395171952595386,64.56719513811841,10.222486382245847,8.45144686348252,1.7710395187633274,508.156298
2024-07-10,0,1,0,0,0,0,0,0,532.8654,0.8849025,-0.0033,0.0034,1.387,166.0,0.15460653259346216,0.528491176258286,0.051300000000000005,-0.0093,72.0,0.006699999999999999,0.48296497953043294,66.47521656049614,10.88623447967234,8.938404386720483,1.9478300929518557,509.4695355
2024-07-11,0,0,0,0,0,0,0,0,510.95047,-4.112661,0.01,0.0034,1.012,67.0,-0.3086539186509548,0.6511339785153074,0.0133,0.0,-99.0,-0.0066,0.1226428022570214,52.26438166487137,9.534005843984573,9.057524678173301,0.476481165811272,509.922984
2024-07-12,0,1,0,0,0,0,0,0,497.16763,-2.6974857,-0.0175,0.0004,1.668,88.0,0.6016738104974774,0.3886930376784362,-0.027500000000000004,-0.0029999999999999996,21.0,0.017900000000000003,-0.2624409408368712,45.65406059607113,7.266432002987244,8.69930614313609,-1.4328741401488454,509.6593855
2024-07-15,0,0,0,0,0,0,0,0,494.46692,-0.5432248,-0.0006,0.0017,0.575,39.0,-0.859126174228936,0.5514950430650839,0.016900000000000002,0.0013,-49.0,0.0023,0.16280200538664769,44.467251289297764,5.191593215846979,7.997763557678267,-2.8061703418312884,509.1376725
2024-07-16,0,0,0,0,0,0,0,0,488.11865,-1.2838602,-0.0041,-0.0036,1.251,56.0,0.08017398425926622,0.5191580510596029,-0.0035000000000000005,-0.0053,17.0,0.0005000000000000004,-0.03233699200548101,41.721723205969425,3.0004291152003475,6.998296669182683,-3.997867553982336,508.6543290000001
2024-07-17,0,0,0,0,0,0,0,0,460.41348,-5.675906,-0.0017,-0.0054,1.511,97.0,0.47853929311902654,0.5447420507971804,0.0024000000000000002,-0.0018000000000000004,41.0,-0.0037,0.025583999737577523,32.33777078389453,-0.9605868510064965,5.406519965144847,-6.3671068161513436,506.78572700000007
2024-07-18,0,0,0,0,0,0,0,0,474.2262,3.0000687,-0.0132,-0.0162,2.433,88.0,2.0218902897260014,0.406703224875543,-0.0115,-0.010799999999999999,-9.0,-0.002999999999999999,-0.1380388259216374,39.628314716295996,-2.951130678080176,3.7349898364998424,-6.686120514580018,505.497635
2024-07-19,0,0,0,0,0,0,0,0,475.16302,0.19754171,0.0038,0.001,1.79,167.0,1.0032396914486466,0.6147514851517678,0.017,0.0172,79.0,-0.0028,0.2080482602762248,40.09973040881565,-4.402310363929075,2.1075297964140587,-6.509840160343134,504.601206
2024-07-22,0,0,1,0,0,0,0,0,485.73676,2.2252917,-0.0694,-0.0063,1.697,46.0,0.8398963704135206,-0.32507863238229007,-0.0732,-0.0073,-121.0,0.0631,-0.9398301175340579,45.29223473931941,-4.645616495418324,0.7569005380475822,-5.402517033465906,504.027668
2024-07-23,0,1,0,0,1,0,0,1,487.0224,0.26466846,-0.0256,-0.004,2.308,92.0,1.7466418813374598,0.1955605964783259,0.043800000000000006,0.0023,46.0,0.0216,0.520639228860616,45.90623804344448,-4.680741282249812,-0.3306278260118969,-4.350113456237915,502.935906
2024-07-24,0,0,0,0,0,0,0,0,459.69592,-5.610919,-0.0173,-0.0032,2.98,210.0,2.5857500857167817,0.2845569527329481,0.008300000000000002,0.0007999999999999999,118.0,0.0141,0.08899635625462221,36.52326742320568,-6.8348090635878975,-1.631464073527097,-5.203344990060801,500.352248
2024-07-25,0,0,0,1,0,0,0,0,451.8628,-1.7039895,-0.0714,-0.0576,2.578,189.0,1.908028920603184,-0.6369849088154234,-0.05410000000000001,-0.0544,-21.0,0.013800000000000007,-0.9215418615483715,34.3555562916647,-9.069443717757736,-3.119060002373225,-5.950383715384511,497.056033
2024-07-26,0,0,0,1,0,0,0,0,464.11084,2.710569,-0.0824,-0.0943,1.508,169.0,0.34422319911569244,-0.7985221552792348,-0.010999999999999996,-0.036699999999999997,-20.0,-0.011899999999999994,-0.1615372464638114,40.32008933060681,-9.739818746320964,-4.443211751162773,-5.296606995158191,495.136605
2024-07-29,0,0,0,0,1,0,0,0,464.1208,0.0021457672,0.0037,-0.0037,1.384,44.0,0.13654643566303057,0.6464345039499992,0.0861,0.0906,-125.0,-0.0074,1.444956659229234,40.32483775481553,-10.153251731704472,-5.585219747271113,-4.568031984433359,493.194754
2024-07-30,0,0,0,0,0,0,0,0,461.6094,-0.54110885,0.0053,-0.0017,3.41,181.0,2.9046603421888166,0.6546328807037346,0.0015999999999999999,0.002,137.0,-0.007,0.008198376753735359,39.472028265665465,-10.561799492541013,-6.580535696325093,-3.98126379621592,490.887155
2024-07-31,0,1,1,0,0,0,0,0,473.2097,2.5130033,-0.0826,-0.0222,2.931,301.0,2.105812246921679,-0.7958262784458938,-0.0879,-0.0205,120.0,0.06040000000000001,-1.4504591591496285,45.23348753005362,-9.836144325190276,-7.231657422098129,-2.6044869030921465,489.1366489999999
2024-08-01,1,0,1,0,1,0,0,1,496.04147,4.8248887,0.3574,0.0989,3.449,295.0,2.6092898697784417,4.939426442824016,0.44,0.1211,-6.0,-0.2585,5.73525272126991,54.428014100863564,-7.3341804838164535,-7.252162034441794,-0.08201844937465985,488.52773149999996
2024-08-02,0,0,1,0,0,0,0,0,486.47427,-1.9287109,0.3385,0.0426,1.708,196.0,0.3397291142623937,3.9595445606406003,-0.018899999999999972,-0.0563,-99.0,-0.29590000000000005,-0.9798818821834154,50.59490626532064,-6.053567440189454,-7.012443115591326,0.9588756754018721,485.9480665
2024-08-05,0,0,0,0,0,0,0,0,474.10663,-2.542305,-0.0184,-0.0099,1.274,86.0,-0.24043645630153695,0.04519855012265753,-0.3569,-0.0525,-110.0,0.008499999999999999,-3.9143460105179426,46.07735816556913,-5.967843973641948,-6.80352328720145,0.8356793135595026,483.27770799999996
2024-08-06,0,0,0,0,0,0,0,0,492.40393,3.8593292,-0.0089,-0.012,1.713,145.0,0.32338288265769827,0.14753257243804233,0.0095,-0.0020999999999999994,59.0,-0.0031000000000000003,0.1023340223153848,52.79299624600573,-4.373058420379493,-6.317430313837059,1.944371893457566,481.4883345
2024-08-07,0,0,1,0,0,0,0,0,487.25162,-1.0463655,0.0219,-0.0098,1.087,94.0,-0.49138883950585005,0.4675266972777599,0.0308,0.0022000000000000006,-51.0,-0.0317,0.31999412483971756,50.871709811971186,-3.484757620297728,-5.750895775129193,2.2661381548314647,479.2076455
2024-08-08,0,0,0,0,0,0,0,0,507.89093,4.2358637,0.0067,0.0027,0.554,132.0,-1.1548859992502172,0.2766665712712507,-0.015199999999999998,0.0125,38.0,-0.004,-0.1908601260065092,57.53813145700592,-1.1026424336775449,-4.821245106838863,3.7186026731613184,479.05466850000005
2024-08-09,0,0,0,0,0,0,0,0,516.0032,1.5972376,0.0031,-0.0025,0.319,76.0,-1.4456875178913045,0.19631806000055024,-0.0036000000000000003,-0.0052,-56.0,-0.0056,-0.08034851127070047,59.84454704428308,1.4233855038017964,-3.5723189847107313,4.995704488512528,479.996447
2024-08-12,0,0,0,0,0,0,0,0,514.18933,-0.35150647,-0.0116,-0.007,0.634,31.0,-1.0527499506642282,0.015644427352028364,-0.0147,-0.0045000000000000005,-45.0,0.004599999999999999,-0.18067363264852188,59.07192335643043,3.241550121441719,-2.209545163480241,5.45109528492196,480.9825674999999
2024-08-13,0,1,1,0,0,0,0,0,526.7364,2.4401546,-0.0601,-0.0003,0.5,92.0,-1.2098128302803213,-0.5776447398746701,-0.0485,0.0067,61.0,0.0598,-0.5932891672266984,62.662841796003775,5.630003196556288,-0.6416354914729352,6.271638688029223,482.9134549999999
2024-08-14,0,0,0,0,1,0,0,0,524.9625,-0.3367722,-0.0049,0.0032,1.435,85.0,-0.008968212914965891,0.11182046729527076,0.0552,0.0035,-7.0,0.0081,0.6894652071699409,61.83679871228267,7.295631067981617,0.9458178204179752,6.349813247563642,486.1409059999999
2024-08-15,0,1,0,0,0,0,0,0,535.49634,2.0066023,-0.0258,-0.0014,0.469,139.0,-1.2519455651880216,-0.14380475155165198,-0.020900000000000002,-0.0046,54.0,0.0244,-0.25562521884692274,64.80388141811076,9.357775399520165,2.628209336238413,6.7295660632817516,489.20441299999993
2024-08-16,0,0,0,0,0,0,0,0,525.6202,-1.8443108,-0.017,-0.0009,1.038,126.0,-0.5132674431769786,-0.03117053229375956,0.008799999999999999,0.0005,-13.0,0.0161,0.11263421925789242,60.087044100751456,10.078934002298013,4.118354269450333,5.9605797328476795,491.7272719999999
2024-08-19,0,0,0,0,1,0,0,0,527.4738,0.35266876,0.0017,-0.008,0.373,44.0,-1.3717503616192264,0.20117684449975523,0.0187,-0.0071,-82.0,-0.0097,0.2323473767935148,60.66571889090901,10.67695018393539,5.430073452347345,5.246876731588045,493.8141239999999
2024-08-20,0,0,0,0,0,0,0,0,524.93256,-0.48179626,-0.0131,-0.0019,0.311,61.0,-1.4245527389830892,0.019145095630448975,-0.0148,0.0061,17.0,0.0112,-0.18203174886930626,59.394325439640184,10.821086734404105,6.508276108758697,4.312810625645408,495.7096319999999
2024-08-21,0,0,0,0,0,0,0,0,533.3338,1.6004443,-0.0023,-0.0022,0.299,90.0,-1.412683396969293,0.15348290664243072,0.0108,-0.00030000000000000014,29.0,9.999999999999983e-05,0.13433781101198175,62.213703657827665,11.480881390931984,7.502797165193354,3.9780842257386295,499.3915259999999
2024-08-22,0,0,0,0,0,0,0,0,530.11487,-0.60355663,-0.0064,-0.0048,0.324,73.0,-1.3611074247351245,0.10322227968322763,-0.0041,-0.0025999999999999994,-17.0,0.0016000000000000007,-0.050260626959203095,60.48094528803588,11.610197530480264,8.324277238250737,3.2859202922295268,503.3041294999998
2024-08-23,0,0,0,0,0,0,0,0,526.19824,-0.73881745,-0.0056,0.0044,0.712,60.0,-0.8665193196793346,0.10844231868222054,0.0008000000000000004,0.0092,-13.0,0.01,0.0052200389989929125,58.351390320474394,11.266765930063912,8.912774976613372,2.3539909534505394,506.40849949999983
2024-08-26,0,0,0,0,0,0,0,0,519.34174,-1.3030291,-0.0009,-0.0001,0.831,57.0,-0.7300513454513942,0.16495808589170124,0.0047,-0.0045000000000000005,-3.0,0.0007999999999999999,0.056515767209480705,54.71907416531662,10.322342129964909,9.19468840728368,1.127653722681229,509.1695464999998
2024-08-27,0,0,0,0,0,0,0,0,517.32855,-0.38763285,-0.0049,-0.0044,2.988,214.0,1.890054471098769,0.11649912387921083,-0.004,-0.0043,157.0,0.0004999999999999996,-0.04845896201249042,53.662809366472565,9.304179071426177,9.216586540112178,0.08759253131399802,511.95550399999985
2024-08-28,0,0,0,0,0,0,0,0,515.01654,-0.44691563,-0.0053,-0.0131,1.679,237.0,0.27180217041799626,0.09726078811748247,-0.0004000000000000002,-0.0087,23.0,-0.0078000000000000005,-0.019238335761728356,52.411540558452586,8.216008594549066,9.016470950999556,-0.80046235645049,514.0458459999999
2024-08-29,0,0,0,0,0,0,0,0,516.45154,0.2786398,-0.0101,-0.0034,1.302,166.0,-0.18031604133821458,-0.0044828265870000715,-0.0048,0.0097,-71.0,0.006699999999999999,-0.10174361470448254,53.14185382906618,7.38429658452236,8.690036077704118,-1.3057394931817576,515.0663494999999
2024-08-30,0,0,0,0,1,0,0,0,519.5311,0.59627295,-0.0019,-0.0017,0.653,137.0,-0.9590339660702182,0.10087335389173205,0.008199999999999999,0.0017,-29.0,0.0002000000000000001,0.10535618047873212,54.746863610008525,6.894181743794547,8.330865210922203,-1.436683467127656,516.7191909999999
2024-09-02,0,0,0,0,0,0,0,0,519.5311,0.0,0.0004,-0.0122,0.093,45.0,-1.5872097671187002,0.12647808234990943,0.0023,-0.0105,-92.0,-0.0126,0.025604728458177378,54.74686361000853,6.431622461243819,7.951016660986527,-1.5193941997427078,518.9904144999998
2024-09-03,0,0,0,0,0,0,0,0,510.01364,-1.831919,-0.0018,-0.0011,0.187,39.0,-1.4477246557014285,0.07573099033749799,-0.0022,0.0111,-6.0,0.0006999999999999999,-0.05074709201241144,48.76050741994007,5.23669604373265,7.408152537535751,-2.1714564938031016,519.8708999999998
2024-09-04,0,0,0,0,0,0,0,0,510.9903,0.1914978,-0.0055,-0.0008,0.551,103.0,-1.0015625638961305,0.02389466615075077,-0.0036999999999999997,0.00030000000000000003,64.0,0.004699999999999999,-0.05183632418674722,49.372292103575134,4.318732884215592,6.790268606871719,-2.471535722656127,521.0578339999997
2024-09-05,0,0,0,0,0,0,0,0,515.09625,0.8035302,0.0005,-0.0017,0.496,142.0,-1.0316764173727013,0.10273548112928814,0.006,-0.0008999999999999999,39.0,-0.0021999999999999997,0.07884081497853737,51.96870078470014,3.877854820386233,6.207785849574622,-2.329931029188389,521.4180999999998
2024-09-06,0,0,0,0,0,0,0,0,498.56284,-3.2097638,0.0038,-0.0019,0.132,106.0,-1.403592825926303,0.14507626924059153,0.0033,-0.0002000000000000001,-36.0,-0.0057,0.04234078811130339,42.513956751436524,2.169340954760571,5.4000968706118115,-3.2307559158512404,520.5460819999998
2024-09-09,0,0,0,0,0,0,0,0,503.06744,0.90351105,0.0004,0.001,0.374,41.0,-1.0994582584046,0.09027001526835718,-0.0034,0.0029,-65.0,0.0006000000000000001,-0.05480625397223435,45.42711011437681,1.165381191609299,4.553153734811309,-3.3877725432020096,519.9899874999999
2024-09-10,0,0,0,0,0,0,0,0,503.06744,0.0,0.0022,-0.0002,0.647,76.0,-0.7819961617992847,0.11356283461278,0.0018000000000000002,-0.0012000000000000001,35.0,-0.0024000000000000002,0.023292819344422816,45.42711011437681,0.36552233225597774,3.7156274543002423,-3.3501051220442646,518.8065395
2024-09-11,0,0,0,0,0,0,0,0,510.08337,1.3946295,0.0049,-0.0022,0.403,93.0,-1.0459204937388982,0.1348644289181172,0.0026999999999999997,-0.002,17.0,-0.0071,0.021301594305337207,50.003653484269236,0.2943621167254946,3.0313743867852927,-2.737012270059798,518.062583
2024-09-12,0,0,0,0,0,0,0,0,523.80646,2.690339,-0.001,-0.0031,0.624,105.0,-0.7835780569369744,0.04513815632527954,-0.0059,-0.0008999999999999998,12.0,-0.0021,-0.08972627259283766,57.509560807559204,1.3299746872730793,2.69109444688285,-1.3611197596097706,517.478089
2024-09-13,0,0,0,0,0,0,0,0,522.8298,-0.18644929,0.0045,0.0032,0.547,93.0,-0.8629527498160179,0.1116014801042183,0.0055,0.0063,-12.0,-0.0012999999999999995,0.06646332377893877,56.855357856695456,2.0482854512374615,2.5625326477537724,-0.5142471965163109,517.338569
2024-09-16,0,0,0,0,0,0,0,0,531.9673,1.7460346,-0.0031,-0.0007,0.604,45.0,-0.7723330804270007,0.009096653891383097,-0.007599999999999999,-0.0039000000000000003,-48.0,0.0024,-0.1025048262128352,61.29188499687156,3.31663963438632,2.713354045080282,0.6032855893060378,517.563244
2024-09-17,0,0,0,0,0,0,0,0,534.9948,0.56911707,-0.0066,-0.0014,3.314,186.0,2.2039331680322567,-0.0367494630489007,-0.0035,-0.0007,141.0,0.0052,-0.045846116940283795,62.66185316420011,4.514077930193707,3.073498822102967,1.4405791080907404,518.066356
2024-09-18,0,0,0,0,0,0,0,0,536.62573,0.30486584,-0.0104,-0.001,1.749,189.0,0.47924143616162274,-0.08621203653996665,-0.0037999999999999996,0.00039999999999999996,3.0,0.009399999999999999,-0.04946257349106595,63.41307841239797,5.530902031693017,3.564979464020977,1.9659225676720404,518.2309525000001
2024-09-19,0,0,0,0,0,0,0,0,557.72363,3.931582,-0.0226,0.0036,1.483,104.0,0.19229726188873075,-0.2521132233908121,-0.012199999999999999,0.0046,-85.0,0.026199999999999998,-0.16590118685084546,71.42291901555545,7.947552230512315,4.441494017319244,3.5060582131930706,519.6113905000001
2024-09-20,0,0,0,0,1,0,0,0,559.9681,0.40242672,0.0141,-0.0066,0.599,85.0,-0.764126049277673,0.23907105680876728,0.036699999999999997,-0.0102,-19.0,-0.0207,0.4911842801995794,72.12214352144107,9.929414782515892,5.539078170358573,4.390336612157318,521.2998835000001
2024-09-23,0,0,0,0,0,0,0,0,563.02057,0.5451083,-0.0042,0.0102,0.834,39.0,-0.4815642687753246,-0.05031609023134204,-0.0183,0.016800000000000002,-46.0,0.0144,-0.2893871470401093,73.08661498470241,11.61250225451272,6.753762987189402,4.858739267323317,523.4838250000001
2024-09-24,0,0,0,0,1,0,0,0,561.9433,-0.19134283,0.0101,-0.0072,1.278,79.0,0.039640736750455804,0.12705409287039107,0.0143,-0.0174,40.0,-0.0173,0.1773701831017331,72.13808199477062,12.712888253889105,7.945588040529342,4.767300213359762,525.7145625000002
2024-09-25,0,0,0,0,0,0,0,0,566.91095,0.8840203,-0.0014,-0.0014,2.69,163.0,1.5930865783240002,-0.04069927748316896,-0.0115,0.0058,84.0,0.0,-0.16775337035356003,73.82506720404186,13.826417589538437,9.121753950331161,4.704663639207276,528.3092830000002
2024-09-26,0,0,0,0,1,0,0,1,566.4422,-0.082695484,0.0021,0.003,2.893,461.0,1.738525788622811,0.00947637762946405,0.0034999999999999996,0.0044,298.0,0.0009000000000000002,0.050175655112633014,73.37361150948736,14.503881683400095,10.198179496944949,4.305702186455147,530.8088160000001
2024-09-27,0,0,0,0,0,0,0,0,565.9633,-0.08453727,-0.0242,0.0014,1.656,163.0,0.38481419017185314,-0.36811083220906415,-0.0263,-0.0016,-298.0,0.025599999999999998,-0.3775872098385282,72.88323779588626,14.831169145161766,11.124777426588313,3.706391718573453,533.130426
2024-09-30,0,0,1,0,1,0,0,0,571.0308,0.895381,0.0878,-0.0037,0.882,58.0,-0.45134994931678424,1.2235639052572633,0.112,-0.0051,-105.0,-0.0915,1.5916747374663274,74.80227018387458,15.322819787337835,11.964385898738218,3.358433888599617,535.7054110000001
2024-10-01,0,1,0,0,0,0,0,0,575.0509,0.7040024,0.007,0.0039,0.849,98.0,-0.4706791586955976,0.04752582414027887,-0.0808,0.0076,40.0,-0.0031000000000000003,-1.1760380811169844,76.23888103619699,15.85408886838934,12.742326492668443,3.1117623757208968,538.9572740000001
2024-10-02,0,0,1,0,0,0,0,0,571.39996,-0.63489676,-0.0381,-0.0012,0.7,94.0,-0.6179930931370713,-0.59447578389026,-0.0451,-0.0050999999999999995,-4.0,0.0369,-0.6420016080305389,72.2122562250553,15.798408873562039,13.353542968847162,2.4448659047148773,541.9777570000002
2024-10-03,0,1,0,0,0,0,0,0,581.3354,1.7387986,-0.0165,-0.0009,0.904,102.0,-0.3950760314071594,-0.27653410033580883,0.0216,0.0002999999999999999,8.0,0.015600000000000001,0.3179416835544512,75.93688943237802,16.36731681067954,13.956297737213637,2.411019073465903,545.2897145000002
2024-10-04,0,1,1,0,1,0,0,1,594.473,2.2598982,0.0422,-0.009,2.301,138.0,1.0942089518942684,0.5538764406058121,0.0587,-0.0081,36.0,-0.0512,0.8304105409416209,79.79371735000448,17.67453394875531,14.699944979521971,2.9745889692333396,550.0852225000001
2024-10-07,0,0,0,0,0,0,0,0,583.34045,-1.8726647,-0.0026,-0.0013,0.822,68.0,-0.49659521829355824,-0.08992849341833367,-0.0448,0.007699999999999999,-70.0,0.0013,-0.6438049340241457,69.61190032563533,17.609221063216296,15.281800196260836,2.3274208669554604,554.0988730000001
2024-10-08,0,0,0,0,0,0,0,0,591.4305,1.3868451,-0.0037,-0.0041,0.903,102.0,-0.40275251639447296,-0.10584446551660316,-0.0011000000000000003,-0.0028000000000000004,34.0,-0.0004000000000000002,-0.01591597209826949,72.37097459237447,18.002735229096402,15.82598720282795,2.176748026268452,558.5170260000001
2024-10-09,0,0,0,0,1,0,0,0,589.05634,-0.40142536,0.014,0.0053,0.969,88.0,-0.3221119947747894,0.1449181160096909,0.0177,0.0094,-14.0,-0.0087,0.25076258152629405,70.35223089694477,17.916492991776295,16.244088360617617,1.6724046311586775,562.4656745
2024-10-10,0,0,0,0,0,0,0,0,582.39276,-1.1312246,0.0047,0.0046,0.856,123.0,-0.42019358477184,0.00690560925235483,-0.0093,-0.0007000000000000001,35.0,-0.00010000000000000026,-0.13801250675733606,64.88179498755349,17.11318009368472,16.417906707231037,0.6952733864536818,565.3949895000001
2024-10-11,0,0,0,0,0,0,0,0,588.49774,1.048255,0.0027,0.0095,0.473,98.0,-0.810105314237605,-0.021603926621736057,-0.002,0.0049,-25.0,0.0068,-0.028509535874090886,67.3840705392832,16.77578884767354,16.48948313531954,0.28630571235400026,568.6783865000001
2024-10-14,0,0,0,0,0,0,0,0,588.9665,0.07966757,-0.0133,0.001,1.408,44.0,0.20811985263365315,-0.26767688576758797,-0.016,-0.0085,-54.0,0.0143,-0.24607295914585192,67.57511403825606,16.357667856095873,16.463120079474805,-0.10545222337893279,571.5283465000001
2024-10-15,0,1,1,0,0,0,0,0,584.8268,-0.7028818,0.0043,-0.027,0.512,123.0,-0.7371752660801022,-0.019415785898657483,0.017599999999999998,-0.028,79.0,-0.0313,0.2482610998689305,64.00937855791535,15.513435536699149,16.273183170919673,-0.759747634220524,574.0199465000002
2024-10-16,0,0,0,0,0,0,0,0,575.3701,-1.6170084,-0.0325,-0.0125,1.035,66.0,-0.1344510909953246,-0.5500274138671754,-0.0368,0.014499999999999999,-57.0,0.02,-0.5306116279685179,56.65484975393136,13.9208280438761,15.802712145510958,-1.8818841016348582,575.9571650000001
2024-10-17,0,1,1,0,1,0,0,1,575.5098,0.024271011,0.0079,-0.0241,2.196,141.0,1.1984934980493829,0.017564254154265654,0.040400000000000005,-0.0116,75.0,-0.032,0.567591668021441,56.733935844889814,12.525560885181449,15.147281893445056,-2.6217210082636075,576.8464735000001
2024-10-18,0,1,0,0,0,0,0,0,575.0509,-0.079739094,-0.0018,-0.002,1.053,175.0,-0.09946713358390116,-0.1466774277052569,-0.0097,0.0221,34.0,-0.0002000000000000001,-0.16424168185952256,56.37009229683538,11.253054012868688,14.368436317329783,-3.115382304461095,577.6006135000001
2024-10-21,0,0,0,0,0,0,0,0,573.7441,-0.22724271,-0.0028,-0.0006,1.45,45.0,0.3535430904848507,-0.15993034250565988,-0.001,0.0014000000000000002,-130.0,0.0022,-0.01325291480040297,55.28282151673793,10.023589608488464,13.49946697556152,-3.475877367073055,578.1367900000001
2024-10-22,0,1,1,0,0,0,0,0,580.57733,1.1909842,-0.0406,-0.0002,1.959,140.0,1.0158010871712322,-0.7084328501229274,-0.0378,0.00039999999999999996,95.0,0.0404,-0.5485025076172676,59.663931293673656,9.491206048264758,12.697814790102168,-3.2066087418374103,579.0684915
2024-10-23,0,0,1,0,0,0,0,0,562.3023,-3.1477153,-0.03,0.003,1.429,148.0,0.42397608905173667,-0.5714506393659864,0.010599999999999998,0.0032,8.0,0.033,0.13698221075694106,46.53318843541256,7.508097378023763,11.659871307686487,-4.151773929662724,578.838059
2024-10-24,0,0,0,0,0,0,0,0,566.3823,0.72557926,-0.0196,-0.0024,0.692,118.0,-0.48195566592944233,-0.44190974673861216,0.0104,-0.0054,-30.0,0.0172,0.12954089262737423,49.220115555254054,6.194287481076799,10.56675454236455,-4.37246706128775,578.8350640000001
2024-10-25,0,0,1,0,0,0,0,0,571.8388,0.9634018,-0.0333,-0.0014,0.674,71.0,-0.4854333437471277,-1.4476061680909065,-0.013700000000000004,0.0009999999999999998,-47.0,0.031900000000000005,-1.0056964213522943,52.64742914520537,5.529635425279935,9.559330718947626,-4.029695293667691,579.1288390000001
2024-10-28,0,0,0,0,1,0,0,0,576.7367,0.85651875,0.0059,0.0005,1.526,43.0,0.6731842260244658,0.49870719403006386,0.039200000000000006,0.0019,-28.0,-0.0054,1.9463133621209703,55.547689034444595,5.336596516319105,8.714783878421922,-3.3781873621028176,579.414134
2024-10-29,0,1,0,0,0,0,0,0,591.8196,2.6152015,-0.0173,-0.0021,1.531,148.0,0.6864836528721159,-0.6578758124583354,-0.0232,-0.0026,105.0,0.0152,-1.1565830064883993,63.05247522562546,6.3277335931580865,8.237373821369156,-1.9096402282110692,580.252569
2024-10-30,0,0,0,0,0,0,0,0,590.34314,-0.24946928,-0.0152,0.0042,2.067,125.0,1.375305033059934,-0.5282870462327709,0.0020999999999999994,0.0063,-23.0,0.0194,0.12958876622556448,61.94990529502004,6.914374281927508,7.972773913480826,-1.0583996315533186,581.1997279999999
2024-10-31,0,1,1,0,1,0,0,1,566.1828,-4.0925922,0.2121,0.066,3.432,205.0,2.919998703537096,6.235499021331466,0.2273,0.0618,80.0,-0.1461,6.763786067564237,47.35667989368795,5.367876197266241,7.451794370237909,-2.083918172971668,580.442098
2024-11-01,0,0,1,1,0,0,0,0,565.76385,-0.07400513,-0.1486,0.0146,1.128,202.0,0.02575000771940868,-3.6965912071135767,-0.3607,-0.0514,-3.0,0.1632,-9.932090228445043,47.14927000746267,4.061639507605491,6.773763397711425,-2.712123890105934,579.0066405
2024-11-04,0,0,1,1,0,0,0,0,559.29974,-1.1425316,-0.0438,-0.0048,1.162,49.0,0.057656363871390906,-0.9974873077967347,0.1048,-0.0194,-153.0,0.039,2.699103899316842,43.950772985368346,2.4762927050780945,5.914269259184759,-3.4379765541066645,577.804605
2024-11-05,0,0,1,0,0,0,0,0,571.0208,2.0956755,-0.0597,-0.0107,1.944,175.0,1.0112437213155132,-1.4007892355288545,-0.015900000000000004,-0.0059,126.0,0.049,-0.4033019277321198,50.50704809734784,2.141005350333444,5.159616477414496,-3.0186111270810523,576.78412
2024-11-06,0,0,1,0,0,0,0,0,570.6418,-0.06638169,-0.0527,-0.0116,0.886,121.0,-0.30876019578690544,-1.1884924491253246,0.007000000000000006,-0.0008999999999999998,-54.0,0.0411,0.2122967864035299,50.302153210203,1.8236832877804545,4.492429839487688,-2.6687465517072333,575.863393
2024-11-07,0,0,1,0,0,0,0,0,590.24347,3.4350157,-0.0463,-0.0133,0.942,107.0,-0.24955346614338078,-1.0130177563601004,0.006399999999999996,-0.0017000000000000001,-14.0,0.033,0.1754746927652242,59.46185875951122,3.117952403583331,4.217534352306816,-1.0995819487234852,576.2559285
2024-11-08,0,0,0,0,0,0,0,0,587.8893,-0.39885044,-0.0156,-0.0018,0.461,105.0,-0.8411755262018585,-0.2503310470005846,0.0307,0.0115,-2.0,0.0138,0.7626867093595158,58.07739840187435,3.908651654955065,4.155757812836466,-0.2471061578814009,576.2255064999999
2024-11-11,0,0,0,0,1,0,0,0,581.7344,-1.0469437,-0.0044,-0.0005,0.28,40.0,-1.0648370187555838,0.030719460530967455,0.011199999999999998,0.0013,-65.0,0.0039000000000000003,0.2810505075315521,54.50433322396986,3.9926131578251898,4.1231288818342104,-0.13051572400902067,575.8639014999999
2024-11-12,0,1,0,0,0,0,0,0,583.3804,0.28294325,-0.0267,-0.0011,1.607,65.0,0.5780018624324152,-0.5172908918362917,-0.0223,-0.0006000000000000001,25.0,0.0256,-0.5480103523672591,55.29641433537263,4.14419994032653,4.127343093532675,0.01685684679385524,575.7915814999999
2024-11-13,0,1,0,0,0,0,0,0,578.5722,-0.8241892,-0.0062,-0.0022,1.613,157.0,0.562013032307401,-0.006785682521389688,0.0205,-0.0011,92.0,0.004,0.5105052093149021,52.42512803435311,3.8321770498039314,4.068309884786926,-0.2361328349829943,575.9516864999998
2024-11-14,0,0,0,0,0,0,0,0,575.7392,-0.48965812,-0.0089,-0.0346,2.448,143.0,1.5620046753172012,-0.07277734698812341,-0.0027,-0.0324,-14.0,-0.0257,-0.06599166446673373,50.752923764187564,3.3180488358639195,3.9182576750023244,-0.6002088391384048,575.9631564999999
2024-11-15,0,0,1,1,0,0,0,0,552.716,-3.9988816,-0.782,-0.2447,1.095,91.0,-0.1493156825715426,-7.066991683281135,-0.7731,-0.2101,-52.0,0.5373,-6.994214336293012,39.676750916929706,1.0408207612856586,3.342770292258991,-2.3019495309733324,574.8464114999999
2024-11-18,0,0,0,0,1,0,0,0,553.0353,0.0577569,-0.0057,-0.0128,1.272,35.0,0.06500145666379387,0.12307668996462094,0.7763,0.2319,-56.0,-0.0071,7.190068373245755,39.87273375059849,-0.7297222687831209,2.5282717800505687,-3.2579940488336896,573.8109714999998
2024-11-19,0,1,1,0,0,0,0,0,559.7088,1.206708,-0.4654,-0.0206,1.467,113.0,0.35919099252620035,-3.585679521271766,-0.4597,-0.0078,78.0,0.4448,-3.7087562112363868,43.969992733363426,-1.5762249587938868,1.7073724322816777,-3.2835973910755643,572.7675449999999
2024-11-20,0,0,1,0,0,0,0,0,564.12787,0.78953505,-0.0665,-0.0011,0.423,100.0,-0.9882445429153469,-0.3170467845191201,0.3989,0.0195,-13.0,0.0654,3.2686327367526458,46.56654525367237,-1.868958234913066,0.9921062988427289,-2.861064533755795,572.8588235
2024-11-21,0,0,0,0,1,0,0,0,561.70386,-0.42968988,-0.0025,0.0037,0.75,66.0,-0.5447676628198788,0.20462036545974127,0.064,0.0048000000000000004,-34.0,0.006200000000000001,0.5216671499788614,45.325723531960676,-2.2703773175145443,0.33960957557127425,-2.6099868930858188,572.6249015
2024-11-22,0,1,1,0,0,0,0,0,557.7637,-0.70148706,-0.0256,0.0052,0.835,94.0,-0.43819005262956506,0.019211634272646078,-0.023100000000000002,0.0014999999999999996,28.0,0.0308,-0.1854087311870952,43.305752719066064,-2.8733209598088933,-0.30297653150475934,-2.570344428304134,571.9211465
2024-11-25,0,0,1,0,0,0,0,0,563.71893,1.0677099,-0.0284,0.0049,0.285,42.0,-1.1722640780619844,0.0002588163912532457,-0.0028000000000000004,-0.0002999999999999999,-52.0,0.0333,-0.01895281788139283,47.14013791587494,-2.8379072213238032,-0.8099626694685681,-2.027944551855235,571.2702579999999
2024-11-26,0,1,0,0,0,0,0,0,572.1281,1.4917493,-0.0034,-0.0111,1.024,114.0,-0.216448219405849,0.20481508646240837,0.025,-0.016,72.0,-0.0077,0.20455627007115512,52.06967765358903,-2.107003611726327,-1.06937085792012,-1.0376327538062071,570.2856829999998
2024-11-27,0,0,0,0,0,0,0,0,567.7988,-0.75669885,0.004,-0.0065,0.932,112.0,-0.3502350929508091,0.26392665068530574,0.0074,0.004600000000000001,-2.0,-0.010499999999999999,0.05911156422289737,49.50979136087537,-1.8557041613382808,-1.2266375186037521,-0.6290666427345286,569.1584659999999
2024-11-28,0,0,0,0,0,0,0,0,567.7988,0.0,-0.006,-0.0034,2.876,140.0,2.1448745727570184,0.18313531045425457,-0.01,0.0031,28.0,0.0026000000000000003,-0.08079134023105117,49.509791360875376,-1.6376695017881957,-1.3088439152406408,-0.3288255865475549,569.2392659999998
2024-11-29,0,0,0,0,0,0,0,0,572.90625,0.8995056,-0.0044,-0.0086,1.72,253.0,0.6117605422287259,0.19738010138804968,0.0015999999999999999,-0.0052,113.0,-0.0042,0.014244790933795104,52.691983059718424,-1.0407498169352039,-1.2552250955795534,0.21447527864434957,569.5963859999999
2024-12-02,0,0,1,0,0,0,0,0,591.37067,3.2229424,-0.0327,-0.0013,0.597,58.0,-0.8840872332645713,-0.029470466063954155,-0.0283,0.0073,-195.0,0.0314,-0.22685056745200383,62.013122403768804,0.9117278827865221,-0.8218344999063383,1.7335623826928603,571.1999324999999
2024-12-03,0,1,0,0,1,0,0,0,612.1394,3.5119653,-0.0096,0.0032,1.149,67.0,-0.16172384075038565,0.1611201933621617,0.023100000000000002,0.0045000000000000005,9.0,0.012799999999999999,0.19059065942611586,69.33246505754211,4.087821603277462,0.1600967207304218,3.92772488254704,573.2558624999999
2024-12-04,0,0,0,0,0,0,0,0,612.2691,0.02118349,0.0024,-0.0015,1.522,143.0,0.3157566999870865,0.25966287038692376,0.011999999999999999,-0.0047,76.0,-0.0039,0.09854267702476205,69.37215401173205,6.539975696502324,1.4360725158848022,5.103903180617522,575.3372274999999
2024-12-05,0,0,0,0,0,0,0,0,607.43097,-0.7901907,-0.0135,0.0026,1.118,127.0,-0.24335320804187377,0.13131147737286727,-0.0159,0.0040999999999999995,-16.0,0.0161,-0.1283513930140565,65.94378997218672,8.00070171602033,2.7489983559119078,5.251703360108422,576.1966024999999
2024-12-06,0,0,0,0,0,0,0,0,622.2345,2.437067,-0.0123,-0.0061,0.933,117.0,-0.5074060159159002,0.14349557400487795,0.0011999999999999997,-0.0087,-10.0,0.0062,0.012184096632010671,70.71302481960048,10.234877466742091,4.246174178077944,5.988703288664147,577.9138624999998
2024-12-09,0,0,0,0,0,0,0,0,612.0596,-1.6352177,-0.0102,-0.0003,1.509,47.0,0.26333775893032685,0.1616914416739458,0.0020999999999999994,0.0058000000000000005,-70.0,0.0099,0.01819586766906786,64.07151344801957,11.056990348740783,5.608337412210512,5.448652936530271,579.4301224999999
2024-12-10,0,1,1,0,0,0,0,0,617.7955,0.93714,-0.0901,-0.0146,1.253,84.0,-0.045814720184033916,-0.4805130591407995,-0.0799,-0.0143,37.0,0.0755,-0.6422045008147453,66.00962836216355,12.032654967415056,6.89320092325142,5.139454044163635,581.1508775
2024-12-11,0,1,1,0,0,0,0,0,631.1225,2.1571994,-0.0422,-0.0007,2.347,86.0,1.5340493394367638,-0.08453519963759969,0.0479,0.013900000000000001,2.0,0.0415,0.3959778595031998,70.05189909936502,13.72306280293003,8.259173299187143,5.463889503742887,583.7783924999999
2024-12-12,0,0,0,0,1,0,0,1,629.2372,-0.29873252,-0.0229,-0.0192,2.718,452.0,1.9758103534418028,0.07334494025399341,0.0193,-0.0185,366.0,0.003700000000000002,0.1578801398915931,68.80530755061345,14.740673924169073,9.555473424183528,5.1852004999855446,586.4532924999999
2024-12-13,0,0,0,0,0,0,0,0,618.8229,-1.655066,-0.0006,-0.0011,1.538,232.0,0.29499679780013455,0.2578892946851214,0.0223,0.018099999999999998,-220.0,-0.0005000000000000001,0.184544354431128,62.21873140958518,14.539192336260385,10.5522172065989,3.9869751296614844,589.7586374999998
2024-12-16,0,0,0,0,0,0,0,0,623.2056,0.7076621,-0.0048,-0.0021,1.05,38.0,-0.4038267331973942,0.22360464471846989,-0.0042,-0.0009999999999999998,-194.0,0.0026999999999999997,-0.03428464996665151,63.78969563289755,14.565264683781947,11.35482670203551,3.2104379817464377,593.2671524999998
2024-12-17,0,1,1,0,0,0,0,0,618.4136,-0.7689357,-0.1332,0.0014,2.188,103.0,1.1799068706259748,-0.8039473593389507,-0.12840000000000001,0.0034999999999999996,65.0,0.13460000000000003,-1.0275520040574206,60.81227131040789,14.037438008093432,11.891348963247093,2.146089044846338,596.2023924999997
2024-12-18,0,0,1,1,0,0,0,0,596.20044,-3.5919547,-0.5323,-0.0897,1.385,85.0,0.08395505154832021,-3.5313432853653293,-0.3991,-0.0911,-18.0,0.4426,-2.7273959260263787,49.32030864581036,11.691937814797939,11.851466733557263,-0.1595289187593245,597.8060209999998
2024-12-19,0,1,1,0,1,0,0,0,594.58307,-0.2712667,-0.0193,0.0163,1.415,100.0,0.17098781972737445,0.17646477355669063,0.513,0.106,15.0,0.0356,3.7078080589220197,48.60015631620706,9.592032787973267,11.399579944440465,-1.8075471564671979,599.4499814999998
2024-12-20,0,0,1,1,0,0,0,0,584.2802,-1.7327964,-0.03,0.0049,0.517,77.0,-1.1546313040506222,0.09984062865111712,-0.010699999999999998,-0.011399999999999999,-23.0,0.0349,-0.07662414490557351,44.17518480197277,7.015615769372971,10.522787109426966,-3.5071713400539952,600.7758064999998
2024-12-23,0,0,0,0,0,0,0,0,598.856,2.494657,-0.0147,0.0,0.801,43.0,-0.7238133639220572,0.22443472057606564,0.0153,-0.0049,-34.0,0.0147,0.12459409192494852,50.97571736510583,6.0798472702489335,9.63419914159136,-3.5543518713424263,602.5326599999999
2024-12-24,0,0,0,0,0,0,0,0,606.7429,1.3170004,0.0045,-0.0002,0.656,77.0,-0.933447510602544,0.3645891516300645,0.0192,-0.0002,34.0,-0.004699999999999999,0.14015443105399886,54.225105564979884,5.9065637194223655,8.88867205715756,-2.9821083377351947,604.2633999999998
2024-12-25,0,0,0,0,0,0,0,0,606.7429,0.0,0.0005,0.002,0.036,79.0,-1.8050334852782284,0.3304707470073792,-0.004,0.0022,2.0,0.0015,-0.03411840462268528,54.22510556497989,5.70348898621728,8.251635442969505,-2.5481464567522245,606.2106049999998
2024-12-26,0,0,0,0,0,0,0,0,602.3502,-0.7239878,-0.0134,-0.001,0.279,21.0,-1.412319513924941,0.22894094159576917,-0.013900000000000001,-0.003,-58.0,0.012400000000000001,-0.10152980541161005,51.9988320629254,5.128973010216441,7.627102956418892,-2.498129946202451,607.9381749999998
2024-12-27,0,1,1,0,0,0,0,0,598.8161,-0.5867183,-0.0452,-0.0031,0.176,36.0,-1.5097232574636044,0.008213136536572567,-0.031799999999999995,-0.0021,15.0,0.0421,-0.2207278050591966,50.21265991833152,4.338481313803072,6.969378627895728,-2.630897314092656,609.2336674999998
2024-12-30,0,0,0,0,0,0,0,0,590.26025,-1.4287889,-0.0006,-0.001,0.297,35.0,-1.306619307312613,0.33354807806628434,0.044599999999999994,0.0021,-1.0,-0.0004000000000000001,0.32533494152971176,46.085397593685805,2.9871908814130848,6.1729410785992,-3.185750197186115,609.1781464999997
2024-12-31,0,0,0,0,0,0,0,0,584.5398,-0.9691477,-0.0057,-0.0017,0.249,59.0,-1.3405642473575725,0.2965838249307132,-0.0051,-0.0006999999999999999,24.0,0.004,-0.03696425313557111,43.510305904523186,1.4381132961342473,5.225975522106209,-3.7878622259719616,607.7981664999998
2025-01-01,0,0,0,0,0,0,0,0,584.5398,0.0,-0.0054,0.0041,0.096,39.0,-1.5063125077822161,0.30140286436997876,0.0002999999999999999,0.0058000000000000005,-20.0,0.009500000000000001,0.004819039439265538,43.51030590452319,0.2080597658316492,4.222392370851297,-4.014332605019648,606.4117014999998
2025-01-02,0,0,0,0,0,0,0,0,598.247,2.344966,-0.0005,-0.0009,0.998,37.0,-0.2655193080869886,0.33791819016675745,0.0049,-0.005,-2.0,-0.00039999999999999996,0.036515325796778686,51.103054366571335,0.3354234128499911,3.444998579251036,-3.109575166401045,605.9525029999998
2025-01-03,0,0,0,0,0,0,0,0,603.62805,0.89946985,0.0011,0.0023,1.144,126.0,-0.07998087931213073,0.3498316787629351,0.0016,0.0031999999999999997,89.0,0.0012,0.011913488596177635,53.732182570348265,0.8606448068062491,2.9281278247620786,-2.0674830179558294,605.0221804999998
2025-01-06,0,0,0,0,0,0,0,0,629.15576,4.229033,-0.0182,0.0006,1.666,86.0,0.6393639993432898,0.2093894125019485,-0.0193,-0.0017000000000000001,-40.0,0.0188,-0.14044226626098658,63.702991231393604,3.2987336504266977,3.002248989895002,0.29648466053169553,605.8769884999997
2025-01-07,0,0,0,0,0,0,0,0,616.86615,-1.9533455,-0.0025,0.0007,3.478,230.0,2.881382639845157,0.3250842691372331,0.015700000000000002,0.00010000000000000005,144.0,0.0032,0.11569485663528459,57.30087506251318,4.190957061805307,3.239990604277063,0.9509664575282435,605.8305209999996
2025-01-08,0,0,0,0,0,0,0,0,609.708,-1.1604071,-0.0008,-0.0002,3.897,1037.0,3.0780433963205125,0.33336434415523214,0.0017000000000000001,-0.0009,807.0,0.0006000000000000001,0.008280075017999045,53.90287758348586,4.271211790813595,3.4462348415843698,0.8249769492292254,604.7597959999997
2025-01-09,0,0,0,0,0,0,0,0,609.708,0.0,-0.0052,-0.0011,2.799,545.0,1.7338765232926217,0.30298475501623867,-0.004399999999999999,-0.0009000000000000001,-492.0,0.0040999999999999995,-0.030379589138993468,53.90287758348586,4.285414649258087,3.6140708031191133,0.6713438461389734,603.7833359999997
2025-01-10,0,0,0,0,0,0,0,0,614.8395,0.8416295,-0.0017,-0.0009,3.05,336.0,1.9248936479451566,0.32855704774647954,0.0034999999999999996,0.0002000000000000001,-209.0,0.0007999999999999999,0.025572292730240864,56.068823163041095,4.657056038076348,3.82266785011056,0.834388187965788,603.5841659999999
2025-01-13,0,0,0,0,0,0,0,0,607.322,-1.222676,0.0002,-0.0002,1.983,188.0,0.7064362156619672,0.342038804334079,0.0019,0.0007,-148.0,-0.0004,0.01348175658759948,52.19934362997522,4.295469592984318,3.917228198685312,0.3782413942990064,602.7899859999999
2025-01-14,0,0,0,0,0,0,0,0,593.2653,-2.3145378,-0.0028,-0.0024,2.661,374.0,1.4356610040494275,0.31524092220569716,-0.003,-0.0021999999999999997,186.0,0.0004000000000000002,-0.026797882128381856,45.830245765743086,2.8418919554565036,3.7021609500395503,-0.8602689945830466,601.532571
2025-01-15,0,1,0,0,0,0,0,0,616.0974,3.8485527,-0.0041,-0.0264,2.311,525.0,1.0218296468554147,0.3023911582934344,-0.0013000000000000004,-0.024,151.0,-0.0223,-0.01284976391226278,55.35823760881462,3.492026946505007,3.6601341493326416,-0.1681072028276347,602.5274189999999
2025-01-16,0,0,0,0,0,0,0,0,610.287,-0.9430945,-0.0067,-0.0014,1.214,269.0,-0.19456124533304547,0.28174068004184527,-0.0026,0.025,-256.0,0.0053,-0.02065047825158911,52.81243034342472,3.4980890967966616,3.6277251388254457,-0.1296360420287841,603.3126154999999
2025-01-17,0,0,0,0,0,0,0,0,611.75464,0.2404809,-0.0034,-0.0006,0.738,163.0,-0.7220956597144728,0.30196273886148106,0.0033000000000000004,0.0008,-106.0,0.0028,0.02022205881963579,53.39543220684008,3.580051076691234,3.6181903263986035,-0.038139249707369594,604.6863374999999
2025-01-20,0,0,0,0,0,0,0,0,611.75464,0.0,-0.0017,-0.0003,1.128,85.0,-0.2835078470346363,0.31538108187817254,0.0017,0.0003,-78.0,0.0014,0.01341834301669148,53.39543220684008,3.6034680002361483,3.6152458611661125,-0.011777860929964135,605.3312694999998
2025-01-21,0,0,0,0,0,0,0,0,615.43854,0.6021857,-0.0019,0.0003,1.108,178.0,-0.2976554590806453,0.311898345849438,-0.0002000000000000001,0.0006,93.0,0.0022,-0.0034827360287345566,55.01344779854595,3.8746217950334767,3.6671210479395855,0.2075007470938912,605.7660514999999
2025-01-22,0,0,0,0,0,0,0,0,622.46686,1.1420012,0.0008,0.0006,1.282,175.0,-0.09151704718252125,0.3294577479578486,0.0027,0.0003,-3.0,-0.0002000000000000001,0.017559402108410616,58.00875484278163,4.6035726964270225,3.854411377637073,0.7491613187899495,606.5522494999999
2025-01-23,0,0,0,0,0,0,0,0,635.3954,2.0769835,-0.0017,0.0027,1.349,265.0,0.022403114635935643,0.34747397867428215,-0.0025,0.0021000000000000003,90.0,0.0044,0.018016230716433546,62.90194823891127,6.153562232317427,4.314241548573143,1.8393206837442833,608.2045094999999
2025-01-24,0,0,0,0,0,0,0,0,646.41705,1.7346144,-0.0055,0.0022,1.512,200.0,0.2046772737194853,0.30229593224718065,-0.0037999999999999996,-0.0005,-65.0,0.0077,-0.04517804642710149,66.48724847802842,8.177035376022786,5.086800314063072,3.0902350619597145,610.5845569999999
2025-01-27,0,0,0,0,0,0,0,0,658.78656,1.9135475,0.0065,0.0011,1.02,87.0,-0.36493198667558435,0.38593947576642534,0.012,-0.0011,-113.0,-0.005399999999999999,0.08364354351924469,69.99232380586055,10.6559335327604,6.2006269578025375,4.455306574957863,614.0108724999999
2025-01-28,0,0,0,0,0,0,0,0,673.2126,2.1897912,0.0116,-0.001,0.568,139.0,-0.8621375397044879,0.4148174676927713,0.0050999999999999995,-0.0021000000000000003,52.0,-0.0126,0.028877991926345936,73.47648093923198,13.627450281967754,7.685991622635581,5.941458659332173,618.4445125
2025-01-29,0,0,1,0,0,0,0,0,675.369,0.32031536,0.0385,0.0022,2.03,107.0,0.8095987552263924,0.6037486820302003,0.0269,0.0032,-32.0,-0.0363,0.188931214337429,73.96313564083616,15.972283629273079,9.34325002396308,6.629033605309999,622.9859724999999
2025-01-30,1,1,1,0,0,0,0,0,685.86163,1.553607,0.1316,0.0262,2.77,422.0,1.5966793124693752,1.261637862970203,0.09309999999999999,0.024,315.0,-0.1054,0.6578891809400027,76.24689282346878,18.464402364292596,11.167480492028982,7.2969218722636136,627.3667039999999
2025-01-31,0,0,1,0,0,0,0,0,688.03796,0.3173232,0.1082,0.0112,1.24,236.0,-0.15240407691444852,1.0631957929379636,-0.02339999999999999,-0.015000000000000001,-186.0,-0.097,-0.19844207003223935,76.70332913078093,20.380106873333034,13.010005768289792,7.370101105043242,631.5871995
2025-02-03,0,0,0,0,0,0,0,0,696.3043,1.201427,-0.0025,-0.0031,0.363,51.0,-1.1584142442970293,0.25252121733474076,-0.1107,-0.0143,-185.0,-0.0005999999999999998,-0.8106745756032229,78.40104748283557,22.308186168184307,14.869641848268696,7.438544319915611,634.9446264999999
2025-02-04,0,0,0,0,0,0,0,0,703.02313,0.9649277,0.0063,0.0024,0.49,99.0,-0.983978932911187,0.31266703463660267,0.0088,0.0055,48.0,-0.0039000000000000003,0.060145817301861915,79.69618111669074,24.100540303259436,16.715821539266845,7.384718763992591,639.2524755
2025-02-05,0,0,0,0,0,0,0,0,703.702,0.096559525,0.0262,0.0055,0.359,143.0,-1.0982757548082422,0.45366462611283054,0.0199,0.0031,44.0,-0.020700000000000003,0.14099759147622787,79.82779837515317,25.284311203352445,18.429519472083964,6.854791731268481,643.9521754999998
2025-02-06,0,0,0,0,0,0,0,0,710.8102,1.0101199,0.0046,0.0086,0.34,99.0,-1.083873352880523,0.2941165722171003,-0.0216,0.0031000000000000003,-44.0,0.004,-0.15954805389573024,81.20186437456883,26.49066263558086,20.041748104783345,6.448914530797516,649.0072854999999
2025-02-07,0,0,0,0,0,0,0,0,713.336,0.35535097,0.0017,0.001,0.274,113.0,-1.1307917781783288,0.2540114518951079,-0.0029,-0.0076,14.0,-0.0006999999999999999,-0.04010512032199243,81.67941308749144,27.335410194898486,21.500480522806374,5.834929672092112,653.9321104999998
2025-02-10,0,0,0,0,0,0,0,0,716.21124,0.40307045,-0.0289,-0.0118,0.685,66.0,-0.6583376489348473,-0.06158940618241033,-0.0306,-0.012799999999999999,-47.0,0.017099999999999997,-0.3156008580775182,82.23274171787077,27.915098679322227,22.783404154109544,5.1316945252126835,659.3765724999998
2025-02-11,0,1,1,0,1,0,0,0,718.60724,0.33453703,0.0253,-0.0062,0.404,122.0,-0.9443309339282486,0.5261807722251498,0.0542,0.0056,56.0,-0.0315,0.5877701784075602,82.701605779355,28.24228368929164,23.87518006114596,4.367103628145678,665.6436694999998
2025-02-12,0,1,1,0,0,0,0,0,724.17804,0.775218,0.021,0.0542,0.578,130.0,-0.7568313468766834,0.4516694819383615,-0.004299999999999998,0.060399999999999995,8.0,0.03319999999999999,-0.07451129028678832,83.77376602510788,28.621170136540627,24.824378076224896,3.796792060315731,671.0477014999998
2025-02-13,0,0,0,0,0,0,0,0,727.3528,0.43839216,0.0126,0.0087,0.639,99.0,-0.6863426760117403,0.33769612207444166,-0.008400000000000001,-0.0455,-31.0,-0.0039000000000000007,-0.11397335986391982,84.3683810593504,28.84510851958146,25.62852416489621,3.2165843546852493,676.9009914999998
2025-02-14,0,0,0,0,0,0,0,0,735.44934,1.1131525,-0.0067,0.0114,0.784,137.0,-0.5248057579965038,0.08013761913090603,-0.0193,0.002700000000000001,38.0,0.0181,-0.25755850294353566,85.79776259912654,29.337717469034146,26.370362825723795,2.967354643310351,683.0857264999997
2025-02-17,0,0,0,0,0,0,0,0,735.44934,0.0,-0.0152,-0.0005,0.163,53.0,-1.205816705811182,-0.03440056724379854,-0.0085,-0.0119,-84.0,0.0147,-0.11453818637470456,85.79776259912654,29.38933168904373,26.974156598387783,2.4151750906559464,689.2704614999998
2025-02-18,0,0,0,0,1,0,0,0,715.1829,-2.755642,-0.0077,-0.0005,0.828,85.0,-0.468467873081229,0.06508439042442161,0.0075,0.0,32.0,0.0072,0.09948495766822016,67.7999098560361,27.478152953278595,27.074955869365944,0.4031970839126515,694.2576794999998
2025-02-19,0,0,0,0,0,0,0,0,702.6039,-1.7588615,-0.0167,-0.0197,0.288,125.0,-1.0424165262219398,-0.04865718925440456,-0.009,-0.0192,40.0,-0.002999999999999999,-0.11374157967882617,59.46233032051912,24.66419636026285,26.592803967545326,-1.9286076072824763,698.2645314999997
2025-02-20,0,0,0,1,0,0,0,0,693.68866,-1.2688816,-0.0295,-0.0051,0.035,105.0,-1.284495797148175,-0.21169428173742091,-0.012799999999999999,0.014599999999999998,-20.0,0.024399999999999998,-0.16303709248301634,54.36007136288145,21.467268814620752,25.56769693696041,-4.1004281223396575,701.1791944999998
2025-02-21,0,0,0,0,1,0,0,0,682.4173,-1.6248405,-0.0062,-0.0168,0.283,101.0,-0.9781703607908766,0.09487883167692544,0.023299999999999998,-0.011699999999999999,-4.0,-0.010599999999999998,0.30657311341434634,48.67360997069697,17.818772431970956,24.017912035962517,-6.199139603991561,702.9792069999997
2025-02-24,0,0,0,0,0,0,0,0,667.0229,-2.255869,-0.0039,0.0054,0.186,40.0,-1.0704264583340688,0.1188469609087799,0.0023,0.022199999999999998,-61.0,0.0093,0.023968129231854457,42.18319225830031,13.529157631524868,21.920161155074986,-8.391003523550118,703.3910239999998
2025-02-25,0,1,0,1,0,0,0,0,656.4105,-1.5910089,-0.0315,-0.0055,0.053,61.0,-1.1814525475480238,-0.23909189931859604,-0.0276,-0.0109,21.0,0.026000000000000002,-0.3579388602273759,38.38341428061279,9.167596661015637,19.369648256263115,-10.202051595247479,702.5509189999997
2025-02-26,0,0,1,0,0,0,0,0,672.5837,2.4638772,-0.05,-0.0013,0.468,78.0,-0.7119154994249487,-0.46999118610518964,-0.018500000000000003,0.0042,17.0,0.0487,-0.2308992867865936,46.319436493612436,6.936115027015262,16.882941610413546,-9.946826583398284,702.4116539999997
2025-02-27,0,1,0,0,1,0,0,0,657.1493,-2.2947907,-0.0092,-0.0066,1.564,116.0,0.46004482007427555,0.06437470705066131,0.0408,-0.0053,38.0,0.0026,0.5343658931558509,40.90492452216699,3.877524971578964,14.28185828264663,-10.404333311067665,700.9760374999996
2025-02-28,0,0,0,0,0,0,0,0,667.0928,1.5131235,-0.0059,-0.0013,1.242,228.0,0.10825628249264381,0.10626091866437412,0.0033,0.0053,112.0,0.0046,0.04188621161371281,45.33810058730911,2.230219088013996,11.871530443720102,-9.641311355706106,699.9287794999997
2025-03-03,0,0,0,0,0,0,0,0,653.96454,-1.9679785,-0.0084,0.0001,0.049,35.0,-1.1375848603780327,0.07306898251238009,-0.0024999999999999996,0.0014,-193.0,0.008499999999999999,-0.033191936151994034,40.96827647940498,-0.13308938586749264,9.470606477802583,-9.603695863670076,697.8117914999997
2025-03-04,0,0,0,0,0,0,0,0,638.93945,-2.2975326,-0.0096,0.0004,0.174,54.0,-0.9773226184311683,0.04007200628518476,-0.0011999999999999997,0.00030000000000000003,19.0,0.009999999999999998,-0.03299697622719533,36.618241801732346,-3.181750333941409,6.940135115453785,-10.121885449395194,694.6076074999997
2025-03-05,0,0,0,0,0,0,0,0,655.3822,2.5734305,-0.0063,-0.0008,0.564,86.0,-0.5407039472243863,0.07591792216370624,0.003299999999999999,-0.0012000000000000001,32.0,0.0055,0.035845915878521484,43.6675387726755,-4.2223707310485,4.707633946153328,-8.930004677201827,692.1916174999998
2025-03-06,0,0,0,0,0,0,0,0,626.88947,-4.3474913,-0.0006,0.0013,0.171,92.0,-0.9342772232856232,0.14651316650836727,0.0057,0.0021,6.0,0.0018999999999999998,0.07059524434466102,36.1620517235274,-7.262477757488,2.313611605425062,-9.576089362913063,687.9955809999998
2025-03-07,0,0,0,0,0,0,0,0,624.6232,-0.36150813,-0.0058,-0.0013,0.18,56.0,-0.8959075940268814,0.07877637052550207,-0.0052,-0.0026,-36.0,0.0045,-0.0677367959828652,35.637379351508486,-9.74234978381537,-0.09758067242302504,-9.644769111392346,683.5599409999998
2025-03-10,0,0,0,0,0,0,0,0,596.9991,-4.4225273,-0.0104,-0.0034,0.716,42.0,-0.3070157384170863,0.01906048708478351,-0.0046,-0.0021,-14.0,0.006999999999999999,-0.059715883440718556,29.9358882274676,-13.777877442233489,-2.833640026385118,-10.94423741584837,677.5993339999998
2025-03-11,0,1,1,1,0,0,0,0,604.70636,1.2910008,-0.1369,-0.0284,1.153,72.0,0.18901485038413615,-1.6542308276423645,-0.1265,-0.025,30.0,0.10849999999999999,-1.673291314727148,33.14943291777324,-16.167778628262113,-5.500467746760517,-10.667310881501596,671.9042899999997
2025-03-12,0,1,0,0,0,0,0,0,618.5334,2.2865653,-0.0141,0.0006,1.256,94.0,0.30513407207059506,-0.3353844552174687,0.12279999999999999,0.029,22.0,0.0147,1.3188463724248958,38.59112262429657,-16.75294840502795,-7.750963878414003,-9.001984526613947,666.6220579999997
2025-03-13,0,1,1,0,0,0,0,0,589.6613,-4.6678247,-0.0476,-0.001,1.317,101.0,0.3744927620193651,-1.3392755725240921,-0.0335,-0.0015999999999999999,7.0,0.0466,-1.0038911173066234,32.6201106091017,-19.32368542779284,-10.06550818828977,-9.258177239503068,659.7374829999997
2025-03-14,0,1,0,0,0,0,0,0,607.1328,2.9603362,-0.0252,-0.0008,0.298,138.0,-0.7440967094647636,-0.6590025419507718,0.022400000000000003,0.00019999999999999998,37.0,0.0244,0.6802730305733203,38.79183333890628,-19.723844799727885,-11.997175510577394,-7.726669289150491,653.3216559999997
2025-03-17,0,0,0,0,0,0,0,0,604.43494,-0.44436455,-0.0051,0.004,0.541,60.0,-0.47109222355715524,-0.049139891576666726,0.0201,0.0048000000000000004,-78.0,0.0091,0.609862650374105,38.209830472238615,-20.027800720192886,-13.603300552500492,-6.424500167692393,646.7709359999997
2025-03-18,0,1,0,0,0,0,0,0,581.91223,-3.726244,-0.0252,-0.0018,1.542,61.0,0.6113988129680717,-0.64736609548983,-0.0201,-0.0058,1.0,0.0234,-0.5982262039131633,33.668394966483085,-21.834389196680377,-15.249518281336469,-6.584870915343908,640.1074024999997
2025-03-19,0,1,1,1,0,0,0,0,583.61096,0.2919197,-0.0819,-0.0069,0.822,110.0,-0.19423729722420421,-2.2336880412435023,-0.0567,-0.0051,49.0,0.075,-1.5863219457536721,34.30263606308222,-22.86547134553325,-16.772708894175825,-6.092762451357427,634.1577554999997
2025-03-20,0,0,0,0,0,0,0,0,585.54944,0.33215284,-0.0077,0.0003,2.003,103.0,1.0758511651949574,-0.07099767855342454,0.0742,0.0072,-7.0,0.008,2.1626903626900775,35.06564574818509,-23.258087486708177,-18.069784612682295,-5.188302874025883,628.7507944999998
2025-03-21,0,0,0,0,0,0,0,0,595.79156,1.749146,-0.0063,-0.0007,0.499,96.0,-0.5894160011830556,-0.04963503799042823,0.0014000000000000002,-0.001,-7.0,0.0056,0.021362640562996305,39.09076255160451,-22.48360808179723,-18.952549306505283,-3.531058775291946,624.4195074999998
2025-03-24,0,0,0,0,1,0,0,0,618.3742,3.7903547,-0.0005,-0.0005,1.065,73.0,0.02287060300265414,0.12167404812823168,0.0058,0.00019999999999999998,-23.0,0.0,0.17130908611865991,46.905635523976514,-19.81913460978103,-19.125866367160434,-0.6932682426205972,621.9870724999998
2025-03-25,0,0,0,0,0,0,0,0,625.8285,1.2054682,0.005,0.0031,0.83,92.0,-0.25100917696644465,0.27871563466386945,0.0055,0.0036,19.0,-0.0019000000000000002,0.15704158653563777,49.22161386538526,-16.91108007062553,-18.682909107853455,1.7718290372279242,620.4579724999998
2025-03-26,0,0,0,0,0,0,0,0,610.51025,-2.4476707,-0.0087,0.0067,0.867,89.0,-0.22611962758486964,-0.12413683243295866,-0.0137,0.0036000000000000003,-3.0,0.0154,-0.4028524670968281,44.88842695318584,-15.661939561935355,-18.078715198669833,2.416775636734478,617.3542999999997
2025-03-27,0,0,1,0,0,0,0,0,602.1167,-1.3748348,-0.0602,-0.0121,0.967,85.0,-0.11245983784630731,-1.5801592481938775,-0.0515,-0.0188,-4.0,0.0481,-1.456022415760919,42.67169743364537,-15.174355521657503,-17.497843263267367,2.3234877416098634,614.6026699999998
2025-03-28,0,1,0,0,1,0,0,0,576.2966,-4.2882323,-0.0051,-0.0006,1.536,118.0,0.5222834490856445,0.01425310482651732,0.055099999999999996,0.0115,33.0,0.0045000000000000005,1.5944123530203949,36.67223167162143,-16.67914118216163,-17.334102847046218,0.6549616648845884,610.0628599999998
2025-03-31,0,0,1,1,0,0,0,0,575.9169,-0.065886974,-0.0872,-0.0021,0.994,38.0,-0.07677400387204965,-2.225609688132513,-0.0821,-0.0015,-80.0,0.0851,-2.2398627929590305,36.590759097109796,-17.698318082189985,-17.406945894074973,-0.2913721881150124,606.1604779999997
2025-04-01,0,1,1,0,0,0,0,0,585.54944,1.6725659,-0.0312,-0.0006,1.913,75.0,1.0541981007653813,-0.6608709529534343,0.056,0.0015,37.0,0.0306,1.5647387351790787,40.21920532829334,-17.526720518597585,-17.430900818979495,-0.09581969961809023,603.4909774999998
2025-04-02,0,0,0,0,0,0,0,0,583.481,-0.35324097,-0.0189,-0.0024,2.728,136.0,2.206360604581235,-0.31337338661743935,0.012299999999999998,-0.0018,61.0,0.0165,0.347497566335995,39.69393952057206,-17.357547036938627,-17.416230062571323,0.05868302563269623,599.8959174999998
2025-04-03,0,0,1,1,0,0,0,0,531.21124,-8.958268,-0.04,-0.0016,1.789,129.0,1.0571494414252753,-0.8728453461168675,-0.0211,0.0007999999999999997,-7.0,0.038400000000000004,-0.5594719594994282,29.285412865919326,-21.19686437140024,-18.172356924337105,-3.024507447063133,595.1120059999997
2025-04-04,0,0,1,1,0,0,0,0,504.34195,-5.0581217,-0.1389,-0.0067,1.727,78.0,1.0654104724729079,-3.193483583828178,-0.09889999999999999,-0.0051,-51.0,0.13219999999999998,-2.3206382377113104,25.573143072965333,-26.10673596539266,-19.759232732548217,-6.347503232844442,589.0979434999997
2025-04-07,0,1,0,0,1,0,0,1,515.8531,2.282405,-0.0026,-0.0036,2.122,81.0,1.6152620253009695,0.19479438493935114,0.1363,0.0031000000000000003,3.0,-0.001,3.388277968767529,29.685405867775245,-28.737720422618736,-21.55493027056232,-7.182790152056416,585.0406434999998
2025-04-08,0,0,0,0,0,0,0,0,510.05756,-1.123482,-0.0008,-0.0032,2.213,123.0,1.7947566246452475,0.23866496404449014,0.0018,0.00039999999999999975,42.0,-0.0024000000000000002,0.043870579105139,28.821961051907437,-30.933859921327212,-23.4307162007153,-7.503143720611913,580.3082034999996
2025-04-09,0,0,0,0,0,0,0,0,585.31964,14.755607,-0.0025,-0.0074,1.515,143.0,0.8267369026278226,0.1957300759936295,-0.0017000000000000001,-0.004200000000000001,20.0,-0.0049,-0.04293488805086065,49.40354103327385,-26.298146765941283,-24.004202313760494,-2.2939444521807886,578.6475154999996
2025-04-10,0,0,0,0,0,0,0,0,545.87,-6.739855,-0.0135,-0.0167,1.374,102.0,0.6119163049648592,-0.07479832908977278,-0.011,-0.0093,-41.0,-0.0031999999999999997,-0.27052840508340226,42.47121624456315,-25.5134636183775,-24.306054574683895,-1.2074090436936054,576.4579504999997
2025-04-11,0,0,0,0,0,0,0,0,543.1521,-0.49790144,-0.0354,-0.0094,0.926,83.0,-0.05752521393357377,-0.6040127638334666,-0.021900000000000003,0.007299999999999999,-19.0,0.026000000000000002,-0.5292144347436938,42.03360090927468,-24.82474418802542,-24.4097924973522,-0.41495169067322024,573.2589154999997
2025-04-14,0,1,0,1,0,0,0,0,531.07135,-2.224189,-0.0637,-0.0445,3.64,93.0,3.4805752851520992,-1.2625149767595412,-0.028300000000000006,-0.0351,10.0,0.01920000000000001,-0.6585022129260746,40.057856994042,-24.96595267777218,-24.521024533436197,-0.44492814433598227,569.5907359999998
2025-04-15,0,1,1,1,0,0,0,0,521.1191,-1.8740058,-0.0819,-0.0183,3.494,282.0,2.9780026115642366,-1.636602606918745,-0.018199999999999994,0.026199999999999998,189.0,0.0636,-0.37408763015920377,38.454276501069856,-25.585985509593456,-24.734016728667648,-0.8519687809258087,566.5510794999998
2025-04-16,0,0,1,1,0,0,0,0,501.9238,-3.6834657,-0.0617,-0.0067,2.029,206.0,1.1672923605261802,-1.1180475062314992,0.020200000000000003,0.0116,-76.0,0.055,0.5185551006872458,35.50226889434164,-27.311437038688723,-25.249500790671863,-2.0619362480168597,562.4667214999997
2025-04-17,0,0,0,1,0,0,0,0,501.09445,-0.165236,-0.0219,-0.003,1.169,146.0,0.13629988652984718,-0.16877730849152425,0.0398,0.0037,-60.0,0.0189,0.9492701977399749,35.375909345048036,-28.418204053920817,-25.883241443321655,-2.5349626105991625,558.2439719999998
2025-04-18,0,0,0,1,0,0,0,0,501.09445,0.0,-0.0275,-0.0054,0.576,77.0,-0.5589765821111286,-0.292534273117276,-0.005600000000000001,-0.0024000000000000002,-69.0,0.0221,-0.12375696462575173,35.375909345048036,-28.96147503105226,-26.498888160867775,-2.4625868701844844,553.5091164999998
2025-04-21,0,0,0,0,1,0,0,0,484.28738,-3.3540726,-0.0008,-0.0109,0.741,54.0,-0.3543140088316518,0.34244767984251734,0.0267,-0.0055,-23.0,-0.0101,0.6349819529597933,32.64508776422485,-30.397804314775726,-27.278671391649365,-3.1191329231263616,546.8047754999998
2025-04-22,0,0,0,0,0,0,0,0,499.89536,3.2228827,-0.0144,-0.0063,0.963,74.0,-0.09545718601267839,0.030664251548501557,-0.0136,0.0046,20.0,0.0081,-0.3117834282940158,37.472311853035436,-29.931638775644274,-27.809264868448345,-2.1223739071959287,540.5081184999998
2025-04-23,0,1,1,0,0,0,0,0,519.87,3.9957643,-0.3924,-0.0811,3.11,136.0,2.3778879751247852,-5.790301788183785,-0.378,-0.0748,62.0,0.3113,-5.820966039732287,43.09325125801573,-27.631889492556752,-27.773789793270026,0.14190030071327442,535.9761059999998
2025-04-24,0,1,1,0,0,0,0,0,532.7401,2.4756432,-0.3747,-0.0178,2.249,210.0,1.4138119314774382,-4.550717194460496,0.01770000000000005,0.06330000000000001,74.0,0.3569,1.239584593723289,46.43450384263474,-24.48852364976665,-27.11673656456935,2.6282129148027025,532.5072759999999
2025-04-25,0,0,1,0,0,0,0,0,546.84924,2.6484132,-0.0456,0.0079,1.032,148.0,-0.01889766688815394,-0.16016102566564894,0.32909999999999995,0.0257,-62.0,0.053500000000000006,4.390556168794848,49.90688116212541,-20.621185697155965,-25.817626391086673,5.1964406939307075,531.0349079999999
2025-04-28,0,0,0,0,1,0,0,0,549.3173,0.45132637,-0.0212,-0.0175,1.333,95.0,0.31904642976027964,0.17758016278904362,0.0244,-0.025400000000000002,-53.0,0.0036999999999999984,0.3377411884546926,50.51123082692251,-17.159338518362347,-24.085968816541808,6.926630298179461,529.7049279999999
2025-04-29,0,0,0,0,0,0,0,0,554.01373,0.8549571,-0.0063,-0.008,1.872,126.0,0.9281667806005485,0.38474869401588546,0.0149,0.009500000000000001,31.0,-0.0017000000000000001,0.20716853122684184,51.7052383523872,-13.876873081776353,-22.044149669588716,8.167276587812363,528.1281425
2025-04-30,0,0,0,0,0,0,0,0,548.5779,-0.98116994,-0.0034,-0.0008,3.115,274.0,2.253438187186826,0.4330991653679414,0.0029000000000000002,0.0072,148.0,0.0026,0.048350471352055946,50.19568153932607,-11.580627362721543,-19.951445208215283,8.37081784549374,526.3829874999999
2025-05-01,1,1,1,0,0,0,0,0,571.7701,4.227686,0.217,0.1724,3.293,305.0,2.3036788156209362,3.1234011740757266,0.22039999999999998,0.1732,31.0,-0.0446,2.690302008707785,56.086477233403386,-7.799511459043515,-17.521058458380928,9.721546999337413,528.4109305
2025-05-02,0,0,1,0,0,0,0,0,596.56104,4.3358207,0.4271,0.0674,1.072,179.0,-0.13609460980141175,4.55596048178142,0.21009999999999998,-0.105,-126.0,-0.35969999999999996,1.4325593077056933,61.34910064231758,-2.770590549221197,-14.570964876548981,11.800374327327784,533.0218849999999
2025-05-05,0,0,1,0,0,0,0,0,598.80927,0.37686825,-0.1269,-0.0086,0.632,41.0,-0.6190442083511912,-1.010572461010073,-0.554,-0.076,-138.0,0.11830000000000002,-5.566532942791493,61.796239646511495,1.380366865018118,-11.38069852823556,12.761065393253679,537.1696934999999
2025-05-06,0,1,0,0,1,0,0,0,586.85846,-1.9957662,-0.0243,-0.0146,0.38,51.0,-0.8954509419557469,0.02424980416671132,0.10260000000000001,-0.006,10.0,0.009699999999999999,1.0348222651767844,57.95795406759042,3.6634698321284986,-8.371864856162748,12.035334688291247,541.0097384999999
2025-05-07,0,1,1,0,0,0,0,0,596.35114,1.6175389,-0.1779,0.01,0.988,88.0,-0.23524900941898333,-1.4581864757115635,-0.15360000000000001,0.0246,37.0,0.1879,-1.4824362798782749,60.07901278194464,6.167727600296075,-5.463946364870983,11.631673965167058,541.5613135
2025-05-08,0,0,1,0,0,0,0,0,597.55023,0.20107031,-0.0411,-0.0055,0.445,85.0,-0.8286593552288782,-0.10045226338262003,0.1368,-0.0155,-3.0,0.0356,1.3577342123289435,60.35112456350531,8.155119326350018,-2.740133226626783,10.895252552976801,544.145325
2025-05-09,0,1,0,0,1,0,0,0,592.0345,-0.92306733,-0.0029,0.0021,0.333,118.0,-0.9381407053936057,0.27612851012341366,0.0382,0.007599999999999999,33.0,0.004999999999999999,0.3765807735060337,58.37985952294555,9.179255529653119,-0.35625547537080227,9.53551100502392,546.589445
2025-05-12,0,0,0,0,0,0,0,0,638.93835,7.9224944,0.0058,0.0064,0.222,45.0,-1.0619322612311242,0.35825406745840455,0.0087,0.0043,-73.0,0.0006000000000000007,0.08212555733499088,67.96289497252216,13.618652207116838,2.438726061126726,11.179926145990112,551.982795
2025-05-13,0,0,0,0,0,0,0,0,655.52563,2.5960684,0.0175,0.0042,0.404,80.0,-0.8506409471772003,0.46884770475728954,0.011700000000000002,-0.0022000000000000006,35.0,-0.013300000000000003,0.110593637298885,70.54574375628725,18.26481550476376,5.603943949854132,12.660871554909628,558.7031215
2025-05-14,0,0,0,0,0,0,0,0,658.853,0.50759315,-0.0082,0.0009,0.092,64.0,-1.182551699613238,0.21423459529541555,-0.0257,-0.0033,-16.0,0.0091,-0.254613109461874,71.04994705437412,21.96225711397699,8.875606582678703,13.086650531298286,566.5495814999999
2025-05-15,0,0,0,0,0,0,0,0,643.38495,-2.3477256,-0.0116,-0.0018,0.861,46.0,-0.36702507518419236,0.17776368736705905,-0.0033999999999999985,-0.0027,-18.0,0.0098,-0.0364709079283565,65.44164991234872,23.374912424739705,11.775467751090904,11.5994446736488,573.6641064999999
2025-05-16,0,0,0,0,0,0,0,0,639.8477,-0.5497873,-0.0299,-0.0075,0.331,108.0,-0.9513734027648812,0.0014775306598878738,-0.0183,-0.0057,62.0,0.0224,-0.17628615670717118,64.19376375270322,23.933139093573914,14.207002019587506,9.726137073986408,580.6017689999999
2025-05-19,0,0,1,0,0,0,0,0,639.9376,0.014054775,-0.2464,-0.0047,0.214,11.0,-1.0812381809175464,-2.017724213341454,-0.2165,0.0027999999999999995,-97.0,0.2417,-2.019201744001342,64.21244179759745,24.104925354414718,16.18658668655295,7.918338667861768,588.3842799999999
2025-05-20,0,1,0,0,1,0,0,0,636.61017,-0.5199671,-0.0018,-0.0012,0.0,42.0,-1.3141881345105972,0.30195144239490956,0.2446,0.0035000000000000005,31.0,0.0006000000000000001,2.3196756557363636,62.90450012480415,23.699379714282372,17.689145292098836,6.010234422183537,595.2200204999998
2025-05-21,0,0,0,0,0,0,0,0,635.0114,-0.25113225,-0.0068,0.0,0.168,54.0,-1.1179776388351728,0.2475534226946672,-0.004999999999999999,0.0012,12.0,0.0068,-0.054398019700242356,62.24841642852472,22.984028916864872,18.748122017052044,4.235906899812829,600.9770904999998
2025-05-22,0,0,1,0,0,0,0,0,636.08057,0.1683712,-0.0488,-0.0104,0.138,35.0,-1.1142988971675603,-0.14493617180772228,-0.042,-0.0104,-19.0,0.038400000000000004,-0.3924895945023895,62.529870915523475,22.246932549465328,19.4478841235347,2.7990484259306285,606.1441139999998
2025-05-23,0,0,1,0,0,0,0,0,626.5779,-1.4939427,-0.0661,-0.0063,0.45,32.0,-0.7582236395297675,-0.2996305043935922,-0.017300000000000003,0.0040999999999999995,-3.0,0.059800000000000006,-0.1546943325858699,58.36493274042981,20.65786134937207,19.689879568702175,0.9679817806698949,610.1305469999999
2025-05-26,0,0,1,0,0,0,0,0,626.5779,0.0,-0.2074,0.0021,0.361,9.0,-0.8648521974248599,-1.5756628671926793,-0.14129999999999998,0.0084,-23.0,0.2095,-1.276032362799087,58.36493274042981,19.1774453225255,19.58739271946684,-0.40994739694134097,613.9935769999998
2025-05-27,0,1,0,0,1,0,0,0,641.8262,2.4335861,-0.0035,-0.0039,0.725,32.0,-0.4838690655704795,0.31826242901581164,0.2039,-0.006,23.0,-0.00039999999999999975,1.893925296208491,62.956662141948684,19.015417434568462,19.472997662487167,-0.45758022791870445,618.3842004999998
2025-05-28,0,0,0,0,0,0,0,0,643.0852,0.1961708,-0.0033,-0.0097,0.694,93.0,-0.5208634695057771,0.31960988299806664,0.0002000000000000001,-0.0058000000000000005,61.0,-0.0064,0.001347453982254998,63.31639327888602,18.77220564275524,19.33283925854078,-0.5606336157855409,623.1095654999997
2025-05-29,0,0,0,0,0,0,0,0,644.5541,0.228405,-0.008,-0.0069,0.776,71.0,-0.44600123550218157,0.27719474897724566,-0.0047,0.0028000000000000004,-22.0,0.0011000000000000003,-0.04241513402082098,63.758598721073,18.484904032157942,19.16325221326421,-0.6783481811062693,626.7487654999998
2025-05-30,0,0,0,0,0,0,0,0,646.9922,0.378263,-0.0023,0.0113,0.745,104.0,-0.4948186937121522,0.32956578976853745,0.0057,0.0182,33.0,0.0136,0.05237104079129179,64.52303705223216,18.24364830838897,18.979331432289165,-0.7356831239001949,629.2703234999997
2025-06-02,0,0,0,0,0,0,0,0,670.3842,3.6155105,-0.0024,-0.0037,0.794,38.0,-0.4420143388322057,0.32727789522966927,-9.999999999999983e-05,-0.015,-66.0,-0.0013000000000000004,-0.002287894538868185,70.8713503366722,19.712753957192376,19.126015937269806,0.5867380199225707,632.8490699999998
2025-06-03,0,0,0,0,0,0,0,0,666.3373,-0.60367584,0.008,-0.0142,1.85,115.0,0.7186533585593108,0.4038471719214427,0.0104,-0.0105,77.0,-0.0222,0.07656927669177344,68.58480597430274,20.31628625802466,19.364070001420778,0.952216256603883,636.8230119999997
2025-06-04,0,0,0,0,0,0,0,0,687.4211,3.1641364,0.0024,0.0031,1.295,170.0,0.10217529508268333,0.34870455435175174,-0.005600000000000001,0.0173,55.0,0.0007000000000000001,-0.055142617569690966,73.3998861021217,22.239513146049717,19.939158630346565,2.3003545157031517,641.3765099999997
2025-06-05,0,0,1,0,0,0,0,0,684.0936,-0.48404932,-0.0398,-0.0037,0.874,97.0,-0.35634768368439107,-0.046533943251569204,-0.0422,-0.0068000000000000005,-73.0,0.0361,-0.39523849760332097,71.53632240447317,23.227431498251235,20.5968132039275,2.6306182943237353,645.7036784999997
2025-06-06,0,0,1,0,0,0,0,0,697.1736,1.9120097,-0.0357,-0.0004,0.042,28.0,-1.2668607014049331,-0.0066148137138226796,0.0040999999999999995,0.0033,-69.0,0.035300000000000005,0.039919129537746526,74.29867281690574,24.780160332617015,21.433482629665402,3.346677702951613,650.9606334999996
2025-06-09,0,1,0,0,1,0,0,0,693.52637,-0.523144,0.0009,-0.0007,0.469,50.0,-0.7940331152223814,0.33414533611603553,0.0366,-0.0003,22.0,-0.0015999999999999999,0.3407601498298582,72.19473276248807,25.423343660594583,22.23145483585124,3.1918888247433443,653.6900344999997
2025-06-10,0,0,0,0,0,0,0,0,701.86,1.2016296,0.001,-0.0065,1.745,80.0,0.6062533729461081,0.3307134580708859,0.00010000000000000005,-0.0058,30.0,-0.0075,-0.0034318780451496056,74.00599467826137,26.30232850547054,23.045629569775098,3.256698935695443,656.0067529999997
2025-06-11,0,0,0,0,0,0,0,0,693.6063,-1.1759698,0.0015,-0.0006,1.785,98.0,0.6313089425603667,0.32266747647098115,0.0005,0.0059,18.0,-0.0021,-0.008045981599904772,69.19817706638479,26.032835395268307,23.64307073487374,2.389764660394569,657.7444179999997
2025-06-12,0,1,0,0,0,0,0,0,692.8269,-0.11237264,-0.0226,0.001,1.476,119.0,0.30373804280549543,0.10004968633716,-0.0241,0.0015999999999999999,21.0,0.0236,-0.22261779013382116,68.74401341500632,25.46284922180189,24.00702643225937,1.4558227895425198,660.2165154999997
2025-06-13,0,0,1,0,0,0,0,0,682.345,-1.5129209,-0.0284,0.0021,1.524,132.0,0.3392700656274949,0.04935047266852777,-0.005800000000000003,0.0010999999999999998,13.0,0.030500000000000003,-0.050699213668632226,62.77667933376906,23.889940975105333,23.98360934082856,-0.09366836572322867,662.3413804999997
2025-06-16,0,0,0,0,0,0,0,0,702.12,2.8958678,-0.0024,-0.0234,2.763,55.0,1.641564676265429,0.2926098945889646,0.026000000000000002,-0.025500000000000002,-77.0,-0.021,0.2432594219204368,68.35727447355498,23.962848292079798,23.97945713107881,-0.01660883899901222,665.4505004999997
2025-06-17,0,1,0,0,0,0,0,0,697.23,-0.6964624,0.0133,0.0049,2.862,233.0,1.6731599869868874,0.4377970217047851,0.0157,0.0283,178.0,-0.0084,0.14518712711582055,65.73290324686825,23.35680304706466,23.85492631427598,-0.4981232672113194,668.4814919999997
2025-06-18,0,0,0,0,0,0,0,0,695.77,-0.20939708,-0.0007,-0.0017,3.335,193.0,2.054346748031195,0.30569221237587224,-0.013999999999999999,-0.0066,-40.0,-0.001,-0.1321048093289129,64.93136592661166,22.499339643738608,23.583808980168506,-1.0844693364298976,671.5194219999997
2025-06-19,0,0,1,0,0,0,0,0,695.77,0.0,-0.0038,0.0482,0.856,149.0,-0.47215532612414257,0.26795110211085277,-0.0031,0.0499,-44.0,0.052,-0.03774111026501947,64.93136592661166,21.571135101033065,23.181274204341417,-1.6101391033083523,674.5038934999998
2025-06-20,0,0,1,0,0,0,1,0,682.35,-1.9288063,0.0207,-0.1119,2.094,57.0,0.7764719278896547,0.4919112347018615,0.0245,-0.1601,-92.0,-0.1326,0.22396013259100872,57.46189402957632,19.52754310773355,22.450527985019843,-2.922984877286293,677.2924984999997
2025-06-23,0,0,0,0,0,0,0,0,698.53,2.3712277,-0.0123,-0.0031,1.091,23.0,-0.2427061059321763,0.17301495317342191,-0.033,0.1088,-34.0,0.0092,-0.3188962815284396,62.98987562023708,18.994614416598893,21.759345271335654,-2.7647308547367615,680.8901034999998
2025-06-24,0,0,0,0,0,0,0,0,712.2,1.9569635,-0.0004,-0.0144,1.814,104.0,0.49317477469851284,0.27918303984597853,0.0119,-0.0113,81.0,-0.014,0.10616808667255662,66.90322640568618,19.451099180905203,21.297696053249563,-1.8465968723443602,684.4087934999999
2025-06-25,0,0,0,0,0,0,0,0,708.68,-0.49424767000000003,-0.009,-0.0171,1.118,71.0,-0.18984809697104849,0.1973226708168842,-0.0086,-0.002700000000000001,-33.0,-0.008100000000000001,-0.08186036902909433,64.99740123102904,19.3062812705366,20.899413096706972,-1.5931318261703709,687.6885335
2025-06-26,0,1,0,0,0,0,0,0,726.09,2.456689,-0.0374,-0.0276,2.479,117.0,1.1928133213244638,-0.06810943619165569,-0.0284,-0.010499999999999999,46.0,0.009800000000000003,-0.2654321070085399,69.60872585534835,20.361637252207515,20.79185792780708,-0.4302206755995641,691.7653284999999
2025-06-27,0,0,0,0,1,0,0,0,733.63,1.0384321,-0.0091,-0.006,1.607,108.0,0.30290850685507514,0.17733786382318448,0.028300000000000002,0.0216,-9.0,0.0031000000000000003,0.24544730001484016,71.36800316787159,21.557923138106844,20.945070969867032,0.6128521682398116,696.0972184999998
2025-06-30,0,0,0,0,0,0,0,0,738.09,0.60794353,-0.0075,0.0058,1.916,38.0,0.6244380032252071,0.19320112574111784,0.0016000000000000007,0.0118,-70.0,0.0133,0.015863261917933358,72.38626336669306,22.605293297850153,21.277115435463656,1.3281778623864966,699.4825084999999
2025-07-01,0,1,0,0,0,0,0,0,719.22,-2.5566041,0.0191,0.0033,1.308,99.0,0.015876676542530884,0.4400377084322291,0.0266,-0.0024999999999999996,61.0,-0.015799999999999998,0.24683658269111128,62.29227003049927,21.662973129012585,21.35428697417344,0.30868615483914397,702.1266434999999
2025-07-02,0,0,0,0,0,0,0,0,713.57,-0.7855654,-0.0084,-0.0016,0.888,67.0,-0.4073277525765519,0.18236483337632287,-0.027499999999999997,-0.0049,-32.0,0.0068,-0.25767287505590625,59.61186280855627,20.227104357085523,21.128850450755856,-0.901746093670333,703.4340884999999
2025-07-03,0,0,1,0,0,0,0,0,719.01,0.76236725,-0.0309,0.0023,1.35,56.0,0.07047366313916929,-0.02656226316998918,-0.0225,0.0039,-11.0,0.0332,-0.20892709654631206,61.33689987464077,19.305587748230096,20.764197910250704,-1.4586101620206087,705.1799084999999
2025-07-04,0,1,0,0,1,0,0,0,719.01,0.0,-0.0044,-0.0045,0.188,65.0,-1.1069803082603602,0.21781189936994544,0.0265,-0.0068,9.0,-9.99999999999994e-05,0.24437416253993463,61.33689987464077,18.36359510313548,20.28407734882766,-1.9204822456921775,706.2717284999999
2025-07-07,0,0,0,0,0,0,0,0,718.35,-0.09179711,-0.0184,-0.0115,0.24,20.0,-1.0406267764400676,0.07912070393486352,-0.013999999999999999,-0.007,-45.0,0.0069,-0.1386911954350819,60.97048033269071,17.363645365775028,19.69999095221713,-2.3363455864421034,707.5129099999999
2025-07-08,0,0,0,0,0,0,0,0,720.67,0.3229618,-0.0005,0.0038,1.529,71.0,0.3934705745383407,0.23528583095294672,0.0179,0.0153,51.0,0.0043,0.15616512701808322,61.83359168836313,16.56740388646665,19.073473539067034,-2.5060696526003845,708.4534099999998
2025-07-09,0,1,1,0,0,0,0,0,732.78,1.6803861,0.011,0.0828,1.87,100.0,0.7830731230644566,0.3323328034842061,0.0115,0.079,29.0,0.0718,0.09704697253125935,66.05355578184616,16.720805532176996,18.602939937689026,-1.88213440551203,710.4120949999999
2025-07-10,0,0,1,0,0,0,0,0,727.24,-0.7560313,-0.0284,0.0134,0.521,96.0,-0.7266771829475781,-0.038244201262844835,-0.039400000000000004,-0.0694,-4.0,0.041800000000000004,-0.3705770047470509,62.64132270902003,16.208504194403872,18.124052789031996,-1.9155485946281239,712.13275
2025-07-11,0,0,0,0,1,0,0,0,717.51,-1.3379335,0.0056,0.0328,0.379,37.0,-0.8802503674594613,0.2770380595300562,0.034,0.0194,-59.0,0.027200000000000002,0.31528226079290106,57.0655594618032,14.84623386772239,17.468489004770074,-2.6222551370476843,713.891
2025-07-14,0,0,1,0,0,0,0,0,720.92,0.47525167,-0.2181,-0.0807,1.599,22.0,0.47287166315669316,-1.7498811640604897,-0.22369999999999998,-0.11349999999999999,-15.0,0.1374,-2.026919223590546,58.46104454627324,13.881762997898136,16.751143803395685,-2.869380805497549,714.8309999999999
2025-07-15,0,1,1,0,1,0,0,0,710.39,-1.4606297,0.0371,0.0044,1.634,101.0,0.4987777779158441,0.5825262543390489,0.2552,0.0851,79.0,-0.0327,2.3324074183995385,52.75847844217276,12.127926698202259,15.826500382357,-3.6985736841547414,715.4889999999999
2025-07-16,0,0,1,0,0,0,0,0,702.91,-1.0529459,-0.1136,0.0049,1.389,62.0,0.2671418215122676,-0.9271837140384046,-0.1507,0.0004999999999999996,-39.0,0.11850000000000001,-1.5097099683774535,49.09495846168292,10.018933281651812,14.664986962215963,-4.646053680564151,715.8459999999999
2025-07-17,0,1,1,0,0,0,0,0,701.41,-0.21339655,-0.2984,-0.0438,1.817,90.0,0.7820294142891117,-2.933744774669438,-0.1848,-0.0487,28.0,0.2546,-2.006561060631033,48.36959924088355,8.132754014763009,13.358540372725372,-5.225786357962363,716.1279999999999
2025-07-18,0,1,1,0,0,0,0,0,704.28,0.4091859,-0.1781,-0.0755,2.025,150.0,0.9989659147610754,-1.6039901740556772,0.12029999999999999,-0.0317,60.0,0.10260000000000001,1.3297546006137606,49.89496137638158,6.791243147374303,12.045080927655158,-5.253837780280856,717.2244999999999
2025-07-21,0,0,0,0,0,0,0,0,712.965,1.2331724,-0.0266,-0.0178,0.647,48.0,-0.5951342716310845,-0.03784712806730504,0.15150000000000002,0.0577,-102.0,0.008799999999999999,1.5661430459883723,54.29543714944175,6.355629298025633,10.907190601729253,-4.55156130370362,717.9462499999998
2025-07-22,0,1,0,0,1,0,0,0,704.81,-1.1438191,0.006,0.022,1.094,74.0,-0.059861472723234894,0.2966867870380399,0.0326,0.0398,26.0,0.016,0.33453391510534497,49.86681442042652,5.291366261663711,9.784025733716145,-4.492659472052434,717.5767499999998
2025-07-23,0,0,0,0,0,0,0,0,713.58,1.2443066,0.0128,0.0014,0.162,74.0,-1.135137534590781,0.3638257365340706,0.0068000000000000005,-0.0206,0.0,-0.0114,0.06713894949603066,54.19384077424705,5.0968426148085655,8.84658910993463,-3.7497464951260646,717.8217499999998
2025-07-24,0,0,0,0,0,0,0,0,714.8,0.17096996,-0.001,-0.009,0.378,55.0,-0.8630856733830937,0.2735517584071848,-0.0138,-0.0104,-19.0,-0.008,-0.09027397812688576,54.77856820531716,4.983676308984059,8.074006549744515,-3.0903302407604567,717.2572499999998
2025-07-25,0,0,0,0,0,0,0,0,712.68,-0.29658675,0.0045,-0.0003,1.77,51.0,0.9103801753360353,0.5376848949411172,0.0055,0.0087,-4.0,-0.0048,0.26413313653393233,53.500516919521225,4.669102407737114,7.393025721343035,-2.723923313605921,716.2097499999998
2025-07-28,0,0,0,0,0,0,0,0,717.63,0.694561,0.0046,0.001,0.563,37.0,-0.632913250648302,0.5146638901015734,0.00010000000000000026,0.0013,-14.0,-0.0036,-0.023021004839543724,56.07731566623448,4.764304024620742,6.867281381998576,-2.102977357377834,715.1867499999997
2025-07-29,0,0,1,0,0,0,0,0,700.0,-2.4567008,0.0681,-0.0088,0.527,37.0,-0.6837874936993953,1.3882198108356132,0.0635,-0.0098,0.0,-0.0769,0.8735559207340398,46.247368221881544,3.3782163566563668,6.169468376930134,-2.7912520202737676,714.2257499999998
2025-07-30,0,1,1,0,0,0,0,0,695.21,-0.68428516,-0.0416,-0.007,3.309,88.0,2.656348190060809,-0.2142785507357039,-0.10969999999999999,0.0018000000000000004,51.0,0.0346,-1.602498361571317,43.991070552108916,1.8716437808249111,5.30990345770909,-3.4382596768841784,713.3077499999997
2025-07-31,0,0,1,0,0,0,0,0,773.44,11.252713,-0.0416,-0.007,3.309,88.0,2.471542913852374,-0.2141494447833563,0.0,0.0,0.0,0.0346,0.0001291059523476079,69.85668768525012,6.910521178326462,5.630027001832564,1.2804941764938977,716.0292499999998
2025-08-01,0,0,1,0,0,0,0,0,750.01,-3.0293226,-0.0416,-0.007,3.309,88.0,2.317682891999832,-0.20474870048754243,0.0,0.0,0.0,0.0346,0.009400744295813862,60.800301242775525,8.910547388011992,6.28613107906845,2.624416308943542,717.5792499999998
2025-08-04,0,0,1,0,0,0,0,0,776.37,3.5146236,-0.0416,-0.007,3.309,88.0,2.1876149730987877,-0.1933889083070818,0.0,0.0,0.0,0.0346,0.011359792180460626,66.12170596056414,12.478766812831054,7.52465822582097,4.954108587010084,720.4802499999998
2025-08-05,0,0,1,0,0,0,0,0,763.46,-1.6628623,-0.0416,-0.007,3.309,88.0,2.0701714720725666,-0.1794364055794295,0.0,0.0,0.0,0.0346,0.013952502727652305,61.70375705474926,14.102314603639911,8.840189501384758,5.262125102255153,722.6197499999998
2025-08-06,0,0,1,0,0,0,0,0,771.99,1.1172771,-0.0416,-0.007,3.309,88.0,1.9725327670808468,-0.171244401324502,0.0,0.0,0.0,0.0346,0.008192004254927499,63.44183213869107,15.894070683576956,10.250965737823197,5.643104945753759,724.5802499999998
2025-08-07,0,0,1,0,0,0,0,0,761.83,-1.3160765,-0.0416,-0.007,3.309,88.0,1.8758832643668004,-0.1638559274655305,0.0,0.0,0.0,0.0346,0.0073884738589715115,59.951689694795974,16.306254840979705,11.462023558454499,4.844231282525206,726.3097499999998
2025-08-08,0,0,1,0,0,0,0,0,769.3,0.98053217,-0.0416,-0.007,3.309,88.0,1.7926796621131138,-0.16091015988564317,0.0,0.0,0.0,0.0346,0.0029457675798873206,61.62334278684952,17.039262316540544,12.577471310071708,4.461791006468836,728.8992499999997
2025-08-11,0,0,1,0,0,0,0,0,765.87,-0.44586062,-0.0416,-0.007,3.309,88.0,1.7188502452612135,-0.23358566875375084,0.0,0.0,0.0,0.0346,-0.07267550886810767,60.37712881243525,17.145758061592005,13.491128660375768,3.654629401216237,731.1467499999998
2025-08-12,0,0,1,0,0,0,0,0,790.0,3.1506658,-0.0416,-0.007,3.309,88.0,1.655495957053585,-0.22291844913215333,0.0,0.0,0.0,0.0346,0.010667219621597501,65.64132069211252,18.95870192952009,14.584643314204632,4.374058615315457,735.1272499999998
2025-08-13,0,0,1,0,0,0,0,0,780.08,-1.255697,-0.0416,-0.007,3.309,88.0,1.593970228274719,-0.21350795938892853,0.0,0.0,0.0,0.0346,0.00941048974322481,61.99478903335665,19.371706932261304,15.542056037815966,3.8296508944453382,738.9857499999998
2025-08-14,0,0,1,0,0,0,0,0,782.13,0.26279688,-0.0416,-0.007,3.309,88.0,1.5376882737935769,-0.21560441921440884,0.0,0.0,0.0,0.0346,-0.002096459825480318,62.45891553186915,19.63805892093592,16.361256614439956,3.276802306495963,743.0217499999998
2025-08-15,0,0,1,0,0,0,0,0,785.23,0.39634705,-0.0416,-0.007,3.309,88.0,1.4809371222682333,-0.2229814559378752,0.0,0.0,0.0,0.0346,-0.007377036723466346,63.190964562801476,19.870237157977954,17.063052723147557,2.807184434830397,747.0692499999998
2025-08-18,0,0,1,0,0,0,0,0,767.37,-2.2744894,-0.0416,-0.007,3.309,88.0,1.4290438827502487,-0.2914719295706213,0.0,0.0,0.0,0.0346,-0.0684904736327461,56.37084000356067,18.40097239032741,17.33063665658353,1.0703357337438817,749.7894999999997
2025-08-19,0,0,1,1,0,0,0,0,751.48,-2.070713,-0.0416,-0.007,3.309,88.0,1.3771727714656188,-0.2802616164240942,0.0,0.0,0.0,0.0346,0.011210313146527096,51.087824808657786,15.772562986722846,17.019021922611394,-1.2464589358885476,752.1229999999998
2025-08-20,0,0,1,1,0,0,0,0,747.72,-0.50034523,-0.0416,-0.007,3.309,88.0,1.3285279872978124,-0.2690194067673339,0.0,0.0,0.0,0.0346,0.011242209656760316,49.896189495132916,13.233580542454547,16.261933646580026,-3.028353104125479,753.8299999999997
2025-08-21,0,0,1,1,0,0,0,0,739.1,-1.1528373,-0.0416,-0.007,3.309,88.0,1.2821736794148235,-0.2590584737516566,0.0,0.0,0.0,0.0346,0.009960933015677298,47.17924335769707,10.40590392039303,15.090727701342626,-4.684823780949596,755.0449999999998
