date,sig1,sig4,sig5,sig6,sig8,news_heat,delta_twit,gap,rsi,macd,macd_signal,sma_20,return
2015-02-18,-0.11534196721631887,-0.18944573480940763,-0.37243028735170974,-0.08993461677306268,-0.15582333415782523,-0.3704472109669739,0.10067451050055107,-1.023432155343104,1.5777708894186728,0.3250858002879824,0.28541653709529824,-1.0769940494667618,0.69231987
2015-02-19,-0.11534196721631887,-0.18944573480940763,-0.37243028735170974,-0.08993461677306268,-0.15582333415782523,-0.3704472109669739,-0.04635436625309885,-1.9046148655091133,1.4980665416098649,0.3233792398581699,0.298356009849044,-1.0743529117247934,-0.2058804
2015-02-20,-0.11534196721631887,-0.18944573480940763,-0.37243028735170974,-0.08993461677306268,-0.15582333415782523,-0.3255500897195866,0.03925738476801376,-1.3686498173603319,1.6042181404255604,0.3242601603142876,0.3088967708971157,-1.0716369499321508,0.8135438
2015-02-23,-0.11534196721631887,-0.18944573480940763,-0.37243028735170974,-0.08993461677306268,-0.15582333415782523,0.21278469741935063,-0.11521599207442858,-0.10948302301952738,1.905485920252755,0.34697067477867466,0.3222065961853161,-1.0683787984382107,2.7066708
2015-02-24,-0.11534196721631887,-0.18944573480940763,2.685066263302147,-0.08993461677306268,-0.15582333415782523,0.3024712729566975,0.29423151280915355,-3.122823632152959,1.6571467382369607,0.351612945203294,0.33385141127194606,-1.0646218788857844,-0.62406063
2015-02-25,-0.11534196721631887,-0.18944573480940763,-0.37243028735170974,-0.08993461677306268,-0.15582333415782523,0.3024712729566975,-0.5209412469136144,-2.1585546372302606,0.7720757343815976,0.32150986802415277,0.3367024506028058,-1.0623904856332111,-2.5573134
2015-02-26,-0.11534196721631887,-0.18944573480940763,-0.37243028735170974,-0.08993461677306268,-0.15582333415782523,-0.05638269615011797,-0.4074126205595302,-1.4517361021170208,0.9643777113962119,0.30483527745250544,0.3354023157465281,-1.0604715285113022,1.2617469
2015-02-27,-0.11534196721631887,-0.18944573480940763,2.685066263302147,-0.08993461677306268,-0.15582333415782523,0.4370549697414318,0.1304525108557206,-2.7097326670950554,0.5218047741679948,0.2700402589189948,0.3268897731429149,-1.0585880935481828,-1.4990509
2015-03-02,-0.11534196721631887,-0.18944573480940763,-0.37243028735170974,-0.08993461677306268,-0.15582333415782523,-0.8189877556111365,0.4245102643630206,0.13158422571114708,0.6057751256842455,0.24226283169858115,0.31411437331794095,-1.0568382625892343,0.4904151
2015-03-03,-0.11534196721631887,-0.18944573480940763,2.685066263302147,-0.08993461677306268,-0.15582333415782523,-0.5050309077517082,0.21978651192122947,-5.684455707257068,0.6429035757147996,0.2174012166889417,0.29855487552421955,-1.0550483842870468,0.20916462
2015-03-04,-0.11534196721631887,-0.18944573480940763,-0.37243028735170974,-0.08993461677306268,-0.15582333415782523,-0.9087819981059112,0.06531313507878715,-2.0345103247766123,0.4434579168346022,0.18632899247922263,0.27943433453035477,-1.0535349821747917,-0.6338954
2015-03-05,-0.11534196721631887,-0.18944573480940763,-0.37243028735170974,-0.08993461677306268,-0.15582333415782523,-0.5498203620416678,-0.16732749269597536,-5.417643412545448,-0.03541943786880494,0.1401947948955003,0.25423031167587157,-1.0524988242015958,-1.6570628
2015-03-06,-0.11534196721631887,-0.18944573480940763,-0.37243028735170974,-0.08993461677306268,-0.15582333415782523,-0.3704472109669739,-0.13010499225201339,5.350807183666527,-0.0013235281599584675,0.10146992930619783,0.2257507009229552,-1.0512704842686402,0.15029907
2015-03-09,-0.11534196721631887,-0.18944573480940763,-0.37243028735170974,-0.08993461677306268,-0.15582333415782523,0.8408060600956347,0.08578551032296626,-0.14107921581432453,0.09894514350887855,0.07180993257717405,0.19659735371280146,-1.0500821873658006,0.42654276
2015-03-10,-0.11534196721631887,-0.18944573480940763,-0.37243028735170974,-0.08993461677306268,-0.15582333415782523,0.25768181866673806,-0.00354849074254255,-1.3932246339785075,-0.4694663558068906,0.024060587536127952,0.1630202234766889,-1.0496834226488096,-2.0685852
2015-03-11,-0.11534196721631887,-0.18944573480940763,-0.37243028735170974,-0.08993461677306268,-0.15582333415782523,2.9044586331140363,-0.09474361683024947,-0.8373656866626319,-0.8763795655039299,-0.03441806619887892,0.12359988472219045,-1.050106216490598,-1.8231511
2015-03-12,-0.11534196721631887,-0.18944573480940763,-0.37243028735170974,-0.08993461677306268,-0.15582333415782523,2.9044586331140363,-0.4371906209146999,-1.2469459636322244,-0.4316785853963288,-0.06455656307438286,0.08559119439219384,-1.0504281199253453,1.8079162
2015-03-13,-0.11534196721631887,-0.18944573480940763,-0.37243028735170974,-0.08993461677306268,-0.15582333415782523,2.9044586331140363,0.4114823892076338,-0.8385359160254022,-0.586755245214204,-0.0968719247915698,0.048244328283725484,-1.050987035916043,-0.69103837
2015-03-16,-0.11534196721631887,-0.18944573480940763,-0.37243028735170974,-0.08993461677306268,-0.15582333415782523,-0.3255500897195866,0.06717426010098528,-0.2417189410125673,-0.32206336133102137,-0.11264607883033241,0.014979243113241199,-1.051328155030778,1.100409
2015-03-17,-0.11534196721631887,-0.18944573480940763,-0.37243028735170974,-0.08993461677306268,-0.15582333415782523,0.3024712729566975,-0.07241011656387226,-1.0971566051976307,0.04641832355455982,-0.10940135889818325,-0.010936002348666415,-1.051454670417974,1.6726732
2015-03-18,-0.11534196721631887,-0.18944573480940763,-0.37243028735170974,-0.08993461677306268,-0.15582333415782523,0.033303879387228896,0.20489751174364468,-1.6635476167784389,0.2744079878660709,-0.09660825534180828,-0.02892080454505475,-1.0514939126449963,1.1256337
2015-03-19,-0.11534196721631887,-0.18944573480940763,2.685066263302147,-0.08993461677306268,-0.15582333415782523,-0.19096639293485226,0.03739625974581566,-2.492070005619786,0.06425091085484352,-0.09584896956668323,-0.04314558521967418,-1.051646858128564,-0.75892806
2015-03-20,-0.11534196721631887,-0.18944573480940763,-0.37243028735170974,-0.08993461677306268,-0.15582333415782523,-0.23586351418223972,-0.25666149376148417,-2.0157866549722887,-0.2611110710292519,-0.10951940730942276,-0.057461216605076804,-1.0522225837956987,-1.25103
2015-03-23,-0.11534196721631887,-0.18944573480940763,-0.37243028735170974,-0.08993461677306268,-0.15582333415782523,-0.6396146045364425,0.19000851156605988,-0.9274733475959422,-0.026859062232447724,-0.11094418440500346,-0.06921970096801597,-1.0531498440497666,1.0405064
2015-03-24,-0.11534196721631887,-0.18944573480940763,2.685066263302147,-0.08993461677306268,-0.15582333415782523,-0.5947174832890552,0.10625788556714537,-2.6395189053288393,-0.1365127397253223,-0.11749627765520745,-0.08003358899016089,-1.0540274573874204,-0.40876865
2015-03-25,-0.11534196721631887,-0.18944573480940763,-0.37243028735170974,-0.08993461677306268,-0.15582333415782523,-0.19096639293485226,-0.07613236660826847,-1.6553560112390469,-0.7552393927153143,-0.15046020979293628,-0.09576389756177402,-1.0548938616383188,-2.6126802
2015-03-26,-0.11534196721631887,-0.18944573480940763,-0.37243028735170974,-0.08993461677306268,-0.15582333415782523,-0.011485574902730533,-0.2231612433619184,-1.505566652804453,-0.58322123059648,-0.17015810284640526,-0.11257838271579304,-1.055882769353552,0.69702864
2015-03-27,-0.11534196721631887,-0.18944573480940763,-0.37243028735170974,-0.08993461677306268,-0.15582333415782523,0.12309812188200377,0.20489751174364468,-1.0620497243145228,-0.7571061246339313,-0.19413739997950785,-0.13117966582342788,-1.0567171400429818,-0.7968426
2015-03-30,-0.11534196721631887,-0.18944573480940763,-0.37243028735170974,-0.08993461677306268,-0.15582333415782523,-0.05638269615011797,-0.13196611727421148,-0.6091709609224304,-0.1662987484512315,-0.18809774626670495,-0.1447636411799797,-1.057152739545737,2.531445
2015-03-31,-0.11534196721631887,-0.18944573480940763,-0.37243028735170974,-0.08993461677306268,-0.15582333415782523,0.25768181866673806,0.27562026258717254,-0.5892770617553359,-0.5120685087160819,-0.199358457623466,-0.15804912540770227,-1.0579422666996088,-1.5351772
2015-04-01,-0.11534196721631887,-0.18944573480940763,-0.37243028735170974,-0.08993461677306268,-0.15582333415782523,-0.10127981739750541,-0.07054899154167416,-0.9333244944097936,-0.5433476924315033,-0.20987128350421483,-0.17093520393110373,-1.058629303996813,-0.14466047
2015-04-02,-0.11534196721631887,-0.18944573480940763,-0.37243028735170974,-0.08993461677306268,-0.15582333415782523,-0.4152366652569336,-0.02960424105331597,-1.3429047713793862,-0.33739366951293076,-0.20961092464425915,-0.1811881531545339,-1.0588038610999668,0.8611679
2015-04-03,-0.11534196721631887,-0.18944573480940763,-0.37243028735170974,-0.08993461677306268,-0.15582333415782523,-1.3573225427500735,-0.06496561647507987,-1.4412040378520887,-0.33739366951293076,-0.20953060987241112,-0.18937326446401792,-1.0590088472829862,0.0
2015-04-06,-0.11534196721631887,-0.18944573480940763,-0.37243028735170974,-0.08993461677306268,-0.15582333415782523,-0.5947174832890552,-0.40741262055953026,-1.5816315613845202,0.04779940124646627,-0.19324374008164996,-0.19242365250694993,-1.0589752128341834,1.6198516
2015-04-07,-0.11534196721631887,-0.18944573480940763,-0.37243028735170974,-0.08993461677306268,-0.15582333415782523,0.07820100063461634,0.6069005165384342,-1.4072673863317509,-0.23845297923119446,-0.19158510967951198,-0.19450776231475156,-1.0587349855641968,-1.0522127
2015-04-08,-0.11534196721631887,-0.18944573480940763,-0.37243028735170974,-0.08993461677306268,-0.15582333415782523,0.5268492122362067,-0.40927374558172835,-1.191945183582022,-0.32440449159390083,-0.19391673665418344,-0.1966757807566544,-1.0581968832654063,-0.3253758
2015-04-09,-0.11534196721631887,-0.18944573480940763,-0.37243028735170974,-0.08993461677306268,-0.15582333415782523,0.8857031813430222,0.07461876018977769,-0.395018987535472,-0.1286742349352539,-0.18831485403232287,-0.1972071582951584,-1.0578589695196086,0.7643342
2015-04-10,-0.11534196721631887,-0.18944573480940763,-0.37243028735170974,-0.08993461677306268,-0.15582333415782523,0.7511194845582878,-0.031465366075514055,-0.5401274285189848,-0.019796673965030594,-0.17994309248674695,-0.19583437533364065,-1.057296846722266,0.4266739
2015-04-13,-0.11534196721631887,-0.18944573480940763,-0.37243028735170974,-0.08993461677306268,-0.15582333415782523,0.6165357877735536,0.4021767640966434,-0.47225412547830947,-0.08230150225654168,-0.1758591843941126,-0.19385910570061715,-1.0569925580801722,-0.19669533
2015-04-14,-0.11534196721631887,-0.18944573480940763,2.685066263302147,-0.08993461677306268,-0.15582333415782523,0.25768181866673806,-0.08729911674145709,-2.406643262137557,-0.22308975444554274,-0.17759728168842182,-0.19265215660285895,-1.0571110632798666,-0.43358207
2015-04-15,-0.11534196721631887,-0.18944573480940763,-0.37243028735170974,-0.08993461677306268,-0.15582333415782523,-0.23586351418223972,0.10625788556714541,-1.1357741741690492,-0.1088277014364703,-0.175581930118962,-0.19125378873099416,-1.0573817117223274,0.38003922
2015-04-16,-0.11534196721631887,-0.18944573480940763,2.685066263302147,-0.08993461677306268,-0.15582333415782523,-0.05638269615011797,0.09136888538956053,-2.2041935823783008,-0.27585358730205223,-0.17942710148463167,-0.19096086758215267,-1.0575939036954853,-0.48114657
2015-04-17,-0.11534196721631887,-0.18944573480940763,-0.37243028735170974,-0.08993461677306268,-0.15582333415782523,0.033303879387228896,-0.2548003687392861,-0.7917267415145915,-0.6395115457593055,-0.1943432987187635,-0.19392987168082695,-1.057778071873475,-1.1254668
2015-04-20,-0.11534196721631887,-0.18944573480940763,-0.37243028735170974,-0.08993461677306268,-0.15582333415782523,-0.10127981739750541,-0.10963261700783428,-0.7940672002401322,0.04246200133894958,-0.18337520669871687,-0.19394961273955333,-1.0577156164206787,2.2845626
2015-04-21,-0.11534196721631887,-0.18944573480940763,-0.37243028735170974,-0.08993461677306268,-0.15582333415782523,-0.5947174832890552,0.3091205129867383,-0.8947069254383749,-0.13410150822731143,-0.18076124685684739,-0.19340404234838646,-1.0576803818033953,-0.5407512
2015-04-22,-0.11534196721631887,-0.18944573480940763,-0.37243028735170974,-0.08993461677306268,-0.15582333415782523,-0.23586351418223972,-0.11335486705223045,-0.8163015581327672,0.22332991818316347,-0.16539437509043223,-0.1896674600133068,-1.0568412106085237,1.3474107
2015-04-23,-0.11534196721631887,-0.18944573480940763,-0.37243028735170974,-0.08993461677306268,-0.15582333415782523,0.5716386665261661,-0.4558018711366809,-1.1299230273551981,0.4224633207882417,-0.1455259511567369,-0.18241133333978476,-1.055971612490348,0.81635714
2015-04-24,-0.11534196721631887,-0.18944573480940763,-0.37243028735170974,-0.08993461677306268,-0.15582333415782523,0.5716386665261661,0.5119831404063313,-0.24288917037533753,0.5348167534896043,-0.12590128965819594,-0.17239192061103742,-1.0548457825419653,0.4704237
2015-04-27,8.669871202426636,-0.18944573480940763,2.685066263302147,-0.08993461677306268,6.4175240852384325,1.1997676961598782,0.23095326205441805,-1.992382067716883,0.925510004075017,-0.09251630158762263,-0.15720676803804015,-1.0538400543674888,1.8191576
2015-04-28,8.669871202426636,-0.18944573480940763,-0.37243028735170974,-0.08993461677306268,-0.15582333415782523,1.1548705749124908,2.294940911672111,-5.506580844115988,0.3440620190019307,-0.08464990695678705,-0.14336929150227706,-1.0528583488481256,-1.5755713
2015-04-29,-0.11534196721631887,-0.18944573480940763,-0.37243028735170974,-0.08993461677306268,-0.15582333415782523,-0.011485574902730533,-1.833034387563275,-6.957665253951116,-0.1133146977121406,-0.09549722028531353,-0.1346288345600656,-1.0521552954890407,-1.4705896
2015-04-30,-0.11534196721631887,-0.18944573480940763,-0.37243028735170974,-0.08993461677306268,-0.15582333415782523,0.7062223633109004,-1.241196630504279,-1.8566354616355323,-0.7837002792385301,-0.13352698720406397,-0.13580358495106631,-1.0521825271073604,-2.7129948
2015-05-01,-0.11534196721631887,-0.18944573480940763,-0.37243028735170974,-0.08993461677306268,-0.15582333415782523,0.25768181866673806,-0.050076616297495075,-2.558773079297691,-0.10116625146434563,-0.13370970306190202,-0.13678262456814924,-1.051601197256275,3.036356
2015-05-04,-0.11534196721631887,-0.18944573480940763,-0.37243028735170974,-0.08993461677306268,-0.15582333415782523,-0.05638269615011797,0.5119831404063313,-1.7630171126139114,-0.14736859943780875,-0.13685446329028614,-0.13824121200245387,-1.0513849933602557,-0.19387603
2015-05-05,-0.11534196721631887,-0.18944573480940763,-0.37243028735170974,-0.08993461677306268,-0.15582333415782523,0.21278469741935063,-0.09102136678585328,-0.5810854562159441,-0.6467693907040651,-0.16362662896690486,-0.14515756186758091,-1.051418629246766,-2.2533
2015-05-06,-0.11534196721631887,-0.18944573480940763,-0.37243028735170974,-0.08993461677306268,-0.15582333415782523,-0.05638269615011797,-0.4464962460256904,-0.6477885298938492,-0.7704383778781414,-0.1916119365679029,-0.1567006510351985,-1.0515131189798848,-0.6279826
2015-05-07,-0.11534196721631887,-0.18944573480940763,2.685066263302147,-0.08993461677306268,-0.15582333415782523,0.12309812188200377,-0.027743116031117877,-1.8519545441844514,-0.6206371183110659,-0.20763955020916788,-0.16937714659220854,-1.0516375202181587,0.6159544
2015-05-08,-0.11534196721631887,-0.18944573480940763,-0.37243028735170974,-0.08993461677306268,-0.15582333415782523,0.033303879387228896,-0.20082774309554113,-1.7243995436424924,-0.19447280378822995,-0.20125685068174062,-0.1781476208035074,-1.0514688720929517,1.884079
2015-05-11,-0.11534196721631887,-0.18944573480940763,-0.37243028735170974,-0.08993461677306268,-0.15582333415782523,-0.3255500897195866,0.7297347680035089,-1.4330124323126967,-0.42820231781001095,-0.20698855221940746,-0.1863949167626732,-1.0514692523665934,-1.0186493
2015-05-12,-0.11534196721631887,-0.18944573480940763,2.685066263302147,-0.08993461677306268,-0.15582333415782523,0.07820100063461634,0.24956451227639906,-1.6939735802104656,-0.5092767548440944,-0.21531237216240343,-0.1947803427814224,-1.051454722175445,-0.36019683
2015-05-13,-0.11534196721631887,-0.18944573480940763,-0.37243028735170974,-0.08993461677306268,-0.15582333415782523,-0.5050309077517082,-0.30691186936083287,-1.9327003702155996,-0.48023308372852774,-0.22071998875734,-0.2026500010404667,-1.0514937437143614,0.11520386
2015-05-14,-0.11534196721631887,-0.18944573480940763,-0.37243028735170974,-0.08993461677306268,-0.15582333415782523,0.25768181866673806,0.13975813596671116,-1.0035382561760096,0.061378107369844746,-0.20117745800432082,-0.2047488543180514,-1.0509622721226977,2.3331404
2015-05-15,-0.11534196721631887,-0.18944573480940763,-0.37243028735170974,-0.08993461677306268,-0.15582333415782523,-0.5050309077517082,0.028090634634825147,-0.7940672002401322,0.02301249856425993,-0.18754188885775855,-0.20349961833036206,-1.0502323401024918,-0.13958216
2015-05-18,-0.11534196721631887,-0.18944573480940763,-0.37243028735170974,-0.08993461677306268,-0.15582333415782523,0.25768181866673806,0.31656501307553075,-0.6161923370990519,0.2658187447156392,-0.16575010407147217,-0.19782031568816638,-1.049730462282619,1.1027455
2015-05-19,-0.11534196721631887,-0.18944573480940763,-0.37243028735170974,-0.08993461677306268,-0.15582333415782523,0.5716386665261661,-0.4353294958925018,-1.1357741741690495,0.23714117230949627,-0.1502706821638475,-0.1899525767479875,-1.0491373856421626,-0.09216666
2015-05-20,-0.11534196721631887,-0.18944573480940763,-0.37243028735170974,-0.08993461677306268,-0.15582333415782523,-0.2806529684721991,-0.09474361683024947,-0.9602397697535097,0.23458691145973903,-0.13902367308088528,-0.1812430242971891,-1.0488197651381463,-0.0076949596
2015-05-21,-0.11534196721631887,-0.18944573480940763,-0.37243028735170974,-0.08993461677306268,-0.15582333415782523,-0.5050309077517082,0.18256401147726747,-0.82800385176047,0.4785543889509731,-0.12038423838790907,-0.17027245419324255,-1.048456421221564,1.0226011
2015-05-22,-0.11534196721631887,-0.18944573480940763,-0.37243028735170974,-0.08993461677306268,-0.15582333415782523,-0.2806529684721991,-0.001687365720344437,-1.1638596788755358,0.674174792440782,-0.09762100418389827,-0.1566074597864269,-1.0480058206784444,0.8752465
2015-05-25,-0.11534196721631887,-0.18944573480940763,-0.37243028735170974,-0.08993461677306268,-0.15582333415782523,-1.312533088460114,-0.2138556182509279,-0.1129937111078382,0.674174792440782,-0.08118646993121285,-0.1421460514453046,-1.0479347763608655,0.0
2015-05-26,-0.11534196721631887,-0.18944573480940763,-0.37243028735170974,-0.08993461677306268,-0.15582333415782523,0.21278469741935063,-0.010992990831334946,-0.26863421635628343,-0.11970656311111347,-0.09351192203433038,-0.1332238880475941,-1.0479986041054992,-2.2031069
2015-05-27,-0.11534196721631887,-0.18944573480940763,-0.37243028735170974,-0.08993461677306268,-0.15582333415782523,-0.011485574902730533,-0.17849424282916398,-0.6372564656289168,0.3321879900561862,-0.08500404789208833,-0.12425904135704409,-1.0473649704544845,1.8708587
2015-05-28,-0.11534196721631887,-0.18944573480940763,-0.37243028735170974,-0.08993461677306268,-0.15582333415782523,-0.3255500897195866,0.2309532620544181,-0.8876855492617532,0.26553379004427646,-0.08202520309479812,-0.11644743957786957,-1.046215034463952,-0.20068884
2015-05-29,-0.11534196721631887,-0.18944573480940763,-0.37243028735170974,-0.08993461677306268,-0.15582333415782523,-0.5498203620416678,-0.25666149376148417,-1.2902444500547243,-0.10140341675908818,-0.09339952433398982,-0.11264086048694251,-1.0459148806687137,-1.138258
2015-06-01,-0.11534196721631887,-0.18944573480940763,-0.37243028735170974,-0.08993461677306268,-0.15582333415782523,-0.7293011800737895,0.2216476369434276,0.9624470732780349,-0.04888031724233591,-0.10169680842978475,-0.1113774877364812,-1.0455336897697114,0.19574165
2015-06-02,-0.11534196721631887,-0.18944573480940763,-0.37243028735170974,-0.08993461677306268,-0.15582333415782523,-0.5050309077517082,0.06345201005658907,-0.5471488046956062,-0.19285940469643226,-0.11420093904023232,-0.11305212507083302,-1.0447805308655103,-0.44049025
2015-06-03,-0.11534196721631887,-0.18944573480940763,-0.37243028735170974,-0.08993461677306268,-0.15582333415782523,-0.05638269615011797,-0.2119944932287298,-0.8713023381829698,-0.15542381143495826,-0.1239150014716926,-0.11647798693451177,-1.043875132392138,0.12310743
2015-06-04,-0.11534196721631887,-0.18944573480940763,-0.37243028735170974,-0.08993461677306268,-0.15582333415782523,-0.3704472109669739,-0.12079936714102288,-1.2762016977014812,-0.35738173948112933,-0.138772112769154,-0.12240932839105731,-1.0432157781534177,-0.5840719
2015-06-05,-0.11534196721631887,-0.18944573480940763,-0.37243028735170974,-0.08993461677306268,-0.15582333415782523,-0.5498203620416678,0.16953613632188078,-1.2867337619664136,-0.54093636801435,-0.15708521172482298,-0.13108724718215664,-1.0430501398689243,-0.5488634
2015-06-08,-0.11534196721631887,-0.18944573480940763,2.685066263302147,-0.08993461677306268,6.4175240852384325,0.9306003025904096,0.07275763516757956,-1.9350408289411403,-0.7528737140005481,-0.1790294726425682,-0.14274224121240542,-1.0428121309816558,-0.6606996
2015-06-09,-0.11534196721631887,-0.18944573480940763,-0.37243028735170974,-0.08993461677306268,-0.15582333415782523,2.9044586331140363,0.009479384412844155,-0.9871550450972258,-0.8462614585342554,-0.19976746858166877,-0.1565198429406531,-1.0425620597282137,-0.29734373
2015-06-10,-0.11534196721631887,-0.18944573480940763,-0.37243028735170974,-0.08993461677306268,-0.15582333415782523,2.9044586331140363,-0.07613236660826846,-1.0983268345604011,-0.4120558964286556,-0.204443856818568,-0.16854620618001653,-1.0421005153553782,1.1458278
2015-06-11,-0.11534196721631887,-0.18944573480940763,2.685066263302147,-0.08993461677306268,6.4175240852384325,2.9044586331140363,0.10067451050055107,-1.752485048348979,-0.49196167096920773,-0.21063532153159933,-0.17949695020554784,-1.042158406086768,-0.22501945
2015-06-12,-0.11534196721631887,-0.18944573480940763,-0.37243028735170974,-0.08993461677306268,-0.15582333415782523,-0.3704472109669739,-0.11521599207442856,-1.1790726605915491,-0.8625113278467034,-0.22708224893775353,-0.19178961974418404,-1.0424157140410608,-1.1042833
2015-06-15,-0.11534196721631887,-0.18944573480940763,2.685066263302147,-0.08993461677306268,-0.15582333415782523,-0.7293011800737895,0.14161926098890928,-1.7243995436424924,-0.9244402593523158,-0.24191415410726275,-0.20480899417658271,-1.0429415821676276,-0.19658804
2015-06-16,-0.11534196721631887,-0.18944573480940763,-0.37243028735170974,-0.08993461677306268,-0.15582333415782523,-0.5947174832890552,-0.13382724229640958,-1.930359911490059,-0.6979705243503193,-0.24779102706601547,-0.21648658672847146,-1.0433388013490241,0.53577423
2015-06-17,-0.11534196721631887,-0.18944573480940763,-0.37243028735170974,-0.08993461677306268,-0.15582333415782523,-0.5050309077517082,-0.053798866341891266,-1.2527971104460758,-0.7816659726004812,-0.2545101777937073,-0.2272716378768547,-1.0437826590438295,-0.23510456
2015-06-18,-0.11534196721631887,-0.18944573480940763,-0.37243028735170974,-0.08993461677306268,-0.15582333415782523,-0.4601337865043209,0.5845670162720572,-0.4781052722921607,-0.5804739096819349,-0.25469613917170464,-0.23593961509437159,-1.0443471303364218,0.4556179
2015-06-19,-0.11534196721631887,-0.18944573480940763,-0.37243028735170974,-0.08993461677306268,-0.15582333415782523,-0.8638848768585238,-0.07613236660826851,-0.620873254550133,-0.946281527465772,-0.2648031370116495,-0.24504453405281545,-1.0453023820372391,-1.0009348
2015-06-22,-0.11534196721631887,-0.18944573480940763,-0.37243028735170974,-0.08993461677306268,-0.15582333415782523,0.1678875761719632,-0.3981069954485398,-0.6384266949916869,-0.5976889571064209,-0.2640483766024594,-0.2521663799860092,-1.0460952087298916,0.7977843
2015-06-23,-0.11534196721631887,-0.18944573480940763,-0.37243028735170974,-0.08993461677306268,-0.15582333415782523,-0.4601337865043209,-0.025881991008919754,-0.6302350894522951,-0.7653363947129426,-0.26765088545744276,-0.2586375166809296,-1.0465117284160204,-0.45450926
2015-06-24,-0.11534196721631887,-0.18944573480940763,-0.37243028735170974,-0.08993461677306268,-0.15582333415782523,0.25768181866673806,0.09695226045615486,-0.3283159138575669,-0.4047806177093973,-0.26120120354326726,-0.2624293189413506,-1.0471445396983279,0.85018873
2015-06-25,-0.11534196721631887,-0.18944573480940763,-0.37243028735170974,-0.08993461677306268,-0.15582333415782523,-0.2806529684721991,0.11184126063373966,-0.4968289420964849,-0.5918791365078075,-0.26061718008806267,-0.2653373382804067,-1.0478328357084743,-0.4761517
2015-06-26,-0.11534196721631887,-0.18944573480940763,-0.37243028735170974,-0.08993461677306268,-0.15582333415782523,-0.19096639293485226,-0.14499399242959818,-0.41257242797702587,-0.8125844887554696,-0.2657672637876208,-0.2687697644929064,-1.048400520996249,-0.58823824
2015-06-29,-0.11534196721631887,-0.18944573480940763,2.685066263302147,-0.08993461677306268,-0.15582333415782523,0.1678875761719632,-0.07799349163046658,-1.6120575248165474,-1.363358608521045,-0.2872394507798536,-0.2761269838104178,-1.0493662277062221,-1.7514825
2015-06-30,-0.11534196721631887,-0.18944573480940763,-0.37243028735170974,-0.08993461677306268,-0.15582333415782523,0.48195209098881925,0.21792538689903135,-2.3024928488510032,-1.0444577524626633,-0.2960634184312496,-0.2839077581755645,-1.050095537917921,0.7187009
2015-07-01,-0.11534196721631887,-0.18944573480940763,-0.37243028735170974,-0.08993461677306268,-0.15582333415782523,0.1678875761719632,-0.10032699189684376,-1.5839720201100609,-0.6601624083765216,-0.2926129755721518,-0.2893913747856169,-1.050661615129824,0.9368062
2015-07-02,-0.11534196721631887,-0.18944573480940763,-0.37243028735170974,-0.08993461677306268,-0.15582333415782523,-0.9535714523958707,0.024368384590428952,-0.9028985309777668,-0.7038013660418981,-0.29038139703768534,-0.2932990234685108,-1.0511312056328495,-0.12637973
2015-07-03,-0.11534196721631887,-0.18944573480940763,-0.37243028735170974,-0.08993461677306268,-0.15582333415782523,-1.3573225427500735,-0.02029861594232545,-0.7402366495527001,-0.7038013660418981,-0.2878362181630899,-0.29587855029362226,-1.0514866148415756,0.0
2015-07-06,-0.11534196721631887,-0.18944573480940763,-0.37243028735170974,-0.08993461677306268,-0.15582333415782523,-0.9535714523958707,-0.23246686847290887,-0.6360862362661465,-0.8359498405062812,-0.288632534637349,-0.29811318539646925,-1.0517760850321611,-0.34799576
2015-07-07,-0.11534196721631887,-0.18944573480940763,-0.37243028735170974,-0.08993461677306268,-0.15582333415782523,-0.19096639293485226,0.27562026258717254,-0.9918359625483071,-0.9296396295371046,-0.29098659306152197,-0.30040644136001726,-1.0520543001293503,-0.24603009
2015-07-08,-0.11534196721631887,-0.18944573480940763,2.685066263302147,-0.08993461677306268,-0.15582333415782523,0.3024712729566975,-1.0066948777073188,-2.328237894831949,-1.6846380416298568,-0.3172593438196143,-0.30788327375974983,-1.0530690563882594,-2.482301
2015-07-09,-0.11534196721631887,-0.18944573480940763,-0.37243028735170974,-0.08993461677306268,-0.15582333415782523,0.3024712729566975,0.5678168910722743,-2.11057523335668,-2.099135790089176,-0.3569581035207286,-0.3223902816329025,-1.0544392189804797,-2.039653
2015-07-10,-0.11534196721631887,-0.18944573480940763,-0.37243028735170974,-0.08993461677306268,-0.15582333415782523,0.5716386665261661,-0.22130011833972024,-2.24281115134972,-1.0601395555175255,-0.36054590620771726,-0.3347663896437858,-1.0550647964373516,2.6734352
2015-07-13,-0.11534196721631887,-0.18944573480940763,-0.37243028735170974,-0.08993461677306268,-0.15582333415782523,-0.14606927168746484,1.5560742778594654,-0.08490820640135185,-0.47551135879728323,-0.342512840011765,-0.3407945691075167,-1.0552674269365836,1.9305706
2015-07-14,-0.11534196721631887,-0.18944573480940763,2.685066263302147,-0.08993461677306268,-0.15582333415782523,-0.19096639293485226,-0.3534399949157853,-2.576326519739245,-0.4863682758660906,-0.32739807626276973,-0.3423711283347219,-1.0555874548818585,-0.03979206
2015-07-15,-0.11534196721631887,-0.18944573480940763,-0.37243028735170974,-0.08993461677306268,-0.15582333415782523,-0.10127981739750541,-0.43905174593689805,-1.0000275680876989,-0.20832466658572407,-0.30455167635926783,-0.33872597707010144,-1.055664643961419,0.9632945
2015-07-16,-0.11534196721631887,-0.18944573480940763,2.685066263302147,-0.08993461677306268,-0.15582333415782523,-0.2806529684721991,-0.033326491097712144,-2.2685561973306654,0.1422206346318188,-0.2720265358948395,-0.32882489099510503,-1.0555633229609729,1.332593
2015-07-17,-0.11534196721631887,-0.18944573480940763,-0.37243028735170974,-0.08993461677306268,-0.15582333415782523,-0.05638269615011797,0.1472026360555036,-2.176108077671815,0.3516820706782559,-0.23697943009922587,-0.3133774501954765,-1.0550776516992282,0.8637428
2015-07-20,-0.11534196721631887,-0.18944573480940763,-0.37243028735170974,-0.08993461677306268,-0.15582333415782523,0.39226551545147237,0.17511951138847506,-4.261456802128426,0.7557735096774304,-0.18951894395101063,-0.2908270792326283,-1.0543604016971417,1.8901467
2015-07-21,-0.11534196721631887,-0.18944573480940763,-0.37243028735170974,-0.08993461677306268,-0.15582333415782523,0.5268492122362067,-0.2454947436282956,-3.9864529018774135,0.40567748144344185,-0.16336283855892975,-0.26716960511132526,-1.0537621629678,-0.9994745
2015-07-22,-0.11534196721631887,-0.18944573480940763,-0.37243028735170974,-0.08993461677306268,-0.15582333415782523,1.1997676961598782,0.7613738933808768,-6.033184057362607,-0.7034483019833302,-0.18824284399637958,-0.253586753200477,-1.0542269263677944,-4.2294445
2015-07-23,-0.11534196721631887,-0.18944573480940763,-0.37243028735170974,-0.08993461677306268,-0.15582333415782523,0.975389756880369,-1.6171438849882955,-4.951892126162883,-0.7132234993000766,-0.2085882539541441,-0.24708976802914767,-1.0546032384062947,-0.047916174
2015-07-24,-0.11534196721631887,-0.18944573480940763,-0.37243028735170974,-0.08993461677306268,-0.15582333415782523,0.033303879387228896,0.9046805200901303,-2.887607530236135,-0.8249059840049346,-0.23000116019218694,-0.2464907273492436,-1.0549650777619475,-0.52732825
2015-07-27,-0.11534196721631887,-0.18944573480940763,-0.37243028735170974,-0.08993461677306268,-0.15582333415782523,-0.4152366652569336,-0.5991084978459347,-1.5640781209429662,-1.1042476085626134,-0.2606598330345878,-0.2525956249776565,-1.0552481185244602,-1.3895631
2015-07-28,-0.11534196721631887,-0.18944573480940763,-0.37243028735170974,-0.08993461677306268,-0.15582333415782523,-0.4601337865043209,0.489649640139954,-1.1580085320616844,-0.9648042714886345,-0.27928874975589896,-0.2614802124274659,-1.0555769883710424,0.49686432
2015-07-29,-0.11534196721631887,-0.18944573480940763,-0.37243028735170974,-0.08993461677306268,-0.15582333415782523,-0.2806529684721991,-0.04077099118650457,-1.1837535780426303,-1.0311816157604514,-0.2963678180914492,-0.27225571268517196,-1.0561575361092312,-0.31609535
2015-07-30,-0.11534196721631887,-0.18944573480940763,-0.37243028735170974,-0.08993461677306268,-0.15582333415782523,-0.19096639293485226,-0.8429158757538858,-1.7138674793775601,-1.138601633243907,-0.31389771098857266,-0.2846407604132655,-1.0568120553375295,-0.5041003
2015-07-31,-0.11534196721631887,-0.18944573480940763,2.685066263302147,-0.08993461677306268,-0.15582333415782523,-0.05638269615011797,0.7948741437804425,-1.53716284559925,-1.319750914884149,-0.33522049663862036,-0.2991279921269938,-1.0576386494669314,-0.8743942
2015-08-03,-0.11534196721631887,-0.18944573480940763,-0.37243028735170974,-0.08993461677306268,-0.15582333415782523,0.4370549697414318,0.2625923874317858,-1.4868429830001288,-1.737329795568219,-0.3737481148938904,-0.31899180994311044,-1.0588544274303466,-2.3577929
2015-08-04,-0.11534196721631887,-0.18944573480940763,-0.37243028735170974,-0.08993461677306268,-0.15582333415782523,0.7511194845582878,-0.9471388769969794,-2.977715191169446,-2.157604726815747,-0.4329179302190266,-0.34758992977501324,-1.06063145478378,-3.208381
2015-08-05,-0.11534196721631887,-0.18944573480940763,-0.37243028735170974,-0.08993461677306268,-0.15582333415782523,1.289454271697225,-0.3255231195828139,-3.0046304665131616,-1.9562196887298644,-0.4707085386837671,-0.3785841809017849,-1.0617845084430908,0.6629467
2015-08-06,-0.11534196721631887,-0.18944573480940763,-0.37243028735170974,-0.08993461677306268,-0.15582333415782523,0.21278469741935063,0.4207880143186244,-1.3136490373101295,-1.8880366768654622,-0.49543390430978396,-0.40868949938108107,-1.0624951385208572,0.21663904
2015-08-07,-0.11534196721631887,-0.18944573480940763,2.685066263302147,-0.08993461677306268,-0.15582333415782523,-0.6396146045364425,0.7409015181366976,-1.7080163325637088,-1.7773087753228745,-0.5085037083890073,-0.435580571401092,-1.0636589843317392,0.33874512
2015-08-10,-0.11534196721631887,-0.18944573480940763,-0.37243028735170974,-0.08993461677306268,-0.15582333415782523,0.07820100063461634,-0.11335486705223045,-1.3054574317707377,-0.7657441445326274,-0.4813411869541927,-0.45126011790624443,-1.0645270893906453,3.6357403
2015-08-11,-0.11534196721631887,-0.18944573480940763,2.685066263302147,-0.08993461677306268,-0.15582333415782523,0.12309812188200377,0.4766217649845673,-2.032169866051072,-1.5695733766187177,-0.507698421993491,-0.46946412623515926,-1.066393577376259,-5.2038136
2015-08-12,-0.11534196721631887,-0.18944573480940763,-0.37243028735170974,-0.08993461677306268,-0.15582333415782523,0.34736839420408494,-1.164890504594157,-2.935586934109716,-1.235992601089744,-0.5108583814679042,-0.4847059527663393,-1.068171948267379,1.5419841
2015-08-13,-0.11534196721631887,-0.18944573480940763,-0.37243028735170974,-0.08993461677306268,-0.15582333415782523,-0.19096639293485226,0.061590885034390974,-2.159724866593031,-1.2467676872035043,-0.5107559497008854,-0.49687741616733,-1.0702366378941794,-0.078094006
2015-08-14,-0.11534196721631887,-0.18944573480940763,-0.37243028735170974,-0.08993461677306268,-0.15582333415782523,-0.3255500897195866,0.42264913934082243,-1.2785421564270216,-1.0857454250821934,-0.5007874919704155,-0.5044738020063947,-1.0723489889632958,0.7034302
2015-08-17,-0.11534196721631887,-0.18944573480940763,2.685066263302147,-0.08993461677306268,-0.15582333415782523,-0.8638848768585238,0.1639527612552865,-3.081865604455999,-0.8507286295731967,-0.48003405939595145,-0.5060939890654333,-1.0746614847353253,1.0348439
2015-08-18,-0.11534196721631887,-0.18944573480940763,-0.37243028735170974,-0.08993461677306268,-0.15582333415782523,-0.7293011800737895,-0.3385509947382006,-1.2118390827491166,-0.9498899678262537,-0.46617823630317234,-0.5044145192735361,-1.0768683226621456,-0.5633354
2015-08-19,-0.11534196721631887,-0.18944573480940763,2.685066263302147,-0.08993461677306268,-0.15582333415782523,-0.14606927168746484,0.6906511425373488,-1.672909451680601,-1.1677517050349357,-0.4646265790512911,-0.5027377159261676,-1.078426543150077,-1.2789667
2015-08-20,-0.11534196721631887,-0.18944573480940763,-0.37243028735170974,-0.08993461677306268,-0.15582333415782523,-0.10127981739750541,-0.7089148741556226,-1.7185483968286412,-1.4779451111572315,-0.4798005210597543,-0.5046549664710606,-1.0803563578392499,-2.0519972
2015-08-21,-0.11534196721631887,-0.18944573480940763,2.685066263302147,-0.08993461677306268,-0.15582333415782523,-0.19096639293485226,-0.1282438672298153,-2.9051609706776893,-2.1359938249767283,-0.5447063928028955,-0.5201276843122573,-1.0832930789042199,-6.116289
2015-08-24,-0.11534196721631887,-0.18944573480940763,-0.37243028735170974,-0.08993461677306268,-0.15582333415782523,0.7511194845582878,-0.20268886811773923,-0.700448851218511,-2.3216186189960393,-0.6133101905486441,-0.5472389273320762,-1.0863780621204797,-2.4962187
2015-08-25,-0.11534196721631887,5.278556421478968,-0.37243028735170974,-0.08993461677306268,-0.15582333415782523,1.065183999375144,0.10625788556714531,3.5837608458834276,-2.190963690196455,-0.6575461785586395,-0.5784278601456856,-1.0894609930092412,0.60123205
2015-08-26,-0.11534196721631887,-0.18944573480940763,2.685066263302147,11.119188982851384,-0.15582333415782523,0.7062223633109004,0.2179253868990314,-2.7272861075366093,-1.1234217579031092,-0.6388863049362024,-0.599371688873045,-1.091520007285568,5.7354927
2015-08-27,-0.11534196721631887,-0.18944573480940763,-0.37243028735170974,-0.08993461677306268,-0.15582333415782523,0.07820100063461634,0.4654550148513788,-1.0082191736270907,-0.6692160967845596,-0.5932584414061935,-0.6063279000092752,-1.0929575264755533,2.9446602
2015-08-28,-0.11534196721631887,-0.18944573480940763,-0.37243028735170974,-0.08993461677306268,-0.15582333415782523,-0.2806529684721991,-0.16174411762938107,-1.598014772463304,-0.6194365538954274,-0.5502564202139668,-0.6026579321465798,-1.0941632088566953,0.32767057
2015-08-31,-0.11534196721631887,-0.18944573480940763,-0.37243028735170974,-0.08993461677306268,-0.15582333415782523,-0.05638269615011797,0.01134050943504225,-1.0047084855387798,-0.6847482030746759,-0.5171123809243158,-0.5926040806331707,-1.0949945646734354,-0.46782494
2015-09-01,-0.11534196721631887,-0.18944573480940763,-0.37243028735170974,-0.08993461677306268,-0.15582333415782523,0.7511194845582878,0.009479384412844155,-1.464608625107494,-1.2365466456482148,-0.5287082321882989,-0.5870512766296003,-1.0960290067426945,-4.469669
2015-09-02,-0.11534196721631887,-0.18944573480940763,-0.37243028735170974,-0.08993461677306268,-0.15582333415782523,0.1678875761719632,-0.37763462020436067,-1.368649817360332,-0.6059776841268191,-0.4967486906435657,-0.575745534055444,-1.0964393356602005,4.288888
2015-09-03,-0.11534196721631887,-0.18944573480940763,-0.37243028735170974,-0.08993461677306268,-0.15582333415782523,-0.10127981739750541,0.4300936394296148,-1.5874827081983716,-0.8140155431416757,-0.48456430614970075,-0.5640842718190657,-1.097208289219323,-1.7535985
2015-09-04,-0.11534196721631887,-0.18944573480940763,-0.37243028735170974,-0.08993461677306268,-0.15582333415782523,-0.4152366652569336,-0.051937741319693156,1.6528823973124909,-0.9277406552731646,-0.48094462876756666,-0.5539779150394936,-1.098217946648478,-0.9966552
2015-09-07,-0.11534196721631887,-0.18944573480940763,2.685066263302147,-0.08993461677306268,-0.15582333415782523,-1.4022196639974611,0.06531313507878717,-1.9174873884995862,-0.9277406552731646,-0.4751402473002974,-0.5446463045836909,-1.0999060920470118,0.0
2015-09-08,-0.11534196721631887,-0.18944573480940763,-0.37243028735170974,-0.08993461677306268,-0.15582333415782523,0.5268492122362067,-0.2101333682065317,-2.3130249131159357,-0.5009073867658954,-0.4429938543882901,-0.5302773894185108,-1.100096709062126,2.7820945
2015-09-09,-0.11534196721631887,-0.18944573480940763,-0.37243028735170974,-0.08993461677306268,-0.15582333415782523,1.0202868781277565,0.05600750996779666,-1.4622681663819534,-0.7566415873779669,-0.4328196250877156,-0.5165972817506503,-1.1009189785672788,-1.9232452
2015-09-10,-0.11534196721631887,-0.18944573480940763,2.685066263302147,-0.08993461677306268,-0.15582333415782523,-0.10127981739750541,0.002034884324051753,-2.009935508158437,-0.4321971335202382,-0.40276860024606387,-0.4991995614233024,-1.1013357663858618,2.1970034
2015-09-11,-0.11534196721631887,-0.18944573480940763,-0.37243028735170974,-0.08993461677306268,-0.15582333415782523,0.033303879387228896,0.07275763516757956,-2.380898216156611,-0.22566989621621542,-0.36382389243119145,-0.4769177802821519,-1.101618469287105,1.4568686
2015-09-14,-0.11534196721631887,-0.18944573480940763,-0.37243028735170974,-0.08993461677306268,-0.15582333415782523,0.12309812188200377,1.3625172755508632,-2.1257882150726934,-0.08982119012032587,-0.32274182818029246,-0.45026974063418945,-1.1019173334586891,0.96313953
2015-09-15,-0.11534196721631887,-0.18944573480940763,-0.37243028735170974,-0.08993461677306268,-0.15582333415782523,-0.8189877556111365,0.44126038956280345,-5.672753413629365,0.030090831688015227,-0.2815090512234709,-0.42009632774145,-1.1019528656814312,0.8412123
2015-09-16,-0.11534196721631887,-0.18944573480940763,-0.37243028735170974,-0.08993461677306268,-0.15582333415782523,-0.23586351418223972,-1.7753395118751338,-1.4306719735871563,0.046718948122063265,-0.2474524430844431,-0.38864374068048213,-1.1017267006287925,0.11180639
2015-09-17,-0.11534196721631887,-0.18944573480940763,-0.37243028735170974,-0.08993461677306268,-0.15582333415782523,0.1678875761719632,-0.03518761611991026,-0.5810854562159441,-0.34057771346749743,-0.24069068703514812,-0.362029544181632,-1.1015215390454545,-2.1389961
2015-09-18,-0.11534196721631887,-0.18944573480940763,-0.37243028735170974,-0.08993461677306268,-0.15582333415782523,-0.19096639293485226,-0.25293924371708804,-1.1334337154435088,-0.41070931583120185,-0.2389804970315448,-0.3403709136285802,-1.100279256224876,-0.41257143
2015-09-21,-0.11534196721631887,-0.18944573480940763,-0.37243028735170974,-0.08993461677306268,-0.15582333415782523,0.4370549697414318,-3.472685532119802,-3.317081706372823,-0.14704849523317198,-0.22313189871052685,-0.3196404295553095,-1.0983261815844343,1.551342
2015-09-22,-0.11534196721631887,-0.18944573480940763,-0.37243028735170974,-0.08993461677306268,-0.15582333415782523,0.39226551545147237,3.580978302010999,-0.6770442639631056,-0.4316355274473598,-0.22538853052546495,-0.3035406672410591,-1.0967656564513328,-1.5710413
2015-09-23,-0.11534196721631887,-0.18944573480940763,-0.37243028735170974,-0.08993461677306268,-0.15582333415782523,-0.9087819981059112,-0.532107997046803,-0.9941764212738474,-0.2879519707934126,-0.21962637162287932,-0.28942339990141946,-1.0960177020483888,0.81129074
2015-09-24,-0.11534196721631887,-0.18944573480940763,-0.37243028735170974,-0.08993461677306268,-0.15582333415782523,-0.14606927168746484,0.5882892663164534,-0.730874814650538,-0.18106815719358652,-0.20959737870829484,-0.2759758008614294,-1.0956816925462143,0.5948186
2015-09-25,-0.11534196721631887,-0.18944573480940763,-0.37243028735170974,-0.08993461677306268,-0.15582333415782523,-0.5498203620416678,-0.07613236660826847,-1.5254605519715476,-0.23314735215484783,-0.20421968489818368,-0.2640628302792883,-1.095452294089341,-0.25217533
2015-09-28,-0.11534196721631887,-0.18944573480940763,2.685066263302147,-0.08993461677306268,-0.15582333415782523,0.21278469741935063,1.9952997830982173,-1.2422650461811435,-0.6231791443254938,-0.21863245398089554,-0.25762768067718433,-1.095503988301278,-1.978898
2015-09-29,-0.11534196721631887,-0.18944573480940763,-0.37243028735170974,-0.08993461677306268,-0.15582333415782523,0.033303879387228896,0.9102638951567247,-4.891040199298828,-1.10861692570041,-0.25740363814040806,-0.2608059006499954,-1.095287512678535,-3.006053
2015-09-30,-0.11534196721631887,-0.18944573480940763,-0.37243028735170974,-0.08993461677306268,-0.15582333415782523,0.07820100063461634,-2.677985147641213,-0.7519389431804026,-0.8757910504111265,-0.2772855869431512,-0.2676182419788155,-1.0956170604042177,1.1369944
2015-10-01,-0.11534196721631887,-0.18944573480940763,-0.37243028735170974,-0.08993461677306268,-0.15582333415782523,0.07820100063461634,-0.2510781186948899,-0.9602397697535097,-0.9780641505203345,-0.29806427972861216,-0.27753046143284943,-1.095744682107358,-0.6527662
2015-10-02,-0.11534196721631887,-0.18944573480940763,-0.37243028735170974,-0.08993461677306268,-0.15582333415782523,-0.5050309077517082,0.06717426010098526,-0.8771534849968209,-0.820105156650281,-0.30696048966517325,-0.2873707503625175,-1.0955653676299884,0.73006153
2015-10-05,-0.11534196721631887,-0.18944573480940763,2.685066263302147,-0.08993461677306268,-0.15582333415782523,-0.14606927168746484,0.044840759834608064,-2.5774967491020155,-0.7396811475633556,-0.3096951501677899,-0.29583026592064693,-1.0953214339499902,0.36238432
2015-10-06,-0.11534196721631887,-0.18944573480940763,-0.37243028735170974,-0.08993461677306268,-0.15582333415782523,-0.7293011800737895,0.17325838636627697,-1.8226988101151949,-0.6300895706063533,-0.3065150691005797,-0.30191493726879554,-1.0954829790811467,0.47842264
2015-10-07,-0.11534196721631887,-0.18944573480940763,-0.37243028735170974,-0.08993461677306268,-0.15582333415782523,-0.8638848768585238,-0.031465366075514055,-0.7215129797483758,-0.727529835917651,-0.30734863241267646,-0.3069616869673955,-1.0953812030462675,-0.47614574
2015-10-08,-0.11534196721631887,-0.18944573480940763,-0.37243028735170974,-0.08993461677306268,-0.15582333415782523,-0.14606927168746484,-0.2361891185173051,-0.620873254550133,-0.957353645052414,-0.317410013163035,-0.31315982737262793,-1.0958771467283117,-1.155442
2015-10-09,-0.11534196721631887,-0.18944573480940763,-0.37243028735170974,-0.08993461677306268,-0.15582333415782523,-0.4601337865043209,0.002034884324051757,-1.4142887625083727,-0.39486911152959414,-0.30290395286798016,-0.31500307799708677,-1.0962147786834335,2.3926973
2015-10-12,-0.11534196721631887,-0.18944573480940763,-0.37243028735170974,-0.08993461677306268,-0.15582333415782523,-0.9535714523958707,0.15464713614429598,-1.1743917431404682,-0.495567430844265,-0.29482348410226195,-0.31474235034071985,-1.0968141079139366,-0.4637897
2015-10-13,-0.11534196721631887,-0.18944573480940763,2.685066263302147,-0.08993461677306268,-0.15582333415782523,-0.8638848768585238,0.20675863676584277,-1.7243995436424926,-0.4548381195167309,-0.2861016228063661,-0.31266069724440604,-1.0975394471774387,0.1702547
2015-10-14,-0.11534196721631887,-0.18944573480940763,-0.37243028735170974,-0.08993461677306268,-0.15582333415782523,-0.5498203620416678,-0.439051745936898,-1.2867337619664136,-0.770794878551441,-0.2913560912516616,-0.3121238027462209,-1.0985410325976683,-1.4133632
2015-10-15,-0.11534196721631887,-0.18944573480940763,-0.37243028735170974,-0.08993461677306268,-0.15582333415782523,-0.9087819981059112,-1.8255898874744825,-2.2685561973306654,-0.40448710031559776,-0.28126016137433996,-0.30952612687326153,-1.0988738094144626,1.4971375
2015-10-16,-0.11534196721631887,-0.18944573480940763,-0.37243028735170974,-0.08993461677306268,-0.15582333415782523,-0.8189877556111365,2.1534954099850556,-1.2984360555941161,-0.5724355304642151,-0.2793193738477301,-0.30703119064764695,-1.099263139894644,-0.73305964
2015-10-19,-0.11534196721631887,-0.18944573480940763,-0.37243028735170974,-0.08993461677306268,-0.15582333415782523,-0.8189877556111365,-0.2119944932287298,-0.8116206406816862,-0.41715307465536255,-0.2715226613810851,-0.3033608518440683,-1.0998253194814336,0.62140226
2015-10-20,-0.11534196721631887,-0.18944573480940763,2.685066263302147,-0.08993461677306268,-0.15582333415782523,0.3024712729566975,0.16209163623308837,-1.849614085458911,0.0053349402538180124,-0.2482595538211577,-0.29542869173663416,-1.099765548228595,1.8258214
2015-10-21,-0.11534196721631887,-0.18944573480940763,-0.37243028735170974,-0.08993461677306268,-0.15582333415782523,-0.5050309077517082,0.06159088503439096,-1.3312024777516835,0.0029102546511210574,-0.22979796702294686,-0.28511822938798276,-1.099856017412607,-0.008785725
2015-10-22,-0.11534196721631887,-0.18944573480940763,-0.37243028735170974,-0.08993461677306268,-0.15582333415782523,-0.4601337865043209,-0.037048741142108356,-1.3663093586347916,0.3379450578685497,-0.2010920479455479,-0.2707050946839923,-1.0997752470035902,1.5295386
2015-10-23,-0.11534196721631887,-0.18944573480940763,-0.37243028735170974,-0.08993461677306268,-0.15582333415782523,0.1678875761719632,-0.31249524442742715,-1.3124788079473595,0.8870432012588733,-0.14973898839981223,-0.24814621558408495,-1.0990692916318567,3.0995727
2015-10-26,-0.11534196721631887,-0.18944573480940763,-0.37243028735170974,-0.08993461677306268,-0.15582333415782523,0.34736839420408494,0.024368384590428938,-1.544184221775872,0.030886160590588463,-0.14118163730552313,-0.22826137086555193,-1.0986105040632097,-3.1911373
2015-10-27,-0.11534196721631887,-0.18944573480940763,2.685066263302147,-0.08993461677306268,6.4175240852384325,1.1548705749124908,-0.09288249180805135,-3.4668710648074166,-0.11110101694263026,-0.1413110619361498,-0.21238128979077436,-1.0977236261382346,-0.63323975
2015-10-28,8.669871202426636,-0.18944573480940763,-0.37243028735170974,-0.08993461677306268,-0.15582333415782523,1.3791408472345719,4.44267918728872,-6.157228369816256,0.5609234782533924,-0.10397006014791348,-0.19165802534579732,-1.0962745664699087,4.120469
2015-10-29,8.669871202426636,-0.18944573480940763,-0.37243028735170974,-0.08993461677306268,-0.15582333415782523,0.39226551545147237,-3.4280185315870475,-4.095284232615049,0.7089792929283296,-0.06580610033175745,-0.16688347913168325,-1.0945056506623576,1.0564327
2015-10-30,-0.11534196721631887,-0.18944573480940763,-0.37243028735170974,-0.08993461677306268,-0.15582333415782523,-0.8638848768585238,-0.6456366234008872,-2.7623929884197174,0.49587379276772475,-0.046035266392005524,-0.14281793937966436,-1.0930323569959115,-0.85455775
2015-11-02,-0.11534196721631887,-0.18944573480940763,-0.37243028735170974,-0.08993461677306268,-0.15582333415782523,-0.6844040588264022,-0.12452161718541906,-0.7613007780825648,0.7037556069247968,-0.0188851534780781,-0.11773486126997755,-1.0913522879194253,1.405859
2015-11-03,-0.11534196721631887,-0.18944573480940763,-0.37243028735170974,-0.08993461677306268,-0.15582333415782523,-0.23586351418223972,0.10998013561154156,-1.6623773874156684,0.8654064909400714,0.011381124153721046,-0.09116853778745501,-1.0895332938832007,1.1470556
2015-11-04,-0.11534196721631887,-0.18944573480940763,-0.37243028735170974,-0.08993461677306268,-0.15582333415782523,-0.8638848768585238,0.05600750996779665,-0.6431076124427679,0.7361307397197717,0.027821132267431995,-0.06638489064194232,-1.0877207637800297,-0.4650414
2015-11-05,-0.11534196721631887,-0.18944573480940763,-0.37243028735170974,-0.08993461677306268,-0.15582333415782523,-0.4152366652569336,0.13603588592231497,-0.9976871093621582,0.6058956962209213,0.03330345632511057,-0.045380611614811474,-1.0857923041302033,-0.45902133
2015-11-06,-0.11534196721631887,-0.18944573480940763,-0.37243028735170974,-0.08993461677306268,-0.15582333415782523,-1.088155149180605,0.09136888538956059,-1.354607065007089,0.6258185599499237,0.035848916121214325,-0.028030535942358277,-1.0842643761399222,0.11577606
2015-11-09,-0.11534196721631887,-0.18944573480940763,-0.37243028735170974,-0.08993461677306268,-0.15582333415782523,-0.23586351418223972,0.3798432638302662,-0.554170180872228,0.5009162840039064,0.03092455483636031,-0.015208010930534047,-1.082731945249658,-0.40475726
2015-11-10,-0.11534196721631887,-0.18944573480940763,-0.37243028735170974,-0.08993461677306268,-0.15582333415782523,0.7062223633109004,-0.8187212504653106,-0.434806785869661,-0.33263017607869083,-0.006800917166532947,-0.013051757744338784,-1.0818467077489744,-3.151697
2015-11-11,-0.11534196721631887,-0.18944573480940763,2.685066263302147,-0.08993461677306268,6.4175240852384325,0.661432909020941,-0.17849424282916398,-2.486218858805935,-0.4564084460115442,-0.0441773551121595,-0.019353564903593603,-1.0808132979537217,-0.56521297
2015-11-12,-0.11534196721631887,-0.18944573480940763,-0.37243028735170974,-0.08993461677306268,-0.15582333415782523,-0.3704472109669739,0.20861976178804092,-0.6103411902852006,-0.5310770624456042,-0.07865167520719187,-0.03179857347519726,-1.0801097198313885,-0.33589005
2015-11-13,-0.11534196721631887,-0.18944573480940763,-0.37243028735170974,-0.08993461677306268,-0.15582333415782523,-0.4601337865043209,-0.10591036696343806,-1.0994970639231711,-1.1053664740045808,-0.134853886563053,-0.05382433551863327,-1.07982203239814,-2.9208481
2015-11-16,-0.11534196721631887,-0.18944573480940763,-0.37243028735170974,-0.08993461677306268,-0.15582333415782523,-0.4152366652569336,-0.2175778682953241,-1.1544978439733735,-0.7223871896688449,-0.1648909395750919,-0.07789557881392048,-1.0793480942675449,1.6334414
2015-11-17,-0.11534196721631887,-0.18944573480940763,-0.37243028735170974,-0.08993461677306268,-0.15582333415782523,-0.9535714523958707,0.6590120171599811,-0.7928969708773619,-0.8032530218496581,-0.19301486144957997,-0.10319235095552712,-1.0792824039728066,-0.42478442
2015-11-18,-0.11534196721631887,-0.18944573480940763,2.685066263302147,-0.08993461677306268,-0.15582333415782523,-0.19096639293485226,0.08020213525637196,-1.4845025242745882,-0.1356478290218219,-0.1859912990119816,-0.12192141735822591,-1.0786310477010737,3.1665087
2015-11-19,-0.11534196721631887,-0.18944573480940763,-0.37243028735170974,-0.08993461677306268,-0.15582333415782523,-0.7293011800737895,0.1583693861886922,-2.035680554139383,0.09809758300146215,-0.16872503715938883,-0.13319663927461506,-1.0780190450786968,1.2703538
2015-11-20,-0.11534196721631887,-0.18944573480940763,-0.37243028735170974,-0.08993461677306268,-0.15582333415782523,-0.8638848768585238,-0.42974612082590746,-1.4447147259403994,0.1781498161374947,-0.15154444079546625,-0.1385271827691,-1.0779010143224872,0.4377842
2015-11-23,-0.11534196721631887,-0.18944573480940763,-0.37243028735170974,-0.08993461677306268,-0.15582333415782523,-0.8638848768585238,-0.09102136678585326,-1.289074220691954,-0.1340528240605446,-0.15151503468363056,-0.14278530242935308,-1.0774205763161506,-1.2992501
2015-11-24,-0.11534196721631887,-0.18944573480940763,-0.37243028735170974,-0.08993461677306268,-0.15582333415782523,-0.8638848768585238,0.08578551032296626,-0.8338549985743212,0.05554088094763754,-0.14305844354735908,-0.14437569551209362,-1.0766388803551927,0.9596586
2015-11-25,-0.11534196721631887,-0.18944573480940763,-0.37243028735170974,-0.08993461677306268,-0.15582333415782523,-0.9535714523958707,0.04111850979021185,-0.9122603658799289,-0.1194345871817041,-0.14425002602130396,-0.14590390931743413,-1.07675758467738,-0.7150054
2015-11-26,-0.11534196721631887,-0.18944573480940763,-0.37243028735170974,-0.08993461677306268,-0.15582333415782523,-1.3573225427500735,0.016923884501636552,-1.0842840822071578,-0.11943458718170517,-0.1460521256691551,-0.14751349185192875,-1.0770798310053733,0.0
2015-11-27,-0.11534196721631887,-0.18944573480940763,-0.37243028735170974,-0.08993461677306268,-0.15582333415782523,-1.1779493916753798,-0.494885496602841,-1.349926147556008,-0.16913704105827576,-0.15010656239662204,-0.1496718719944624,-1.0772713767795514,-0.18639565
2015-11-30,-0.11534196721631887,-0.18944573480940763,2.685066263302147,-0.08993461677306268,-0.15582333415782523,-0.8638848768585238,0.3091205129867383,-2.676966244937488,-0.06647819058089931,-0.15008734445711128,-0.15139444894303655,-1.0776548241605213,0.41593313
2015-12-01,-0.11534196721631887,-0.18944573480940763,-0.37243028735170974,-0.08993461677306268,-0.15582333415782523,-0.4601337865043209,0.1769806364106732,-1.2340734406417517,-0.2998683325235274,-0.15870654112549035,-0.15462353364100215,-1.0784185653109948,-0.81149936
2015-12-02,-0.11534196721631887,-0.18944573480940763,2.685066263302147,-0.08993461677306268,-0.15582333415782523,-0.7741983013211768,-0.2138556182509279,-1.9174873884995862,-0.5448383171690778,-0.17481133068562502,-0.16066539960442672,-1.0792621919615006,-0.9033561
2015-12-03,-0.11534196721631887,-0.18944573480940763,-0.37243028735170974,-0.08993461677306268,-0.15582333415782523,-0.4601337865043209,0.21420313685463518,-2.0040843613445856,-0.7800522215189545,-0.19676029778782766,-0.17021256205330595,-1.0801901811332866,-0.92879534
2015-12-04,-0.11534196721631887,-0.18944573480940763,-0.37243028735170974,-0.08993461677306268,-0.15582333415782523,-0.3255500897195866,-0.2101333682065317,-1.6635476167784389,0.054582493541762894,-0.1829796970817048,-0.17489082702289366,-1.0805195182348162,3.3246517
2015-12-07,-0.11534196721631887,-0.18944573480940763,-0.37243028735170974,-0.08993461677306268,-0.15582333415782523,-0.5947174832890552,0.13603588592231497,-1.4318422029499263,-0.11512453803700169,-0.17872898602574572,-0.17772057381808815,-1.0808910355187047,-0.6300926
2015-12-08,-0.11534196721631887,-0.18944573480940763,-0.37243028735170974,-0.08993461677306268,-0.15582333415782523,-0.2806529684721991,0.06531313507878715,-0.3751250883683775,-0.12678616383734798,-0.176282316815572,-0.17945893466241084,-1.0806541688900686,-0.042271614
2015-12-09,-0.11534196721631887,-0.18944573480940763,-0.37243028735170974,-0.08993461677306268,-0.15582333415782523,0.07820100063461634,-0.13382724229640958,-0.23820825292425649,-0.6888301968177505,-0.19616275337997477,-0.18511906392636934,-1.0807336654902144,-2.2075593
2015-12-10,-0.11534196721631887,-0.18944573480940763,-0.37243028735170974,-0.08993461677306268,-0.15582333415782523,-0.23586351418223972,-0.21757786829532405,-0.8794939437223614,-0.5630505520219256,-0.20752842558354576,-0.19208801223871919,-1.0806606622961266,0.47569275
2015-12-11,-0.11534196721631887,-0.18944573480940763,2.685066263302147,-0.08993461677306268,-0.15582333415782523,0.21278469741935063,0.38356551387466237,-2.4499417485600565,-1.1097401419121866,-0.24097447845635966,-0.20484590730375432,-1.080524375529705,-2.573812
2015-12-14,-0.11534196721631887,-0.18944573480940763,-0.37243028735170974,-0.08993461677306268,-0.15582333415782523,0.7062223633109004,0.10625788556714534,-1.5476949098641823,-1.2222066602752575,-0.2726559194232893,-0.22185599899361635,-1.0807993715997355,-0.61848164
2015-12-15,-0.11534196721631887,-0.18944573480940763,-0.37243028735170974,-0.08993461677306268,-0.15582333415782523,0.9306003025904096,-0.7182204992666131,-2.366855463803368,-1.5199831578719791,-0.31311844060963134,-0.24415363656641184,-1.0813185277887,-1.7692089
2015-12-16,-0.11534196721631887,-0.18944573480940763,-0.37243028735170974,-0.08993461677306268,-0.15582333415782523,0.661432909020941,0.27375913756497444,-1.6378025707974928,-1.2997479478368452,-0.3368293270867223,-0.26708379884325384,-1.0822838362536873,0.7692933
2015-12-17,-0.11534196721631887,-0.18944573480940763,-0.37243028735170974,-0.08993461677306268,-0.15582333415782523,0.7960166058056753,-0.39252362038194544,-1.5114177996183042,-1.6356192763178177,-0.37333404627459565,-0.29326753164666514,-1.0838737502852567,-2.1196246
2015-12-18,-0.11534196721631887,-0.18944573480940763,-0.37243028735170974,-0.08993461677306268,-0.15582333415782523,1.1548705749124908,0.5547890159168876,-1.023432155343104,-1.979692406990452,-0.42426026743439416,-0.3251512231742219,-1.086026626016512,-2.706921
2015-12-21,-0.11534196721631887,-0.18944573480940763,2.685066263302147,-0.08993461677306268,6.4175240852384325,0.7960166058056753,-0.07241011656387226,-4.1666682237440344,-1.6510081478206606,-0.45123086451378425,-0.35645027062386686,-1.0877171227857108,1.2260675
2015-12-22,-0.11534196721631887,-0.18944573480940763,-0.37243028735170974,-0.08993461677306268,-0.15582333415782523,-0.05638269615011797,-0.18035536785136208,-2.668774639398096,-1.6635681992350475,-0.47054777784476204,-0.38563792924590834,-1.0896071740788817,-0.09316802
2015-12-23,-0.11534196721631887,-0.18944573480940763,-0.37243028735170974,-0.08993461677306268,-0.15582333415782523,0.033303879387228896,-0.009131865809136825,-0.9824741276461448,-1.3110154563355174,-0.47157339540819215,-0.4092083135427894,-1.0911354348984563,1.2869477
2015-12-24,-0.11534196721631887,-0.18944573480940763,-0.37243028735170974,-0.08993461677306268,-0.15582333415782523,-1.1330522704279924,0.5343166406727085,-1.3440750007421565,-1.3976010518785331,-0.4742474020817008,-0.4286388796284288,-1.0927577958324088,-0.53402185
2015-12-25,-0.11534196721631887,-0.18944573480940763,-0.37243028735170974,-0.08993461677306268,-0.15582333415782523,-1.312533088460114,-0.10591036696343806,-0.1328876102749327,-1.3976010518785331,-0.4734502913325081,-0.4440121482789726,-1.0943444714277677,0.0
2015-12-28,-0.11534196721631887,-0.18944573480940763,-0.37243028735170974,-0.08993461677306268,-0.15582333415782523,-0.23586351418223972,-0.03890986616430646,-0.8537488977414157,-1.5867050557362796,-0.4798145156006892,-0.45767751776321564,-1.0962069446151046,-1.1200607
2015-12-29,-0.11534196721631887,-0.18944573480940763,2.685066263302147,11.119188982851384,-0.15582333415782523,-0.23586351418223972,0.41148238920763386,-2.1035538571800583,-1.0619203794709555,-0.46618094334096144,-0.4656819235840362,-1.0976021808266423,1.7974138
2015-12-30,-0.11534196721631887,-0.18944573480940763,-0.37243028735170974,-0.08993461677306268,-0.15582333415782523,0.07820100063461634,-2.70031864790759,0.564569089936145,-1.3003571936722473,-0.4642840553482719,-0.4716780803963503,-1.0990558167180353,-1.3058662
2015-12-31,-0.11534196721631887,-0.18944573480940763,-0.37243028735170974,-0.08993461677306268,-0.15582333415782523,0.34736839420408494,0.25328676232079533,2.3234238221798527,-1.6070040404284929,-0.47682592247670247,-0.47916844551993476,-1.1006684486851346,-1.9194901
2016-01-01,-0.11534196721631887,-0.18944573480940763,-0.37243028735170974,-0.08993461677306268,-0.15582333415782523,-1.4022196639974611,0.8097631439580273,-0.3575716479268235,-1.6070040404284929,-0.48373065658085573,-0.4866435698464336,-1.1029024441883366,0.0
2016-01-04,-0.11534196721631887,-0.18944573480940763,-0.37243028735170974,-0.08993461677306268,-0.15582333415782523,0.975389756880369,0.7167068928481221,-0.0837379770385816,-1.5798125643891154,-0.48540608919060524,-0.49298347830700684,-1.105000165864485,0.0854969
2016-01-05,-0.11534196721631887,-0.18944573480940763,-0.37243028735170974,-0.08993461677306268,-0.15582333415782523,0.7511194845582878,0.24770338725420102,0.1409460606133092,-1.9555245760509528,-0.5052380488259458,-0.5023144349585533,-1.1075180769752315,-2.5059342
2016-01-06,-0.11534196721631887,5.278556421478968,-0.37243028735170974,-0.08993461677306268,-0.15582333415782523,0.9306003025904096,-3.988217163268676,-1.6974842682987767,-2.190258379205464,-0.5339292430466348,-0.5159408028553442,-1.1099386445034127,-1.9569695
2016-01-07,-0.11534196721631887,5.278556421478968,-0.37243028735170974,-0.08993461677306268,-0.15582333415782523,0.7062223633109004,2.5778319150462226,0.3211613824799299,-2.5737997930722183,-0.5875098911456987,-0.5383486562427414,-1.113137947752748,-4.220456
2016-01-08,-0.11534196721631887,5.278556421478968,-0.37243028735170974,-0.08993461677306268,-0.15582333415782523,1.065183999375144,-0.7591652497549713,-0.7109809154834434,-2.4260526507843947,-0.6211450654456703,-0.5634982903057534,-1.1157694226624097,0.52877665
2016-01-11,-0.11534196721631887,-0.18944573480940763,-0.37243028735170974,-0.08993461677306268,-0.15582333415782523,1.0202868781277565,3.7112570535648652,1.0291501469559399,-1.9845801091755317,-0.6301222734304589,-0.5855459057294822,-1.1180326201621007,1.6192198
2016-01-12,-0.11534196721631887,-0.18944573480940763,-0.37243028735170974,-0.08993461677306268,-0.15582333415782523,0.033303879387228896,-1.032750628018092,0.41243927277601056,-1.6120541489353268,-0.6208204105263131,-0.6011863683432339,-1.1197409653514265,1.4513373
2016-01-13,-0.11534196721631887,-0.18944573480940763,-0.37243028735170974,-0.08993461677306268,-0.15582333415782523,-0.05638269615011797,0.1230080107669283,0.37265147444182156,-1.9111574335929553,-0.6299376472578002,-0.6156567186038496,-1.12200415566258,-2.5710285
2016-01-14,-0.11534196721631887,-0.18944573480940763,-0.37243028735170974,-0.08993461677306268,-0.15582333415782523,0.12309812188200377,0.41892688929642624,0.6932943198408741,-1.4047628771355147,-0.6150368688711024,-0.624032969082697,-1.1235389142013346,2.1870852
2016-01-15,-0.11534196721631887,-0.18944573480940763,-0.37243028735170974,-0.08993461677306268,-0.15582333415782523,-0.05638269615011797,-1.6413385102768707,-0.262783069542432,-1.6878566739583472,-0.6183647784114584,-0.6314486575975181,-1.124982818250459,-2.4015248
2016-01-18,-0.11534196721631887,-0.18944573480940763,-0.37243028735170974,-0.08993461677306268,-0.15582333415782523,-1.4022196639974611,0.377982138808068,-0.09427004130351399,-1.6878566739583467,-0.6164376214601723,-0.6369673401282847,-1.1266376347130405,0.0
2016-01-19,-0.11534196721631887,-0.18944573480940763,-0.37243028735170974,-0.08993461677306268,-0.15582333415782523,0.12309812188200377,-3.85607728669261,-2.4815379413548535,-1.7444158155832485,-0.6142495822856665,-0.6409123918811802,-1.128352474027278,-0.48388243
2016-01-20,-0.11534196721631887,-0.18944573480940763,-0.37243028735170974,-0.08993461677306268,-0.15582333415782523,0.6165357877735536,2.8458339182427483,-0.6711931171492544,-1.709377427240761,-0.6069869663132569,-0.6425087438214042,-1.130270104863991,0.13449192
2016-01-21,-0.11534196721631887,-0.18944573480940763,-0.37243028735170974,-0.08993461677306268,-0.15582333415782523,-0.3704472109669739,1.061015021954771,-0.024056279537298123,-1.7748983631511603,-0.6008900018239173,-0.6424764664179535,-1.1321731364995935,-0.5062461
2016-01-22,-0.11534196721631887,-0.18944573480940763,-0.37243028735170974,-0.08993461677306268,-0.15582333415782523,0.48195209098881925,0.20303638672144658,0.18424454703580898,-0.572508185149469,-0.5500061178001389,-0.6315230313591386,-1.1332455203894143,5.3167105
2016-01-25,-0.11534196721631887,-0.18944573480940763,-0.37243028735170974,-0.08993461677306268,-0.15582333415782523,-0.3704472109669739,1.1540712730646758,0.932021109846008,-0.8877193555788628,-0.5225385024794735,-0.616861451496223,-1.134442831718465,-1.9522727
2016-01-26,-0.11534196721631887,-0.18944573480940763,-0.37243028735170974,-0.08993461677306268,-0.15582333415782523,0.9306003025904096,-1.5054763836564093,0.02860404178736379,-0.7774587881432079,-0.49308819863320974,-0.5988075617769965,-1.1358623939414045,0.55309534
2016-01-27,-0.11534196721631887,-0.18944573480940763,2.685066263302147,-0.08993461677306268,6.4175240852384325,0.8857031813430222,-2.6537905223526375,-3.755917717411672,-1.6145195181693597,-0.5205094539906164,-0.5902533257429143,-1.1381174777386516,-6.570655
2016-01-28,-0.11534196721631887,5.278556421478968,-0.37243028735170974,-0.08993461677306268,-0.15582333415782523,0.7960166058056753,1.502101652215721,1.9676740958976924,-1.4812791510839922,-0.5331079436567797,-0.5861155366121277,-1.1399296599166007,0.7171869
2016-01-29,-0.11534196721631887,-0.18944573480940763,-0.37243028735170974,-0.08993461677306268,-0.15582333415782523,-0.14606927168746484,1.2713221494631564,0.2017979874773629,-0.8863299433938154,-0.5129006383715066,-0.5784656677402006,-1.141214580110533,3.4541368
2016-02-01,-0.11534196721631887,-0.18944573480940763,-0.37243028735170974,-0.08993461677306268,-0.15582333415782523,-0.3255500897195866,0.41520463925203005,0.35626826336303785,-1.0018488987733476,-0.5011599487591525,-0.5698243905489818,-1.1426617240335757,-0.9348631
2016-02-02,-0.11534196721631887,-0.18944573480940763,-0.37243028735170974,-0.08993461677306268,-0.15582333415782523,-0.23586351418223972,2.994723920018597,1.3018135884814117,-1.2395466188259145,-0.5046718872465912,-0.5636655782256647,-1.1439969273295045,-2.022189
2016-02-03,-0.11534196721631887,-0.18944573480940763,-0.37243028735170974,-0.08993461677306268,-0.15582333415782523,-0.7293011800737895,-2.530956270887563,0.3457361990981055,-0.9034698824843839,-0.4889280045620961,-0.5553574370345334,-1.1447026541057408,1.9792438
2016-02-04,-0.11534196721631887,-0.18944573480940763,-0.37243028735170974,-0.08993461677306268,-0.15582333415782523,-0.4601337865043209,-0.9396943769081871,-0.034588343802230456,-0.7688381859473552,-0.4672174938760561,-0.5440484643202558,-1.144593274035737,0.79916716
2016-02-05,-0.11534196721631887,-0.18944573480940763,-0.37243028735170974,-0.08993461677306268,-0.15582333415782523,-0.8638848768585238,0.28864813774255915,0.1795636295847279,-1.1113241290332465,-0.46855913962377466,-0.5352894124579388,-1.1449874805010052,-2.6708066
2016-02-08,-0.11534196721631887,-0.18944573480940763,-0.37243028735170974,-0.08993461677306268,-0.15582333415782523,-0.6844040588264022,-0.4911632465584448,-0.12820669282385166,-0.9298317616533438,-0.4586621440286335,-0.5261567329998986,-1.14547491223562,1.0529757
2016-02-09,-0.11534196721631887,-0.18944573480940763,-0.37243028735170974,-0.08993461677306268,-0.15582333415782523,-1.0433656948906456,0.9121250201789228,0.4007369791483079,-0.9326446371276211,-0.44835768730151926,-0.5166376467925609,-1.1461976068361215,-0.02105236
2016-02-10,-0.11534196721631887,-0.18944573480940763,-0.37243028735170974,-0.08993461677306268,-0.15582333415782523,-1.1330522704279924,-0.3515788698935873,0.19243615257520086,-1.0379892719614565,-0.4435934225452428,-0.5079992239709433,-1.146620799641749,-0.7579744
2016-02-11,-0.11534196721631887,-0.18944573480940763,-0.37243028735170974,-0.08993461677306268,-0.15582333415782523,-1.0433656948906456,-0.02960424105331596,0.11871170272067416,-1.122487465349379,-0.4419932653847853,-0.5007448425594004,-1.147482522716931,-0.6046474
2016-02-12,-0.11534196721631887,-0.18944573480940763,-0.37243028735170974,-0.08993461677306268,-0.15582333415782523,-0.8638848768585238,-0.2454947436282956,0.009880371983039548,-1.05608616519288,-0.43583614550125777,-0.4936190597501042,-1.1479091976501956,0.30950308
2016-02-15,-0.11534196721631887,-0.18944573480940763,-0.37243028735170974,-0.08993461677306268,-0.15582333415782523,-1.4022196639974611,-0.17291086776256967,-0.15512196816756776,-1.0560861651928795,-0.42855779607154504,-0.48635536518815436,-1.1483358725834603,0.0
2016-02-16,-0.11534196721631887,-0.18944573480940763,-0.37243028735170974,-0.08993461677306268,-0.15582333415782523,0.07820100063461634,0.3277317632087193,0.04615748222891775,-0.4561083289980807,-0.3987466979359001,-0.4741423010156867,-1.148254045459409,2.8194547
2016-02-17,-0.11534196721631887,-0.18944573480940763,-0.37243028735170974,-0.08993461677306268,-0.15582333415782523,0.975389756880369,0.10998013561154159,0.15849950105486316,-0.16724102056180387,-0.3612184774094111,-0.456312443768243,-1.1479518982826808,1.5314579
2016-02-18,-0.11534196721631887,-0.18944573480940763,-0.37243028735170974,-0.08993461677306268,-0.15582333415782523,1.065183999375144,0.08578551032296626,0.19828729938905215,-0.5334492493718549,-0.3454692867067574,-0.438666326709716,-1.1478736481749634,-1.8956363
2016-02-19,-0.11534196721631887,-0.18944573480940763,-0.37243028735170974,-0.08993461677306268,-0.15582333415782523,0.7960166058056753,-0.018437490920127354,0.18190408831026844,-0.575306981303576,-0.3335100934313003,-0.42198112602343124,-1.148661928836407,-0.22854805
2016-02-22,-0.11534196721631887,-0.18944573480940763,-0.37243028735170974,-0.08993461677306268,-0.15582333415782523,0.39226551545147237,0.00017375930185365205,0.19126592321243055,-0.3944819169505257,-0.3159616637976146,-0.4048643370793584,-1.1489919589129656,0.87462664
2016-02-23,-0.11534196721631887,-0.18944573480940763,-0.37243028735170974,-0.08993461677306268,-0.15582333415782523,0.5268492122362067,-0.0016873657203444483,0.1702017946825658,-0.819268232240896,-0.31908905270743265,-0.3918425310719861,-1.1497684582800576,-2.260524
2016-02-24,-0.11534196721631887,-0.18944573480940763,-0.37243028735170974,-0.08993461677306268,-0.15582333415782523,-0.011485574902730533,-0.012854115853533047,0.19828729938905218,-0.5120840346652717,-0.30884914124359103,-0.3792260050997994,-1.149249067025912,1.4890671
2016-02-25,-0.11534196721631887,-0.18944573480940763,-0.37243028735170974,-0.08993461677306268,-0.15582333415782523,0.8408060600956347,0.01878500952383465,0.1795636295847279,-0.3735966475761269,-0.29440526622642993,-0.3660308772762103,-1.148730713077749,0.68678856
2016-02-26,-0.11534196721631887,-0.18944573480940763,-0.37243028735170974,-0.08993461677306268,-0.15582333415782523,-0.14606927168746484,-0.0016873657203444476,0.1807338589474982,-0.3411803885154052,-0.2810156896716935,-0.35259928476236224,-1.1487151520503018,0.15501976
2016-02-29,-0.11534196721631887,-0.18944573480940763,-0.37243028735170974,-0.08993461677306268,-0.15582333415782523,-0.2806529684721991,-0.1524384925183906,0.06839184012155279,-0.39210796897161593,-0.2716400000642084,-0.33984052630763467,-1.148587853112502,-0.22701621
2016-03-01,-0.11534196721631887,-0.18944573480940763,-0.37243028735170974,-0.08993461677306268,-0.15582333415782523,0.48195209098881925,0.16581388627748458,0.27903312542020037,0.3701889621623297,-0.2322122483975751,-0.321166178158591,-1.1475178220310536,3.9714456
2016-03-02,-0.11534196721631887,-0.18944573480940763,-0.37243028735170974,-0.08993461677306268,-0.15582333415782523,-0.8638848768585238,0.020646134546032754,0.21701096919337637,0.4073044944555538,-0.19938303071576793,-0.29917643220657797,-1.1467152879371603,0.21884441
2016-03-03,-0.11534196721631887,-0.18944573480940763,-0.37243028735170974,-0.08993461677306268,-0.15582333415782523,-0.10127981739750541,-0.018437490920127354,0.17839340022195765,0.5361020154685728,-0.1677502794239716,-0.27479131620101516,-1.1459160160016526,0.7444143
2016-03-04,-0.11534196721631887,-0.18944573480940763,-0.37243028735170974,-0.08993461677306268,-0.15582333415782523,-0.5498203620416678,-0.01657636589792925,0.1608399597804037,0.7805246583785905,-0.13118127618775013,-0.24742981503745057,-1.144449597452613,1.4876842
2016-03-07,-0.11534196721631887,-0.18944573480940763,-0.37243028735170974,-0.08993461677306268,-0.15582333415782523,-0.5947174832890552,-0.1654663676737773,0.06020023458216094,0.46084224222212633,-0.11289932262859076,-0.2216144571376763,-1.1433306239314394,-1.1066854
2016-03-08,-0.11534196721631887,-0.18944573480940763,-0.37243028735170974,-0.08993461677306268,-0.15582333415782523,-0.9535714523958707,-0.9173608766418098,0.5142492273370236,0.23526622531918356,-0.10669180336333951,-0.19962906957437537,-1.142345400341751,-0.8245826
2016-03-09,-0.11534196721631887,-0.18944573480940763,-0.37243028735170974,-0.08993461677306268,-0.15582333415782523,-1.2227388459653392,1.0740428971101574,0.20062775811459269,0.25305559435886726,-0.10238628718447909,-0.181116124621029,-1.1412280435226947,0.0890851
2016-03-10,-0.11534196721631887,-0.18944573480940763,-0.37243028735170974,-0.08993461677306268,-0.15582333415782523,0.1678875761719632,-0.005409615764740648,0.1608399597804037,0.2635876312727133,-0.09994890096215572,-0.1657823256427155,-1.1400095684199536,0.049436092
2016-03-11,-0.11534196721631887,-0.18944573480940763,-0.37243028735170974,-0.08993461677306268,-0.15582333415782523,-0.5050309077517082,0.011340509435042254,0.20296821684013322,0.49228202624717776,-0.09047146438658708,-0.15147995125705802,-1.1386605990744283,1.0774016
2016-03-14,-0.11534196721631887,-0.18944573480940763,2.685066263302147,-0.08993461677306268,-0.15582333415782523,-0.8189877556111365,0.029951759657023253,0.19711707002628187,0.5457463943355984,-0.08239459653576546,-0.13830349691023455,-1.13726921591907,0.25424957
2016-03-15,-0.11534196721631887,-0.18944573480940763,-0.37243028735170974,-0.08993461677306268,-0.15582333415782523,0.033303879387228896,-0.17477199278476777,0.06371092267047174,0.9327717536494498,-0.06074216829146858,-0.12311234721711499,-1.1359740664360642,2.009368
2016-03-16,-0.11534196721631887,-0.18944573480940763,-0.37243028735170974,-0.08993461677306268,-0.15582333415782523,-0.4152366652569336,0.028090634634825147,0.1479674367899308,1.1540503350820175,-0.03419629505155113,-0.10525854517562651,-1.1346935988223514,1.329124
2016-03-17,-0.11534196721631887,-0.18944573480940763,-0.37243028735170974,-0.08993461677306268,-0.15582333415782523,-0.3704472109669739,0.042979634812409954,0.11754147335790391,1.092165695069093,-0.01691545813665319,-0.08726434225637889,-1.1331374637291918,-0.16041994
2016-03-18,-0.11534196721631887,-0.18944573480940763,-0.37243028735170974,-0.08993461677306268,-0.15582333415782523,-0.8638848768585238,0.050424134901202365,0.15264835424101184,1.1124634912297306,-0.004711792393667022,-0.07024817098236374,-1.131525874818905,0.11341572
2016-03-21,-0.11534196721631887,-0.18944573480940763,-0.37243028735170974,-0.08993461677306268,-0.15582333415782523,1.0202868781277565,-0.25666149376148417,-0.02990742635114943,1.1083261872351386,0.002308974250498725,-0.05512748306563552,-1.1300529312342424,-0.009435415
2016-03-22,-0.11534196721631887,-0.18944573480940763,-0.37243028735170974,-0.08993461677306268,-0.15582333415782523,0.7062223633109004,0.2774813876093706,0.15615904232932262,1.2558531799516766,0.011914907395993981,-0.04096800213568682,-1.1280906372942665,0.7647991
2016-03-23,-0.11534196721631887,-0.18944573480940763,-0.37243028735170974,-0.08993461677306268,-0.15582333415782523,-0.6844040588264022,0.048563009879004256,0.18424454703580898,0.9961590306602995,0.01195333242663849,-0.029632165390575036,-1.12645457572641,-0.55285096
2016-03-24,-0.11534196721631887,-0.18944573480940763,-0.37243028735170974,-0.08993461677306268,-0.15582333415782523,-0.9984685736432581,-0.14499399242959818,0.09530711546526888,0.7966332926259696,0.005561357822384385,-0.021936210106052487,-1.125001208686325,-0.4334271
2016-03-25,-0.11534196721631887,-0.18944573480940763,-0.37243028735170974,-0.08993461677306268,-0.15582333415782523,-1.4022196639974611,0.10439676054494727,0.1702017946825658,0.7966332926259707,-0.0020223753616754035,-0.01740809714891799,-1.1235723107095414,0.0
2016-03-28,-0.11534196721631887,-0.18944573480940763,-0.37243028735170974,-0.08993461677306268,-0.15582333415782523,-0.5050309077517082,0.011340509435042256,0.16903156531979555,0.5749705059120296,-0.014390617616939945,-0.016441759495046844,-1.1221858171974917,-0.45424104
2016-03-29,-0.11534196721631887,-0.18944573480940763,-0.37243028735170974,-0.08993461677306268,-0.15582333415782523,0.033303879387228896,-0.47441312135866187,0.37031101571628106,1.1409142703687096,-0.0060042399454195376,-0.013867665480684204,-1.1210195330346389,2.3671389
2016-03-30,-0.11534196721631887,-0.18944573480940763,-0.37243028735170974,-0.08993461677306268,-0.15582333415782523,-0.3255500897195866,0.39473226400785094,0.3352041348331731,1.457307515413168,0.013543417015100855,-0.0076104160563559824,-1.1195824796618932,1.7459154
2016-03-31,-0.11534196721631887,-0.18944573480940763,-0.37243028735170974,-0.08993461677306268,-0.15582333415782523,-0.8189877556111365,0.13975813596671116,0.2977567952245247,1.2122455773333563,0.02151628658304029,-0.0008923959210373715,-1.1183607373687912,-0.5202651
2016-04-01,-0.11534196721631887,-0.18944573480940763,2.685066263302147,-0.08993461677306268,-0.15582333415782523,-0.7741983013211768,-0.12452161718541906,0.13626514316222813,1.3791994241988026,0.03320824271785528,0.00699293648018898,-1.1172221801145021,0.91751814
2016-04-04,-0.11534196721631887,-0.18944573480940763,-0.37243028735170974,-0.08993461677306268,-0.15582333415782523,-0.5050309077517082,0.10067451050055107,0.2661606024297275,1.550900001240777,0.04874682907190109,0.016638205140167665,-1.1157133448802148,1.0273695
2016-04-05,-0.11534196721631887,-0.18944573480940763,2.685066263302147,-0.08993461677306268,-0.15582333415782523,-0.9087819981059112,0.002034884324051757,0.15498881296655237,1.0044383703902922,0.04710716358648638,0.024002292268928777,-1.1142811818696312,-1.1789083
2016-04-06,-0.11534196721631887,-0.18944573480940763,-0.37243028735170974,-0.08993461677306268,-0.15582333415782523,-0.9087819981059112,-0.022159740964523555,0.18190408831026844,1.2035876587509444,0.05220680042941324,0.030988738954257505,-1.1126761172761144,1.0472655
2016-04-07,-0.11534196721631887,-0.18944573480940763,-0.37243028735170974,-0.08993461677306268,-0.15582333415782523,-0.6396146045364425,-0.2361891185173051,0.08594528056310675,0.3554911668182228,0.033244099069967406,0.032505544742766866,-1.1114739414636374,-2.1809638
2016-04-08,-0.11534196721631887,-0.18944573480940763,-0.37243028735170974,-0.08993461677306268,-0.15582333415782523,-0.7293011800737895,0.5938726413830476,0.5938248240054016,0.38104259260161394,0.016480139082380524,0.030118830445316495,-1.1104299954287533,0.110566616
2016-04-11,-0.11534196721631887,-0.18944573480940763,2.685066263302147,-0.08993461677306268,-0.15582333415782523,-0.6844040588264022,-0.5228023719358125,0.08828573928864727,0.4607586773544644,0.0035988531878226497,0.025443127158850633,-1.1093697400396527,0.33130646
2016-04-12,-0.11534196721631887,-0.18944573480940763,-0.37243028735170974,-0.08993461677306268,-0.15582333415782523,-0.8189877556111365,0.24770338725420102,0.303607942038376,0.7571768636047936,0.0026014191148632897,0.021488359700641595,-1.1084138765942817,1.3025165
2016-04-13,-0.11534196721631887,-0.18944573480940763,2.685066263302147,-0.08993461677306268,-0.15582333415782523,-0.8189877556111365,0.08950776036736248,0.2333941802721601,1.0453027557085788,0.012402455939189861,0.02042937599228369,-1.1074237576104549,1.4487505
2016-04-14,-0.11534196721631887,-0.18944573480940763,-0.37243028735170974,-0.08993461677306268,-0.15582333415782523,-0.7293011800737895,-0.141271742385202,0.22052165728168718,1.0556228156132708,0.01791970107586226,0.02076704984326135,-1.106396122367495,0.053548813
2016-04-15,-0.11534196721631887,-0.18944573480940763,-0.37243028735170974,-0.08993461677306268,-0.15582333415782523,-0.19096639293485226,-0.08543799171925896,0.14445674870161998,0.27327625813173556,0.001069291989300631,0.017418464543723915,-1.1057550715833349,-2.0071387
2016-04-18,-0.11534196721631887,-0.18944573480940763,-0.37243028735170974,-0.08993461677306268,-0.15582333415782523,0.07820100063461634,-0.022159740964523555,0.16903156531979555,-0.3707589072362412,-0.03409796413354106,0.0071872213755729865,-1.1054989820861734,-2.1574855
2016-04-19,-0.11534196721631887,-0.18944573480940763,-0.37243028735170974,-0.08993461677306268,-0.15582333415782523,0.21278469741935063,-0.003548490742542542,0.16318041850594422,-0.5080615890834641,-0.06844994608910607,-0.00837506316872205,-1.1054679858306873,-0.5303323
2016-04-20,-0.11534196721631887,-0.18944573480940763,-0.37243028735170974,-0.08993461677306268,-0.15582333415782523,-0.5050309077517082,0.43567701449620916,0.5013767043465507,-0.44985487146220193,-0.09529167237453044,-0.026589309271386512,-1.1053048714417624,0.20577908
2016-04-21,-0.11534196721631887,-0.18944573480940763,-0.37243028735170974,-0.08993461677306268,-0.15582333415782523,-0.2806529684721991,-0.5023299966916334,0.15849950105486316,-0.7380293937647828,-0.1272631744397589,-0.04802677411688571,-1.1052559340340133,-1.0827959
2016-04-22,-0.11534196721631887,-0.18944573480940763,-0.37243028735170974,-0.08993461677306268,-0.15582333415782523,0.033303879387228896,-0.5488581222465859,-0.10714256429398687,-0.8080952579701447,-0.15575308799390022,-0.07129512236278158,-1.1052543022359673,-0.2736628
2016-04-25,-0.11534196721631887,-0.18944573480940763,-0.37243028735170974,-0.08993461677306268,-0.15582333415782523,2.9044586331140363,0.4766217649845673,0.3199911531171597,-0.9542984505326463,-0.1837335476126258,-0.09591876910232992,-1.1052722505767678,-0.5677521
2016-04-26,-0.11534196721631887,-0.18944573480940763,-0.37243028735170974,-0.08993461677306268,-0.15582333415782523,2.9044586331140363,-2.097314140715405,-0.8010885764167538,-1.1275145136011646,-0.21206212669586327,-0.1217014153376842,-1.1058154322962606,-0.69471
2016-04-27,-0.11534196721631887,5.278556421478968,-0.37243028735170974,-0.08993461677306268,-0.15582333415782523,2.9044586331140363,-3.1172106528799652,3.4515249278903877,-2.163625979370845,-0.28791671815045716,-0.15861775163434236,-1.1077304134379962,-6.2577844
2016-04-28,-0.11534196721631887,5.278556421478968,-0.37243028735170974,-0.08993461677306268,-0.15582333415782523,2.9044586331140363,3.465588550634717,3.0852431373432947,-2.4505065848554284,-0.37110509447796564,-0.20601601338177547,-1.1100401466550074,-3.0566335
2016-04-29,-0.11534196721631887,5.278556421478968,-0.37243028735170974,-0.08993461677306268,-0.15582333415782523,2.9044586331140363,0.6180672666716228,1.4340495064744516,-2.541636554935218,-0.4435052390964883,-0.25948297932844544,-1.112690791238016,-1.1494279
2016-05-02,-0.11534196721631887,5.278556421478968,2.685066263302147,11.119188982851384,6.4175240852384325,2.9044586331140363,1.0740428971101574,0.24509647389986272,-2.5501117740038746,-0.49850755436961985,-0.31406862253644124,-1.11554206790679,-0.10667443
2016-05-03,-0.11534196721631887,-0.18944573480940763,-0.37243028735170974,-0.08993461677306268,-0.15582333415782523,2.9044586331140363,-0.4297461208259075,0.4159499608643214,-2.0705277837618485,-0.5257997870180435,-0.36359830445912306,-1.117928463283552,1.6445994
2016-05-04,-0.11534196721631887,-0.18944573480940763,-0.37243028735170974,-0.08993461677306268,-0.15582333415782523,2.9044586331140363,0.1434803860111074,0.2989270245872949,-2.180154846541162,-0.5518233706180352,-0.40881076751461803,-1.1206639254222734,-1.0401309
2016-05-05,-0.11534196721631887,-0.18944573480940763,-0.37243028735170974,-0.08993461677306268,-0.15582333415782523,2.9044586331140363,-0.02215974096452355,0.17137202404533608,-2.2224149539933165,-0.5715724603324057,-0.44922197103955136,-1.1230670154588704,-0.40344596
2016-05-06,-0.11534196721631887,-0.18944573480940763,2.685066263302147,-0.08993461677306268,6.4175240852384325,2.9044586331140363,0.5138442654285293,0.2802033547829707,-2.2814748439589634,-0.5873356697643005,-0.4849361757245619,-1.1255750135761997,-0.5576968
2016-05-09,-0.11534196721631887,-0.18944573480940763,-0.37243028735170974,-0.08993461677306268,-0.15582333415782523,2.9044586331140363,-0.018437490920127354,0.16201018914317394,-2.256270731309579,-0.594926878050574,-0.5151377960651851,-1.128130241104733,0.07549524
2016-05-10,-0.11534196721631887,-0.18944573480940763,-0.37243028735170974,-0.08993461677306268,-0.15582333415782523,2.9044586331140363,0.2272310120100219,0.32818275865655155,-2.0232249927432795,-0.5914080189662779,-0.5385433966691785,-1.1308137128637659,0.6789446
2016-05-11,-0.11534196721631887,-0.18944573480940763,-0.37243028735170974,-0.08993461677306268,-0.15582333415782523,2.9044586331140363,-0.06868786651947607,0.2778628960574302,-2.1510137461293155,-0.5919335075889726,-0.5573807289223663,-1.133907505632914,-0.9740889
2016-05-12,-0.11534196721631887,-0.18944573480940763,-0.37243028735170974,-0.08993461677306268,-0.15582333415782523,2.9044586331140363,0.210480886810239,0.4487163830218888,-2.418108446555298,-0.6060207970948758,-0.5754759229365793,-1.1373672093454388,-2.345699
2016-05-13,-0.11534196721631887,5.278556421478968,-0.37243028735170974,-0.08993461677306268,-0.15582333415782523,2.9044586331140363,2.905389918953088,3.4655676802436313,-2.349298146745191,-0.6111782691345955,-0.5910596755786752,-1.1404303545031764,0.1992464
2016-05-16,-0.11534196721631887,-0.18944573480940763,2.685066263302147,-0.08993461677306268,6.4175240852384325,2.9044586331140363,-2.1885092668031123,0.8512752838148598,-1.2451494024506777,-0.5830372530594781,-0.5974832291069283,-1.1425555054824297,3.7118912
2016-05-17,-0.11534196721631887,-0.18944573480940763,-0.37243028735170974,-0.08993461677306268,-0.15582333415782523,2.9044586331140363,0.6794843924041604,1.8670343706994497,-1.313135196974788,-0.5600762899429291,-0.5976910701598621,-1.1446516888115212,-0.41542053
2016-05-18,-0.11534196721631887,-0.18944573480940763,2.685066263302147,-0.08993461677306268,6.4175240852384325,2.9044586331140363,-1.6338940101880783,0.21701096919337637,-1.0078231329500056,-0.5293858762535417,-0.5912663962964435,-1.1466081521286107,1.1445045
2016-05-19,-0.11534196721631887,-0.18944573480940763,-0.37243028735170974,-0.08993461677306268,-0.15582333415782523,2.9044586331140363,-0.031465366075514055,0.21233005174229536,-1.079770535206508,-0.5047912712606236,-0.5808448212422611,-1.1484344827863588,-0.38071275
2016-05-20,-0.11534196721631887,-0.18944573480940763,-0.37243028735170974,-0.08993461677306268,-0.15582333415782523,2.9044586331140363,0.039257384768013756,0.22052165728168718,-0.7868121902454802,-0.4738637981492091,-0.565865704589083,-1.1500461126713102,1.0828018
2016-05-23,-0.11534196721631887,-0.18944573480940763,-0.37243028735170974,-0.08993461677306268,-0.15582333415782523,2.9044586331140363,-0.11335486705223045,0.04966817031722857,-0.4640240043352544,-0.4367597068542758,-0.5459140896021332,-1.1513613052349871,1.2707353
2016-05-24,-0.11534196721631887,-0.18944573480940763,-0.37243028735170974,-0.08993461677306268,-0.15582333415782523,2.9044586331140363,0.4207880143186244,0.31179954757776784,-0.10997287029383161,-0.3930927567195629,-0.520575063442742,-1.1523161766621628,1.5244246
2016-05-25,-0.11534196721631887,-0.18944573480940763,-0.37243028735170974,-0.08993461677306268,-0.15582333415782523,2.9044586331140363,-0.39810699544853984,0.15030789551547133,0.25330877852536854,-0.3427186339980537,-0.4894857036146778,-1.1519236336245064,1.7568946
2016-05-26,-0.11534196721631887,-0.18944573480940763,-0.37243028735170974,-0.08993461677306268,-0.15582333415782523,2.9044586331140363,0.050424134901202365,0.19828729938905218,0.40654749885688873,-0.29533888529204455,-0.4544391362692845,-1.1509137188457035,0.79301596
2016-05-27,-0.11534196721631887,-0.18944573480940763,-0.37243028735170974,-0.08993461677306268,-0.15582333415782523,2.9044586331140363,0.02436838459042896,0.20296821684013322,0.388484564775583,-0.25785992894701343,-0.41835305625599145,-1.1497358604183834,-0.059759617
2016-05-30,-0.11534196721631887,-0.18944573480940763,-0.37243028735170974,-0.08993461677306268,-0.15582333415782523,2.9044586331140363,0.24398113720980477,0.4416950068452672,0.388484564775583,-0.22806989814779502,-0.38308660805675854,-1.1485416890425777,0.0
2016-05-31,-0.11534196721631887,-0.18944573480940763,-0.37243028735170974,-0.08993461677306268,-0.15582333415782523,2.9044586331140363,-0.28085611905005947,0.2076491342912143,0.2242688424441304,-0.2086873754507925,-0.3507109388381101,-1.1476791285027599,-0.4882872
2016-06-01,-0.11534196721631887,-0.18944573480940763,-0.37243028735170974,-0.08993461677306268,-0.15582333415782523,2.9044586331140363,0.00017375930185365205,0.20647890492844403,-0.21385569296761173,-0.20518956251596615,-0.3240592275789721,-1.1468848410992571,-1.4019668
2016-06-02,-0.11534196721631887,-0.18944573480940763,-0.37243028735170974,-0.08993461677306268,-0.15582333415782523,2.9044586331140363,-0.3180786194940215,-0.011183756546825208,-0.4261194304967296,-0.20873006105201128,-0.3034982014396037,-1.1461496226284646,-0.75157285
2016-06-03,-0.11534196721631887,-0.18944573480940763,-0.37243028735170974,-0.08993461677306268,-0.15582333415782523,2.9044586331140363,-0.18035536785136208,-0.09661050002905451,-0.3669360453412537,-0.20998742593573397,-0.28731940702635667,-1.145296249758615,0.20465851
2016-06-06,-0.11534196721631887,-0.18944573480940763,-0.37243028735170974,-0.08993461677306268,-0.15582333415782523,2.9044586331140363,0.36123201360828516,0.08828573928864729,-0.15657744862336137,-0.20523247145340986,-0.273355217076059,-1.1443378530725767,0.7250786
2016-06-07,-0.11534196721631887,-0.18944573480940763,-0.37243028735170974,-0.08993461677306268,-0.15582333415782523,2.9044586331140363,0.18442513649946557,0.18892546448689004,-0.04002579728089485,-0.19837948310681544,-0.2607121455937325,-1.1434171954903385,0.40556192
2016-06-08,-0.11534196721631887,-0.18944573480940763,-0.37243028735170974,-0.08993461677306268,-0.15582333415782523,2.9044586331140363,-0.10591036696343807,0.13860560188776866,-0.07236851474412748,-0.1940047302237917,-0.2496581845160462,-1.1423619735152994,-0.0908792
2016-06-09,-0.11534196721631887,-0.18944573480940763,-0.37243028735170974,-0.08993461677306268,-0.15582333415782523,2.9044586331140363,-0.5079133717582277,-0.09778072939182476,0.14544768911166875,-0.1850192868440101,-0.2388853388811042,-1.1408341087841494,0.71760416
2016-06-10,-0.11534196721631887,-0.18944573480940763,-0.37243028735170974,-0.08993461677306268,-0.15582333415782523,2.9044586331140363,0.5975948914274437,0.19594684066351162,-0.1651153880041125,-0.18515071351786538,-0.23029528702374874,-1.1394703612429267,-0.8228779
2016-06-13,-0.11534196721631887,-0.18944573480940763,-0.37243028735170974,-0.08993461677306268,-0.15582333415782523,0.7062223633109004,-0.04263211620870266,0.1596697304176334,-0.6588876035511375,-0.1979527098271739,-0.2261725494819569,-1.1389025429672053,-1.5076458
2016-06-14,-0.11534196721631887,-0.18944573480940763,-0.37243028735170974,-0.08993461677306268,-0.15582333415782523,-0.10127981739750541,0.007618259390646053,0.16435064786871448,-0.615672461175362,-0.2072487504654029,-0.2248707388079319,-1.1382510213591066,0.12328625
2016-06-15,-0.11534196721631887,-0.18944573480940763,-0.37243028735170974,-0.08993461677306268,-0.15582333415782523,-0.8638848768585238,-0.009131865809136849,0.1573292716920929,-0.7203679835322125,-0.21732334173275278,-0.22599286795122575,-1.137827617210472,-0.32833815
2016-06-16,-0.11534196721631887,-0.18944573480940763,-0.37243028735170974,-0.08993461677306268,-0.15582333415782523,-0.7741983013211768,0.020646134546032754,0.16318041850594422,-0.5583601416936638,-0.221868734119875,-0.2278667209940307,-1.1372778479150782,0.4220724
2016-06-17,-0.11534196721631887,-0.18944573480940763,-0.37243028735170974,-0.08993461677306268,-0.15582333415782523,-0.05638269615011797,-0.08357686669706087,0.15732927169209288,-1.2273613957651568,-0.24373532477847012,-0.23406178228102742,-1.1372598025290197,-2.275759
2016-06-20,-0.11534196721631887,-0.18944573480940763,-0.37243028735170974,-0.08993461677306268,-0.15582333415782523,-0.5498203620416678,-0.32180086953841774,0.07307275757263385,-1.286839933274595,-0.2625001746493955,-0.24304769310045574,-1.1374780659410753,-0.24127364
2016-06-21,-0.11534196721631887,-0.18944573480940763,-0.37243028735170974,-0.08993461677306268,-0.15582333415782523,-0.9535714523958707,0.27189801254277635,0.2193514279189169,-0.9504927981605662,-0.2700382110010432,-0.25185525936316344,-1.137804648394978,0.85173845
2016-06-22,-0.11534196721631887,-0.18944573480940763,-0.37243028735170974,-0.08993461677306268,-0.15582333415782523,-1.2227388459653392,0.12486913578912638,0.3574384927258082,-1.0565718176960066,-0.2783498383058285,-0.260686283184035,-1.138472574964844,-0.3753543
2016-06-23,-0.11534196721631887,-0.18944573480940763,-0.37243028735170974,-0.08993461677306268,-0.15582333415782523,-1.4022196639974611,-0.014715240875731148,0.1678613359570253,-0.825715099177327,-0.2796634740386143,-0.26803321323451706,-1.1391798940021693,0.575614
2016-06-24,-0.11534196721631887,-0.18944573480940763,-0.37243028735170974,-0.08993461677306268,-0.15582333415782523,-1.2676359672127266,-0.2994673692720405,0.040306335415066424,-1.539363849853245,-0.30230018501993294,-0.2787721239929175,-1.1403204554207549,-2.8095722
2016-06-27,-0.11534196721631887,-0.18944573480940763,-0.37243028735170974,-0.08993461677306268,-0.15582333415782523,-1.2227388459653392,0.3128427630311345,0.17488271213364687,-1.811499924511311,-0.330326599936983,-0.29338208991286163,-1.141684205118539,-1.4561057
2016-06-28,-0.11534196721631887,-0.18944573480940763,-0.37243028735170974,-0.08993461677306268,-0.15582333415782523,-1.2227388459653392,0.015062759479438456,0.22520257473276822,-1.2193701733626514,-0.33824103937115757,-0.30676973503005606,-1.1427131738352325,1.6840458
2016-06-29,-0.11534196721631887,-0.18944573480940763,-0.37243028735170974,-0.08993461677306268,-0.15582333415782523,-1.1330522704279924,-0.07799349163046658,0.24860716198817354,-0.9417468390853078,-0.3364147535481229,-0.3170876455103278,-1.143379460699661,0.8654833
2016-06-30,-0.11534196721631887,-0.18944573480940763,-0.37243028735170974,-0.08993461677306268,-0.15582333415782523,-0.5050309077517082,-0.09102136678585326,0.10232849164189046,-0.5618801008455828,-0.3237592409898732,-0.3226241281968701,-1.143727378733304,1.2711883
2016-07-01,-0.11534196721631887,-0.18944573480940763,-0.37243028735170974,-0.08993461677306268,-0.15582333415782523,-0.5050309077517082,0.16767501129968268,0.22286211600722772,-0.4736787801888627,-0.31027352654317775,-0.3241571779138314,-1.1440605214466644,0.30335188
2016-07-04,-0.11534196721631887,-0.18944573480940763,-0.37243028735170974,-0.08993461677306268,-0.15582333415782523,-1.3573225427500735,-0.04263211620870266,0.15381858360378212,-0.4736787801888627,-0.29868431378287075,-0.3228947661379222,-1.1445101817290597,0.0
2016-07-05,-0.11534196721631887,-0.18944573480940763,-0.37243028735170974,-0.08993461677306268,-0.15582333415782523,-0.3704472109669739,0.0057571343684479515,0.19243615257520086,-0.7460560774093717,-0.29614033687087116,-0.3213385027245224,-1.1451731819940754,-0.93857646
2016-07-06,-0.11534196721631887,-0.18944573480940763,-0.37243028735170974,-0.08993461677306268,-0.15582333415782523,-0.9535714523958707,-0.07985461665266466,0.19360638193797108,-0.556409956282192,-0.2888283335072233,-0.3185231962991947,-1.145732794554071,0.56848526
2016-07-07,-0.11534196721631887,-0.18944573480940763,-0.37243028735170974,-0.08993461677306268,-0.15582333415782523,-0.5498203620416678,0.0038960093462498627,0.263820143704187,-0.4137783997309108,-0.27893698679211637,-0.3141467263209315,-1.1463416428461277,0.4291892
2016-07-08,-0.11534196721631887,-0.18944573480940763,-0.37243028735170974,-0.08993461677306268,-0.15582333415782523,-0.5498203620416678,0.12859138583352256,0.2076491342912143,-0.164025023932857,-0.2644137298900533,-0.3075265955661751,-1.1466944735263995,0.77130795
2016-07-11,-0.11534196721631887,-0.18944573480940763,-0.37243028735170974,-0.08993461677306268,-0.15582333415782523,-0.7741983013211768,-0.271550493939069,0.09998803291634994,-0.06496820441025852,-0.25005852740564466,-0.2991476268640627,-1.1467535503665012,0.31030178
2016-07-12,-0.11534196721631887,-0.18944573480940763,-0.37243028735170974,-0.08993461677306268,-0.15582333415782523,-1.1330522704279924,0.07089651014538145,-0.3084220146904724,0.08075156403257588,-0.23484301900954696,-0.2891768320535569,-1.1467601149390818,0.45369864
2016-07-13,-0.11534196721631887,-0.18944573480940763,-0.37243028735170974,-0.08993461677306268,-0.15582333415782523,-0.5498203620416678,-0.06682674149727794,0.07190252820986359,-0.14568651020987922,-0.2272970943296387,-0.2795796645331338,-1.1468044250851461,-0.5645633
2016-07-14,-0.11534196721631887,-0.18944573480940763,-0.37243028735170974,-0.08993461677306268,-0.15582333415782523,-0.7741983013211768,0.1881473865438618,0.1608399597804037,0.44873232083080217,-0.2054619827327078,-0.2672127119775359,-1.1466009312425427,1.9820333
2016-07-15,-0.11534196721631887,-0.18944573480940763,-0.37243028735170974,-0.08993461677306268,-0.15582333415782523,-1.2676359672127266,0.3444818884085023,0.31179954757776784,0.4444083887255772,-0.18860832764048077,-0.2536997284539447,-1.146034752672259,-0.010126829
2016-07-18,-0.11534196721631887,-0.18944573480940763,-0.37243028735170974,-0.08993461677306268,-0.15582333415782523,-0.5947174832890552,0.18070288645506938,0.44988661238465905,0.7282127467393211,-0.16710129961124925,-0.2382705809701057,-1.1452585099359613,1.0629654
2016-07-19,-0.11534196721631887,-0.18944573480940763,-0.37243028735170974,-0.08993461677306268,-0.15582333415782523,-0.5498203620416678,-0.3888013703375493,0.1936063819379711,0.7386917872168539,-0.15052919885623434,-0.22236830695251825,-1.1446086337841301,0.040066242
2016-07-20,-0.11534196721631887,-0.18944573480940763,-0.37243028735170974,-0.08993461677306268,-0.15582333415782523,-0.19096639293485226,-0.07613236660826847,0.15147812487824158,0.7637575857791602,-0.1375995192387918,-0.20686976305354582,-1.1438849126604527,0.0901103
2016-07-21,-0.11534196721631887,-0.18944573480940763,-0.37243028735170974,-0.08993461677306268,-0.15582333415782523,-0.05638269615011797,-0.11707711709662667,-0.013524215272365723,0.4870341380996665,-0.13278765024348949,-0.19343755078852215,-1.1433384213382265,-0.5302131
2016-07-22,-0.11534196721631887,-0.18944573480940763,-0.37243028735170974,-0.08993461677306268,-0.15582333415782523,-0.5498203620416678,-2.7803470238621077,-1.3007765143196566,0.11160017464080312,-0.1363714091298021,-0.183461414258904,-1.1424752037660675,-0.77441335
2016-07-25,-0.11534196721631887,-0.18944573480940763,2.685066263302147,-0.08993461677306268,-0.15582333415782523,0.25768181866673806,3.0561410457511338,0.3410552816470244,-0.442430547453406,-0.1510313929160298,-0.17862882270926642,-1.141605427372158,-1.3379335
2016-07-26,-0.11534196721631887,-0.18944573480940763,-0.37243028735170974,-0.08993461677306268,-0.15582333415782523,1.4689350897293467,-0.49674662162503913,0.39488583233445657,-0.6883452619685458,-0.16883763491678308,-0.17858674458557905,-1.1410999682228289,-0.6883085
2016-07-27,-0.11534196721631887,-0.18944573480940763,-0.37243028735170974,-0.08993461677306268,-0.15582333415782523,1.6035187865140812,-2.5421230210207515,1.5463915253003968,0.9522814354742682,-0.1315492179602954,-0.17054517540313047,-1.1396968289330005,6.496322
2016-07-28,-0.11534196721631887,-0.18944573480940763,-0.37243028735170974,-0.08993461677306268,-0.15582333415782523,1.065183999375144,4.574819063864784,2.3585307030629608,1.1659319179033314,-0.09187685369998341,-0.155592046679842,-1.1382625136742448,1.3501644
2016-07-29,-0.11534196721631887,-0.18944573480940763,-0.37243028735170974,-0.08993461677306268,-0.15582333415782523,-0.7741983013211768,-1.611560509921701,0.3983965204227674,1.1196527197309305,-0.06333230592062951,-0.13749943431076778,-1.1368971149259242,-0.12459159
2016-08-01,-0.11534196721631887,-0.18944573480940763,-0.37243028735170974,-0.08993461677306268,-0.15582333415782523,-0.10127981739750541,0.8004575188470369,0.9086165225906028,1.3870250539013953,-0.027574283095079914,-0.11534609886567565,-1.1352297616536844,1.7656684
2016-08-02,-0.11534196721631887,-0.18944573480940763,-0.37243028735170974,-0.08993461677306268,-0.15582333415782523,-0.011485574902730533,-1.0383340030846864,0.47446142900283456,0.8488137299644861,-0.014713458397834988,-0.0948614928234687,-1.133672359940191,-1.4804363
2016-08-03,-0.11534196721631887,-0.18944573480940763,2.685066263302147,-0.08993461677306268,-0.15582333415782523,-0.6844040588264022,0.10067451050055107,0.20062775811459269,1.05386347287417,0.0038292833684402273,-0.07449164522066369,-1.131988588766816,1.2538314
2016-08-04,-0.11534196721631887,-0.18944573480940763,-0.37243028735170974,-0.08993461677306268,-0.15582333415782523,-0.4152366652569336,0.14161926098890926,0.25913922625310587,1.1509693436445434,0.021194260285698135,-0.05446653629236963,-1.1302648529183847,0.6144285
2016-08-05,-0.11534196721631887,-0.18944573480940763,-0.37243028735170974,-0.08993461677306268,-0.15582333415782523,-0.23586351418223972,-0.2436336186060975,0.05785977585662041,1.3745768616533796,0.04540424022539241,-0.03324721367688828,-1.1283969157235814,1.5207291
2016-08-08,-0.11534196721631887,-0.18944573480940763,-0.37243028735170974,-0.08993461677306268,-0.15582333415782523,0.12309812188200377,0.2588701373873896,0.2357346389977006,1.4877481176117016,0.06872677565100406,-0.011263104036521754,-1.1264313668137584,0.8280635
2016-08-09,-0.11534196721631887,-0.18944573480940763,-0.37243028735170974,-0.08993461677306268,-0.15582333415782523,-0.10127981739750541,-0.197105493051145,0.13041399634837683,1.5429931906394851,0.08735479294376797,0.010324659865284264,-1.1244654261286335,0.40601492
2016-08-10,-0.11534196721631887,-0.18944573480940763,-0.37243028735170974,-0.08993461677306268,-0.15582333415782523,-0.5947174832890552,0.10253563552274916,0.20530867556567373,1.2347525896951956,0.09172056379777566,0.02853244593503613,-1.1225428754567544,-0.7444143
2016-08-11,-0.11534196721631887,-0.18944573480940763,-0.37243028735170974,-0.08993461677306268,-0.15582333415782523,0.48195209098881925,0.11556351067813589,0.2579689968903357,1.2077547745970694,0.09100253737416904,0.042944474396564035,-1.1209469633093714,-0.06481409
2016-08-12,-0.11534196721631887,-0.18944573480940763,-0.37243028735170974,-0.08993461677306268,-0.15582333415782523,-1.2676359672127266,-0.08357686669706087,0.1807338589474982,1.2492512188061557,0.08896490054432667,0.054036502681491724,-1.1193081571578403,0.23163557
2016-08-15,-0.11534196721631887,-0.18944573480940763,-0.37243028735170974,-0.08993461677306268,-0.15582333415782523,0.34736839420408494,-0.046354366253098855,0.17371248277087661,1.4553770170271336,0.09462928221678513,0.06412658456287174,-1.1176271650731202,1.2017012
2016-08-16,-0.11534196721631887,-0.18944573480940763,-0.37243028735170974,-0.08993461677306268,-0.15582333415782523,0.4370549697414318,0.2346755120988143,0.20179798747736297,1.4112310198827893,0.09464628525748349,0.07220230157089169,-1.1159692417245675,-0.09134412
2016-08-17,-0.11534196721631887,-0.18944573480940763,-0.37243028735170974,-0.08993461677306268,-0.15582333415782523,0.3024712729566975,-0.15616074256278675,0.2369048683604709,1.3368146997682964,0.0897411611751348,0.07760947095346338,-1.114352486412273,-0.14627576
2016-08-18,-0.11534196721631887,-0.18944573480940763,-0.37243028735170974,-0.08993461677306268,-0.15582333415782523,-0.9535714523958707,-0.4111348706039265,0.15615904232932265,1.2684908574233582,0.08120145997406461,0.08010125543920973,-1.1126718523167274,-0.12817979
2016-08-19,-0.11534196721631887,-0.18944573480940763,2.685066263302147,-0.08993461677306268,-0.15582333415782523,-0.8638848768585238,0.2439811372098048,0.18541477639857923,1.3241953643269948,0.07339617033825079,0.08041845120723339,-1.110818658093787,0.25669336
2016-08-22,-0.11534196721631887,-0.18944573480940763,-0.37243028735170974,-0.08993461677306268,-0.15582333415782523,-0.14606927168746484,0.2421200121876067,0.3000972539500652,0.8935376616677534,0.05687926663854961,0.07712510568315485,-1.1088890827829179,-0.7772505
2016-08-23,-0.11534196721631887,-0.18944573480940763,-0.37243028735170974,-0.08993461677306268,-0.15582333415782523,-0.6396146045364425,-0.07613236660826847,0.21701096919337637,0.975740231640962,0.04359909922271173,0.07163843526448557,-1.1067934587220554,0.3133297
2016-08-24,-0.11534196721631887,-0.18944573480940763,-0.37243028735170974,-0.08993461677306268,-0.15582333415782523,-0.2806529684721991,-0.05565999136408936,0.1596697304176334,0.5736843209921245,0.02338147355332977,0.06290724499911263,-1.1058637399881113,-0.7533312
2016-08-25,-0.11534196721631887,-0.18944573480940763,-0.37243028735170974,-0.08993461677306268,-0.15582333415782523,0.25768181866673806,-0.1654663676737773,0.09647734482803913,0.35997936249714146,0.0009455057207836008,0.051104036839755416,-1.1052380324187079,-0.42580962
2016-08-26,-0.11534196721631887,-0.18944573480940763,-0.37243028735170974,-0.08993461677306268,-0.15582333415782523,0.033303879387228896,0.05228525992340047,0.11871170272067416,0.07793886584311335,-0.024382749607857798,0.03622207862760069,-1.1046949412747893,-0.5856633
2016-08-29,-0.11534196721631887,-0.18944573480940763,-0.37243028735170974,-0.08993461677306268,-0.15582333415782523,0.7511194845582878,0.12300801076692827,0.19243615257520086,0.024376721836601355,-0.047457319938274824,0.019361112471366508,-1.104473609794865,-0.112217665
2016-08-30,-0.11534196721631887,-0.18944573480940763,-0.37243028735170974,-0.08993461677306268,-0.15582333415782523,1.693205362051428,-1.7883673870305206,-0.43246632714412037,-0.3314710762208631,-0.07431116001319972,0.00010531957166335596,-1.1041299301230196,-0.7676482
2016-08-31,-0.11534196721631887,-0.18944573480940763,-0.37243028735170974,-0.08993461677306268,-0.15582333415782523,0.8857031813430222,0.6999567676483393,0.48733395199330753,-0.290111012442309,-0.09618622247960873,-0.019997112971368344,-1.1039847367584519,0.09434223
2016-09-01,-0.11534196721631887,-0.18944573480940763,2.685066263302147,-0.08993461677306268,6.4175240852384325,0.8857031813430222,0.9344585204453,0.17254225340810633,-0.03204750580039201,-0.10951372999093811,-0.03894121956892224,-1.1038428422138111,0.5937815
2016-09-02,-0.11534196721631887,-0.18944573480940763,-0.37243028735170974,-0.08993461677306268,-0.15582333415782523,0.4370549697414318,0.10625788556714537,0.24041555644878168,0.3344194832844272,-0.11292227988608923,-0.054828510968820056,-1.1038015929470772,0.93694925
2016-09-05,-0.11534196721631887,-0.18944573480940763,-0.37243028735170974,-0.08993461677306268,-0.15582333415782523,-0.5050309077517082,0.016923884501636555,0.17839340022195765,0.3344194832844283,-0.11681833117317914,-0.06837504399953226,-1.1039071860954477,0.0
2016-09-06,-0.11534196721631887,-0.18944573480940763,-0.37243028735170974,-0.08993461677306268,-0.15582333415782523,0.48195209098881925,-0.0016873657203444485,0.16318041850594422,0.31783439900375854,-0.12130089222784944,-0.08017492675437136,-1.10409033134453,-0.02785325
2016-09-07,-0.11534196721631887,-0.18944573480940763,-0.37243028735170974,-0.08993461677306268,-0.15582333415782523,1.5586216652666938,-0.0016873657203444485,0.18541477639857923,0.5663171590426948,-0.12046648072969718,-0.08943563818522134,-1.1040309267071116,0.6128192
2016-09-08,-0.11534196721631887,-0.18944573480940763,-0.37243028735170974,-0.08993461677306268,-0.15582333415782523,2.9044586331140363,0.005757134368447953,0.16435064786871448,-0.7152209811446595,-0.14451723515178383,-0.10200924818708106,-1.1044285700122296,-2.6208997
2016-09-09,-0.11534196721631887,-0.18944573480940763,-0.37243028735170974,-0.08993461677306268,-0.15582333415782523,2.9044586331140363,-0.07613236660826847,0.20647890492844403,-1.3934789097816338,-0.1840569188538736,-0.12055951563626349,-1.1052618113823947,-2.2649705
2016-09-12,-0.11534196721631887,-0.18944573480940763,-0.37243028735170974,-0.08993461677306268,-0.15582333415782523,2.9044586331140363,0.06531313507878717,0.16201018914317394,-0.5752873008883912,-0.19628287617197884,-0.13802532578098975,-1.105928408072796,2.2398949
2016-09-13,-0.11534196721631887,-0.18944573480940763,-0.37243028735170974,-0.08993461677306268,-0.15582333415782523,2.9044586331140363,0.05414638494559856,0.1994575287518224,0.08646915981165204,-0.1853106234602695,-0.14964161814357094,-1.1061643531309053,2.3804903
2016-09-14,-0.11534196721631887,-0.18944573480940763,-0.37243028735170974,-0.08993461677306268,-0.15582333415782523,2.9044586331140363,0.056007509967796666,0.19126592321243055,0.7966707449058954,-0.14541836361282567,-0.15036755478665473,-1.105743605865786,3.53868
2016-09-15,-0.11534196721631887,-0.18944573480940763,-0.37243028735170974,-0.08993461677306268,-0.15582333415782523,2.9044586331140363,0.15278601112209786,0.21584073983060612,1.2827405269773682,-0.08348866334885686,-0.13764853701179722,-1.1046727675115593,3.399837
2016-09-16,-0.11534196721631887,-0.18944573480940763,-0.37243028735170974,-0.08993461677306268,-0.15582333415782523,2.9044586331140363,-0.07054899154167416,-0.0053326097329739,1.1022197210552502,-0.04192250094763384,-0.11854674513406746,-1.1037553735254135,-0.5624294
2016-09-19,-0.11534196721631887,-0.18944573480940763,-0.37243028735170974,-0.08993461677306268,-0.15582333415782523,2.9044586331140363,-0.16732749269597536,0.13158422571114708,0.7414142449494545,-0.02250962662460476,-0.09909628278255739,-1.1029188283033449,-1.1660278
2016-09-20,-0.11534196721631887,-0.18944573480940763,-0.37243028735170974,-0.08993461677306268,-0.15582333415782523,2.9044586331140363,0.033674009701419455,0.22520257473276822,0.7387134334085091,-0.00963902441145291,-0.08077187543621313,-1.1021400314796206,-0.008803606
2016-09-21,-0.11534196721631887,-0.18944573480940763,-0.37243028735170974,-0.08993461677306268,-0.15582333415782523,2.9044586331140363,-0.08543799171925896,0.1397758312505389,0.7329152679105384,-0.0021235905384068402,-0.06449836596708593,-1.1012292380087434,-0.017607212
2016-09-22,-0.11534196721631887,-0.18944573480940763,-0.37243028735170974,-0.08993461677306268,-0.15582333415782523,2.9044586331140363,0.048563009879004256,0.1608399597804037,0.9037517682871621,0.01015454594380376,-0.04884275642425797,-1.1000659938784625,0.9423137
2016-09-23,-0.11534196721631887,-0.18944573480940763,-0.37243028735170974,-0.08993461677306268,-0.15582333415782523,2.9044586331140363,0.009479384412844157,0.1994575287518224,0.35010660795486215,0.0012978675682128549,-0.03822029252139333,-1.099113955453974,-1.666379
2016-09-26,-0.11534196721631887,-0.18944573480940763,-0.37243028735170974,-0.08993461677306268,-0.15582333415782523,2.9044586331140363,-0.03890986616430646,0.1994575287518224,0.3818206795146799,-0.006757893926308743,-0.03145234352334272,-1.0981140650909218,0.1508236
2016-09-27,-0.11534196721631887,-0.18944573480940763,-0.37243028735170974,-0.08993461677306268,-0.15582333415782523,2.9044586331140363,-0.07427124158607036,0.13509491379945787,0.4230133584793871,-0.01376199162246052,-0.0275421554678698,-1.096944220445372,0.18603802
2016-09-28,-0.11534196721631887,-0.18944573480940763,-0.37243028735170974,-0.08993461677306268,-0.15582333415782523,2.9044586331140363,0.08392438530076818,0.15498881296655237,0.5919927133030155,-0.014469526303721171,-0.024565952254436814,-1.0956489832622067,0.7604599
2016-09-29,-0.11534196721631887,-0.18944573480940763,-0.37243028735170974,-0.08993461677306268,-0.15582333415782523,2.9044586331140363,-0.007270740786938749,0.13860560188776866,0.06251901465879445,-0.03205783736467126,-0.02596218284962157,-1.094749740333623,-1.553309
2016-09-30,-0.11534196721631887,-0.18944573480940763,-0.37243028735170974,-0.08993461677306268,-0.15582333415782523,2.9044586331140363,-0.03890986616430646,0.14211628997607945,0.24892729106250305,-0.04076580504838445,-0.028949254562121333,-1.0938719436882594,0.7755399
2016-10-03,-0.11534196721631887,-0.18944573480940763,-0.37243028735170974,-0.08993461677306268,-0.15582333415782523,2.9044586331140363,0.03739625974581566,0.2076491342912143,0.09358666711899369,-0.05403399415322804,-0.03418833351884566,-1.0930816006353643,-0.4688263
2016-10-04,-0.11534196721631887,-0.18944573480940763,-0.37243028735170974,-0.08993461677306268,-0.15582333415782523,2.9044586331140363,0.03553513472361756,0.2603094556158762,0.20376904667004572,-0.062343193577167624,-0.04016404609325031,-1.0922071085607574,0.42659044
2016-10-05,-0.11534196721631887,-0.18944573480940763,-0.37243028735170974,-0.08993461677306268,-0.15582333415782523,2.9044586331140363,-0.014715240875731148,0.1409460606133092,0.21568063294438075,-0.07024004062604651,-0.04664051046588142,-1.0914332624829117,0.04425049
2016-10-06,-0.11534196721631887,-0.18944573480940763,-0.37243028735170974,-0.08993461677306268,-0.15582333415782523,2.9044586331140363,0.016923884501636555,0.11520101463236337,0.4166912959440691,-0.07116928975124757,-0.05202124367477215,-1.0900522229143759,0.7430315
2016-10-07,-0.11534196721631887,-0.18944573480940763,-0.37243028735170974,-0.08993461677306268,-0.15582333415782523,2.9044586331140363,0.26073126240958766,0.27903312542020037,0.4571757104401293,-0.07218822970242095,-0.056544653584656476,-1.0882487877490372,0.14926195
2016-10-10,-0.11534196721631887,-0.18944573480940763,-0.37243028735170974,-0.08993461677306268,-0.15582333415782523,2.9044586331140363,-0.271550493939069,0.4463759242963482,0.8870795184259653,-0.058164140698602415,-0.05715162598015002,-1.086498151673872,1.7446995
2016-10-11,-0.11534196721631887,-0.18944573480940763,2.685066263302147,-0.08993461677306268,6.4175240852384325,2.9044586331140363,0.4989552652509445,0.37382170380459184,0.9357821356660697,-0.04695167348122773,-0.0552292606665252,-1.085120408049848,0.2154231
2016-10-12,-0.11534196721631887,-0.18944573480940763,-0.37243028735170974,-0.08993461677306268,-0.15582333415782523,2.9044586331140363,-0.6028307478903309,0.15147812487824158,1.1326219484056543,-0.03151532013521462,-0.05037632081592083,-1.0842013686074343,0.89423656
2016-10-13,-0.11534196721631887,-0.18944573480940763,-0.37243028735170974,-0.08993461677306268,-0.15582333415782523,2.9044586331140363,0.1974530116548523,0.1573292716920929,0.9799608403306818,-0.024561691063783832,-0.045000636226230094,-1.0839687223692516,-0.30679703
2016-10-14,-0.11534196721631887,-0.18944573480940763,-0.37243028735170974,-0.08993461677306268,-0.15582333415782523,2.9044586331140363,-0.21571674327312598,0.048497940954458287,1.1087936536120713,-0.01595256177892736,-0.038851227445148184,-1.0835215737619108,0.5556464
2016-10-17,-0.11534196721631887,-0.18944573480940763,-0.37243028735170974,-0.08993461677306268,-0.15582333415782523,2.9044586331140363,0.10998013561154156,0.15030789551547133,1.0719678488341504,-0.012202011557460955,-0.03312624771843356,-1.0828665297703641,-0.06800294
2016-10-18,-0.11534196721631887,-0.18944573480940763,-0.37243028735170974,-0.08993461677306268,-0.15582333415782523,2.9044586331140363,0.09695226045615486,0.21818119855614665,1.0328908107849184,-0.012300637088124677,-0.02856744434938902,-1.0822230334456961,-0.06805658
2016-10-19,-0.11534196721631887,-0.18944573480940763,-0.37243028735170974,-0.08993461677306268,-0.15582333415782523,2.9044586331140363,-0.13568836731860764,0.12573307889729576,0.8563619685143876,-0.01765443931694028,-0.026070162146809645,-1.0816339931691294,-0.29794574
2016-10-20,-0.11534196721631887,-0.18944573480940763,-0.37243028735170974,-0.08993461677306268,-0.15582333415782523,2.9044586331140363,0.02809063463482515,0.18892546448689004,0.8251133948625545,-0.024657571055100472,-0.025576300082558116,-1.0812313890541803,-0.051236153
2016-10-21,-0.11534196721631887,-0.18944573480940763,-0.37243028735170974,-0.08993461677306268,-0.15582333415782523,2.9044586331140363,-0.12266049216322097,0.13509491379945787,0.5810391616432603,-0.03619310245044195,-0.027658533592026354,-1.080589546812025,-0.3929615
2016-10-24,-0.11534196721631887,-0.18944573480940763,2.685066263302147,-0.08993461677306268,-0.15582333415782523,0.12309812188200377,0.14348038601110735,0.19594684066351162,0.8845741075971765,-0.03861842619807758,-0.029845172927907605,-1.0798025011413492,0.9005189
2016-10-25,-0.11534196721631887,-0.18944573480940763,-0.37243028735170974,-0.08993461677306268,-0.15582333415782523,1.1548705749124908,-0.2845783690944557,0.1280735376228363,1.0408870801492118,-0.03761228831963238,-0.03137841037419634,-1.0789511094324755,0.50998926
2016-10-26,-0.11534196721631887,-0.18944573480940763,-0.37243028735170974,-0.08993461677306268,-0.15582333415782523,1.7381024832988154,-3.571325158296301,-0.011183756546825026,-0.14587122484400455,-0.060979032986964686,-0.03762314607368373,-1.0786805077155095,-2.2494733
2016-10-27,-0.11534196721631887,-0.18944573480940763,-0.37243028735170974,-0.08993461677306268,-0.15582333415782523,0.6165357877735536,3.0449742956179455,1.6329884981453966,-0.518779456838619,-0.09031396631753506,-0.048918783965895704,-1.0783010075605624,-0.9602845
2016-10-28,-0.11534196721631887,-0.18944573480940763,2.685066263302147,11.119188982851384,-0.15582333415782523,-0.23586351418223972,0.8451245193797912,0.20296821684013322,-0.7520644971518391,-0.12108654391220983,-0.06456388616696457,-1.0781904636663133,-0.6638706
2016-10-31,-0.11534196721631887,-0.18944573480940763,-0.37243028735170974,-0.08993461677306268,-0.15582333415782523,-0.7741983013211768,-0.0054096157647406514,0.20881936365398454,-0.8068349151877879,-0.14782206491087319,-0.08282157818555322,-1.0780221641851824,-0.1582861
2016-11-01,-0.11534196721631887,-0.18944573480940763,-0.37243028735170974,-0.08993461677306268,-0.15582333415782523,-0.9984685736432581,-0.09474361683024946,0.13509491379945787,-1.3585385949864994,-0.1866064781849959,-0.10575691248502772,-1.0782713131492445,-1.805532
2016-11-02,-0.11534196721631887,-0.18944573480940763,-0.37243028735170974,-0.08993461677306268,-0.15582333415782523,-0.7741983013211768,-0.02402086598672166,0.1503078955154713,-1.317577157415814,-0.2165491009605574,-0.1305355341369006,-1.0785122154229163,0.08969307
2016-11-03,-0.11534196721631887,-0.18944573480940763,-0.37243028735170974,-0.08993461677306268,-0.15582333415782523,-1.088155149180605,0.07647988521197577,0.14913766615270105,-1.599764308459402,-0.24997777038704108,-0.1575374346762931,-1.0790890704093152,-1.0663986
2016-11-04,-0.11534196721631887,-0.18944573480940763,-0.37243028735170974,-0.08993461677306268,-0.15582333415782523,-1.1779493916753798,0.02064613454603275,0.18892546448689004,-1.8086648074630574,-0.2840886953427296,-0.18646447671017846,-1.0798581612695066,-0.9013951
2016-11-07,-0.11534196721631887,-0.18944573480940763,-0.37243028735170974,-0.08993461677306268,-0.15582333415782523,-0.9087819981059112,-0.06124336643068366,0.1479674367899308,-1.1683135169741041,-0.2969943741532738,-0.21237768070785626,-1.0806952168777484,1.442492
2016-11-08,-0.11534196721631887,-0.18944573480940763,-0.37243028735170974,-0.08993461677306268,-0.15582333415782523,-1.4022196639974611,0.009479384412844155,0.15498881296655237,-0.9309534162569126,-0.3008129179580752,-0.23392829862946352,-1.0814657339438092,0.5887151
2016-11-09,-0.11534196721631887,-0.18944573480940763,-0.37243028735170974,-0.08993461677306268,-0.15582333415782523,-1.2676359672127266,0.018785009523834655,0.1573292716920929,-0.9799959793879841,-0.30438999771694253,-0.2519369918672784,-1.0824376903684136,-0.16207695
2016-11-10,-0.11534196721631887,-0.18944573480940763,-0.37243028735170974,-0.08993461677306268,-0.15582333415782523,-0.6396146045364425,0.0076182593906460525,0.2298834921838493,-1.6764276907608893,-0.33200705965054866,-0.2722748728118131,-1.0838627122856972,-2.7867913
2016-11-11,-0.11534196721631887,-0.18944573480940763,-0.37243028735170974,-0.08993461677306268,-0.15582333415782523,-1.2676359672127266,-0.014715240875731148,0.17137202404533608,-1.4389496564754607,-0.3470357554523936,-0.2917726783137531,-1.0852888513017316,0.5937457
2016-11-14,-0.11534196721631887,-0.18944573480940763,-0.37243028735170974,-0.08993461677306268,-0.15582333415782523,-0.19096639293485226,0.02064613454603275,0.15030789551547133,-1.916168429663014,-0.38005274506021824,-0.3144615152727213,-1.087152885120592,-2.508533
2016-11-15,-0.11534196721631887,-0.18944573480940763,-0.37243028735170974,-0.08993461677306268,-0.15582333415782523,0.4370549697414318,-0.2827172440722576,0.0016887664436476854,-1.442789299999316,-0.392426154343091,-0.3352698472012776,-1.0887715396445332,1.3243794
2016-11-16,-0.11534196721631887,-0.18944573480940763,-0.37243028735170974,-0.08993461677306268,-0.15582333415782523,-0.2806529684721991,0.27375913756497444,0.1737124827708766,-0.6448813782374943,-0.3761410637454563,-0.3484191938316475,-1.089854799791816,2.6888251
2016-11-17,-0.11534196721631887,-0.18944573480940763,-0.37243028735170974,-0.08993461677306268,-0.15582333415782523,-0.2806529684721991,-0.031465366075514055,0.14211628997607945,-0.6534859257058493,-0.3619415707183683,-0.3558892465586921,-1.0909348035315443,-0.036370754
2016-11-18,-0.11534196721631887,-0.18944573480940763,-0.37243028735170974,-0.08993461677306268,-0.15582333415782523,-0.9535714523958707,0.059729760012192865,0.21115982237952505,-0.6241929000419119,-0.3482870189124447,-0.3589328934929127,-1.0919206568371302,0.100040436
2016-11-21,-0.11534196721631887,-0.18944573480940763,-0.37243028735170974,-0.08993461677306268,-0.15582333415782523,-0.2806529684721991,-0.04449324123090076,0.1479674367899308,-0.19893435496651277,-0.3222044926122341,-0.3557664352316643,-1.0928027996723564,1.5173554
2016-11-22,-0.11534196721631887,-0.18944573480940763,-0.37243028735170974,-0.08993461677306268,-0.15582333415782523,-0.6844040588264022,0.011340509435042256,0.11637124399513363,-0.1818469810698554,-0.3000261619592242,-0.3484703417740325,-1.093772334278627,0.0626564
2016-11-23,-0.11534196721631887,-0.18944573480940763,-0.37243028735170974,-0.08993461677306268,-0.15582333415782523,-0.6396146045364425,0.06345201005658907,0.16318041850594422,-0.34025981841983866,-0.28649690048288234,-0.3397279785951145,-1.0943975005511457,-0.50984025
2016-11-24,-0.11534196721631887,-0.18944573480940763,-0.37243028735170974,-0.08993461677306268,-0.15582333415782523,-1.4022196639974611,-0.014715240875731152,0.15498881296655237,-0.34025981841983866,-0.2751445283809454,-0.33029609942578697,-1.0948395186991668,0.0
2016-11-25,-0.11534196721631887,-0.18944573480940763,-0.37243028735170974,-0.08993461677306268,-0.15582333415782523,-1.1330522704279924,-0.003548490742542546,0.1608399597804037,-0.17734736521414504,-0.260956586197544,-0.31970365212463897,-1.0950632612146183,0.5034566
2016-11-28,-0.11534196721631887,-0.18944573480940763,-0.37243028735170974,-0.08993461677306268,-0.15582333415782523,-0.6396146045364425,-0.009131865809136849,0.16552087723148476,-0.24915069636430284,-0.25121410300941316,-0.30913743876300087,-1.0952937933038784,-0.19679666
2016-11-29,-0.11534196721631887,-0.18944573480940763,-0.37243028735170974,-0.08993461677306268,-0.15582333415782523,-0.5947174832890552,-0.03890986616430646,0.14679720742716051,-0.2867463679839933,-0.24414807279805958,-0.2991669965591091,-1.0952043182946232,-0.09859204
2016-11-30,-0.11534196721631887,-0.18944573480940763,-0.37243028735170974,-0.08993461677306268,-0.15582333415782523,-0.9535714523958707,0.08392438530076816,0.22169188664445746,-0.6014447384551255,-0.24618186472720746,-0.29162741156526995,-1.0952872423895197,-0.8433521
2016-12-01,-0.11534196721631887,-0.18944573480940763,-0.37243028735170974,-0.08993461677306268,-0.15582333415782523,-0.5947174832890552,-0.06682674149727796,0.15498881296655237,-0.9125554199690824,-0.25607251198360603,-0.28771981819533127,-1.095343630716541,-0.9319544
2016-12-02,-0.11534196721631887,-0.18944573480940763,-0.37243028735170974,-0.08993461677306268,-0.15582333415782523,-0.9535714523958707,-0.14313286740740006,0.06605138139601227,-0.7561415266304835,-0.25999619750536646,-0.28543637802447475,-1.0951678307152275,0.37447214
2016-12-05,-0.11534196721631887,-0.18944573480940763,-0.37243028735170974,-0.08993461677306268,-0.15582333415782523,-0.7293011800737895,0.14161926098890926,0.15147812487824158,-0.9933453601370741,-0.2692085240159283,-0.28558802714629783,-1.0953834365249149,-0.718838
2016-12-06,-0.11534196721631887,-0.18944573480940763,-0.37243028735170974,-0.08993461677306268,-0.15582333415782523,0.8857031813430222,-0.08916024176365515,0.1936063819379711,-0.6673765753169902,-0.26886496713735675,-0.2856355655850172,-1.0955675220347216,0.7698655
2016-12-07,-0.11534196721631887,-0.18944573480940763,-0.37243028735170974,-0.08993461677306268,-0.15582333415782523,0.6165357877735536,0.31842613809772885,0.5364835852296586,-0.2884682016518888,-0.2590369800463589,-0.28356297834963023,-1.095542646819043,0.9822607
2016-12-08,-0.11534196721631887,-0.18944573480940763,2.685066263302147,-0.08993461677306268,-0.15582333415782523,-0.7741983013211768,0.34262076338630415,0.5669095486616855,0.05065144404187863,-0.24180662922731794,-0.27820458946105336,-1.0948245320358776,0.98172426
2016-12-09,-0.11534196721631887,-0.18944573480940763,-0.37243028735170974,-0.08993461677306268,-0.15582333415782523,-0.7293011800737895,-0.5116356218026239,0.20062775811459269,0.5280277197059523,-0.21280149668523793,-0.2676888556751203,-1.09390905667043,1.6321778
2016-12-12,-0.11534196721631887,-0.18944573480940763,-0.37243028735170974,-0.08993461677306268,-0.15582333415782523,0.5716386665261661,-0.022159740964523552,0.2099895930167548,0.2863874097597418,-0.19558512059971153,-0.25557895070225745,-1.0926502862199012,-0.5704224
2016-12-13,-0.11534196721631887,-0.18944573480940763,-0.37243028735170974,-0.08993461677306268,-0.15582333415782523,0.8408060600956347,0.06531313507878717,0.2135002811050656,0.7201904997618775,-0.1666172922206249,-0.23967001533713303,-1.0913102479135501,1.6681314
2016-12-14,-0.11534196721631887,-0.18944573480940763,-0.37243028735170974,-0.08993461677306268,-0.15582333415782523,0.07820100063461634,-0.03890986616430646,0.17254225340810633,0.7201904997618785,-0.14453532620072354,-0.22220063506769036,-1.0904478505535369,0.0
2016-12-15,-0.11534196721631887,-0.18944573480940763,-0.37243028735170974,-0.08993461677306268,-0.15582333415782523,-0.23586351418223972,-0.04077099118650455,0.166691106594255,0.857145040146822,-0.12284557554135381,-0.20356712942849664,-1.0894743349351164,0.5469203
2016-12-16,-0.11534196721631887,-0.18944573480940763,-0.37243028735170974,-0.08993461677306268,-0.15582333415782523,-0.7741983013211768,-0.22688349340631456,0.041476564777836705,0.8900314837484499,-0.10571373859341622,-0.18498116224965466,-1.0884941857341544,0.12950897
2016-12-19,-0.11534196721631887,-0.18944573480940763,-0.37243028735170974,-0.08993461677306268,-0.15582333415782523,0.34736839420408494,0.2067586367658428,0.7213798245473605,1.037049461236744,-0.08801089818208381,-0.16631059948957228,-1.0876798746590322,0.5777359
2016-12-20,-0.11534196721631887,-0.18944573480940763,2.685066263302147,-0.08993461677306268,-0.15582333415782523,-0.19096639293485226,0.020646134546032754,0.2603094556158762,1.104045054745712,-0.07306546840012329,-0.1481645304023145,-1.0868257678394886,0.2657771
2016-12-21,-0.11534196721631887,-0.18944573480940763,-0.37243028735170974,-0.08993461677306268,-0.15582333415782523,0.4370549697414318,-0.027743116031117853,0.14679720742716051,1.1286574367374052,-0.06211838396560408,-0.13129672441474768,-1.085858889397879,0.09405613
2016-12-22,-0.11534196721631887,-0.18944573480940763,-0.37243028735170974,-0.08993461677306268,-0.15582333415782523,0.4370549697414318,-4.457220668862597,-2.2369600045358684,0.734269097280344,-0.06176764732363865,-0.1177271568695711,-1.0850197059824935,-0.657779
2016-12-23,-0.11534196721631887,-0.18944573480940763,-0.37243028735170974,-0.08993461677306268,-0.15582333415782523,-1.2676359672127266,3.549339176633631,-0.07905705958750053,0.7968659166612132,-0.06138349204459729,-0.10678900322959504,-1.0842352596870313,0.19778013
2016-12-26,-0.11534196721631887,-0.18944573480940763,2.685066263302147,-0.08993461677306268,-0.15582333415782523,-1.4022196639974611,0.8339577692466026,0.16201018914317394,0.7968659166612143,-0.06289538728742168,-0.09836316870634068,-1.0834143258121736,0.0
2016-12-27,-0.11534196721631887,-0.18944573480940763,-0.37243028735170974,-0.08993461677306268,-0.15582333415782523,-1.3573225427500735,0.08020213525637196,0.14913766615270105,1.0066129018808443,-0.059703779448221556,-0.09093708454735518,-1.0824524204009092,0.6350875
2016-12-28,-0.11534196721631887,-0.18944573480940763,-0.37243028735170974,-0.08993461677306268,-0.15582333415782523,-1.2676359672127266,0.12486913578912638,0.21818119855614665,0.7212473580712444,-0.06320508898229589,-0.08574814401962383,-1.0814175369554384,-0.42640567
2016-12-29,-0.11534196721631887,-0.18944573480940763,-0.37243028735170974,-0.08993461677306268,-0.15582333415782523,-1.2227388459653392,-0.12638274220761717,0.16435064786871448,0.7038818266561747,-0.06799073024416445,-0.08262473618339057,-1.0802168096332976,-0.025695562
2016-12-30,-0.11534196721631887,-0.18944573480940763,-0.37243028735170974,-0.08993461677306268,-0.15582333415782523,-1.0433656948906456,-0.00354849074254255,0.1900956938496603,0.19789343601767775,-0.08106724577924733,-0.08293426847556674,-1.0792350027555537,-0.77958107
2017-01-02,-0.11534196721631887,-0.18944573480940763,-0.37243028735170974,-0.08993461677306268,-0.15582333415782523,-1.4022196639974611,-0.2696893689168709,-5.222215108962813,0.19789343601767775,-0.09290093435240077,-0.08572324847636653,-1.0781221761529232,0.0
2017-01-03,-0.11534196721631887,-0.18944573480940763,-0.37243028735170974,-0.08993461677306268,-0.15582333415782523,-0.9535714523958707,-0.050076616297495075,1.1391517070563448,0.3324902268550244,-0.10087381232113302,-0.08966665487698201,-1.0770939313219707,0.28492212
2017-01-04,-0.11534196721631887,-0.18944573480940763,2.685066263302147,-0.08993461677306268,-0.15582333415782523,0.033303879387228896,0.2309532620544181,-1.550035368589723,0.25403283418219463,-0.10956737726832422,-0.09468837416151411,-1.0762663581137408,-0.1119256
2017-01-05,-0.11534196721631887,-0.18944573480940763,-0.37243028735170974,-0.08993461677306268,-0.15582333415782523,0.21278469741935063,0.2774813876093706,-2.497921152433637,0.5021638575441376,-0.11272177609971727,-0.09938317527641982,-1.075521711156969,0.5085349
2017-01-06,-0.11534196721631887,-0.18944573480940763,-0.37243028735170974,-0.08993461677306268,-0.15582333415782523,0.661432909020941,0.06903538512318337,-3.3381458349026873,0.9589893323431943,-0.10557868985044283,-0.1016049964167652,-1.0748649584500236,1.1148334
2017-01-09,-0.11534196721631887,-0.18944573480940763,-0.37243028735170974,-0.08993461677306268,-0.15582333415782523,1.4240379684819593,-1.4496426329904664,-2.297811931399922,1.2606769833783131,-0.09228424843524057,-0.10052739390438398,-1.0739212917964804,0.9159446
2017-01-10,-0.11534196721631887,-0.18944573480940763,-0.37243028735170974,-0.08993461677306268,-0.15582333415782523,-0.011485574902730533,1.2471275241745807,-1.1673703669638464,1.2918497724142688,-0.08232836682775427,-0.09752722780907136,-1.0732711733909306,0.10085106
2017-01-11,-0.11534196721631887,-0.18944573480940763,-0.37243028735170974,-0.08993461677306268,-0.15582333415782523,-0.011485574902730533,-0.003548490742542546,-0.9064092190660775,1.4546617457948066,-0.07076476788079648,-0.09264374410029068,-1.0725149147892954,0.53731203
2017-01-12,-0.11534196721631887,-0.18944573480940763,-0.37243028735170974,-0.08993461677306268,-0.15582333415782523,0.1678875761719632,-0.2454947436282956,-1.470459771921345,1.1129040332518252,-0.06758084627184031,-0.08805319125600058,-1.0719460613641525,-0.4175365
2017-01-13,-0.11534196721631887,-0.18944573480940763,-0.37243028735170974,-0.08993461677306268,-0.15582333415782523,-0.9984685736432581,0.04670188485680613,-1.8706782139887757,0.9716515629058563,-0.06858002512053826,-0.08459532851044867,-1.0714369109007411,-0.17610192
2017-01-16,-0.11534196721631887,-0.18944573480940763,-0.37243028735170974,-0.08993461677306268,-0.15582333415782523,-1.312533088460114,0.1565082611664941,-1.239924587455603,0.9716515629058563,-0.07109371737995537,-0.08236886849955605,-1.071038883008859,0.0
2017-01-17,-0.11534196721631887,-0.18944573480940763,-0.37243028735170974,-0.08993461677306268,-0.15582333415782523,-0.4152366652569336,1.0759040221323555,-2.765903676508028,1.2742991289527197,-0.06675899874408185,-0.07965679418887145,-1.0705330514932794,0.80645084
2017-01-18,-0.11534196721631887,-0.18944573480940763,-0.37243028735170974,-0.08993461677306268,-0.15582333415782523,-0.5498203620416678,-0.40927374558172835,-2.19951266492722,1.2667407000491202,-0.06519775307095782,-0.07715184805666053,-1.0700471200064718,-0.008332729
2017-01-19,-0.11534196721631887,-0.18944573480940763,-0.37243028735170974,-0.08993461677306268,-0.15582333415782523,0.8408060600956347,-0.6847202488670473,-0.9590695403907393,1.101043544629262,-0.06749541697708156,-0.07564132797798348,-1.0694683219583465,-0.17501116
2017-01-20,-0.11534196721631887,-0.18944573480940763,-0.37243028735170974,-0.08993461677306268,-0.15582333415782523,-0.10127981739750541,0.07089651014538145,-1.6623773874156687,1.1777764471455667,-0.06920405405598817,-0.07479985176930856,-1.0688911765550266,0.18366575
2017-01-23,-0.11534196721631887,-0.18944573480940763,-0.37243028735170974,-0.08993461677306268,-0.15582333415782523,0.25768181866673806,-0.2548003687392861,-2.0239782605116803,1.2064535532651892,-0.07159915289629112,-0.07464103235419538,-1.0683007611112076,0.066673756
2017-01-24,-0.11534196721631887,-0.18944573480940763,-0.37243028735170974,-0.08993461677306268,-0.15582333415782523,0.5716386665261661,-0.012854115853533068,-1.4201399093222236,1.1060761281355873,-0.07608969904155448,-0.07547834799750698,-1.0678513207980644,-0.09160638
2017-01-25,-0.11534196721631887,-0.18944573480940763,-0.37243028735170974,-0.08993461677306268,-0.15582333415782523,0.9306003025904096,-0.12638274220761714,-1.2130093121118868,1.7014398215911823,-0.06532369456947996,-0.07383613778052825,-1.067002196353965,1.5920639
2017-01-26,-0.11534196721631887,-0.18944573480940763,-0.37243028735170974,-0.08993461677306268,-0.15582333415782523,-0.9984685736432581,0.11742463570033394,-1.9830202328147208,1.71622741729721,-0.05815615734882738,-0.0709830988655655,-1.0661381391606086,0.049233437
2017-01-27,-0.11534196721631887,-0.18944573480940763,-0.37243028735170974,-0.08993461677306268,-0.15582333415782523,-0.6396146045364425,0.4449826396071997,-3.119312944064648,1.7188452826201224,-0.05430707131168236,-0.06787405388623936,-1.0651215081310808,0.008201599
2017-01-30,-0.11534196721631887,-0.18944573480940763,-0.37243028735170974,-0.08993461677306268,-0.15582333415782523,0.3024712729566975,-0.3124952444274272,-2.414834867676949,1.419626650259797,-0.0558538238216646,-0.06571899209448144,-1.0641579493561573,-0.2624035
2017-01-31,-0.11534196721631887,-0.18944573480940763,-0.37243028735170974,-0.08993461677306268,-0.15582333415782523,0.7511194845582878,-0.1896609929623526,-2.939097622198027,1.1643446455009916,-0.06127675954532755,-0.06515954997804377,-1.0632955563092663,-0.23020506
2017-02-01,8.669871202426636,-0.18944573480940763,-0.37243028735170974,-0.08993461677306268,-0.15582333415782523,1.7828919375887748,5.185268071145762,-0.60683050219689,2.4299005785657983,-0.005622730583256206,-0.052759966489446426,-1.061184338872537,6.0980678
2017-02-02,8.669871202426636,-0.18944573480940763,-0.37243028735170974,-0.08993461677306268,-0.15582333415782523,0.6165357877735536,-1.617143884988295,-0.4500197675856743,2.312819443409711,0.03369771220270046,-0.03439600352608099,-1.0592074550765502,-0.1708746
2017-02-03,-0.11534196721631887,-0.18944573480940763,-0.37243028735170974,-0.08993461677306268,-0.15582333415782523,-0.2806529684721991,-2.9124869004381737,0.26850106115526806,2.362518559302806,0.0661950293438847,-0.012725843314271575,-1.0573549581417618,0.42791367
2017-02-06,-0.11534196721631887,-0.18944573480940763,-0.37243028735170974,-0.08993461677306268,-0.15582333415782523,0.07820100063461634,-0.27341161896126714,0.18658500576134954,2.4638880249942208,0.09848045778341447,0.011543770352353858,-1.0554809035014194,0.93740225
2017-02-07,-0.11534196721631887,-0.18944573480940763,-0.37243028735170974,-0.08993461677306268,-0.15582333415782523,-0.14606927168746484,0.007618259390646057,0.18424454703580898,2.554990851637957,0.1304824334150684,0.03783207362650328,-1.0534210977670972,0.9517312
2017-02-08,-0.11534196721631887,-0.18944573480940763,-0.37243028735170974,-0.08993461677306268,-0.15582333415782523,-0.19096639293485226,-0.027743116031117853,0.25445830880202486,2.5899053871320326,0.15580932247209334,0.06430181451563259,-1.051382849738329,0.38774014
2017-02-09,-0.11534196721631887,-0.18944573480940763,-0.37243028735170974,-0.08993461677306268,-0.15582333415782523,-0.7741983013211768,0.007618259390646048,0.18541477639857923,2.6521509528994027,0.17932176205898967,0.09052704180961033,-1.0491034442428024,0.71948767
2017-02-10,-0.11534196721631887,-0.18944573480940763,-0.37243028735170974,-0.08993461677306268,-0.15582333415782523,-0.9087819981059112,-0.03332649109771216,0.19126592321243055,2.4788794523086355,0.19067442886907512,0.11394527556129254,-1.0468391785264168,-0.2265513
2017-02-13,-0.11534196721631887,-0.18944573480940763,-0.37243028735170974,-0.08993461677306268,-0.15582333415782523,0.7511194845582878,0.0038960093462498545,0.19828729938905218,2.5678764906213964,0.20468352747528581,0.13568839881906813,-1.0443800380240684,0.8855581
2017-02-14,8.669871202426636,-0.18944573480940763,-0.37243028735170974,-0.08993461677306268,-0.15582333415782523,0.48195209098881925,4.165371558981202,2.472042951251676,2.6788078390902417,0.22530549630372068,0.1575115864254365,-1.041791944501407,1.2979269
2017-02-15,-0.11534196721631887,-0.18944573480940763,-0.37243028735170974,-0.08993461677306268,-0.15582333415782523,-0.19096639293485226,-1.7883673870305206,1.3392609280900603,2.706982139147228,0.24048681143084263,0.1782304131538824,-1.0391205753643586,0.36289692
2017-02-16,-0.11534196721631887,-0.18944573480940763,-0.37243028735170974,-0.08993461677306268,-0.15582333415782523,-0.7741983013211768,-2.3336770185345643,0.10232849164189046,2.6111364097752885,0.24574568294553484,0.19593484810053452,-1.0364418660115173,-0.12175441
2017-02-17,-0.11534196721631887,-0.18944573480940763,-0.37243028735170974,-0.08993461677306268,-0.15582333415782523,-1.2676359672127266,-0.06682674149727796,0.14328651933884973,2.6372175628306165,0.24769419917867164,0.2105168513702512,-1.033737176564761,0.27706623
2017-02-20,-0.11534196721631887,-0.18944573480940763,-0.37243028735170974,-0.08993461677306268,-0.15582333415782523,-1.2676359672127266,-0.01099299083133495,0.03211472987567458,2.6372175628306165,0.24388568996856375,0.22136455425074272,-1.0310457571585034,0.0
2017-02-21,-0.11534196721631887,-0.18944573480940763,-0.37243028735170974,-0.08993461677306268,-0.15582333415782523,-0.7741983013211768,0.03181288467922135,0.20413844620290347,2.706675909075846,0.24381862779922525,0.23002831456014966,-1.0281728609627518,0.7220745
2017-02-22,-0.11534196721631887,-0.18944573480940763,-0.37243028735170974,-0.08993461677306268,-0.15582333415782523,-0.2806529684721991,0.28492588769816296,0.325842299931011,2.733995087615699,0.24190932269384519,0.2365492883154077,-1.025548439446231,0.29993057
2017-02-23,-0.11534196721631887,-0.18944573480940763,-0.37243028735170974,-0.08993461677306268,-0.15582333415782523,-0.8189877556111365,-0.3273842446050119,0.14445674870161998,2.343995398199019,0.23028641818766363,0.23926998026970456,-1.0230305721855641,-0.42302012
2017-02-24,-0.11534196721631887,-0.18944573480940763,-0.37243028735170974,-0.08993461677306268,-0.15582333415782523,-1.3573225427500735,-0.01471524087573115,0.1409460606133092,2.3582428296949893,0.21713245764752573,0.2386216435020034,-1.020492702100037,0.09522438
2017-02-27,-0.11534196721631887,-0.18944573480940763,-0.37243028735170974,-0.08993461677306268,-0.15582333415782523,0.1678875761719632,0.8842081448459512,0.5692500073872261,2.388747747858691,0.20410090330430652,0.23530437120686698,-1.0178567968946228,0.19756556
2017-02-28,-0.11534196721631887,-0.18944573480940763,-0.37243028735170974,-0.08993461677306268,-0.15582333415782523,-0.3704472109669739,-0.20082774309554113,0.4592484472868212,2.395785980066001,0.18955521578883788,0.22952678149255967,-1.0151644616686688,0.043833256
2017-03-01,-0.11534196721631887,-0.18944573480940763,-0.37243028735170974,-0.08993461677306268,-0.15582333415782523,-0.7741983013211768,-0.6102752479791234,0.14211628997607945,2.65596067634983,0.19693997064113258,0.22649062922546542,-1.0132330087117658,2.0439386
2017-03-02,-0.11534196721631887,-0.18944573480940763,-0.37243028735170974,-0.08993461677306268,-0.15582333415782523,-0.9535714523958707,0.022507259568230863,0.2825438135085112,2.136040908859582,0.19101690573638952,0.2227896944139512,-1.0114033152561055,-0.59373975
2017-03-03,-0.11534196721631887,-0.18944573480940763,-0.37243028735170974,-0.08993461677306268,-0.15582333415782523,-1.312533088460114,-1.6934500108984178,-0.7905565121518214,2.2310489693343123,0.1885553797939671,0.21930031940234423,-1.0095282599713227,0.5900979
2017-03-06,-0.11534196721631887,-0.18944573480940763,-0.37243028735170974,-0.08993461677306268,-0.15582333415782523,-1.0433656948906456,1.6305192787473899,0.1409460606133092,1.965484443086795,0.17828061761060582,0.21430225382993728,-1.007927153386635,-0.31478405
2017-03-07,-0.11534196721631887,-0.18944573480940763,-0.37243028735170974,-0.08993461677306268,-0.15582333415782523,-1.312533088460114,0.06159088503439096,0.16318041850594422,1.9913165460377413,0.1671939504224684,0.207922874437591,-1.0065017217227052,0.1291871
2017-03-08,-0.11534196721631887,-0.18944573480940763,-0.37243028735170974,-0.08993461677306268,-0.15582333415782523,-0.8638848768585238,0.002034884324051757,0.18892546448689004,1.665540556804039,0.14973438293390776,0.19906982619657276,-1.0052474872394326,-0.37270784
2017-03-09,-0.11534196721631887,-0.18944573480940763,-0.37243028735170974,-0.08993461677306268,-0.15582333415782523,-1.2676359672127266,-0.09846586687464566,0.12573307889729576,1.4680346562759736,0.12915577283518798,0.18756801014563362,-1.004204796323222,-0.23022294
2017-03-10,-0.11534196721631887,-0.18944573480940763,-0.37243028735170974,-0.08993461677306268,-0.15582333415782523,-1.2227388459653392,0.009479384412844152,0.12924376698560655,1.564561702469752,0.11290162513876921,0.17487588356229317,-1.0030355195721463,0.33169985
2017-03-13,-0.11534196721631887,-0.18944573480940763,-0.37243028735170974,-0.08993461677306268,-0.15582333415782523,-0.9535714523958707,0.015062759479438456,0.17254225340810633,1.5773529723876076,0.0968704217843629,0.16127938716071125,-1.0020511241019951,0.043118
2017-03-14,-0.11534196721631887,-0.18944573480940763,-0.37243028735170974,-0.08993461677306268,-0.15582333415782523,-0.9087819981059112,0.00017375930185365205,0.1374353725249984,1.430857205269108,0.07893548396461697,0.14655055673995568,-1.0013898605876754,-0.1508534
2017-03-15,-0.11534196721631887,-0.18944573480940763,-0.37243028735170974,-0.08993461677306268,-0.15582333415782523,-0.6396146045364425,0.024368384590428952,0.20413844620290347,1.7493375877157782,0.07378464067364601,0.13366131853537624,-1.0005653734186581,1.0576367
2017-03-16,-0.11534196721631887,-0.18944573480940763,-0.37243028735170974,-0.08993461677306268,-0.15582333415782523,-0.8638848768585238,-0.07054899154167416,0.007539913257499034,1.793124141491063,0.06832232568796867,0.12217686372679658,-0.9996750888456918,0.16374588
2017-03-17,-0.11534196721631887,-0.18944573480940763,-0.37243028735170974,-0.08993461677306268,-0.15582333415782523,-0.5050309077517082,0.01506275947943845,0.11754147335790391,1.3179425724401268,0.05488866972020137,0.11010434331195525,-0.998963858525032,-0.4975438
2017-03-20,-0.11534196721631887,-0.18944573480940763,-0.37243028735170974,-0.08993461677306268,-0.15582333415782523,0.3024712729566975,0.059729760012192865,0.05785977585662041,1.636884572250511,0.05353861797342408,0.10015639543327765,-0.9980077830178002,1.0500789
2017-03-21,-0.11534196721631887,-0.18944573480940763,-0.37243028735170974,-0.08993461677306268,-0.15582333415782523,1.3343513929446125,0.03181288467922135,0.09764757419080938,0.7471309015417924,0.035788628407339866,0.0883861225552507,-0.9974847773669251,-1.1452079
2017-03-22,-0.11534196721631887,-0.18944573480940763,-0.37243028735170974,-0.08993461677306268,-0.15582333415782523,0.39226551545147237,-0.029604241053315956,0.14562697806439026,1.1161613385455267,0.03219675181692657,0.07819852764576542,-0.9967668775210351,1.1298656
2017-03-23,-0.11534196721631887,-0.18944573480940763,-0.37243028735170974,-0.08993461677306268,-0.15582333415782523,0.21278469741935063,-0.31063411940522906,-0.008843297821284672,0.8779800394040694,0.022315082904307608,0.06792630524513647,-0.9960356623468591,-0.35355687
2017-03-24,-0.11534196721631887,-0.18944573480940763,-0.37243028735170974,-0.08993461677306268,-0.15582333415782523,0.033303879387228896,0.22909213703221995,0.14211628997607945,0.7444786814005161,0.009460789427018687,0.0569479922563693,-0.9953727454688802,-0.19869208
2017-03-27,-0.11534196721631887,-0.18944573480940763,-0.37243028735170974,-0.08993461677306268,-0.15582333415782523,0.21278469741935063,0.059729760012192865,0.1936063819379711,0.8080506366830423,-0.0012200170497710158,0.04587157590391911,-0.9947148131229067,0.1706481
2017-03-28,-0.11534196721631887,-0.18944573480940763,-0.37243028735170974,-0.08993461677306268,-0.15582333415782523,0.07820100063461634,-0.06868786651947606,0.13626514316222813,1.4268526223632623,0.01237210888785138,0.039929431747282716,-0.9935805014189527,2.07268
2017-03-29,-0.11534196721631887,-0.18944573480940763,-0.37243028735170974,-0.08993461677306268,-0.15582333415782523,0.25768181866673806,0.2551478873429934,0.23222395090938985,1.4809059234828634,0.02304764001218674,0.0374683494704675,-0.9928592833440841,0.22252798
2017-03-30,-0.11534196721631887,-0.18944573480940763,-0.37243028735170974,-0.08993461677306268,-0.15582333415782523,-0.14606927168746484,-0.11335486705223048,0.19828729938905218,1.3840275649008473,0.02704562150087962,0.03635807366964203,-0.9920314570993294,-0.13183355
2017-03-31,-0.11534196721631887,-0.18944573480940763,-0.37243028735170974,-0.08993461677306268,-0.15582333415782523,-0.05638269615011797,-0.12452161718541907,0.0449872528661475,1.2420209740812278,0.025095764711412418,0.0350511098242363,-0.9913851816860064,-0.18758178
2017-04-03,-0.11534196721631887,-0.18944573480940763,2.685066263302147,-0.08993461677306268,6.4175240852384325,0.7062223633109004,-5.964731936843057,-8.96460861110212,1.2508223985326645,0.021104672992392718,0.03314842834581316,-0.9906589668586185,0.02783537
2017-04-04,-0.11534196721631887,-0.18944573480940763,-0.37243028735170974,-0.08993461677306268,-0.15582333415782523,0.4370549697414318,5.2150460715009315,-3.2328251922533635,1.4768376182722518,0.024187823197821555,0.03228840778920439,-0.989784495630771,0.744617
2017-04-05,-0.11534196721631887,-0.18944573480940763,-0.37243028735170974,-0.08993461677306268,-0.15582333415782523,0.1678875761719632,0.6813455174263583,-2.300152390125463,1.0632256013319479,0.01753251807337011,0.030171125455558275,-0.9889483464971269,-0.5180657
2017-04-06,-0.11534196721631887,-0.18944573480940763,-0.37243028735170974,-0.08993461677306268,-0.15582333415782523,-0.23586351418223972,-2.724513273196165,1.046703587397494,0.8724487609490077,0.0065909380474538995,0.026127530974977442,-0.9881188474796614,-0.249964
2017-04-07,-0.11534196721631887,-0.18944573480940763,2.685066263302147,-0.08993461677306268,-0.15582333415782523,-0.6844040588264022,2.6820549162893164,-1.8940828012441808,0.7024636339503412,-0.0072493247402881465,0.01992037761833839,-0.9874192647465533,-0.22275448
2017-04-10,-0.11534196721631887,-0.18944573480940763,-0.37243028735170974,-0.08993461677306268,-0.15582333415782523,-0.19096639293485226,0.00761825939064604,0.9858516605334402,0.6102598004354706,-0.02194706740695862,0.011798228317488167,-0.9867580012322335,-0.11859536
2017-04-11,-0.11534196721631887,-0.18944573480940763,2.685066263302147,-0.08993461677306268,6.4175240852384325,1.3343513929446125,-0.4930243715806429,-3.6166604232420103,-0.13376353806243274,-0.04862332894298153,-0.0004283750630587486,-0.9863182632883544,-1.0756373
2017-04-12,-0.11534196721631887,-0.18944573480940763,-0.37243028735170974,-0.08993461677306268,-0.15582333415782523,-0.3704472109669739,0.29609263783135165,-1.8332308743801269,-0.06927252825235419,-0.0700585666117425,-0.014813001030642996,-0.9860950663829104,0.12003183
2017-04-13,-0.11534196721631887,-0.18944573480940763,-0.37243028735170974,-0.08993461677306268,-0.15582333415782523,0.34736839420408494,0.3705376387192756,-2.5786669784647858,-0.39465338562137553,-0.09484853435796774,-0.031644493067567274,-0.9860350981641403,-0.52891374
2017-04-14,-0.11534196721631887,-0.18944573480940763,-0.37243028735170974,-0.08993461677306268,-0.15582333415782523,0.5268492122362067,-0.08916024176365515,-3.6517673041251184,-0.39465338562137553,-0.11570237735775674,-0.049588172038265384,-0.985858540490959,0.0
2017-04-17,-0.11534196721631887,-0.18944573480940763,-0.37243028735170974,-0.08993461677306268,-0.15582333415782523,-0.4152366652569336,0.06717426010098526,-1.3347131658399942,-0.06139558419173059,-0.12670135782411235,-0.06630521091041161,-0.9857969095634308,0.553
2017-04-18,-0.11534196721631887,-0.18944573480940763,-0.37243028735170974,-0.08993461677306268,-0.15582333415782523,0.5268492122362067,0.033674009701419455,-3.896345240944103,-0.3512305438876189,-0.14166408752957052,-0.08289217614756235,-0.9855703699879805,-0.44419765
2017-04-19,-0.11534196721631887,-0.18944573480940763,-0.37243028735170974,-0.08993461677306268,-0.15582333415782523,0.39226551545147237,-0.03332649109771216,-1.700994956387087,-0.5763877192131001,-0.15864085101464068,-0.09980760806726045,-0.9856936325618906,-0.36827326
2017-04-20,-0.11534196721631887,-0.18944573480940763,-0.37243028735170974,-0.08993461677306268,-0.15582333415782523,0.4370549697414318,-0.025881991008919754,-2.8021807867539064,0.1306978850044093,-0.15790415409063138,-0.11318174360905832,-0.9854404580167457,1.2510777
2017-04-21,-0.11534196721631887,-0.18944573480940763,-0.37243028735170974,-0.08993461677306268,-0.15582333415782523,-0.5050309077517082,0.0057571343684479515,-3.503148175053295,0.05306637249614313,-0.15946328933008128,-0.12421588549812543,-0.9851689462309133,-0.11934638
2017-04-24,-0.11534196721631887,-0.18944573480940763,-0.37243028735170974,-0.08993461677306268,-0.15582333415782523,-0.05638269615011797,-0.00354849074254255,-0.07437614213641949,0.5087186640861049,-0.1499051366580844,-0.13099052955030016,-0.9847092306220556,0.9629488
2017-04-25,-0.11534196721631887,-0.18944573480940763,2.685066263302147,-0.08993461677306268,-0.15582333415782523,0.07820100063461634,-0.020298615942325453,-1.6272705065325608,0.7601414921237871,-0.13576589383330168,-0.13337375929982095,-0.9845876472905403,0.6196022
2017-04-26,-0.11534196721631887,-0.18944573480940763,-0.37243028735170974,-0.08993461677306268,-0.15582333415782523,-1.088155149180605,0.050424134901202365,-2.4358989962068134,0.35736457194391014,-0.1327730516348176,-0.1346376126485347,-0.98466093155645,-0.58811903
2017-04-27,-0.11534196721631887,-0.18944573480940763,-0.37243028735170974,-0.08993461677306268,-0.15582333415782523,-0.5050309077517082,0.08392438530076818,-2.940267851560797,0.3917858206084345,-0.1305060891949767,-0.13516185182072912,-0.9846842547668501,0.076556206
2017-04-28,-0.11534196721631887,-0.18944573480940763,-0.37243028735170974,-0.08993461677306268,-0.15582333415782523,0.34736839420408494,-0.3143563694496253,-2.208874499829382,0.3224904112480643,-0.13092804515117956,-0.13567186067989254,-0.9846859296961222,-0.09736419
2017-05-01,-0.11534196721631887,-0.18944573480940763,-0.37243028735170974,-0.08993461677306268,-0.15582333415782523,0.033303879387228896,0.4021767640966434,-2.4768570239037726,1.1103213897733173,-0.10773655345915496,-0.13109935863116684,-0.9842062292337483,2.0396829
2017-05-02,8.669871202426636,-0.18944573480940763,-0.37243028735170974,-0.08993461677306268,-0.15582333415782523,1.5137245440193063,0.1378970109445131,-5.134447906755043,1.2945401949482096,-0.08306103931820952,-0.12214214531370114,-0.9837498505440669,0.6344557
2017-05-03,-0.11534196721631887,-0.18944573480940763,-0.37243028735170974,-0.08993461677306268,-0.15582333415782523,1.693205362051428,-3.2791285298111994,-10.812400774916368,1.0756020373290962,-0.06906354528873777,-0.11197033055435295,-0.9832434899521164,-0.30506253
2017-05-04,-0.11534196721631887,-0.18944573480940763,-0.37243028735170974,-0.08993461677306268,-0.15582333415782523,0.8857031813430222,3.910397430940062,-4.715505794883289,0.8220243434527771,-0.06426175433861671,-0.10280166592045946,-0.9827654550739158,-0.36039352
2017-05-05,-0.11534196721631887,-0.18944573480940763,-0.37243028735170974,-0.08993461677306268,-0.15582333415782523,-0.5498203620416678,-0.718220499266613,-4.1374124896747775,1.3205576029317383,-0.04192487002015585,-0.09066975703324429,-0.9818293565128088,1.6583681
2017-05-08,-0.11534196721631887,-0.18944573480940763,-0.37243028735170974,-0.08993461677306268,-0.15582333415782523,-0.3704472109669739,-0.4148571206483227,-2.9765449618066757,1.8562347232419023,0.007464033222890739,-0.0703576726960045,-0.9801903569896151,2.718842
2017-05-09,-0.11534196721631887,-0.18944573480940763,-0.37243028735170974,-0.08993461677306268,-0.15582333415782523,-0.14606927168746484,1.985994157987227,-4.207626251440994,1.9533369116880115,0.051770806194921686,-0.04459286534186167,-0.9781316187531339,0.6404877
2017-05-10,-0.11534196721631887,-0.18944573480940763,-0.37243028735170974,-0.08993461677306268,-0.15582333415782523,-0.3255500897195866,-0.08543799171925884,-4.1011353794289,1.660286500597293,0.07726722484855696,-0.01850551371154888,-0.9762227715905737,-0.47406554
2017-05-11,-0.11534196721631887,-0.18944573480940763,-0.37243028735170974,-0.08993461677306268,-0.15582333415782523,-0.7293011800737895,-1.2598078807262603,-4.002836112956198,1.8096419573345692,0.1049518992236715,0.00830981411615297,-0.9739682413107252,0.8612871
2017-05-12,-0.11534196721631887,-0.18944573480940763,-0.37243028735170974,-0.08993461677306268,-0.15582333415782523,-0.19096639293485226,-0.4036903705151341,-1.2668398627993191,2.017769706757407,0.14101691821126822,0.03750725115814736,-0.9713541195309471,1.3965607
2017-05-15,-0.11534196721631887,-0.18944573480940763,2.685066263302147,-0.08993461677306268,-0.15582333415782523,-0.2806529684721991,-0.031465366075514055,-3.5288932210342403,1.8602271773821824,0.16178920473356662,0.06532617140005724,-0.9689368177554195,-0.2562523
2017-05-16,-0.11534196721631887,-0.18944573480940763,-0.37243028735170974,-0.08993461677306268,-0.15582333415782523,-0.4601337865043209,0.08764663534516436,-0.8420466041137131,1.7666690635056586,0.17177358750688781,0.08972551247185573,-0.9664530442911111,-0.14771819
2017-05-17,-0.11534196721631887,-0.18944573480940763,2.685066263302147,-0.08993461677306268,-0.15582333415782523,0.48195209098881925,-0.012854115853533035,-2.2404706926241795,0.1361430248895267,0.13122130443522054,0.10053614421598911,-0.9647557198488539,-3.3575594
2017-05-18,-0.11534196721631887,-0.18944573480940763,-0.37243028735170974,-0.08993461677306268,-0.15582333415782523,-0.7293011800737895,-0.1561607425627868,-3.099419044897554,0.5123277946205087,0.11470238844279326,0.10563711532110931,-0.9629685429991148,1.5241265
2017-05-19,-0.11534196721631887,-0.18944573480940763,-0.37243028735170974,-0.08993461677306268,-0.15582333415782523,-1.0433656948906456,0.08578551032296626,-2.121107297621612,0.5914899059149215,0.10231465077778017,0.10705755273955198,-0.961066082852255,0.3409028
2017-05-22,-0.11534196721631887,-0.18944573480940763,-0.37243028735170974,-0.08993461677306268,-0.15582333415782523,-0.5498203620416678,-1.0253061279292996,-2.1901508300250576,0.7323264365284262,0.09675276623014413,0.10699945528079419,-0.9592362614406245,0.60760975
2017-05-23,-0.11534196721631887,-0.18944573480940763,2.685066263302147,-0.08993461677306268,6.4175240852384325,0.8408060600956347,0.7650961434252728,-5.941906167066528,0.6790955705251317,0.0871823128331569,0.10489766620172661,-0.9575864546699303,-0.123387575
2017-05-24,-0.11534196721631887,-0.18944573480940763,-0.37243028735170974,-0.08993461677306268,-0.15582333415782523,-0.9087819981059112,0.48592739009555785,-5.390728137201731,0.5456061509484897,0.07230923273280779,0.10002215357860204,-0.9558720049744335,-0.2990961
2017-05-25,-0.11534196721631887,-0.18944573480940763,-0.37243028735170974,-0.08993461677306268,-0.15582333415782523,-1.088155149180605,-0.22874461842851268,-0.9426863293119558,0.6403233559427935,0.06177718891021697,0.09385992517292559,-0.9540872477864666,0.3456354
2017-05-26,-0.11534196721631887,-0.18944573480940763,-0.37243028735170974,-0.08993461677306268,-0.15582333415782523,-0.9984685736432581,-0.00913186580913685,-0.8315145398487805,0.557858262425456,0.048122618654528444,0.08599774323877393,-0.9523226472580659,-0.16897321
2017-05-29,-0.11534196721631887,-0.18944573480940763,-0.37243028735170974,-0.08993461677306268,-0.15582333415782523,-1.4022196639974611,0.2905092627647573,-1.3113085785845893,0.557858262425455,0.0343637890389214,0.07675320817157277,-0.9510460830202964,0.0
2017-05-30,-0.11534196721631887,-0.18944573480940763,-0.37243028735170974,-0.08993461677306268,-0.15582333415782523,-0.7741983013211768,-0.15616074256278675,-0.7250236678366866,0.5709069553216238,0.021184794036152414,0.06652731348869698,-0.9499143929760226,0.039052963
2017-05-31,-0.11534196721631887,-0.18944573480940763,-0.37243028735170974,-0.08993461677306268,-0.15582333415782523,-0.4152366652569336,-0.13382724229640958,-0.6618312822470922,0.24192432900182387,0.0004519863651336294,0.05389410544940942,-0.9488599423310732,-0.5921781
2017-06-01,-0.11534196721631887,-0.18944573480940763,-0.37243028735170974,-0.08993461677306268,-0.15582333415782523,-0.14606927168746484,0.005757134368447953,0.18424454703580898,0.34773989066582356,-0.0147766572613744,0.0405170983012378,-0.9476469628653643,0.2749443
2017-06-02,-0.11534196721631887,-0.18944573480940763,-0.37243028735170974,-0.08993461677306268,-0.15582333415782523,-0.6844040588264022,0.016923884501636555,0.16435064786871448,0.8458286699734247,-0.009959344837432976,0.030850038736837268,-0.9464590843354161,1.4819145
2017-06-05,-0.11534196721631887,-0.18944573480940763,-0.37243028735170974,-0.08993461677306268,-0.15582333415782523,1.4240379684819593,-0.10218811691904187,0.1374353725249984,0.3202619584099731,-0.021368629048360076,0.020666180249248524,-0.9462000087197154,-0.97780824
2017-06-06,-0.11534196721631887,-0.18944573480940763,-0.37243028735170974,-0.08993461677306268,-0.15582333415782523,2.9044586331140363,0.09323001041175867,0.1807338589474982,0.43525168439580514,-0.02820304163070567,0.011051363191630461,-0.9460172106770014,0.33781528
2017-06-07,-0.11534196721631887,-0.18944573480940763,-0.37243028735170974,-0.08993461677306268,-0.15582333415782523,2.9044586331140363,-0.012854115853533049,0.1702017946825658,0.6321553960870177,-0.028010914533674866,0.0034007699687443574,-0.9455589557789941,0.595665
2017-06-08,-0.11534196721631887,-0.18944573480940763,-0.37243028735170974,-0.08993461677306268,-0.15582333415782523,2.9044586331140363,0.007618259390646054,0.16552087723148476,0.4950841697930789,-0.033248709765577165,-0.0038445519178665166,-0.945385001075295,-0.24456978
2017-06-09,-0.11534196721631887,-0.18944573480940763,-0.37243028735170974,-0.08993461677306268,-0.15582333415782523,2.9044586331140363,-0.051937741319693156,0.1409460606133092,-1.0284224443321623,-0.09003538680789448,-0.021836082054349285,-0.9465758355319244,-3.8776755
2017-06-12,-0.11534196721631887,-0.18944573480940763,-0.37243028735170974,-0.08993461677306268,-0.15582333415782523,2.9044586331140363,-0.33296761967160626,0.08477505120033652,-1.5681045385795043,-0.1659553542516315,-0.05253356534979003,-0.9482951899666586,-2.38958
2017-06-13,-0.11534196721631887,5.278556421478968,-0.37243028735170974,-0.08993461677306268,-0.15582333415782523,2.9044586331140363,-0.6642478736228681,0.19243615257520086,-1.2812121376891497,-0.2162172447960336,-0.08788558836707748,-0.9497803979154033,0.80456734
2017-06-14,-0.11534196721631887,-0.18944573480940763,-0.37243028735170974,-0.08993461677306268,-0.15582333415782523,2.9044586331140363,1.0219313964886108,0.17371248277087661,-1.4835089586894648,-0.26767203960179076,-0.1272174263626048,-0.9506317098315091,-0.9755075
2017-06-15,-0.11534196721631887,-0.18944573480940763,-0.37243028735170974,-0.08993461677306268,-0.15582333415782523,2.9044586331140363,0.048563009879004256,0.17371248277087661,-1.601242695974656,-0.31476532594531625,-0.16879645676610067,-0.9520115424445739,-0.59934855
2017-06-16,-0.11534196721631887,-0.18944573480940763,-0.37243028735170974,-0.08993461677306268,-0.15582333415782523,2.9044586331140363,-0.05565999136408936,0.19945752875182243,-1.8545621036661069,-0.3675764265313808,-0.21340117530785446,-0.9538161931916287,-1.3999522
2017-06-19,-0.11534196721631887,-0.18944573480940763,-0.37243028735170974,-0.08993461677306268,-0.15582333415782523,2.9044586331140363,0.10625788556714535,0.23807509772324115,-0.9209023450381355,-0.3730445545394918,-0.2502592627669041,-0.9550956781322452,2.8607488
2017-06-20,-0.11534196721631887,-0.18944573480940763,-0.37243028735170974,-0.08993461677306268,-0.15582333415782523,2.9044586331140363,-0.020298615942325442,0.16903156531979555,-1.1106506860385912,-0.3867763263746618,-0.2826947114366576,-0.9565658361585689,-0.90884566
2017-06-21,-0.11534196721631887,-0.18944573480940763,-0.37243028735170974,-0.08993461677306268,-0.15582333415782523,2.9044586331140363,-0.016576365897929254,0.2532880794392546,-0.9330761048652974,-0.38840595310353715,-0.30899304228971813,-0.9578152162223678,0.5930662
2017-06-22,-0.11534196721631887,-0.18944573480940763,-0.37243028735170974,-0.08993461677306268,-0.15582333415782523,2.9044586331140363,-0.010992990831334946,0.16903156531979555,-0.9706325609334737,-0.3897873425117401,-0.33032836846593217,-0.9591933659987691,-0.16452074
2017-06-23,-0.11534196721631887,-0.18944573480940763,-0.37243028735170974,-0.08993461677306268,-0.15582333415782523,2.9044586331140363,0.02064613454603275,0.20881936365398454,-0.8264944688293836,-0.3834729262794515,-0.34604057141152256,-0.9604193200560793,0.4463315
2017-06-26,-0.11534196721631887,-0.18944573480940763,-0.37243028735170974,-0.08993461677306268,-0.15582333415782523,2.9044586331140363,0.06903538512318337,0.23222395090938985,-0.9078552060499766,-0.38053671403466727,-0.3579797649324603,-0.9617222036867411,-0.31446218
2017-06-27,-0.11534196721631887,-0.18944573480940763,-0.37243028735170974,-0.08993461677306268,-0.15582333415782523,2.9044586331140363,0.01134050943504225,0.2696712905180383,-1.2546230015751403,-0.3939910942280575,-0.3704205269664359,-0.9633846903189931,-1.4332831
2017-06-28,-0.11534196721631887,-0.18944573480940763,-0.37243028735170974,-0.08993461677306268,-0.15582333415782523,2.9044586331140363,-0.16732749269597536,0.1573292716920929,-0.7711771472734715,-0.38489202654263965,-0.3784190583334239,-0.9645437521580703,1.4610767
2017-06-29,-0.11534196721631887,-0.18944573480940763,-0.37243028735170974,-0.08993461677306268,-0.15582333415782523,2.9044586331140363,0.042979634812409954,0.13860560188776866,-1.1178596172154012,-0.39397304906769903,-0.3867680863829693,-0.9661326633886377,-1.4743268
2017-06-30,-0.11534196721631887,-0.18944573480940763,-0.37243028735170974,-0.08993461677306268,-0.15582333415782523,2.9044586331140363,0.15464713614429598,0.27435220796911935,-1.04016152745306,-0.3962506767905404,-0.3939364427615858,-0.9680443701514746,0.23664236
2017-07-03,-0.11534196721631887,-0.18944573480940763,-0.37243028735170974,-0.08993461677306268,-0.15582333415782523,2.9044586331140363,-0.1896609929623526,0.06839184012155279,-1.125676266674216,-0.4004049056939562,-0.4005632729356754,-0.9697888089883331,-0.3610611
2017-07-04,-0.11534196721631887,-0.18944573480940763,-0.37243028735170974,-0.08993461677306268,-0.15582333415782523,2.9044586331140363,-0.2864394941166538,-0.008843297821284693,-1.125676266674217,-0.4016090231464029,-0.40612332837439585,-0.9716202140348075,0.0
2017-07-05,-0.11534196721631887,-0.18944573480940763,-0.37243028735170974,-0.08993461677306268,-0.15582333415782523,2.9044586331140363,0.2812036376537668,0.24041555644878168,-0.9673872878432698,-0.3955259390387038,-0.409264994663274,-0.9735068126733459,0.41115284
2017-07-06,-0.11534196721631887,-0.18944573480940763,-0.37243028735170974,-0.08993461677306268,-0.15582333415782523,2.9044586331140363,0.08764663534516436,0.22052165728168718,-1.2212666548279305,-0.4002039241553169,-0.41278295249044505,-0.9755573430375405,-0.94385743
2017-07-07,-0.11534196721631887,-0.18944573480940763,-0.37243028735170974,-0.08993461677306268,-0.15582333415782523,2.9044586331140363,0.7297347680035089,1.1473433125957366,-0.8329746301923141,-0.3896246071425644,-0.4133253482495959,-0.9763601517335714,1.0159016
2017-07-10,-0.11534196721631887,-0.18944573480940763,-0.37243028735170974,-0.08993461677306268,-0.15582333415782523,2.9044586331140363,-1.0420562531290827,0.01456128943412062,-0.6126377217869656,-0.37200689037379986,-0.40997575664241637,-0.9764203607683528,0.61035156
2017-07-11,-0.11534196721631887,-0.18944573480940763,-0.37243028735170974,-0.08993461677306268,-0.15582333415782523,2.9044586331140363,0.30167601289794593,0.21115982237952505,-0.4959963562796499,-0.3525238590320855,-0.4031119878752747,-0.9765976502346667,0.32399893
2017-07-12,-0.11534196721631887,-0.18944573480940763,-0.37243028735170974,-0.08993461677306268,-0.15582333415782523,2.9044586331140363,-0.025881991008919754,0.18658500576134954,-0.44225858437984483,-0.33398830993473705,-0.3936403547604448,-0.9765006495453473,0.14430285
2017-07-13,-0.11534196721631887,-0.18944573480940763,-0.37243028735170974,-0.08993461677306268,-0.15582333415782523,2.9044586331140363,0.14348038601110738,0.21935142791891693,0.040214037978956306,-0.30109796545539097,-0.3789996534967923,-0.9759186008404973,1.392889
2017-07-14,-0.11534196721631887,-0.18944573480940763,-0.37243028735170974,-0.08993461677306268,-0.15582333415782523,2.9044586331140363,-0.141271742385202,0.13509491379945787,0.30225509057515254,-0.2637289335624547,-0.3592618732709995,-0.9747863098344763,0.8594394
2017-07-17,-0.11534196721631887,-0.18944573480940763,-0.37243028735170974,-0.08993461677306268,-0.15582333415782523,2.9044586331140363,0.11556351067813589,0.22169188664445746,0.4052473227259036,-0.2295845228779076,-0.33613893623092767,-0.9742477568143753,0.34890175
2017-07-18,-0.11534196721631887,-0.18944573480940763,-0.37243028735170974,-0.08993461677306268,-0.15582333415782523,2.9044586331140363,-0.08171574167486277,0.1245628495345255,0.5087673433997464,-0.19835556261468773,-0.31093398385136356,-0.9733997839740072,0.3476858
2017-07-19,-0.11534196721631887,-0.18944573480940763,-0.37243028735170974,-0.08993461677306268,-0.15582333415782523,2.9044586331140363,-0.13941061736300386,0.2076491342912143,0.6910499406540753,-0.16623433111547417,-0.2838717987084442,-0.9725384390159055,0.6263375
2017-07-20,-0.11534196721631887,-0.18944573480940763,-0.37243028735170974,-0.08993461677306268,-0.15582333415782523,2.9044586331140363,-0.2957451192276443,0.6628683564088473,0.4646059030948696,-0.14740501281603846,-0.25817834383037763,-0.9717506780857336,-0.45027733
2017-07-21,-0.11534196721631887,-0.18944573480940763,-0.37243028735170974,-0.08993461677306268,-0.15582333415782523,-0.19096639293485226,0.56223351600568,0.44871638302188877,0.4407888627067532,-0.13407429213179253,-0.23476072931702835,-0.9710833452890774,-0.046557188
2017-07-24,-0.11534196721631887,-0.18944573480940763,-0.37243028735170974,-0.08993461677306268,-0.15582333415782523,-0.23586351418223972,-0.42788499580370937,0.056689546493850156,0.8145659336280962,-0.10930652325760343,-0.2107076137817234,-0.9700346778226658,1.2111425
2017-07-25,-0.11534196721631887,-0.18944573480940763,-0.37243028735170974,-0.08993461677306268,-0.15582333415782523,0.1678875761719632,0.20489751174364468,0.10232849164189046,0.9343368440948585,-0.08570141811437429,-0.18639578629799208,-0.9685277324549265,0.42738914
2017-07-26,-0.11534196721631887,-0.18944573480940763,-0.37243028735170974,-0.08993461677306268,-0.15582333415782523,0.7511194845582878,-0.34413436980479495,-0.10948302301952742,1.0634605766736276,-0.06268710259380347,-0.16200386479902545,-0.9672515909031704,0.4713893
2017-07-27,-0.11534196721631887,-0.18944573480940763,-0.37243028735170974,-0.08993461677306268,-0.15582333415782523,0.661432909020941,0.8953748949791399,0.5318026677785775,0.09915214697629456,-0.07084549512911631,-0.14424239034326047,-0.9661008821448405,-1.8897474
2017-07-28,-0.11534196721631887,-0.18944573480940763,-0.37243028735170974,-0.08993461677306268,-0.15582333415782523,-0.011485574902730533,-0.35902336998237966,0.2661606024297275,-0.1891507018401843,-0.08785842746453228,-0.13368683798180026,-0.9651843400004058,-0.70403814
2017-07-31,-0.11534196721631887,-0.18944573480940763,-0.37243028735170974,-0.08993461677306268,-0.15582333415782523,1.2445571504498376,-0.18035536785136208,0.1374353725249984,-0.388730863813837,-0.10917461388920016,-0.1298201724014518,-0.9643096121417644,-0.51505566
2017-08-01,-0.11534196721631887,-0.18944573480940763,-0.37243028735170974,-0.08993461677306268,-0.15582333415782523,1.9623727556208965,-0.04263211620870266,0.3574384927258082,-0.06593834755876564,-0.11604160788639509,-0.1282015672550383,-0.963214117103404,0.8875251
2017-08-02,-0.11534196721631887,-0.18944573480940763,2.685066263302147,-0.08993461677306268,-0.15582333415782523,2.2764372704377527,6.056274581534471,-0.4394877033207424,1.0781664409292593,-0.06297853728839636,-0.11551107687807284,-0.9610314657303554,4.7250867
2017-08-03,-0.11534196721631887,-0.18944573480940763,-0.37243028735170974,-0.08993461677306268,-0.15582333415782523,1.065183999375144,-0.34227324478259624,-0.8947069254383752,0.6969288351666725,-0.03640526772195097,-0.099651918767379,-0.9588839461785017,-0.999105
2017-08-04,-0.11534196721631887,-0.18944573480940763,-0.37243028735170974,-0.08993461677306268,-0.15582333415782523,0.39226551545147237,-5.361727429650873,-0.08373797703858156,0.8034901499964768,-0.010786583130675901,-0.08146282920316666,-0.9568418069943043,0.5270839
2017-08-07,-0.11534196721631887,-0.18944573480940763,-0.37243028735170974,-0.08993461677306268,-0.15582333415782523,-1.312533088460114,-0.2454947436282956,0.08009413374925542,1.0925921403186778,0.027250357282731678,-0.058742901056891006,-0.9545420823782609,1.5474081
2017-08-08,-0.11534196721631887,-0.18944573480940763,-0.37243028735170974,-0.08993461677306268,-0.15582333415782523,0.1678875761719632,0.07647988521197575,0.1994575287518224,1.2291747604297498,0.06490968892995046,-0.032479395746690926,-0.9521085632617985,0.7997036
2017-08-09,-0.11534196721631887,-0.18944573480940763,-0.37243028735170974,-0.08993461677306268,-0.15582333415782523,-0.05638269615011797,0.048563009879004276,0.4768018877283752,1.3309593528496941,0.09940602837128344,-0.004060299870306435,-0.949546242803168,0.6121874
2017-08-10,-0.11534196721631887,-0.18944573480940763,-0.37243028735170974,-0.08993461677306268,-0.15582333415782523,-0.19096639293485226,-0.07241011656387228,0.04966817031722855,0.18591174572274072,0.07963973121117467,0.01443004835016431,-0.9481814730518917,-3.1727195
2017-08-11,-0.11534196721631887,-0.18944573480940763,-0.37243028735170974,-0.08993461677306268,-0.15582333415782523,-0.6844040588264022,-0.15802186758498488,0.6102080350841853,0.4651970283122632,0.0789716396484746,0.029078850337111616,-0.9466664297964912,1.3906717
2017-08-14,-0.11534196721631887,-0.18944573480940763,-0.37243028735170974,-0.08993461677306268,-0.15582333415782523,-0.14606927168746484,0.18442513649946557,0.24041555644878168,0.7384656820357115,0.09504797782903437,0.04425038003075057,-0.9448404082458616,1.5049577
2017-08-15,-0.11534196721631887,-0.18944573480940763,-0.37243028735170974,-0.08993461677306268,-0.15582333415782523,-0.2806529684721991,-0.04077099118650455,0.06605138139601226,0.9219384254328448,0.11882471480056117,0.06149379778494739,-0.9428075149587876,1.0947704
2017-08-16,-0.11534196721631887,-0.18944573480940763,-0.37243028735170974,-0.08993461677306268,-0.15582333415782523,0.3024712729566975,0.024368384590428952,0.1877552351241198,0.7859249413518274,0.12809759185949404,0.07727993683292834,-0.9410409893400048,-0.40223598
2017-08-17,-0.11534196721631887,-0.18944573480940763,-0.37243028735170974,-0.08993461677306268,-0.15582333415782523,0.25768181866673806,-0.07985461665266466,0.1608399597804037,0.1902395259830289,0.10529949222625266,0.0850128221918251,-0.9396795708849799,-1.9198477
2017-08-18,-0.11534196721631887,-0.18944573480940763,-0.37243028735170974,-0.08993461677306268,-0.15582333415782523,-0.4601337865043209,-0.10218811691904188,0.11169032654405257,0.12550635397776636,0.08068535912455238,0.08591310073936846,-0.938366890715211,-0.22805333
2017-08-21,-0.11534196721631887,-0.18944573480940763,-0.37243028735170974,-0.08993461677306268,-0.15582333415782523,-0.4601337865043209,0.12114688574473018,0.19477661130074136,0.0709049233634568,0.055520466058391685,0.08122901489867346,-0.937407303607338,-0.18412471
2017-08-22,-0.11534196721631887,-0.18944573480940763,-0.37243028735170974,-0.08993461677306268,-0.15582333415782523,-0.10127981739750541,-0.010992990831334946,0.15615904232932262,0.4329288725079754,0.054360105119984035,0.07723255189521333,-0.9361248979638752,1.6347528
2017-08-23,-0.11534196721631887,-0.18944573480940763,-0.37243028735170974,-0.08993461677306268,-0.15582333415782523,0.12309812188200377,-0.018437490920127354,0.1409460606133092,0.4597170417189967,0.05200740761361526,0.0735301258762713,-0.9349293463888412,0.12516975
2017-08-24,-0.11534196721631887,-0.18944573480940763,-0.37243028735170974,-0.08993461677306268,-0.15582333415782523,0.34736839420408494,0.011340509435042256,0.13158422571114708,0.3060062691004572,0.04106382295768585,0.06821798594137723,-0.933367976602566,-0.4437983
2017-08-25,-0.11534196721631887,-0.18944573480940763,-0.37243028735170974,-0.08993461677306268,-0.15582333415782523,-0.23586351418223972,-0.00913186580913685,0.16903156531979555,0.39573655507789945,0.03449152025858256,0.06255683336374743,-0.9315302377355698,0.37044287
2017-08-28,-0.11534196721631887,-0.18944573480940763,-0.37243028735170974,-0.08993461677306268,-0.15582333415782523,0.39226551545147237,-0.0016873657203444472,0.1702017946825658,0.6316628532542788,0.040031852218387,0.059217730150255186,-0.9292933819132373,1.0071278
2017-08-29,-0.11534196721631887,-0.18944573480940763,-0.37243028735170974,-0.08993461677306268,-0.15582333415782523,0.7511194845582878,0.2886481377425592,0.33052321738209206,0.826314189673851,0.053562517790774866,0.05945223753015169,-0.9270355154330666,0.8918047
2017-08-30,-0.11534196721631887,-0.18944573480940763,-0.37243028735170974,-0.08993461677306268,-0.15582333415782523,0.661432909020941,-0.04449324123090078,0.27903312542020037,0.8845216295817203,0.06475629007763746,0.062043771817891925,-0.9258895928031028,0.2700925
2017-08-31,-0.11534196721631887,-0.18944573480940763,-0.37243028735170974,-0.08993461677306268,-0.15582333415782523,0.7062223633109004,-0.19152211798455068,0.1479674367899308,0.9718719810513082,0.07576413188813945,0.06648099796940496,-0.9243719357954138,0.3979206
2017-09-01,-0.11534196721631887,-0.18944573480940763,-0.37243028735170974,-0.08993461677306268,-0.15582333415782523,0.3024712729566975,-0.027743116031117853,0.17371248277087661,0.9788413136224273,0.08143514845971592,0.07124866302763178,-0.9229830219027377,0.030493736
2017-09-04,-0.11534196721631887,-0.18944573480940763,-0.37243028735170974,-0.08993461677306268,-0.15582333415782523,-0.3255500897195866,-0.02402086598672165,0.1608399597804037,0.9788413136224273,0.0824378181554391,0.07527812428400758,-0.9219988715617203,0.0
2017-09-05,-0.11534196721631887,-0.18944573480940763,-0.37243028735170974,-0.08993461677306268,-0.15582333415782523,1.1099734536651034,-0.003548490742542549,0.16201018914317394,0.38491646694133896,0.06313733849466029,0.07435680185403779,-0.9215579000647806,-1.2008548000000001
2017-09-06,-0.11534196721631887,-0.18944573480940763,-0.37243028735170974,-0.08993461677306268,-0.15582333415782523,0.7960166058056753,-0.14313286740740008,0.048497940954458287,0.3366413480866853,0.043348567529470576,0.06936998904770657,-0.9213093930371308,-0.10488629
2017-09-07,-0.11534196721631887,-0.18944573480940763,-0.37243028735170974,-0.08993461677306268,-0.15582333415782523,0.7062223633109004,0.08020213525637196,0.11169032654405257,0.1482406372389328,0.019349629556402025,0.06022662583241109,-0.9203120093171565,-0.40146112
2017-09-08,-0.11534196721631887,-0.18944573480940763,-0.37243028735170974,-0.08993461677306268,-0.15582333415782523,0.12309812188200377,-0.03890986616430645,0.13158422571114708,-0.5164224038125443,-0.024393409918474555,0.04351786045737017,-0.9201189079434311,-1.6309023
2017-09-11,-0.11534196721631887,-0.18944573480940763,-0.37243028735170974,-0.08993461677306268,-0.15582333415782523,1.6483082408040406,-0.32366199456061573,-0.10129141748013554,0.08635622266640142,-0.0366653296446569,0.027515381274703897,-0.919841850919657,1.8092394
2017-09-12,-0.11534196721631887,-0.18944573480940763,-0.37243028735170974,-0.08993461677306268,-0.15582333415782523,2.635291239544568,0.43753813951840725,0.15615904232932262,-0.0644953175423706,-0.0537791452830994,0.011038105443208244,-0.9199661091060315,-0.39628148
2017-09-13,-0.11534196721631887,-0.18944573480940763,-0.37243028735170974,-0.08993461677306268,-0.15582333415782523,2.4558104215124468,-0.027743116031117853,0.166691106594255,-0.34061517481999165,-0.0793038459458937,-0.007625294696665639,-0.9201843818631862,-0.7522106
2017-09-14,-0.11534196721631887,-0.18944573480940763,-0.37243028735170974,-0.08993461677306268,-0.15582333415782523,1.5137245440193063,-0.04077099118650456,0.16435064786871448,-0.6305957028356285,-0.11247896031198718,-0.029680565587110217,-0.9201138687785396,-0.8581221
2017-09-15,-0.11534196721631887,-0.18944573480940763,-0.37243028735170974,-0.08993461677306268,-0.15582333415782523,0.8408060600956347,0.016923884501636555,0.13275445507391734,-0.278041791171206,-0.126190891878423,-0.050269500187668785,-0.9197142414370307,1.0108709
2017-09-18,-0.11534196721631887,-0.18944573480940763,-0.37243028735170974,-0.08993461677306268,-0.15582333415782523,0.5268492122362067,0.026229509612627055,0.14328651933884973,-0.5352047300705952,-0.1482249490640015,-0.07147259114173019,-0.9194690907376089,-0.756824
2017-09-19,-0.11534196721631887,-0.18944573480940763,-0.37243028735170974,-0.08993461677306268,-0.15582333415782523,1.065183999375144,0.044840759834608064,0.15264835424101184,-0.5212849782475469,-0.16580486593995314,-0.09221045437034983,-0.9196453989685338,0.037813187
2017-09-20,-0.11534196721631887,-0.18944573480940763,-0.37243028735170974,-0.08993461677306268,-0.15582333415782523,1.4240379684819593,0.016923884501636555,0.17254225340810633,-1.0450300019008627,-0.20266171139625586,-0.11671596912075616,-0.9203019166102981,-1.6757965
2017-09-21,-0.11534196721631887,-0.18944573480940763,-0.37243028735170974,-0.08993461677306268,-0.15582333415782523,1.3343513929446125,-0.2231612433619184,0.11871170272067416,-1.4652550228259034,-0.25437065131191205,-0.14742517965872703,-0.9212892162496593,-1.717186
2017-09-22,-0.11534196721631887,-0.18944573480940763,-0.37243028735170974,-0.08993461677306268,-0.15582333415782523,1.1548705749124908,0.12114688574473016,0.18424454703580898,-1.667672294344848,-0.3071632168801469,-0.1833300618040525,-0.9226274610158669,-0.97789764
2017-09-25,-0.11534196721631887,-0.18944573480940763,-0.37243028735170974,-0.08993461677306268,-0.15582333415782523,1.065183999375144,-0.05193774131969315,0.27201174924357885,-1.835486110560917,-0.3588512219799347,-0.22315427038321817,-0.9244610391572726,-0.8822143
2017-09-26,-0.11534196721631887,-0.18944573480940763,-0.37243028735170974,-0.08993461677306268,-0.15582333415782523,0.8857031813430222,-0.09846586687464569,0.1479674367899308,-1.1884824426751384,-0.37590065025153846,-0.2586751021664835,-0.9261015051421465,1.720357
2017-09-27,-0.11534196721631887,-0.18944573480940763,-0.37243028735170974,-0.08993461677306268,-0.15582333415782523,0.6165357877735536,0.2625923874317858,0.22754303345830879,-0.9451372459659888,-0.37828375329468544,-0.28760355297698453,-0.9276328455312494,0.7117629
2017-09-28,-0.11534196721631887,-0.18944573480940763,-0.37243028735170974,-0.08993461677306268,-0.15582333415782523,1.3791408472345719,-0.07427124158607036,0.13158422571114708,-1.096883307727732,-0.3863741148065635,-0.31248376630669633,-0.9294328366682005,-0.61596036
2017-09-29,-0.11534196721631887,-0.18944573480940763,-0.37243028735170974,-0.08993461677306268,-0.15582333415782523,0.8408060600956347,-0.009131865809136847,0.13860560188776866,-0.902598060322155,-0.38372882259604063,-0.3318198449220108,-0.9311001777199266,0.548017
2017-10-02,-0.11534196721631887,-0.18944573480940763,-0.37243028735170974,-0.08993461677306268,-0.15582333415782523,0.975389756880369,-0.06310449145288176,0.08711550992587704,-0.9573292846017817,-0.3824130747699449,-0.3470061432360266,-0.932819565940788,-0.20114183
2017-10-03,-0.11534196721631887,-0.18944573480940763,-0.37243028735170974,-0.08993461677306268,-0.15582333415782523,0.7511194845582878,0.06159088503439096,0.1210521614462147,-0.7926141119210076,-0.37387955071659057,-0.35732255744570296,-0.9340956830515159,0.43560266
2017-10-04,-0.11534196721631887,-0.18944573480940763,-0.37243028735170974,-0.08993461677306268,-0.15582333415782523,1.4240379684819593,0.0076182593906460525,0.16201018914317394,-0.9846689715035597,-0.37388960002513255,-0.36557784696151274,-0.935511172967878,-0.6473303
2017-10-05,-0.11534196721631887,-0.18944573480940763,-0.37243028735170974,-0.08993461677306268,-0.15582333415782523,1.1099734536651034,0.005757134368447953,0.16201018914317394,-0.5224882165785659,-0.356020462915525,-0.3683445763638801,-0.9364967983968208,1.2444615
2017-10-06,-0.11534196721631887,-0.18944573480940763,-0.37243028735170974,-0.08993461677306268,-0.15582333415782523,0.6165357877735536,-0.02402086598672165,0.12573307889729576,-0.5417723147995125,-0.34123595080008,-0.36738289902117116,-0.9370559372321855,-0.057917833
2017-10-09,-0.11534196721631887,-0.18944573480940763,-0.37243028735170974,-0.08993461677306268,-0.15582333415782523,0.6165357877735536,0.026229509612627055,0.14679720742716051,-0.4107774189187657,-0.3237167390160925,-0.36285120345689337,-0.9380063122290621,0.34770966
2017-10-10,-0.11534196721631887,-0.18944573480940763,-0.37243028735170974,-0.08993461677306268,-0.15582333415782523,0.7511194845582878,-0.0016873657203444472,0.1608399597804037,-0.39568542946016727,-0.3083076126094865,-0.3559166465510157,-0.9388391431337276,0.0385046
2017-10-11,-0.11534196721631887,-0.18944573480940763,-0.37243028735170974,-0.08993461677306268,-0.15582333415782523,0.7960166058056753,-0.051937741319693156,0.27435220796911935,-0.2280361408691853,-0.2897453409429199,-0.34638264409641023,-0.9393596651448454,0.4169345
2017-10-12,-0.11534196721631887,-0.18944573480940763,-0.37243028735170974,-0.08993461677306268,-0.15582333415782523,0.8408060600956347,0.04670188485680615,0.1772231708591874,-0.37960587363209514,-0.27905687287100484,-0.3364600307987095,-0.9397424943115776,-0.35132766
2017-10-13,-0.11534196721631887,-0.18944573480940763,-0.37243028735170974,-0.08993461677306268,-0.15582333415782523,0.6165357877735536,0.024368384590428952,0.1374353725249984,-0.11591096892924693,-0.2616553388337517,-0.3247848584581356,-0.9402277515135536,0.6346226
2017-10-16,-0.11534196721631887,-0.18944573480940763,-0.37243028735170974,-0.08993461677306268,-0.15582333415782523,0.975389756880369,0.05042413490120235,0.5891439065543206,0.5164722308445404,-0.22314955975578063,-0.3071753782322152,-0.9400245869059746,1.8408775
2017-10-17,-0.11534196721631887,-0.18944573480940763,2.685066263302147,-0.08993461677306268,-0.15582333415782523,0.8408060600956347,0.01692388450163656,0.06371092267047174,0.6261462731060551,-0.18796908313751437,-0.28553257994386927,-0.9397324339531387,0.36902428
2017-10-18,-0.11534196721631887,-0.18944573480940763,-0.37243028735170974,-0.08993461677306268,-0.15582333415782523,0.7960166058056753,-0.11335486705223045,0.1702017946825658,0.40196578765170243,-0.16677116231863387,-0.2636659632382565,-0.9391128538932266,-0.4424572
2017-10-19,-0.11534196721631887,-0.18944573480940763,-0.37243028735170974,-0.08993461677306268,-0.15582333415782523,1.5586216652666938,-0.2808561190500595,0.10349872100466073,-0.5630290199956489,-0.18269286534213208,-0.24959194916908561,-0.9386779746819439,-2.366048
2017-10-20,-0.11534196721631887,-0.18944573480940763,-0.37243028735170974,-0.08993461677306268,-0.15582333415782523,0.8408060600956347,-0.48557987149185045,1.4995823507895865,-0.49936619978489233,-0.19331723326477943,-0.24061438336399674,-0.937945876036491,0.17310381
2017-10-23,-0.11534196721631887,-0.18944573480940763,-0.37243028735170974,-0.08993461677306268,-0.15582333415782523,0.9306003025904096,0.3128427630311345,-0.14810059199094613,-0.5179774608935497,-0.20262681190108217,-0.23543161744398264,-0.9370022352616834,-0.05120039
2017-10-24,-0.11534196721631887,-0.18944573480940763,-0.37243028735170974,-0.08993461677306268,-0.15582333415782523,1.1997676961598782,0.3314540132531155,0.11520101463236337,-0.282877535462491,-0.2022703582322156,-0.23120885418772247,-0.9363373135005543,0.59551
2017-10-25,-0.11534196721631887,-0.18944573480940763,-0.37243028735170974,-0.08993461677306268,-0.15582333415782523,1.065183999375144,0.14348038601110735,0.13275445507391737,-0.45958134148589064,-0.2080248166619522,-0.22906644734915413,-0.9359712645372547,-0.4392147
2017-10-26,-0.11534196721631887,-0.18944573480940763,2.685066263302147,-0.08993461677306268,-0.15582333415782523,0.975389756880369,-0.08543799171925896,0.0812643631120257,-0.20238546538245442,-0.20423138733341922,-0.2265378606362095,-0.9352777934988552,0.63934326
2017-10-27,-0.11534196721631887,-0.18944573480940763,-0.37243028735170974,-0.08993461677306268,-0.15582333415782523,1.3791408472345719,0.08578551032296626,0.1304139963483768,0.8354956676736032,-0.1538210251754865,-0.2136890697333533,-0.9337783644660808,3.583002
2017-10-30,-0.11534196721631887,-0.18944573480940763,-0.37243028735170974,-0.08993461677306268,-0.15582333415782523,0.4370549697414318,0.266314637476182,0.07775367502371491,1.2662243467727525,-0.08409601600295526,-0.18843618152100375,-0.9316106559062419,2.2508383
2017-10-31,-0.11534196721631887,-0.18944573480940763,-0.37243028735170974,-0.08993461677306268,-0.15582333415782523,0.5268492122362067,0.2309532620544181,0.2977567952245247,1.4851375808063423,-0.011433164477896385,-0.1526290965503071,-0.929165904699704,1.3915539
2017-11-01,-0.11534196721631887,-0.18944573480940763,-0.37243028735170974,-0.08993461677306268,-0.15582333415782523,-0.14606927168746484,-0.4297461208259075,0.055519317131079875,0.9620380174480593,0.02496042628009244,-0.11616769107522591,-0.9269142347389859,-1.2718856
2017-11-02,-0.11534196721631887,-0.18944573480940763,-0.37243028735170974,-0.08993461677306268,-0.15582333415782523,0.5268492122362067,-0.0016873657203444452,0.26382014370418694,1.0929859436350196,0.0609787564409121,-0.07926341861526623,-0.9247784346600605,0.7310271
2017-11-03,8.669871202426636,-0.18944573480940763,2.685066263302147,-0.08993461677306268,6.4175240852384325,1.7381024832988154,2.200023535540008,-2.2919607845860708,1.4904023410357239,0.12305915524546365,-0.036407870160736315,-0.9218903979663141,2.6113868
2017-11-06,-0.11534196721631887,-0.18944573480940763,-0.37243028735170974,-0.08993461677306268,-0.15582333415782523,0.7062223633109004,-2.238759642402461,0.08009413374925543,1.6218871571490021,0.18255999700899186,0.01065472405496704,-0.9187991808502056,1.0144949
2017-11-07,-0.11534196721631887,-0.18944573480940763,-0.37243028735170974,-0.08993461677306268,-0.15582333415782523,0.34736839420408494,-1.0978900037950254,-0.36459302410344513,1.6630925607963114,0.22931253522963987,0.05834518177265676,-0.9156240203045621,0.32137632
2017-11-08,-0.11534196721631887,-0.18944573480940763,-0.37243028735170974,-0.08993461677306268,-0.15582333415782523,0.21278469741935063,1.137321147864893,0.20881936365398454,1.7671619944262211,0.2728914878303377,0.10585638412905314,-0.9123178824464042,0.818038
2017-11-09,-0.11534196721631887,-0.18944573480940763,2.685066263302147,-0.08993461677306268,-0.15582333415782523,-0.2806529684721991,0.11556351067813585,0.22052165728168718,1.6726179069773626,0.29837243203985286,0.1493375285333515,-0.9089798418581629,-0.20426512
2017-11-10,-0.11534196721631887,-0.18944573480940763,-0.37243028735170974,-0.08993461677306268,-0.15582333415782523,-1.1330522704279924,-0.13754949234080577,0.14445674870161998,1.5150135378398486,0.30750840905337634,0.18608444881210753,-0.905905774436322,-0.32977462
2017-11-13,-0.11534196721631887,-0.18944573480940763,-0.37243028735170974,-0.08993461677306268,-0.15582333415782523,-0.8638848768585238,-0.06496561647507987,0.14679720742716051,1.3224856328630843,0.3027170586975385,0.21445301438767858,-0.9034349324323895,-0.40075183
2017-11-14,-0.11534196721631887,-0.18944573480940763,-0.37243028735170974,-0.08993461677306268,-0.15582333415782523,0.033303879387228896,-0.12824386722981526,0.06020023458216092,0.6610918023401389,0.2707143809138589,0.2302751037160123,-0.9015063282929564,-1.5117586
2017-11-15,-0.11534196721631887,-0.18944573480940763,-0.37243028735170974,-0.08993461677306268,-0.15582333415782523,-0.6844040588264022,-0.09660474185244756,0.15615904232932262,0.1772344952528271,0.2208919729516839,0.23223312026509407,-0.899839352418943,-1.3190091
2017-11-16,-0.11534196721631887,-0.18944573480940763,-0.37243028735170974,-0.08993461677306268,-0.15582333415782523,-1.0433656948906456,0.10998013561154159,0.19828729938905218,0.4618916839882823,0.19394536275126198,0.22801259059998796,-0.8971972830424954,1.1947036
2017-11-17,-0.11534196721631887,-0.18944573480940763,2.685066263302147,-0.08993461677306268,-0.15582333415782523,-0.8638848768585238,0.18070288645506938,0.14211628997607945,0.2645875363753102,0.16006018345547213,0.2173591254726905,-0.8947606476949626,-0.55523515
2017-11-20,-0.11534196721631887,-0.18944573480940763,-0.37243028735170974,-0.08993461677306268,-0.15582333415782523,-0.8189877556111365,-0.007270740786938749,0.16318041850594422,0.22848894318159135,0.12773480565057463,0.20189428851268165,-0.8923392132291409,-0.099909306
2017-11-21,-0.11534196721631887,-0.18944573480940763,2.685066263302147,-0.08993461677306268,-0.15582333415782523,-0.5050309077517082,0.02809063463482515,0.10349872100466072,0.6749300684165899,0.1252193492396756,0.1889822098972271,-0.8895414430026448,1.859045
2017-11-22,-0.11534196721631887,-0.18944573480940763,-0.37243028735170974,-0.08993461677306268,-0.15582333415782523,-0.7741983013211768,-0.10404924194123996,0.1245628495345255,0.8937291532759427,0.1347318121248014,0.18069540431369532,-0.8863211262200557,1.0511756
2017-11-23,-0.11534196721631887,-0.18944573480940763,-0.37243028735170974,-0.08993461677306268,-0.15582333415782523,-1.3573225427500735,0.12300801076692827,0.17839340022195765,0.8937291532759427,0.13813679259421716,0.17479719941357064,-0.8832687149867342,0.0
2017-11-24,-0.11534196721631887,-0.18944573480940763,-0.37243028735170974,-0.08993461677306268,-0.15582333415782523,-1.0433656948906456,-0.04263211620870266,0.18541477639857923,0.8950096062700028,0.1368025681299361,0.16979210294859853,-0.8811616288025915,0.005710125
2017-11-27,-0.11534196721631887,-0.18944573480940763,-0.37243028735170974,-0.08993461677306268,-0.15582333415782523,-1.2676359672127266,0.06531313507878715,0.22403234536999797,0.6619815607219074,0.12422841868412185,0.16308765328550795,-0.8798190687572335,-0.502944
2017-11-28,-0.11534196721631887,-0.18944573480940763,2.685066263302147,-0.08993461677306268,-0.15582333415782523,-1.0433656948906456,-0.04263211620870266,0.1105200971812823,0.39971195728533376,0.10180560574465486,0.152908662698576,-0.8790379176874292,-0.5858958
2017-11-29,-0.11534196721631887,-0.18944573480940763,-0.37243028735170974,-0.08993461677306268,-0.15582333415782523,-0.4152366652569336,-0.07799349163046655,0.12573307889729576,-0.3791020190911314,0.05014318055825524,0.13367066080285714,-0.8785007254575051,-2.0743132
2017-11-30,-0.11534196721631887,-0.18944573480940763,-0.37243028735170974,-0.08993461677306268,-0.15582333415782523,-0.011485574902730533,-0.24363361860609747,0.21350028110506558,0.03125496767632101,0.02666694390308092,0.11323859949595787,-0.8777690106799625,1.3983965
2017-12-01,-0.11534196721631887,-0.18944573480940763,-0.37243028735170974,-0.08993461677306268,-0.15582333415782523,-0.5947174832890552,0.12486913578912635,0.2720117492435788,-0.12736296066978217,-0.0013221648989148339,0.09088212484466869,-0.8779092310141852,-0.4655242
2017-12-04,-0.11534196721631887,-0.18944573480940763,-0.37243028735170974,-0.08993461677306268,-0.15582333415782523,-0.23586351418223972,-1.1462792543721763,-0.5787449974904035,-0.36868322159958794,-0.0363406827197321,0.06547651261960347,-0.8785539350131782,-0.73078275
2017-12-05,-0.11534196721631887,-0.18944573480940763,-0.37243028735170974,-0.08993461677306268,-0.15582333415782523,-0.5050309077517082,0.9493475206228849,0.007539913257499034,-0.3996991107181087,-0.06723119062089924,0.038518104725862465,-0.8793196221007931,-0.09422898
2017-12-06,-0.11534196721631887,-0.18944573480940763,-0.37243028735170974,-0.08993461677306268,-0.15582333415782523,-0.10127981739750541,0.27562026258717254,0.14562697806439026,-0.5257332091112753,-0.0985183507282609,0.01023227690479613,-0.8804315954240047,-0.37137866
2017-12-07,-0.11534196721631887,-0.18944573480940763,-0.37243028735170974,-0.08993461677306268,-0.15582333415782523,-0.9535714523958707,-0.10032699189684376,0.08009413374925545,-0.45695246200661144,-0.12179325321997461,-0.01739480744754754,-0.8814308711670881,0.18342733
2017-12-08,-0.11534196721631887,-0.18944573480940763,-0.37243028735170974,-0.08993461677306268,-0.15582333415782523,-0.4601337865043209,0.35192638849729463,0.2579689968903357,-0.4452546278030543,-0.1407293774447956,-0.043563118893322976,-0.8823239844296191,0.029528141
2017-12-11,-0.11534196721631887,-0.18944573480940763,2.685066263302147,-0.08993461677306268,-0.15582333415782523,0.4370549697414318,-0.1394106173630039,0.16435064786871448,0.2367252195789698,-0.12850943511439133,-0.06187346361852158,-0.8825430421750851,1.9484043
2017-12-12,-0.11534196721631887,-0.18944573480940763,-0.37243028735170974,-0.08993461677306268,-0.15582333415782523,-0.23586351418223972,0.08578551032296626,0.2076491342912143,0.003770051840424738,-0.12820334069457365,-0.07645600382312356,-0.8824823802624319,-0.5617678
2017-12-13,-0.11534196721631887,-0.18944573480940763,-0.37243028735170974,-0.08993461677306268,-0.15582333415782523,0.12309812188200377,0.8507078944463855,0.7319118888122929,0.11429905483542606,-0.12418447015395849,-0.08725895991951425,-0.8819448250113564,0.33197403
2017-12-14,-0.11534196721631887,-0.18944573480940763,-0.37243028735170974,-0.08993461677306268,-0.15582333415782523,-0.6396146045364425,0.11556351067813582,0.8056363386668195,0.1012404187017655,-0.12255675746095855,-0.095551763929822,-0.8817560899553987,-0.029027462
2017-12-15,-0.11534196721631887,-0.18944573480940763,-0.37243028735170974,-0.08993461677306268,-0.15582333415782523,-1.088155149180605,-1.0550841282844692,0.16201018914317394,0.4428330677167756,-0.1075678531096294,-0.09896705183960659,-0.8811123779746012,1.01614
2017-12-18,-0.11534196721631887,-0.18944573480940763,-0.37243028735170974,-0.08993461677306268,-0.15582333415782523,-0.6396146045364425,0.17325838636627697,0.2532880794392546,0.8421570482672112,-0.07634904858675627,-0.09499486042485186,-0.8800271575131016,1.4082909
2017-12-19,-0.11534196721631887,-0.18944573480940763,-0.37243028735170974,-0.08993461677306268,-0.15582333415782523,-0.23586351418223972,-1.0271672529514977,-0.7472580257293215,0.34141782110145225,-0.06946355697198817,-0.09033840750309945,-0.8797912455222652,-1.0656416
2017-12-20,-0.11534196721631887,-0.18944573480940763,-0.37243028735170974,-0.08993461677306268,-0.15582333415782523,-0.2806529684721991,0.5119831404063313,0.6429744572417527,0.2929244544225082,-0.0673996996477381,-0.08617001967613235,-0.879894034422099,-0.10885
2017-12-21,-0.11534196721631887,-0.18944573480940763,-0.37243028735170974,-0.08993461677306268,-0.15582333415782523,0.7511194845582878,-1.2430577555264772,-0.8081099525933755,0.4136612276526077,-0.061934075678430345,-0.08166153454596115,-0.8798856051428525,0.37853718
2017-12-22,-0.11534196721631887,-0.18944573480940763,-0.37243028735170974,-0.08993461677306268,-0.15582333415782523,-0.4601337865043209,-2.145703391292556,-2.0029141319818153,0.4136612276526077,-0.059458488800575526,-0.07752309961090915,-0.8798788594191232,0.0
2017-12-25,-0.11534196721631887,-0.18944573480940763,-0.37243028735170974,-0.08993461677306268,-0.15582333415782523,-1.4022196639974611,3.1138359214392755,0.9519150090131026,0.4136612276526077,-0.05935373539183736,-0.0741898552527107,-0.8797238199145385,0.0
2017-12-26,-0.11534196721631887,-0.18944573480940763,-0.37243028735170974,-0.08993461677306268,-0.15582333415782523,0.5268492122362067,-2.6686795225302222,1.1274494134286421,-0.7085341076924695,-0.09873331883225864,-0.07998025674175233,-0.8801451091953969,-2.5369883
2017-12-27,-0.11534196721631887,-0.18944573480940763,-0.37243028735170974,-0.08993461677306268,-0.15582333415782523,0.7062223633109004,-1.4812817583678342,5.50059654210112,-0.701185275017135,-0.13071915137276915,-0.09148172345013957,-0.879956384203392,0.01758337
2017-12-28,-0.11534196721631887,-0.18944573480940763,-0.37243028735170974,-0.08993461677306268,-0.15582333415782523,1.4240379684819593,4.016481557205354,1.3263884050995873,-0.5786154656111978,-0.15273409729625395,-0.10541073583461336,-0.880086143058775,0.28135777
2017-12-29,-0.11534196721631887,-0.18944573480940763,-0.37243028735170974,-0.08993461677306268,-0.15582333415782523,0.8857031813430222,-3.4373241566980375,-0.2241655005710131,-0.9722036370362398,-0.18643159508387022,-0.12379068143053015,-0.8803928369855659,-1.0813713
2018-01-01,-0.11534196721631887,-0.18944573480940763,-0.37243028735170974,-0.08993461677306268,-0.15582333415782523,-1.4022196639974611,4.036953932449533,0.4194606489526322,-0.9722036370362398,-0.21322059055795853,-0.1442477321228614,-0.8804888966953073,0.0
2018-01-02,-0.11534196721631887,-0.18944573480940763,2.685066263302147,-0.08993461677306268,-0.15582333415782523,-0.4601337865043209,-0.01285411585353305,0.11520101463236337,-0.21458732585410417,-0.20861495672816788,-0.15962428574470766,-0.8800473982785579,1.7904639
2018-01-03,-0.11534196721631887,-0.18944573480940763,-0.37243028735170974,-0.08993461677306268,-0.15582333415782523,-0.6844040588264022,0.3482041384528985,0.2298834921838493,-0.2218390585142017,-0.20539588815458845,-0.1712342147477094,-0.8795047894855158,-0.017416477
2018-01-04,-0.11534196721631887,-0.18944573480940763,-0.37243028735170974,-0.08993461677306268,-0.15582333415782523,-0.10127981739750541,-0.3739123701599645,0.11988193208344444,-0.039667857459706156,-0.1962658162024616,-0.17856142134143208,-0.8788796124301906,0.464499
2018-01-05,-0.11534196721631887,-0.18944573480940763,-0.37243028735170974,-0.08993461677306268,-0.15582333415782523,0.661432909020941,0.02622950961262706,0.15966973041763344,0.36509720296549014,-0.1726945436581136,-0.17936111731036497,-0.8779308958289497,1.1385322
2018-01-08,-0.11534196721631887,-0.18944573480940763,-0.37243028735170974,-0.08993461677306268,-0.15582333415782523,0.48195209098881925,0.052285259923400454,0.09998803291634994,0.1840575535081239,-0.16027939255646056,-0.17733464742323207,-0.8776477954015743,-0.37142634
2018-01-09,-0.11534196721631887,-0.18944573480940763,-0.37243028735170974,-0.08993461677306268,-0.15582333415782523,0.25768181866673806,-0.23246686847290884,0.08009413374925546,0.17831098561848535,-0.15140763692822165,-0.1738082098535136,-0.877204604084209,-0.011473894
2018-01-10,-0.11534196721631887,-0.18944573480940763,-0.37243028735170974,-0.08993461677306268,-0.15582333415782523,-0.5498203620416678,0.03367400970141941,0.24860716198817354,0.1659565814189094,-0.14558330558483737,-0.1697362504124538,-0.8768642196380215,-0.022947788
2018-01-11,-0.11534196721631887,-0.18944573480940763,-0.37243028735170974,-0.08993461677306268,-0.15582333415782523,-0.4152366652569336,0.14161926098890928,0.3422255110097947,0.39447188214352646,-0.13348351379257403,-0.1638801814623684,-0.8763485714554294,0.56802034
2018-01-12,-0.11534196721631887,-0.18944573480940763,2.685066263302147,-0.08993461677306268,-0.15582333415782523,-0.9984685736432581,0.3537875135194927,0.4241415664037132,0.7615118466622938,-0.1096561169327251,-0.15407825279427173,-0.8758227946232909,1.0326266
2018-01-15,-0.11534196721631887,-0.18944573480940763,-0.37243028735170974,-0.08993461677306268,-0.15582333415782523,-1.1779493916753798,-0.15429961754058868,0.13626514316222813,0.7615118466622938,-0.09225068472747071,-0.14249879100289348,-0.8757098770739105,0.0
2018-01-16,-0.11534196721631887,-0.18944573480940763,-0.37243028735170974,-0.08993461677306268,-0.15582333415782523,-0.7293011800737895,0.00017375930185365205,0.38903468552060533,0.43865040644443226,-0.0877018353184984,-0.13225832942586194,-0.8754318194056956,-0.50821304
2018-01-17,-0.11534196721631887,-0.18944573480940763,-0.37243028735170974,-0.08993461677306268,-0.15582333415782523,0.5268492122362067,-0.4781353714030581,0.03796587668952593,0.9905514708247494,-0.06099139132366434,-0.11832973534045176,-0.8746313829270885,1.6516328
2018-01-18,-0.11534196721631887,-0.18944573480940763,-0.37243028735170974,-0.08993461677306268,-0.15582333415782523,1.6035187865140812,0.5585112659612838,0.1245628495345255,1.0168507153132962,-0.04052576624871722,-0.10279174681186136,-0.8739152004228428,0.08932352
2018-01-19,-0.11534196721631887,-0.18944573480940763,-0.37243028735170974,-0.08993461677306268,-0.15582333415782523,0.1678875761719632,-0.2789949940278614,0.29190564841067335,0.7302620654399931,-0.03332118321689216,-0.0888141294419437,-0.8733338245651169,-0.4462719
2018-01-22,-0.11534196721631887,-0.18944573480940763,-0.37243028735170974,-0.08993461677306268,-0.15582333415782523,-0.5050309077517082,-0.19524436802894687,0.13626514316222815,0.2506080224402202,-0.042181650764096364,-0.07953487302428001,-0.8729984792838209,-0.8181155
2018-01-23,-0.11534196721631887,-0.18944573480940763,-0.37243028735170974,-0.08993461677306268,-0.15582333415782523,0.5268492122362067,0.007618259390646008,0.02743381242459351,0.2597191466354836,-0.05081644028889984,-0.0739658396868109,-0.8719081937786943,0.02259016
2018-01-24,-0.11534196721631887,-0.18944573480940763,-0.37243028735170974,-0.08993461677306268,-0.15582333415782523,1.289454271697225,0.002034884324051741,-0.0053326097329739,-0.5338211591253259,-0.08341214217381088,-0.07651073155987008,-0.8712981730361471,-1.5928566
2018-01-25,-0.11534196721631887,-0.18944573480940763,-0.37243028735170974,-0.08993461677306268,-0.15582333415782523,0.21278469741935063,-0.08171574167486272,0.09530711546526889,-1.1702764215981543,-0.1368664965054243,-0.09002628179950002,-0.8712931158999114,-1.7850995
2018-01-26,-0.11534196721631887,-0.18944573480940763,-0.37243028735170974,-0.08993461677306268,-0.15582333415782523,-0.6396146045364425,0.01506275947943843,-0.05331201360655474,-1.0613763525068243,-0.1763097690044955,-0.10930939656644674,-0.8709089022208282,0.23376942
2018-01-29,-0.11534196721631887,-0.18944573480940763,-0.37243028735170974,-0.08993461677306268,-0.15582333415782523,0.661432909020941,0.06345201005658907,-0.275655592532905,-1.633397554711114,-0.23779936321582393,-0.13794114010804367,-0.8711229128940113,-2.0698428
2018-01-30,-0.11534196721631887,-0.18944573480940763,-0.37243028735170974,-0.08993461677306268,-0.15582333415782523,1.1099734536651034,-0.6754146237560568,1.589690011722897,-1.7659305873399131,-0.29416679823786696,-0.1729517728807978,-0.8720143418821713,-0.58943033
2018-01-31,-0.11534196721631887,-0.18944573480940763,-0.37243028735170974,-0.08993461677306268,-0.15582333415782523,0.7511194845582878,-0.009131865809136858,2.2508696016880965,-1.6330300625681307,-0.33359113903634524,-0.2094268879802809,-0.8728231954195109,0.27549267
2018-02-01,-0.11534196721631887,-0.18944573480940763,-0.37243028735170974,-0.08993461677306268,-0.15582333415782523,0.5716386665261661,0.5175665154729255,1.5744770300068833,-1.52912708703002,-0.3602239627868665,-0.244326535480016,-0.873707886591333,0.20904541
2018-02-02,-0.11534196721631887,-0.18944573480940763,2.685066263302147,11.119188982851384,6.4175240852384325,1.2445571504498376,1.0907930223099405,-3.149738907496675,-2.3562397602611025,-0.44118969127010893,-0.2896341195029684,-0.8761513179823586,-4.3390155
2018-02-05,-0.11534196721631887,-0.18944573480940763,-0.37243028735170974,-0.08993461677306268,-0.15582333415782523,0.34736839420408494,-0.33482874469380436,0.4557377591985104,-2.6387244736225575,-0.5360907272119668,-0.3462607419183117,-0.879160961729795,-2.498436
2018-02-06,-0.11534196721631887,-0.18944573480940763,-0.37243028735170974,-0.08993461677306268,-0.15582333415782523,0.4370549697414318,-0.8187212504653105,0.39137514424614583,-1.3274077626995604,-0.5514253783771085,-0.3948552463092502,-0.8810651658158881,4.1791797
2018-02-07,-0.11534196721631887,-0.18944573480940763,2.685066263302147,-0.08993461677306268,-0.15582333415782523,-0.7293011800737895,0.7967352688026406,0.4370140893941862,-1.6400074039056636,-0.5892430021451676,-0.44185240677840565,-0.883550728507217,-2.1407127
2018-02-08,-0.11534196721631887,-0.18944573480940763,-0.37243028735170974,-0.08993461677306268,-0.15582333415782523,-0.9984685736432581,-0.6772757487782549,-0.07554637149918972,-1.9672776828395147,-0.6518705377742172,-0.49289976648884787,-0.8869428844068752,-2.7516603
2018-02-09,-0.11534196721631887,-0.18944573480940763,-0.37243028735170974,-0.08993461677306268,-0.15582333415782523,-1.312533088460114,0.07089651014538143,-0.03575857316500076,-1.6595590840888306,-0.6799404924715242,-0.5397658419941166,-0.8903202822387412,1.2181878
2018-02-12,-0.11534196721631887,-0.18944573480940763,-0.37243028735170974,-0.08993461677306268,-0.15582333415782523,-0.7293011800737895,0.487788515117756,0.1702017946825658,-0.7959902743476441,-0.643090956224046,-0.5693450479263719,-0.892631713388345,4.027879
2018-02-13,-0.11534196721631887,-0.18944573480940763,-0.37243028735170974,-0.08993461677306268,-0.15582333415782523,-0.6844040588264022,0.12859138583352256,0.27903312542020037,-0.605508964225269,-0.5955346226641273,-0.5827954105540771,-0.8945156853352269,1.0017753
2018-02-14,-0.11534196721631887,-0.18944573480940763,-0.37243028735170974,-0.08993461677306268,-0.15582333415782523,-0.4601337865043209,-0.39066249535974734,0.08828573928864729,-0.27183582641144266,-0.5282197513316748,-0.5790994364315888,-0.8963773490932246,1.8437386
2018-02-15,-0.11534196721631887,-0.18944573480940763,-0.37243028735170974,-0.08993461677306268,-0.15582333415782523,-0.7741983013211768,0.4282325144074168,0.24509647389986272,0.25195734582299434,-0.4241536260248837,-0.5537938451327424,-0.8973150693884251,3.3578396
2018-02-16,-0.11534196721631887,-0.18944573480940763,-0.37243028735170974,-0.08993461677306268,-0.15582333415782523,-0.6844040588264022,0.16581388627748458,-0.05916316042040607,0.18564999889244052,-0.34506434271584635,-0.5165644836994326,-0.8982127423403864,-0.32372475
2018-02-19,-0.11534196721631887,-0.18944573480940763,-0.37243028735170974,-0.08993461677306268,-0.15582333415782523,-1.1779493916753798,-0.8671105010424611,-0.12118531664723003,0.18564999889244052,-0.2816798459047255,-0.47316880135519546,-0.8988643847159177,0.0
2018-02-20,-0.11534196721631887,-0.18944573480940763,-0.37243028735170974,-0.08993461677306268,-0.15582333415782523,-1.1330522704279924,-0.09102136678585329,-0.15629219753033802,0.10860747447788519,-0.2362569533407919,-0.4286974223537166,-0.8996208992294934,-0.33636093
2018-02-21,-0.11534196721631887,-0.18944573480940763,-0.37243028735170974,-0.08993461677306268,-0.15582333415782523,-0.8189877556111365,0.15278601112209791,-0.08958912385243288,0.0017639360118066646,-0.2071260790055894,-0.38686429268841094,-0.9000341833548267,-0.4538834
2018-02-22,-0.11534196721631887,-0.18944573480940763,-0.37243028735170974,-0.08993461677306268,-0.15582333415782523,-0.7741983013211768,0.08764663534516431,-0.02990742635114943,0.16230240642787114,-0.17228707041239574,-0.345915907113731,-0.8996814367804452,0.83590746
2018-02-23,-0.11534196721631887,-0.18944573480940763,-0.37243028735170974,-0.08993461677306268,-0.15582333415782523,-1.088155149180605,-0.029604241053315935,-0.0439501787043926,0.47452359608751854,-0.12001461134293823,-0.3019313808662896,-0.8988884993843129,1.7391324
2018-02-26,-0.11534196721631887,-0.18944573480940763,-0.37243028735170974,-0.08993461677306268,-0.15582333415782523,0.12309812188200377,0.377982138808068,0.21467051046783586,0.788235833747585,-0.05067951344236979,-0.2518536401154143,-0.8969102087915083,1.9772053
2018-02-27,-0.11534196721631887,-0.18944573480940763,-0.37243028735170974,-0.08993461677306268,-0.15582333415782523,-0.011485574902730533,0.00017375930185365205,0.24158578581155196,0.6947975501827778,-0.0032269152991543557,-0.2016007231869998,-0.894863224532936,-0.3240764
2018-02-28,-0.11534196721631887,-0.18944573480940763,-0.37243028735170974,-0.08993461677306268,-0.15582333415782523,-0.23586351418223972,0.00017375930185365205,0.24860716198817354,0.6492664120574522,0.029177740263872265,-0.15443929942162773,-0.8929394489342413,-0.15135407
2018-03-01,-0.11534196721631887,-0.18944573480940763,-0.37243028735170974,-0.08993461677306268,-0.15582333415782523,-0.7293011800737895,-0.15802186758498488,0.09881780355357966,0.14688042528914486,0.025173874038699147,-0.1175700142117002,-0.8916025556131114,-1.7516255
2018-03-02,-0.11534196721631887,-0.18944573480940763,-0.37243028735170974,-0.08993461677306268,-0.15582333415782523,-1.2676359672127266,-0.05007661629749506,0.08711550992587702,0.28326160000870415,0.02953348621840136,-0.08713833370695243,-0.8888341491252014,0.6914377
2018-03-05,-0.11534196721631887,-0.18944573480940763,-0.37243028735170974,-0.08993461677306268,-0.15582333415782523,-0.2806529684721991,0.09695226045615486,0.12339262017175522,0.3526176283282273,0.03529041805112021,-0.06155665435888796,-0.8852867912600076,0.34618378
2018-03-06,-0.11534196721631887,-0.18944573480940763,-0.37243028735170974,-0.08993461677306268,-0.15582333415782523,-1.2227388459653392,0.09323001041175867,0.16201018914317394,0.32625819655553634,0.03560970823468977,-0.041022741437062984,-0.8828668901092664,-0.08483529
2018-03-07,-0.11534196721631887,-0.18944573480940763,-0.37243028735170974,-0.08993461677306268,-0.15582333415782523,-0.7293011800737895,-0.1263827422076172,0.1011582622791202,0.03768979699581077,0.018987653323582605,-0.02816529507871807,-0.8801363600262256,-0.92828274
2018-03-08,-0.11534196721631887,-0.18944573480940763,-0.37243028735170974,-0.08993461677306268,-0.15582333415782523,-0.7293011800737895,-0.09288249180805137,0.2731819786063491,0.2894313558952394,0.01948747044401787,-0.01777199932802936,-0.8763429040123478,1.0912418
2018-03-09,-0.11534196721631887,-0.18944573480940763,-0.37243028735170974,-0.08993461677306268,-0.15582333415782523,-0.9535714523958707,0.2346755120988143,0.041476564777836705,0.6432048583067398,0.04301128773881122,-0.004405484715167053,-0.8723548528466214,1.718092
2018-03-12,-0.11534196721631887,-0.18944573480940763,-0.37243028735170974,-0.08993461677306268,-0.15582333415782523,0.07820100063461634,0.029951759657023253,0.2333941802721601,0.8237938454661274,0.0732440795025112,0.012780396682926921,-0.8691383646791838,0.9667754
2018-03-13,-0.11534196721631887,-0.18944573480940763,-0.37243028735170974,-0.08993461677306268,-0.15582333415782523,0.21278469741935063,0.08764663534516437,0.26850106115526806,0.49452816816479384,0.07869325866689054,0.027699345051495922,-0.8664937757202903,-0.9630203
2018-03-14,-0.11534196721631887,-0.18944573480940763,-0.37243028735170974,-0.08993461677306268,-0.15582333415782523,0.3024712729566975,-0.38694024531535115,0.0613704639449312,0.22206726184359685,0.06653532140251,0.03702351526725855,-0.8646207281940727,-0.85014105
2018-03-15,-0.11534196721631887,-0.18944573480940763,-0.37243028735170974,-0.08993461677306268,-0.15582333415782523,-0.4601337865043209,-0.07054899154167416,0.12222239080898496,0.24940860236848997,0.05552590387203462,0.042118514323423104,-0.863663059706898,0.11768341
2018-03-16,-0.11534196721631887,-0.18944573480940763,-0.37243028735170974,-0.08993461677306268,-0.15582333415782523,-0.2806529684721991,0.16209163623308837,0.06488115203324199,0.13053612757218525,0.03839475468940362,0.04251549860250927,-0.8627172249904002,-0.35263896
2018-03-19,-0.11534196721631887,-0.18944573480940763,-0.37243028735170974,-0.08993461677306268,-0.15582333415782523,1.1099734536651034,0.015062759479438461,0.20881936365398454,-0.3471450692720933,-0.0011208930332496,0.03434686844592575,-0.8622316155500793,-1.5279174
2018-03-20,-0.11534196721631887,-0.18944573480940763,-0.37243028735170974,-0.08993461677306268,-0.15582333415782523,-0.6844040588264022,-0.10032699189684378,0.2392453270860114,-0.357192020337887,-0.03509028924559242,0.02051683684767819,-0.8616580184089424,-0.034224987
2018-03-21,-0.11534196721631887,-0.18944573480940763,-0.37243028735170974,-0.08993461677306268,-0.15582333415782523,0.033303879387228896,0.1397581359667112,0.08945596865141754,-0.958258691553588,-0.09759714291587299,-0.003970902606150445,-0.8616241769302553,-2.2654653
2018-03-22,-0.11534196721631887,-0.18944573480940763,-0.37243028735170974,-0.08993461677306268,-0.15582333415782523,-0.10127981739750541,-0.08357686669706085,0.06371092267047174,-1.2588939828228725,-0.1685613620695132,-0.03880107728549388,-0.8622417636086774,-1.4129698
2018-03-23,-0.11534196721631887,-0.18944573480940763,-0.37243028735170974,-0.08993461677306268,-0.15582333415782523,0.1678875761719632,-0.02029861594232546,0.03445518860121512,-1.6658265173603124,-0.2580207844781705,-0.08587715373961455,-0.8640285163346952,-2.3156643
2018-03-26,-0.11534196721631887,-0.18944573480940763,-0.37243028735170974,-0.08993461677306268,-0.15582333415782523,0.5268492122362067,-0.001687365720344437,0.104668950367431,-0.48468065800516447,-0.26105816436467244,-0.12419031008406148,-0.8650775540107956,4.747176
2018-03-27,-0.11534196721631887,-0.18944573480940763,-0.37243028735170974,-0.08993461677306268,-0.15582333415782523,1.3343513929446125,0.10811901058934346,0.0613704639449312,-0.9400055898751275,-0.3006690134036939,-0.16334749778165472,-0.8667780148120289,-2.5641084
2018-03-28,-0.11534196721631887,-0.18944573480940763,-0.37243028735170974,-0.08993461677306268,-0.15582333415782523,1.5137245440193063,-0.033326491097712165,0.13860560188776866,-1.110676577725103,-0.3466158697080046,-0.2045406053583721,-0.868747506634752,-1.1049092
2018-03-29,-0.11534196721631887,-0.18944573480940763,-0.37243028735170974,-0.08993461677306268,-0.15582333415782523,0.7062223633109004,-0.23991136856170125,0.10817963845574179,-0.9368628791226501,-0.3701150016062834,-0.24254166809808103,-0.8699691339112517,0.78088045
2018-03-30,-0.11534196721631887,-0.18944573480940763,-0.37243028735170974,-0.08993461677306268,-0.15582333415782523,-0.2806529684721991,0.25887013738738957,0.3000972539500652,-0.9368628791226501,-0.38682056618106253,-0.2765301364600187,-0.8713954979285145,0.0
2018-04-02,-0.11534196721631887,-0.18944573480940763,2.685066263302147,-0.08993461677306268,-0.15582333415782523,0.5716386665261661,-0.03518761611991026,0.15381858360378212,-1.0537617100445567,-0.40737270337068693,-0.30813460339488535,-0.8731111905221709,-0.6556213
2018-04-03,-0.11534196721631887,-0.18944573480940763,-0.37243028735170974,-0.08993461677306268,-0.15582333415782523,1.289454271697225,0.01134050943504225,0.6137187231724961,-0.7977103190890739,-0.40679484647761827,-0.3332940787789571,-0.8745121667810207,1.0259271
2018-04-04,-0.11534196721631887,-0.18944573480940763,2.685066263302147,-0.08993461677306268,-0.15582333415782523,0.48195209098881925,0.06903538512318337,0.1795636295847279,-0.3594258612701831,-0.37682012096439216,-0.3469844106223417,-0.8750908304034921,1.9122243
2018-04-05,-0.11534196721631887,-0.18944573480940763,-0.37243028735170974,-0.08993461677306268,-0.15582333415782523,-0.7293011800737895,0.05600750996779666,0.19711707002628187,-0.2094529596086416,-0.3414290015599963,-0.35033622521318164,-0.8757913275185891,0.6934285
2018-04-06,-0.11534196721631887,-0.18944573480940763,-0.37243028735170974,-0.08993461677306268,-0.15582333415782523,-1.2227388459653392,-0.10963261700783426,0.01456128943412064,-0.7511044641927221,-0.34993068690383455,-0.3548434637774069,-0.8777540513331163,-2.5578678
2018-04-09,-0.11534196721631887,-0.18944573480940763,-0.37243028735170974,-0.08993461677306268,-0.15582333415782523,0.7062223633109004,-0.13754949234080577,0.3820133093439837,-0.5309879643511304,-0.34090637230854803,-0.35651123003402035,-0.8797286117937353,0.99179745
2018-04-10,-0.11534196721631887,-0.18944573480940763,2.685066263302147,-0.08993461677306268,-0.15582333415782523,0.07820100063461634,-0.1170771170966267,-0.012353985909595485,-0.1432951498901804,-0.30523579763991554,-0.3501849774951046,-0.8808656371706516,1.8818021
2018-04-11,-0.11534196721631887,-0.18944573480940763,-0.37243028735170974,-0.08993461677306268,-0.15582333415782523,-0.05638269615011797,0.12114688574473018,0.07541321629817438,-0.2480693049026965,-0.283214292158283,-0.34039472774254553,-0.881880835524626,-0.46753287
2018-04-12,-0.11534196721631887,-0.18944573480940763,-0.37243028735170974,-0.08993461677306268,-0.15582333415782523,-0.5947174832890552,-0.06124336643068364,0.1011582622791202,-0.04427025051074207,-0.25078153061509056,-0.3255974017934399,-0.88264393330098,0.9858489
2018-04-13,-0.11534196721631887,-0.18944573480940763,2.685066263302147,-0.08993461677306268,-0.15582333415782523,-1.2227388459653392,0.08020213525637196,0.10232849164189046,0.026177730805519595,-0.22000543317698745,-0.30715019323979387,-0.883200607186785,0.33880472
2018-04-16,-0.11534196721631887,-0.18944573480940763,-0.37243028735170974,-0.08993461677306268,-0.15582333415782523,-0.8638848768585238,-0.07241011656387228,-0.02054559144898733,0.15810003041978016,-0.18662361895835278,-0.2852234856102341,-0.8831126245179454,0.6238222
2018-04-17,-0.11534196721631887,-0.18944573480940763,-0.37243028735170974,-0.08993461677306268,-0.15582333415782523,-0.5050309077517082,0.1862862615216637,0.09764757419080941,0.4352577452715847,-0.14026448311559053,-0.2577262226341156,-0.8826050368426185,1.3764024
2018-04-18,-0.11534196721631887,-0.18944573480940763,-0.37243028735170974,-0.08993461677306268,-0.15582333415782523,-1.3573225427500735,-0.04077099118650455,0.027433812424593532,0.3665898240838741,-0.10826052490495403,-0.22885537414188362,-0.8814933941921387,-0.22442341
2018-04-19,-0.11534196721631887,-0.18944573480940763,-0.37243028735170974,-0.08993461677306268,-0.15582333415782523,-0.23586351418223972,-0.09474361683024946,0.10349872100466073,-0.39608054116424285,-0.127349295348454,-0.2098581209845538,-0.880825057156773,-2.8340042
2018-04-20,-0.11534196721631887,5.278556421478968,-0.37243028735170974,-0.08993461677306268,-0.15582333415782523,0.8857031813430222,-0.5972473728237366,0.38903468552060533,-1.1595283325072607,-0.20360770006748488,-0.2110372590387921,-0.8806930791998179,-4.0972233
2018-04-23,-0.11534196721631887,-0.18944573480940763,-0.37243028735170974,-0.08993461677306268,-0.15582333415782523,0.07820100063461634,0.4431215145850016,0.03679564732675565,-1.203264970959811,-0.2676304923911998,-0.2257298403923313,-0.8819671590789763,-0.2896428
2018-04-24,-0.11534196721631887,5.278556421478968,-0.37243028735170974,-0.08993461677306268,-0.15582333415782523,0.5716386665261661,-0.1021881169190419,0.43467363066864556,-1.4100197714076184,-0.33682308126299865,-0.2523434205766384,-0.8828808365911581,-1.3919175
2018-04-25,-0.11534196721631887,-0.18944573480940763,-0.37243028735170974,-0.08993461677306268,-0.15582333415782523,0.21278469741935063,-0.08543799171925896,0.4042476672366187,-1.300209539529014,-0.3836669816464718,-0.2836942876306085,-0.8833596693970379,0.4357338
2018-04-26,-0.11534196721631887,-0.18944573480940763,-0.37243028735170974,-0.08993461677306268,-0.15582333415782523,-0.6396146045364425,0.35006526347509653,0.08009413374925543,-1.2092231370455884,-0.4136579135709052,-0.31521571015970845,-0.8839620149379379,0.3483057
2018-04-27,-0.11534196721631887,-0.18944573480940763,2.685066263302147,-0.08993461677306268,-0.15582333415782523,-0.7741983013211768,-0.044493241230900746,-0.017034903360676517,-1.3999735750635116,-0.4511203446075917,-0.34847812541288153,-0.8848858462595478,-1.1569798
2018-04-30,-0.11534196721631887,-0.18944573480940763,-0.37243028735170974,-0.08993461677306268,-0.15582333415782523,-0.4601337865043209,-0.044493241230900746,-0.6828954107769569,-0.931070315713753,-0.45282697986521725,-0.37545456756680196,-0.8851261116287841,1.8112302
2018-05-01,8.669871202426636,-0.18944573480940763,-0.37243028735170974,-0.08993461677306268,-0.15582333415782523,0.6165357877735536,0.56223351600568,-0.49097779528263374,-0.40786163094058864,-0.4188422839454806,-0.38973730811487917,-0.8850059767876046,2.3236156
2018-05-02,8.669871202426636,-0.18944573480940763,-0.37243028735170974,-0.08993461677306268,-0.15582333415782523,1.5586216652666938,0.7036790176927356,-5.196470062981867,0.3611319834896976,-0.32639508617864477,-0.38130992152552534,-0.8841667509598471,4.417503
2018-05-03,-0.11534196721631887,-0.18944573480940763,-0.37243028735170974,-0.08993461677306268,-0.15582333415782523,-0.5947174832890552,-0.43160724584810556,-5.405941118917745,0.38917812541810076,-0.2500351919918689,-0.35816927621429345,-0.8834747219420997,0.18122196
2018-05-04,8.669871202426636,-0.18944573480940763,-0.37243028735170974,-0.08993461677306268,-0.15582333415782523,0.5716386665261661,-0.05379886634189125,-1.4236505974105345,0.9230963325859496,-0.1308212508455774,-0.31405486548999134,-0.8808605865040999,3.9233446
2018-05-07,-0.11534196721631887,-0.18944573480940763,-0.37243028735170974,-0.08993461677306268,-0.15582333415782523,-0.14606927168746484,-0.27341161896126714,-0.011183756546825187,1.0105400497507941,-0.02712498635394073,-0.25649395469340114,-0.878303983089461,0.7234931
2018-05-08,-0.11534196721631887,-0.18944573480940763,-0.37243028735170974,-0.08993461677306268,-0.15582333415782523,-1.0433656948906456,0.21978651192122953,-0.032247885076689985,1.069823063686535,0.05948815709010049,-0.1918445444805683,-0.8761382226233249,0.48066378
2018-05-09,-0.11534196721631887,-0.18944573480940763,-0.37243028735170974,-0.08993461677306268,-0.15582333415782523,-0.7741983013211768,-0.3143563694496253,0.15381858360378212,1.1579925053254214,0.1353036692159115,-0.12384318951745063,-0.8736137663490496,0.70410967
2018-05-10,-0.11534196721631887,-0.18944573480940763,-0.37243028735170974,-0.08993461677306268,-0.15582333415782523,0.1678875761719632,-0.29016174416105,0.0356254179639854,1.330501792519859,0.21345215208128696,-0.052659259577035517,-0.8709234884825706,1.4303923
2018-05-11,-0.11534196721631887,-0.18944573480940763,-0.37243028735170974,-0.08993461677306268,-0.15582333415782523,-0.5947174832890552,0.3314540132531155,0.21701096919337637,1.2107770114698593,0.26358499854163986,0.015054207780796455,-0.868455330678596,-0.378865
2018-05-14,-0.11534196721631887,-0.18944573480940763,-0.37243028735170974,-0.08993461677306268,-0.15582333415782523,-0.14606927168746484,-0.3497177448713892,0.6195698699863474,1.134796871050475,0.29358833944664436,0.07566837545449052,-0.8662463397847501,-0.23331046
2018-05-15,-0.11534196721631887,-0.18944573480940763,-0.37243028735170974,-0.08993461677306268,-0.15582333415782523,-0.19096639293485226,-0.08543799171925896,0.45456752983574006,0.8388828364586988,0.29663109420451705,0.12481315905981086,-0.8647372543893528,-0.90884566
2018-05-16,-0.11534196721631887,-0.18944573480940763,-0.37243028735170974,-0.08993461677306268,-0.15582333415782523,-0.011485574902730533,0.09323001041175868,-0.014694444635136,0.9870346007826601,0.3079844403804638,0.16656718375837848,-0.8628649501579279,0.9332657
2018-05-17,-0.11534196721631887,-0.18944573480940763,-0.37243028735170974,-0.08993461677306268,-0.15582333415782523,0.21278469741935063,0.12859138583352256,0.11169032654405257,0.7772626069794613,0.30069279073986677,0.19840447890426752,-0.8603419970068749,-0.63236356
2018-05-18,-0.11534196721631887,-0.18944573480940763,-0.37243028735170974,-0.08993461677306268,-0.15582333415782523,-0.7741983013211768,-0.025881991008919757,0.08009413374925545,0.6564919463338668,0.28323278274914077,0.2201246756934087,-0.8567366089526609,-0.36365986
2018-05-21,-0.11534196721631887,-0.18944573480940763,-0.37243028735170974,-0.08993461677306268,-0.15582333415782523,-0.5947174832890552,0.029951759657023253,0.2322239509093898,0.790311378120491,0.2750876388566881,0.23575161560522917,-0.8528258094067728,0.7084966
2018-05-22,-0.11534196721631887,-0.18944573480940763,-0.37243028735170974,-0.08993461677306268,-0.15582333415782523,-0.23586351418223972,-0.09102136678585326,0.0449872528661475,0.6996793913399934,0.25904452465173006,0.24480781447462052,-0.8486056820538992,-0.25049448
2018-05-23,-0.11534196721631887,-0.18944573480940763,-0.37243028735170974,-0.08993461677306268,-0.15582333415782523,-0.05638269615011797,0.044840759834608064,0.11520101463236337,0.8294483676119138,0.25126053859174047,0.25038111681766834,-0.8443018549629171,0.64115524
2018-05-24,-0.11534196721631887,-0.18944573480940763,-0.37243028735170974,-0.08993461677306268,-0.15582333415782523,0.4370549697414318,0.20303638672144658,0.2579689968903357,0.7847898395012378,0.23799252666637746,0.2519903751557168,-0.8401301452865204,-0.11149049
2018-05-25,-0.11534196721631887,-0.18944573480940763,-0.37243028735170974,-0.08993461677306268,-0.15582333415782523,0.3024712729566975,0.07089651014538145,0.7026561547430362,0.8355469713356808,0.22604579700663346,0.25071215142141484,-0.8355639106926375,0.22854805
2018-05-28,-0.11534196721631887,-0.18944573480940763,-0.37243028735170974,-0.08993461677306268,-0.15582333415782523,-0.9087819981059112,-0.21571674327312598,0.16669110659425504,0.8355469713356808,0.21159740457187015,0.24658669524615467,-0.8314951236228749,0.0
2018-05-29,-0.11534196721631887,-0.18944573480940763,-0.37243028735170974,-0.08993461677306268,-0.15582333415782523,0.3024712729566975,-0.005409615764740648,0.16318041850594422,0.6643122102138882,0.1895452686012432,0.23855050450699475,-0.8281915707628554,-0.36059618
2018-05-30,-0.11534196721631887,-0.18944573480940763,-0.37243028735170974,-0.08993461677306268,-0.15582333415782523,0.1678875761719632,-0.09288249180805139,0.04966817031722855,0.5617985517540668,0.1641787247641719,0.22667393754879298,-0.8262198842795883,-0.21287799
2018-05-31,-0.11534196721631887,-0.18944573480940763,-0.37243028735170974,-0.08993461677306268,-0.15582333415782523,-0.19096639293485226,0.04670188485680617,0.1479674367899308,0.3975650048386348,0.13453986683091265,0.2108075650550329,-0.8244093482767608,-0.3360033
2018-06-01,-0.11534196721631887,-0.18944573480940763,-0.37243028735170974,-0.08993461677306268,-0.15582333415782523,0.25768181866673806,-0.018437490920127354,0.10817963845574179,0.8999416344510245,0.1360583947134366,0.19844057984710647,-0.8232006510229292,1.8033981
2018-06-04,-0.11534196721631887,-0.18944573480940763,-0.37243028735170974,-0.08993461677306268,-0.15582333415782523,1.4240379684819593,0.15278601112209786,0.1795636295847279,1.095815064739686,0.14676621312073398,0.19084655861302605,-0.8219469247692682,0.83578825
2018-06-05,-0.11534196721631887,-0.18944573480940763,-0.37243028735170974,-0.08993461677306268,-0.15582333415782523,1.5586216652666938,0.0057571343684479515,0.17722317085918737,1.2635955825795684,0.16361234757900092,0.18838914800453319,-0.8205924022784095,0.7715106
2018-06-06,-0.11534196721631887,-0.18944573480940763,-0.37243028735170974,-0.08993461677306268,-0.15582333415782523,0.033303879387228896,0.03739625974581566,0.19711707002628187,1.336827010441284,0.17815640037075228,0.18954664032941157,-0.8193457402006955,0.3465891
2018-06-07,-0.11534196721631887,-0.18944573480940763,-0.37243028735170974,-0.08993461677306268,-0.15582333415782523,-0.6844040588264022,-0.010992990831334946,0.20881936365398454,1.1840966436331661,0.18056742266647582,0.19099041539677394,-0.8186408444194114,-0.26806593
2018-06-08,-0.11534196721631887,-0.18944573480940763,-0.37243028735170974,-0.08993461677306268,-0.15582333415782523,0.07820100063461634,-0.5804972476239536,0.6113782644469555,0.6927611333466469,0.1628528886957131,0.188341135173045,-0.8181126040754207,-0.90975165
2018-06-11,-0.11534196721631887,-0.18944573480940763,-0.37243028735170974,-0.08993461677306268,-0.15582333415782523,-0.9087819981059112,0.40031563907444523,0.2357346389977006,0.5678076569591468,0.14059130914422463,0.18144090595523094,-0.8175894560915001,-0.24517775
2018-06-12,-0.11534196721631887,-0.18944573480940763,-0.37243028735170974,-0.08993461677306268,-0.15582333415782523,-0.3704472109669739,-0.010992990831334946,0.10232849164189046,0.7334721365181127,0.1280039428822783,0.17321751170092786,-0.8165975169699408,0.549078
2018-06-13,-0.11534196721631887,-0.18944573480940763,-0.37243028735170974,-0.08993461677306268,-0.15582333415782523,-0.3255500897195866,0.002034884324051757,0.10232849164189046,0.31099982051415764,0.10067539737184034,0.16076983054067398,-0.8161694834030606,-0.82172155
2018-06-14,-0.11534196721631887,-0.18944573480940763,-0.37243028735170974,-0.08993461677306268,-0.15582333415782523,-0.6844040588264022,0.04670188485680615,0.11754147335790391,0.3291145370491301,0.07645823320817653,0.14561090728530604,-0.8155223460840736,0.052440166
2018-06-15,-0.11534196721631887,-0.18944573480940763,-0.37243028735170974,-0.08993461677306268,-0.15582333415782523,-0.10127981739750541,0.002034884324051757,0.12339262017175522,-0.16396674284159668,0.037359511414798284,0.12508708839472307,-0.8150926232108461,-1.0272563
2018-06-18,-0.11534196721631887,-0.18944573480940763,-0.37243028735170974,-0.08993461677306268,-0.15582333415782523,0.39226551545147237,-0.010992990831334946,0.11169032654405257,-0.18793677096391306,0.0029339888918226502,0.10127495000343689,-0.8149040894339425,-0.052952766
2018-06-19,-0.11534196721631887,-0.18944573480940763,-0.37243028735170974,-0.08993461677306268,-0.15582333415782523,0.48195209098881925,-0.3199397445162196,1.2081952394597906,-0.8410816376087322,-0.052634834862732405,0.07029150781402144,-0.8151537732252055,-1.6159832
2018-06-20,-0.11534196721631887,-0.18944573480940763,-0.37243028735170974,-0.08993461677306268,-0.15582333415782523,-0.5947174832890552,0.26259238743178576,0.3059484007639165,-0.6499037103842906,-0.09116508983414343,0.03723015536706801,-0.8154696900457994,0.43621063
2018-06-21,-0.11534196721631887,-0.18944573480940763,-0.37243028735170974,-0.08993461677306268,-0.15582333415782523,-0.8189877556111365,0.07275763516757958,0.13860560188776866,-0.8549781832125268,-0.1317096160334447,0.002073898130127195,-0.8159265913421676,-0.5576372
2018-06-22,-0.11534196721631887,-0.18944573480940763,-0.37243028735170974,-0.08993461677306268,-0.15582333415782523,-1.2676359672127266,-0.048215491275296965,0.13275445507391734,-0.9594922253237088,-0.1690993470240668,-0.03408077212717182,-0.8165482560779977,-0.29117465
2018-06-25,-0.11534196721631887,-0.18944573480940763,-0.37243028735170974,-0.08993461677306268,-0.15582333415782523,-0.4152366652569336,0.07461876018977766,0.20179798747736297,-1.4320982756589684,-0.2224678007494473,-0.07446569741417175,-0.8176370125811666,-1.4871299
2018-06-26,-0.11534196721631887,-0.18944573480940763,-0.37243028735170974,-0.08993461677306268,-0.15582333415782523,-0.5498203620416678,-0.08171574167486277,0.09764757419080938,-0.8712893548233879,-0.24495374280237212,-0.11160262584835277,-0.818226396469833,1.2405992
2018-06-27,-0.11534196721631887,-0.18944573480940763,-0.37243028735170974,-0.08993461677306268,-0.15582333415782523,-0.10127981739750541,0.018785009523834655,0.11286055590682284,-0.9194550512591048,-0.264598049486687,-0.14553089890472598,-0.8187936964519897,-0.14638901
2018-06-28,-0.11534196721631887,-0.18944573480940763,-0.37243028735170974,-0.08993461677306268,-0.15582333415782523,0.033303879387228896,0.03553513472361756,0.6523362921439148,-0.6045757023605227,-0.26804017434645777,-0.17341273389264963,-0.8190263815082757,0.72762966
2018-06-29,-0.11534196721631887,-0.18944573480940763,-0.37243028735170974,-0.08993461677306268,-0.15582333415782523,-1.2227388459653392,0.009479384412844155,0.25094762071371407,-0.6836716036952385,-0.27352615424641336,-0.19689634830732344,-0.8198977228468312,-0.21024346
2018-07-02,-0.11534196721631887,-0.18944573480940763,-0.37243028735170974,-0.08993461677306268,-0.15582333415782523,-1.1330522704279924,0.002034884324051757,0.14445674870161998,-0.22131388024775075,-0.25953871052694666,-0.21267935409682556,-0.8206875368233553,1.1182547
2018-07-03,-0.11534196721631887,-0.18944573480940763,-0.37243028735170974,-0.08993461677306268,-0.15582333415782523,-1.2227388459653392,0.19373076161045608,0.18190408831026844,-0.8534316760489976,-0.27597968656196853,-0.22883655495471183,-0.8222824490451515,-1.7416358
2018-07-04,-0.11534196721631887,-0.18944573480940763,-0.37243028735170974,-0.08993461677306268,-0.15582333415782523,-1.4022196639974611,-0.33110649464940817,0.027433812424593532,-0.8534316760489976,-0.288228124064903,-0.24439273957820812,-0.8239911543802135,0.0
2018-07-05,-0.11534196721631887,-0.18944573480940763,-0.37243028735170974,-0.08993461677306268,-0.15582333415782523,-0.9984685736432581,0.07834101023417386,0.08828573928864729,-0.5208899781859521,-0.28441100201481506,-0.2560179378837204,-0.8253601682441177,0.80469847
2018-07-06,-0.11534196721631887,-0.18944573480940763,-0.37243028735170974,-0.08993461677306268,-0.15582333415782523,-0.7293011800737895,0.015062759479438461,0.09296665673972836,-0.020766498303625116,-0.25873958810418807,-0.2598050095212547,-0.8259937120384117,1.3862014
2018-07-09,-0.11534196721631887,-0.18944573480940763,-0.37243028735170974,-0.08993461677306268,-0.15582333415782523,-0.4152366652569336,-0.02402086598672165,0.07307275757263385,0.3979885578246366,-0.21589701876344036,-0.253633973281798,-0.8261041135996151,1.388514
2018-07-10,-0.11534196721631887,-0.18944573480940763,-0.37243028735170974,-0.08993461677306268,-0.15582333415782523,0.25768181866673806,0.1788417614328713,0.18658500576134954,0.34580525478984175,-0.1843476062415105,-0.2419217225368868,-0.8264319281688707,-0.120681524
2018-07-11,-0.11534196721631887,-0.18944573480940763,-0.37243028735170974,-0.08993461677306268,-0.15582333415782523,0.5716386665261661,-0.2752727439834652,0.09881780355357969,-0.1807855900426575,-0.18113879568900565,-0.23186281101679415,-0.8269109176848712,-1.297611
2018-07-12,-0.11534196721631887,-0.18944573480940763,-0.37243028735170974,-0.08993461677306268,-0.15582333415782523,0.8408060600956347,0.015062759479438461,0.07541321629817438,0.31580549003699004,-0.15216701010653813,-0.21759382058120352,-0.8268718501393137,1.6765952
2018-07-13,-0.11534196721631887,-0.18944573480940763,-0.37243028735170974,-0.08993461677306268,-0.15582333415782523,-0.3704472109669739,0.3091205129867383,0.21115982237952505,0.3590598855882479,-0.12768399607110223,-0.20092075708321722,-0.8264489132456262,0.15704632
2018-07-16,-0.11534196721631887,-0.18944573480940763,-0.37243028735170974,-0.08993461677306268,-0.15582333415782523,-0.5050309077517082,-0.2138556182509279,0.03913610605229617,0.26578490068839566,-0.11314681939218378,-0.18446036215879688,-0.8260803209777067,-0.21951795
2018-07-17,-0.11534196721631887,-0.18944573480940763,-0.37243028735170974,-0.08993461677306268,-0.15582333415782523,-0.7293011800737895,0.009479384412844146,0.1702017946825658,0.35313660742120956,-0.09836777196570867,-0.1681181589287297,-0.8251019638791801,0.28284788
2018-07-18,-0.11534196721631887,-0.18944573480940763,-0.37243028735170974,-0.08993461677306268,-0.15582333415782523,-0.8189877556111365,0.2011752616992485,0.29658656586175436,0.10505572034477773,-0.0971487654854857,-0.1547826075390102,-0.8244395415725914,-0.5484462
2018-07-19,-0.11534196721631887,-0.18944573480940763,-0.37243028735170974,-0.08993461677306268,-0.15582333415782523,-0.4152366652569336,-0.3199397445162196,0.03913610605229619,0.35954864853936697,-0.08495726365997901,-0.14149596976138298,-0.8233490806671462,0.7773161
2018-07-20,-0.11534196721631887,-0.18944573480940763,-0.37243028735170974,-0.08993461677306268,-0.15582333415782523,-0.19096639293485226,0.3482041384528985,0.2076491342912143,0.25081970992693775,-0.08070830892544961,-0.12995417153915434,-0.822241636122653,-0.22931099
2018-07-23,-0.11534196721631887,-0.18944573480940763,-0.37243028735170974,-0.08993461677306268,-0.15582333415782523,-0.3704472109669739,-0.17849424282916398,0.18892546448689004,0.28211560202081276,-0.07752037015640573,-0.12003610437536842,-0.8206382335190403,0.088799
2018-07-24,-0.11534196721631887,-0.18944573480940763,-0.37243028735170974,-0.08993461677306268,-0.15582333415782523,-0.6396146045364425,0.1788417614328713,0.2099895930167548,0.5330631031453062,-0.06477870464194938,-0.10936530309300263,-0.819182602089596,0.7254362
2018-07-25,-0.11534196721631887,-0.18944573480940763,-0.37243028735170974,-0.08993461677306268,-0.15582333415782523,-0.4152366652569336,-0.3199397445162196,0.06605138139601226,0.8252553323105897,-0.04102427384451466,-0.09572725844980286,-0.8173719755111942,0.9430051
2018-07-26,-0.11534196721631887,-0.18944573480940763,2.685066263302147,-0.08993461677306268,-0.15582333415782523,-1.2227388459653392,0.07461876018977766,0.05083839967999883,0.6488716054596532,-0.029668300374327494,-0.0823780606940531,-0.8158925586483792,-0.31310916
2018-07-27,-0.11534196721631887,-0.18944573480940763,-0.37243028735170974,-0.08993461677306268,-0.15582333415782523,-0.6396146045364425,0.35750976356388897,0.26147968497864643,-0.1579860153850835,-0.05053510479672355,-0.07617997137229042,-0.8148955278856034,-1.6631544
2018-07-30,-0.11534196721631887,-0.18944573480940763,-0.37243028735170974,-0.08993461677306268,-0.15582333415782523,0.975389756880369,-0.09474361683024947,-0.21246320694331067,-0.3838174955595362,-0.07795974174954855,-0.07711110187366878,-0.8144318312645961,-0.5602658
2018-07-31,-0.11534196721631887,-0.18944573480940763,-0.37243028735170974,-0.08993461677306268,-0.15582333415782523,2.0969564524056308,-0.5618859974019725,-1.115880275001955,-0.3035973861052633,-0.09782446698732362,-0.08212207276354384,-0.8133498794311653,0.20009279
2018-08-01,8.669871202426636,-0.18944573480940763,-0.37243028735170974,-0.08993461677306268,-0.15582333415782523,1.8277890588361623,1.2359607740413923,-5.457431210879637,1.1868098894098893,-0.019034417921519088,-0.0692102233935295,-0.8103638759086395,5.891013
2018-08-02,8.669871202426636,-0.18944573480940763,-0.37243028735170974,-0.08993461677306268,-0.15582333415782523,1.917475634373509,-0.26038374380588036,-4.266137719579507,1.597205160128694,0.09070969225995977,-0.03531255127560044,-0.8066288231688858,2.9230714
2018-08-03,8.669871202426636,-0.18944573480940763,-0.37243028735170974,-0.08993461677306268,-0.15582333415782523,1.2445571504498376,-0.009131865809136858,-1.9151469297740455,1.633149407691184,0.17827117024514888,0.010609928410327953,-0.8032283681025126,0.28930902
2018-08-06,-0.11534196721631887,-0.18944573480940763,-0.37243028735170974,-0.08993461677306268,-0.15582333415782523,0.7960166058056753,-0.6195808730901137,0.06020023458216094,1.698879691591946,0.2515537974443391,0.06308578702829694,-0.8000877980811794,0.5192518
2018-08-07,-0.11534196721631887,-0.18944573480940763,-0.37243028735170974,-0.08993461677306268,-0.15582333415782523,-0.3255500897195866,-0.04077099118650456,0.041476564777836705,1.3025872722180916,0.28684804853426066,0.11264612176671633,-0.7972410775075668,-0.9374857
2018-08-08,-0.11534196721631887,-0.18944573480940763,-0.37243028735170974,-0.08993461677306268,-0.15582333415782523,-0.5947174832890552,0.009479384412844162,0.06839184012155279,1.3134713131508255,0.3099151865581196,0.1572481930124496,-0.7939510297532272,0.06759167
2018-08-09,-0.11534196721631887,-0.18944573480940763,-0.37243028735170974,-0.08993461677306268,-0.15582333415782523,-0.10127981739750541,0.20303638672144658,0.20881936365398454,1.440889607483146,0.33586626926363794,0.1985029975332137,-0.7909191576096747,0.7864952
2018-08-10,-0.11534196721631887,-0.18944573480940763,-0.37243028735170974,-0.08993461677306268,-0.15582333415782523,-0.5050309077517082,0.0057571343684479515,0.19945752875182243,1.3040404192160127,0.3445434552617827,0.2333703178382987,-0.7880439337654326,-0.2968192
2018-08-13,-0.11534196721631887,-0.18944573480940763,-0.37243028735170974,-0.08993461677306268,-0.15582333415782523,-0.3255500897195866,-0.2641059938502766,0.0777536750237149,1.4170639881507276,0.35638959981550533,0.263808203244456,-0.7848689579652066,0.6456852
2018-08-14,-0.11534196721631887,-0.18944573480940763,-0.37243028735170974,-0.08993461677306268,-0.15582333415782523,0.39226551545147237,0.3258706381865213,0.24509647389986272,1.4898967902458569,0.36663935155253036,0.29035970599216737,-0.7816357197861946,0.4213214
2018-08-15,-0.11534196721631887,-0.18944573480940763,-0.37243028735170974,-0.08993461677306268,-0.15582333415782523,-0.10127981739750541,0.05786863498999477,0.19828729938905218,1.531064200833477,0.37217944051438767,0.312790674853711,-0.7781406125257518,0.23361444
2018-08-16,-0.11534196721631887,-0.18944573480940763,-0.37243028735170974,-0.08993461677306268,-0.15582333415782523,-0.6844040588264022,-0.4111348706039265,0.13509491379945787,1.7689849673429299,0.3961664419374685,0.33588679946891603,-0.7743719116789737,1.4649987
2018-08-17,-0.11534196721631887,-0.18944573480940763,-0.37243028735170974,-0.08993461677306268,-0.15582333415782523,-0.6396146045364425,0.35750976356388897,0.36914078635351083,2.0289209892787623,0.4444472937506519,0.3647322958320238,-0.7698023595749661,1.996994
2018-08-20,-0.11534196721631887,-0.18944573480940763,-0.37243028735170974,-0.08993461677306268,-0.15582333415782523,-0.10127981739750541,-0.30691186936083287,0.08711550992587702,1.5428748807743926,0.4565254266311399,0.3904025429411554,-0.7656230199847095,-0.97435117
2018-08-21,-0.11534196721631887,-0.18944573480940763,-0.37243028735170974,-0.08993461677306268,-0.15582333415782523,-0.10127981739750541,-0.07985461665266465,-0.01937536208621703,1.448919748489195,0.454673441958844,0.41054101603606724,-0.7617513656205854,-0.19493699
2018-08-22,-0.11534196721631887,-0.18944573480940763,-0.37243028735170974,-0.08993461677306268,-0.15582333415782523,-0.2806529684721991,-0.03518761611991027,0.01924220688520169,1.449741955080995,0.4456139441942552,0.4247062141248527,-0.7581871491968988,0.0046491623
2018-08-23,-0.11534196721631887,-0.18944573480940763,-0.37243028735170974,-0.08993461677306268,-0.15582333415782523,-0.19096639293485226,0.16209163623308837,0.13626514316222813,1.4880808716222877,0.4346966825820027,0.4336938265044694,-0.7544443335553386,0.2045989
2018-08-24,-0.11534196721631887,-0.18944573480940763,-0.37243028735170974,-0.08993461677306268,-0.15582333415782523,-0.6396146045364425,-0.007270740786938753,0.08945596865141756,1.5477907179503976,0.42441982290247565,0.43867690039541296,-0.7500386894548126,0.31092167
2018-08-27,-0.11534196721631887,-0.18944573480940763,-0.37243028735170974,-0.08993461677306268,-0.15582333415782523,0.25768181866673806,0.14161926098890926,0.17605294149641712,1.699709757780125,0.42427626463546264,0.4426325295266422,-0.7451479067631818,0.823462
2018-08-28,-0.11534196721631887,-0.18944573480940763,-0.37243028735170974,-0.08993461677306268,-0.15582333415782523,-0.19096639293485226,0.08392438530076818,0.20296821684013322,1.8362714518958112,0.43190240546692765,0.44743479139361697,-0.740021675022539,0.8075595
2018-08-29,-0.11534196721631887,-0.18944573480940763,-0.37243028735170974,-0.08993461677306268,-0.15582333415782523,-0.23586351418223972,0.21420313685463518,0.3293529880193218,2.053315197131464,0.45855739797314043,0.4570009171779148,-0.7362404273021494,1.4929414
2018-08-30,-0.11534196721631887,-0.18944573480940763,-0.37243028735170974,-0.08993461677306268,-0.15582333415782523,0.9306003025904096,-0.11149374203003237,0.21584073983060612,2.1683631022831547,0.4892749802755593,0.4712505991304359,-0.7331101749889029,0.9193659
2018-08-31,-0.11534196721631887,-0.18944573480940763,-0.37243028735170974,-0.08993461677306268,-0.15582333415782523,0.7511194845582878,-0.04821549127529696,0.24275601517432221,2.297038714942531,0.5275391986464338,0.49086781046442535,-0.7296386856689037,1.1554003
2018-09-03,-0.11534196721631887,-0.18944573480940763,-0.37243028735170974,-0.08993461677306268,-0.15582333415782523,-1.0433656948906456,-0.07799349163046655,0.21467051046783586,2.297038714942531,0.5489940458181134,0.5111691340507595,-0.7263506255452239,0.0
2018-09-04,-0.11534196721631887,-0.18944573480940763,-0.37243028735170974,-0.08993461677306268,-0.15582333415782523,0.5268492122362067,0.2328143870766162,0.35275757527472706,2.3333236968225206,0.5632920439397006,0.5304807720450311,-0.722605216998134,0.32069683
2018-09-05,-0.11534196721631887,-0.18944573480940763,2.685066263302147,-0.08993461677306268,-0.15582333415782523,-0.5050309077517082,0.38542663889686046,-0.23820825292425649,1.896135124458352,0.5527905566043891,0.5436748263184937,-0.7191375721080692,-0.6524801
2018-09-06,-0.11534196721631887,-0.18944573480940763,-0.37243028735170974,-0.08993461677306268,-0.15582333415782523,0.25768181866673806,-0.8857217512644422,0.03562541796398538,0.9578548960203164,0.5034366549776583,0.5436310293126027,-0.7165893684996726,-1.6617417
2018-09-07,-0.11534196721631887,-0.18944573480940763,-0.37243028735170974,-0.08993461677306268,-0.15582333415782523,0.12309812188200377,-0.05565999136408934,0.1011582622791202,0.5804687562080335,0.44109022261202413,0.5302067289506197,-0.7142422929861394,-0.80681443
2018-09-10,-0.11534196721631887,5.278556421478968,-0.37243028735170974,-0.08993461677306268,-0.15582333415782523,1.3343513929446125,0.08764663534516436,0.4557377591985104,0.031637185834388425,0.35924711143401494,0.5018909995478353,-0.7126298587038252,-1.3420701
2018-09-11,-0.11534196721631887,-0.18944573480940763,-0.37243028735170974,-0.08993461677306268,-0.15582333415782523,1.065183999375144,-0.10591036696343807,0.10349872100466072,0.6668557106696027,0.33583340813185586,0.47421018564034895,-0.7102265343209011,2.528286
2018-09-12,-0.11534196721631887,-0.18944573480940763,2.685066263302147,-0.08993461677306268,6.4175240852384325,1.8726861800835497,0.41334351422983195,-0.04746086679270337,0.22029488194415714,0.28732105913957495,0.44164722246370797,-0.7083805782365189,-1.2419045
2018-09-13,-0.11534196721631887,-0.18944573480940763,-0.37243028735170974,-0.08993461677306268,-0.15582333415782523,1.3791408472345719,-0.2231612433619184,0.11286055590682285,0.7323004090035359,0.2892976721240515,0.4160213411772636,-0.7061494150171502,2.415526
2018-09-14,-0.11534196721631887,-0.18944573480940763,-0.37243028735170974,-0.08993461677306268,-0.15582333415782523,1.1099734536651034,0.21978651192122947,0.2392453270860114,0.35654230981570995,0.2630084221811061,0.38987486522230175,-0.7050824110289056,-1.1351109
2018-09-17,-0.11534196721631887,-0.18944573480940763,-0.37243028735170974,-0.08993461677306268,-0.15582333415782523,1.0202868781277565,-0.35530111993798347,0.03562541796398538,-0.3698258959443503,0.18581528522446378,0.3523800046368301,-0.7046699370517653,-2.662611
2018-09-18,-0.11534196721631887,-0.18944573480940763,-0.37243028735170974,-0.08993461677306268,-0.15582333415782523,1.1997676961598782,-0.033326491097712144,0.13275445507391734,-0.3306762769178369,0.12379191017387967,0.30906423186818077,-0.7041245196970639,0.16522408
2018-09-19,-0.11534196721631887,-0.18944573480940763,-0.37243028735170974,-0.08993461677306268,-0.15582333415782523,0.3024712729566975,0.08578551032296626,0.09647734482803913,-0.3156645089718615,0.07238960817225196,0.2633726672097482,-0.7035586344191164,0.05955696
2018-09-20,-0.11534196721631887,-0.18944573480940763,-0.37243028735170974,-0.08993461677306268,-0.15582333415782523,-0.10127981739750541,0.2886481377425592,0.27435220796911935,-0.12089983497123977,0.04300864871929989,0.2205096817701056,-0.702784795529808,0.7601738
2018-09-21,-0.11534196721631887,-0.18944573480940763,-0.37243028735170974,-0.08993461677306268,-0.15582333415782523,0.5716386665261661,-0.07427124158607035,0.20530867556567373,-0.42105436967286936,-0.003327274591695051,0.17626838157353666,-0.7025291085907549,-1.0771215
2018-09-24,-0.11534196721631887,-0.18944573480940763,-0.37243028735170974,-0.08993461677306268,-0.15582333415782523,0.21278469741935063,-0.15802186758498488,0.11520101463236337,-0.054627542413675734,-0.015276688532118797,0.13830913454648938,-0.7020433287820917,1.4380217
2018-09-25,-0.11534196721631887,-0.18944573480940763,-0.37243028735170974,-0.08993461677306268,-0.15582333415782523,0.12309812188200377,0.25700901236519147,0.25913922625310587,0.09790944316919659,-0.014976420900493692,0.10800622116340038,-0.701618903861111,0.63408613
2018-09-26,-0.11534196721631887,-0.18944573480940763,-0.37243028735170974,-0.08993461677306268,-0.15582333415782523,-0.4601337865043209,-0.29202286918324805,0.27786289605743014,-0.1427267789398781,-0.03225456930322393,0.0800533065446606,-0.7020552416266825,-0.7966161
2018-09-27,-0.11534196721631887,-0.18944573480940763,-0.37243028735170974,-0.08993461677306268,-0.15582333415782523,-0.4601337865043209,0.33517626329751177,0.286054501596822,0.3361114764109755,-0.009107759760357544,0.06266188823159877,-0.7020688854711392,2.0551682
2018-09-28,-0.11534196721631887,-0.18944573480940763,2.685066263302147,-0.08993461677306268,-0.15582333415782523,-0.9535714523958707,0.29609263783135165,0.18892546448689004,0.41196055331445575,0.013390359956342829,0.053580357010593715,-0.7023910347538741,0.35119057
2018-10-01,-0.11534196721631887,-0.18944573480940763,-0.37243028735170974,-0.08993461677306268,-0.15582333415782523,-1.312533088460114,-0.4483573710478885,0.19243615257520086,0.5577414720775989,0.041380376382163984,0.05232615255710992,-0.7024541112963233,0.67334175
2018-10-02,-0.11534196721631887,-0.18944573480940763,-0.37243028735170974,-0.08993461677306268,-0.15582333415782523,-1.4022196639974611,0.11556351067813589,0.2825438135085112,0.7432476920156633,0.07764050435814168,0.05910986457605601,-0.7022973106000148,0.8888483
2018-10-03,-0.11534196721631887,-0.18944573480940763,-0.37243028735170974,-0.08993461677306268,-0.15582333415782523,-1.312533088460114,0.04670188485680617,0.29658656586175436,0.9783306605179146,0.12656689349235903,0.07504406379563805,-0.7014109818793164,1.2168527
2018-10-04,-0.11534196721631887,-0.18944573480940763,-0.37243028735170974,-0.08993461677306268,-0.15582333415782523,-0.3704472109669739,-0.03518761611991027,0.3352041348331731,0.3515783884132376,0.12597320796495867,0.08766392571523537,-0.700577495380017,-1.7580926
2018-10-05,-0.11534196721631887,-0.18944573480940763,-0.37243028735170974,-0.08993461677306268,-0.15582333415782523,-0.6396146045364425,-0.42788499580370937,0.18892546448689004,-0.1283022951115115,0.08984528048659875,0.090001130502979,-0.7000678532206301,-1.6228855
2018-10-08,-0.11534196721631887,5.278556421478968,-0.37243028735170974,-0.08993461677306268,-0.15582333415782523,-1.088155149180605,-0.018437490920127367,0.7716996871464816,-0.1921451417841406,0.05354673885501991,0.08407556919314536,-0.6991406130944672,-0.23183823
2018-10-09,-0.11534196721631887,-0.18944573480940763,-0.37243028735170974,-0.08993461677306268,-0.15582333415782523,-0.4601337865043209,-0.11521599207442855,-0.026396738262838615,0.14043424900019402,0.04855656989954554,0.07826345203512615,-0.6986258620413738,1.3853431
2018-10-10,-0.11534196721631887,-0.18944573480940763,-0.37243028735170974,-0.08993461677306268,-0.15582333415782523,-0.4152366652569336,0.2923703877869554,0.14562697806439026,-0.9423259225900021,-0.04850528043263607,0.05276915552241332,-0.6994286728939662,-4.632604
2018-10-11,-0.11534196721631887,-0.18944573480940763,-0.37243028735170974,-0.08993461677306268,-0.15582333415782523,0.48195209098881925,-0.1896609929623526,-0.09778072939182476,-1.0932286623598075,-0.14288251320520387,0.012105652924230804,-0.701467234342976,-0.8827925
2018-10-12,-0.11534196721631887,-0.18944573480940763,-0.37243028735170974,-0.08993461677306268,-0.15582333415782523,-0.8638848768585238,0.14534151103330548,-0.01001352718405493,-0.3335482953887721,-0.15205099044553283,-0.022394133524341168,-0.7017621124704342,3.5719275
2018-10-15,-0.11534196721631887,-0.18944573480940763,-0.37243028735170974,-0.08993461677306268,-0.15582333415782523,-0.7741983013211768,0.048563009879004256,0.11637124399513363,-0.7202540813891585,-0.20072858317913958,-0.060447761798429214,-0.7018507428265159,-2.138579
2018-10-16,-0.11534196721631887,-0.18944573480940763,-0.37243028735170974,-0.08993461677306268,-0.15582333415782523,-0.5050309077517082,-0.2678282438946728,0.04732771159168801,-0.31137499752450337,-0.19803369398979062,-0.09031192112656294,-0.7011842848748913,2.2037148
2018-10-17,-0.11534196721631887,-0.18944573480940763,-0.37243028735170974,-0.08993461677306268,-0.15582333415782523,-0.7741983013211768,0.22536988698782381,0.11871170272067416,-0.39177070817236925,-0.20440640784923783,-0.1155718263424951,-0.7007036189919112,-0.43213367
2018-10-18,-0.11534196721631887,-0.18944573480940763,-0.37243028735170974,-0.08993461677306268,-0.15582333415782523,-0.14606927168746484,0.007618259390646057,0.07892390438648518,-0.7987622836804411,-0.25389703109681516,-0.14640815271148466,-0.7013871173720311,-2.3373544
2018-10-19,-0.11534196721631887,-0.18944573480940763,-0.37243028735170974,-0.08993461677306268,-0.15582333415782523,-0.3255500897195866,-0.13010499225201339,0.07190252820986358,-0.5083502794432753,-0.2640903699560953,-0.17326629323243065,-0.7011058852455906,1.523006
2018-10-22,-0.11534196721631887,-0.18944573480940763,-0.37243028735170974,-0.08993461677306268,-0.15582333415782523,-1.088155149180605,0.15092488609989976,0.21115982237952505,-0.39327606732356496,-0.26009391113548336,-0.19389454263047975,-0.7011297475963143,0.6110072
2018-10-23,-0.11534196721631887,-0.18944573480940763,-0.37243028735170974,-0.08993461677306268,-0.15582333415782523,-0.2806529684721991,-0.2324668684729089,-0.06852499532256817,-0.21533629481516242,-0.23868268066944293,-0.20579895457364566,-0.7010377213750475,0.9426713
2018-10-24,-0.11534196721631887,-0.18944573480940763,-0.37243028735170974,-0.08993461677306268,-0.15582333415782523,0.8857031813430222,0.09136888538956059,0.04381702350337724,-0.8304409085981224,-0.28718581050547975,-0.2257388163108463,-0.701946215232731,-3.4301639
2018-10-25,-0.11534196721631887,-0.18944573480940763,-0.37243028735170974,-0.08993461677306268,-0.15582333415782523,-0.3255500897195866,-0.0686878665194761,0.12573307889729574,-0.4322359581641102,-0.2840546195828591,-0.24101826404812735,-0.7028240219420473,2.1897793
2018-10-26,-0.11534196721631887,-0.18944573480940763,-0.37243028735170974,-0.08993461677306268,-0.15582333415782523,-0.3255500897195866,0.13789701094451312,0.09647734482803914,-0.6923386205588349,-0.3108770743225403,-0.25900210202747437,-0.7044330574837612,-1.592356
2018-10-29,-0.11534196721631887,-0.18944573480940763,2.685066263302147,-0.08993461677306268,-0.15582333415782523,0.48195209098881925,-0.1077714919856362,-0.07203568341087899,-0.9701784951555047,-0.36566142510515154,-0.28515443370630666,-0.7069931775310176,-1.8770218
2018-10-30,-0.11534196721631887,-0.18944573480940763,-0.37243028735170974,-0.08993461677306268,-0.15582333415782523,1.9623727556208965,-0.15057736749619247,-0.0345883438022305,-0.8734969061058346,-0.3978434246539573,-0.31298757258442106,-0.7097169360115937,0.49943924
2018-10-31,-0.11534196721631887,-0.18944573480940763,2.685066263302147,-0.08993461677306268,6.4175240852384325,0.8857031813430222,0.45614938974038827,0.16318041850594422,-0.3987736612711457,-0.3733782286769961,-0.330000039070172,-0.7119685563714019,2.6066542
2018-11-01,8.669871202426636,-0.18944573480940763,-0.37243028735170974,-0.08993461677306268,-0.15582333415782523,1.3343513929446125,0.27562026258717254,0.23456440963493036,-0.14266681810812837,-0.32366716989640476,-0.332934270236326,-0.7129520417726869,1.5352249
2018-11-02,-0.11534196721631887,-0.18944573480940763,-0.37243028735170974,-0.08993461677306268,-0.15582333415782523,1.5586216652666938,-1.6860055108096252,1.56043427765364,-1.1095600769824934,-0.4098877748503424,-0.35379803679713184,-0.7158172706741828,-6.633067
2018-11-05,-0.11534196721631887,-0.18944573480940763,-0.37243028735170974,-0.08993461677306268,-0.15582333415782523,1.1997676961598782,0.42264913934082243,-0.3587418772895938,-1.3953959795813942,-0.5257672938573834,-0.3953748577704631,-0.719597816074444,-2.8388262
2018-11-06,-0.11534196721631887,5.278556421478968,-0.37243028735170974,-0.08993461677306268,-0.15582333415782523,-0.011485574902730533,-0.27155049393906905,1.3474525336294518,-1.221925642808559,-0.594390754270753,-0.4433736059694177,-0.7235351657652827,1.0814071
2018-11-07,-0.11534196721631887,-0.18944573480940763,-0.37243028735170974,-0.08993461677306268,-0.15582333415782523,-0.6396146045364425,0.8674580196461684,0.07658344566094465,-0.7622699657529104,-0.5909220695372648,-0.48102768409678454,-0.7246277350688202,3.0328274
2018-11-08,-0.11534196721631887,-0.18944573480940763,-0.37243028735170974,-0.08993461677306268,-0.15582333415782523,-0.7741983013211768,-0.07985461665266463,0.7436141824399956,-0.8046798564424774,-0.5902619033678091,-0.5110091720340251,-0.7255196054331918,-0.34769773
2018-11-09,-0.11534196721631887,-0.18944573480940763,2.685066263302147,-0.08993461677306268,-0.15582333415782523,-0.9087819981059112,0.6478452670267925,0.3621194101768892,-1.0358401935175707,-0.6201082006810581,-0.5414040301369794,-0.7284047034527477,-1.9281507
2018-11-12,-0.11534196721631887,-0.18944573480940763,-0.37243028735170974,-0.08993461677306268,-0.15582333415782523,0.9306003025904096,-1.5817825095665317,-0.6419373830799978,-1.5343314814045872,-0.7275327904285932,-0.5887899785963696,-0.7322419232838285,-5.037415
2018-11-13,-0.11534196721631887,5.278556421478968,-0.37243028735170974,-0.08993461677306268,-0.15582333415782523,1.1997676961598782,-3.390796031143085,4.040150297363831,-1.6165556730017023,-0.8226055296561822,-0.6471161668505652,-0.7372274113647077,-0.99912286
2018-11-14,-0.11534196721631887,5.278556421478968,-0.37243028735170974,-0.08993461677306268,-0.15582333415782523,0.8857031813430222,3.707534803520469,0.6593576683205364,-1.8357753781964277,-0.9369356230592715,-0.7183301769242657,-0.7429780193575813,-2.8247356
2018-11-15,-0.11534196721631887,-0.18944573480940763,-0.37243028735170974,-0.08993461677306268,-0.15582333415782523,0.21278469741935063,-0.6493588734452835,0.28137358414574093,-1.4512191666441168,-0.9786936310037984,-0.7842691625989607,-0.7470589148001588,2.4678826
2018-11-16,-0.11534196721631887,-0.18944573480940763,2.685066263302147,-0.08993461677306268,-0.15582333415782523,-0.9984685736432581,1.489073777060334,0.18307431767303872,-1.2809512852108234,-0.9845340975291749,-0.8382746256491601,-0.7513379730658198,1.1075735
2018-11-19,-0.11534196721631887,-0.18944573480940763,-0.37243028735170974,-0.08993461677306268,-0.15582333415782523,1.3791408472345719,-1.3100582563256087,-0.6992786218557406,-1.6254924280923453,-1.0463752978368293,-0.8947597572929161,-0.7571573200122483,-3.9632082
2018-11-20,-0.11534196721631887,5.278556421478968,-0.37243028735170974,-0.08993461677306268,-0.15582333415782523,0.7062223633109004,-1.7474226365421626,1.5019228095151267,-1.9540919314140652,-1.161794935316855,-0.964734908071981,-0.7648500545027254,-4.777795
2018-11-21,-0.11534196721631887,5.278556421478968,-0.37243028735170974,-0.08993461677306268,-0.15582333415782523,0.12309812188200377,1.3066835248849205,-0.3131029321415533,-1.9609994682736032,-1.2432160039907598,-1.0382006817003528,-0.7712747769586729,-0.113004446
2018-11-22,-0.11534196721631887,-0.18944573480940763,2.685066263302147,-0.08993461677306268,-0.15582333415782523,-0.5947174832890552,1.1503490230202795,-0.19373953713898648,-1.9609994682736032,-1.295352134388214,-1.108169841007238,-0.7785023102672127,0.0
2018-11-23,-0.11534196721631887,-0.18944573480940763,-0.37243028735170974,-0.08993461677306268,-0.15582333415782523,-0.9535714523958707,-0.07427124158607043,-0.34469912493635063,-2.12670302738927,-1.3625704674237398,-1.1785807005107838,-0.785901256412539,-2.539885
2018-11-26,-0.11534196721631887,-0.18944573480940763,-0.37243028735170974,-0.08993461677306268,-0.15582333415782523,0.25768181866673806,0.2737591375649745,3.2291813489640377,-1.901894916801479,-1.3821780263002206,-1.2391202266149512,-0.7922096690481898,1.3523698
2018-11-27,-0.11534196721631887,-0.18944573480940763,-0.37243028735170974,-0.08993461677306268,-0.15582333415782523,0.25768181866673806,-0.37763462020436067,4.386538188743828,-1.917805483629733,-1.3875695316712242,-1.2887097049623057,-0.7987637442071432,-0.2176106
2018-11-28,-0.11534196721631887,-0.18944573480940763,-0.37243028735170974,-0.08993461677306268,-0.15582333415782523,-0.7293011800737895,0.4747606399623692,0.6008462001820232,-1.2865702869117532,-1.3208639605086823,-1.3140558742078503,-0.8051195271493354,3.8452744
2018-11-29,-0.11534196721631887,-0.18944573480940763,2.685066263302147,-0.08993461677306268,-0.15582333415782523,-1.088155149180605,0.2681757624983801,0.31648046502884886,-1.3604198425035703,-1.2680175468956014,-1.3229837317052444,-0.8122857702670315,-0.7682085
2018-11-30,-0.11534196721631887,-0.18944573480940763,-0.37243028735170974,-0.08993461677306268,-0.15582333415782523,-0.6844040588264022,-0.03332649109771218,0.15498881296655237,-1.4134540320649438,-1.22301887485123,-1.3204622884267685,-0.8171055151107677,-0.5402386
2018-12-03,-0.11534196721631887,-0.18944573480940763,-0.37243028735170974,-0.08993461677306268,-0.15582333415782523,-0.6396146045364425,0.08764663534516438,0.11871170272067419,-0.8523878627950026,-1.1226656729559787,-1.296893693926419,-0.8198540122248067,3.4942389
2018-12-04,-0.11534196721631887,-0.18944573480940763,-0.37243028735170974,-0.08993461677306268,-0.15582333415782523,0.12309812188200377,-0.46696862126986943,-0.3587418772895937,-1.3152100086778398,-1.1036890800774422,-1.2739634834810212,-0.8243646614513236,-4.398876
2018-12-05,-0.11534196721631887,-0.18944573480940763,-0.37243028735170974,-0.08993461677306268,-0.15582333415782523,-1.2676359672127266,-0.007270740786938834,0.12339262017175519,-1.3152100086778398,-1.0787561243459278,-1.2502648163516723,-0.8299286851987039,0.0
2018-12-06,-0.11534196721631887,-0.18944573480940763,-0.37243028735170974,-0.08993461677306268,-0.15582333415782523,-0.6844040588264022,0.3482041384528985,-0.018205132723446794,-1.4227426366279785,-1.0663855686911492,-1.2286492331202152,-0.835704800998569,-1.1149466
2018-12-07,-0.11534196721631887,-0.18944573480940763,-0.37243028735170974,-0.08993461677306268,-0.15582333415782523,-1.2227388459653392,-0.25107811869488994,-0.07203568341087899,-1.7346701410001464,-1.1006403045134812,-1.2187131723662015,-0.8418589217375505,-3.5657048
2018-12-10,-0.11534196721631887,-0.18944573480940763,-0.37243028735170974,-0.08993461677306268,-0.15582333415782523,0.8857031813430222,-0.42230162073711514,-0.3002304091510805,-1.6242123591172555,-1.107900170357453,-1.2123234226188389,-0.846061438610893,0.6587982
2018-12-11,-0.11534196721631887,5.278556421478968,-0.37243028735170974,-0.08993461677306268,-0.15582333415782523,0.8857031813430222,0.08392438530076823,1.4083044604935058,-1.674232771072483,-1.1118180844498415,-1.2080530178976672,-0.8500980411598965,-0.57193637
2018-12-12,-0.11534196721631887,-0.18944573480940763,-0.37243028735170974,-0.08993461677306268,-0.15582333415782523,-0.9087819981059112,0.4877885151177559,0.4639293647379022,-1.622226394304111,-1.10068682471717,-1.202246190675302,-0.8531255009790404,0.27872324
2018-12-13,-0.11534196721631887,-0.18944573480940763,2.685066263302147,-0.08993461677306268,6.4175240852384325,1.1099734536651034,0.14906376107770172,0.04264679414060698,-1.41314027855766,-1.066022545029389,-1.1901563711142846,-0.856625035659821,1.0940194
2018-12-14,-0.11534196721631887,-0.18944573480940763,-0.37243028735170974,-0.08993461677306268,-0.15582333415782523,-0.3704472109669739,0.01134050943504225,0.020412436247971948,-1.732904548841505,-1.0762773504114902,-1.1826867951882365,-0.861422780702938,-3.199768
2018-12-17,-0.11534196721631887,5.278556421478968,-0.37243028735170974,-0.08993461677306268,-0.15582333415782523,-1.1779493916753798,-0.3385509947382006,1.8857580405037737,-1.8155725532714766,-1.0878053154898533,-1.1791868326972297,-0.8651720423062074,-0.93061924
2018-12-18,-0.11534196721631887,-0.18944573480940763,2.685066263302147,-0.08993461677306268,-0.15582333415782523,-0.9535714523958707,0.08392438530076823,-0.040439490616081784,-1.5622598733650315,-1.0686320540192424,-1.172269292123347,-0.8670381241394437,1.299262
2018-12-19,-0.11534196721631887,-0.18944573480940763,-0.37243028735170974,-0.08993461677306268,-0.15582333415782523,-1.1330522704279924,0.05972976001219282,-0.09661050002905451,-1.8537072350186332,-1.088499622793057,-1.171001936819089,-0.8697559995208084,-3.1191707
2018-12-20,-0.11534196721631887,-0.18944573480940763,-0.37243028735170974,-0.08993461677306268,-0.15582333415782523,0.5716386665261661,-0.17104974274037152,-0.10948302301952738,-2.052964353861977,-1.1290950182487824,-1.1787061523268336,-0.8731683092046174,-2.523464
2018-12-21,-0.11534196721631887,5.278556421478968,-0.37243028735170974,-0.08993461677306268,-0.15582333415782523,-0.6844040588264022,-0.6251642481567081,-0.07905705958750053,-2.3110093571687518,-1.2030142901287495,-1.2007441227889804,-0.8768559952320985,-3.8895667
2018-12-24,-0.11534196721631887,-0.18944573480940763,-0.37243028735170974,-0.08993461677306268,-0.15582333415782523,-1.4022196639974611,0.7948741437804425,-0.09895095875459503,-2.454564577924729,-1.2832763634585607,-1.2356112511023176,-0.8816092647927851,-2.5874019
2018-12-25,-0.11534196721631887,-0.18944573480940763,-0.37243028735170974,-0.08993461677306268,-0.15582333415782523,-1.2227388459653392,-0.5563026223353784,-0.293209032974459,-2.454564577924729,-1.334047920757735,-1.274408444064795,-0.8862975413468855,0.0
2018-12-26,-0.11534196721631887,-0.18944573480940763,-0.37243028735170974,-0.08993461677306268,-0.15582333415782523,-1.4022196639974611,0.5882892663164534,-0.09544027066628426,-1.3187655555967481,-1.272197509479043,-1.2921634591210176,-0.8903632265626528,7.0421576
2018-12-27,-0.11534196721631887,-0.18944573480940763,-0.37243028735170974,-0.08993461677306268,-0.15582333415782523,-0.7293011800737895,0.1378970109445131,0.04381702350337724,-1.3758370963590174,-1.2205271156355442,-1.2952709504238793,-0.8943656267683792,-0.64898133
2018-12-28,-0.11534196721631887,-0.18944573480940763,-0.37243028735170974,-0.08993461677306268,-0.15582333415782523,-0.6844040588264022,0.03739625974581566,-0.03692880252777102,-1.3677037382328925,-1.1679596149378761,-1.2864677637548683,-0.898188433581475,0.051236153
2018-12-31,-0.11534196721631887,-0.18944573480940763,-0.37243028735170974,-0.08993461677306268,-0.15582333415782523,-1.4022196639974611,0.5194276404951237,0.31296977694053807,-1.2082155561129198,-1.1029885236409738,-1.2654722907319154,-0.9028202714887905,0.9665251
2019-01-01,-0.11534196721631887,-0.18944573480940763,-0.37243028735170974,-0.08993461677306268,-0.15582333415782523,-1.4022196639974611,-0.5265246219802087,0.040306335415066424,-1.2082155561129198,-1.0420279757746902,-1.2355842763972893,-0.9060615378266483,0.0
2019-01-02,-0.11534196721631887,-0.18944573480940763,-0.37243028735170974,-0.08993461677306268,-0.15582333415782523,-0.05638269615011797,-0.06868786651947606,0.029774271150134066,-1.1869965394842126,-0.983355641200867,-1.1990736362655925,-0.9092720084692205,0.11410713
2019-01-03,-0.11534196721631887,5.278556421478968,-0.37243028735170974,-0.08993461677306268,-0.15582333415782523,1.693205362051428,-5.175614927431063,6.434439573591791,-2.081117706284377,-1.0639939970173873,-1.1871826849792684,-0.9148360314977473,-9.960735
2019-01-04,-0.11534196721631887,5.278556421478968,-0.37243028735170974,-0.08993461677306268,-0.15582333415782523,1.8726861800835497,0.6124838916050284,7.0780657231154365,-1.4694644299462658,-1.0653489811669756,-1.1779609147595045,-0.9182962326570773,4.2689323
2019-01-07,-0.11534196721631887,5.278556421478968,2.685066263302147,11.119188982851384,6.4175240852384325,1.0202868781277565,4.5394576884430204,0.31296977694053807,-1.4868299155859015,-1.0596204410339156,-1.1693532609237858,-0.9220027260556077,-0.22258162
2019-01-08,-0.11534196721631887,-0.18944573480940763,-0.37243028735170974,-0.08993461677306268,-0.15582333415782523,1.0202868781277565,-0.30132849429423864,0.6102080350841853,-1.211374520781666,-1.0213134995421083,-1.1542404970419362,-0.925060975819207,1.9063115
2019-01-09,-0.11534196721631887,-0.18944573480940763,-0.37243028735170974,-0.08993461677306268,-0.15582333415782523,1.3343513929446125,-0.24177249358389935,0.6429744572417527,-0.9705348188755948,-0.9601548702351596,-1.1290161108666963,-0.9277617532637751,1.6981721
2019-01-10,-0.11534196721631887,-0.18944573480940763,2.685066263302147,-0.08993461677306268,-0.15582333415782523,-0.05638269615011797,0.26073126240958766,0.45222707111019955,-0.9239825093613087,-0.8995941057923881,-1.0958308218499464,-0.9306951352530075,0.31961203
2019-01-11,-0.11534196721631887,-0.18944573480940763,-0.37243028735170974,-0.08993461677306268,-0.15582333415782523,0.4370549697414318,-0.6307476232233022,0.04030633541506655,-1.033954788505719,-0.8573949807630529,-1.0602200805344275,-0.9329511945348135,-0.98180175
2019-01-14,-0.11534196721631887,-0.18944573480940763,-0.37243028735170974,-0.08993461677306268,-0.15582333415782523,-0.05638269615011797,0.5659557660500761,0.09530711546526893,-1.198266737772407,-0.8367718072310082,-1.027302539764684,-0.9353355318332469,-1.503706
2019-01-15,-0.11534196721631887,-0.18944573480940763,-0.37243028735170974,-0.08993461677306268,-0.15582333415782523,0.4370549697414318,-0.4558018711366809,1.0396822112208726,-0.8725030017626858,-0.7871841704946198,-0.9903192707357802,-0.9375590852666611,2.0466685
2019-01-16,-0.11534196721631887,-0.18944573480940763,2.685066263302147,-0.08993461677306268,-0.15582333415782523,-0.3255500897195866,0.9437641455562904,0.35275757527472706,-0.6827704812510146,-0.7257903513758478,-0.9475479720486093,-0.9385767902637133,1.2216568
2019-01-17,-0.11534196721631887,-0.18944573480940763,-0.37243028735170974,-0.08993461677306268,-0.15582333415782523,0.033303879387228896,-0.4613852462032752,0.35041711654918656,-0.5889205089471333,-0.66401780062783,-0.900064914791658,-0.9387427024314913,0.5937815
2019-01-18,-0.11534196721631887,-0.18944573480940763,-0.37243028735170974,-0.08993461677306268,-0.15582333415782523,-1.1330522704279924,0.2905092627647573,0.041476564777836705,-0.48847635759042535,-0.602308373559235,-0.8488260068600132,-0.9377010545720934,0.6159425
2019-01-21,-0.11534196721631887,-0.18944573480940763,-0.37243028735170974,-0.08993461677306268,-0.15582333415782523,-1.088155149180605,-0.28457836909445566,-0.25225100527749966,-0.48847635759042485,-0.5496090173257452,-0.7965173840521714,-0.9359923449239085,0.0
2019-01-22,-0.11534196721631887,-0.18944573480940763,-0.37243028735170974,-0.08993461677306268,-0.15582333415782523,-0.23586351418223972,0.35378751351949267,0.06254069330770146,-0.8421770736023955,-0.5348464445446927,-0.7515001365422923,-0.9348857069333396,-2.2446156
2019-01-23,-0.11534196721631887,-0.18944573480940763,-0.37243028735170974,-0.08993461677306268,-0.15582333415782523,-0.5947174832890552,0.12114688574473018,0.0777536750237149,-0.7657516207731289,-0.5143648985171307,-0.711087806155986,-0.9354416001439559,0.40442944
2019-01-24,-0.11534196721631887,-0.18944573480940763,-0.37243028735170974,-0.08993461677306268,-0.15582333415782523,-0.4601337865043209,-0.11893824211882473,0.04849794095445831,-0.8900291113086801,-0.5054624299752978,-0.6768460844082363,-0.9360316992921184,-0.79262257
2019-01-25,-0.11534196721631887,-0.18944573480940763,-0.37243028735170974,-0.08993461677306268,-0.15582333415782523,-0.6844040588264022,-0.07985461665266469,-0.03926926125331153,-0.28480763288716143,-0.4517167180670846,-0.6379104995169859,-0.93577001208069,3.3136845
2019-01-28,-0.11534196721631887,-0.18944573480940763,-0.37243028735170974,-0.08993461677306268,-0.15582333415782523,0.3024712729566975,-0.003548490742542526,-0.021715820811757564,-0.4469323512530267,-0.4195307102486325,-0.5998498972694738,-0.9360163151026969,-0.9254515
2019-01-29,-0.11534196721631887,-0.18944573480940763,-0.37243028735170974,-0.08993461677306268,-0.15582333415782523,1.7381024832988154,0.09695226045615486,0.10583917973020127,-0.6236542311565149,-0.4059791873583392,-0.5664911462891764,-0.9365397017460675,-1.0364771
2019-01-30,-0.11534196721631887,-0.18944573480940763,-0.37243028735170974,-0.08993461677306268,-0.15582333415782523,1.4240379684819593,-0.8056933753099238,2.377254372867285,0.3876696384115163,-0.30233103985195064,-0.5175450966931531,-0.9352859675850151,6.83347
2019-01-31,-0.11534196721631887,-0.18944573480940763,2.685066263302147,-0.08993461677306268,6.4175240852384325,1.065183999375144,0.489649640139954,0.6909538611153336,0.47674765187950535,-0.20995622391058424,-0.45855022241092264,-0.9311381763299357,0.7201195
2019-02-01,-0.11534196721631887,-0.18944573480940763,-0.37243028735170974,-0.08993461677306268,-0.15582333415782523,0.033303879387228896,0.41892688929642624,0.18307431767303872,0.4829874600515261,-0.13701495846365194,-0.39568975755837466,-0.9280149364351651,0.048065186
2019-02-04,-0.11534196721631887,-0.18944573480940763,-0.37243028735170974,-0.08993461677306268,-0.15582333415782523,-1.1779493916753798,0.4263713893852187,0.5505263375829018,0.8322433782661858,-0.040133063216475515,-0.3245954293021304,-0.9240262167354374,2.840495
2019-02-05,-0.11534196721631887,-0.18944573480940763,-0.37243028735170974,-0.08993461677306268,-0.15582333415782523,-0.05638269615011797,0.00761825939064604,0.46275913537513197,1.0221506364385156,0.058918491997360246,-0.2464480630941099,-0.9200186803195614,1.7109394
2019-02-06,-0.11534196721631887,-0.18944573480940763,-0.37243028735170974,-0.08993461677306268,-0.15582333415782523,-0.4601337865043209,-0.6400532483342929,0.04615748222891777,1.0260232574505197,0.13385533544512637,-0.16783704259734245,-0.9164387475960141,0.034451485
2019-02-07,-0.11534196721631887,-0.18944573480940763,-0.37243028735170974,-0.08993461677306268,-0.15582333415782523,-1.1330522704279924,0.2328143870766162,0.25211785007648435,0.5710426605781364,0.16014393470886848,-0.09930259501130514,-0.9135070736033271,-1.8939435
2019-02-08,-0.11534196721631887,-0.18944573480940763,-0.37243028735170974,-0.08993461677306268,-0.15582333415782523,-1.312533088460114,0.08392438530076816,0.12222239080898496,0.5872631525137494,0.1781309392565403,-0.04061222200716973,-0.9102827643069279,0.11700392
2019-02-11,-0.11534196721631887,-0.18944573480940763,-0.37243028735170974,-0.08993461677306268,-0.15582333415782523,-0.4152366652569336,-0.5600248723797745,0.33637436419594335,0.44827753023266137,0.1792154890675889,0.006572989841904277,-0.906835104989233,-0.57508945
2019-02-12,-0.11534196721631887,-0.18944573480940763,-0.37243028735170974,-0.08993461677306268,-0.15582333415782523,-0.10127981739750541,-0.10404924194123998,0.507227851160402,0.5810757284838148,0.18812219281994627,0.04623392629621835,-0.903661758830492,0.8617163
2019-02-13,-0.11534196721631887,-0.18944573480940763,-0.37243028735170974,-0.08993461677306268,-0.15582333415782523,0.34736839420408494,0.636678516893604,0.0613704639449312,0.4722584704681465,0.18431085465439584,0.07714416818958088,-0.9009302273841568,-0.41547418
2019-02-14,-0.11534196721631887,-0.18944573480940763,-0.37243028735170974,-0.08993461677306268,-0.15582333415782523,0.48195209098881925,-0.11521599207442858,0.9132974400416839,0.5342960924454548,0.18206787464571283,0.10139066856552904,-0.8982495498097074,0.36432743
2019-02-15,-0.11534196721631887,-0.18944573480940763,2.685066263302147,-0.08993461677306268,-0.15582333415782523,-0.7293011800737895,-0.38507912029315305,0.17956362958472796,0.4697332211494849,0.17244032767505382,0.1187202965737442,-0.8957983569545828,-0.22248626
2019-02-18,-0.11534196721631887,-0.18944573480940763,-0.37243028735170974,-0.08993461677306268,-0.15582333415782523,-0.9535714523958707,0.469177264895775,0.09881780355357966,0.4697332211494854,0.1604198472540372,0.13000253016616284,-0.8933471640994582,0.0
2019-02-19,-0.11534196721631887,-0.18944573480940763,-0.37243028735170974,-0.08993461677306268,-0.15582333415782523,-1.0433656948906456,0.0057571343684479515,0.07658344566094465,0.5313203408090054,0.15106712316695672,0.13701976457692275,-0.8902062928783975,0.299263
2019-02-20,-0.11534196721631887,-0.18944573480940763,-0.37243028735170974,-0.08993461677306268,-0.15582333415782523,-0.6396146045364425,0.002034884324051757,0.14328651933884973,0.6648505387899059,0.14900815491378697,0.14219137657271286,-0.8869825011567092,0.6435394
2019-02-21,-0.11534196721631887,-0.18944573480940763,-0.37243028735170974,-0.08993461677306268,-0.15582333415782523,-0.10127981739750541,0.016923884501636552,0.22052165728168718,0.46119600165456526,0.134805054437295,0.14327846687113321,-0.8837166679914382,-0.563854
2019-02-22,-0.11534196721631887,-0.18944573480940763,-0.37243028735170974,-0.08993461677306268,-0.15582333415782523,-1.2676359672127266,0.20303638672144658,0.36563009826520004,0.7032564418879151,0.13612776119085881,0.14443219815867636,-0.8809882153957778,1.1165738
2019-02-25,-0.11534196721631887,-0.18944573480940763,-0.37243028735170974,-0.08993461677306268,-0.15582333415782523,-0.9087819981059112,-0.3031896193164366,0.01456128943412062,0.8523348012369473,0.1439850627993856,0.14704258488609614,-0.8777935983541353,0.7284522
2019-02-26,-0.11534196721631887,-0.18944573480940763,-0.37243028735170974,-0.08993461677306268,-0.15582333415782523,-1.1330522704279924,-0.1468551174517963,0.3199911531171596,0.864308397777905,0.14685118003093361,0.14974640978752923,-0.8743047293066637,0.057399273
2019-02-27,-0.11534196721631887,-0.18944573480940763,-0.37243028735170974,-0.08993461677306268,-0.15582333415782523,-1.312533088460114,0.15464713614429598,0.03796587668952591,0.9318042201291998,0.14957556746034067,0.1524945479202245,-0.872531015869086,0.30975342
2019-02-28,-0.11534196721631887,-0.18944573480940763,-0.37243028735170974,-0.08993461677306268,-0.15582333415782523,-1.4022196639974611,0.12114688574473018,0.11871170272067416,0.5069370736935828,0.13263484065293038,0.15105493778471635,-0.8712563127437135,-0.9835899
2019-03-01,-0.11534196721631887,-0.18944573480940763,-0.37243028735170974,-0.08993461677306268,-0.15582333415782523,-1.1330522704279924,-0.07241011656387228,0.08243459247479595,0.7587545088974141,0.1310604114366861,0.14956513174928254,-0.8696826412129607,1.051116
2019-03-04,-0.11534196721631887,-0.18944573480940763,-0.37243028735170974,-0.08993461677306268,-0.15582333415782523,-1.2227388459653392,0.015062759479438461,0.21701096919337637,0.8732622016999034,0.13342231909795868,0.1488805204720026,-0.8687668538649792,0.502944
2019-03-05,-0.11534196721631887,-0.18944573480940763,-0.37243028735170974,-0.08993461677306268,-0.15582333415782523,-1.0433656948906456,0.38542663889686046,0.4405247774824969,0.7894708527970139,0.12847599424623996,0.1472705791189774,-0.86840718041572,-0.18197894
2019-03-06,-0.11534196721631887,-0.18944573480940763,-0.37243028735170974,-0.08993461677306268,-0.15582333415782523,-0.3255500897195866,-0.4558018711366809,0.030944500512904326,0.5244345532376641,0.1118996185359506,0.14242275193427206,-0.8682312625223892,-0.5753994
2019-03-07,-0.11534196721631887,-0.18944573480940763,-0.37243028735170974,-0.08993461677306268,-0.15582333415782523,-0.2806529684721991,-0.05938224140848555,0.19945752875182243,0.04025394145856615,0.07767520443555767,0.1311945961233414,-0.8678378942406109,-1.1574626
2019-03-08,-0.11534196721631887,-0.18944573480940763,-0.37243028735170974,-0.08993461677306268,-0.15582333415782523,-0.9984685736432581,0.2235087619656257,0.12339262017175522,0.11469750827450416,0.051005142368852834,0.11648451890720014,-0.8674084617843043,0.23767948
2019-03-11,-0.11534196721631887,-0.18944573480940763,-0.37243028735170974,-0.08993461677306268,-0.15582333415782523,0.25768181866673806,0.4040378891188415,0.5692500073872261,0.9639191064786009,0.07876013411967292,0.11067700472742312,-0.8657817395645604,3.464222
2019-03-12,-0.11534196721631887,-0.18944573480940763,-0.37243028735170974,-0.08993461677306268,-0.15582333415782523,0.12309812188200377,-0.1263827422076172,0.2357346389977006,1.172006168375617,0.11445833349345108,0.11369739149558702,-0.8640605405510654,1.1235356
2019-03-13,-0.11534196721631887,-0.18944573480940763,-0.37243028735170974,-0.08993461677306268,-0.15582333415782523,0.34736839420408494,0.059729760012192885,0.5013767043465507,1.2506886778084048,0.1455203117222506,0.12278444328438824,-0.8620799690352648,0.44220686
2019-03-14,-0.11534196721631887,-0.18944573480940763,-0.37243028735170974,-0.08993461677306268,-0.15582333415782523,0.48195209098881925,-0.1245216171854191,1.6610740028518831,1.4390113320908962,0.18313548699434118,0.13813216466754527,-0.8598589093055611,1.1116505
2019-03-15,-0.11534196721631887,-0.18944573480940763,2.685066263302147,-0.08993461677306268,6.4175240852384325,0.6165357877735536,-0.3999681204707379,0.5388240439551992,1.6359362447452117,0.22865216591904206,0.16018531607231226,-0.8571620215787146,1.3008237
2019-03-18,-0.11534196721631887,-0.18944573480940763,-0.37243028735170974,-0.08993461677306268,-0.15582333415782523,1.3791408472345719,0.13231363587791878,0.35509803400026757,1.7755849010304214,0.27560864354876086,0.1879120167278922,-0.8541387469261895,1.0208488
2019-03-19,-0.11534196721631887,-0.18944573480940763,-0.37243028735170974,-0.08993461677306268,-0.15582333415782523,0.975389756880369,0.054146384945598564,0.08828573928864729,1.4044118127012515,0.29387324309097107,0.21401580734415018,-0.8514590326157849,-0.79247355
2019-03-20,-0.11534196721631887,-0.18944573480940763,-0.37243028735170974,-0.08993461677306268,-0.15582333415782523,0.48195209098881925,0.14161926098890926,0.2298834921838493,1.5416079163526686,0.31640226124755055,0.2397370788881536,-0.8486882848211628,0.8738518
2019-03-21,-0.11534196721631887,-0.18944573480940763,-0.37243028735170974,-0.08993461677306268,-0.15582333415782523,0.4370549697414318,0.15092488609989976,0.29190564841067335,1.9864678727993925,0.38779896826610455,0.2756469585503358,-0.8445604899212598,3.6830306
2019-03-22,-0.11534196721631887,-0.18944573480940763,-0.37243028735170974,-0.08993461677306268,-0.15582333415782523,0.5268492122362067,0.6590120171599811,0.4428652362080374,1.1850880291867711,0.4019054200989663,0.3074043057140745,-0.8414547756812758,-2.0708382
2019-03-25,-0.11534196721631887,-0.18944573480940763,-0.37243028735170974,-0.08993461677306268,-0.15582333415782523,1.3343513929446125,-0.7647486248215656,0.2076491342912143,0.7880874087939714,0.3859105292368355,0.3293751866312787,-0.8389623105560969,-1.2091041
2019-03-26,-0.11534196721631887,-0.18944573480940763,-0.37243028735170974,-0.08993461677306268,-0.15582333415782523,1.7828919375887748,-0.16174411762938107,0.14562697806439026,0.4752504310521394,0.3496242467860522,0.3391591989561359,-0.8368219723533542,-1.033175
2019-03-27,-0.11534196721631887,-0.18944573480940763,-0.37243028735170974,-0.08993461677306268,-0.15582333415782523,0.7960166058056753,-0.18035536785136208,0.11286055590682285,0.6377381514966096,0.32921033178044734,0.3426024005970481,-0.8344858133530937,0.89941025
2019-03-28,-0.11534196721631887,-0.18944573480940763,-0.37243028735170974,-0.08993461677306268,-0.15582333415782523,-0.2806529684721991,0.01134050943504225,0.07190252820986358,0.6621180264437675,0.30911239105116456,0.3410408110236089,-0.8318112402848151,0.13264418
2019-03-29,-0.11534196721631887,-0.18944573480940763,-0.37243028735170974,-0.08993461677306268,-0.15582333415782523,0.3024712729566975,-0.04077099118650457,0.006369683894728756,0.7844068453333625,0.2979558099106156,0.3373955979982758,-0.8292380313482086,0.65175295
2019-04-01,-0.11534196721631887,-0.18944573480940763,-0.37243028735170974,-0.08993461677306268,-0.15582333415782523,0.661432909020941,0.49151076516215214,0.2919056484106733,0.9100196066026134,0.29445027689611614,0.33372659376130975,-0.826594390557431,0.6791353
2019-04-02,-0.11534196721631887,-0.18944573480940763,-0.37243028735170974,-0.08993461677306268,-0.15582333415782523,0.25768181866673806,-1.25980788072626,-0.417253345428107,1.159701479743605,0.30985024044172593,0.33409862304794385,-0.82341825093296,1.4536738
2019-04-03,-0.11534196721631887,-0.18944573480940763,-0.37243028735170974,-0.08993461677306268,-0.15582333415782523,-0.3255500897195866,1.2378218990635905,0.32818275865655155,1.2697552711158637,0.32736173850729333,0.33815694360099785,-0.8198401476922441,0.6855011
2019-04-04,-0.11534196721631887,-0.18944573480940763,-0.37243028735170974,-0.08993461677306268,-0.15582333415782523,-0.23586351418223972,-0.6865813738892454,-0.11533416983337876,1.298178331129474,0.3377755470537516,0.34364002663020576,-0.8158566483085566,0.17404556
2019-04-05,-0.11534196721631887,-0.18944573480940763,-0.37243028735170974,-0.08993461677306268,-0.15582333415782523,-0.5050309077517082,-0.027743116031117815,-0.049801325518243886,1.408434663534194,0.3508889741678564,0.3508426785932573,-0.8117185472022274,0.66941977
2019-04-08,-0.11534196721631887,-0.18944573480940763,-0.37243028735170974,-0.08993461677306268,-0.15582333415782523,-0.23586351418223972,0.7092623927593298,0.4159499608643214,1.6432640844329893,0.38143065359358935,0.36316380531224096,-0.8080768901001625,1.5736103
2019-04-09,-0.11534196721631887,-0.18944573480940763,-0.37243028735170974,-0.08993461677306268,-0.15582333415782523,0.21278469741935063,0.2123420118324371,0.45456752983574006,1.5043536876130013,0.3933167216856125,0.37557330966399577,-0.8048835734649804,-0.2998531
2019-04-10,-0.11534196721631887,-0.18944573480940763,-0.37243028735170974,-0.08993461677306268,-0.15582333415782523,0.1678875761719632,-1.2486411305930718,-0.5670427038627008,1.5915528415481566,0.4053092989406064,0.38807638959066426,-0.8016352796127175,0.5614042
2019-04-11,-0.11534196721631887,-0.18944573480940763,-0.37243028735170974,-0.08993461677306268,-0.15582333415782523,-0.5947174832890552,0.2830647626759649,-0.5740640800393225,1.1968209296587466,0.393148162265338,0.3954671779606154,-0.7990208400995751,-0.8324206
2019-04-12,-0.11534196721631887,-0.18944573480940763,-0.37243028735170974,-0.08993461677306268,-0.15582333415782523,-0.4601337865043209,0.17325838636627702,0.7681889990581711,1.1779356901419669,0.3759368085750473,0.39768356930135323,-0.796830679580099,-0.040209293
2019-04-15,-0.11534196721631887,-0.18944573480940763,-0.37243028735170974,-0.08993461677306268,-0.15582333415782523,-0.3704472109669739,0.17511951138847506,0.36797055699074055,1.2153689288218807,0.3587650122846787,0.3957689382028305,-0.7949050730608654,0.1810193
2019-04-16,-0.11534196721631887,-0.18944573480940763,2.685066263302147,-0.08993461677306268,6.4175240852384325,0.9306003025904096,-0.02029861594232546,0.10700940909297153,1.2175673356755545,0.3388830884361612,0.3899674733325076,-0.792720079662251,0.010037422
2019-04-17,-0.11534196721631887,-0.18944573480940763,-0.37243028735170974,-0.08993461677306268,-0.15582333415782523,1.5586216652666938,0.6255117667604154,0.7190393658218199,1.596873209735297,0.35044823693078364,0.38780998504324754,-0.7901485945369725,1.9473076
2019-04-18,-0.11534196721631887,-0.18944573480940763,-0.37243028735170974,-0.08993461677306268,-0.15582333415782523,0.25768181866673806,0.041118509790211866,0.768188999058171,1.6582058655522323,0.359309328164688,0.3879869658304941,-0.7886421264881329,0.35936832
2019-04-19,-0.11534196721631887,-0.18944573480940763,2.685066263302147,-0.08993461677306268,-0.15582333415782523,-1.088155149180605,-0.2659671188724747,0.39605606169722685,1.6582058655522323,0.35964468678725076,0.388200570695372,-0.7864416698261831,0.0
2019-04-22,-0.11534196721631887,-0.18944573480940763,-0.37243028735170974,-0.08993461677306268,-0.15582333415782523,-1.2227388459653392,-0.6158586230457176,-0.0837379770385816,1.7190625772658736,0.3590842101639944,0.38825108893853794,-0.7837293202737087,0.32866
2019-04-23,-0.11534196721631887,-0.18944573480940763,-0.37243028735170974,-0.08993461677306268,-0.15582333415782523,-0.9087819981059112,0.0057571343684479186,0.04381702350337722,1.957938598842484,0.3775233176380544,0.39225141022880355,-0.780175277068502,1.4423251
2019-04-24,-0.11534196721631887,-0.18944573480940763,-0.37243028735170974,-0.08993461677306268,-0.15582333415782523,-0.6844040588264022,-0.2548003687392861,-0.0158646739979063,1.8582429071769717,0.38239134789441653,0.3964971053677312,-0.7769647769529254,-0.15422702
2019-04-25,-0.11534196721631887,-0.18944573480940763,-0.37243028735170974,-0.08993461677306268,-0.15582333415782523,-0.3255500897195866,0.4635938898291807,0.22052165728168718,1.2958405612405777,0.3630951882110095,0.3957496977843317,-0.7741201676528202,-0.9075105
2019-04-26,-0.11534196721631887,-0.18944573480940763,2.685066263302147,-0.08993461677306268,-0.15582333415782523,-0.8638848768585238,-0.37949574522655877,-0.1492708213537164,1.0240009235567011,0.33286139087691463,0.38865888605765614,-0.7716551749619721,-0.47739744
2019-04-29,-0.11534196721631887,-0.18944573480940763,-0.37243028735170974,-0.08993461677306268,-0.15582333415782523,-0.7293011800737895,0.4580105147625863,0.14562697806439026,1.0637469184523216,0.3055457593323028,0.3771200442695601,-0.7693585277588958,0.1517415
2019-04-30,-0.11534196721631887,-0.18944573480940763,-0.37243028735170974,-0.08993461677306268,-0.15582333415782523,0.4370549697414318,0.5417611407615008,0.6558469802322255,0.0929926383947363,0.24411529306128207,0.35469641718371653,-0.7682162159313931,-1.9256175
2019-05-01,8.669871202426636,-0.18944573480940763,2.685066263302147,-0.08993461677306268,6.4175240852384325,1.3343513929446125,2.3582191624268463,-1.7712087181533034,1.197677512801773,0.27577944529074,0.34355757829489864,-0.7656103710338631,4.9085617
2019-05-02,-0.11534196721631887,-0.18944573480940763,-0.37243028735170974,-0.08993461677306268,-0.15582333415782523,-0.3704472109669739,-1.2933081311258259,-1.9350408289411403,0.9430493230639952,0.283097816483833,0.336218170407249,-0.7632982641617202,-0.65077543
2019-05-03,-0.11534196721631887,-0.18944573480940763,-0.37243028735170974,-0.08993461677306268,-0.15582333415782523,-1.2676359672127266,-0.7051926241112264,0.12105216144621468,1.1610587813825426,0.30555225520065765,0.33516886677513946,-0.7607645720542743,1.2431264
2019-05-06,-0.11534196721631887,-0.18944573480940763,-0.37243028735170974,-0.08993461677306268,-0.15582333415782523,-0.3255500897195866,-1.0569452533066672,0.9437234034737106,0.5916344217424688,0.2889030873864223,0.3307539172350488,-0.7593250939877797,-1.5442789
2019-05-07,-0.11534196721631887,5.278556421478968,-0.37243028735170974,-0.08993461677306268,-0.15582333415782523,-0.5498203620416678,0.14720263605550357,0.6277614755257392,-0.1932616019654906,0.22150696817907395,0.3127482449197003,-0.7587479219868704,-2.6956975
2019-05-08,-0.11534196721631887,-0.18944573480940763,-0.37243028735170974,-0.08993461677306268,-0.15582333415782523,-1.312533088460114,-0.012854115853533068,0.1596697304176334,-0.18870148935480813,0.16401278306423442,0.2859964929236651,-0.7583562617016372,0.019717216
2019-05-09,-0.11534196721631887,-0.18944573480940763,2.685066263302147,-0.08993461677306268,-0.15582333415782523,-1.1779493916753798,0.06903538512318338,0.11403078526959312,-0.4628410464023327,0.09575447553410751,0.24993621863420817,-0.7580522124378472,-1.0744154
2019-05-10,-0.11534196721631887,-0.18944573480940763,-0.37243028735170974,-0.08993461677306268,-0.15582333415782523,-0.8189877556111365,0.2253698869878238,0.3199911531171597,-0.7828588506475607,0.014651451919744256,0.20367064824319378,-0.7582120898282693,-1.3800323
2019-05-13,-0.11534196721631887,-0.18944573480940763,-0.37243028735170974,-0.08993461677306268,-0.15582333415782523,0.7511194845582878,-0.8410547507316878,-0.15629219753033805,-1.7212893827100397,-0.1509455742275215,0.13109525736012095,-0.7604099212362699,-5.8119416
2019-05-14,-0.11534196721631887,5.278556421478968,-0.37243028735170974,-0.08993461677306268,-0.15582333415782523,0.5268492122362067,-4.397664668152258,3.8763181865759937,-1.3546657333551742,-0.25598531191928015,0.05047704367126572,-0.762104232243545,1.5830278
2019-05-15,-0.11534196721631887,5.278556421478968,-0.37243028735170974,-0.08993461677306268,-0.15582333415782523,-0.8189877556111365,4.211899684536155,2.1045909313418134,-1.0886534624926743,-0.3182789151901873,-0.027395444678522098,-0.7640753242347487,1.1979222
2019-05-16,-0.11534196721631887,-0.18944573480940763,-0.37243028735170974,-0.08993461677306268,-0.15582333415782523,-0.6844040588264022,0.5901503913386514,0.3726514744418216,-1.1555972494152265,-0.3732533396948995,-0.10149951610258154,-0.7663166549217669,-0.4399717
2019-05-17,-0.11534196721631887,-0.18944573480940763,-0.37243028735170974,-0.08993461677306268,-0.15582333415782523,-1.2227388459653392,-0.08916024176365521,0.1140307852695931,-1.243593777015921,-0.4239484173876087,-0.17166983910868128,-0.7687442154593725,-0.5681813
2019-05-20,-0.11534196721631887,-0.18944573480940763,2.685066263302147,-0.08993461677306268,-0.15582333415782523,-0.6396146045364425,-0.2473558686504936,-0.1820372435112838,-1.6725004420849485,-0.512597360840961,-0.2468439791054125,-0.77230598418599,-3.1269848
2019-05-21,-0.11534196721631887,-0.18944573480940763,-0.37243028735170974,-0.08993461677306268,-0.15582333415782523,-0.10127981739750541,0.14348038601110735,0.6066973469958745,-1.2343469529499644,-0.5482851937295263,-0.31464746295116025,-0.775769229691014,1.9171
2019-05-22,-0.11534196721631887,-0.18944573480940763,2.685066263302147,-0.08993461677306268,-0.15582333415782523,0.5268492122362067,0.08764663534516436,0.027433812424593532,-1.5019276527108099,-0.605635172301418,-0.38120649496892245,-0.7798362239394871,-2.0471632
2019-05-23,-0.11534196721631887,-0.18944573480940763,-0.37243028735170974,-0.08993461677306268,-0.15582333415782523,-0.3704472109669739,-0.3366898697160025,0.45222707111019966,-1.699658977280363,-0.6732338410364167,-0.44897093196784416,-0.7841182942024228,-1.7069697
2019-05-24,-0.11534196721631887,-0.18944573480940763,2.685066263302147,-0.08993461677306268,-0.15582333415782523,-0.9535714523958707,0.29609263783135165,0.03562541796398538,-1.7424590981525903,-0.7270185903044218,-0.5147330725624683,-0.7883509914322282,-0.38406253
2019-05-27,-0.11534196721631887,-0.18944573480940763,-0.37243028735170974,-0.08993461677306268,-0.15582333415782523,-0.5498203620416678,0.2514256372985972,0.19828729938905218,-1.7424590981525907,-0.7633849253119149,-0.5751526692040917,-0.7926369320038337,0.0
2019-05-28,-0.11534196721631887,-0.18944573480940763,-0.37243028735170974,-0.08993461677306268,-0.15582333415782523,0.25768181866673806,-0.18966099296235256,0.04966817031722857,-1.7936584447873494,-0.7921074529114945,-0.6296566781202056,-0.7963736891458637,-0.41347742
2019-05-29,-0.11534196721631887,-0.18944573480940763,-0.37243028735170974,-0.08993461677306268,-0.15582333415782523,-0.10127981739750541,0.02250725956823085,0.08009413374925545,-1.8540423172534364,-0.8154669013077587,-0.6782764640784615,-0.80194901758755,-0.47690868
2019-05-30,-0.11534196721631887,-0.18944573480940763,-0.37243028735170974,-0.08993461677306268,-0.15582333415782523,-0.5050309077517082,0.13045251085572065,0.3808430799812135,-1.7013404463844144,-0.8190103984967851,-0.7179332796913588,-0.8071303775045642,0.5186558
2019-05-31,-0.11534196721631887,-0.18944573480940763,2.685066263302147,-0.08993461677306268,-0.15582333415782523,-0.4601337865043209,-0.2213001183397203,0.07658344566094465,-1.943285745213634,-0.8429745273601026,-0.7548051696910167,-0.8133153183798592,-1.811552
2019-06-03,-0.11534196721631887,-0.18944573480940763,-0.37243028735170974,-0.08993461677306268,-0.15582333415782523,1.693205362051428,0.3556486385416908,0.10232849164189046,-2.064830891022239,-0.8700050070808506,-0.7901076360675016,-0.8192437794203985,-1.0110259
2019-06-04,-0.11534196721631887,-0.18944573480940763,-0.37243028735170974,-0.08993461677306268,-0.15582333415782523,1.7828919375887748,0.06345201005658907,0.21818119855614668,-1.105424344692456,-0.8288020844066741,-0.8095010393769698,-0.8231135906434696,3.65839
2019-06-05,-0.11534196721631887,-0.18944573480940763,-0.37243028735170974,-0.08993461677306268,-0.15582333415782523,0.975389756880369,-0.1263827422076172,0.2895651896851328,-0.7468308206715605,-0.7644406331980972,-0.8111937621285912,-0.8264902121132697,1.6143322
2019-06-06,-0.11534196721631887,-0.18944573480940763,2.685066263302147,-0.08993461677306268,-0.15582333415782523,-0.3255500897195866,-0.024020865986721637,0.11637124399513363,-0.4424697606686701,-0.6845759076177135,-0.7953965211506497,-0.8290302258207235,1.4681816
2019-06-07,-0.11534196721631887,-0.18944573480940763,-0.37243028735170974,-0.08993461677306268,-0.15582333415782523,-0.8638848768585238,-0.2976062442498424,-0.11065325238229773,0.04528350027978807,-0.5739639662896712,-0.7590041639074561,-0.8302424605539318,2.661693
2019-06-10,-0.11534196721631887,-0.18944573480940763,-0.37243028735170974,-0.08993461677306268,-0.15582333415782523,-0.9984685736432581,0.284925887698163,0.10817963845574179,0.2570472477283204,-0.46220160724222636,-0.7058886546858733,-0.8290595471469374,1.2779474
2019-06-11,-0.11534196721631887,-0.18944573480940763,-0.37243028735170974,-0.08993461677306268,-0.15582333415782523,0.1678875761719632,0.4970941402287465,0.3796728506184432,0.44159582550057214,-0.3525463255243237,-0.6398471311212828,-0.8279990566926557,1.1579633
2019-06-12,-0.11534196721631887,-0.18944573480940763,-0.37243028735170974,-0.08993461677306268,-0.15582333415782523,-0.5050309077517082,-0.03704874114210839,0.4065881259621592,0.3623403310300936,-0.27050489816236856,-0.569395033590416,-0.8274351791732732,-0.318259
2019-06-13,-0.11534196721631887,-0.18944573480940763,-0.37243028735170974,-0.08993461677306268,-0.15582333415782523,-0.8189877556111365,-0.3720512451377664,0.18892546448689004,0.35693459935818117,-0.20600404174383352,-0.4991814175816536,-0.826733362242664,-0.020605326
2019-06-14,-0.11534196721631887,-0.18944573480940763,-0.37243028735170974,-0.08993461677306268,-0.15582333415782523,-0.7293011800737895,-0.05565999136408936,0.10934986781851204,0.1609130352335433,-0.16786090398743667,-0.4348190617762146,-0.8260884533703479,-0.7262349
2019-06-17,-0.11534196721631887,-0.18944573480940763,-0.37243028735170974,-0.08993461677306268,-0.15582333415782523,-0.3255500897195866,0.048563009879004276,-0.04277994934162234,0.2802013526792683,-0.1286040659270155,-0.3748985404479863,-0.8242261282668866,0.5966544
2019-06-18,-0.11534196721631887,-0.18944573480940763,-0.37243028735170974,-0.08993461677306268,-0.15582333415782523,-0.14606927168746484,-0.03704874114210837,0.1105200971812823,0.7041460020205399,-0.05935168579469893,-0.31208976775934155,-0.8221827440279684,2.3518443
2019-06-19,-0.11534196721631887,-0.18944573480940763,-0.37243028735170974,-0.08993461677306268,-0.15582333415782523,0.07820100063461634,0.31656501307553075,0.29424610713621385,0.6155208154706898,-0.011959490124254726,-0.2516649970667213,-0.8195806601733361,-0.29226542
2019-06-20,-0.11534196721631887,-0.18944573480940763,-0.37243028735170974,-0.08993461677306268,-0.15582333415782523,0.8857031813430222,-0.234327993495107,0.14328651933884973,0.7580406718530586,0.036582862606343546,-0.1929004249828392,-0.8161663844244802,0.803566
2019-06-21,-0.11534196721631887,-0.18944573480940763,-0.37243028735170974,-0.08993461677306268,-0.15582333415782523,0.12309812188200377,-1.702755636009408,-0.9625802284790503,0.6450920529880754,0.0657885676576612,-0.1396166705155489,-0.8127504013979329,-0.34092665
2019-06-24,-0.11534196721631887,-0.18944573480940763,-0.37243028735170974,-0.08993461677306268,-0.15582333415782523,-0.5498203620416678,1.6677417791913516,0.1011582622791202,0.6103870541172569,0.08367372012541588,-0.09314872533915268,-0.8093689132881449,-0.10061264
2019-06-25,-0.11534196721631887,-0.18944573480940763,-0.37243028735170974,-0.08993461677306268,-0.15582333415782523,-0.7741983013211768,0.050424134901202365,0.20179798747736297,0.11076679869182754,0.06811947961875658,-0.05931473375830569,-0.8063788367401874,-1.515758
2019-06-26,-0.11534196721631887,-0.18944573480940763,-0.37243028735170974,-0.08993461677306268,-0.15582333415782523,-0.3255500897195866,-0.016576365897929244,0.11871170272067416,0.5619429986299135,0.08932547808548284,-0.02769342769634525,-0.8025127764960612,2.1629095
2019-06-27,-0.11534196721631887,-0.18944573480940763,-0.37243028735170974,-0.08993461677306268,-0.15582333415782523,0.4370549697414318,0.30167601289794593,0.24626670326263303,0.5520862571013091,0.10188852067870008,0.00030160438246640964,-0.7988157101458028,-0.03002882
2019-06-28,-0.11534196721631887,-0.18944573480940763,-0.37243028735170974,-0.08993461677306268,-0.15582333415782523,1.4240379684819593,-0.37763462020436067,0.23456440963493036,0.25173462935165236,0.09227613740365984,0.020633314245722744,-0.7948755001358339,-0.9111881
2019-07-01,-0.11534196721631887,-0.18944573480940763,-0.37243028735170974,-0.08993461677306268,-0.15582333415782523,-0.011485574902730533,0.3444818884085023,0.31648046502884886,0.6318556085871214,0.11265888985857522,0.04127599801440018,-0.7900041135564858,1.8340826
2019-07-02,-0.11534196721631887,-0.18944573480940763,-0.37243028735170974,-0.08993461677306268,-0.15582333415782523,-0.5947174832890552,-0.037048741142108356,0.2802033547829707,0.7441045654599517,0.13506411487908263,0.06260179877684174,-0.7860225270426665,0.58546066
2019-07-03,-0.11534196721631887,-0.18944573480940763,-0.37243028735170974,-0.08993461677306268,-0.15582333415782523,-1.088155149180605,-0.2603837438058804,0.17371248277087661,0.8995625950463522,0.16313444737394683,0.08569070825795568,-0.7822513152396878,0.8286953
2019-07-04,-0.11534196721631887,-0.18944573480940763,-0.37243028735170974,-0.08993461677306268,-0.15582333415782523,-1.2227388459653392,-0.08543799171925896,0.08360482183756623,0.8995625950463522,0.180755392520516,0.10794603737045344,-0.7789422387073395,0.0
2019-07-05,-0.11534196721631887,-0.18944573480940763,-0.37243028735170974,-0.08993461677306268,-0.15582333415782523,-1.1779493916753798,-0.2213001183397203,-0.040439490616081826,0.8631284398304913,0.18842788344060857,0.1273980131763728,-0.7765143173051439,-0.0880599
2019-07-08,-0.11534196721631887,-0.18944573480940763,-0.37243028735170974,-0.08993461677306268,-0.15582333415782523,0.34736839420408494,-0.32924536962721007,-0.293209032974459,0.09226644486136257,0.15327230020730653,0.13540972571421697,-0.7752313811476026,-2.0613968
2019-07-09,-0.11534196721631887,-0.18944573480940763,-0.37243028735170974,-0.08993461677306268,-0.15582333415782523,0.661432909020941,-1.5482822591669656,1.5147953325055998,0.2438425678558676,0.1320488275109435,0.13726123025369977,-0.7741226045670832,0.60993433
2019-07-10,-0.11534196721631887,-0.18944573480940763,2.685066263302147,-0.08993461677306268,-0.15582333415782523,-0.4601337865043209,2.1869956603846217,0.17137202404533605,0.47897640845219663,0.12866042475509365,0.13801475447999997,-0.772563762270645,0.9888649
2019-07-11,-0.11534196721631887,-0.18944573480940763,-0.37243028735170974,-0.08993461677306268,-0.15582333415782523,0.07820100063461634,0.16953613632188078,0.18658500576134954,0.21855697990970577,0.10919277911454556,0.13443678254938848,-0.771253237224463,-0.7282376
2019-07-12,-0.11534196721631887,-0.18944573480940763,-0.37243028735170974,-0.08993461677306268,-0.15582333415782523,-0.6844040588264022,0.07647988521197575,0.22637280409553853,0.40853735556420206,0.10362506140950097,0.1303787049065527,-0.769432285030583,0.76828
2019-07-15,-0.11534196721631887,-0.18944573480940763,-0.37243028735170974,-0.08993461677306268,-0.15582333415782523,-1.1330522704279924,-0.3050507443386347,0.030944500512904326,0.628166954453864,0.11213186270324323,0.12895912836414533,-0.7674802836388123,0.93950033
2019-07-16,-0.11534196721631887,-0.18944573480940763,-0.37243028735170974,-0.08993461677306268,-0.15582333415782523,-0.23586351418223972,0.2867870127203611,0.22871326282107904,0.49185517475856694,0.10884980839255182,0.12711862667853546,-0.7664370277035426,-0.34599304
2019-07-17,-0.11534196721631887,-0.18944573480940763,-0.37243028735170974,-0.08993461677306268,-0.15582333415782523,-0.19096639293485226,-0.2789949940278614,0.1304139963483768,0.2718286592019725,0.0925530813158254,0.12214640741530054,-0.7654920678320765,-0.562346
2019-07-18,-0.11534196721631887,-0.18944573480940763,-0.37243028735170974,-0.08993461677306268,-0.15582333415782523,-0.23586351418223972,0.3091205129867383,0.23456440963493036,0.562971945235818,0.09624914717273544,0.11896238386907146,-0.7644229540080318,1.1359692
2019-07-19,-0.11534196721631887,-0.18944573480940763,-0.37243028735170974,-0.08993461677306268,-0.15582333415782523,-0.9984685736432581,0.36495426365268135,0.4416950068452672,0.00945960940653953,0.06891372797953887,0.11054472311150802,-0.7637659691113203,-1.4927566
2019-07-22,-0.11534196721631887,-0.18944573480940763,-0.37243028735170974,-0.08993461677306268,-0.15582333415782523,0.1678875761719632,0.17511951138847512,0.5201003741508748,0.5529739269460786,0.08434890805922245,0.10712539013932232,-0.7622760986770569,2.285409
2019-07-23,8.669871202426636,-0.18944573480940763,-0.37243028735170974,-0.08993461677306268,-0.15582333415782523,1.2445571504498376,-0.4539407461144828,0.034455188601215096,0.7151358310068953,0.10701627917514225,0.10925787492368218,-0.7599878527179305,0.7817745
2019-07-24,-0.11534196721631887,-0.18944573480940763,-0.37243028735170974,-0.08993461677306268,-0.15582333415782523,0.1678875761719632,-0.36460674504897395,0.3223316118427002,0.6840562124071453,0.11957004773064138,0.11365985832631041,-0.7584583281534374,-0.08140206
2019-07-25,-0.11534196721631887,-0.18944573480940763,-0.37243028735170974,-0.08993461677306268,-0.15582333415782523,-0.14606927168746484,0.21978651192122947,0.3398850522842542,0.3813862258797382,0.1112221847155781,0.11538869240597006,-0.7572029722582915,-0.7907212
2019-07-26,-0.11534196721631887,-0.18944573480940763,-0.37243028735170974,-0.08993461677306268,-0.15582333415782523,1.1099734536651034,0.7799851436028576,0.6757408793993201,0.46773048113887533,0.10714541656861445,0.11589624975118235,-0.7555096367355754,0.3477931
2019-07-29,-0.11534196721631887,-0.18944573480940763,-0.37243028735170974,-0.08993461677306268,-0.15582333415782523,-0.10127981739750541,-1.0160005028183092,0.09647734482803914,0.692450821688314,0.11704068204206358,0.11842736204173746,-0.754107723091416,0.9338498
2019-07-30,-0.11534196721631887,-0.18944573480940763,-0.37243028735170974,-0.08993461677306268,-0.15582333415782523,0.7511194845582878,0.40031563907444523,0.40541789659938904,0.5140237423423618,0.11314269846574534,0.11961513699291985,-0.753064474344684,-0.42922497
2019-07-31,8.669871202426636,-0.18944573480940763,-0.37243028735170974,-0.08993461677306268,-0.15582333415782523,1.4689350897293467,2.0958005342969144,-0.35289073047574265,0.9706432840462078,0.14322756241736068,0.1270262582946606,-0.751576336347994,2.040422
2019-08-01,-0.11534196721631887,-0.18944573480940763,-0.37243028735170974,-0.08993461677306268,-0.15582333415782523,0.661432909020941,-1.4719761332568437,-0.9403458705864154,0.17407605992191083,0.12267806070033742,0.1285420290739664,-0.7508831305666337,-2.1639109
2019-08-02,-0.11534196721631887,-0.18944573480940763,-0.37243028735170974,-0.08993461677306268,-0.15582333415782523,0.4370549697414318,-1.1723350046829495,0.29658656586175436,-0.42297026310684893,0.06442637331404917,0.11724475348905938,-0.7509193298856695,-2.11581
2019-08-05,-0.11534196721631887,5.278556421478968,-0.37243028735170974,-0.08993461677306268,-0.15582333415782523,-0.3704472109669739,0.05042413490120238,0.3972262910599972,-1.4092315006286757,-0.0770715151340404,0.07781942990115319,-0.7520712089379286,-5.234784
2019-08-06,-0.11534196721631887,5.278556421478968,-0.37243028735170974,-0.08993461677306268,-0.15582333415782523,0.48195209098881925,-0.44463512100349223,0.0040292251691882814,-0.9808608702141212,-0.15782838267661373,0.02893615912213755,-0.7528023479136055,1.8930435
2019-08-07,-0.11534196721631887,-0.18944573480940763,2.685066263302147,-0.08993461677306268,-0.15582333415782523,-0.23586351418223972,0.5101220153841332,0.07073229884709333,-0.7585204948481903,-0.20412291465117718,-0.020112480313176355,-0.7535248685514958,1.0355353
2019-08-08,-0.11534196721631887,-0.18944573480940763,-0.37243028735170974,-0.08993461677306268,-0.15582333415782523,0.1678875761719632,-0.1077714919856362,0.14679720742716051,-0.3209011402947914,-0.20251207864352566,-0.05900545536198465,-0.7532351819859273,2.2055864
2019-08-09,-0.11534196721631887,-0.18944573480940763,2.685066263302147,-0.08993461677306268,-0.15582333415782523,-0.19096639293485226,-0.02215974096452355,0.01924220688520167,-0.4795377268585589,-0.21599064802245974,-0.0930144373880107,-0.7535018400711394,-0.8209169
2019-08-12,-0.11534196721631887,-0.18944573480940763,-0.37243028735170974,-0.08993461677306268,-0.15582333415782523,-0.3255500897195866,0.19186963658825798,0.09647734482803913,-0.5288745659173785,-0.23104108754213168,-0.12345379334633373,-0.7541861241584243,-0.2537489
2019-08-13,-0.11534196721631887,-0.18944573480940763,-0.37243028735170974,-0.08993461677306268,-0.15582333415782523,0.34736839420408494,-0.14313286740740008,0.02860404178736379,0.23477203023757248,-0.16881097581589813,-0.1344409958966437,-0.7532784239152972,4.2348385
2019-08-14,-0.11534196721631887,-0.18944573480940763,-0.37243028735170974,-0.08993461677306268,-0.15582333415782523,0.033303879387228896,-0.009131865809136858,-0.7975778883284429,-0.3476277713057745,-0.17478537356277732,-0.14451379496425976,-0.7532490443619284,-2.976507
2019-08-15,-0.11534196721631887,-0.18944573480940763,-0.37243028735170974,-0.08993461677306268,-0.15582333415782523,-0.5947174832890552,-0.141271742385202,0.09881780355357966,-0.43392780636842493,-0.18877888576367502,-0.155577223202641,-0.7537928313562912,-0.49814582
2019-08-16,-0.11534196721631887,-0.18944573480940763,-0.37243028735170974,-0.08993461677306268,-0.15582333415782523,-0.5050309077517082,0.059729760012192885,0.03562541796398538,-0.03751599084329034,-0.1586701526650233,-0.1579619384129473,-0.7529833100038041,2.3594737
2019-08-19,-0.11534196721631887,-0.18944573480940763,2.685066263302147,-0.08993461677306268,6.4175240852384325,0.7062223633109004,0.16209163623308837,0.018071977522431414,0.24648728311109977,-0.10227177457800557,-0.14775782743666174,-0.7523057572631731,1.8644094
2019-08-20,-0.11534196721631887,-0.18944573480940763,-0.37243028735170974,-0.08993461677306268,-0.15582333415782523,0.8857031813430222,0.25142563729859724,0.14679720742716051,0.24721256456140553,-0.05934526831456051,-0.13037581915870697,-0.7519058301596443,0.0047564507
2019-08-21,-0.11534196721631887,-0.18944573480940763,-0.37243028735170974,-0.08993461677306268,-0.15582333415782523,-0.10127981739750541,-0.09660474185244756,0.1304139963483768,0.41646213001562327,-0.007703140373474769,-0.10537976206288689,-0.7510819468277896,1.0838509
2019-08-22,-0.11534196721631887,-0.18944573480940763,-0.37243028735170974,-0.08993461677306268,-0.15582333415782523,0.033303879387228896,-0.03518761611991025,0.10817963845574179,0.3957348614549168,0.028765870412542752,-0.0775509819934482,-0.7500046898282969,-0.084644556
2019-08-23,-0.11534196721631887,-0.18944573480940763,-0.37243028735170974,-0.08993461677306268,-0.15582333415782523,-0.5050309077517082,0.013201634457240357,0.1280735376228363,-0.5610857179849453,-0.03098031105587566,-0.06811880153345058,-0.750751363233832,-4.6220484
2019-08-26,-0.11534196721631887,-0.18944573480940763,-0.37243028735170974,-0.08993461677306268,-0.15582333415782523,-0.05638269615011797,-0.24549474362829557,0.08360482183756626,-0.23751553754481136,-0.04643746654180084,-0.0638925721469562,-0.7511661662971703,1.8999219
2019-08-27,-0.11534196721631887,-0.18944573480940763,-0.37243028735170974,-0.08993461677306268,-0.15582333415782523,-0.10127981739750541,0.09881338547835296,0.07073229884709333,-0.43505125003261685,-0.0808119844644758,-0.06789371837891456,-0.7518290702357815,-1.1283875
2019-08-28,-0.11534196721631887,-0.18944573480940763,-0.37243028735170974,-0.08993461677306268,-0.15582333415782523,0.25768181866673806,-0.04821549127529696,0.026263583061823276,-0.3161051129364971,-0.09740955720124948,-0.07465906165277776,-0.7529894101968525,0.671041
2019-08-29,-0.11534196721631887,-0.18944573480940763,-0.37243028735170974,-0.08993461677306268,-0.15582333415782523,1.289454271697225,0.21420313685463518,0.17371248277087661,-0.02548858573472291,-0.0815240184559415,-0.0766598234678259,-0.7527524558680572,1.6931772
2019-08-30,-0.11534196721631887,-0.18944573480940763,2.685066263302147,-0.08993461677306268,-0.15582333415782523,0.48195209098881925,0.0038960093462498506,0.12573307889729576,-0.05223445500189012,-0.07301153201789015,-0.0764323264298515,-0.7518017918919672,-0.12917519
2019-09-02,-0.11534196721631887,-0.18944573480940763,-0.37243028735170974,-0.08993461677306268,-0.15582333415782523,-1.088155149180605,-0.08171574167486277,0.1011582622791202,-0.052234455001891195,-0.06802256336151033,-0.0751789184606043,-0.7490094899860602,0.0
2019-09-03,-0.11534196721631887,-0.18944573480940763,-0.37243028735170974,-0.08993461677306268,-0.15582333415782523,-0.19096639293485226,0.07275763516757958,0.13158422571114708,-0.3721159510106857,-0.09231323626632842,-0.07939275684654137,-0.7473745110119734,-1.456362
2019-09-04,-0.11534196721631887,-0.18944573480940763,-0.37243028735170974,-0.08993461677306268,-0.15582333415782523,0.48195209098881925,-0.2454947436282956,0.015731518796890897,-0.03978645444788055,-0.08242568656608541,-0.08064041814854693,-0.7454872100533065,1.6966462
2019-09-05,-0.11534196721631887,-0.18944573480940763,2.685066263302147,-0.08993461677306268,-0.15582333415782523,0.12309812188200377,0.452427139695992,0.24743693262540323,0.30439262402811695,-0.04065058865296768,-0.07266709940322508,-0.7436489500173304,1.9551635
2019-09-06,-0.11534196721631887,-0.18944573480940763,-0.37243028735170974,-0.08993461677306268,-0.15582333415782523,0.1678875761719632,-0.18966099296235256,0.10817963845574179,0.3020479300332798,-0.010144124829878776,-0.059737002016053205,-0.7415250980068304,-0.009381771
2019-09-09,-0.11534196721631887,-0.18944573480940763,-0.37243028735170974,-0.08993461677306268,-0.15582333415782523,1.4240379684819593,-0.2883006191388519,0.49201486944438855,0.3799775605312268,0.019281226832082287,-0.04307365690564366,-0.7391554540793501,0.42670965
2019-09-10,-0.11534196721631887,-0.18944573480940763,-0.37243028735170974,-0.08993461677306268,-0.15582333415782523,1.9623727556208965,0.23653663712101242,0.18892546448689004,0.5914988584225783,0.06162553591265093,-0.020649291586955092,-0.7378174422217622,1.1813045
2019-09-11,-0.11534196721631887,-0.18944573480940763,2.685066263302147,-0.08993461677306268,6.4175240852384325,1.5137245440193063,0.02622950961262706,0.13626514316222813,1.0700577951736296,0.15156099191878764,0.016604368391325123,-0.734210187304321,3.1795144
2019-09-12,-0.11534196721631887,-0.18944573480940763,-0.37243028735170974,-0.08993461677306268,-0.15582333415782523,0.9306003025904096,0.2551478873429934,0.22286211600722772,1.0008284297626542,0.21338773019332585,0.059684951770941325,-0.7305155111428306,-0.22585392
2019-09-13,-0.11534196721631887,-0.18944573480940763,-0.37243028735170974,-0.08993461677306268,-0.15582333415782523,1.4689350897293467,-0.46510749624767145,-0.018205132723446794,0.43838430000292095,0.21914932140063229,0.09538675404697615,-0.7283951110681093,-1.9432068
2019-09-16,-0.11534196721631887,-0.18944573480940763,-0.37243028735170974,-0.08993461677306268,-0.15582333415782523,0.5268492122362067,0.37425988876367183,0.25913922625310587,0.5280409734211217,0.2286634778107893,0.12599141687108908,-0.7267420816759874,0.52571297
2019-09-17,-0.11534196721631887,-0.18944573480940763,2.685066263302147,-0.08993461677306268,6.4175240852384325,1.1997676961598782,0.009479384412844162,0.2076491342912143,0.5917387644714538,0.23796377863824128,0.1524724413904605,-0.7249522846042754,0.3638029
2019-09-18,-0.11534196721631887,-0.18944573480940763,-0.37243028735170974,-0.08993461677306268,-0.15582333415782523,0.5268492122362067,0.03553513472361755,0.2731819786063491,0.755170934039961,0.25804413932238185,0.17796963647411534,-0.7231988442805736,0.93792677
2019-09-19,-0.11534196721631887,-0.18944573480940763,-0.37243028735170974,-0.08993461677306268,-0.15582333415782523,1.065183999375144,-0.009131865809136858,0.25679876752756536,0.5005214826163287,0.2525681224237654,0.19719138572979394,-0.7217275519030086,-0.81249475
2019-09-20,-0.11534196721631887,-0.18944573480940763,-0.37243028735170974,-0.08993461677306268,-0.15582333415782523,1.0202868781277565,-0.10777149198563617,0.1795636295847279,0.07870254791839736,0.2147711505708777,0.20445166329808545,-0.7191155809336949,-1.4618099
2019-09-23,-0.11534196721631887,-0.18944573480940763,-0.37243028735170974,-0.08993461677306268,-0.15582333415782523,0.39226551545147237,0.042979634812409954,0.24041555644878168,0.17533538519859637,0.18881606481949692,0.20468587815091657,-0.7169986378267285,0.4547
2019-09-24,-0.11534196721631887,-0.18944573480940763,2.685066263302147,-0.08993461677306268,-0.15582333415782523,0.3024712729566975,-0.03518761611991026,0.17605294149641712,0.03764550230408428,0.1547641019803995,0.19756039089186533,-0.7146584137084279,-0.47549605
2019-09-25,-0.11534196721631887,-0.18944573480940763,-0.37243028735170974,-0.08993461677306268,-0.15582333415782523,-0.6844040588264022,-0.12266049216322097,0.09413688610249861,0.37230732198906563,0.15296910536032282,0.19147451501136087,-0.7119754746200343,1.5389562
2019-09-26,-0.11534196721631887,-0.18944573480940763,-0.37243028735170974,-0.08993461677306268,-0.15582333415782523,-0.4152366652569336,0.015062759479438454,0.12339262017175523,0.21331005483939097,0.13738426548836288,0.18325887835315807,-0.7100922179326483,-0.51576495
2019-09-27,-0.11534196721631887,-0.18944573480940763,-0.37243028735170974,-0.08993461677306268,-0.15582333415782523,-0.2806529684721991,-0.04077099118650456,0.11988193208344444,0.06357269497340452,0.11178178502727745,0.17118808588312764,-0.7083474433910818,-0.4866004
2019-09-30,-0.11534196721631887,-0.18944573480940763,2.685066263302147,-0.08993461677306268,-0.15582333415782523,-0.05638269615011797,0.43195476445181297,0.2872247309595923,0.5678068775922861,0.13276473527799665,0.16603766378915585,-0.7057112427367702,2.3535252
2019-10-01,-0.11534196721631887,-0.18944573480940763,-0.37243028735170974,-0.08993461677306268,-0.15582333415782523,-0.7293011800737895,0.6180672666716228,-0.30959224405324276,0.6222318883495235,0.15057585770000712,0.16574236932914804,-0.7024415112275326,0.2768159
2019-10-02,-0.11534196721631887,-0.18944573480940763,-0.37243028735170974,-0.08993461677306268,-0.15582333415782523,-0.7741983013211768,-0.6214419981123118,0.28371404287128144,-0.13204080858644834,0.11129567300204031,0.15707048324964473,-0.700750393368681,-2.5067866
2019-10-03,-0.11534196721631887,-0.18944573480940763,-0.37243028735170974,-0.08993461677306268,-0.15582333415782523,-0.8189877556111365,-0.4409128709590961,0.09998803291634994,0.056155937983092895,0.09293003238002509,0.14618884512854674,-0.6994452784159331,0.8494735
2019-10-04,-0.11534196721631887,-0.18944573480940763,-0.37243028735170974,-0.08993461677306268,-0.15582333415782523,0.9306003025904096,0.7427626431588956,0.6301019342512798,0.5922982026656362,0.12885095382066583,0.14519776361643866,-0.6970652463326973,2.8031826
2019-10-07,-0.11534196721631887,-0.18944573480940763,-0.37243028735170974,-0.08993461677306268,-0.15582333415782523,-0.2806529684721991,-0.07241011656387221,0.4569079885612807,0.5962035340929327,0.15344800557917368,0.14968725982748946,-0.6948340845510362,0.022029877
2019-10-08,-0.11534196721631887,-0.18944573480940763,-0.37243028735170974,-0.08993461677306268,-0.15582333415782523,-0.3704472109669739,-0.37577349518216263,0.3012674833128354,0.24577807170155708,0.14530448417743577,0.1515299877162539,-0.6935012664118991,-1.1714995
2019-10-09,-0.11534196721631887,-0.18944573480940763,-0.37243028735170974,-0.08993461677306268,-0.15582333415782523,0.033303879387228896,-0.2696893689168709,0.08828573928864729,0.475857377878157,0.15764892417362553,0.15565521106408092,-0.6929058276179717,1.172018
2019-10-10,-0.11534196721631887,-0.18944573480940763,-0.37243028735170974,-0.08993461677306268,-0.15582333415782523,0.8408060600956347,0.14348038601110738,0.27903312542020037,0.7207206319935133,0.18964702496637273,0.16582716993876423,-0.6916933161260638,1.3478398
2019-10-11,-0.11534196721631887,-0.18944573480940763,-0.37243028735170974,-0.08993461677306268,-0.15582333415782523,0.033303879387228896,-0.2250223683841165,0.22754303345830873,1.1300928632650533,0.2633154422289398,0.1897854625911155,-0.6886711068148184,2.6598334
2019-10-14,-0.11534196721631887,-0.18944573480940763,-0.37243028735170974,-0.08993461677306268,-0.15582333415782523,-1.1330522704279924,0.10811901058934348,0.14328651933884973,1.0822914195128035,0.3125598815725403,0.21952762946905124,-0.6859068064196129,-0.14394522
2019-10-15,-0.11534196721631887,-0.18944573480940763,2.685066263302147,-0.08993461677306268,-0.15582333415782523,-0.7293011800737895,0.2439811372098048,0.21233005174229536,1.001064941563829,0.3402800184636987,0.24927442527858326,-0.6833761953194031,-0.23317337
2019-10-16,-0.11534196721631887,-0.18944573480940763,-0.37243028735170974,-0.08993461677306268,-0.15582333415782523,-0.7741983013211768,-0.031465366075514055,0.2369048683604709,0.8564885617371977,0.3473381401795532,0.2745876350449039,-0.6813683267695906,-0.40370822
2019-10-17,-0.11534196721631887,-0.18944573480940763,2.685066263302147,-0.08993461677306268,-0.15582333415782523,-0.4601337865043209,0.27748138760937063,0.2977567952245247,0.9281077345620637,0.35431884546953146,0.2963373503442263,-0.6788896327259846,0.38827658
2019-10-18,-0.11534196721631887,-0.18944573480940763,-0.37243028735170974,-0.08993461677306268,-0.15582333415782523,-0.8189877556111365,-0.2566614937614842,0.32818275865655155,1.0178038606878355,0.3630741996108905,0.31561738634030334,-0.6756562407122668,0.4802823
2019-10-21,-0.11534196721631887,-0.18944573480940763,-0.37243028735170974,-0.08993461677306268,-0.15582333415782523,-0.9535714523958707,0.18070288645506935,0.3668003276279702,1.313594180411564,0.3989717259653499,0.33875061988968624,-0.671884549433827,1.7342687
2019-10-22,-0.11534196721631887,-0.18944573480940763,2.685066263302147,-0.08993461677306268,-0.15582333415782523,-0.7741983013211768,0.19373076161045613,0.3398850522842542,1.217374924689431,0.41525005708230833,0.36075307400346723,-0.6680280427562356,-0.22867322
2019-10-23,-0.11534196721631887,-0.18944573480940763,-0.37243028735170974,-0.08993461677306268,-0.15582333415782523,-0.8638848768585238,-0.846638125798282,-0.07437614213641949,1.4356116744210112,0.4487880710747249,0.38555752290053263,-0.6641940275752382,1.3418794
2019-10-24,-0.11534196721631887,-0.18944573480940763,-0.37243028735170974,-0.08993461677306268,-0.15582333415782523,-1.088155149180605,0.7092623927593299,-0.24405939973810784,1.461539156247501,0.4709192683702641,0.41015388670130093,-0.6600934556674095,0.1644969
2019-10-25,-0.11534196721631887,-0.18944573480940763,-0.37243028735170974,-0.08993461677306268,-0.15582333415782523,-0.7741983013211768,-0.1840776178957583,0.33520413483317313,1.6482706289300744,0.506492587173522,0.43747055701746523,-0.655288399881504,1.2316227
2019-10-28,-0.11534196721631887,-0.18944573480940763,2.685066263302147,-0.08993461677306268,-0.15582333415782523,0.6165357877735536,-0.007270740786938769,0.24743693262540323,1.786108742888234,0.5475795910390125,0.4681475688167021,-0.6509472225866084,1.0017037
2019-10-29,-0.11534196721631887,-0.18944573480940763,-0.37243028735170974,-0.08993461677306268,-0.15582333415782523,0.25768181866673806,-0.09102136678585325,0.19243615257520086,0.807098410479712,0.5208793141619996,0.48695513688061026,-0.6477103858256498,-2.3127913
2019-10-30,-0.11534196721631887,-0.18944573480940763,-0.37243028735170974,-0.08993461677306268,-0.15582333415782523,1.289454271697225,-0.38507912029315305,0.021582665610742204,0.8025164584761949,0.49125073018082094,0.49563827879612693,-0.6435042308334034,-0.012332201
2019-10-31,-0.11534196721631887,-0.18944573480940763,2.685066263302147,-0.08993461677306268,6.4175240852384325,1.1548705749124908,1.6454082789249747,-1.709186561926479,1.203509412695081,0.5078018155005826,0.5061392351708294,-0.6386680084236696,2.2609591
2019-11-01,-0.11534196721631887,-0.18944573480940763,-0.37243028735170974,-0.08993461677306268,-0.15582333415782523,0.5716386665261661,-1.1127790039726104,-0.3177838495926345,1.5897665730958317,0.5739239589879911,0.5287401191809208,-0.6336811998084244,2.838087
2019-11-04,-0.11534196721631887,-0.18944573480940763,-0.37243028735170974,-0.08993461677306268,-0.15582333415782523,0.07820100063461634,-0.10591036696343807,0.24041555644878168,1.6678168530337634,0.6312996404394271,0.5591425911745947,-0.6284122418093349,0.65671206
2019-11-05,-0.11534196721631887,-0.18944573480940763,-0.37243028735170974,-0.08993461677306268,-0.15582333415782523,-0.6844040588264022,-0.06310449145288176,0.18892546448689004,1.6089591994702759,0.6633252851470007,0.5903422641835386,-0.6227468977803621,-0.14368892
2019-11-06,-0.11534196721631887,-0.18944573480940763,-0.37243028735170974,-0.08993461677306268,-0.15582333415782523,-0.4152366652569336,-0.2119944932287298,0.08009413374925545,1.6147432029368414,0.6793021155639344,0.6187331208177342,-0.6175177563724531,0.042772293
2019-11-07,-0.11534196721631887,-0.18944573480940763,-0.37243028735170974,-0.08993461677306268,-0.15582333415782523,-0.5050309077517082,0.34634301343070034,0.26147968497864643,1.767975970269298,0.7074081054967502,0.6474817326406083,-0.6123043887727059,1.1506796
2019-11-08,-0.11534196721631887,-0.18944573480940763,-0.37243028735170974,-0.08993461677306268,-0.15582333415782523,-0.5050309077517082,-0.08171574167486276,0.22754303345830879,1.8033771415808566,0.7250536594454097,0.6742701085113877,-0.6080270888233538,0.2736807
2019-11-11,-0.11534196721631887,-0.18944573480940763,-0.37243028735170974,-0.08993461677306268,-0.15582333415782523,-0.10127981739750541,-0.3218008695384177,0.35275757527472706,1.904709532387431,0.746088256507386,0.7002181125463068,-0.6033332950666084,0.79188347
2019-11-12,-0.11534196721631887,-0.18944573480940763,-0.37243028735170974,-0.08993461677306268,-0.15582333415782523,0.12309812188200377,0.2793425126315687,0.286054501596822,1.8568876566228396,0.7494579934238537,0.7217001865808228,-0.598585973301972,-0.09154081
2019-11-13,-0.11534196721631887,-0.18944573480940763,-0.37243028735170974,-0.08993461677306268,-0.15582333415782523,0.661432909020941,0.03553513472361755,0.20413844620290347,1.9829629957705655,0.7629587710226534,0.7417852171411478,-0.5932384381167021,0.9581685
2019-11-14,-0.11534196721631887,-0.18944573480940763,-0.37243028735170974,-0.08993461677306268,-0.15582333415782523,0.21278469741935063,-0.31435636944962525,0.07190252820986359,1.6133721449165634,0.7463521989361157,0.7542868826378605,-0.5883661349988039,-0.69194436
2019-11-15,-0.11534196721631887,-0.18944573480940763,-0.37243028735170974,-0.08993461677306268,-0.15582333415782523,-0.011485574902730533,-0.10032699189684377,0.06722161075878252,1.7914155685275628,0.7495635467440565,0.7649778708499106,-0.5831477526751933,1.1879325
2019-11-18,-0.11534196721631887,-0.18944573480940763,-0.37243028735170974,-0.08993461677306268,-0.15582333415782523,-0.7293011800737895,0.4319547644518129,0.2673308317924978,1.8622843149242154,0.7527240697905548,0.7742094023180163,-0.5784064009910739,0.5042076
2019-11-19,-0.11534196721631887,-0.18944573480940763,-0.37243028735170974,-0.08993461677306268,-0.15582333415782523,-0.6844040588264022,-0.03518761611991027,0.25679876752756536,1.694697997174561,0.737037176199004,0.7782257749026551,-0.5737104916476987,-0.3032565
2019-11-20,-0.11534196721631887,-0.18944573480940763,-0.37243028735170974,-0.08993461677306268,-0.15582333415782523,0.5716386665261661,-0.17663311780696586,0.20881936365398454,1.0925755387938392,0.6867709571730135,0.770643907022572,-0.5701101326944237,-1.1641443
2019-11-21,-0.11534196721631887,-0.18944573480940763,-0.37243028735170974,-0.08993461677306268,-0.15582333415782523,0.661432909020941,-0.027743116031117863,0.14913766615270105,0.880165849490953,0.6267471588574746,0.7516879492734932,-0.5667838813079257,-0.44834018
2019-11-22,-0.11534196721631887,-0.18944573480940763,-0.37243028735170974,-0.08993461677306268,-0.15582333415782523,0.033303879387228896,-0.00913186580913684,0.13041399634837683,0.8377670645698426,0.5680578962704045,0.7239193190199039,-0.5640168140445795,-0.08778572
2019-11-25,-0.11534196721631887,-0.18944573480940763,-0.37243028735170974,-0.08993461677306268,-0.15582333415782523,-0.8189877556111365,0.16209163623308837,0.17839340022195765,1.2310795633632312,0.5531636429221134,0.6985057863777322,-0.5608804191259124,1.7533779
2019-11-26,-0.11534196721631887,-0.18944573480940763,-0.37243028735170974,-0.08993461677306268,-0.15582333415782523,-1.088155149180605,0.2383977621432105,0.4194606489526322,0.8563172320863934,0.514518535170592,0.6698756962590613,-0.5571081132275035,-0.78086257
2019-11-27,-0.11534196721631887,-0.18944573480940763,-0.37243028735170974,-0.08993461677306268,-0.15582333415782523,-0.3255500897195866,-0.5544414973131803,0.10232849164189046,1.1451313644658874,0.5068586368631856,0.6453266159857839,-0.552714294990263,1.3432145
2019-11-28,-0.11534196721631887,-0.18944573480940763,-0.37243028735170974,-0.08993461677306268,-0.15582333415782523,-0.7741983013211768,0.1769806364106732,0.12690330826006602,1.1451313644658885,0.4925687266576687,0.6226185095694659,-0.5492724921741904,0.0
2019-11-29,-0.11534196721631887,-0.18944573480940763,-0.37243028735170974,-0.08993461677306268,-0.15582333415782523,-0.5947174832890552,-0.02402086598672165,0.07424298693540411,1.031810584801507,0.46809644246175164,0.5991964575829929,-0.5471551544165073,-0.22028089
2019-12-02,-0.11534196721631887,-0.18944573480940763,-0.37243028735170974,-0.08993461677306268,-0.15582333415782523,-0.3704472109669739,0.30167601289794593,0.29190564841067335,0.47374483671822964,0.41409807929046305,0.5688623501572001,-0.545865080041081,-1.1562169
2019-12-03,-0.11534196721631887,-0.18944573480940763,-0.37243028735170974,-0.08993461677306268,-0.15582333415782523,0.033303879387228896,-0.422301620737115,0.16552087723148476,-0.22066497210311947,0.3234390107944909,0.5251254964584111,-0.5453286843011281,-1.7830074
2019-12-04,-0.11534196721631887,-0.18944573480940763,-0.37243028735170974,-0.08993461677306268,-0.15582333415782523,-0.7293011800737895,-0.13941061736300386,0.041476564777836705,0.04351402847189703,0.2662045939239959,0.477844586112741,-0.5444137516702731,0.8826256
2019-12-05,-0.11534196721631887,-0.18944573480940763,-0.37243028735170974,-0.08993461677306268,-0.15582333415782523,-0.7293011800737895,0.4970941402287465,0.263820143704187,0.43427101728543677,0.24934301023114522,0.4363987336435122,-0.5433460194831645,1.4671087
2019-12-06,-0.11534196721631887,-0.18944573480940763,-0.37243028735170974,-0.08993461677306268,-0.15582333415782523,-0.7741983013211768,-0.02402086598672165,0.20062775811459269,0.8597042363964192,0.27556675505518813,0.40887375498468087,-0.5415109274357301,1.9316196
2019-12-09,-0.11534196721631887,-0.18944573480940763,-0.37243028735170974,-0.08993461677306268,-0.15582333415782523,-0.8189877556111365,-0.06868786651947606,0.23807509772324117,0.34692259319104307,0.25737030504282404,0.38294597747786746,-0.5406914672110904,-1.4000118
2019-12-10,-0.11534196721631887,-0.18944573480940763,-0.37243028735170974,-0.08993461677306268,-0.15582333415782523,-0.2806529684721991,-0.9229442517084041,-0.3552311892012829,0.4795301596431367,0.2512880156224837,0.3608975480740991,-0.5395595054400937,0.5844474
2019-12-11,-0.11534196721631887,-0.18944573480940763,-0.37243028735170974,-0.08993461677306268,-0.15582333415782523,-0.3255500897195866,1.0051812712888277,0.21233005174229536,0.6671756905783996,0.2611401966625522,0.34537461833019617,-0.5384657298999389,0.85294247
2019-12-12,-0.11534196721631887,-0.18944573480940763,-0.37243028735170974,-0.08993461677306268,-0.15582333415782523,-0.4152366652569336,0.2923703877869554,0.3586087220885784,0.7229812316688993,0.2693944279802724,0.3347289192202438,-0.5369344621150662,0.2548337
2019-12-13,-0.11534196721631887,-0.18944573480940763,-0.37243028735170974,-0.08993461677306268,-0.15582333415782523,-0.4601337865043209,-1.0383340030846864,0.02743381242459351,1.0046888758628858,0.3024946156758398,0.33332081976799166,-0.5353042527357089,1.3593197
2019-12-16,-0.11534196721631887,-0.18944573480940763,-0.37243028735170974,-0.08993461677306268,-0.15582333415782523,-0.9984685736432581,0.34262076338630415,0.09296665673972834,1.3073739824195645,0.36359038629222284,0.3453150160027342,-0.5330889495869541,1.7117858
2019-12-17,-0.11534196721631887,-0.18944573480940763,-0.37243028735170974,-0.08993461677306268,-0.15582333415782523,0.1678875761719632,-0.37205124513776633,-0.20661206012945935,1.3401048089552379,0.4096033423089922,0.36479192571088603,-0.5306375187912334,0.19652843
2019-12-18,-0.11534196721631887,-0.18944573480940763,-0.37243028735170974,-0.08993461677306268,-0.15582333415782523,-0.23586351418223972,-0.25293924371708804,-0.3002304091510805,1.2297725297934077,0.43262337539149426,0.3853171408694156,-0.5277642293824728,-0.2389431
2019-12-19,-0.11534196721631887,-0.18944573480940763,-0.37243028735170974,-0.08993461677306268,-0.15582333415782523,-0.2806529684721991,0.6348173918714058,0.01924220688520169,1.249234483130406,0.4456608838780527,0.404537194564489,-0.5246374599157168,0.10008812
2019-12-20,-0.11534196721631887,-0.18944573480940763,-0.37243028735170974,-0.08993461677306268,-0.15582333415782523,-0.6844040588264022,0.4356770144962091,0.21350028110506558,1.1433999042387604,0.4432205814832567,0.4193891682397346,-0.5215714695347775,-0.20712614
2019-12-23,-0.11534196721631887,-0.18944573480940763,-0.37243028735170974,-0.08993461677306268,-0.15582333415782523,-0.8638848768585238,0.35937088858608707,0.4416950068452672,1.464758242351891,0.473557310694171,0.4377857380653594,-0.5185106764665581,1.6318321
2019-12-24,-0.11534196721631887,-0.18944573480940763,-0.37243028735170974,-0.08993461677306268,-0.15582333415782523,-0.8189877556111365,-0.1245216171854191,0.39137514424614583,1.4821697980835167,0.4917733073014898,0.45641498625174853,-0.5150419036949362,0.09506941
2019-12-25,-0.11534196721631887,-0.18944573480940763,2.685066263302147,-0.08993461677306268,-0.15582333415782523,-1.3573225427500735,-0.17291086776256967,0.25679876752756536,1.4821697980835167,0.4979284467250244,0.4726402371654992,-0.5121894488248415,0.0
2019-12-26,-0.11534196721631887,-0.18944573480940763,-0.37243028735170974,-0.08993461677306268,-0.15582333415782523,-1.2227388459653392,-0.13941061736300386,0.13509491379945787,1.8253876149140527,0.5438049613611686,0.49547268902850927,-0.5083578180817822,1.984036
2019-12-27,-0.11534196721631887,-0.18944573480940763,-0.37243028735170974,-0.08993461677306268,-0.15582333415782523,-1.2676359672127266,0.39473226400785094,-0.15863265625587855,1.8030302064997452,0.5700785355383517,0.5193810549819006,-0.5044428513406191,-0.037950277
2019-12-30,-0.11534196721631887,-0.18944573480940763,-0.37243028735170974,-0.08993461677306268,-0.15582333415782523,-0.9535714523958707,-0.7182204992666131,0.1479674367899308,1.8977498295467494,0.5966712132987955,0.5442186815774571,-0.49969279505626124,0.5935073
2019-12-31,-0.11534196721631887,-0.18944573480940763,2.685066263302147,-0.08993461677306268,-0.15582333415782523,-0.9535714523958707,0.9884311460890449,0.5540370256712126,2.007852945731681,0.6267893193021074,0.5705568231206609,-0.49375524842298807,0.7306576
2020-01-01,-0.11534196721631887,-0.18944573480940763,-0.37243028735170974,-0.08993461677306268,-0.15582333415782523,-1.1779493916753798,-0.32180086953841774,0.31531023566607863,2.0078529457316803,0.6407308291982798,0.5946213575389577,-0.4882152724906027,0.0
2020-01-02,-0.11534196721631887,-0.18944573480940763,-0.37243028735170974,-0.08993461677306268,-0.15582333415782523,-0.19096639293485226,-0.24177249358389938,0.17488271213364687,2.3015118120830014,0.7003356516883166,0.6266734709977817,-0.4821787598218172,2.28163
2020-01-03,-0.11534196721631887,-0.18944573480940763,-0.37243028735170974,-0.08993461677306268,-0.15582333415782523,-0.10127981739750541,0.49523301520654833,0.29424610713621385,1.7204529203568741,0.7110466888459648,0.6546154199426558,-0.47753984911230946,-0.9722054
2020-01-06,-0.11534196721631887,-0.18944573480940763,-0.37243028735170974,-0.08993461677306268,-0.15582333415782523,-0.19096639293485226,-1.293308131125826,-0.5202335293518903,1.8430541924782167,0.7295157205002512,0.6809353121878544,-0.4718314601198984,0.79681873
2020-01-07,-0.11534196721631887,-0.18944573480940763,-0.37243028735170974,-0.08993461677306268,-0.15582333415782523,-0.3704472109669739,0.8302355192022064,-0.0533120136065547,1.575405474821909,0.7208496998713071,0.7001301471241936,-0.46663869343134373,-0.4703045
2020-01-08,-0.11534196721631887,-0.18944573480940763,-0.37243028735170974,-0.08993461677306268,-0.15582333415782523,0.3024712729566975,-0.42788499580370937,-0.04980132551824393,1.8321824283790882,0.7452395290660517,0.7207238742305979,-0.46101017628074337,1.608634
2020-01-09,8.669871202426636,-0.18944573480940763,2.685066263302147,-0.08993461677306268,6.4175240852384325,0.39226551545147237,1.7384645300348796,0.05434908776830972,2.0970663916100896,0.8095684438895899,0.7510138684317731,-0.454383379718378,2.124083
2020-01-10,-0.11534196721631887,-0.18944573480940763,-0.37243028735170974,-0.08993461677306268,-0.15582333415782523,-0.3704472109669739,0.05600750996779645,-2.0438721596787746,2.122328482006688,0.8543411033539244,0.784861055539277,-0.44827568902521364,0.2260685
2020-01-13,-0.11534196721631887,-0.18944573480940763,-0.37243028735170974,-0.08993461677306268,-0.15582333415782523,-0.4152366652569336,-1.2914470061036276,0.3153102356660786,2.3332822041374226,0.9350565096548601,0.8292729130886637,-0.4418346514642194,2.1364331
2020-01-14,8.669871202426636,-0.18944573480940763,2.685066263302147,-0.08993461677306268,6.4175240852384325,0.48195209098881925,0.1341747609001169,0.26147968497864643,1.6658581107030057,0.9477590751386079,0.8675303497181264,-0.43623217119698143,-1.3503253
2020-01-15,-0.11534196721631887,-0.18944573480940763,-0.37243028735170974,-0.08993461677306268,-0.15582333415782523,0.3024712729566975,-0.2436336186060975,0.31179954757776784,1.4707936861977187,0.932699357282176,0.8949021361068469,-0.4307460014688941,-0.42855144
2020-01-16,-0.11534196721631887,-0.18944573480940763,2.685066263302147,-0.08993461677306268,-0.15582333415782523,-0.05638269615011797,0.29795376285354974,0.21115982237952505,1.6543813158620595,0.9418084792390127,0.9187558026918915,-0.42463135227128584,1.2526512
2020-01-17,-0.11534196721631887,-0.18944573480940763,-0.37243028735170974,-0.08993461677306268,-0.15582333415782523,0.033303879387228896,-0.0686878665194761,0.49318509880715883,1.8010096348821512,0.966170302478839,0.9430705806738516,-0.417810094263872,1.1070967
2020-01-20,-0.11534196721631887,-0.18944573480940763,-0.37243028735170974,-0.08993461677306268,-0.15582333415782523,-0.5050309077517082,-0.29202286918324805,0.22169188664445746,1.8010096348821512,0.9717343146751065,0.9637173073779794,-0.41178051422079465,0.0
2020-01-21,-0.11534196721631887,-0.18944573480940763,-0.37243028735170974,-0.08993461677306268,-0.15582333415782523,-0.011485574902730533,-0.2976062442498424,0.29073541904790307,1.4627637745378816,0.94364974605232,0.9742033625779847,-0.40617279350961116,-0.6776929
2020-01-22,-0.11534196721631887,-0.18944573480940763,-0.37243028735170974,-0.08993461677306268,-0.15582333415782523,0.39226551545147237,0.3258706381865213,0.40775835532492954,1.5228947523962941,0.9182446631765768,0.9771363158860686,-0.4003689083888105,0.35694838
2020-01-23,-0.11534196721631887,-0.18944573480940763,-0.37243028735170974,-0.08993461677306268,-0.15582333415782523,0.25768181866673806,0.191869636588258,0.3387148229214839,1.6041798345249219,0.8987219258498895,0.9752900559575146,-0.39527856470352346,0.4815817
2020-01-24,-0.11534196721631887,-0.18944573480940763,-0.37243028735170974,-0.08993461677306268,-0.15582333415782523,-0.4601337865043209,0.06345201005658907,0.3328636761076326,1.4472893757225365,0.8626392428279044,0.9660640797796428,-0.3903288683515955,-0.28820038
2020-01-27,-0.11534196721631887,-0.18944573480940763,-0.37243028735170974,-0.08993461677306268,-0.15582333415782523,-0.4601337865043209,-0.8391936257094896,0.22871326282107904,0.16019875933272432,0.7403074957781933,0.9324118372210859,-0.38730280310875526,-2.9405236
2020-01-28,-0.11534196721631887,-0.18944573480940763,2.685066263302147,-0.08993461677306268,6.4175240852384325,1.0202868781277565,0.7111235177815279,0.05083839967999881,0.7689618561191732,0.7098203055038848,0.8989427398911962,-0.383129145338656,2.8289318
2020-01-29,8.669871202426636,-0.18944573480940763,-0.37243028735170974,-0.08993461677306268,-0.15582333415782523,1.5137245440193063,2.285635286561121,-3.681023038194375,1.1199689210647317,0.7333919217692033,0.8772296051494282,-0.3778009581024667,2.0932317
2020-01-30,8.669871202426636,-0.18944573480940763,-0.37243028735170974,-0.08993461677306268,-0.15582333415782523,0.25768181866673806,-1.5631712593445508,-0.8385359160254022,1.0670265436833537,0.7368858456403192,0.860609438040945,-0.3737175955537683,-0.14491081
2020-01-31,-0.11534196721631887,-0.18944573480940763,-0.37243028735170974,-0.08993461677306268,-0.15582333415782523,-0.4601337865043209,-0.5581637473575763,0.5411645026807397,-0.22861618404354397,0.6033416623905942,0.81863390616904,-0.371620331787468,-4.433876
2020-02-03,-0.11534196721631887,-0.18944573480940763,-0.37243028735170974,-0.08993461677306268,-0.15582333415782523,-0.23586351418223972,-1.959590889072746,-0.7566198606314836,-0.28970952091500946,0.48190353226867993,0.7589739285422411,-0.37008212850147226,-0.2746284
2020-02-04,-0.11534196721631887,-0.18944573480940763,-0.37243028735170974,-0.08993461677306268,-0.15582333415782523,0.21278469741935063,0.8953748949791398,-0.13873875708878403,0.3286923334656166,0.46772090393676974,0.7082001436559529,-0.36653002045060074,3.3013701
2020-02-05,-0.11534196721631887,-0.18944573480940763,-0.37243028735170974,-0.08993461677306268,-0.15582333415782523,-0.10127981739750541,0.47289951494017113,0.4615889060123617,0.4639022461566794,0.47146651261994144,0.6683855072243815,-0.36335984659352394,0.8154273
2020-02-06,-0.11534196721631887,-0.18944573480940763,-0.37243028735170974,-0.08993461677306268,-0.15582333415782523,-0.011485574902730533,0.00761825939064604,0.01924220688520167,0.6522812703161741,0.4993427810150573,0.6425203905443593,-0.3606549580242747,1.1696935
2020-02-07,-0.11534196721631887,-0.18944573480940763,-0.37243028735170974,-0.08993461677306268,-0.15582333415782523,0.12309812188200377,0.266314637476182,0.22286211600722772,0.2917853320509899,0.4743859974089274,0.616468681251202,-0.35883904715184756,-1.3560474
2020-02-10,-0.11534196721631887,-0.18944573480940763,-0.37243028735170974,-0.08993461677306268,-0.15582333415782523,-0.4152366652569336,-0.5581637473575763,-0.02522650890006836,0.3761153777782031,0.46021722017296085,0.5925844856360832,-0.357909684250517,0.47495365
2020-02-11,-0.11534196721631887,-0.18944573480940763,-0.37243028735170974,-0.08993461677306268,-0.15582333415782523,0.033303879387228896,0.09881338547835296,0.06839184012155279,0.21355105071196767,0.42438135241544217,0.5657811659375245,-0.3565748626659374,-0.60333014
2020-02-12,-0.11534196721631887,-0.18944573480940763,-0.37243028735170974,-0.08993461677306268,-0.15582333415782523,-0.4601337865043209,0.11184126063373967,0.056689546493850156,0.6326919361649648,0.45538015809540083,0.5509956858768221,-0.35368653699297753,2.3747802
2020-02-13,-0.11534196721631887,-0.18944573480940763,-0.37243028735170974,-0.08993461677306268,-0.15582333415782523,-0.6844040588264022,0.028090634634825147,0.054349087768309615,0.43354657176891864,0.4515736760336487,0.5383498374350013,-0.351880790712785,-0.7121086
2020-02-14,-0.11534196721631887,-0.18944573480940763,-0.37243028735170974,-0.08993461677306268,-0.15582333415782523,-0.7741983013211768,0.016923884501636552,0.19828729938905218,0.4381111400254597,0.4416330738235496,0.5260983559365222,-0.3506670348850104,0.02462864
2020-02-17,-0.11534196721631887,-0.18944573480940763,-0.37243028735170974,-0.08993461677306268,-0.15582333415782523,-0.4152366652569336,0.2309532620544181,0.011050601345809827,0.43811114002545914,0.4262995986007074,0.5130042168195947,-0.34945327905723556,0.0
2020-02-18,-0.11534196721631887,-0.18944573480940763,-0.37243028735170974,-0.08993461677306268,-0.15582333415782523,1.7381024832988154,-4.187357540643872,0.7740401458720224,-0.0989373462134995,0.3548444209981345,0.48718348619752666,-0.34889999169151675,-1.8310547
2020-02-19,-0.11534196721631887,-0.18944573480940763,-0.37243028735170974,-0.08993461677306268,-0.15582333415782523,0.5268492122362067,1.12057102266511,3.5626967173535626,0.21325891739115854,0.33273673544846355,0.4617791463023587,-0.3477388631478655,1.4482737
2020-02-20,-0.11534196721631887,-0.18944573480940763,-0.37243028735170974,-0.08993461677306268,-0.15582333415782523,0.1678875761719632,2.5815541650906186,0.05083839967999883,-0.0682856854964544,0.28005676891714054,0.430142341976191,-0.3474211369723458,-1.0258973
2020-02-21,-0.11534196721631887,-0.18944573480940763,-0.37243028735170974,-0.08993461677306268,-0.15582333415782523,-0.10127981739750541,-0.1561607425627868,0.09881780355357966,-0.6059231589157701,0.16963248544444806,0.38111863468170804,-0.34820534173294293,-2.2635043
2020-02-24,-0.11534196721631887,-0.18944573480940763,-0.37243028735170974,-0.08993461677306268,-0.15582333415782523,-0.011485574902730533,-0.20827224318433363,-0.26980444571905365,-1.4042626667558347,-0.05146180354374961,0.2944183709262342,-0.34995230302766217,-4.750037
2020-02-25,-0.11534196721631887,5.278556421478968,-0.37243028735170974,-0.08993461677306268,-0.15582333415782523,0.3024712729566975,-0.07985461665266463,0.20647890492844403,-1.7924202311000215,-0.31499935261206113,0.16846192246292446,-0.3549742988158421,-3.3872187
2020-02-26,-0.11534196721631887,-0.18944573480940763,-0.37243028735170974,-0.08993461677306268,-0.15582333415782523,0.25768181866673806,0.36681538867487945,-0.10597233493121665,-1.457215131472795,-0.4804020308028354,0.03217556648784481,-0.36035550151718815,1.5863657
2020-02-27,-0.11534196721631887,-0.18944573480940763,-0.37243028735170974,-0.08993461677306268,-0.15582333415782523,0.3024712729566975,0.1788417614328713,-0.041609719978852086,-2.063056985065835,-0.7744431817837534,-0.14000058352996853,-0.36898420517509445,-6.5368176
2020-02-28,-0.11534196721631887,-0.18944573480940763,-0.37243028735170974,-0.08993461677306268,-0.15582333415782523,-0.2806529684721991,0.06531313507878715,0.015731518796890876,-2.0672746873955794,-0.999904219954693,-0.32616058651425905,-0.37514768323353276,-0.058496
2020-03-02,-0.11534196721631887,-0.18944573480940763,2.685066263302147,-0.08993461677306268,6.4175240852384325,0.6165357877735536,0.36309313863048326,0.17137202404533608,-0.658684846370618,-0.9449427865447639,-0.4632852980714149,-0.3767346607474727,9.310066
2020-03-03,-0.11534196721631887,-0.18944573480940763,-0.37243028735170974,-0.08993461677306268,-0.15582333415782523,0.7960166058056753,-4.446053918729408,2.0086321235946514,-0.9855681120093385,-0.976675483398119,-0.5797998504578116,-0.38174223201600765,-3.1759262
2020-03-04,-0.11534196721631887,-0.18944573480940763,-0.37243028735170974,-0.08993461677306268,-0.15582333415782523,-0.19096639293485226,3.5605059267668193,0.1315842257111471,-0.4376488453630172,-0.8754765101313466,-0.6512784181167711,-0.3848657982703876,4.6384573
2020-03-05,-0.11534196721631887,-0.18944573480940763,2.685066263302147,-0.08993461677306268,-0.15582333415782523,-0.3255500897195866,0.6608731421821792,0.11754147335790391,-0.7699590113170871,-0.8746627156761174,-0.7082865051020504,-0.39035104786565583,-3.2437027
2020-03-06,-0.11534196721631887,-0.18944573480940763,-0.37243028735170974,-0.08993461677306268,-0.15582333415782523,-0.7293011800737895,-0.2454947436282956,0.184244547035809,-0.8942636315400486,-0.9006132115458799,-0.759465996188024,-0.39574580096046896,-1.3280153
2020-03-09,-0.11534196721631887,5.278556421478968,-0.37243028735170974,-0.08993461677306268,-0.15582333415782523,0.07820100063461634,0.3482041384528985,0.41126904341324033,-1.5087158027530245,-1.113250047365389,-0.8460745992047007,-0.40538328648364474,-7.9092083
2020-03-10,-0.11534196721631887,-0.18944573480940763,-0.37243028735170974,-0.08993461677306268,-0.15582333415782523,0.25768181866673806,-0.30877299438303096,0.6242507874374285,-0.7930203078791508,-1.1019083751394354,-0.912925790853099,-0.41134711656712153,7.2021604
2020-03-11,-0.11534196721631887,-0.18944573480940763,2.685066263302147,-0.08993461677306268,-0.15582333415782523,-0.4152366652569336,0.31842613809772885,0.17254225340810633,-1.0446819067224622,-1.1697026671626798,-0.9809659668073484,-0.420356381408132,-3.4730494
2020-03-12,-0.11534196721631887,-0.18944573480940763,-0.37243028735170974,-0.08993461677306268,-0.15582333415782523,-0.3255500897195866,-0.34413436980479495,-0.01001352718405495,-1.6077332310861734,-1.4500382854597427,-1.0956018291179346,-0.43369363904713687,-9.875464
2020-03-13,-0.11534196721631887,-0.18944573480940763,-0.37243028735170974,-0.08993461677306268,-0.15582333415782523,-0.011485574902730533,-0.23060574345071075,0.012220830708580084,-0.7255703267893898,-1.3953960698479944,-1.1755757820343127,-0.44186932106244364,11.980831
2020-03-16,-0.11534196721631887,5.278556421478968,-0.37243028735170974,-0.08993461677306268,-0.15582333415782523,0.661432909020941,-1.44592038294607,-0.8701321088201994,-1.3607128814101093,-1.6521452139204764,-1.2946933319583873,-0.45626813449700987,-12.8646965
2020-03-17,-0.11534196721631887,-0.18944573480940763,-0.37243028735170974,-0.08993461677306268,-0.15582333415782523,-0.14606927168746484,1.0870707722655442,0.5083980805231724,-1.093064270117208,-1.7437844167459908,-1.4096674292632694,-0.46777812768722576,4.397011
2020-03-18,-0.11534196721631887,-0.18944573480940763,2.685066263302147,-0.08993461677306268,6.4175240852384325,0.9306003025904096,0.396593389030049,-0.12235554601000034,-1.196814350006453,-1.8523924900219,-1.5249709291271918,-0.4811693345824281,-2.4479985
2020-03-19,-0.11534196721631887,-0.18944573480940763,-0.37243028735170974,-0.08993461677306268,-0.15582333415782523,-0.4152366652569336,0.3984545140522472,0.06956206948432306,-1.2294049113229693,-1.935426777787765,-1.6350458303042528,-0.49431167789851277,-0.7662058
2020-03-20,-0.11534196721631887,-0.18944573480940763,-0.37243028735170974,-0.08993461677306268,-0.15582333415782523,-0.2806529684721991,0.048563009879004256,0.09647734482803913,-1.489347660384503,-2.116934766107589,-1.762085658450619,-0.5088966981803459,-6.3485565
2020-03-23,-0.11534196721631887,-0.18944573480940763,-0.37243028735170974,-0.08993461677306268,-0.15582333415782523,-0.3255500897195866,0.09509113543395678,0.1702017946825658,-1.5669192658732467,-2.2801490874078953,-1.8987687556690565,-0.5217414547279866,-2.1244168
2020-03-24,-0.11534196721631887,-0.18944573480940763,-0.37243028735170974,-0.08993461677306268,-0.15582333415782523,0.1678875761719632,-0.1729108677625697,0.29307587777344357,-0.9364321874336352,-2.1875577097874204,-1.988230690945084,-0.5289112475455735,10.032535
2020-03-25,-0.11534196721631887,-0.18944573480940763,2.685066263302147,-0.08993461677306268,-0.15582333415782523,0.033303879387228896,0.2235087619656257,0.166691106594255,-0.9627159655375862,-2.1044992809843124,-2.0419629534503594,-0.5371130332976427,-0.55087805
2020-03-26,-0.11534196721631887,-0.18944573480940763,-0.37243028735170974,-0.08993461677306268,-0.15582333415782523,-0.011485574902730533,-0.08729911674145706,0.16903156531979555,-0.6253825179228597,-1.9048869750359034,-2.0420808476409875,-0.5397373189508022,5.2623034
2020-03-27,-0.11534196721631887,-0.18944573480940763,-0.37243028735170974,-0.08993461677306268,-0.15582333415782523,-0.6396146045364425,-0.03890986616430646,0.13743537252499838,-0.8524588654186401,-1.8229395485028084,-2.024576471544731,-0.5441958275571943,-4.140222
2020-03-30,-0.11534196721631887,-0.18944573480940763,-0.37243028735170974,-0.08993461677306268,-0.15582333415782523,-1.1330522704279924,-0.09846586687464566,0.27903312542020037,-0.6658190996858327,-1.678601438557939,-1.9795755132894772,-0.5518528997123978,2.8537989
2020-03-31,-0.11534196721631887,-0.18944573480940763,2.685066263302147,-0.08993461677306268,-0.15582333415782523,-0.8189877556111365,0.06903538512318337,0.18190408831026844,-0.6778742452060574,-1.5534501413959518,-1.9166977701120538,-0.5579489917000666,-0.20407438
2020-04-01,-0.11534196721631887,-0.18944573480940763,-0.37243028735170974,-0.08993461677306268,-0.15582333415782523,-0.5947174832890552,0.059729760012192865,0.14679720742716051,-0.9815772070976625,-1.5572996471210259,-1.86722227954792,-0.5687089335909067,-5.2617073
2020-04-02,-0.11534196721631887,-0.18944573480940763,-0.37243028735170974,-0.08993461677306268,-0.15582333415782523,-0.7741983013211768,0.04670188485680616,0.15849950105486316,-0.8608266164475851,-1.5099007003357554,-1.8174626847133237,-0.5770603933230598,1.6686678
2020-04-03,-0.11534196721631887,-0.18944573480940763,-0.37243028735170974,-0.08993461677306268,-0.15582333415782523,-0.14606927168746484,-0.16918861771817348,0.054349087768309615,-0.9440179372742064,-1.4888753790259088,-1.773139697529634,-0.5853474581349593,-1.4371395
2020-04-06,-0.11534196721631887,-0.18944573480940763,-0.37243028735170974,-0.08993461677306268,-0.15582333415782523,0.07820100063461634,0.03925738476801376,0.07190252820986358,-0.3345615980658616,-1.2736434787550432,-1.6914589922927965,-0.585991355580028,8.723747
2020-04-07,-0.11534196721631887,-0.18944573480940763,-0.37243028735170974,-0.08993461677306268,-0.15582333415782523,0.07820100063461634,0.02250725956823085,0.17254225340810633,-0.41589800348590117,-1.1196160905720198,-1.5930361412800484,-0.5905003198133201,-1.1582315
2020-04-08,-0.11534196721631887,-0.18944573480940763,-0.37243028735170974,-0.08993461677306268,-0.15582333415782523,-0.8189877556111365,0.09136888538956056,0.17488271213364687,-0.2334830828608346,-0.9305837502434124,-1.4737020544510195,-0.5921291993132124,2.5594592
2020-04-09,-0.11534196721631887,-0.18944573480940763,-0.37243028735170974,-0.08993461677306268,-0.15582333415782523,-0.9535714523958707,-0.03518761611991025,0.16669110659425504,-0.18019037643349092,-0.7575868789857924,-1.3410826901915804,-0.5886904789420833,0.7216096
2020-04-10,-0.11534196721631887,-0.18944573480940763,-0.37243028735170974,-0.08993461677306268,-0.15582333415782523,0.25768181866673806,0.02809063463482515,0.07892390438648518,-0.18019037643349092,-0.6159269496078941,-1.2045648964220657,-0.5904272583920773,0.0
2020-04-13,-0.11534196721631887,-0.18944573480940763,-0.37243028735170974,-0.08993461677306268,-0.15582333415782523,-0.19096639293485226,0.033674009701419455,0.17254225340810633,-0.020774568582358054,-0.4544008248681703,-1.0606619768379393,-0.5850255352911603,1.962769
2020-04-14,-0.11534196721631887,-0.18944573480940763,-0.37243028735170974,-0.08993461677306268,-0.15582333415782523,2.0797297392171847,-0.014715240875731148,0.16435064786871448,0.3614734646143913,-0.20441416663655837,-0.8918535371567711,-0.5790756344370848,5.0503135
2020-04-15,-0.11534196721631887,-0.18944573480940763,-0.37243028735170974,-0.08993461677306268,-0.15582333415782523,2.5463583327092163,0.033674009701419455,0.12573307889729576,0.26079768278983684,-0.031667155617328795,-0.7197083495702308,-0.57250446996758,-0.9127319
2020-04-16,-0.11534196721631887,-0.18944573480940763,-0.37243028735170974,-0.08993461677306268,-0.15582333415782523,2.423725668198966,-0.09102136678585326,0.13275445507391734,0.32461008120789475,0.12130306533407942,-0.5491409455536271,-0.5652110946861577,0.7945776
2020-04-17,-0.11534196721631887,-0.18944573480940763,-0.37243028735170974,-0.08993461677306268,-0.15582333415782523,1.549685307800187,-0.10963261700783428,0.02743381242459351,0.16228593642821726,0.20321413052986367,-0.3950961397024666,-0.5558903267866696,-1.3568699
2020-04-20,-0.11534196721631887,-0.18944573480940763,-0.37243028735170974,-0.08993461677306268,-0.15582333415782523,1.5436559581842313,0.173258386366277,0.16201018914317394,-0.07775545589001807,0.21119056309459944,-0.27014730925118063,-0.5467435811631345,-2.0756721
2020-04-21,-0.11534196721631887,-0.18944573480940763,-0.37243028735170974,-0.08993461677306268,-0.15582333415782523,2.1568192807354807,0.05972976001219286,0.17371248277087661,-0.4050673427374506,0.13760844795231042,-0.1859904365552337,-0.5430037983656082,-3.0910313
2020-04-22,-0.11534196721631887,-0.18944573480940763,-0.37243028735170974,-0.08993461677306268,-0.15582333415782523,1.7462851720633272,-0.11521599207442856,0.15849950105486316,-0.12892686834604652,0.1435268054244227,-0.11739393634946002,-0.5376821217879669,2.8803587
2020-04-23,-0.11534196721631887,-0.18944573480940763,-0.37243028735170974,-0.08993461677306268,-0.15582333415782523,1.9862748201698657,-0.21757786829532405,0.02860404178736381,-0.171915035141407,0.13465141912103032,-0.06442277755367971,-0.534795051952534,-0.38754344
2020-04-24,-0.11534196721631887,-0.18944573480940763,-0.37243028735170974,-0.08993461677306268,-0.15582333415782523,1.9197366404794927,0.2551478873429934,0.17137202404533608,0.10949916880922837,0.1931369436214413,-0.00948574041419736,-0.5286641588164018,2.886963
2020-04-27,-0.11534196721631887,-0.18944573480940763,-0.37243028735170974,-0.08993461677306268,-0.15582333415782523,1.3425340817091245,0.002034884324051753,0.11169032654405257,0.11651530267581665,0.2359955582170951,0.0436680286596608,-0.5237288251626953,0.07067919
2020-04-28,-0.11534196721631887,-0.18944573480940763,-0.37243028735170974,-0.08993461677306268,-0.15582333415782523,1.5974894368981247,0.0076182593906460525,0.1936063819379711,-0.0968845730413061,0.22420368342115568,0.08365866950608263,-0.5195017637464063,-1.6209424
2020-04-29,-0.11534196721631887,-0.18944573480940763,-0.37243028735170974,-0.08993461677306268,-0.15582333415782523,1.1787726394614597,-0.022159740964523552,0.2895651896851328,0.24249500772162486,0.2899724900638209,0.12977541992959882,-0.5113539322825106,3.2845259
2020-04-30,-0.11534196721631887,-0.18944573480940763,-0.37243028735170974,-0.08993461677306268,-0.15582333415782523,1.7843992749927642,0.06159088503439096,0.23105372154661954,0.4472205237565927,0.38880523813897927,0.18789373375248763,-0.5028493351328345,2.109611
2020-05-01,-0.11534196721631887,-0.18944573480940763,-0.37243028735170974,-0.08993461677306268,-0.15582333415782523,2.099971127213609,1.474184776882749,2.718961346796202,0.21020765576670247,0.41790102307657045,0.24063687562056582,-0.494555304627954,-1.6099334
2020-05-04,-0.11534196721631887,-0.18944573480940763,2.685066263302147,-0.08993461677306268,-0.15582333415782523,0.19405064682691553,-1.4719761332568435,0.04966817031722857,0.3564559830031871,0.4692156069979743,0.2938514975852987,-0.4892144705974798,1.4148831
2020-05-05,-0.11534196721631887,-0.18944573480940763,-0.37243028735170974,-0.08993461677306268,-0.15582333415782523,0.24497711769025912,-0.01099299083133495,0.1772231708591874,0.5099579884334887,0.5400645353308378,0.3516384188920456,-0.4825789284602115,1.5008807
2020-05-06,-0.11534196721631887,-0.18944573480940763,-0.37243028735170974,-0.08993461677306268,-0.15582333415782523,-0.5498203620416678,-0.03518761611991025,0.17254225340810633,0.6154839372819081,0.6137728681715555,0.4136972535950373,-0.47656464562524964,1.0317326
2020-05-07,-0.11534196721631887,-0.18944573480940763,-0.37243028735170974,-0.08993461677306268,-0.15582333415782523,-0.8220024304191145,-0.012854115853533047,0.06722161075878252,0.72215339728696,0.6892317857671474,0.47954956737922994,-0.47034325383210096,1.0344863
2020-05-08,-0.11534196721631887,-0.18944573480940763,-0.37243028735170974,-0.08993461677306268,-0.15582333415782523,-0.8803579213449753,0.06903538512318337,0.11871170272067416,0.9564772443858356,0.8012537866871667,0.5562888014516489,-0.46286373855681184,2.373755
2020-05-11,-0.11534196721631887,-0.18944573480940763,-0.37243028735170974,-0.08993461677306268,-0.15582333415782523,-0.7749519700231714,0.21048088681023897,0.29658656586175436,1.1029736499573584,0.9201980621893181,0.6432241709030108,-0.4554480761860382,1.5735388
2020-05-12,-0.11534196721631887,-0.18944573480940763,-0.37243028735170974,-0.08993461677306268,-0.15582333415782523,-0.05562902744812354,-0.1673274926959754,0.23222395090938985,0.8643093972410467,0.9687991706051843,0.7232098401226015,-0.45106213083523,-1.1428237
2020-05-13,-0.11534196721631887,-0.18944573480940763,-0.37243028735170974,-0.08993461677306268,-0.15582333415782523,-0.6866650649323857,-0.05193774131969315,0.0847750512003365,0.620539796916331,0.9603298325332109,0.7853795353734571,-0.4468763460021179,-1.2074172
2020-05-14,-0.11534196721631887,-0.18944573480940763,-0.37243028735170974,-0.08993461677306268,-0.15582333415782523,-1.172673710761418,-0.051937741319693156,0.166691106594255,0.6918611271851983,0.9568227885277185,0.8343621332632464,-0.4427540718991289,0.6143451
2020-05-15,-0.11534196721631887,-0.18944573480940763,-0.37243028735170974,-0.08993461677306268,-0.15582333415782523,-0.29561867555466165,-0.031465366075514055,0.27201174924357885,0.5657875296035818,0.9246006395287985,0.8666283157096608,-0.43827416804813407,-0.59120655
2020-05-18,-0.11534196721631887,-0.18944573480940763,-0.37243028735170974,-0.08993461677306268,-0.15582333415782523,0.01693850185820533,-0.40741262055953026,0.04264679414060698,0.849361610012288,0.9499247963642637,0.8978797731759651,-0.4315076550680351,2.356112
2020-05-19,-0.11534196721631887,-0.18944573480940763,-0.37243028735170974,-0.08993461677306268,-0.15582333415782523,-0.36743253615899596,0.35006526347509653,0.19243615257520086,0.7178070442623332,0.9404587331397929,0.9208480464399907,-0.42356903305302723,-0.5778432
2020-05-20,-0.11534196721631887,-0.18944573480940763,-0.37243028735170974,-0.08993461677306268,-0.15582333415782523,0.29945659814871955,0.06717426010098526,0.13275445507391737,0.9502860954094933,0.9732523137062705,0.9462652792040348,-0.41591296010455675,1.9448161
2020-05-21,-0.11534196721631887,-0.18944573480940763,-0.37243028735170974,-0.08993461677306268,-0.15582333415782523,-0.3039090312766013,0.04670188485680615,0.15147812487824158,0.7709111535983985,0.9644566917892521,0.9647101539171764,-0.4084859822566709,-0.7455468
2020-05-22,-0.11534196721631887,-0.18944573480940763,-0.37243028735170974,-0.08993461677306268,-0.15582333415782523,-1.1958221066083925,0.015062759479438456,0.1573292716920929,0.8536341948198178,0.9619633775501815,0.9789305998017707,-0.40208479075986164,0.64383745
2020-05-25,-0.11534196721631887,-0.18944573480940763,-0.37243028735170974,-0.08993461677306268,-0.15582333415782523,-1.245241240067747,0.007618259390646053,0.1596697304176334,0.8536341948198188,0.9465349820342547,0.9869936179005206,-0.3957183989738079,0.0
2020-05-26,-0.11534196721631887,-0.18944573480940763,-0.37243028735170974,-0.08993461677306268,-0.15582333415782523,-1.002990585855225,-0.05938224140848555,0.1374353725249984,0.6676336365860939,0.902193660748178,0.9839214730416894,-0.3889301514501292,-0.67735314
2020-05-27,-0.11534196721631887,-0.18944573480940763,-0.37243028735170974,-0.08993461677306268,-0.15582333415782523,-0.4324633784453796,-0.009131865809136849,0.13509491379945787,0.7358263967724746,0.8667696847341277,0.973856250120737,-0.383493410106912,0.43569803
2020-05-28,-0.11534196721631887,-0.18944573480940763,-0.37243028735170974,-0.08993461677306268,-0.15582333415782523,-1.0507947149531627,-0.022159740964523562,0.029774271150134066,0.7430697309604427,0.8278541118197772,0.9574467237958142,-0.3790885833431165,0.04401207
2020-05-29,-0.11534196721631887,-0.18944573480940763,-0.37243028735170974,-0.08993461677306268,-0.15582333415782523,-1.2481482479182973,0.01134050943504226,0.18307431767303872,0.711575790147895,0.7826981583678213,0.9346215963528716,-0.3739147052560868,-0.09740591
2020-06-01,-0.11534196721631887,-0.18944573480940763,-0.37243028735170974,-0.08993461677306268,-0.15582333415782523,0.1559365438974789,-0.2976062442498424,-0.1059723349312166,0.92788879289883,0.7701973024990988,0.9136768621338274,-0.36877033252183455,1.2297988
2020-06-02,-0.11534196721631887,-0.18944573480940763,-0.37243028735170974,-0.08993461677306268,-0.15582333415782523,0.113300428756075,0.16023051121089027,0.055519317131079875,1.006908371341739,0.7621886302577955,0.8952011653282207,-0.3641316410627252,0.46294928
2020-06-03,-0.11534196721631887,-0.18944573480940763,-0.37243028735170974,-0.08993461677306268,-0.15582333415782523,-0.6642703377874059,0.14161926098890928,0.13860560188776866,1.101428573252218,0.76033532649524,0.8800226000089565,-0.3597166065754693,0.5505085
2020-06-04,-0.11534196721631887,-0.18944573480940763,-0.37243028735170974,-0.08993461677306268,-0.15582333415782523,-0.32253541491160864,-0.15243849251839056,0.3866942267950647,0.7723096824750179,0.7231354612153369,0.8598908580630067,-0.3563313948031794,-0.8612156
2020-06-05,-0.11534196721631887,-0.18944573480940763,2.685066263302147,-0.08993461677306268,-0.15582333415782523,-0.6911870771443528,0.15092488609989976,0.14328651933884973,1.248646062890444,0.7637925019818306,0.8525168029501716,-0.35260242716054496,2.8481007
2020-06-08,-0.11534196721631887,-0.18944573480940763,-0.37243028735170974,-0.08993461677306268,-0.15582333415782523,-0.8070367233366521,0.10439676054494727,0.17371248277087661,1.33471842555884,0.8016284960000128,0.8547430609354832,-0.3493829730024734,0.59125423
2020-06-09,-0.11534196721631887,-0.18944573480940763,-0.37243028735170974,-0.08993461677306268,-0.15582333415782523,0.30623961646667014,-0.05007661629749506,0.14211628997607945,1.7228922594257507,0.9120259529917052,0.8802325700128288,-0.34369789643765614,3.1577945
2020-06-10,-0.11534196721631887,-0.18944573480940763,-0.37243028735170974,-0.08993461677306268,-0.15582333415782523,-0.5169819400261926,0.09695226045615486,0.17371248277087661,1.9666748459382095,1.0632730012345142,0.9331053697559084,-0.33581243006428885,2.572751
2020-06-11,-0.11534196721631887,-0.18944573480940763,-0.37243028735170974,-0.08993461677306268,-0.15582333415782523,0.17391692578791934,0.19745301165485224,0.17605294149641712,0.557100554334122,1.01849250454958,0.9657867347146254,-0.33121271485630877,-4.8010406
2020-06-12,-0.11534196721631887,-0.18944573480940763,-0.37243028735170974,-0.08993461677306268,-0.15582333415782523,-0.5475593559356844,-0.2696893689168709,0.19243615257520086,0.6730201467999902,0.9947362097685614,0.9868300227628627,-0.32578764769823243,0.86334944
2020-06-15,-0.11534196721631887,-0.18944573480940763,-0.37243028735170974,-0.08993461677306268,-0.15582333415782523,0.1373101602624716,-0.00354849074254255,0.22169188664445746,0.8357082063123423,0.9990429051429441,1.0045895413433266,-0.3208965235510632,1.2367129
2020-06-16,-0.11534196721631887,-0.18944573480940763,-0.37243028735170974,-0.08993461677306268,-0.15582333415782523,2.2150671047039134,-0.12266049216322097,0.33637436419594335,1.1493820633424061,1.068285068917592,1.0336673178109095,-0.31410167623096935,2.6502252
2020-06-17,-0.11534196721631887,-0.18944573480940763,-0.37243028735170974,-0.08993461677306268,-0.15582333415782523,0.8161503268446715,-0.04263211620870266,0.5739309248383071,1.1120463033527437,1.103548888836379,1.0645026515561766,-0.30845499364573187,-0.13917089
2020-06-18,-0.11534196721631887,-0.18944573480940763,2.685066263302147,-0.08993461677306268,-0.15582333415782523,0.9791581003903419,0.10253563552274916,0.008710142620269291,1.1170000635979835,1.1173175152124115,1.0921278119841464,-0.3023685702412,0.039827824
2020-06-19,-0.11534196721631887,-0.18944573480940763,-0.37243028735170974,-0.08993461677306268,-0.15582333415782523,1.836725416302669,0.04111850979021186,0.16903156531979555,0.9465253351302733,1.0952211473286109,1.1094826154642676,-0.2969888663499539,-0.5714655
2020-06-22,-0.11534196721631887,-0.18944573480940763,-0.37243028735170974,-0.08993461677306268,-0.15582333415782523,2.5710140659601795,-0.010992990831334948,0.1596697304176334,1.2826786547817566,1.1432070455373455,1.1336717118993258,-0.29001253433297464,2.6163816
2020-06-23,-0.11534196721631887,-0.18944573480940763,-0.37243028735170974,-0.08993461677306268,-0.15582333415782523,2.510397568928335,0.02809063463482515,0.17254225340810633,1.515441849585943,1.2324800980639516,1.172194901730562,-0.28132263465406787,2.134478
2020-06-24,-0.11534196721631887,-0.18944573480940763,-0.37243028735170974,-0.08993461677306268,-0.15582333415782523,0.784065573531191,-0.06682674149727796,0.0356254179639854,1.0007094823854616,1.2290909090177267,1.202285605329786,-0.27400253957820647,-1.7652035
2020-06-25,-0.11534196721631887,-0.18944573480940763,-0.37243028735170974,-0.08993461677306268,-0.15582333415782523,-0.2508292212647022,-0.32366199456061573,0.006369683894728776,1.1625352055399938,1.2518610426503924,1.231248188225674,-0.2658727851299351,1.3275504
2020-06-26,-0.11534196721631887,-0.18944573480940763,2.685066263302147,-0.08993461677306268,-0.15582333415782523,-0.7853956648936667,-0.29388399420544614,-0.28618765679783736,0.3898297110816679,1.154553962461967,1.233520987203256,-0.25964503866950545,-3.0725777
2020-06-29,-0.11534196721631887,-0.18944573480940763,-0.37243028735170974,-0.08993461677306268,-0.15582333415782523,-0.044431663875633444,0.6366785168936038,0.13509491379945787,0.6977720962024853,1.1341634711085702,1.2309602485333195,-0.25267741197161836,2.3046613
2020-06-30,-0.11534196721631887,-0.18944573480940763,-0.37243028735170974,-0.08993461677306268,-0.15582333415782523,-0.21411478878182666,0.0057571343684479515,0.1210521614462147,0.803753531816316,1.1292510109050988,1.2278566778984004,-0.24544281736254642,0.83476305
2020-07-01,-0.11534196721631887,-0.18944573480940763,-0.37243028735170974,-0.08993461677306268,-0.15582333415782523,-0.024190275879209487,-0.05565999136408936,0.08945596865141756,0.7564362130962546,1.1039654082171724,1.2199435896110573,-0.23863924028233252,-0.18914342
2020-07-02,-0.11534196721631887,-0.18944573480940763,-0.37243028735170974,-0.08993461677306268,-0.15582333415782523,-0.1999027504013586,-0.8224435005097068,-0.372784629642837,0.7564362130962535,1.0690615498918328,1.2061173102776506,-0.2313470654866973,0.0
2020-07-03,-0.11534196721631887,-0.18944573480940763,-0.37243028735170974,-0.08993461677306268,-0.15582333415782523,-1.035075339168706,0.8451245193797912,0.15381858360378212,0.7564362130962546,1.0270197859625436,1.1860275709298436,-0.22565677004354723,0.0
2020-07-06,-0.11534196721631887,-0.18944573480940763,-0.37243028735170974,-0.08993461677306268,-0.15582333415782523,-0.9386057453134083,0.10439676054494727,0.19477661130074136,1.1376481600274055,1.0653346679699276,1.1781841255372587,-0.21860887469657117,2.6750207
2020-07-07,-0.11534196721631887,-0.18944573480940763,-0.37243028735170974,-0.08993461677306268,-0.15582333415782523,-0.08405310420905941,0.08950776036736248,0.303607942038376,1.0416925899270872,1.0705212077955026,1.173023209131759,-0.2136008433616266,-0.3102839
2020-07-08,-0.11534196721631887,-0.18944573480940763,-0.37243028735170974,-0.08993461677306268,-0.15582333415782523,-0.03764864555768287,-0.07054899154167416,0.27903312542020037,1.342710250692462,1.136040115025335,1.1829650463861856,-0.20862247552728808,2.3290157
2020-07-09,-0.11534196721631887,-0.18944573480940763,2.685066263302147,-0.08993461677306268,-0.15582333415782523,-0.5057845764537028,0.01134050943504225,0.12924376698560655,1.386083460517301,1.183848326581529,1.2011856105878003,-0.20045083059472463,0.3566146
2020-07-10,-0.11534196721631887,-0.18944573480940763,-0.37243028735170974,-0.08993461677306268,-0.15582333415782523,-0.6238952287519856,-0.02402086598672165,0.14328651933884973,1.417523647096903,1.21363771593165,1.2221595083827268,-0.19261944359008606,0.24821758
2020-07-13,-0.11534196721631887,-0.18944573480940763,-0.37243028735170974,-0.08993461677306268,-0.15582333415782523,0.334663693227606,0.8823470198237533,0.5704202367499963,1.2485113092193243,1.2051018299038623,1.237105494929241,-0.18582805826972387,-0.4613161
2020-07-14,-0.11534196721631887,-0.18944573480940763,-0.37243028735170974,-0.08993461677306268,-0.15582333415782523,0.10059572777959605,-0.7293872493998017,0.027433812424593553,1.4734997620729144,1.23762654940503,1.2560471588254183,-0.17952003453395984,1.6548395
2020-07-15,-0.11534196721631887,-0.18944573480940763,-0.37243028735170974,-0.08993461677306268,-0.15582333415782523,1.7028953882199287,-0.6195808730901137,0.7202095951845902,1.5609914857433436,1.2699226064904297,1.2781362580037026,-0.17266060251621823,0.6877303
2020-07-16,-0.11534196721631887,-0.18944573480940763,-0.37243028735170974,-0.08993461677306268,-0.15582333415782523,0.3907581780474833,-0.11707711709662667,0.47329119964006433,1.0987958157977062,1.2360328267440952,1.2885295079773262,-0.1666649379937656,-1.2304902
2020-07-17,-0.11534196721631887,-0.18944573480940763,2.685066263302147,11.119188982851384,-0.15582333415782523,-0.5469133541911175,0.4989552652509446,0.19126592321243055,1.0256495633243055,1.1860377974867182,1.2861073816050093,-0.16045464170847734,-0.20202398
2020-07-20,-0.11534196721631887,-0.18944573480940763,-0.37243028735170974,-0.08993461677306268,-0.15582333415782523,-1.2077731388828767,0.016923884501636555,0.3071186301266867,1.3466317101024088,1.202094095357522,1.2876178648369405,-0.15442404448732264,2.1073937
2020-07-21,-0.11534196721631887,-0.18944573480940763,-0.37243028735170974,-0.08993461677306268,-0.15582333415782523,-0.08932878512302089,0.39659338903004904,0.7752103752347925,0.8592889477811574,1.1508132870168375,1.2778133964566722,-0.15067761948100933,-1.3801694
2020-07-22,-0.11534196721631887,-0.18944573480940763,-0.37243028735170974,-0.08993461677306268,-0.15582333415782523,-0.12216720713849602,-0.3404121197603987,0.25562853816479514,0.907098397032801,1.104573630634898,1.260039583796373,-0.14561200795950133,0.2809286
2020-07-23,-0.11534196721631887,5.278556421478968,-0.37243028735170974,-0.08993461677306268,-0.15582333415782523,0.04460890991714676,-0.4706908713142657,0.2825438135085112,-0.3445500827955256,0.8978394808759896,1.2014231600415297,-0.14447080244794247,-4.5516434
2020-07-24,-0.11534196721631887,5.278556421478968,-0.37243028735170974,-0.08993461677306268,-0.15582333415782523,-0.4055466390884327,-0.5414136221577934,0.8372325314616166,-0.3965022015059511,0.7150511198972567,1.1152751462797528,-0.14153403681403925,-0.24772882
2020-07-27,-0.11534196721631887,-0.18944573480940763,2.685066263302147,11.119188982851384,-0.15582333415782523,-0.4668091378648437,0.8004575188470366,0.1011582622791202,0.07112113510936231,0.6382252642774046,1.0298579312743983,-0.13848733327961074,2.3700237
2020-07-28,-0.11534196721631887,-0.18944573480940763,-0.37243028735170974,-0.08993461677306268,-0.15582333415782523,-0.5042772390497138,0.3128427630311345,0.13743537252499838,-0.29161466565444544,0.5135791022876789,0.9347556634437901,-0.13705472242313177,-1.6427517
2020-07-29,-0.11534196721631887,-0.18944573480940763,-0.37243028735170974,-0.08993461677306268,-0.15582333415782523,1.5436559581842313,-0.012854115853533035,0.40775835532492954,0.06314845544761288,0.4702985119893066,0.8493790880549431,-0.1342540494651334,1.9168377
2020-07-30,-0.11534196721631887,-0.18944573480940763,-0.37243028735170974,-0.08993461677306268,-0.15582333415782523,1.9840138140638817,-0.13382724229640958,0.9261699630321566,0.2714435333307613,0.46888230388414764,0.7807736887303012,-0.13065070151790417,1.210022
2020-07-31,8.669871202426636,-0.18944573480940763,2.685066263302147,-0.08993461677306268,6.4175240852384325,1.628928188467039,1.4444067765275796,-2.634837987877758,1.430548601027355,0.8133770513366558,0.7998716408637816,-0.1200186530569274,10.468864
2020-08-03,-0.11534196721631887,-0.18944573480940763,-0.37243028735170974,-0.08993461677306268,-0.15582333415782523,0.28976657198021855,-1.7548671366309547,0.5318026677785775,1.619404218831066,1.1654796412577118,0.8907661030447759,-0.109217359103265,2.5197625
2020-08-04,-0.11534196721631887,-0.18944573480940763,-0.37243028735170974,-0.08993461677306268,-0.15582333415782523,0.4093845616824906,-0.04263211620870266,0.3749919331673622,1.667998498615692,1.4510842660351242,1.024816944444091,-0.09770587213492579,0.66781044
2020-08-05,-0.11534196721631887,-0.18944573480940763,2.685066263302147,-0.08993461677306268,-0.15582333415782523,-0.24178519684076785,0.2867870127203611,0.04966817031722857,1.6953730760876997,1.6697523403667374,1.1790178716271913,-0.087431550467213,0.36246777
2020-08-06,-0.11534196721631887,-0.18944573480940763,-0.37243028735170974,-0.08993461677306268,-0.15582333415782523,-1.3229767833306094,0.03739625974581566,0.19243615257520086,1.9360574154656027,1.954317820873583,1.3634907226890904,-0.07471428982330365,3.488922
2020-08-07,-0.11534196721631887,-0.18944573480940763,2.685066263302147,-0.08993461677306268,-0.15582333415782523,-1.0164489555336986,0.08392438530076818,0.14913766615270105,1.3702357797756703,2.0615864229523355,1.534105566247034,-0.06397034027216994,-2.2694826
2020-08-10,-0.11534196721631887,-0.18944573480940763,-0.37243028735170974,-0.08993461677306268,-0.15582333415782523,0.6150284503695644,0.4096212641854358,1.1450028538701962,1.4897728638762873,2.1764116096822512,1.6952568247653064,-0.05178825331681317,1.4534831
2020-08-11,-0.11534196721631887,-0.18944573480940763,2.685066263302147,-0.08993461677306268,-0.15582333415782523,0.6621865777229354,-0.5656082474463688,-0.14810059199094616,0.8340148985843764,2.12117310054825,1.8123150371095436,-0.043053195244399454,-2.9739857
2020-08-12,-0.11534196721631887,-0.18944573480940763,-0.37243028735170974,-0.08993461677306268,-0.15582333415782523,-0.1536059587074101,0.38542663889686046,-0.05097155488101419,1.1409013926391376,2.1790296662479665,1.918386644488984,-0.03224230315526918,3.3234358
2020-08-13,-0.11534196721631887,-0.18944573480940763,-0.37243028735170974,-0.08993461677306268,-0.15582333415782523,1.3358587303486014,-0.11893824211882476,0.08009413374925545,1.2903864353980963,2.2673407841912483,2.0222092619707173,-0.019193604919129435,1.7697573
2020-08-14,-0.11534196721631887,-0.18944573480940763,-0.37243028735170974,-0.08993461677306268,-0.15582333415782523,1.1002834274966025,-0.5935251227793403,1.7535221225107338,1.2706081807279914,2.3045763158840336,2.1132639052184183,-0.0060804398773591384,-0.089120865
2020-08-17,-0.11534196721631887,-0.18944573480940763,-0.37243028735170974,-0.08993461677306268,-0.15582333415782523,-0.22832682716229447,0.24212001218760668,0.5364835852296586,1.2091733813651067,2.2944241188777696,2.183927375845549,0.0054060058200821005,-0.26108027
2020-08-18,-0.11534196721631887,-0.18944573480940763,-0.37243028735170974,-0.08993461677306268,-0.15582333415782523,-0.05110701523615649,0.13603588592231497,0.7541462467049278,1.2911499767720398,2.2913917937571116,2.2398069427067746,0.018507751869797594,0.83328485
2020-08-19,-0.11534196721631887,-0.18944573480940763,2.685066263302147,-0.08993461677306268,6.4175240852384325,1.121278484195021,0.06345201005658906,0.22754303345830879,1.3039729755694809,2.2654893020295632,2.278947883869663,0.031520683536867926,0.12546778
2020-08-20,-0.11534196721631887,-0.18944573480940763,-0.37243028735170974,-0.08993461677306268,-0.15582333415782523,0.513390842557733,1.74777015514587,0.5259515209647262,1.521758433602437,2.3071482485672616,2.319207140396413,0.049419247308344114,2.2189617
2020-08-21,-0.11534196721631887,-0.18944573480940763,-0.37243028735170974,-0.08993461677306268,-0.15582333415782523,0.042347903811163,-1.55386563423356,0.33637436419594335,1.9159065720656712,2.5253043844705587,2.3982648578953456,0.07174022819524124,5.1532507
2020-08-24,-0.11534196721631887,-0.18944573480940763,-0.37243028735170974,-0.08993461677306268,-0.15582333415782523,0.8707374742605597,-0.11707711709662669,0.7670187696954006,1.993468257204262,2.7172387844875363,2.5027300722866537,0.09356923634829109,1.1960268
2020-08-25,-0.11534196721631887,-0.18944573480940763,-0.37243028735170974,-0.08993461677306268,-0.15582333415782523,0.617289456475548,0.050424134901202365,0.4440354655708077,1.7625536254671577,2.7978306883432897,2.6036098287871634,0.11576340783680215,-0.8203745
2020-08-26,-0.11534196721631887,-0.18944573480940763,-0.37243028735170974,-0.08993461677306268,-0.15582333415782523,-0.01751492451868668,0.01134050943504225,0.43467363066864556,1.864753101321079,2.886266318399115,2.7033057052736713,0.13789689944131595,1.3599038
2020-08-27,-0.11534196721631887,-0.18944573480940763,2.685066263302147,-0.08993461677306268,-0.15582333415782523,-0.6238952287519856,-0.2864394941166538,0.02275289497351246,1.5250133167857354,2.866964354621791,2.778917196305058,0.15817011395674438,-1.1954367
2020-08-28,-0.11534196721631887,-0.18944573480940763,-0.37243028735170974,-0.08993461677306268,-0.15582333415782523,-0.8077903920386466,0.06717426010098528,0.20062775811459269,1.4791705306023006,2.8095365886527466,2.8270734388883114,0.17127302814382803,-0.16198754
2020-08-31,-0.11534196721631887,-0.18944573480940763,2.685066263302147,-0.08993461677306268,-0.15582333415782523,0.1701485822779467,0.19559188663265417,0.27552243733188964,1.7747869046801559,2.878842867656997,2.8804823636804855,0.18546662751873128,3.3912182
2020-09-01,8.669871202426636,-0.18944573480940763,-0.37243028735170974,-0.08993461677306268,-0.15582333415782523,1.4943444916823048,0.21792538689903135,-0.1820372435112838,2.0470476709552523,3.0785636232665987,2.966100709529911,0.20274655652299634,3.9832592
2020-09-02,-0.11534196721631887,-0.18944573480940763,-0.37243028735170974,-0.08993461677306268,-0.15582333415782523,-0.3704472109669739,-0.2789949940278614,-0.0837379770385816,1.4963184604150217,3.0996890474622,3.0391321952084795,0.21780512675439112,-2.0718455
2020-09-03,-0.11534196721631887,-0.18944573480940763,-0.37243028735170974,-0.08993461677306268,-0.15582333415782523,-0.4294487036374015,0.03739625974581566,0.2837140428712815,-0.004409126185487843,2.708484350829671,3.0135438760597815,0.22282743452510542,-8.006084
2020-09-04,-0.11534196721631887,5.278556421478968,-0.37243028735170974,-0.08993461677306268,-0.15582333415782523,-0.6163585417320405,-0.33668986971600245,0.3153102356660786,0.0029885891689405623,2.371419082027046,2.9206864733503526,0.2297132082202058,0.066185
2020-09-07,-0.11534196721631887,-0.18944573480940763,2.685066263302147,-0.08993461677306268,-0.15582333415782523,-0.6874187336343801,0.2235087619656257,0.17371248277087661,0.0029885891689405623,2.0777994890100127,2.783344017995278,0.23546970721968213,0.0
2020-09-08,-0.11534196721631887,-0.18944573480940763,-0.37243028735170974,-0.08993461677306268,-0.15582333415782523,0.9799117690923361,-0.05938224140848556,0.33403390547040285,-0.8438186324301203,1.535333031601019,2.5569721939353958,0.23787859337418465,-6.7294955
2020-09-09,-0.11534196721631887,5.278556421478968,-0.37243028735170974,-0.08993461677306268,-0.15582333415782523,0.02662852802670609,-0.025881991008919757,0.644144686604523,-0.3839749848279162,1.2485509812096949,2.314286603962713,0.24089232308642045,3.9886594
2020-09-10,-0.11534196721631887,-0.18944573480940763,2.685066263302147,-0.08993461677306268,-0.15582333415782523,-0.8280317800350706,0.2458422622320029,0.3047781714011462,-0.7237874610554038,0.8724470265314106,2.039367597373966,0.23982948701230392,-3.2645762
2020-09-11,-0.11534196721631887,-0.18944573480940763,-0.37243028735170974,-0.08993461677306268,-0.15582333415782523,-1.0829871352240712,-0.2250223683841165,0.18541477639857923,-0.8485671860442234,0.5129299767382622,1.7422239927968297,0.23779642479459517,-1.3128877
2020-09-14,-0.11534196721631887,-0.18944573480940763,-0.37243028735170974,-0.08993461677306268,-0.15582333415782523,0.14624651772897793,0.247703387254201,0.24509647389986272,-0.5033827490195991,0.34087347164671083,1.4675589634995514,0.2383191177440826,2.9955387
2020-09-15,-0.11534196721631887,-0.18944573480940763,-0.37243028735170974,-0.08993461677306268,-0.15582333415782523,2.319073385579157,-0.11521599207442858,0.15147812487824158,-0.484640649020583,0.20617970736044106,1.2189006625929841,0.2383033928179765,0.16037226
2020-09-16,-0.11534196721631887,-0.18944573480940763,-0.37243028735170974,-0.08993461677306268,-0.15582333415782523,2.0364476223312145,-0.025881991008919754,0.15264835424101184,-0.8031831504691139,-0.02411996670459511,0.9705158134030207,0.23580185719599306,-2.9513597
2020-09-17,-0.11534196721631887,-0.18944573480940763,-0.37243028735170974,-0.08993461677306268,-0.15582333415782523,-0.1775080232563789,-0.04449324123090076,0.14679720742716051,-0.9598725321057701,-0.2697339369346179,0.7190608904835855,0.2302533772235695,-1.5963614
2020-09-18,-0.11534196721631887,-0.18944573480940763,-0.37243028735170974,-0.08993461677306268,-0.15582333415782523,-0.5050309077517082,0.07089651014538147,0.20647890492844403,-1.246085140588947,-0.5846781232435294,0.45026083722754634,0.21799565535049195,-3.1720161
2020-09-21,-0.11534196721631887,-0.18944573480940763,-0.37243028735170974,-0.08993461677306268,-0.15582333415782523,-0.9027526484899551,-0.05007661629749506,0.2579689968903357,-0.864122623052998,-0.7133484122351117,0.20758809387315622,0.2069633742731363,3.032577
2020-09-22,-0.11534196721631887,-0.18944573480940763,2.685066263302147,-0.08993461677306268,-0.15582333415782523,-0.5378693297671835,0.048563009879004256,0.2392453270860114,-0.6716476922271064,-0.7477088357765115,0.006070796299701005,0.19786273593007778,1.5715837
2020-09-23,-0.11534196721631887,-0.18944573480940763,-0.37243028735170974,-0.08993461677306268,-0.15582333415782523,-0.9416204201213864,-0.09102136678585326,0.09764757419080941,-1.0761013253157294,-0.9335377325011667,-0.19505088943747312,0.18429569093431283,-4.1946115
2020-09-24,-0.11534196721631887,-0.18944573480940763,-0.37243028735170974,-0.08993461677306268,-0.15582333415782523,-1.2212315085613503,0.02622950961262706,0.3387148229214839,-0.9482209661759015,-1.0323238588875057,-0.3771631392296212,0.17255541797250817,1.0268807
2020-09-25,-0.11534196721631887,-0.18944573480940763,-0.37243028735170974,-0.08993461677306268,-0.15582333415782523,-0.6298169114105139,0.015062759479438454,0.564569089936145,-0.5048109680716937,-0.9577047240816899,-0.5068280413310047,0.16379566008473453,3.7516117
2020-09-28,-0.11534196721631887,-0.18944573480940763,2.685066263302147,-0.08993461677306268,-0.15582333415782523,-1.1569543349769613,0.05600750996779666,0.1877552351241198,-0.24088911624647819,-0.7966029926402659,-0.5759624193985435,0.1539503251839944,2.3868918
2020-09-29,-0.11534196721631887,-0.18944573480940763,-0.37243028735170974,-0.08993461677306268,-0.15582333415782523,-0.7547105820267472,0.03181288467922136,0.37031101571628106,-0.331017935239931,-0.6944093965220404,-0.6093232464997204,0.13990256398548573,-0.75678825
2020-09-30,-0.11534196721631887,-0.18944573480940763,2.685066263302147,-0.08993461677306268,-0.15582333415782523,-1.029907325212172,-0.19338324300674878,0.13275445507391734,-0.15624174188902248,-0.5484600391065053,-0.6046684259388698,0.12900141621191155,1.5075803
2020-10-01,-0.11534196721631887,-0.18944573480940763,-0.37243028735170974,-0.08993461677306268,-0.15582333415782523,-1.2885233569537176,0.08578551032296626,0.11988193208344444,-0.05688504984801023,-0.3959149938035001,-0.568184624512048,0.12614150970369048,0.84621906
2020-10-02,-0.11534196721631887,-0.18944573480940763,-0.37243028735170974,-0.08993461677306268,-0.15582333415782523,-1.4022196639974611,0.06531313507878715,0.1900956938496603,-0.48104359574187144,-0.4069674394660065,-0.5413711610312636,0.1205895217248948,-3.2280207
2020-10-05,-0.11534196721631887,-0.18944573480940763,-0.37243028735170974,-0.08993461677306268,-0.15582333415782523,-1.0837408039260656,-0.17849424282916398,0.12222239080898496,-0.11822851883911847,-0.2911317501168006,-0.49504399519855435,0.11747090405983206,3.0791044
2020-10-06,-0.11534196721631887,-0.18944573480940763,-0.37243028735170974,-0.08993461677306268,-0.15582333415782523,0.6411915210245168,0.17698063641067321,0.20062775811459269,-0.47306671878791196,-0.31701795349923556,-0.4635414768406398,0.11770865775401387,-2.8669477
2020-10-07,-0.11534196721631887,-0.18944573480940763,-0.37243028735170974,-0.08993461677306268,-0.15582333415782523,0.04600858036370785,-0.05007661629749506,0.24509647389986272,-0.27273868724145445,-0.2686850960462425,-0.4279596969665808,0.11614235447435052,1.6967058
2020-10-08,-0.11534196721631887,-0.18944573480940763,-0.37243028735170974,-0.08993461677306268,-0.15582333415782523,-0.9431277575253754,0.08950776036736245,0.2848842722340517,-0.28505844224956817,-0.23413596152048702,-0.3920746433844555,0.11717722713701485,-0.09558797
2020-10-09,-0.11534196721631887,-0.18944573480940763,-0.37243028735170974,-0.08993461677306268,-0.15582333415782523,-0.4773604996927669,-0.08729911674145706,0.16903156531979555,-0.06898747887891361,-0.1365841039884922,-0.34241676580655106,0.12065246815481248,1.7395854
2020-10-12,-0.11534196721631887,-0.18944573480940763,-0.37243028735170974,-0.08993461677306268,-0.15582333415782523,0.7772825552132404,0.13045251085572068,0.24743693262540328,0.5901068477527234,0.20015462258660374,-0.23037384321619042,0.12697710891420436,6.352055
2020-10-13,-0.11534196721631887,-0.18944573480940763,-0.37243028735170974,-0.08993461677306268,-0.15582333415782523,2.239722837954877,-0.0035484907425425583,-0.013524215272365723,0.19558171006090636,0.34314776001428077,-0.11003088851805416,0.1308648821362974,-2.6527345
2020-10-14,-0.11534196721631887,-0.18944573480940763,-0.37243028735170974,-0.08993461677306268,-0.15582333415782523,1.7635118852517733,-0.08729911674145706,0.1772231708591874,0.20340360100118748,0.45192160183325186,0.009603297029307008,0.13720002175492496,0.07432699
2020-10-15,-0.11534196721631887,-0.18944573480940763,-0.37243028735170974,-0.08993461677306268,-0.15582333415782523,0.12309812188200377,0.05786863498999476,0.18541477639857923,0.14327652394228005,0.5126017416782326,0.11834206211294096,0.144451147125173,-0.39607286
2020-10-16,-0.11534196721631887,-0.18944573480940763,-0.37243028735170974,-0.08993461677306268,-0.15582333415782523,-0.23134150197027267,-0.05752111638628746,0.16201018914317394,-0.07034519538472675,0.4923626351395252,0.20098660710648103,0.15296791087481892,-1.4000535
2020-10-19,-0.11534196721631887,-0.18944573480940763,-0.37243028735170974,-0.08993461677306268,-0.15582333415782523,-0.49523321462577957,0.044840759834608064,0.19945752875182243,-0.42894341787814494,0.3614852868380787,0.23899556339418784,0.15709343060255596,-2.5541842
2020-10-20,-0.11534196721631887,-0.18944573480940763,-0.37243028735170974,-0.08993461677306268,-0.15582333415782523,-0.016761255816692255,-0.005409615764740656,0.18892546448689004,-0.25463964967494507,0.30611482870914813,0.2575115971318541,0.1610791153016885,1.3191938
2020-10-21,-0.11534196721631887,-0.18944573480940763,-0.37243028735170974,-0.08993461677306268,-0.15582333415782523,-0.26568726138973664,-0.02774311603111785,0.19477661130074136,-0.3328234807294231,0.23422819356002347,0.2568863467496854,0.16789673159592972,-0.5446315
2020-10-22,-0.11534196721631887,-0.18944573480940763,-0.37243028735170974,-0.08993461677306268,-0.15582333415782523,-0.21185378267584312,0.05600750996779666,0.2825438135085112,-0.4719440195163461,0.1333409666522307,0.23472002155650074,0.17316200834488943,-0.95832944
2020-10-23,-0.11534196721631887,-0.18944573480940763,2.685066263302147,-0.08993461677306268,-0.15582333415782523,-0.45044376033582,-0.0035484907425425583,0.21818119855614665,-0.5612260425686074,0.02530053839373567,0.1937846444854465,0.17509191504734417,-0.6133914
2020-10-26,-0.11534196721631887,-0.18944573480940763,-0.37243028735170974,-0.08993461677306268,-0.15582333415782523,-0.3016480251706178,-0.12638274220761717,0.26382014370418694,-0.5597658269209156,-0.061795507022059715,0.14233195521661834,0.17515485788299323,0.008690357
2020-10-27,-0.11534196721631887,-0.18944573480940763,2.685066263302147,-0.08993461677306268,-0.15582333415782523,-0.5835201197165654,-0.009131865809136849,0.19828729938905215,-0.33030321463458207,-0.07733827119283515,0.09783190385186266,0.17690993934984017,1.3472319
2020-10-28,-0.11534196721631887,-0.18944573480940763,-0.37243028735170974,-0.08993461677306268,-0.15582333415782523,-0.20970044352728737,0.048563009879004256,0.18658500576134954,-1.0116134710663471,-0.28103003645123636,0.01848785908487406,0.17368640138353092,-4.6312213
2020-10-29,-0.11534196721631887,-0.18944573480940763,-0.37243028735170974,-0.08993461677306268,-0.15582333415782523,0.44082331325140445,-0.05379886634189125,0.4803125758166859,-0.44711925044913803,-0.29505235310380623,-0.04799875163828409,0.17265852388685268,3.7050366
2020-10-30,-0.11534196721631887,5.278556421478968,-0.37243028735170974,-0.08993461677306268,-0.15582333415782523,0.713005381628851,-1.0271672529514977,2.0355473989383674,-1.1041666080821648,-0.532345148903867,-0.15214806267233028,0.16974969650451954,-5.6018057
2020-11-02,-0.11534196721631887,-0.18944573480940763,-0.37243028735170974,-0.08993461677306268,-0.15582333415782523,0.030396871536678714,1.2229328988860055,0.4089285846876998,-1.1122536234002172,-0.7178697332465939,-0.27531000630553,0.16434454878426658,-0.0826776
2020-11-03,-0.11534196721631887,-0.18944573480940763,2.685066263302147,-0.08993461677306268,-0.15582333415782523,-0.5625250630181468,-0.12079936714102288,0.18307431767303872,-0.8846295819110493,-0.7988315385797378,-0.39122658471571425,0.1624426098063864,1.535356
2020-11-04,-0.11534196721631887,-0.18944573480940763,-0.37243028735170974,-0.08993461677306268,-0.15582333415782523,-0.9124426746584559,-0.025881991008919754,0.15615904232932262,-0.3364712745581274,-0.6970850509994365,-0.4621091912771603,0.16235170068387023,4.0836573
2020-11-05,-0.11534196721631887,-0.18944573480940763,-0.37243028735170974,-0.08993461677306268,-0.15582333415782523,-0.31435272614709675,0.09881338547835297,0.06137046394493118,0.07761073626221397,-0.46847005415880605,-0.4697188623963097,0.16519061953757283,3.5493731
2020-11-06,-0.11534196721631887,-0.18944573480940763,-0.37243028735170974,-0.08993461677306268,-0.15582333415782523,-0.5700617500380918,-0.234327993495107,0.19594684066351162,0.060972262001902235,-0.2912842321815222,-0.43775490271011935,0.1665364934987869,-0.11340976
2020-11-09,-0.11534196721631887,-0.18944573480940763,-0.37243028735170974,-0.08993461677306268,-0.15582333415782523,0.12083711577602024,-0.04077099118650457,0.46861028218898326,-0.23065773566192727,-0.2351379539964519,-0.40012599175215763,0.16102693658231432,-1.9968033
2020-11-10,-0.11534196721631887,-0.18944573480940763,2.685066263302147,-0.08993461677306268,6.4175240852384325,1.1444268800419954,0.1267302608113245,0.17605294149641712,-0.27334959428850536,-0.20330949041386615,-0.3631875133771979,0.15757973804988262,-0.3008902
2020-11-11,-0.11534196721631887,-0.18944573480940763,-0.37243028735170974,-0.08993461677306268,-0.15582333415782523,0.14624651772897793,0.059729760012192865,0.16201018914317394,0.11467966571932414,-0.0545797473304266,-0.3016961442730735,0.1565351608613928,3.0352592
2020-11-12,-0.11534196721631887,-0.18944573480940763,-0.37243028735170974,-0.08993461677306268,-0.15582333415782523,-0.560371723869591,0.05042413490120235,0.09062619801418781,0.07647583963728295,0.050193789625388126,-0.23000231617986877,0.15563011606407307,-0.2343297
2020-11-13,-0.11534196721631887,-0.18944573480940763,-0.37243028735170974,-0.08993461677306268,-0.15582333415782523,-1.1749347168674016,-0.07241011656387226,0.1397758312505389,0.08219865072925951,0.13095845464342634,-0.1553025672429329,0.15594182112045868,0.04194975
2020-11-16,-0.11534196721631887,-0.18944573480940763,-0.37243028735170974,-0.08993461677306268,-0.15582333415782523,-1.1076428684750346,0.013201634457240355,0.15615904232932262,0.20538951160515823,0.2268630671731992,-0.07494668892618057,0.159107667477871,0.8720398
2020-11-17,-0.11534196721631887,-0.18944573480940763,-0.37243028735170974,-0.08993461677306268,-0.15582333415782523,-0.7689226204072154,0.09509113543395678,0.20179798747736297,0.058295218194248793,0.2648502476541744,-0.0025040160157993574,0.16056625770941094,-0.75644255
2020-11-18,-0.11534196721631887,-0.18944573480940763,-0.37243028735170974,-0.08993461677306268,-0.15582333415782523,0.45352801422788336,-0.2454947436282956,0.09296665673972836,-0.15863344651063957,0.24117737872509906,0.05036623458576348,0.16151975972016458,-1.1391222
2020-11-19,-0.11534196721631887,-0.18944573480940763,-0.37243028735170974,-0.08993461677306268,-0.15582333415782523,-0.04292432647164459,-1.3305306315697878,1.8307572604535713,-0.072088573302221,0.2388566974012034,0.09216405511418341,0.16368371514449706,0.51681995
2020-11-20,-0.11534196721631887,-0.18944573480940763,-0.37243028735170974,-0.08993461677306268,-0.15582333415782523,-1.0380900139766838,1.230377398974798,0.21701096919337637,-0.2874287674777364,0.18601219511361658,0.11425364410626025,0.1654335346017854,-1.0957539
2020-11-23,-0.11534196721631887,-0.18944573480940763,2.685066263302147,-0.08993461677306268,-0.15582333415782523,-1.3199621085226314,0.2365366371210124,0.15849950105486316,-0.7988894459134684,0.017045153341345858,0.09563865006878351,0.16473179674509042,-2.9742599
2020-11-24,-0.11534196721631887,-0.18944573480940763,-0.37243028735170974,-0.08993461677306268,-0.15582333415782523,-1.219831838114789,-0.439051745936898,0.30945908885222734,-0.5837702771804395,-0.07154684226584739,0.061721003131592934,0.16387083996802163,1.1594176
2020-11-25,-0.11534196721631887,-0.18944573480940763,2.685066263302147,-0.08993461677306268,-0.15582333415782523,-1.306503738844158,0.43381588947401106,0.11520101463236337,-0.445543339464168,-0.11236127148254928,0.025821747043269568,0.16738816699833547,0.746727
2020-11-26,-0.11534196721631887,-0.18944573480940763,-0.37243028735170974,-0.08993461677306268,-0.15582333415782523,-1.0762041169061207,0.002034884324051753,0.15264835424101184,-0.445543339464168,-0.14557031663584824,-0.010029495441896458,0.16802459411508006,0.0
2020-11-27,-0.11534196721631887,-0.18944573480940763,-0.37243028735170974,-0.08993461677306268,-0.15582333415782523,-1.3087647449501416,0.042979634812409954,0.16552087723148476,-0.34735296466185867,-0.1527173550386405,-0.040245357929803015,0.17357036400880987,0.48263073
2020-11-30,-0.11534196721631887,-0.18944573480940763,-0.37243028735170974,-0.08993461677306268,-0.15582333415782523,-0.17524701715039537,-0.32924536962721007,-0.03692880252777102,0.05651988803834027,-0.07243639812680432,-0.04717724061629045,0.1809022051551889,2.1099687
2020-12-01,-0.11534196721631887,-0.18944573480940763,-0.37243028735170974,-0.08993461677306268,-0.15582333415782523,-0.5094452530062474,0.21978651192122947,0.13626514316222813,0.5499709171165689,0.1180471406478137,-0.011815287351750936,0.18963693255487102,3.0827403
2020-12-02,-0.11534196721631887,-0.18944573480940763,-0.37243028735170974,-0.08993461677306268,-0.15582333415782523,-0.16329598487591085,-0.037048741142108356,0.08945596865141754,0.5937221304741122,0.27610984848094167,0.050419170693382837,0.19547026120702568,0.29335022
2020-12-03,-0.11534196721631887,-0.18944573480940763,-0.37243028735170974,-0.08993461677306268,-0.15582333415782523,-0.9535714523958707,0.08206326027857007,0.1795636295847279,0.5634449368429121,0.3893577915701065,0.12452739846017731,0.19835261608061525,-0.113749504
2020-12-04,-0.11534196721631887,-0.18944573480940763,-0.37243028735170974,-0.08993461677306268,-0.15582333415782523,-1.2332902077932624,0.022507259568230856,0.15264835424101184,0.4090081052860612,0.4468305479960528,0.19615659288049425,0.20084621196276586,-0.56124926
2020-12-07,-0.11534196721631887,-0.18944573480940763,-0.37243028735170974,-0.08993461677306268,-0.15582333415782523,-0.49372587722179057,0.029951759657023253,0.2076491342912143,0.622257972268973,0.5370909442336007,0.2728438989644297,0.20605054716495813,1.2269974
2020-12-08,-0.11534196721631887,-0.18944573480940763,-0.37243028735170974,-0.08993461677306268,-0.15582333415782523,1.2026747040104284,-0.007270740786938749,0.16435064786871448,0.7090348532173953,0.6213661447032356,0.35229233841341534,0.21194131654604595,0.5090833
2020-12-09,-0.11534196721631887,-0.18944573480940763,-0.37243028735170974,-0.08993461677306268,-0.15582333415782523,0.12675879843454838,0.07275763516757956,0.18190408831026844,0.11713091764615445,0.5862172395770601,0.40830265602846477,0.21354535964836333,-2.0903647
2020-12-10,-0.11534196721631887,-0.18944573480940763,-0.37243028735170974,-0.08993461677306268,-0.15582333415782523,-1.0964455049025446,-0.12266049216322097,0.17137202404533608,0.34254398764547705,0.6009130546570468,0.4562669227754747,0.21636816539492718,1.1988878
2020-12-11,-0.11534196721631887,-0.18944573480940763,-0.37243028735170974,-0.08993461677306268,-0.15582333415782523,-0.9782271856468342,-0.009131865809136849,0.25211785007648435,0.16147773934628076,0.5738303079758239,0.4888221571593921,0.21857456913407353,-0.67347884
2020-12-14,-0.11534196721631887,-0.18944573480940763,-0.37243028735170974,-0.08993461677306268,-0.15582333415782523,0.4669863839063568,-0.027743116031117853,0.38903468552060533,0.023980212728543848,0.5213689398354199,0.503599957545634,0.21961124971395654,-0.5146682
2020-12-15,-0.11534196721631887,-0.18944573480940763,2.685066263302147,-0.08993461677306268,6.4175240852384325,1.5683116914351944,0.1676750112996827,0.22052165728168718,0.8670529175488831,0.686679988803005,0.5509237171448793,0.22555806093455108,5.0090313
2020-12-16,-0.11534196721631887,-0.18944573480940763,-0.37243028735170974,-0.08993461677306268,-0.15582333415782523,0.15518287519548424,0.19186963658825798,-0.08724866512689246,0.8516293277727403,0.8033936029502825,0.6138476593822618,0.23240843539485573,-0.054740906
2020-12-17,-0.11534196721631887,-0.18944573480940763,-0.37243028735170974,-0.08993461677306268,-0.15582333415782523,-0.9662761533723496,-0.23991136856170128,0.2778628960574302,0.9546333160354901,0.9145178421732366,0.688051396616689,0.23945493041469787,0.69634914
2020-12-18,-0.11534196721631887,-0.18944573480940763,-0.37243028735170974,-0.08993461677306268,-0.15582333415782523,-1.273665316828683,-0.07985461665266466,0.17488271213364687,0.4908456022751878,0.9166133801069345,0.7478644154908602,0.2459796030169618,-1.5889645
2020-12-21,-0.11534196721631887,-0.18944573480940763,-0.37243028735170974,-0.08993461677306268,-0.15582333415782523,-0.13110356460500236,-0.5395524971355954,-0.12118531664723003,0.6948478331779457,0.9607752436266842,0.8051988503180454,0.2560520453876269,1.2435317
2020-12-22,-0.11534196721631887,-0.18944573480940763,-0.37243028735170974,-0.08993461677306268,-0.15582333415782523,1.744777834659338,0.5678168910722743,0.15849950105486316,1.0977343318919162,1.1104818022450575,0.8832167614607715,0.2677565230262118,2.8464556
2020-12-23,-0.11534196721631887,-0.18944573480940763,-0.37243028735170974,-0.08993461677306268,-0.15582333415782523,0.5581802968476928,0.06903538512318337,0.03796587668952591,0.8939721653839935,1.1801994956078459,0.96060337475188,0.27821421278767383,-0.69760084
2020-12-24,-0.11534196721631887,-0.18944573480940763,-0.37243028735170974,-0.08993461677306268,-0.15582333415782523,-1.2183245007108,-0.04449324123090076,0.13860560188776866,1.00402837027571,1.2544344926845752,1.0384550672822228,0.28937932294484203,0.7712245
2020-12-25,-0.11534196721631887,-0.18944573480940763,-0.37243028735170974,-0.08993461677306268,-0.15582333415782523,-1.3813322742564702,-0.025881991008919754,0.11637124399513363,1.00402837027571,1.295787866830488,1.1096173014359678,0.3001521948583505,0.0
2020-12-28,-0.11534196721631887,-0.18944573480940763,-0.37243028735170974,-0.08993461677306268,-0.15582333415782523,-0.9416204201213864,0.029951759657023253,0.14328651933884973,1.4646599221141177,1.4771685470653864,1.2054996558042603,0.31250810496716713,3.5765767
2020-12-29,-0.11534196721631887,-0.18944573480940763,-0.37243028735170974,-0.08993461677306268,-0.15582333415782523,-0.8631312081565292,-0.07427124158607036,0.054349087768309615,1.0498107531193024,1.5358201868857055,1.294801323642954,0.32101853849056,-1.3314843
2020-12-30,-0.11534196721631887,-0.18944573480940763,-0.37243028735170974,-0.08993461677306268,-0.15582333415782523,-1.1076428684750346,-0.8056933753099238,1.0923425325455343,0.8009294352683839,1.5212504057363867,1.3631137117862446,0.328471298028722,-0.8526683
2020-12-31,-0.11534196721631887,-0.18944573480940763,2.685066263302147,-0.08993461677306268,-0.15582333415782523,-1.2795869994872113,0.9847088960446487,0.07541321629817438,0.5824684110805123,1.4537060865160922,1.4032580827938572,0.33530066470660275,-0.77026486
2021-01-01,-0.11534196721631887,-0.18944573480940763,-0.37243028735170974,-0.08993461677306268,-0.15582333415782523,-1.4022196639974611,-0.2008277430955412,-0.032247885076689985,0.5824684110805113,1.3817078983913353,1.4199115455705371,0.34261334121161124,0.0
2021-01-04,-0.11534196721631887,-0.18944573480940763,-0.37243028735170974,-0.08993461677306268,-0.15582333415782523,-0.7599862629407089,0.12300801076692827,0.18190408831026844,-0.08055022833996954,1.191505940956857,1.3923873276257857,0.3465778880157886,-2.4719238
2021-01-05,-0.11534196721631887,-0.18944573480940763,-0.37243028735170974,-0.08993461677306268,-0.15582333415782523,-0.12970389415844127,0.10625788556714537,0.325842299931011,0.158242975063746,1.0827544002766238,1.3470129207817387,0.351221848672994,1.2363791
2021-01-06,-0.11534196721631887,-0.18944573480940763,-0.37243028735170974,-0.08993461677306268,-0.15582333415782523,0.3339100245256116,0.007618259390646057,0.025093353699053,-0.569919176400617,0.8273604975627012,1.2558660537619635,0.3545980100763846,-3.3661544
2021-01-07,-0.11534196721631887,-0.18944573480940763,-0.37243028735170974,-0.08993461677306268,-0.15582333415782523,-0.14240859513492024,0.052285259923400454,0.1538185836037821,0.03132315097424841,0.767493160893153,1.1700916977591238,0.3599774587745448,3.4123182
2021-01-08,-0.11534196721631887,-0.18944573480940763,-0.37243028735170974,-0.08993461677306268,-0.15582333415782523,0.321958992251127,-0.15057736749619247,0.041476564777836705,0.1691499970627693,0.7491325310736183,1.0975291597986379,0.3667297743927879,0.86312294
2021-01-11,-0.11534196721631887,-0.18944573480940763,-0.37243028735170974,-0.08993461677306268,-0.15582333415782523,0.14097083681501643,-0.13196611727421148,0.11403078526959312,-0.2921421622996822,0.6155597484730522,1.0107935893664606,0.3717729936195208,-2.3248851
2021-01-12,-0.11534196721631887,-0.18944573480940763,-0.37243028735170974,-0.08993461677306268,-0.15582333415782523,-0.8407364810115495,-0.08543799171925896,0.020412436247971948,-0.3179812198992841,0.4950407084459738,0.9155229608907544,0.3724174028884704,-0.13955235
2021-01-13,-0.11534196721631887,-0.18944573480940763,-0.37243028735170974,-0.08993461677306268,-0.15582333415782523,0.1881289641683874,0.1583693861886922,0.11169032654405257,-0.030369736894016165,0.46608177864354344,0.8330873577449889,0.37457478367627,1.6226649
2021-01-14,-0.11534196721631887,-0.18944573480940763,-0.37243028735170974,-0.08993461677306268,-0.15582333415782523,-0.631324248814503,-0.007270740786938753,0.08009413374925543,-0.33138280680507,0.3658269220833432,0.7456085555894799,0.37472190428778174,-1.5127182
2021-01-15,-0.11534196721631887,-0.18944573480940763,-0.37243028735170974,-0.08993461677306268,-0.15582333415782523,-0.1371329142209585,-0.03332649109771215,0.0613704639449312,-0.5823058112030071,0.21824965767399088,0.6439324290292336,0.37506160941716143,-1.3730526
2021-01-18,-0.11534196721631887,-0.18944573480940763,-0.37243028735170974,-0.08993461677306268,-0.15582333415782523,-0.41297565915095,0.013201634457240348,0.4639293647379022,-0.5823058112030076,0.09762687065572392,0.5366870753749993,0.3742981076449914,0.0
2021-01-19,-0.11534196721631887,-0.18944573480940763,-0.37243028735170974,-0.08993461677306268,-0.15582333415782523,-0.9730591716903002,-0.10777149198563618,0.21701096919337637,-0.46727858330197286,0.023802201088977612,0.4350365107983979,0.3714612950328195,0.5427122
2021-01-20,-0.11534196721631887,-0.18944573480940763,2.685066263302147,-0.08993461677306268,-0.15582333415782523,-1.0792187917140987,0.12300801076692829,-0.11182348174506794,0.14834967274391156,0.1111196019260591,0.37246798412671706,0.372210761185231,3.2856107
2021-01-21,-0.11534196721631887,-0.18944573480940763,-0.37243028735170974,-0.08993461677306268,-0.15582333415782523,-0.07877742329509768,0.08950776036736245,0.13158422571114708,0.68472480836541,0.3462383887342554,0.3729063040373511,0.37564300037081605,3.6658287
2021-01-22,-0.11534196721631887,-0.18944573480940763,-0.37243028735170974,-0.08993461677306268,-0.15582333415782523,-0.8316924565876153,0.03553513472361755,0.055519317131079896,0.8875768986400542,0.6014833725159531,0.4280723202945123,0.38061622480646706,1.6073704
2021-01-25,-0.11534196721631887,-0.18944573480940763,-0.37243028735170974,-0.08993461677306268,-0.15582333415782523,1.1608999245284466,0.18442513649946557,0.6745706500365498,1.1976339172048145,0.9277074500810946,0.5422636711593437,0.38498000502029045,2.7683854
2021-01-26,8.669871202426636,-0.18944573480940763,2.685066263302147,-0.08993461677306268,6.4175240852384325,0.6381768462165388,0.0857855103229663,0.05200862904276908,1.2157304502692607,1.1786659054817425,0.6875115550183274,0.3907867475848063,0.16793013
2021-01-27,-0.11534196721631887,-0.18944573480940763,-0.37243028735170974,-0.08993461677306268,-0.15582333415782523,1.8180990326676616,-0.23618911851730512,-0.020545591448987308,1.0067257670680028,1.3205934023982677,0.8341896261688782,0.39662847676205665,-0.7683754
2021-01-28,-0.11534196721631887,-0.18944573480940763,-0.37243028735170974,-0.08993461677306268,-0.15582333415782523,2.4498887388539177,2.380552662693224,-1.4997155059906015,0.18529122168672751,1.2391645388352222,0.934044756085946,0.39971044726218785,-3.4985244
2021-01-29,-0.11534196721631887,5.278556421478968,-0.37243028735170974,-0.08993461677306268,-0.15582333415782523,-0.08329943550706474,-2.3355381435567626,0.9378722566598593,-0.46664959259939126,0.9780314170903672,0.9578489874590767,0.39919909063657205,-3.742057
2021-02-01,-0.11534196721631887,5.278556421478968,-0.37243028735170974,-0.08993461677306268,-0.15582333415782523,0.34736839420408494,-0.2771338690056633,1.0057455597005347,-0.21744857250410005,0.8365709293483012,0.946512901459021,0.4025121726220984,1.6520143
2021-02-02,-0.11534196721631887,-0.18944573480940763,-0.37243028735170974,-0.08993461677306268,-0.15582333415782523,0.6030774180950802,0.08950776036736245,0.29307587777344357,-0.12213201283482492,0.7436355263951642,0.9174856086982462,0.4052999522189708,0.6336689
2021-02-03,-0.11534196721631887,-0.18944573480940763,2.685066263302147,-0.08993461677306268,-0.15582333415782523,0.17240958838393025,-0.024020865986721648,0.030944500512904326,-0.25838126145923135,0.6228511501435036,0.8683246198460661,0.410441237476303,-0.77783465
2021-02-04,-0.11534196721631887,-0.18944573480940763,-0.37243028735170974,-0.08993461677306268,-0.15582333415782523,-0.0922357929735713,-0.009131865809136849,0.03211472987567458,0.1330766138983067,0.6401327994825591,0.8327071645232412,0.4149731360201079,2.575779
2021-02-05,-0.11534196721631887,-0.18944573480940763,-0.37243028735170974,-0.08993461677306268,-0.15582333415782523,-0.5042772390497138,0.06717426010098526,0.2661606024297275,0.07309579350933451,0.6288713411461196,0.8017947359042241,0.4184153816500999,-0.30934215
2021-02-08,-0.11534196721631887,-0.18944573480940763,-0.37243028735170974,-0.08993461677306268,-0.15582333415782523,1.0001531570887603,0.02064613454603275,0.8255302378339139,0.09073051963326056,0.6156619300278445,0.7742279943403367,0.424113246623394,0.10968447
2021-02-09,-0.11534196721631887,-0.18944573480940763,2.685066263302147,-0.08993461677306268,-0.15582333415782523,-0.0571363648521124,-0.07427124158607036,0.1409460606133092,-0.04953970478263199,0.5640334558990439,0.7410870828522016,0.4293058220968469,-0.65737367
2021-02-10,-0.11534196721631887,-0.18944573480940763,-0.37243028735170974,-0.08993461677306268,-0.15582333415782523,-0.7225181617558389,-0.009131865809136849,0.15381858360378212,-0.14773631964261902,0.4927726754898057,0.6992706822728981,0.43259954535048606,-0.4558444
2021-02-11,-0.11534196721631887,-0.18944573480940763,-0.37243028735170974,-0.08993461677306268,-0.15582333415782523,-1.4022196639974611,0.022507259568230856,0.18541477639857923,-0.19056039960087962,0.41964088769529573,0.6501120805888596,0.43709772246418305,-0.19203424
2021-02-12,-0.11534196721631887,-0.18944573480940763,-0.37243028735170974,-0.08993461677306268,-0.15582333415782523,-1.4022196639974611,-0.02588199100891975,0.14913766615270105,-0.1527265755266241,0.3635170013587833,0.5987322648136928,0.44300411253758093,0.177598
2021-02-15,-0.11534196721631887,-0.18944573480940763,2.685066263302147,-0.08993461677306268,-0.15582333415782523,-0.9289157191449074,0.03739625974581566,0.13626514316222813,-0.15272657552662464,0.31289025307354956,0.5467560204685311,0.4489105026109785,0.0
2021-02-16,-0.11534196721631887,-0.18944573480940763,-0.37243028735170974,-0.08993461677306268,-0.15582333415782523,-0.8309387878856209,-0.018437490920127354,0.11520101463236337,-0.5515920310336478,0.19024440529886658,0.4788361083995006,0.45280432498750267,-1.6103983
2021-02-17,-0.11534196721631887,5.278556421478968,-0.37243028735170974,-0.08993461677306268,-0.15582333415782523,0.22473572969383515,-0.031465366075514055,0.6734004206737797,-0.9250547825623707,0.006572312676429872,0.38505551742224353,0.452107748500839,-1.7643988
2021-02-18,-0.11534196721631887,5.278556421478968,-0.37243028735170974,-0.08993461677306268,-0.15582333415782523,-0.3016480251706178,0.009479384412844155,0.4393545481197267,-1.0894945066074924,-0.17978072895287672,0.2700106337633816,0.44722828416173543,-0.8636415
2021-02-19,-0.11534196721631887,-0.18944573480940763,-0.37243028735170974,-0.08993461677306268,-0.15582333415782523,-0.36969354226497947,0.03739625974581566,0.17488271213364687,-1.0548045723425656,-0.32060286510522146,0.14773234549318381,0.4409200792748228,0.12334585
2021-02-22,-0.11534196721631887,-0.18944573480940763,-0.37243028735170974,-0.08993461677306268,-0.15582333415782523,-0.40856131389641065,0.1769806364106732,0.3387148229214839,-1.5725510682229864,-0.566313354684524,-0.0028580567879360626,0.42920038350203626,-2.9798985
2021-02-23,-0.11534196721631887,-0.18944573480940763,-0.37243028735170974,-0.08993461677306268,-0.15582333415782523,-0.3569888412885005,0.03553513472361757,0.6815920262131715,-1.5892341355061266,-0.7598194054184051,-0.16488694023295924,0.41721435240937793,-0.11110902
2021-02-24,-0.11534196721631887,5.278556421478968,-0.37243028735170974,-0.08993461677306268,-0.15582333415782523,-0.727040173967806,-0.13010499225201339,0.47212097027729405,-1.652639537405659,-0.9232712309120809,-0.32961228711164764,0.405641079959951,-0.40521622
2021-02-25,-0.11534196721631887,-0.18944573480940763,-0.37243028735170974,-0.08993461677306268,-0.15582333415782523,-0.4302023723393959,-0.10777149198563617,0.17254225340810633,-2.1160452530446503,-1.1971294856149879,-0.5202052342628102,0.39449050790132256,-3.4782588
2021-02-26,-0.11534196721631887,-0.18944573480940763,-0.37243028735170974,-0.08993461677306268,-0.15582333415782523,-1.2026051249263432,0.002034884324051757,0.24626670326263303,-2.0484843429491892,-1.3910359441052935,-0.7143221435227354,0.3871226665584007,0.22315979
2021-03-01,-0.11534196721631887,-0.18944573480940763,2.685066263302147,-0.08993461677306268,-0.15582333415782523,-0.11839886362852364,0.09136888538956056,0.11052009718128232,-0.7307991911273825,-1.2992589976691922,-0.8499060323151674,0.3828086094594909,5.3851247
2021-03-02,-0.11534196721631887,-0.18944573480940763,-0.37243028735170974,-0.08993461677306268,-0.15582333415782523,-0.45044376033582,-0.018437490920127354,0.07892390438648517,-1.0594009662538104,-1.3092499433647378,-0.9605187576535011,0.3760261487086189,-2.0893633
2021-03-03,-0.11534196721631887,-0.18944573480940763,-0.37243028735170974,-0.08993461677306268,-0.15582333415782523,-1.0687750968436034,0.013201634457240357,0.27084151988080857,-1.3870074024596495,-1.4126172408040425,-1.0712076725335058,0.36783256723456753,-2.445656
2021-03-04,-0.11534196721631887,5.278556421478968,-0.37243028735170974,-0.08993461677306268,-0.15582333415782523,0.14473918032498906,-0.15616074256278675,1.4855395984363433,-1.5725168976666508,-1.54810066170605,-1.1888546653052554,0.35586856900980196,-1.581192
2021-03-05,-0.11534196721631887,-0.18944573480940763,-0.37243028735170974,-0.08993461677306268,-0.15582333415782523,-1.1427422965964935,0.03367400970141945,2.899176668662823,-1.3428895738981395,-1.5936120517188894,-1.2927460979959915,0.34510765163440316,1.0738373
2021-03-08,-0.11534196721631887,-0.18944573480940763,2.685066263302147,11.119188982851384,-0.15582333415782523,-0.748788899368219,0.07275763516757958,0.1807338589474982,-1.8002754805399641,-1.7921215485583266,-1.4184903252248693,0.33069192357075056,-4.167348
2021-03-09,-0.11534196721631887,-0.18944573480940763,-0.37243028735170974,-0.08993461677306268,-0.15582333415782523,0.13429548545449363,-0.037048741142108356,0.4381843187569564,-1.0670538413090713,-1.7630555385355773,-1.5128436105361522,0.32022212759303487,4.0606737
2021-03-10,-0.11534196721631887,-0.18944573480940763,-0.37243028735170974,-0.08993461677306268,-0.15582333415782523,0.3974335294080061,-0.04449324123090075,0.22520257473276822,-1.1726044786956735,-1.7616835897294663,-1.588031604716194,0.30941211250549755,-0.9125769
2021-03-11,-0.11534196721631887,-0.18944573480940763,2.685066263302147,-0.08993461677306268,-0.15582333415782523,-0.07651641718911416,-0.009131865809136858,0.18307431767303872,-0.8888123850518557,-1.6731977344450428,-1.6291791426111144,0.30017343986251516,1.6502738
2021-03-12,-0.11534196721631887,-0.18944573480940763,-0.37243028735170974,-0.08993461677306268,-0.15582333415782523,-0.9311767252508909,-0.04635436625309887,0.20062775811459269,-0.987928315385063,-1.620122494911611,-1.650698953316816,0.2901140087449937,-0.76254606
2021-03-15,-0.11534196721631887,-0.18944573480940763,-0.37243028735170974,-0.08993461677306268,-0.15582333415782523,-0.6574873194694553,0.1639527612552865,0.2989270245872949,-0.5733960608302362,-1.4581697333620318,-1.6331344945506225,0.28213099391573826,2.445674
2021-03-16,-0.11534196721631887,-0.18944573480940763,2.685066263302147,-0.08993461677306268,6.4175240852384325,1.1713436193989422,0.0057571343684479515,0.18307431767303872,-0.3687363855872863,-1.2614411760813609,-1.5768343136981142,0.27678559013188114,1.2742996
2021-03-17,-0.11534196721631887,-0.18944573480940763,-0.37243028735170974,-0.08993461677306268,-0.15582333415782523,0.8610474480920589,-0.09474361683024946,0.2649903730669572,-0.4731632500681889,-1.1240203645608462,-1.502282242127093,0.27252050853996995,-0.64505935
2021-03-18,-0.11534196721631887,-0.18944573480940763,2.685066263302147,-0.08993461677306268,-0.15582333415782523,-0.3883199258999867,-0.009131865809136858,0.19594684066351162,-0.9673466069477431,-1.1552792141164308,-1.4493536065189756,0.26608078648136574,-3.3905149
2021-03-19,-0.11534196721631887,5.278556421478968,-0.37243028735170974,-0.08993461677306268,-0.15582333415782523,-0.9947002301332855,-0.05379886634189125,0.42882248385479427,-1.0250720943627447,-1.1881657267302252,-1.4140732698886238,0.2591500197291243,-0.44802427
2021-03-22,-0.11534196721631887,-0.18944573480940763,-0.37243028735170974,-0.08993461677306268,-0.15582333415782523,-0.07727008589110883,-0.010992990831334962,1.166066982400061,-0.539811992128413,-1.0829624991192857,-1.3632559891809792,0.25731910637862504,2.833569
2021-03-23,-0.11534196721631887,-0.18944573480940763,-0.37243028735170974,-0.08993461677306268,-0.15582333415782523,-0.6523193055129215,0.08392438530076818,0.8056363386668195,-0.6432075490608322,-1.02069443872776,-1.3092297326996212,0.25499014238569684,-0.68886876
2021-03-24,-0.11534196721631887,-0.18944573480940763,-0.37243028735170974,-0.08993461677306268,-0.15582333415782523,-0.8586091959445622,-0.027743116031117853,0.3094590888522273,-0.9294627442118893,-1.049217502466461,-1.2721342230809878,0.25130028038786967,-1.9993484
2021-03-25,-0.11534196721631887,-0.18944573480940763,2.685066263302147,-0.08993461677306268,-0.15582333415782523,-1.2332902077932624,-0.01285411585353305,0.13158422571114708,-0.8530601724511164,-1.044482069976483,-1.2414408534289667,0.2510196729453512,0.41635036
2021-03-26,-0.11534196721631887,-0.18944573480940763,-0.37243028735170974,-0.08993461677306268,-0.15582333415782523,-0.7300548487757841,0.07834101023417386,0.14562697806439026,-0.755141726798965,-1.0095101260271953,-1.2093757272159393,0.25098458209882085,0.51413774
2021-03-29,-0.11534196721631887,-0.18944573480940763,-0.37243028735170974,-0.08993461677306268,-0.15582333415782523,-0.8720675656230357,0.033674009701419455,0.14913766615270105,-0.725444435033748,-0.9667684266751657,-1.1745445951189184,0.24649499816302875,0.14849901
2021-03-30,-0.11534196721631887,-0.18944573480940763,-0.37243028735170974,-0.08993461677306268,-0.15582333415782523,1.3074346535876658,-0.14127174238520196,0.5704202367499963,-0.9302733973897144,-0.977338606579308,-1.1489496976961153,0.24283319949732687,-1.2274444
2021-03-31,-0.11534196721631887,-0.18944573480940763,-0.37243028735170974,-0.08993461677306268,-0.15582333415782523,1.127953835555544,0.16581388627748458,0.46744005282621304,-0.5459383659136794,-0.8976221964223826,-1.1113542121874642,0.24289633642349276,1.8765688
2021-04-01,-0.11534196721631887,-0.18944573480940763,2.685066263302147,-0.08993461677306268,-0.15582333415782523,-0.008470900094752577,0.005757134368447955,0.11637124399513363,-0.408420774064316,-0.7974635071283218,-1.05976815662722,0.24490962297413052,0.6958604
2021-04-02,-0.11534196721631887,-0.18944573480940763,-0.37243028735170974,-0.08993461677306268,-0.15582333415782523,-0.9692908281803277,-0.09288249180805137,0.16669110659425504,-0.40842077406431543,-0.7124160949225372,-1.000234880588601,0.24601798765144262,0.0
2021-04-05,-0.11534196721631887,-0.18944573480940763,-0.37243028735170974,-0.08993461677306268,-0.15582333415782523,-0.0638117162126352,0.042979634812409954,0.15147812487824158,0.053083738115915935,-0.5378739906528202,-0.9151243170908878,0.2527102574147092,2.3577213
2021-04-06,-0.11534196721631887,-0.18944573480940763,-0.37243028735170974,-0.08993461677306268,-0.15582333415782523,0.7907409248917135,-0.012854115853533049,0.1596697304176334,0.09912817351764276,-0.3865717637471961,-0.8145428238693924,0.25630542840036324,0.24622679
2021-04-07,-0.11534196721631887,-0.18944573480940763,-0.37243028735170974,-0.08993461677306268,-0.15582333415782523,0.48044475358483013,0.0038960093462498545,0.09062619801418782,0.3458105590517335,-0.206519446256151,-0.6954103359528604,0.26186125505826346,1.3390422
2021-04-08,-0.11534196721631887,-0.18944573480940763,-0.37243028735170974,-0.08993461677306268,-0.15582333415782523,1.1541169062104961,-0.12824386722981526,0.13041399634837683,0.6660729719565257,0.02116949521592086,-0.5512068073224047,0.26775382157376293,1.9233823
2021-04-09,-0.11534196721631887,-0.18944573480940763,-0.37243028735170974,-0.08993461677306268,-0.15582333415782523,-0.3689398735629849,0.10067451050055105,0.19594684066351162,0.9610604255804895,0.28975841068226244,-0.3781629363385142,0.2761471868861375,2.0213246
2021-04-12,-0.11534196721631887,-0.18944573480940763,-0.37243028735170974,-0.08993461677306268,-0.15582333415782523,0.8841958439390333,0.04111850979021186,0.17137202404533608,0.5941972550914718,0.43246704574492895,-0.2090803214804457,0.28123303414112544,-1.3195932
2021-04-13,-0.11534196721631887,-0.18944573480940763,-0.37243028735170974,-0.08993461677306268,-0.15582333415782523,1.2805179142307186,0.04111850979021185,0.16903156531979555,0.940072753841188,0.6493678910539158,-0.027233498348865064,0.28744827973458453,2.4306536
2021-04-14,-0.11534196721631887,-0.18944573480940763,-0.37243028735170974,-0.08993461677306268,-0.15582333415782523,0.3212053235491326,0.002034884324051753,0.1245628495345255,0.4782084762845659,0.7247272075656042,0.13442781626008005,0.2925481446379867,-1.7853141
2021-04-15,-0.11534196721631887,-0.18944573480940763,-0.37243028735170974,-0.08993461677306268,-0.15582333415782523,0.0662499683601318,-0.0016873657203444492,0.1304139963483768,0.7453715390813835,0.8601316811483699,0.2928357744142052,0.30234803360371404,1.8707871
2021-04-16,-0.11534196721631887,-0.18944573480940763,-0.37243028735170974,-0.08993461677306268,-0.15582333415782523,-0.697108759802881,0.03553513472361756,0.2099895930167548,0.67996116693067,0.941910280276561,0.43712457570887103,0.3122882356357999,-0.2527833
2021-04-19,-0.11534196721631887,-0.18944573480940763,-0.37243028735170974,-0.08993461677306268,-0.15582333415782523,0.34069304284356217,0.01134050943504225,0.1702017946825658,0.7561111948623375,1.0167226136938041,0.5686220050141608,0.3203203553657311,0.50685406
2021-04-20,-0.11534196721631887,-0.18944573480940763,-0.37243028735170974,-0.08993461677306268,-0.15582333415782523,2.2831126217982756,-0.07054899154167416,0.14679720742716051,0.40686684442101273,1.0002084676174603,0.6702734385357177,0.3277351594251098,-1.2830019
2021-04-21,-0.11534196721631887,-0.18944573480940763,-0.37243028735170974,-0.08993461677306268,-0.15582333415782523,2.427386344751511,-0.018437490920127354,0.15849950105486316,0.45775127122863357,0.9871160550688229,0.7487829128147138,0.3371421804312792,0.2929926
2021-04-22,-0.11534196721631887,-0.18944573480940763,-0.37243028735170974,-0.08993461677306268,-0.15582333415782523,1.0157648659157894,-0.007270740786938751,0.21818119855614668,0.14360380460943248,0.9080664023860594,0.7946141147535772,0.34510415728625277,-1.1685371
2021-04-23,-0.11534196721631887,-0.18944573480940763,-0.37243028735170974,-0.08993461677306268,-0.15582333415782523,-0.09826514258952722,-0.031465366075514055,0.1596697304176334,0.47189069482351104,0.9172304538060806,0.8332471102037726,0.3543007590126481,1.8038511
2021-04-26,-0.11534196721631887,-0.18944573480940763,-0.37243028735170974,-0.08993461677306268,-0.15582333415782523,1.5952284307921412,0.10998013561154159,0.17605294149641712,0.5243612164266989,0.9255561735970679,0.8659415038188668,0.3636516921726701,0.29779673
2021-04-27,-0.11534196721631887,-0.18944573480940763,-0.37243028735170974,-0.08993461677306268,-0.15582333415782523,1.723136776216353,-0.029604241053315956,0.19945752875182243,0.4511699749168223,0.9073774443364653,0.8881930297667786,0.37381634622887355,-0.24495125
2021-04-28,-0.11534196721631887,-0.18944573480940763,-0.37243028735170974,-0.08993461677306268,-0.15582333415782523,1.5929674246861576,-0.08543799171925896,0.35392780463749735,0.26832346467863954,0.8517091654372582,0.8940391604719147,0.3818344626874655,-0.60272217
2021-04-29,-0.11534196721631887,-0.18944573480940763,2.685066263302147,-0.08993461677306268,6.4175240852384325,1.4314669885444766,3.366948924458217,-1.984190462177491,0.24509164923428062,0.7923466260378099,0.8859676108294262,0.3891861154436037,-0.074863434
2021-04-30,-0.11534196721631887,-0.18944573480940763,-0.37243028735170974,-0.08993461677306268,-0.15582333415782523,0.8602937793900642,-2.9999597764814845,-1.4950345885395206,-0.20578321300934774,0.6630366755695019,0.8517402993044925,0.39512075646995903,-1.5133262
2021-05-03,-0.11534196721631887,-0.18944573480940763,-0.37243028735170974,-0.08993461677306268,-0.15582333415782523,0.35555108296859683,-0.7517207496661789,1.5756472593696538,-0.004491837307283112,0.5897564481852936,0.8086210905896902,0.3997786772672782,0.8215308
2021-05-04,-0.11534196721631887,5.278556421478968,-0.37243028735170974,-0.08993461677306268,-0.15582333415782523,-0.30466269997859574,0.29795376285354974,0.8208493203828329,-0.8617482036245353,0.35766129446600836,0.7242819253454482,0.4009291272382526,-3.538549
2021-05-05,-0.11534196721631887,-0.18944573480940763,-0.37243028735170974,-0.08993461677306268,-0.15582333415782523,-0.8578555272425676,0.02064613454603276,0.325842299931011,-0.8116971900343591,0.17805115668125532,0.6182382605013125,0.4010694259275357,0.19555092
2021-05-06,-0.11534196721631887,-0.18944573480940763,2.685066263302147,-0.08993461677306268,-0.15582333415782523,-0.8280317800350706,0.14534151103330548,0.22052165728168718,-0.4890338935292384,0.09064327122363668,0.5146319715323697,0.40063449064565954,1.2802482
2021-05-07,-0.11534196721631887,-0.18944573480940763,-0.37243028735170974,-0.08993461677306268,-0.15582333415782523,-1.210787813690855,-0.06496561647507985,0.4405247774824969,-0.3583546890961057,0.04299825693440904,0.4215148935313255,0.3988359832228784,0.5318403
2021-05-10,-0.11534196721631887,-0.18944573480940763,2.685066263302147,-0.08993461677306268,-0.15582333415782523,-0.49372587722179057,0.09509113543395678,0.23339418027216008,-0.9256953125124665,-0.11606435509548667,0.31286160039434696,0.3959075526983782,-2.580452
2021-05-11,-0.11534196721631887,-0.18944573480940763,-0.37243028735170974,-0.08993461677306268,-0.15582333415782523,0.14097083681501643,-0.345995494826993,0.5692500073872261,-1.0647321887681012,-0.2750916704195233,0.1917869153236411,0.3900808475648126,-0.7410288
2021-05-12,-0.11534196721631887,5.278556421478968,-0.37243028735170974,-0.08993461677306268,-0.15582333415782523,-0.557357049061613,0.2030363867214466,1.0396822112208723,-1.4789427494068894,-0.5100210084373463,0.04447471126021111,0.3837312913339319,-2.4938524
2021-05-13,-0.11534196721631887,-0.18944573480940763,-0.37243028735170974,-0.08993461677306268,-0.15582333415782523,-1.3005820561856296,-0.005409615764740648,0.7752103752347925,-1.0295373423369862,-0.6130423217891184,-0.09549948448374253,0.3771949445465267,1.7919779
2021-05-14,-0.11534196721631887,-0.18944573480940763,2.685066263302147,11.119188982851384,-0.15582333415782523,-1.2668822985107322,0.14161926098890926,-0.258102152091351,-0.5840471292374443,-0.6016473944119725,-0.20503171345726603,0.3726397587350095,1.984477
2021-05-17,-0.11534196721631887,-0.18944573480940763,-0.37243028735170974,-0.08993461677306268,-0.15582333415782523,-0.13261090200899145,-0.06124336643068366,0.15615904232932262,-0.7585735113182533,-0.6300727503933284,-0.29876200888742416,0.3667784156327853,-0.92585087
2021-05-18,-0.11534196721631887,-0.18944573480940763,-0.37243028735170974,-0.08993461677306268,-0.15582333415782523,0.14549284902698348,0.00017375930185365205,0.1807338589474982,-0.9608229357315219,-0.6978544068848886,-0.38830275431239375,0.3611328257052703,-1.1245728
2021-05-19,-0.11534196721631887,-0.18944573480940763,-0.37243028735170974,-0.08993461677306268,-0.15582333415782523,-0.615604873030046,-0.0016873657203444492,0.16552087723148476,-0.9837305827912861,-0.751172802444424,-0.4713857894482256,0.3551012544372644,-0.12814999
2021-05-20,-0.11534196721631887,-0.18944573480940763,-0.37243028735170974,-0.08993461677306268,-0.15582333415782523,-0.6605019942774334,-0.04263211620870266,0.16669110659425504,-0.4902007259789787,-0.6943159673488447,-0.5256418780754438,0.35200502906697617,2.1012068
2021-05-21,-0.11534196721631887,-0.18944573480940763,-0.37243028735170974,-0.08993461677306268,-0.15582333415782523,0.037072222897201516,0.10625788556714537,0.27552243733188964,-0.7827346125317546,-0.7108034084760502,-0.5725875238551223,0.34591820238548227,-1.476711
2021-05-24,-0.11534196721631887,-0.18944573480940763,-0.37243028735170974,-0.08993461677306268,-0.15582333415782523,-0.44969009163382545,-0.11521599207442856,0.13860560188776866,-0.48527662252789505,-0.6591207580999026,-0.5990448875743309,0.3407242539013383,1.3314128
2021-05-25,-0.11534196721631887,-0.18944573480940763,-0.37243028735170974,-0.08993461677306268,-0.15582333415782523,-0.7090597920773654,0.02064613454603275,0.13860560188776866,-0.5185388620241402,-0.6206964478003859,-0.6119589320951976,0.33562127995540286,-0.15735626
2021-05-26,-0.11534196721631887,-0.18944573480940763,-0.37243028735170974,-0.08993461677306268,-0.15582333415782523,-0.8145734103565972,0.06531313507878717,0.20296821684013322,-0.5273953060845116,-0.5877984104727396,-0.6152251208557192,0.33105133967036254,-0.03940463
2021-05-27,-0.11534196721631887,-0.18944573480940763,-0.37243028735170974,-0.08993461677306268,-0.15582333415782523,-1.1330522704279924,-0.00354849074254255,0.25679876752756536,-0.8032535560657904,-0.6133161737379603,-0.6233181614919143,0.32544836339402705,-1.2376845
2021-05-28,-0.11534196721631887,-0.18944573480940763,-0.37243028735170974,-0.08993461677306268,-0.15582333415782523,-0.8855259353015091,-0.14127174238520196,0.1011582622791202,-0.9163967349557811,-0.6525071720019782,-0.6382090912015329,0.32079160354553843,-0.5348027
2021-05-31,-0.11534196721631887,-0.18944573480940763,-0.37243028735170974,-0.08993461677306268,-0.15582333415782523,-1.0604847411216636,0.08392438530076818,0.3188209237543894,-0.9163967349557811,-0.6782887894798826,-0.6556585888398366,0.31537722214867614,0.0
2021-06-01,-0.11534196721631887,-0.18944573480940763,-0.37243028735170974,-0.08993461677306268,-0.15582333415782523,-0.8974769675759935,0.08764663534516437,0.26850106115526806,-0.9776555787087344,-0.7049320576942367,-0.675339985380618,0.31302096327829737,-0.2648294
2021-06-02,-0.11534196721631887,-0.18944573480940763,2.685066263302147,-0.08993461677306268,-0.15582333415782523,-0.16932533449186699,-0.10963261700783428,0.13860560188776866,-0.7759852901478733,-0.6927222594024394,-0.6884629766737282,0.31103743727352323,0.62761307
2021-06-03,-0.11534196721631887,-0.18944573480940763,-0.37243028735170974,-0.08993461677306268,-0.15582333415782523,-0.7973466971681512,-0.027743116031117846,0.13860560188776866,-1.0730008533192892,-0.7314867643144471,-0.7072862749550554,0.3068353704026375,-1.2154162
2021-06-04,-0.11534196721631887,-0.18944573480940763,-0.37243028735170974,-0.08993461677306268,-0.15582333415782523,-0.3494521542685554,0.05972976001219286,0.14445674870161998,-0.5005191671351682,-0.6729923060580718,-0.7097828849006624,0.30379977315887585,1.9022107
2021-06-07,-0.11534196721631887,-0.18944573480940763,-0.37243028735170974,-0.08993461677306268,-0.15582333415782523,1.7552215295298335,0.0038960093462498545,0.16201018914317394,-0.49822845748462125,-0.6216522339852122,-0.70075459065656,0.3031322412397267,0.007939339
2021-06-08,-0.11534196721631887,-0.18944573480940763,-0.37243028735170974,-0.08993461677306268,-0.15582333415782523,1.6236525075530772,0.026229509612627055,0.1573292716920929,-0.3019420716555197,-0.547174116667749,-0.6775373418633193,0.3037154688647509,0.66719055
2021-06-09,-0.11534196721631887,-0.18944573480940763,-0.37243028735170974,-0.08993461677306268,-0.15582333415782523,0.022106515814739037,0.022507259568230856,0.17839340022195765,-0.21102960038992644,-0.47131772293470947,-0.6426729364704639,0.30677918766779305,0.30771494
2021-06-10,-0.11534196721631887,-0.18944573480940763,-0.37243028735170974,-0.08993461677306268,-0.15582333415782523,-0.733069523583762,-0.00540961576474065,0.17488271213364687,-0.4655675489369042,-0.4450712136460514,-0.609144820037066,0.30758026033198177,-0.8023262
2021-06-11,-0.11534196721631887,-0.18944573480940763,-0.37243028735170974,-0.08993461677306268,-0.15582333415782523,-0.6919407458463473,-0.037048741142108356,0.14328651933884973,-0.16373536771860106,-0.3781305362384467,-0.5679464230101747,0.30750998878219993,0.98326206
2021-06-14,-0.11534196721631887,-0.18944573480940763,-0.37243028735170974,-0.08993461677306268,-0.15582333415782523,-0.640368273238437,-0.027743116031117853,0.17605294149641712,0.46020214347031096,-0.213284147995379,-0.4995859747197868,0.3104682697092851,2.4577856
2021-06-15,-0.11534196721631887,-0.18944573480940763,-0.37243028735170974,-0.08993461677306268,-0.15582333415782523,0.09542771382306234,0.03739625974581566,0.16552087723148476,0.23837482533850357,-0.11389432167297923,-0.42355306677588556,0.31383415150383814,-0.6437719
2021-06-16,-0.11534196721631887,-0.18944573480940763,-0.37243028735170974,-0.08993461677306268,-0.15582333415782523,-0.42051234617089506,-0.003548490742542546,0.19477661130074136,0.3348970674951808,-0.019217135570312547,-0.34239425829230336,0.3176708321945956,0.39339066
2021-06-17,-0.11534196721631887,-0.18944573480940763,2.685066263302147,-0.08993461677306268,-0.15582333415782523,-0.6208805539440075,0.0038960093462498506,0.14211628997607945,0.6279445702046882,0.11061740812470093,-0.24958448021605248,0.3208188437901024,1.2600899
2021-06-18,-0.11534196721631887,-0.18944573480940763,-0.37243028735170974,-0.08993461677306268,-0.15582333415782523,-1.0672677594396143,-0.027743116031117853,0.11286055590682285,0.26004646610099047,0.16156950634573622,-0.16439439521924526,0.3243533543008111,-1.0091722
2021-06-21,-0.11534196721631887,-0.18944573480940763,-0.37243028735170974,-0.08993461677306268,-0.15582333415782523,0.36836345090250355,0.06159088503439096,0.2837140428712815,0.5834282466374581,0.26215484335424594,-0.07464103496441206,0.3280073167416223,1.410389
2021-06-22,-0.11534196721631887,-0.18944573480940763,-0.37243028735170974,-0.08993461677306268,-0.15582333415782523,0.15819755000346244,0.033674009701419455,0.3012674833128354,0.8424153505683761,0.394827749624367,0.025653939572753717,0.33298233471741656,1.2698412
2021-06-23,-0.11534196721631887,-0.18944573480940763,2.685066263302147,-0.08993461677306268,-0.15582333415782523,0.4908884484553256,0.11742463570033397,0.17605294149641712,0.7614164315567471,0.4818669752513342,0.1245821044308933,0.33779573639553184,-0.2089858
2021-06-24,-0.11534196721631887,-0.18944573480940763,-0.37243028735170974,-0.08993461677306268,-0.15582333415782523,0.06398896225414828,-0.13382724229640958,0.33403390547040285,0.6741281399161633,0.531808956619509,0.2144499703226554,0.34350858228128467,-0.2169013
2021-06-25,-0.11534196721631887,-0.18944573480940763,2.685066263302147,-0.08993461677306268,-0.15582333415782523,-0.2889433241941388,0.0038960093462498545,0.17137202404533608,0.5804783198441219,0.5517645455315533,0.2906298430328878,0.34948144116804764,-0.22487044
2021-06-28,-0.11534196721631887,-0.18944573480940763,-0.37243028735170974,-0.08993461677306268,-0.15582333415782523,0.11039342090552481,-0.051937741319693156,0.13275445507391737,0.8746277906065785,0.6176106102310216,0.3657145705691925,0.35662777131760437,1.2545943
2021-06-29,-0.11534196721631887,-0.18944573480940763,-0.37243028735170974,-0.08993461677306268,-0.15582333415782523,-0.9670298220743442,0.09136888538956056,0.1374353725249984,1.113087070391117,0.7144207202717533,0.4465728926774803,0.36509515700214396,1.1500239
2021-06-30,-0.11534196721631887,-0.18944573480940763,-0.37243028735170974,-0.08993461677306268,-0.15582333415782523,-0.5678007439321083,-0.03332649109771216,0.11637124399513366,1.2038536143415073,0.8018776451046741,0.5300414389517926,0.3734571371591456,0.4621148
2021-07-01,-0.11534196721631887,-0.18944573480940763,-0.37243028735170974,-0.08993461677306268,-0.15582333415782523,-0.5662934065281193,-0.016576365897929254,0.22052165728168718,1.2490916341042833,0.8697022580563948,0.6113820102043578,0.38310505325044897,0.22634268
2021-07-02,-0.11534196721631887,-0.18944573480940763,2.685066263302147,-0.08993461677306268,-0.15582333415782523,-1.009665937215748,-0.029604241053315952,0.14211628997607945,1.5962546858253448,1.0054732038631793,0.7056120757372254,0.3929918660134204,1.9596457
2021-07-05,-0.11534196721631887,-0.18944573480940763,-0.37243028735170974,-0.08993461677306268,-0.15582333415782523,-1.1375742826399595,0.018785009523834655,0.15030789551547133,1.5962546858253448,1.0978756693368716,0.8008401006684932,0.402871638322619,0.0
2021-07-06,-0.11534196721631887,-0.18944573480940763,-0.37243028735170974,-0.08993461677306268,-0.15582333415782523,-0.9095356668079057,0.08578551032296626,0.13275445507391737,1.8223719262328248,1.228040730339189,0.904976232437069,0.4136086969415633,1.4718413
2021-07-07,-0.11534196721631887,-0.18944573480940763,-0.37243028735170974,-0.08993461677306268,-0.15582333415782523,-0.7644006081952481,0.10998013561154156,0.008710142620269291,2.0482304435635554,1.4036220934904236,1.0259922674712243,0.4258635290225068,1.7955184
2021-07-08,-0.11534196721631887,-0.18944573480940763,-0.37243028735170974,-0.08993461677306268,-0.15582333415782523,-0.5566033803596184,-0.018437490920127336,-0.37395485900560715,1.5870530314127549,1.4756797532016954,1.138279901400674,0.43790053403562923,-0.9199679
2021-07-09,-0.11534196721631887,-0.18944573480940763,-0.37243028735170974,-0.08993461677306268,-0.15582333415782523,-0.6627630003834168,-0.29202286918324805,0.24509647389986272,1.770675865358973,1.578887396929579,1.250274456580767,0.450380266705439,1.3054967
2021-07-12,-0.11534196721631887,-0.18944573480940763,-0.37243028735170974,-0.08993461677306268,-0.15582333415782523,-0.5693080813360974,0.024368384590428952,0.16435064786871448,1.5673307176324207,1.6176858199593278,1.3482022900868003,0.46023194189638533,-0.42037368
2021-07-13,-0.11534196721631887,-0.18944573480940763,-0.37243028735170974,-0.08993461677306268,-0.15582333415782523,-0.17298601104441183,-0.08171574167486277,0.25679876752756536,1.6858583918427652,1.6674212181303143,1.4372255259412028,0.47147493698355875,0.7889271
2021-07-14,-0.11534196721631887,-0.18944573480940763,2.685066263302147,-0.08993461677306268,6.4175240852384325,1.1474415548499735,0.48220514005116166,0.29424610713621385,1.988491974524092,1.8089033146174154,1.5388282263282742,0.48482594198196244,2.4100542
2021-07-15,-0.11534196721631887,-0.18944573480940763,-0.37243028735170974,-0.08993461677306268,-0.15582333415782523,-0.6148512043280515,0.13975813596671116,-0.2967197210627698,1.7735820928080075,1.8729484791732445,1.633864462116407,0.4965537679908291,-0.4492104
2021-07-16,-0.11534196721631887,-0.18944573480940763,-0.37243028735170974,-0.08993461677306268,-0.15582333415782523,-0.03248063160114916,-0.3627456200267759,-0.10831279365675717,1.1503071627816936,1.8254168155167823,1.6996857466355653,0.5077475546623842,-1.4075935
2021-07-19,-0.11534196721631887,-0.18944573480940763,-0.37243028735170974,-0.08993461677306268,-0.15582333415782523,-0.3098307139351297,-0.046354366253098855,0.1608399597804037,0.21761964619756974,1.6256354192470213,1.709438545297054,0.5148798276265695,-2.6914418
2021-07-20,-0.11534196721631887,-0.18944573480940763,-0.37243028735170974,-0.08993461677306268,-0.15582333415782523,0.917141932911936,0.01134050943504225,0.2392453270860114,0.6986786597154779,1.5788188896365105,1.7071866593540708,0.5234314989150358,2.5974035
2021-07-21,-0.11534196721631887,-0.18944573480940763,2.685066263302147,-0.08993461677306268,-0.15582333415782523,0.33692469933358954,-0.08916024176365515,0.1011582622791202,0.5439304784228137,1.4951335783871376,1.6874132381946467,0.5316529503495495,-0.51317215
2021-07-22,-0.11534196721631887,-0.18944573480940763,-0.37243028735170974,-0.08993461677306268,-0.15582333415782523,-0.6821430527204186,0.009479384412844155,0.16318041850594422,0.7162576367492218,1.4594882079814147,1.6639394484864847,0.5410619266379595,0.96286535
2021-07-23,-0.11534196721631887,-0.18944573480940763,-0.37243028735170974,-0.08993461677306268,-0.15582333415782523,-0.805529385932663,0.05786863498999477,0.12339262017175523,0.9189256274399248,1.4746101052717258,1.6484079330336556,0.5519184371870065,1.1989117
2021-07-26,-0.11534196721631887,-0.18944573480940763,-0.37243028735170974,-0.08993461677306268,-0.15582333415782523,0.1051177399915631,-0.007270740786938753,0.11520101463236337,0.9672590186671118,1.4823351576908823,1.637641721078139,0.5619036250876954,0.28945208
2021-07-27,-0.11534196721631887,-0.18944573480940763,-0.37243028735170974,-0.08993461677306268,-0.15582333415782523,1.7432704972553492,-0.07427124158607036,0.021582665610742204,0.467515175079446,1.3905341212501503,1.6093139394281473,0.5692396715285983,-1.4900327
2021-07-28,-0.11534196721631887,-0.18944573480940763,-0.37243028735170974,-0.08993461677306268,-0.15582333415782523,2.404237948904536,4.24539993493572,-1.4131185331456024,0.10662741814826811,1.2369970927553267,1.5536787349097354,0.5748751831263302,-1.2196004
2021-07-29,-0.11534196721631887,-0.18944573480940763,-0.37243028735170974,-0.08993461677306268,-0.15582333415782523,0.2748008648977563,-3.7499931604273185,-0.42193426287918795,0.20584960916133624,1.12341953043377,1.484779122297007,0.5807566649167766,0.45523643
2021-07-30,-0.11534196721631887,-0.18944573480940763,-0.37243028735170974,-0.08993461677306268,-0.15582333415782523,-0.5236572913867156,-0.42230162073711514,0.04264679414060698,0.24001528161367125,1.026891929110928,1.4089295625350367,0.5849024886691012,0.15106201
2021-08-02,-0.11534196721631887,-0.18944573480940763,-0.37243028735170974,-0.08993461677306268,-0.15582333415782523,-0.7539569133247529,0.013201634457240354,0.04732771159168801,0.16328950307837078,0.9250356340706932,1.326375676761405,0.5888094013726831,-0.23309588
2021-08-03,-0.11534196721631887,-0.18944573480940763,-0.37243028735170974,-0.08993461677306268,-0.15582333415782523,-0.04820000738560607,-0.02774311603111785,0.12924376698560655,0.4627534471491851,0.8971989713543295,1.2543544812295377,0.592561717385599,1.2644291
2021-08-04,-0.11534196721631887,-0.18944573480940763,-0.37243028735170974,-0.08993461677306268,-0.15582333415782523,0.11405409745806967,0.011340509435042256,0.12222239080898496,0.3626578379674396,0.8481649763168385,1.1862071861994963,0.5942341162924143,-0.27823448
2021-08-05,-0.11534196721631887,-0.18944573480940763,-0.37243028735170974,-0.08993461677306268,-0.15582333415782523,0.1320344793485101,-0.012854115853533049,0.18424454703580898,0.3816053205333824,0.8014582048899899,1.1216587965182734,0.5969184097013007,0.07485151
2021-08-06,-0.11534196721631887,-0.18944573480940763,-0.37243028735170974,-0.08993461677306268,-0.15582333415782523,0.26812551353723324,0.009479384412844152,0.1795636295847279,0.19577343746892534,0.7284456582154237,1.054340211283981,0.5977960223201008,-0.47599077
2021-08-09,-0.11534196721631887,-0.18944573480940763,-0.37243028735170974,-0.08993461677306268,-0.15582333415782523,-0.5050309077517082,-0.014715240875731148,0.15264835424101184,0.18209741106537441,0.658657343671167,0.9854978924058623,0.5990670851700085,-0.034213066
2021-08-10,-0.11534196721631887,-0.18944573480940763,-0.37243028735170974,-0.08993461677306268,-0.15582333415782523,0.3720241274550482,-0.031465366075514055,0.16435064786871448,0.042966645641643736,0.5766210876836038,0.9128062692072156,0.5991922376104662,-0.3354013
2021-08-11,-0.11534196721631887,-0.18944573480940763,-0.37243028735170974,-0.08993461677306268,-0.15582333415782523,-0.2926040007466837,-0.00354849074254255,0.2193514279189169,0.10352471429214995,0.5124652974613852,0.8408751376578242,0.5970339726325358,0.1785636
2021-08-12,-0.11534196721631887,-0.18944573480940763,-0.37243028735170974,-0.08993461677306268,-0.15582333415782523,-0.6470436245989598,-0.0016873657203444492,0.16903156531979555,0.7120430866826636,0.5610805688314485,0.7937706476544613,0.5974788712275931,2.0773292
2021-08-13,-0.11534196721631887,-0.18944573480940763,-0.37243028735170974,-0.08993461677306268,-0.15582333415782523,-0.7308085174777784,0.06717426010098526,0.1702017946825658,0.7485758508960861,0.5976957380475247,0.763950378426374,0.5995401700211846,0.14104843
2021-08-16,-0.11534196721631887,-0.18944573480940763,-0.37243028735170974,-0.08993461677306268,-0.15582333415782523,-0.3786298997314858,-0.007270740786938749,0.20881936365398454,1.075745361304337,0.6885445983159333,0.7596044897005862,0.6057915667704775,1.3547897
2021-08-17,-0.11534196721631887,-0.18944573480940763,-0.37243028735170974,-0.08993461677306268,-0.15582333415782523,-0.342023134206038,0.03367400970141946,0.25679876752756536,0.7746825722333408,0.7164519180699217,0.7621210396469961,0.6087885759441432,-0.6154001
2021-08-18,-0.11534196721631887,-0.18944573480940763,-0.37243028735170974,-0.08993461677306268,-0.15582333415782523,-0.5767371013986147,-0.12079936714102288,0.13275445507391734,-0.2272979703491247,0.5920958567371835,0.737428084598794,0.60961722743302,-2.5501072
2021-08-19,-0.11534196721631887,-0.18944573480940763,-0.37243028735170974,-0.08993461677306268,-0.15582333415782523,-0.20517843131532032,-0.005409615764740648,0.13860560188776866,-0.15803010401254775,0.49743878711033795,0.6973455585631775,0.6097014052088823,0.23230314
2021-08-20,-0.11534196721631887,-0.18944573480940763,-0.37243028735170974,-0.08993461677306268,-0.15582333415782523,-0.01299291230671963,0.0020348843240517492,0.12690330826006602,0.13610659656813423,0.4678263169563949,0.6589200857381734,0.609597394257648,1.015687
2021-08-23,-0.11534196721631887,-0.18944573480940763,-0.37243028735170974,-0.08993461677306268,-0.15582333415782523,-0.4705774813748163,0.05600750996779666,0.15498881296655237,0.40784621303399404,0.4905749835234151,0.6330651173161714,0.6102609322252799,1.0257125
2021-08-24,-0.11534196721631887,-0.18944573480940763,-0.37243028735170974,-0.08993461677306268,-0.15582333415782523,0.22172105488585697,-0.01099299083133495,0.1374353725249984,0.38379061264803094,0.497108772772168,0.6137843122184802,0.6124210877886117,-0.060123205
2021-08-25,-0.11534196721631887,-0.18944573480940763,-0.37243028735170974,-0.08993461677306268,-0.15582333415782523,0.5888653797146122,0.033674009701419455,0.14328651933884973,0.0497592505747141,0.44945960343800934,0.5881267289941192,0.6149523731736529,-0.8421302
2021-08-26,-0.11534196721631887,-0.18944573480940763,-0.37243028735170974,-0.08993461677306268,-0.15582333415782523,1.4696887584313414,0.0076182593906460525,0.1877552351241198,-0.1564191537313487,0.3754739353074142,0.5517118053736499,0.6164427870613625,-0.5527139
2021-08-27,-0.11534196721631887,-0.18944573480940763,-0.37243028735170974,-0.08993461677306268,-0.15582333415782523,1.3889385403605008,-0.19338324300674878,0.17488271213364687,0.07131700709610637,0.34823110786267625,0.5167293091788328,0.6185246306955531,0.71846247
2021-08-30,-0.11534196721631887,-0.18944573480940763,-0.37243028735170974,-0.08993461677306268,-0.15582333415782523,1.6393718833375344,0.15278601112209786,0.13509491379945787,0.8276361549777476,0.48036614417159257,0.5171200878210755,0.6240262557795844,3.0417204
2021-08-31,-0.11534196721631887,-0.18944573480940763,-0.37243028735170974,-0.08993461677306268,-0.15582333415782523,1.5862920733256352,0.07834101023417386,0.10700940909297153,0.5029920855811888,0.5302523128190642,0.5281460586303407,0.6273271388167212,-0.84246993
2021-09-01,-0.11534196721631887,-0.18944573480940763,-0.37243028735170974,-0.08993461677306268,-0.15582333415782523,1.30818832228966,-0.11335486705223045,0.22169188664445746,0.6065006270096049,0.5848466802384005,0.5486912965293218,0.6313946578284426,0.4478693
2021-09-02,-0.11534196721631887,-0.18944573480940763,-0.37243028735170974,-0.08993461677306268,-0.15582333415782523,2.088773763641119,0.03739625974581566,0.28839496032236256,0.775776381461868,0.6587869890974141,0.581006602719341,0.6361871192963884,0.7474899
2021-09-03,-0.11534196721631887,-0.18944573480940763,-0.37243028735170974,-0.08993461677306268,-0.15582333415782523,0.824440682566611,-0.2976062442498424,0.5985057414564827,0.8699113867280157,0.7297003290844544,0.6220879041875953,0.6419296250884784,0.42304993
2021-09-06,-0.11534196721631887,-0.18944573480940763,-0.37243028735170974,-0.08993461677306268,-0.15582333415782523,-0.5221499539827265,0.2867870127203611,0.1409460606133092,0.8699113867280157,0.77443114184786,0.6645591502838072,0.6477073475265079,0.0
2021-09-07,-0.11534196721631887,-0.18944573480940763,-0.37243028735170974,-0.08993461677306268,-0.15582333415782523,1.2759959020187515,0.002034884324051753,0.11871170272067416,1.2055797753877247,0.8827217679205036,0.7217921955282712,0.6555118565888793,1.548934
2021-09-08,-0.11534196721631887,-0.18944573480940763,-0.37243028735170974,-0.08993461677306268,-0.15582333415782523,0.818411332950655,0.009479384412844152,0.1245628495345255,0.7436997878951447,0.8990764333929627,0.7710908922495741,0.6620214727990392,-1.0083616
2021-09-09,-0.11534196721631887,-0.18944573480940763,-0.37243028735170974,-0.08993461677306268,-0.15582333415782523,-0.1812763667663515,0.03181288467922136,0.13041399634837683,0.4618119033914859,0.8623264372891178,0.8026375719854941,0.6656668449373605,-0.6704867
2021-09-10,-0.11534196721631887,-0.18944573480940763,-0.37243028735170974,-0.08993461677306268,-0.15582333415782523,1.5525923156507377,0.03181288467922136,0.2696712905180383,-0.613533133888054,0.6407054998574934,0.7802805170060311,0.6655753204760217,-3.3101857
2021-09-13,-0.11534196721631887,5.278556421478968,-0.37243028735170974,-0.08993461677306268,-0.15582333415782523,2.0296646040132638,-0.2417724935838994,0.5353133558668884,-0.5020002767078227,0.47778247185702516,0.7274061952691727,0.6644704350509313,0.38933754
2021-09-14,-0.11534196721631887,-0.18944573480940763,-0.37243028735170974,-0.08993461677306268,-0.15582333415782523,2.0296646040132638,0.13417476090011687,0.16201018914317394,-0.7523567595178664,0.2915718212773904,0.6451169063173715,0.6630136635194162,-0.9562075
2021-09-15,-0.11534196721631887,-0.18944573480940763,-0.37243028735170974,-0.08993461677306268,-0.15582333415782523,2.0296646040132638,0.048563009879004256,0.19126592321243055,-0.5656069378724506,0.17205026600093587,0.5536175187383291,0.6648926466211701,0.6143689
2021-09-16,-0.11534196721631887,-0.18944573480940763,-0.37243028735170974,-0.08993461677306268,-0.15582333415782523,0.6322551635580105,-0.025881991008919754,0.1573292716920929,-0.6107554535881186,0.06544154079492975,0.4575231584031552,0.6663634573667122,-0.16104579
2021-09-17,-0.11534196721631887,-0.18944573480940763,-0.37243028735170974,-0.08993461677306268,-0.15582333415782523,0.8924861996609728,-0.04077099118650457,0.22286211600722772,-1.0837536291269092,-0.11795449620350665,0.34126229338060216,0.6648645250618896,-1.8347979
2021-09-20,-0.11534196721631887,-0.18944573480940763,-0.37243028735170974,-0.08993461677306268,-0.15582333415782523,-0.3808909058374693,0.06345201005658907,0.1596697304176334,-1.5166729982208498,-0.37322535054102896,0.19343268518000234,0.6601002210959125,-2.1361053
2021-09-21,-0.11534196721631887,-0.18944573480940763,-0.37243028735170974,-0.08993461677306268,-0.15582333415782523,-0.05110701523615649,-0.02402086598672165,0.19243615257520086,-1.401831912947024,-0.5541430264654396,0.036315864470955014,0.6557440894861473,0.34279823
2021-09-22,-0.11534196721631887,-0.18944573480940763,-0.37243028735170974,-0.08993461677306268,-0.15582333415782523,0.31442230523118203,0.04670188485680616,0.15498881296655237,-0.8712088393724963,-0.6064432528324215,-0.10060937307431066,0.6539776860725044,1.6872406
2021-09-23,-0.11534196721631887,-0.18944573480940763,-0.37243028735170974,-0.08993461677306268,-0.15582333415782523,0.5746533413341443,-0.051937741319693156,0.20881936365398454,-0.6748292836413097,-0.6083370132286026,-0.21055625928513472,0.6534780395747176,0.67192316
2021-09-24,-0.11534196721631887,-0.18944573480940763,-0.37243028735170974,-0.08993461677306268,-0.15582333415782523,0.06248162485015942,0.022507259568230853,0.16435064786871448,-0.65638458284326,-0.6022153527391481,-0.2971991056870023,0.652295740787692,0.061297417
2021-09-27,-0.11534196721631887,-0.18944573480940763,-0.37243028735170974,-0.08993461677306268,-0.15582333415782523,-0.37787623102949125,-0.022159740964523552,0.14445674870161998,-0.926599855057551,-0.6479238791258006,-0.3763295574766696,0.6468417541426562,-1.0549963
2021-09-28,-0.11534196721631887,-0.18944573480940763,-0.37243028735170974,-0.08993461677306268,-0.15582333415782523,-0.7532032446227583,-0.06310449145288176,0.2837140428712815,-1.43177680504757,-0.8013117427551979,-0.47257486407533733,0.6398606489366787,-2.3801267
2021-09-29,-0.11534196721631887,-0.18944573480940763,-0.37243028735170974,-0.08993461677306268,-0.15582333415782523,-0.5408840045751614,0.04856300987900426,0.3644598689024297,-1.2239562721614223,-0.8823097422068137,-0.5669659057575488,0.633048438422749,0.6482959
2021-09-30,-0.11534196721631887,-0.18944573480940763,-0.37243028735170974,-0.08993461677306268,-0.15582333415782523,-1.0149416181297095,-0.02588199100891975,0.06839184012155279,-1.4072805921699678,-0.9852943405037639,-0.6645952868227323,0.6244980179398337,-0.9311795
2021-10-01,-0.11534196721631887,-0.18944573480940763,-0.37243028735170974,-0.08993461677306268,-0.15582333415782523,-1.4022196639974611,0.03367400970141945,0.15732927169209288,-1.1418600074721585,-1.0165664452519978,-0.7494146599541002,0.6162994691862674,0.81272125
2021-10-04,-0.11534196721631887,-0.18944573480940763,-0.37243028735170974,-0.08993461677306268,-0.15582333415782523,-1.1921614300558476,0.03367400970141946,0.17605294149641712,-1.6031645779203003,-1.1562136459795496,-0.847260215514794,0.6056307807488973,-2.4605632
2021-10-05,-0.11534196721631887,-0.18944573480940763,-0.37243028735170974,-0.08993461677306268,-0.15582333415782523,-0.9782271856468342,-0.1468551174517963,0.3785026212556729,-1.1781313329882708,-1.1852418765285304,-0.9317706430711484,0.5946664996434261,1.4158368
2021-10-06,-0.11534196721631887,-0.18944573480940763,2.685066263302147,-0.08993461677306268,-0.15582333415782523,-1.2473945792163028,0.1267302608113245,0.05083839967999883,-0.9964293976141365,-1.1654942854826864,-0.9951380738835683,0.5854404500725542,0.6307125
2021-10-07,-0.11534196721631887,-0.18944573480940763,-0.37243028735170974,-0.08993461677306268,-0.15582333415782523,-1.135313276533976,-0.0016873657203444452,0.5201003741508748,-0.7399480457440767,-1.0936000782187312,-1.0303923150050416,0.5778541131278105,0.9084463
2021-10-08,-0.11534196721631887,-0.18944573480940763,-0.37243028735170974,-0.08993461677306268,-0.15582333415782523,-0.7838883274896777,0.022507259568230853,0.2802033547829707,-0.8034206462825109,-1.04112405988818,-1.0473261745668956,0.5735824180812626,-0.2721727
2021-10-11,-0.11534196721631887,-0.18944573480940763,-0.37243028735170974,-0.08993461677306268,-0.15582333415782523,-1.246748577471736,-0.04077099118650455,0.11520101463236337,-0.8188319700042415,-0.9938436276758396,-1.0507195115341303,0.5688392196618213,-0.06297827
2021-10-12,-0.11534196721631887,-0.18944573480940763,-0.37243028735170974,-0.08993461677306268,-0.15582333415782523,0.17391692578791934,0.08020213525637196,0.24041555644878168,-1.0414472580022482,-0.9939924201452609,-1.0534661351651717,0.5641875313266435,-0.9103
2021-10-13,-0.11534196721631887,-0.18944573480940763,-0.37243028735170974,-0.08993461677306268,-0.15582333415782523,0.7114980442248622,-0.7945266251767352,0.8945737702373597,-1.1413673319817785,-1.0065275150082165,-1.0583554193599276,0.5584731902250596,-0.42399168
2021-10-14,-0.11534196721631887,-0.18944573480940763,-0.37243028735170974,-0.08993461677306268,-0.15582333415782523,-0.6635166690854113,0.5436222657836991,0.2392453270860114,-0.499257175423864,-0.9065317908588956,-1.0407921772849795,0.5549333601964911,2.0225644
2021-10-15,-0.11534196721631887,-0.18944573480940763,-0.37243028735170974,-0.08993461677306268,-0.15582333415782523,-0.9147036807644395,0.1881473865438618,0.25796899689033564,-0.2865370033912803,-0.7821468457139782,-1.000029185651277,0.5540747756368465,0.75125694
2021-10-18,-0.11534196721631887,-0.18944573480940763,-0.37243028735170974,-0.08993461677306268,-0.15582333415782523,1.465166746219374,0.002034884324051757,0.12924376698560655,0.02718541058137483,-0.6177767237028382,-0.932119342647739,0.5566152623500781,1.180613
2021-10-19,-0.11534196721631887,-0.18944573480940763,-0.37243028735170974,-0.08993461677306268,-0.15582333415782523,0.805706631974176,0.029951759657023253,0.14328651933884973,0.38434126615842923,-0.4062588277476394,-0.8323667570088228,0.5603661765981528,1.5080094
2021-10-20,-0.11534196721631887,-0.18944573480940763,2.685066263302147,-0.08993461677306268,-0.15582333415782523,-0.6411219419404316,-0.02402086598672165,0.13158422571114708,0.46018982379182083,-0.22072701939515174,-0.7127206422931758,0.5627659476869172,0.3361106
2021-10-21,-0.11534196721631887,-0.18944573480940763,-0.37243028735170974,-0.08993461677306268,-0.15582333415782523,-0.8930626223214542,0.042979634812409954,0.13392468443668762,0.49481335879455,-0.0675783873581799,-0.5841141817441492,0.564630848443418,0.14739037
2021-10-22,-0.11534196721631887,-0.18944573480940763,-0.37243028735170974,-0.08993461677306268,-0.15582333415782523,-0.8160807477605861,-0.18221649287356018,0.3188209237543894,0.29267698886899074,0.022711857232702613,-0.46183865264795027,0.5658764998127385,-0.5284965
2021-10-25,-0.11534196721631887,-0.18944573480940763,2.685066263302147,-0.08993461677306268,-0.15582333415782523,-0.3173674009550747,0.2718980125427763,0.27669266669465986,0.27952132881546166,0.08890915246144958,-0.3498019711825462,0.568177737615957,-0.03362894
2021-10-26,-0.11534196721631887,-0.18944573480940763,-0.37243028735170974,-0.08993461677306268,-0.15582333415782523,-0.6096831903715176,-0.2436336186060975,0.3235018412054705,0.4091953506154782,0.16131352873743146,-0.2446233606881907,0.5733924609739051,0.4574895
2021-10-27,-0.11534196721631887,-0.18944573480940763,-0.37243028735170974,-0.08993461677306268,-0.15582333415782523,-0.5057845764537028,0.17325838636627697,0.3047781714011462,0.272525827995011,0.19705590548327748,-0.15280458683044118,0.5776289753172016,-0.3147602
2021-10-28,-0.11534196721631887,-0.18944573480940763,-0.37243028735170974,-0.08993461677306268,-0.15582333415782523,0.37127045875305376,0.022507259568230856,0.28839496032236256,0.9094015965331697,0.35195112489592234,-0.04608490906420333,0.5854193517145561,2.4991632
2021-10-29,-0.11534196721631887,-0.18944573480940763,-0.37243028735170974,-0.08993461677306268,-0.15582333415782523,1.0157648659157894,-1.0941677537506294,2.351509326886339,0.19977128000872177,0.36875495711649087,0.04289955487340467,0.5904510764695896,-1.8155634
2021-11-01,-0.11534196721631887,-0.18944573480940763,-0.37243028735170974,-0.08993461677306268,-0.15582333415782523,-0.37561522492350774,1.0963763973765346,0.5552072550339828,0.00929709981716296,0.3454781913497304,0.10908830377873381,0.5973617987034516,-0.5607426
2021-11-02,-0.11534196721631887,-0.18944573480940763,2.685066263302147,11.119188982851384,-0.15582333415782523,0.07001831187010443,-0.14871624247399437,0.17137202404533608,0.1999116226726797,0.358304585263634,0.16479384637605987,0.6036321013067599,0.711596
2021-11-03,-0.11534196721631887,-0.18944573480940763,-0.37243028735170974,-0.08993461677306268,-0.15582333415782523,-1.026892650404194,-0.08729911674145709,0.1280735376228363,0.4477741726766544,0.413782375260034,0.22127246189574276,0.610310619397505,0.9798646
2021-11-04,-0.11534196721631887,-0.18944573480940763,-0.37243028735170974,-0.08993461677306268,-0.15582333415782523,-0.9565861272038488,0.1583693861886922,-0.0029921510074333445,0.31365148330949816,0.4312618814173774,0.27020918098492985,0.6157082982271411,-0.34985542
2021-11-05,-0.11534196721631887,-0.18944573480940763,-0.37243028735170974,-0.08993461677306268,-0.15582333415782523,-1.3438641730716,-0.11893824211882476,0.2696712905180383,0.4095863109456294,0.45666837629472434,0.3148147503438428,0.621761010984371,0.3576994
2021-11-08,-0.11534196721631887,-0.18944573480940763,2.685066263302147,-0.08993461677306268,-0.15582333415782523,-1.3753029246405142,0.13975813596671116,0.15264835424101184,0.18412511386424005,0.4390867078033007,0.3467234391958859,0.6272850714944029,-0.555259
2021-11-09,-0.11534196721631887,-0.18944573480940763,-0.37243028735170974,-0.08993461677306268,-0.15582333415782523,-0.11915253233051808,-0.05938224140848556,0.2603094556158762,0.2578897600890055,0.4309082778149523,0.3704940243733135,0.6339847166972967,0.24594069
2021-11-10,-0.11534196721631887,-0.18944573480940763,-0.37243028735170974,-0.08993461677306268,-0.15582333415782523,0.3054859477646757,0.048563009879004256,0.16201018914317394,-0.4543459118806762,0.31465296542266186,0.3645439809525685,0.6390698450985196,-1.9163191
2021-11-11,-0.11534196721631887,-0.18944573480940763,-0.37243028735170974,-0.08993461677306268,-0.15582333415782523,-1.1741810481654071,-0.03890986616430646,0.14913766615270105,-0.4654404476053815,0.2156987698806591,0.3385329511746512,0.6421141045301479,-0.033801794
2021-11-12,-0.11534196721631887,-0.18944573480940763,-0.37243028735170974,-0.08993461677306268,-0.15582333415782523,-0.9692908281803277,0.13603588592231497,0.35041711654918656,0.0008792215876361199,0.20833596455757042,0.31614292163835905,0.6458924071066628,1.4336944
2021-11-15,-0.11534196721631887,-0.18944573480940763,-0.37243028735170974,-0.08993461677306268,-0.15582333415782523,-1.1300375956200144,0.002034884324051757,0.20647890492844403,0.0029579458126939052,0.19803469383516814,0.29601863958165553,0.6484743501165121,0.0066637993
2021-11-16,-0.11534196721631887,-0.18944573480940763,-0.37243028735170974,-0.08993461677306268,-0.15582333415782523,-0.9573397959058433,-0.07054899154167417,0.20530867556567373,0.21314575811501588,0.22063740408452967,0.2847732787972993,0.6502058459913345,0.66666603
2021-11-17,-0.11534196721631887,-0.18944573480940763,-0.37243028735170974,-0.08993461677306268,-0.15582333415782523,0.36976312134906464,0.054146384945598564,0.13509491379945787,0.6666096211510062,0.32156746574320355,0.2974523140717534,0.6533403143819119,1.6490102
2021-11-18,-0.11534196721631887,-0.18944573480940763,-0.37243028735170974,-0.08993461677306268,-0.15582333415782523,0.3623341012865474,-0.14499399242959818,0.08360482183756623,1.2468980466091357,0.5496986834980252,0.356588062019502,0.6594068075658135,2.8535962
2021-11-19,-0.11534196721631887,-0.18944573480940763,-0.37243028735170974,-0.08993461677306268,-0.15582333415782523,-0.631324248814503,0.028090634634825157,0.01456128943412062,1.511100491843936,0.8146407983782992,0.4607945365993109,0.6679180001987823,1.6975999
2021-11-22,-0.11534196721631887,-0.18944573480940763,-0.37243028735170974,-0.08993461677306268,-0.15582333415782523,-0.6417679436849982,0.03181288467922135,0.15498881296655237,1.553881868827091,1.0270783031767543,0.5897819189028264,0.676795671669602,0.29274225
2021-11-23,-0.11534196721631887,-0.18944573480940763,-0.37243028735170974,-0.08993461677306268,-0.15582333415782523,0.3054859477646757,0.14161926098890928,0.39137514424614583,1.590504537133884,1.193123548360357,0.7286310169881136,0.6854696487376172,0.24220943
2021-11-24,-0.11534196721631887,-0.18944573480940763,-0.37243028735170974,-0.08993461677306268,-0.15582333415782523,-0.07727008589110883,-3.736965285271932,0.7763806045975628,1.6415535144037405,1.3258905267373704,0.8682227843274544,0.6948479227817308,0.32835007
2021-11-25,-0.11534196721631887,-0.18944573480940763,-0.37243028735170974,-0.08993461677306268,-0.15582333415782523,-1.0149416181297095,3.3148374238366705,0.23456440963493036,1.6415535144037416,1.412287977012536,0.9984505583988543,0.701608282373603,0.0
2021-11-26,-0.11534196721631887,-0.18944573480940763,-0.37243028735170974,-0.08993461677306268,-0.15582333415782523,-0.3816445745394639,0.07834101023417385,0.26147968497864643,0.24931390430195732,1.279556738951835,1.0741279642278354,0.7067025402176395,-3.1678438
2021-11-29,-0.11534196721631887,-0.18944573480940763,2.685066263302147,-0.08993461677306268,-0.15582333415782523,-0.9655224846703552,0.14348038601110738,0.11754147335790391,0.7144394465569849,1.280033890283849,1.1347723599437634,0.7148052729528904,2.1873713
2021-11-30,-0.11534196721631887,-0.18944573480940763,-0.37243028735170974,-0.08993461677306268,-0.15582333415782523,-0.9004916423839716,0.01692388450163656,0.04615748222891777,1.224586794102526,1.4426425092432686,1.2182090330804631,0.7257281912127328,3.1577587
2021-12-01,-0.11534196721631887,-0.18944573480940763,-0.37243028735170974,-0.08993461677306268,-0.15582333415782523,-0.6567336507674607,0.18256401147726747,0.01924220688520167,1.1119166576095283,1.5323058573865467,1.3042141025504397,0.7352430618492406,-0.32063127
2021-12-02,-0.11534196721631887,-0.18944573480940763,-0.37243028735170974,-0.08993461677306268,-0.15582333415782523,0.5200661939182561,-0.2678282438946728,0.41009881405047005,0.8948861927788678,1.5467844515773699,1.3761275213188477,0.7444191295178434,-0.6129801
2021-12-03,-0.11534196721631887,-0.18944573480940763,-0.37243028735170974,-0.08993461677306268,-0.15582333415782523,-1.0306609939141667,-0.06682674149727794,1.5967113878995185,0.5021227540778811,1.4699412073386278,1.4171557180295424,0.751861465676415,-1.1724472
2021-12-06,-0.11534196721631887,-0.18944573480940763,2.685066263302147,-0.08993461677306268,-0.15582333415782523,-0.6777287074658792,0.1881473865438618,0.30828885948945706,0.8846449811575319,1.513809857064424,1.4593993257404922,0.7623484135049596,2.1502733
2021-12-07,-0.11534196721631887,-0.18944573480940763,-0.37243028735170974,-0.08993461677306268,-0.15582333415782523,0.0662499683601318,0.30167601289794593,0.008710142620269291,1.3704038041532351,1.7361006703473143,1.5409324704533365,0.7767045054602815,3.5446286
2021-12-08,-0.11534196721631887,-0.18944573480940763,-0.37243028735170974,-0.08993461677306268,-0.15582333415782523,0.835638046139101,-0.18407761789575827,-0.033418114439460245,1.617139655443249,2.0261858573167917,1.6684564849409091,0.7958459709854278,2.278304
2021-12-09,-0.11534196721631887,-0.18944573480940763,-0.37243028735170974,-0.08993461677306268,-0.15582333415782523,0.24713045683881488,-0.024020865986721644,-0.013524215272365744,1.518235693580792,2.20942640336873,1.8098276806908082,0.8146561743186626,-0.29700994
2021-12-10,-0.11534196721631887,-0.18944573480940763,-0.37243028735170974,-0.08993461677306268,-0.15582333415782523,-0.9274083817409183,-0.3013284942942385,0.20062775811459269,1.7967593263293904,2.4986099842390863,1.9850285107995465,0.8354186119522872,2.801323
2021-12-13,-0.11534196721631887,-0.18944573480940763,-0.37243028735170974,-0.08993461677306268,-0.15582333415782523,0.2823375519177013,0.3109816380089364,-0.30374109723939124,1.1554938229074112,2.562703698797618,2.138953676763419,0.8535593180201801,-2.0674229
2021-12-14,-0.11534196721631887,-0.18944573480940763,-0.37243028735170974,-0.08993461677306268,-0.15582333415782523,0.9911091326648261,0.06531313507878715,-0.5108716944497281,0.9312688429618121,2.5312308958908947,2.255334840146267,0.8700015236010554,-0.8023262
2021-12-15,-0.11534196721631887,-0.18944573480940763,-0.37243028735170974,-0.08993461677306268,-0.15582333415782523,-0.5281793035986826,-0.3013284942942385,0.18658500576134954,1.2727430015234142,2.651356093688299,2.3742373630490974,0.8881915286601401,2.850914
2021-12-16,-0.11534196721631887,-0.18944573480940763,-0.37243028735170974,-0.08993461677306268,-0.15582333415782523,-0.4654094674182825,-0.4260238707815114,-0.27331513380736444,0.32855334607865516,2.46323806984856,2.4289599301919056,0.8983331535171327,-3.9263844
2021-12-17,-0.11534196721631887,-0.18944573480940763,-0.37243028735170974,-0.08993461677306268,-0.15582333415782523,-1.1427422965964935,0.39101001396345486,0.3199911531171597,0.19885489989608918,2.24557473887786,2.4259935043840852,0.9057966599190789,-0.6501794
2021-12-20,-0.11534196721631887,5.278556421478968,-0.37243028735170974,-0.08993461677306268,-0.15582333415782523,-0.8092977294426356,0.1788417614328713,1.0665974865645884,0.036812221226593514,1.997674293812359,2.3703822862619504,0.9119492933496212,-0.8122027
2021-12-21,-0.11534196721631887,-0.18944573480940763,2.685066263302147,-0.08993461677306268,-0.15582333415782523,-0.47133115007681076,-0.018437490920127354,0.2895651896851328,0.3247269044909122,1.893001499739856,2.3034142140805898,0.9201104832730289,1.9086957
2021-12-22,-0.11534196721631887,-0.18944573480940763,-0.37243028735170974,-0.08993461677306268,-0.15582333415782523,-0.6305705801125084,0.3947322640078509,0.17137202404533602,0.5403477314064121,1.8808268248768847,2.247225173358746,0.9297657676154218,1.5318751
2021-12-23,-0.11534196721631887,-0.18944573480940763,-0.37243028735170974,-0.08993461677306268,-0.15582333415782523,-1.1165792259415408,-0.14313286740740006,0.20881936365398454,0.5915610214402092,1.8700244933941805,2.1999540766106174,0.9398721039410987,0.36438704
2021-12-24,-0.11534196721631887,-0.18944573480940763,-0.37243028735170974,-0.08993461677306268,-0.15582333415782523,-1.3932833065309547,-0.30691186936083287,0.006369683894728756,0.5915610214402092,1.8377379092589414,2.1552034655224914,0.9535939008999423,0.0
2021-12-27,-0.11534196721631887,-0.18944573480940763,-0.37243028735170974,-0.08993461677306268,-0.15582333415782523,-0.8511801758820449,0.07275763516757956,0.15381858360378212,0.9177965350997263,1.932525439391773,2.1397591558094153,0.9677526890624297,2.2974849
2021-12-28,-0.11534196721631887,-0.18944573480940763,-0.37243028735170974,-0.08993461677306268,-0.15582333415782523,-0.08480677291105383,-1.7678950117863417,-1.3487559181932376,0.7601799655261579,1.9453931875333317,2.130167132575443,0.9776123507187037,-0.5767226
2021-12-29,-0.11534196721631887,-0.18944573480940763,-0.37243028735170974,-0.08993461677306268,-0.15582333415782523,-0.31284538874310763,1.3904341508838347,0.020412436247971948,0.7678184038152741,1.9339839394855642,2.120043310918448,0.9879089963900832,0.05019903
2021-12-30,-0.11534196721631887,-0.18944573480940763,-0.37243028735170974,-0.08993461677306268,-0.15582333415782523,-1.2998283874836352,0.3556486385416908,-0.014694444635136,0.5750184946906853,1.8586709024090458,2.0957703362698563,0.9980858091388648,-0.65782666
2021-12-31,-0.11534196721631887,-0.18944573480940763,-0.37243028735170974,-0.08993461677306268,-0.15582333415782523,-1.4022196639974611,0.05414638494559856,0.27669266669465986,0.4708745762700803,1.7536442884070584,2.0537968739580914,1.0091717921867225,-0.35352707
2022-01-03,-0.11534196721631887,-0.18944573480940763,-0.37243028735170974,-0.08993461677306268,-0.15582333415782523,0.31819064874115466,-0.09660474185244756,0.13392468443668762,0.8909510788152144,1.8062201673210074,2.031509083091164,1.0209343028897424,2.5004148
2022-01-04,8.669871202426636,-0.18944573480940763,-0.37243028735170974,-0.08993461677306268,-0.15582333415782523,0.8430670662016182,1.6472694039471725,-2.914522805579851,0.5163142799124074,1.7424464529083736,1.9999830704326962,1.0269389099530295,-1.2691617
2022-01-05,-0.11534196721631887,-0.18944573480940763,-0.37243028735170974,-0.08993461677306268,-0.15582333415782523,-0.8877869414074926,-1.4254480077018912,0.666379044497158,-0.146530083690748,1.500702781292501,1.9228463861113905,1.0268261289858642,-2.6599884
2022-01-06,-0.11534196721631887,5.278556421478968,-0.37243028735170974,-0.08993461677306268,-0.15582333415782523,-1.1779493916753798,-0.2213001183397203,0.4428652362080374,-0.48857959884966373,1.1881991177376099,1.7940250403381064,1.0250219426183418,-1.6693354
2022-01-07,-0.11534196721631887,-0.18944573480940763,2.685066263302147,-0.08993461677306268,-0.15582333415782523,-0.6627630003834168,0.16209163623308837,-0.05916316042040607,-0.46783452445984486,0.9333327461119978,1.6362339125764285,1.0198912388884283,0.09883642
2022-01-10,-0.11534196721631887,-0.18944573480940763,-0.37243028735170974,-0.08993461677306268,-0.15582333415782523,-0.40630030779042714,-0.06124336643068367,0.12690330826006602,-0.4652247216582731,0.7212106213299021,1.4644465374394031,1.0173893114911428,0.011622906
2022-01-11,-0.11534196721631887,-0.18944573480940763,-0.37243028735170974,-0.08993461677306268,-0.15582333415782523,0.835638046139101,0.06159088503439097,0.17020179468256583,-0.0976377445736182,0.6467132342072706,1.3110178856279162,1.0179178846644266,1.6783834
2022-01-12,-0.11534196721631887,-0.18944573480940763,-0.37243028735170974,-0.08993461677306268,-0.15582333415782523,-0.9423740888233808,-0.06124336643068367,0.09296665673972836,-0.042741642622058144,0.5944114700825187,1.1770428529581802,1.0152609292642165,0.25702715
2022-01-13,-0.11534196721631887,-0.18944573480940763,-0.37243028735170974,-0.08993461677306268,-0.15582333415782523,-0.9378520766114138,0.044840759834608064,0.07307275757263385,-0.5001045524881917,0.42577401759480005,1.0336469428270902,1.0152115871417982,-1.9028068
2022-01-14,-0.11534196721631887,-0.18944573480940763,-0.37243028735170974,-0.08993461677306268,-0.15582333415782523,-0.9378520766114138,-0.2752727439834652,0.4686102821889833,-0.38052244449597383,0.3174754583031906,0.895672462649328,1.0165717878585452,0.51106215
2022-01-17,-0.11534196721631887,-0.18944573480940763,2.685066263302147,-0.08993461677306268,-0.15582333415782523,-1.1502789836164384,0.18442513649946557,0.104668950367431,-0.3805224444959733,0.22649580719621443,0.7657544637492028,1.01891161373186,0.0
2022-01-18,-0.11534196721631887,-0.18944573480940763,-0.37243028735170974,-0.08993461677306268,-0.15582333415782523,-0.724025499159828,0.09509113543395675,0.3012674833128354,-0.8199244258936976,0.03422709132127963,0.620529227941687,1.0166633985823357,-1.8894136
2022-01-19,-0.11534196721631887,5.278556421478968,-0.37243028735170974,-0.08993461677306268,-0.15582333415782523,-1.0149416181297095,-0.197105493051145,0.3644598689024297,-1.221152357432515,-0.24583754485230808,0.44420351275205167,1.0100315772321542,-2.1024764
2022-01-20,-0.11534196721631887,-0.18944573480940763,-0.37243028735170974,-0.08993461677306268,-0.15582333415782523,-1.2729116481266882,0.04111850979021185,0.24392624453709247,-1.393425431432857,-0.5259327296380666,0.2429908535627245,1.001736479229433,-1.0347128
2022-01-21,-0.11534196721631887,-0.18944573480940763,-0.37243028735170974,-0.08993461677306268,-0.15582333415782523,-1.400712326593472,0.07275763516757956,0.303607942038376,-1.5912565391332179,-0.8163260428644568,0.019657055569451423,0.991961376341517,-1.276511
2022-01-24,-0.11534196721631887,-0.18944573480940763,2.685066263302147,-0.08993461677306268,-0.15582333415782523,-0.731562186179773,-0.12266049216322097,-0.024056279537298123,-1.6635348778375556,-1.065050452791108,-0.2124250115973755,0.9787751829457775,-0.48642755
2022-01-25,-0.11534196721631887,-0.18944573480940763,-0.37243028735170974,-0.08993461677306268,-0.15582333415782523,-0.9281620504429129,-0.23618911851730512,0.4592484472868212,-1.8280156691488052,-1.3155064246939836,-0.4518775572137397,0.9650252212964276,-1.1384726
2022-01-26,-0.11534196721631887,-0.18944573480940763,2.685066263302147,-0.08993461677306268,-0.15582333415782523,-0.8250171052270925,0.4970941402287465,0.07073229884709333,-1.8360822276841537,-1.5024451517795896,-0.6835857839776706,0.9511483316378208,-0.05632639
2022-01-27,-0.11534196721631887,-0.18944573480940763,-0.37243028735170974,-0.08993461677306268,-0.15582333415782523,0.4969177980712817,-0.03518761611991025,0.3621194101768892,-1.8803886895338204,-1.6509525701300236,-0.9008452062499682,0.9377719007817544,-0.29432178
2022-01-28,8.669871202426636,-0.18944573480940763,2.685066263302147,-0.08993461677306268,6.4175240852384325,1.1982603587558889,1.7924371556786243,-1.1252421099041172,-0.14736882357467945,-1.357249993619299,-1.0115783896873152,0.9326693833079596,6.9777727
2022-01-31,-0.11534196721631887,-0.18944573480940763,-0.37243028735170974,-0.08993461677306268,-0.15582333415782523,-1.2623602862987653,-1.7660338867641434,-0.08022728895027083,0.2925037018383247,-0.9564719490450452,-1.0140954960130855,0.9275739393552113,2.6125789
2022-02-01,-0.11534196721631887,-0.18944573480940763,-0.37243028735170974,-0.08993461677306268,-0.15582333415782523,-1.4022196639974611,-0.02588199100891974,-0.1129937111078382,0.2699744801388526,-0.6401103001964553,-0.948168657742461,0.9239866793552388,-0.09726286
2022-02-02,-0.11534196721631887,-0.18944573480940763,-0.37243028735170974,-0.08993461677306268,-0.15582333415782523,-1.3692735750245582,-0.11335486705223048,0.3445659697353352,0.38904908589945947,-0.34387217463930136,-0.8318083086864594,0.9246350782625831,0.7044196
2022-02-03,-0.11534196721631887,-0.18944573480940763,-0.37243028735170974,-0.08993461677306268,-0.15582333415782523,-1.028399987808183,-0.12266049216322097,0.4592484472868212,-0.015412227481405659,-0.2145689515275915,-0.7109514023700809,0.925269366070524,-1.6719759
2022-02-04,-0.11534196721631887,-0.18944573480940763,-0.37243028735170974,-0.08993461677306268,-0.15582333415782523,-1.1531859914669886,0.1974530116548523,0.9296806511204675,-0.05422389102969629,-0.12362093961992651,-0.5947342572630571,0.9255791920431682,-0.16772151
2022-02-07,-0.11534196721631887,-0.18944573480940763,-0.37243028735170974,-0.08993461677306268,-0.15582333415782523,-0.9087819981059112,-0.06496561647507985,0.17137202404533608,-0.15585972592794428,-0.07937357336130313,-0.49225815923392147,0.9253598122512158,-0.42345524
2022-02-08,-0.11534196721631887,-0.18944573480940763,-0.37243028735170974,-0.08993461677306268,-0.15582333415782523,-0.257504572625225,-0.14871624247399437,0.2989270245872949,0.21422924518269537,0.06617698298488656,-0.3790194434421963,0.9253405829130062,1.8466711
2022-02-09,-0.11534196721631887,-0.18944573480940763,2.685066263302147,-0.08993461677306268,-0.15582333415782523,-0.5977321580970333,0.1881473865438618,0.09998803291634994,0.36959171872542357,0.22840211624467102,-0.25358967005258115,0.9260274620623823,0.8293748
2022-02-10,-0.11534196721631887,-0.18944573480940763,-0.37243028735170974,-0.08993461677306268,-0.15582333415782523,-0.93268406265488,-0.009131865809136849,0.018071977522431414,-0.2216557427586295,0.20276136679099774,-0.1587523529754203,0.9261326734994036,-2.359885
2022-02-11,-0.11534196721631887,-0.18944573480940763,-0.37243028735170974,-0.08993461677306268,-0.15582333415782523,-0.9050136545959386,-0.018437490920127354,0.2837140428712815,-0.6356813852780019,0.05435661092152352,-0.1147532928037163,0.9231619671849935,-2.0218432
2022-02-14,-0.11534196721631887,-0.18944573480940763,-0.37243028735170974,-0.08993461677306268,-0.15582333415782523,-0.7943320223601731,0.06159088503439096,0.25913922625310587,-0.6043039727432081,-0.05653096003624322,-0.10336780221003818,0.9203606012519662,0.14232397
2022-02-15,-0.11534196721631887,-0.18944573480940763,-0.37243028735170974,-0.08993461677306268,-0.15582333415782523,-0.7630009377486869,-0.3720512451377664,0.4405247774824969,-0.12360292560506886,-0.006523439133853321,-0.08352000072970014,0.9226230209518831,2.315247
2022-02-16,-0.11534196721631887,-0.18944573480940763,2.685066263302147,-0.08993461677306268,-0.15582333415782523,-1.1427422965964935,0.3370373883197098,-0.060333389783176324,-0.15526684443839991,0.021701292049564568,-0.06158033264850909,0.9272320668817308,-0.13889074
2022-02-17,-0.11534196721631887,-0.18944573480940763,-0.37243028735170974,-0.08993461677306268,-0.15582333415782523,-0.8160807477605861,-0.11521599207442858,0.21115982237952505,-0.6132102784963426,-0.08918154682183527,-0.0678413394838838,0.9304635302107973,-2.1269202
2022-02-18,-0.11534196721631887,-0.18944573480940763,-0.37243028735170974,-0.08993461677306268,-0.15582333415782523,-1.2204778398593557,-0.08543799171925896,0.22871326282107904,-0.7916526776527932,-0.23361890693181006,-0.10386891688667653,0.9340600778014112,-0.93557835
2022-02-21,-0.11534196721631887,-0.18944573480940763,-0.37243028735170974,-0.08993461677306268,-0.15582333415782523,-0.45195109773980896,0.18256401147726747,0.13509491379945787,-0.7916526776527932,-0.3466321556573555,-0.1569612381457243,0.9382133920099657,0.0
2022-02-22,-0.11534196721631887,-0.18944573480940763,-0.37243028735170974,-0.08993461677306268,-0.15582333415782523,-0.6365999297284646,-0.07799349163046658,0.2802033547829707,-1.1253753941018283,-0.5394872088234289,-0.2408518512195242,0.9415605836066332,-1.7812312
2022-02-23,-0.11534196721631887,-0.18944573480940763,-0.37243028735170974,-0.08993461677306268,-0.15582333415782523,-0.8593628646465568,0.05786863498999477,0.303607942038376,-1.525718381176115,-0.8377672834287507,-0.3720217406765887,0.9419721561411527,-2.5864184
2022-02-24,-0.11534196721631887,-0.18944573480940763,-0.37243028735170974,-0.08993461677306268,-0.15582333415782523,-1.189900423949864,-0.02402086598672165,0.43116294258033483,-1.120276883360258,-0.9696783409987266,-0.505286327089838,0.9445990490769173,1.6680241
2022-02-25,-0.11534196721631887,-0.18944573480940763,2.685066263302147,-0.08993461677306268,-0.15582333415782523,-1.2960600439736625,0.02809063463482515,-0.060333389783176324,-0.8243655045823256,-0.9896126726269937,-0.6161790110906412,0.9408849617072151,1.2965441
2022-02-28,-0.11534196721631887,-0.18944573480940763,-0.37243028735170974,-0.08993461677306268,-0.15582333415782523,-0.060904708362085024,-0.02774311603111785,0.09881780355357966,-0.7865976538362283,-0.9868839953217222,-0.7043071588036817,0.9342251913226567,0.16378164
2022-03-01,-0.11534196721631887,-0.18944573480940763,2.685066263302147,-0.08993461677306268,6.4175240852384325,0.3526440751180464,0.01134050943504225,-0.03575857316500076,-1.0018172745882434,-1.044146782921272,-0.7871071971415508,0.9263303582847333,-1.1627913
2022-03-02,-0.11534196721631887,-0.18944573480940763,-0.37243028735170974,-0.08993461677306268,-0.15582333415782523,1.6012577804080976,-0.13568836731860764,0.13626514316222815,-0.5275261716574017,-0.9603890235856815,-0.8353597567545195,0.9199396764299664,2.0588279
2022-03-03,-0.11534196721631887,-0.18944573480940763,2.685066263302147,-0.08993461677306268,6.4175240852384325,0.2464844550942482,0.09695226045615485,0.048497940954458287,-0.5682920326111519,-0.8980453697249134,-0.8605731383878734,0.9153881531783804,-0.19812584
2022-03-04,-0.11534196721631887,-0.18944573480940763,-0.37243028735170974,-0.08993461677306268,-0.15582333415782523,-0.03915598296167196,0.01692388450163656,0.2193514279189169,-0.9300699904368699,-0.9500678303252227,-0.8919159728417765,0.908881929957991,-1.8408239
2022-03-07,-0.11534196721631887,-0.18944573480940763,-0.37243028735170974,-0.08993461677306268,-0.15582333415782523,0.29805692770215825,-0.03518761611991026,0.1245628495345255,-1.319327784304789,-1.1198439530385824,-0.9534506605230627,0.9001599190814089,-2.3717582
2022-03-08,-0.11534196721631887,-0.18944573480940763,-0.37243028735170974,-0.08993461677306268,-0.15582333415782523,2.0565813433702105,0.015062759479438461,0.1900956938496603,-1.485961315443058,-1.3086145530371773,-1.0432180064128178,0.8878884383472718,-1.1676073
2022-03-09,-0.11534196721631887,-0.18944573480940763,-0.37243028735170974,-0.08993461677306268,-0.15582333415782523,1.4636594088153851,0.08578551032296626,0.166691106594255,-0.7123430170318886,-1.2485815864464291,-1.102139450738627,0.8784819133502008,3.4997463
2022-03-10,-0.11534196721631887,-0.18944573480940763,2.685066263302147,-0.08993461677306268,-0.15582333415782523,0.2598351578152938,0.007618259390646053,0.12924376698560655,-1.1262111208225167,-1.3470350363273949,-1.1704200631670316,0.8688848992939849,-2.7186215
2022-03-11,-0.11534196721631887,-0.18944573480940763,-0.37243028735170974,-0.08993461677306268,-0.15582333415782523,-0.41900500876690605,-0.003548490742542548,0.3866942267950647,-1.4280157917383731,-1.5458263895901934,-1.2677361645094163,0.8590691236600546,-2.3908734
2022-03-14,-0.11534196721631887,-0.18944573480940763,-0.37243028735170974,-0.08993461677306268,-0.15582333415782523,1.1078201145165478,-0.1933832430067488,0.03445518860121512,-1.712067077180489,-1.8323210916816008,-1.4071154665719625,0.8461837130565972,-2.6562393
2022-03-15,-0.11534196721631887,-0.18944573480940763,-0.37243028735170974,-0.08993461677306268,-0.15582333415782523,0.5552732889971426,0.05600750996779668,0.2439262445370925,-1.1544044596343954,-1.8797904813955015,-1.5288132386382018,0.8336934276135202,2.967739
2022-03-16,-0.11534196721631887,-0.18944573480940763,2.685066263302147,-0.08993461677306268,-0.15582333415782523,-0.038402314259677536,0.09695226045615486,-0.0029921510074333445,-0.6727484885482444,-1.7383819463969583,-1.5958031423496282,0.8245480046809122,2.9015422
2022-03-17,-0.11534196721631887,-0.18944573480940763,-0.37243028735170974,-0.08993461677306268,-0.15582333415782523,-0.4339707158493685,-0.10963261700783426,0.001688766443647726,-0.569275318726973,-1.5737410522682858,-1.6140374657186392,0.8187192508141171,0.6453991
2022-03-18,-0.11534196721631887,-0.18944573480940763,-0.37243028735170974,-0.08993461677306268,-0.15582333415782523,-0.7592325942387145,0.10439676054494727,0.08828573928864729,-0.24405462971007946,-1.3100936771957952,-1.5720051011750782,0.816376420132065,2.0918965
2022-03-21,-0.11534196721631887,-0.18944573480940763,-0.37243028735170974,-0.08993461677306268,-0.15582333415782523,0.45352801422788336,-0.5581637473575763,0.4370140893941862,-0.11483177654171375,-1.0414335054456194,-1.4806828587549807,0.8150215245561027,0.853765
2022-03-22,-0.11534196721631887,-0.18944573480940763,-0.37243028735170974,-0.08993461677306268,-0.15582333415782523,-0.45561177429235383,0.080202135256372,0.015731518796890897,0.1866826721984303,-0.6995147153744178,-1.334195995212112,0.8181970035539637,2.080059
2022-03-23,-0.11534196721631887,-0.18944573480940763,-0.37243028735170974,-0.08993461677306268,-0.15582333415782523,-0.3181210696570693,0.33145401325311546,0.14562697806439026,0.30231304564642736,-0.3768432182883575,-1.1477109040549291,0.8253524595520645,0.82336664
2022-03-24,-0.11534196721631887,-0.18944573480940763,2.685066263302147,-0.08993461677306268,-0.15582333415782523,0.2000799964428717,0.2179253868990314,0.08945596865141754,0.6032644058631557,0.014720852573380622,-0.9144321457098836,0.8333476230099457,2.2677898
2022-03-25,-0.11534196721631887,-0.18944573480940763,-0.37243028735170974,-0.08993461677306268,-0.15582333415782523,0.1373101602624716,-0.07241011656387226,-0.05799293105763581,0.6516832524186253,0.3418874040308702,-0.657548199367493,0.840312503686451,0.37341118
2022-03-28,-0.11534196721631887,-0.18944573480940763,-0.37243028735170974,-0.08993461677306268,-0.15582333415782523,0.857279104582086,-0.2436336186060975,0.10349872100466073,0.7193497159220471,0.623035012765591,-0.39166294102788085,0.8477078555629527,0.50367117
2022-03-29,-0.11534196721631887,-0.18944573480940763,-0.37243028735170974,-0.08993461677306268,-0.15582333415782523,0.31743698003916,-0.4464962460256904,0.032114729875674625,0.965770396893428,0.9529295382646537,-0.10810794623224708,0.8588291271421261,1.9134402
2022-03-30,-0.11534196721631887,-0.18944573480940763,2.685066263302147,-0.08993461677306268,-0.15582333415782523,0.32723467316508875,0.6348173918714058,-0.47225412547830947,0.7926119974046288,1.1557942489434812,0.1623024384479236,0.8667396455691978,-0.6649554
2022-03-31,-0.11534196721631887,-0.18944573480940763,-0.37243028735170974,-0.08993461677306268,-0.15582333415782523,0.3585657577765748,0.007618259390646057,0.22403234536999797,0.35644860638608405,1.186910781801404,0.3853132044935493,0.8726531019751038,-1.7775774
2022-04-01,-0.11534196721631887,-0.18944573480940763,-0.37243028735170974,-0.08993461677306268,-0.15582333415782523,-0.4227733522768787,0.050424134901202365,0.16435064786871448,0.3161602706857247,1.1846056295803742,0.5632267723433235,0.8805141992058427,-0.17181039
2022-04-04,-0.11534196721631887,-0.18944573480940763,2.685066263302147,-0.08993461677306268,-0.15582333415782523,-1.3169474337146534,0.07275763516757956,0.13626514316222813,0.6773481791226659,1.3133455813271242,0.7332052878587785,0.894020577256978,2.3693442
2022-04-05,-0.11534196721631887,-0.18944573480940763,-0.37243028735170974,-0.08993461677306268,-0.15582333415782523,-0.7651542768972427,-0.13382724229640958,-0.1656540324325001,0.22604814396058015,1.2767869618542977,0.8613369218862418,0.9064543464170642,-1.8941939
2022-04-06,-0.11534196721631887,-0.18944573480940763,-0.37243028735170974,-0.08993461677306268,-0.15582333415782523,-0.5177356087281871,0.024368384590428952,0.18541477639857923,-0.15794246768961573,1.1164605953857119,0.9294111996793414,0.9127206450049022,-1.8450797
2022-04-07,-0.11534196721631887,-0.18944573480940763,-0.37243028735170974,-0.08993461677306268,-0.15582333415782523,-1.009665937215748,0.05786863498999477,0.24743693262540328,-0.12593160501638886,0.9866142809112743,0.9559853627803783,0.9223317773490592,0.18041134
2022-04-08,-0.11534196721631887,-0.18944573480940763,2.685066263302147,-0.08993461677306268,-0.15582333415782523,-1.2070194701808823,-0.020298615942325453,0.10700940909297153,-0.3679666427994324,0.7983791128439154,0.9368200846704202,0.9331707550547816,-1.1908948
2022-04-11,-0.11534196721631887,-0.18944573480940763,-0.37243028735170974,-0.08993461677306268,-0.15582333415782523,-0.5685544126341029,-0.02029861594232545,0.1503078955154713,-0.8239355082526746,0.4852798775875757,0.8542479613431845,0.9438474587116302,-2.5515854
2022-04-12,-0.11534196721631887,-0.18944573480940763,-0.37243028735170974,-0.08993461677306268,-0.15582333415782523,0.13655649156047717,-0.12079936714102285,0.41360950213878084,-0.5953595062050586,0.29971207017184803,0.7483384854664864,0.9527177116115964,1.1523366
2022-04-13,-0.11534196721631887,-0.18944573480940763,2.685066263302147,-0.08993461677306268,-0.15582333415782523,-0.3651715300530124,0.15464713614429595,0.05083839967999883,-0.28713216351108367,0.2456269390895934,0.6519958050097028,0.9603459361652171,1.6342521
2022-04-14,-0.11534196721631887,-0.18944573480940763,-0.37243028735170974,-0.08993461677306268,-0.15582333415782523,-0.3502058229705499,-0.09846586687464566,0.008710142620269312,-0.8047404126810188,0.016605267877962796,0.525737910803092,0.9636413631022787,-2.998829
2022-04-15,-0.11534196721631887,-0.18944573480940763,-0.37243028735170974,-0.08993461677306268,-0.15582333415782523,-0.8571018585405732,0.024368384590428952,0.29658656586175436,-0.8047404126810183,-0.16552929780538478,0.38561712706190604,0.9645657874782447,0.0
2022-04-18,-0.11534196721631887,-0.18944573480940763,2.685066263302147,-0.08993461677306268,-0.15582333415782523,-1.0777114543101098,0.09509113543395678,0.16435064786871448,-0.8269679375013563,-0.3166602551241289,0.2410642387959575,0.9643470330890674,-0.13309121
2022-04-19,-0.11534196721631887,-0.18944573480940763,-0.37243028735170974,-0.08993461677306268,-0.15582333415782523,-0.35548150388451155,-0.04263211620870266,0.22169188664445746,-0.5288049702880929,-0.3512878033546082,0.11798545869639776,0.963344979695037,1.4115095
2022-04-20,-0.11534196721631887,-0.18944573480940763,2.685066263302147,-0.08993461677306268,-0.15582333415782523,-0.24103152813877343,-0.046354366253098855,0.04381702350337724,-0.5487411874345619,-0.3829601693375734,0.012720607885055633,0.9612420592684615,-0.101554394
2022-04-21,-0.11534196721631887,-0.18944573480940763,-0.37243028735170974,-0.08993461677306268,-0.15582333415782523,0.31442230523118203,0.03739625974581566,0.17488271213364687,-0.6476607808623348,-0.4346659492509562,-0.08259539287260448,0.955843733470437,-0.48435926
2022-04-22,-0.11534196721631887,-0.18944573480940763,-0.37243028735170974,-0.08993461677306268,-0.15582333415782523,-0.5184892774301817,0.10253563552274916,0.3913751442461458,-1.1540944892883045,-0.6370392138291575,-0.20230904138408362,0.9467194807812036,-2.7821183
2022-04-25,-0.11534196721631887,-0.18944573480940763,2.685066263302147,-0.08993461677306268,6.4175240852384325,0.48421309709480276,-0.08357686669706087,0.18307431767303872,-0.9928306270671206,-0.7521647255383129,-0.32280384041947074,0.9377434269841285,0.6737232
2022-04-26,-0.11534196721631887,-0.18944573480940763,-0.37243028735170974,-0.08993461677306268,-0.15582333415782523,-0.4527047664418035,0.11742463570033397,0.07658344566094465,-1.5457260261455645,-1.0520610518354596,-0.4836041781952519,0.9221059134961477,-3.7328124
2022-04-27,-0.11534196721631887,-0.18944573480940763,-0.37243028735170974,-0.08993461677306268,-0.15582333415782523,0.33240268712162246,-0.14499399242959818,0.31179954757776784,-1.5641672221865262,-1.2857075618856628,-0.6624214095775823,0.9071458118534601,-0.14668107
2022-04-28,-0.11534196721631887,-0.18944573480940763,-0.37243028735170974,-0.08993461677306268,-0.15582333415782523,1.5413949520782477,0.04670188485680616,0.2872247309595922,-0.6200596145143821,-1.2057353891126157,-0.7883007005881221,0.8994046769389968,4.5155525
2022-04-29,8.669871202426636,-0.18944573480940763,2.685066263302147,-0.08993461677306268,6.4175240852384325,1.8008723194792156,2.0902171592303205,-1.2375841287300624,-1.14130003879724,-1.3444146728624917,-0.9187863245927995,0.887648319624204,-3.6604762
2022-05-02,-0.11534196721631887,-0.18944573480940763,-0.37243028735170974,-0.08993461677306268,-0.15582333415782523,0.5566729594437037,-2.2368985173802627,1.600222075987829,-1.1041793879820008,-1.429256498144802,-1.0413951043869254,0.8731963613308034,0.19664764
2022-05-03,-0.11534196721631887,-0.18944573480940763,-0.37243028735170974,-0.08993461677306268,-0.15582333415782523,-0.013746581008714058,-0.04821549127529696,2.277784877031812,-0.9178298564074743,-1.4280141942789426,-1.1392153361660773,0.8622021255889518,0.9622574
2022-05-04,-0.11534196721631887,-0.18944573480940763,-0.37243028735170974,-0.08993461677306268,-0.15582333415782523,-0.40479297038643813,0.22909213703222,0.3188209237543894,-0.2232575051765565,-1.1811978913035224,-1.164466269998813,0.858102215026587,4.1008353
2022-05-05,-0.11534196721631887,-0.18944573480940763,-0.37243028735170974,-0.08993461677306268,-0.15582333415782523,0.6239648078360708,-0.04077099118650456,0.2497773913509438,-0.9950973246317927,-1.305124699747027,-1.2112810274896717,0.8472561566112808,-5.5716157
2022-05-06,-0.11534196721631887,-0.18944573480940763,-0.37243028735170974,-0.08993461677306268,-0.15582333415782523,0.022106515814739037,-0.01843749092012735,0.22637280409553853,-0.9217197331516304,-1.3635596401915941,-1.2612820803619442,0.8383796640606354,0.4720211
2022-05-09,-0.11534196721631887,-0.18944573480940763,-0.37243028735170974,-0.08993461677306268,-0.15582333415782523,-0.4944795459237851,0.00017375930185365205,0.2076491342912143,-1.2845363081339545,-1.5818266365849436,-1.3481570428790537,0.8288767695278502,-3.3189237
2022-05-10,-0.11534196721631887,-0.18944573480940763,-0.37243028735170974,-0.08993461677306268,-0.15582333415782523,0.7033153554603503,-0.03704874114210836,0.3714812450790513,-1.032376256241877,-1.6502501013063566,-1.4323513540628194,0.8197574409869057,1.6112089
2022-05-11,-0.11534196721631887,-0.18944573480940763,2.685066263302147,-0.08993461677306268,6.4175240852384325,1.8988492507385017,0.07089651014538147,0.1374353725249984,-1.5283097195435313,-1.9722284946885402,-1.5688535552389782,0.8030439759378696,-5.184126
2022-05-12,-0.11534196721631887,5.278556421478968,-0.37243028735170974,-0.08993461677306268,-0.15582333415782523,1.3470560939210914,-0.07985461665266466,0.41243927277601056,-1.7319627876673498,-2.344549905432914,-1.7580135272508843,0.7871520457254381,-2.6894212
2022-05-13,-0.11534196721631887,5.278556421478968,-0.37243028735170974,-0.08993461677306268,-0.15582333415782523,-0.2664409300917313,-0.031465366075514055,1.3439418455411412,-1.2790742038971366,-2.4503469220229674,-1.9320620359367042,0.774475620288494,3.191638
2022-05-16,-0.11534196721631887,-0.18944573480940763,2.685066263302147,-0.08993461677306268,-0.15582333415782523,-0.42578802708485664,0.1769806364106732,0.1280735376228363,-1.3700738273857207,-2.5636206725074966,-2.0956270465058706,0.7608449092901928,-1.0672331
2022-05-17,-0.11534196721631887,-0.18944573480940763,-0.37243028735170974,-0.08993461677306268,-0.15582333415782523,0.41013823038448505,-0.09660474185244756,0.2193514279189169,-1.0143551871727032,-2.4941714455227655,-2.2115644253167273,0.7481848090222478,2.5422692
2022-05-18,-0.11534196721631887,-0.18944573480940763,-0.37243028735170974,-0.08993461677306268,-0.15582333415782523,0.2464844550942482,-0.02029861594232545,0.06254069330770148,-1.4981048214453843,-2.7130849326566433,-2.351327286270625,0.729694244015548,-5.641919
2022-05-19,-0.11534196721631887,5.278556421478968,-0.37243028735170974,-0.08993461677306268,-0.15582333415782523,0.12159078447801468,-0.03890986616430645,0.5481858788573614,-1.6679696247663875,-2.979512022901727,-2.520354358442069,0.7093229850351334,-2.4641395
2022-05-20,-0.11534196721631887,5.278556421478968,-0.37243028735170974,-0.08993461677306268,-0.15582333415782523,-0.5139672652182147,-0.025881991008919757,0.5282919796902669,-1.643864325065379,-3.1482813037927815,-2.691820211098891,0.6923885587158617,0.17472506
2022-05-23,-0.11534196721631887,-0.18944573480940763,2.685066263302147,-0.08993461677306268,-0.15582333415782523,-0.45561177429235383,0.018785009523834655,0.16552087723148476,-1.1121859463926818,-3.0509680123426413,-2.808094291980263,0.6785859410282372,4.011917
2022-05-24,-0.11534196721631887,-0.18944573480940763,-0.37243028735170974,-0.08993461677306268,-0.15582333415782523,-0.26493359268774225,-0.014715240875731157,-0.17150517924635145,-1.2745257960764171,-3.0402002851230665,-2.8988011239835827,0.6671303233745011,-1.9216001
2022-05-25,-0.11534196721631887,-0.18944573480940763,-0.37243028735170974,-0.08993461677306268,-0.15582333415782523,0.7167737251388236,0.044840759834608064,0.22520257473276822,-1.2588965514024963,-2.993942463441046,-2.961432450525205,0.6559501129751484,0.11399984
2022-05-26,-0.11534196721631887,-0.18944573480940763,-0.37243028735170974,-0.08993461677306268,-0.15582333415782523,0.6576645655109684,0.1788417614328713,0.343395740372565,-0.9405548119962328,-2.8102389262134757,-2.9720860975227192,0.642084696222628,2.3199558
2022-05-27,-0.11534196721631887,-0.18944573480940763,2.685066263302147,-0.08993461677306268,-0.15582333415782523,-0.6059148468615451,-0.14871624247399437,0.15732927169209288,-0.43350102561691833,-2.42854278882561,-2.898637526408279,0.6365874489580244,4.0756702
2022-05-30,-0.11534196721631887,-0.18944573480940763,-0.37243028735170974,-0.08993461677306268,-0.15582333415782523,-0.6261562348579691,0.005757134368447959,0.13275445507391737,-0.4335010256169178,-2.1043298058147197,-2.770252026032249,0.6308714329271683,0.0
2022-05-31,-0.11534196721631887,-0.18944573480940763,-0.37243028735170974,-0.08993461677306268,-0.15582333415782523,-0.060904708362085024,0.01878500952383465,0.166691106594255,-0.5009025171265624,-1.8572771433354391,-2.6144876145483122,0.6235175085931337,-0.5346179
2022-06-01,-0.11534196721631887,-0.18944573480940763,-0.37243028735170974,-0.08993461677306268,-0.15582333415782523,0.2330260854157746,0.06345201005658907,0.3609491808141189,-0.5124510640254097,-1.649685602646721,-2.44529458199354,0.6114566448235561,-0.087332726
2022-06-02,-0.11534196721631887,-0.18944573480940763,-0.37243028735170974,-0.08993461677306268,-0.15582333415782523,-0.49081886937124025,-0.07427124158607036,0.49435532816992916,-0.27157668095146364,-1.3819080476286931,-2.2524333522947946,0.60768993016973,1.6811252
2022-06-03,-0.11534196721631887,-0.18944573480940763,2.685066263302147,-0.08993461677306268,-0.15582333415782523,-0.6799897135718629,0.05786863498999477,0.2357346389977006,-0.7903141623812692,-1.3660653903823232,-2.0947420647856654,0.5992802037456678,-3.8555682
2022-06-06,-0.11534196721631887,-0.18944573480940763,-0.37243028735170974,-0.08993461677306268,-0.15582333415782523,1.7477925094673161,-0.046354366253098855,0.1245628495345255,-0.7129949580607796,-1.3135887918046987,-1.9573193768315686,0.595096532342624,0.5227685
2022-06-07,-0.11534196721631887,-0.18944573480940763,-0.37243028735170974,-0.08993461677306268,-0.15582333415782523,1.6820079984789378,0.020646134546032754,0.14913766615270105,-0.45402049538495703,-1.168683094383979,-1.8162618763439213,0.5909976713067553,1.7585874
2022-06-08,-0.11534196721631887,-0.18944573480940763,-0.37243028735170974,-0.08993461677306268,-0.15582333415782523,-0.1468229403894595,-0.003548490742542549,0.12924376698560655,-0.525646947740908,-1.0710003103408343,-1.682437924003882,0.5920294636810375,-0.50433874
2022-06-09,-0.11534196721631887,-0.18944573480940763,-0.37243028735170974,-0.08993461677306268,-0.15582333415782523,0.18586795806240386,-0.02402086598672165,0.18307431767303872,-0.9929186040897967,-1.173842192583032,-1.5974646607397713,0.5920859871525664,-3.5955727
2022-06-10,-0.11534196721631887,-0.18944573480940763,-0.37243028735170974,-0.08993461677306268,-0.15582333415782523,-0.24555354035074048,-0.009131865809136849,0.3094590888522273,-1.3896680713483758,-1.4393692828689706,-1.5865095532563298,0.5850330900210946,-3.8628697
2022-06-13,-0.11534196721631887,-0.18944573480940763,2.685066263302147,-0.08993461677306268,-0.15582333415782523,-0.057890033554107066,-0.02402086598672165,0.12573307889729576,-1.7048171733511204,-1.8200908166778864,-1.6595076541357539,0.5753795381162746,-3.8284838
2022-06-14,-0.11534196721631887,5.278556421478968,-0.37243028735170974,-0.08993461677306268,-0.15582333415782523,0.3996945355139896,0.11184126063373967,0.4440354655708077,-1.6015527791451083,-2.0688732644684293,-1.7713336275838576,0.5637330791650502,0.6672621
2022-06-15,-0.11534196721631887,-0.18944573480940763,2.685066263302147,-0.08993461677306268,-0.15582333415782523,0.05429893608564752,-0.09288249180805135,0.18307431767303872,-1.2914705473820394,-2.1478367015592137,-1.877752268521612,0.5599239305734859,2.0111442
2022-06-16,-0.11534196721631887,-0.18944573480940763,-0.37243028735170974,-0.08993461677306268,-0.15582333415782523,-0.6381072671324536,-0.16732749269597536,0.6874431730270228,-1.6292895107376992,-2.3785799357309796,-2.0124406468762244,0.5547720781658108,-3.9651453
2022-06-17,-0.11534196721631887,-0.18944573480940763,-0.37243028735170974,-0.08993461677306268,-0.15582333415782523,-1.196575775310387,-0.012854115853533068,0.6289317048885096,-1.4563490770423653,-2.4814605273120844,-2.142285561225859,0.5505106842937134,1.1533141
2022-06-20,-0.11534196721631887,-0.18944573480940763,2.685066263302147,11.119188982851384,-0.15582333415782523,-0.47886783709675584,0.25328676232079533,0.17605294149641712,-1.456349077042366,-2.536298625533456,-2.257938296579266,0.5423482795074434,0.0
2022-06-21,-0.11534196721631887,-0.18944573480940763,-0.37243028735170974,-0.08993461677306268,-0.15582333415782523,-0.7734446326191824,-0.051937741319693156,0.15381858360378212,-0.9570753930820902,-2.399698445486895,-2.3211247934048176,0.5391752158582321,3.276074
2022-06-22,-0.11534196721631887,-0.18944573480940763,-0.37243028735170974,-0.08993461677306268,-0.15582333415782523,-0.4990015581357522,0.05972976001219286,0.07073229884709333,-0.9990996452027561,-2.2863210597644614,-2.347325530968349,0.5355215625245396,-0.3827095
2022-06-23,-0.11534196721631887,-0.18944573480940763,-0.37243028735170974,-0.08993461677306268,-0.15582333415782523,-0.7023844407168426,-0.04821549127529696,0.13392468443668762,-0.674331581643804,-2.0701777404817188,-2.3218680729401253,0.5316276395084882,2.1573663
2022-06-24,-0.11534196721631887,-0.18944573480940763,-0.37243028735170974,-0.08993461677306268,-0.15582333415782523,-0.9842565352627902,0.028090634634825157,0.11754147335790388,-0.3300488286902443,-1.7592781497122194,-2.2347345922590227,0.5259882029692003,2.4517298
2022-06-27,-0.11534196721631887,-0.18944573480940763,-0.37243028735170974,-0.08993461677306268,-0.15582333415782523,-0.5094452530062474,-0.029604241053315952,0.1503078955154713,-0.33004882869024377,-1.4981594939848137,-2.1089510418158803,0.5203487664299126,0.0
2022-06-28,-0.11534196721631887,-0.18944573480940763,-0.37243028735170974,-0.08993461677306268,-0.15582333415782523,-0.725532836563817,-0.046354366253098855,0.12690330826006602,-0.744881928234835,-1.4289926617062034,-1.9934702177396477,0.5122923566312676,-2.9789627
2022-06-29,-0.11534196721631887,-0.18944573480940763,-0.37243028735170974,-0.08993461677306268,-0.15582333415782523,0.13128081064651542,0.03925738476801376,0.39020491488337555,-0.5487642630205947,-1.2974158167201566,-1.872828657747613,0.5055928336335139,1.3023853
2022-06-30,-0.11534196721631887,-0.18944573480940763,2.685066263302147,-0.08993461677306268,-0.15582333415782523,-0.11624552447996789,-0.05193774131969315,0.09413688610249861,-0.7886042716436972,-1.2712573803778726,-1.7706977318177055,0.49535273299927657,-1.8027663
2022-07-01,-0.11534196721631887,-0.18944573480940763,-0.37243028735170974,-0.08993461677306268,-0.15582333415782523,-0.3890735946019812,0.028090634634825147,0.42882248385479427,-0.5395078520418934,-1.1602485954426276,-1.6651532021160633,0.49079448846498996,1.6164303
2022-07-04,-0.11534196721631887,-0.18944573480940763,2.685066263302147,-0.08993461677306268,-0.15582333415782523,-1.1143182198355572,0.02436838459042896,0.14328651933884973,-0.539507852041894,-1.0625660930528376,-1.55973968689154,0.4856991595288437,0.0
2022-07-05,-0.11534196721631887,-0.18944573480940763,-0.37243028735170974,-0.08993461677306268,-0.15582333415782523,-1.0560703958671245,-0.01843749092012735,0.14211628997607945,-0.24068920796254073,-0.8829704840192067,-1.436839662197868,0.4806462429648231,1.8930435
2022-07-06,-0.11534196721631887,-0.18944573480940763,-0.37243028735170974,-0.08993461677306268,-0.15582333415782523,-0.1947347364448249,-0.03146536607551406,0.16201018914317394,-0.0931406373579784,-0.686379085360098,-1.2963004842234305,0.47708445195373916,0.9607196
2022-07-07,-0.11534196721631887,-0.18944573480940763,-0.37243028735170974,-0.08993461677306268,-0.15582333415782523,-0.431709709743385,0.050424134901202365,0.1304139963483768,0.25323039900532873,-0.4051463259994734,-1.123472753980842,0.4797063344787623,2.3999453
2022-07-08,-0.11534196721631887,-0.18944573480940763,-0.37243028735170974,-0.08993461677306268,-0.15582333415782523,-0.431709709743385,0.002034884324051753,0.12690330826006602,0.3194010287278568,-0.15818184463203527,-0.932173496015663,0.4867097385285252,0.47146082
2022-07-11,-0.11534196721631887,-0.18944573480940763,-0.37243028735170974,-0.08993461677306268,-0.15582333415782523,-0.21788313229179904,0.0057571343684479515,0.21467051046783586,0.022528659199683818,-0.042519641915473264,-0.7542949518693701,0.4958897886469853,-1.4757872
2022-07-12,-0.11534196721631887,-0.18944573480940763,-0.37243028735170974,-0.08993461677306268,-0.15582333415782523,0.27555453359975074,-0.11149374203003237,0.1608399597804037,0.12936511102848694,0.08125420375832494,-0.5854109557814147,0.505147568423037,0.6833792
2022-07-13,-0.11534196721631887,-0.18944573480940763,-0.37243028735170974,-0.08993461677306268,-0.15582333415782523,-0.1976417442953751,-0.04635436625309885,0.11871170272067419,0.07562485311746374,0.16164123655114154,-0.4330401711883695,0.5122570177801884,-0.25366545
2022-07-14,-0.11534196721631887,-0.18944573480940763,-0.37243028735170974,-0.08993461677306268,-0.15582333415782523,-0.5901954710770881,0.09136888538956056,0.23222395090938985,0.40245942309023036,0.3261717992489421,-0.2758096382369951,0.5252673723565116,2.048242
2022-07-15,-0.11534196721631887,-0.18944573480940763,-0.37243028735170974,-0.08993461677306268,-0.15582333415782523,-1.1315449330240033,0.13045251085572065,0.13860560188776866,0.5731967040908821,0.5092655780630925,-0.11070474684291261,0.5384191182798403,1.1450052
2022-07-18,-0.11534196721631887,-0.18944573480940763,-0.37243028735170974,-0.08993461677306268,-0.15582333415782523,0.1387098307090329,-0.06496561647507985,0.19828729938905215,0.098449101260623,0.5342271848438401,0.026739818026587578,0.549380049526767,-2.0643234
2022-07-19,-0.11534196721631887,-0.18944573480940763,-0.37243028735170974,-0.08993461677306268,-0.15582333415782523,0.6396841836205279,-0.9154997516196117,1.995759600604179,0.4971329696081191,0.6848519116139524,0.16904301520977827,0.5600724313842267,2.6721954
2022-07-20,-0.11534196721631887,-0.18944573480940763,-0.37243028735170974,-0.08993461677306268,-0.15582333415782523,-0.2612729161351974,0.49709414022874643,0.9835112018078997,0.6806832160287712,0.8650434609832804,0.3215827671597863,0.5725739453231108,1.350987
2022-07-21,-0.11534196721631887,-0.18944573480940763,-0.37243028735170974,-0.08993461677306268,-0.15582333415782523,-0.5901954710770881,0.23281438707661617,0.25913922625310587,0.8753474709587623,1.0759438454924652,0.4889066657437641,0.5846443986019112,1.5094161
2022-07-22,-0.11534196721631887,-0.18944573480940763,2.685066263302147,-0.08993461677306268,-0.15582333415782523,-1.1562006662749669,0.18070288645506938,0.1105200971812823,0.672715809192418,1.181627287443466,0.6454619248660322,0.593428683780141,-0.81107616
2022-07-25,-0.11534196721631887,-0.18944573480940763,-0.37243028735170974,-0.08993461677306268,-0.15582333415782523,0.49390312326330377,0.04670188485680616,0.11520101463236337,0.4904163119029744,1.207935302173053,0.7763559329378636,0.6014073279785058,-0.7398248
2022-07-26,-0.11534196721631887,-0.18944573480940763,-0.37243028735170974,-0.08993461677306268,-0.15582333415782523,-0.041416989067655494,0.016923884501636555,0.23222395090938985,0.27702570463445053,1.1642916590804484,0.8716984105497647,0.6114142180743559,-0.8826375
2022-07-27,-0.11534196721631887,-0.18944573480940763,-0.37243028735170974,-0.08993461677306268,-0.15582333415782523,-0.28592864938616086,0.00017375930185365205,0.3071186301266867,0.7768478510105103,1.2987625626698824,0.9768508094636443,0.6238238912562448,3.4234762
2022-07-28,-0.11534196721631887,-0.18944573480940763,-0.37243028735170974,-0.08993461677306268,-0.15582333415782523,1.732073133682859,-0.10777149198563617,0.24860716198817354,0.8247395537322163,1.4067064204515651,1.0841543064338193,0.6384031441743223,0.35717487
2022-07-29,8.669871202426636,-0.18944573480940763,-0.37243028735170974,-0.08993461677306268,-0.15582333415782523,1.99822585244435,1.4834904019937396,-0.5061907769986473,1.2196975203164142,1.6561123950556673,1.2235585028021705,0.655067152084338,3.2793045
2022-08-01,-0.11534196721631887,-0.18944573480940763,-0.37243028735170974,-0.08993461677306268,-0.15582333415782523,0.1769316005958973,-1.4366147578350796,0.16318041850594422,1.0532677782435549,1.7945930390282232,1.3648213920335217,0.6710244836122943,-0.61534643
2022-08-02,-0.11534196721631887,-0.18944573480940763,-0.37243028735170974,-0.08993461677306268,-0.15582333415782523,-0.6665313438933894,-0.234327993495107,0.3188209237543894,0.8051844792560814,1.8268173651515875,1.4847520668342888,0.6840631250842641,-0.92873573
2022-08-03,-0.11534196721631887,-0.18944573480940763,-0.37243028735170974,-0.08993461677306268,-0.15582333415782523,-0.5327013158106496,0.15092488609989976,0.4264820251292537,1.2548492233923678,2.046230236153131,1.6278168102005501,0.7004656643143963,3.8247705
2022-08-04,-0.11534196721631887,-0.18944573480940763,2.685066263302147,-0.08993461677306268,-0.15582333415782523,-0.714335472991327,0.14906376107770167,0.041476564777836705,1.2026520557650036,2.1809312796960096,1.7711964456254403,0.7142180556894714,-0.19262433
2022-08-05,-0.11534196721631887,-0.18944573480940763,-0.37243028735170974,-0.08993461677306268,-0.15582333415782523,-0.8204950930151255,-0.11893824211882476,0.29307587777344357,1.1628851732330756,2.2509152926499385,1.900929632039624,0.7273200856864243,-0.13870597
2022-08-08,-0.11534196721631887,-0.18944573480940763,2.685066263302147,-0.08993461677306268,-0.15582333415782523,-0.04217065776964992,0.06531313507878715,0.14562697806439026,1.075621218441609,2.2604989058083076,2.0067743184191285,0.7416159448847905,-0.29029846
2022-08-09,-0.11534196721631887,-0.18944573480940763,-0.37243028735170974,-0.08993461677306268,-0.15582333415782523,0.12751246713654305,-0.029604241053315952,0.23339418027216008,1.0798973941763244,2.241513296461607,2.087372796338086,0.7552475472617604,0.030326843
2022-08-10,-0.11534196721631887,-0.18944573480940763,-0.37243028735170974,-0.08993461677306268,-0.15582333415782523,-0.37410788751951873,-0.005409615764740648,0.16552087723148476,1.4190587797263625,2.352323309074826,2.1756486801066393,0.7721978243065472,2.6194572
2022-08-11,-0.11534196721631887,-0.18944573480940763,-0.37243028735170974,-0.08993461677306268,-0.15582333415782523,-0.14606927168746484,0.02809063463482515,-0.01001352718405493,1.2709876244494511,2.3831299248582787,2.252885288909862,0.7865114032502168,-0.44316053
2022-08-12,-0.11534196721631887,-0.18944573480940763,-0.37243028735170974,-0.08993461677306268,-0.15582333415782523,-1.0799724604160934,-0.15429961754058868,0.2193514279189169,1.5289809639405956,2.5060680031645988,2.3410762507694343,0.802178281914491,2.1425605
2022-08-15,-0.11534196721631887,-0.18944573480940763,2.685066263302147,-0.08993461677306268,-0.15582333415782523,0.4184285861064247,0.18256401147726747,0.17488271213364687,1.599904695700092,2.610105975931803,2.43397178633462,0.8208073412875242,0.63334703
2022-08-16,-0.11534196721631887,-0.18944573480940763,-0.37243028735170974,-0.08993461677306268,-0.15582333415782523,0.7698535351507227,-0.10404924194123996,-0.07086545404810868,1.5656644202238899,2.6536649725313493,2.517642765300486,0.8365457890326258,-0.0923872
2022-08-17,-0.11534196721631887,-0.18944573480940763,-0.37243028735170974,-0.08993461677306268,-0.15582333415782523,0.9088515771899965,0.05228525992340046,0.15966973041763344,1.6710278800953453,2.7091340814462574,2.5964918656017315,0.8519182970802,0.8784652
2022-08-18,-0.11534196721631887,-0.18944573480940763,-0.37243028735170974,-0.08993461677306268,-0.15582333415782523,0.2815838832157069,0.01506275947943845,0.10232849164189046,1.5778234360877939,2.7049705490570894,2.658677002793291,0.8653752108037768,-0.22916794
2022-08-19,-0.11534196721631887,-0.18944573480940763,-0.37243028735170974,-0.08993461677306268,-0.15582333415782523,0.13429548545449363,-0.05007661629749506,0.1280735376228363,0.994679640113028,2.5747751609707343,2.6804648878034483,0.877861377214782,-1.510185
2022-08-22,-0.11534196721631887,-0.18944573480940763,-0.37243028735170974,-0.08993461677306268,-0.15582333415782523,1.1376438617240447,0.08020213525637196,0.16201018914317394,0.26745408083994826,2.3003424621175035,2.638959160906102,0.8883578282900975,-2.3029387
2022-08-23,-0.11534196721631887,-0.18944573480940763,-0.37243028735170974,-0.08993461677306268,-0.15582333415782523,1.1032981023045807,-0.11707711709662667,0.12339262017175522,0.21033200441279415,2.0445042610892257,2.550811822169561,0.8995677201614,-0.20290613
2022-08-24,-0.11534196721631887,-0.18944573480940763,-0.37243028735170974,-0.08993461677306268,-0.15582333415782523,0.9448123409708774,0.06531313507878717,0.17137202404533608,0.24908462918854693,1.8289257543032518,2.4339971999043337,0.9073221394934373,0.17939806
2022-08-25,-0.11534196721631887,-0.18944573480940763,-0.37243028735170974,-0.08993461677306268,-0.15582333415782523,-0.09675780518553836,0.04111850979021186,0.20296821684013322,0.5588549437669323,1.7256386319988355,2.318363985564217,0.9164499648858819,1.4922738
2022-08-26,-0.11534196721631887,-0.18944573480940763,-0.37243028735170974,-0.08993461677306268,-0.15582333415782523,-1.0971991736045392,-0.0016873657203444492,0.11169032654405257,-0.4455735870306582,1.3944207049550978,2.1547264177088983,0.9173950419305116,-3.7699223
2022-08-29,-0.11534196721631887,-0.18944573480940763,-0.37243028735170974,-0.08993461677306268,-0.15582333415782523,-0.2732239484096819,-0.02402086598672165,0.21584073983060612,-0.7207382158478424,1.0367994297245833,1.9470150928471994,0.9174615934120599,-1.3690174
2022-08-30,-0.11534196721631887,-0.18944573480940763,-0.37243028735170974,-0.08993461677306268,-0.15582333415782523,-0.46756280656683824,-0.014715240875731148,0.28137358414574093,-0.9986390690418322,0.6543821888394336,1.698719683031459,0.9168402377833489,-1.5305519
2022-08-31,-0.11534196721631887,-0.18944573480940763,-0.37243028735170974,-0.08993461677306268,-0.15582333415782523,-0.4235270209788731,-0.07613236660826846,0.2099895930167548,-1.176176242076592,0.28465211905031085,1.420681649807204,0.9106978480189558,-1.0634959
2022-09-01,-0.11534196721631887,-0.18944573480940763,2.685066263302147,-0.08993461677306268,-0.15582333415782523,-0.26719459879372576,0.10253563552274916,0.1877552351241198,-1.0575741703429122,0.015557841384719327,1.1404616456459975,0.9053053161822755,0.47068596
2022-09-02,-0.11534196721631887,-0.18944573480940763,-0.37243028735170974,-0.08993461677306268,-0.15582333415782523,-0.10795516875802821,-0.037048741142108356,0.04264679414060698,-1.2891626449975977,-0.2744764572176916,0.8539990721756311,0.8985539925822273,-1.3611078
2022-09-05,-0.11534196721631887,-0.18944573480940763,-0.37243028735170974,-0.08993461677306268,-0.15582333415782523,0.2995642651061473,0.039257384768013756,0.14328651933884973,-1.2891626449975977,-0.501095768291593,0.5761611845162771,0.8921423777058278,0.0
2022-09-06,-0.11534196721631887,-0.18944573480940763,-0.37243028735170974,-0.08993461677306268,-0.15582333415782523,1.8225133779222005,0.03739625974581566,0.166691106594255,-1.4297821316398105,-0.7210007799440975,0.3066649807660678,0.8847895604065911,-0.82151294
2022-09-07,-0.11534196721631887,-0.18944573480940763,-0.37243028735170974,-0.08993461677306268,-0.15582333415782523,2.733268170803855,-0.2622448688280785,0.1140307852695931,-1.159669485239352,-0.8366955687756724,0.06622188193204491,0.8753915250724821,0.92538595
2022-09-08,-0.11534196721631887,-0.18944573480940763,2.685066263302147,-0.08993461677306268,6.4175240852384325,2.411020967222487,0.2439811372098048,0.14913766615270105,-1.3370698826274225,-0.9736994511395338,-0.15555498603752527,0.8654627168725687,-0.9617865
2022-09-09,-0.11534196721631887,-0.18944573480940763,-0.37243028735170974,-0.08993461677306268,-0.15582333415782523,0.8991615510214958,-0.022159740964523555,0.15147812487824158,-0.8139424006439356,-0.9688931961870229,-0.33194430891601856,0.8550385465433072,1.8839717
2022-09-12,-0.11534196721631887,-0.18944573480940763,-0.37243028735170974,-0.08993461677306268,-0.15582333415782523,0.5200661939182561,-0.010992990831334946,0.13626514316222813,0.022476171948470437,-0.7409352884522509,-0.4241004668359674,0.8481315623490219,3.8507938
2022-09-13,-0.11534196721631887,-0.18944573480940763,-0.37243028735170974,-0.08993461677306268,-0.15582333415782523,0.565716983867638,0.12114688574473018,0.17254225340810633,-1.0309835017567288,-0.8976933021375726,-0.5314900978695675,0.8345511567371835,-5.8679523
2022-09-14,-0.11534196721631887,-0.18944573480940763,-0.37243028735170974,-0.08993461677306268,-0.15582333415782523,0.1769316005958973,-0.16918861771817348,0.1936063819379711,-0.8535135379549503,-0.960477862608418,-0.6308851560391678,0.8209353260118144,0.955534
2022-09-15,-0.11534196721631887,-0.18944573480940763,2.685066263302147,-0.08993461677306268,-0.15582333415782523,0.09984205907760162,0.02622950961262706,0.09647734482803913,-1.1149235419155867,-1.1058635568995245,-0.7416236348480499,0.8055220086360105,-1.8929899
2022-09-16,-0.11534196721631887,-0.18944573480940763,-0.37243028735170974,-0.08993461677306268,-0.15582333415782523,0.10059572777959605,0.029951759657023257,0.20062775811459269,-1.2553090652905834,-1.2691110493722435,-0.8652727763007204,0.7907880511992026,-1.0960162
2022-09-19,-0.11534196721631887,-0.18944573480940763,-0.37243028735170974,-0.08993461677306268,-0.15582333415782523,-0.6538266429169104,0.01134050943504225,0.15381858360378212,-0.7829409096004136,-1.2505397396533915,-0.9602037915581091,0.781524463084731,2.5082946
2022-09-20,-0.11534196721631887,-0.18944573480940763,-0.37243028735170974,-0.08993461677306268,-0.15582333415782523,0.130527141944521,0.12486913578912638,0.19477661130074136,-0.5094465461976435,-1.1381267934776795,-1.0120072629277301,0.7742140941003078,1.5665412
2022-09-21,-0.11534196721631887,-0.18944573480940763,-0.37243028735170974,-0.08993461677306268,-0.15582333415782523,-1.0201096320862433,-0.04821549127529696,0.16201018914317394,-0.8173619541409424,-1.1527664696557223,-1.0565939965192794,0.7644409896258587,-2.0267665
2022-09-22,-0.11534196721631887,-0.18944573480940763,-0.37243028735170974,-0.08993461677306268,-0.15582333415782523,-1.0448730322946345,-0.08543799171925896,0.27786289605743014,-0.9083384227560393,-1.1884876418979287,-1.0999347150630097,0.7522051927926082,-0.63751936
2022-09-23,-0.11534196721631887,-0.18944573480940763,2.685066263302147,-0.08993461677306268,-0.15582333415782523,-0.8354608000975879,-0.01657636589792925,0.19126592321243055,-1.1183874236918285,-1.2876513184527625,-1.1559032722179299,0.7428708479020639,-1.5123844
2022-09-26,-0.11534196721631887,-0.18944573480940763,-0.37243028735170974,-0.08993461677306268,-0.15582333415782523,0.047515917767696945,0.022507259568230856,0.14679720742716051,-1.0723854651069613,-1.341082267316735,-1.2121527282213198,0.735362312500288,0.22602081
2022-09-27,-0.11534196721631887,-0.18944573480940763,-0.37243028735170974,-0.08993461677306268,-0.15582333415782523,-0.6290632427085194,0.050424134901202365,0.1596697304176334,-0.9340175285881632,-1.3349408513534136,-1.2558333878531258,0.7303023583579096,0.6566286
2022-09-28,-0.11534196721631887,-0.18944573480940763,-0.37243028735170974,-0.08993461677306268,-0.15582333415782523,0.766838860342745,-0.45766299615887895,0.23807509772324117,-1.1289181726994744,-1.3857585898850628,-1.3016913235614558,0.725079655723172,-1.2651563
2022-09-29,-0.11534196721631887,5.278556421478968,-0.37243028735170974,-0.08993461677306268,-0.15582333415782523,0.22473572969383515,-0.1431328674074001,2.012142811682962,-1.7332121485850773,-1.6742210542720528,-1.400326681634172,0.7141246981510313,-4.9119053
2022-09-30,-0.11534196721631887,5.278556421478968,-0.37243028735170974,-0.08993461677306268,-0.15582333415782523,-0.7771053091717272,-0.39252362038194544,1.3884105613264113,-2.002077174033562,-2.035973828196802,-1.5569235022949792,0.7016624120620941,-3.003931
2022-10-03,-0.11534196721631887,-0.18944573480940763,2.685066263302147,11.119188982851384,-0.15582333415782523,-1.2960600439736625,0.936319645467498,0.15849950105486316,-1.4266714165480265,-2.147459463642827,-1.706143154230957,0.69220778137108,3.075254
2022-10-04,-0.11534196721631887,-0.18944573480940763,-0.37243028735170974,-0.08993461677306268,-0.15582333415782523,-0.5708154187400863,-0.1654663676737773,0.10817963845574179,-0.9938266885095176,-2.0829478834072677,-1.8116646347929415,0.6862420499193954,2.5623083
2022-10-05,-0.11534196721631887,-0.18944573480940763,-0.37243028735170974,-0.08993461677306268,-0.15582333415782523,-0.910935337254467,0.17325838636627697,0.11169032654405257,-0.9592320989261877,-2.000505410146131,-1.8783768135995593,0.6794765864657928,0.20532608
2022-10-06,-0.11534196721631887,-0.18944573480940763,-0.37243028735170974,-0.08993461677306268,-0.15582333415782523,-1.1173328946435355,0.009479384412844152,0.17371248277087661,-1.0442608972883536,-1.9501477896333332,-1.9209319616906058,0.673086220906682,-0.6625712
2022-10-07,-0.11534196721631887,5.278556421478968,-0.37243028735170974,-0.08993461677306268,-0.15582333415782523,-1.1973294440123816,-0.3683289950933702,0.3621194101768892,-1.4678787554715116,-2.0810225308907793,-1.9830821999925476,0.6608574616517895,-3.6718667
2022-10-10,-0.11534196721631887,-0.18944573480940763,2.685066263302147,-0.08993461677306268,-0.15582333415782523,-0.5378693297671835,0.31656501307553075,0.1304139963483768,-1.4240215650612964,-2.150613139176203,-2.0477473827437924,0.6445736770636084,0.23556948
2022-10-11,-0.11534196721631887,-0.18944573480940763,-0.37243028735170974,-0.08993461677306268,-0.15582333415782523,-0.4339707158493685,-0.03890986616430646,0.11637124399513363,-1.5345491191197635,-2.2343863627338143,-2.117470321034676,0.6340575006409856,-1.0254979
2022-10-12,-0.11534196721631887,-0.18944573480940763,-0.37243028735170974,-0.08993461677306268,-0.15582333415782523,-0.9782271856468342,0.03553513472361756,0.15264835424101184,-1.5843335634936746,-2.2998461427520906,-2.1873065441300406,0.6220481283665832,-0.46049953
2022-10-13,-0.11534196721631887,-0.18944573480940763,-0.37243028735170974,-0.08993461677306268,-0.15582333415782523,-0.93268406265488,0.08206326027857007,0.20530867556567373,-0.9371475770014644,-2.161950509237541,-2.213561624903595,0.615410081742798,3.3612847
2022-10-14,-0.11534196721631887,-0.18944573480940763,-0.37243028735170974,-0.08993461677306268,-0.15582333415782523,-1.2833553429971836,-0.3813568702487569,0.19711707002628187,-1.3277125071809706,-2.19584821519366,-2.241845421091575,0.6066914351018351,-3.2240033
2022-10-17,-0.11534196721631887,-0.18944573480940763,2.685066263302147,-0.08993461677306268,-0.15582333415782523,-0.7277938426698005,0.32028726311992695,0.1304139963483768,-0.8415699763774218,-2.0564743763989655,-2.234541107067975,0.5981497486921625,2.912271
2022-10-18,-0.11534196721631887,-0.18944573480940763,-0.37243028735170974,-0.08993461677306268,-0.15582333415782523,0.8917325309589781,0.07647988521197577,0.12690330826006602,-0.6909461689619053,-1.8786684938983629,-2.1905127976261385,0.5888437194514147,0.94094276
2022-10-19,-0.11534196721631887,-0.18944573480940763,-0.37243028735170974,-0.08993461677306268,-0.15582333415782523,0.3503830690120629,-0.25293924371708804,0.007539913257499034,-0.678142107478602,-1.7165499383933849,-2.1204742375156314,0.5818659784810566,0.07652044
2022-10-20,-0.11534196721631887,-0.18944573480940763,-0.37243028735170974,-0.08993461677306268,-0.15582333415782523,-0.898230636277988,0.1565082611664941,0.08945596865141756,-0.7273615146198685,-1.5892107033074414,-2.0370965403264374,0.5752491524204093,-0.32670498
2022-10-21,-0.11534196721631887,-0.18944573480940763,-0.37243028735170974,-0.08993461677306268,-0.15582333415782523,-1.2070194701808823,-0.03704874114210835,0.17137202404533608,-0.2648426556872561,-1.3357631148733515,-1.915965023460526,0.573012898997532,2.7059078
2022-10-24,-0.11534196721631887,-0.18944573480940763,-0.37243028735170974,-0.08993461677306268,-0.15582333415782523,0.5035931494318046,0.14534151103330548,0.18307431767303872,-0.0321411630580813,-1.0469030910527235,-1.7570254222369357,0.5720787485301277,1.4802694
2022-10-25,-0.11534196721631887,-0.18944573480940763,-0.37243028735170974,-0.08993461677306268,-0.15582333415782523,0.6075994303070472,0.044840759834608064,0.17254225340810633,0.2531217928931357,-0.7083199771114449,-1.5571610277037695,0.5724891996527738,1.9337535
2022-10-26,-0.11534196721631887,-0.18944573480940763,-0.37243028735170974,-0.08993461677306268,-0.15582333415782523,0.3384320367375786,-0.13568836731860767,0.16903156531979555,-0.1196994148228873,-0.5438967055580664,-1.3619586482041075,0.5721424533507669,-1.9627094
2022-10-27,-0.11534196721631887,-0.18944573480940763,-0.37243028735170974,-0.08993461677306268,-0.15582333415782523,1.009843183257261,0.0020348843240517492,0.1596697304176334,-0.6106691027243194,-0.5733146403764261,-1.2121144189942978,0.5737842937840393,-3.0465364
2022-10-28,-0.11534196721631887,-0.18944573480940763,-0.37243028735170974,-0.08993461677306268,-0.15582333415782523,1.2797642455287244,2.6932216664225046,3.0044973113121465,0.35183527400947034,-0.20300878621407673,-1.0127136771767822,0.5861970580371164,7.5552464
2022-10-31,-0.11534196721631887,-0.18944573480940763,2.685066263302147,-0.08993461677306268,-0.15582333415782523,0.15076852994094497,-3.420574031498255,-0.2686342163562834,0.11052580401972525,0.0015061177453759306,-0.8092723061739916,0.5939037167250186,-1.5410364
2022-11-01,-0.11534196721631887,-0.18944573480940763,-0.37243028735170974,-0.08993461677306268,-0.15582333415782523,-0.7547105820267472,0.43567701449620916,0.3445659697353352,-0.14834509597090845,0.06347676632202963,-0.6332106483916342,0.5971236280740845,-1.754272
2022-11-02,-0.11534196721631887,5.278556421478968,-0.37243028735170974,-0.08993461677306268,-0.15582333415782523,-0.5393766671711725,-0.05565999136408934,0.1772231708591874,-0.6294871584595148,-0.09121034513178565,-0.5255812884385882,0.5961541171899881,-3.7304997
2022-11-03,-0.11534196721631887,5.278556421478968,-0.37243028735170974,-0.08993461677306268,-0.15582333415782523,-0.7509422385167748,-0.46324637122547324,-0.14107921581432453,-1.0662645516830576,-0.4327437147944224,-0.5128240987851067,0.5915187827779602,-4.2404947
2022-11-04,-0.11534196721631887,5.278556421478968,-0.37243028735170974,-0.08993461677306268,-0.15582333415782523,-0.8474118323720723,1.0572927719103746,0.6605278976833067,-1.0842701120148408,-0.7075307623921577,-0.5616304804431654,0.5904711181125508,-0.19441247
2022-11-07,-0.11534196721631887,-0.18944573480940763,2.685066263302147,-0.08993461677306268,6.4175240852384325,1.3074346535876658,-1.3063360062812126,-0.4558709143995257,-1.0284849007795682,-0.8980211683571694,-0.6415845199528369,0.5895726803001837,0.3902197
2022-11-08,-0.11534196721631887,-0.18944573480940763,-0.37243028735170974,-0.08993461677306268,-0.15582333415782523,-0.804022048528674,0.9028193950679323,0.30477817140114627,-0.9656579374896747,-1.0188680875115477,-0.7315003376600546,0.5901044595612585,0.4175067
2022-11-09,-0.11534196721631887,-0.18944573480940763,2.685066263302147,-0.08993461677306268,-0.15582333415782523,-0.4174976713629171,0.057868634989994734,0.19594684066351162,-1.311270910766484,-1.2694970645062942,-0.8572570375689526,0.5878071251339833,-3.3190012
2022-11-10,-0.11534196721631887,-0.18944573480940763,-0.37243028735170974,-0.08993461677306268,-0.15582333415782523,0.005633471328287698,-0.10404924194123995,0.2193514279189169,-0.2146580175543947,-1.0261394259621746,-0.9055999144184982,0.5907253263694103,8.897459
2022-11-11,-0.11534196721631887,-0.18944573480940763,2.685066263302147,-0.08993461677306268,-0.15582333415782523,-0.9491571071413314,0.43753813951840725,0.09530711546526888,-0.012913387219136254,-0.7254109470897999,-0.8796910076946155,0.5989120284129318,1.9268751
2022-11-14,-0.11534196721631887,-0.18944573480940763,-0.37243028735170974,-0.08993461677306268,-0.15582333415782523,-0.901245311085966,-0.24735586865049367,0.24626670326263303,-0.1339003869144097,-0.5346614705868133,-0.8179993112117105,0.6032401894227076,-0.94856024
2022-11-15,-0.11534196721631887,-0.18944573480940763,-0.37243028735170974,-0.08993461677306268,-0.15582333415782523,-0.04593900127962255,-0.029604241053315952,0.5025469337093209,-0.0010048179617337504,-0.3188956477748984,-0.7223089755319754,0.6078676451974732,1.186943
2022-11-16,-0.11534196721631887,-0.18944573480940763,2.685066263302147,-0.08993461677306268,-0.15582333415782523,-0.5012625642417357,0.08950776036736245,0.13860560188776866,-0.11688819225729988,-0.19328630118058487,-0.6187813616074415,0.6115311612048188,-0.833112
2022-11-17,-0.11534196721631887,-0.18944573480940763,-0.37243028735170974,-0.08993461677306268,-0.15582333415782523,-1.275064987275244,0.00017375930185365205,0.19243615257520086,0.03935118834352413,-0.026383101933238045,-0.5001158275479991,0.616895420522928,1.2971401
2022-11-18,-0.11534196721631887,-0.18944573480940763,-0.37243028735170974,-0.08993461677306268,-0.15582333415782523,-1.3498935226875564,-0.05752111638628746,0.07307275757263385,0.08617056841076717,0.12248777190222587,-0.37321250523787325,0.6199178914969443,0.37817955
2022-11-21,-0.11534196721631887,-0.18944573480940763,-0.37243028735170974,-0.08993461677306268,-0.15582333415782523,-1.29229170046369,0.06159088503439096,0.15615904232932262,-0.2501557499069529,0.11829439489111555,-0.2725903997471677,0.6190726129204867,-2.1680236
2022-11-22,-0.11534196721631887,-0.18944573480940763,-0.37243028735170974,-0.08993461677306268,-0.15582333415782523,-1.0179562929376877,-3.2419060293672373,-1.8145072045758028,-0.054546292424847515,0.18850184625195185,-0.1770152525693125,0.617720319595153,1.4661193
2022-11-23,-0.11534196721631887,-0.18944573480940763,-0.37243028735170974,-0.08993461677306268,-0.15582333415782523,0.01984550970875551,-2.7859303989287025,-3.579213083633362,0.02533191968030616,0.27057362753934017,-0.08292973746395875,0.619114888710397,0.59263706
2022-11-24,-0.11534196721631887,-0.18944573480940763,-0.37243028735170974,-0.08993461677306268,-0.15582333415782523,-0.6208805539440075,5.739883327760795,-0.06033338978317629,0.02533191968030616,0.3292790219659186,0.00494600308199098,0.6237294123059327,0.0
2022-11-25,-0.11534196721631887,-0.18944573480940763,-0.37243028735170974,-0.08993461677306268,-0.15582333415782523,-0.2963723442566563,0.18628626152166367,0.1702017946825658,-0.3162007391820432,0.2634918420124987,0.061118411995908534,0.6185036473541573,-1.9593596
2022-11-28,-0.11534196721631887,5.278556421478968,-0.37243028735170974,-0.08993461677306268,-0.15582333415782523,1.119771146791032,-0.900610751442027,0.3340339054704028,-0.7138691449267062,0.06776845051394503,0.06402359054650517,0.6122189101672513,-2.626425
2022-11-29,-0.11534196721631887,5.278556421478968,-0.37243028735170974,-0.08993461677306268,-0.15582333415782523,1.5129708753173117,0.7036790176927356,0.8243600084711438,-0.9905111733406718,-0.19758491619504698,0.009361538418249594,0.605675824125801,-2.1148264
2022-11-30,-0.11534196721631887,-0.18944573480940763,-0.37243028735170974,-0.08993461677306268,-0.15582333415782523,0.40863089298049593,-0.10591036696343807,0.6675492738599283,-0.27323979592143727,-0.1612057143406746,-0.02655545588744545,0.6079726337898284,4.859388
2022-12-01,-0.11534196721631887,-0.18944573480940763,2.685066263302147,11.119188982851384,6.4175240852384325,0.7706072038527174,0.25700901236519147,0.14328651933884973,-0.24704896846995003,-0.12339674261516095,-0.04716935245258112,0.6148201975319124,0.18914938
2022-12-02,-0.11534196721631887,-0.18944573480940763,-0.37243028735170974,-0.08993461677306268,-0.15582333415782523,-1.002990585855225,0.03367400970141946,0.14445674870161998,-0.299774866027628,-0.11270343300245725,-0.06136401862133543,0.6215047036745186,-0.33712983
2022-12-05,-0.11534196721631887,-0.18944573480940763,-0.37243028735170974,-0.08993461677306268,-0.15582333415782523,-0.24103152813877343,0.03739625974581566,0.11754147335790388,-0.42757389036502014,-0.14761597495284573,-0.08021742511938351,0.6269700266434258,-0.7983148
2022-12-06,-0.11534196721631887,5.278556421478968,-0.37243028735170974,-0.08993461677306268,-0.15582333415782523,0.7279710887113134,-0.45021849607008657,0.29307587777344357,-0.8045098301587191,-0.3084072237812282,-0.12983101596554897,0.6293872299359876,-2.5370002
2022-12-07,-0.11534196721631887,5.278556421478968,-0.37243028735170974,-0.08993461677306268,-0.15582333415782523,1.0255625590417181,0.16953613632188078,0.24041555644878168,-0.9871189270776906,-0.5036067471154138,-0.2114421334559747,0.6336899938422513,-1.3784885
2022-12-08,-0.11534196721631887,-0.18944573480940763,-0.37243028735170974,-0.08993461677306268,-0.15582333415782523,-0.1917200616368467,-1.1016122538394217,-0.5132121531752688,-0.7738529401217316,-0.5923576199959346,-0.2957907989836851,0.6306986276706401,1.2132764
2022-12-09,-0.11534196721631887,-0.18944573480940763,2.685066263302147,-0.08993461677306268,-0.15582333415782523,-0.9334377313568745,1.3085446499071183,-0.0029921510074333445,-0.8236757717114751,-0.6751190787606246,-0.3810432410603723,0.6253538708551711,-0.34348965
2022-12-12,-0.11534196721631887,-0.18944573480940763,-0.37243028735170974,-0.08993461677306268,-0.15582333415782523,-0.9700444968823222,0.05786863498999475,0.10349872100466072,-0.5265150765843539,-0.6517234367591892,-0.4442208431069389,0.6226672843027746,1.6389966
2022-12-13,-0.11534196721631887,-0.18944573480940763,-0.37243028735170974,-0.08993461677306268,-0.15582333415782523,-0.354727835182517,-0.05752111638628745,0.01456128943412064,-0.40524613179004637,-0.5935437012745965,-0.48226848462958727,0.6194278345083805,0.67824125
2022-12-14,-0.11534196721631887,-0.18944573480940763,-0.37243028735170974,-0.08993461677306268,-0.15582333415782523,-0.5797517762065927,0.13045251085572065,0.1304139963483768,-0.6716759455324631,-0.624271293586314,-0.5193055288811139,0.6154724710610487,-1.5535831
2022-12-15,-0.11534196721631887,-0.18944573480940763,-0.37243028735170974,-0.08993461677306268,-0.15582333415782523,-1.183871074333908,-0.06682674149727796,0.20413844620290347,-1.3160692365656301,-0.8829376461627835,-0.6044852836668736,0.6053925022914657,-4.6854315
2022-12-16,-0.11534196721631887,-0.18944573480940763,-0.37243028735170974,-0.08993461677306268,-0.15582333415782523,-1.4022196639974611,-0.23805024353950316,0.12690330826006602,-1.474310508907683,-1.148984015925834,-0.7297641089428163,0.5934978878320816,-1.4578819
2022-12-19,-0.11534196721631887,-0.18944573480940763,-0.37243028735170974,-0.08993461677306268,-0.15582333415782523,-1.3678739045779968,0.3091205129867383,0.15264835424101184,-1.6367894435315147,-1.4231274999967802,-0.8888610934948469,0.582411372832438,-1.5909612
2022-12-20,-0.11534196721631887,5.278556421478968,-0.37243028735170974,-0.08993461677306268,-0.15582333415782523,-1.1173328946435355,-0.9285276267749984,0.07775367502371495,-1.642153552537203,-1.6267021230746652,-1.0598575278399511,0.5697370320714121,-0.05287528
2022-12-21,-0.11534196721631887,-0.18944573480940763,2.685066263302147,-0.08993461677306268,-0.15582333415782523,-1.231029201687279,0.7762628935584615,0.2369048683604709,-1.168688643882861,-1.6578853280725068,-1.2033514518513997,0.5586646713023977,2.3809433
2022-12-22,-0.11534196721631887,-0.18944573480940763,-0.37243028735170974,-0.08993461677306268,-0.15582333415782523,-1.3483861852835672,0.136035885922315,0.0449872528661475,-1.4475341158810873,-1.780718218223379,-1.344525676102985,0.5453098132478145,-2.3772597
2022-12-23,-0.11534196721631887,-0.18944573480940763,-0.37243028735170974,-0.08993461677306268,-0.15582333415782523,-1.3544155348995235,-0.37019012011556823,0.23456440963493036,-1.4784498939644939,-1.8723641043220642,-1.477146548142066,0.5337909077086216,-0.279814
2022-12-26,-0.11534196721631887,-0.18944573480940763,2.685066263302147,-0.08993461677306268,-0.15582333415782523,-1.1450033027024769,0.2942315128091535,0.11286055590682285,-1.4784498939644939,-1.9253413526411385,-1.5946204211943933,0.5250294245718129,0.0
2022-12-27,-0.11534196721631887,-0.18944573480940763,-0.37243028735170974,-0.08993461677306268,-0.15582333415782523,-0.35397416648052243,-0.4129959956261246,2.0215046465851243,-1.6429324723910945,-2.0126534147142525,-1.707350298094918,0.5171327512682516,-1.3878345
2022-12-28,-0.11534196721631887,5.278556421478968,-0.37243028735170974,-0.08993461677306268,-0.15582333415782523,-0.1983954129973695,-0.7144982492222168,0.6979752372919552,-1.9594615752932005,-2.202867507654637,-1.838383793952646,0.501545018403486,-3.0685186
2022-12-29,-0.11534196721631887,-0.18944573480940763,-0.37243028735170974,-0.08993461677306268,-0.15582333415782523,-0.4959868833277741,0.731595893025707,1.4012830843168844,-1.377144021957989,-2.202044549090763,-1.943033855450752,0.48828939811113775,2.8324366
2022-12-30,-0.11534196721631887,-0.18944573480940763,2.685066263302147,11.119188982851384,-0.15582333415782523,-1.1397276217885153,0.3668153886748795,-0.24522962910087812,-1.3275593330210584,-2.167410223674689,-2.019315979722,0.47561503578449893,0.24689436
2023-01-02,-0.11534196721631887,-0.18944573480940763,-0.37243028735170974,-0.08993461677306268,-0.15582333415782523,-1.2803406681892058,-0.1729108677625697,-0.040439490616081826,-1.327559333021058,-2.1180876354012708,-2.0697493634409883,0.46377710294447205,0.0
2023-01-03,-0.11534196721631887,-0.18944573480940763,-0.37243028735170974,-0.08993461677306268,-0.15582333415782523,1.1899700030339495,0.2607312624095877,0.15147812487824158,-1.7630281808381958,-2.2310638960516984,-2.134358386346484,0.4511310922103182,-3.7404716
2023-01-04,-0.11534196721631887,-0.18944573480940763,-0.37243028735170974,-0.08993461677306268,-0.15582333415782523,1.4128406049094693,-2.6165680219086758,3.375460019310321,-1.5445744704471724,-2.2506805138856456,-2.1902583886365665,0.44079597348544447,1.0314226
2023-01-05,-0.11534196721631887,5.278556421478968,-0.37243028735170974,-0.08993461677306268,-0.15582333415782523,-0.28216030587618823,2.339607912204866,0.7927638156763466,-1.6620954473423928,-2.2906807557592797,-2.2435686774903427,0.4282988330528655,-1.060468
2023-01-06,-0.11534196721631887,-0.18944573480940763,2.685066263302147,11.119188982851384,-0.15582333415782523,-1.2332902077932624,0.2774813876093706,0.40775835532492954,-0.9374527525339053,-2.1344513152871527,-2.252665718079654,0.4194097389957224,3.6794066
2023-01-09,-0.11534196721631887,-0.18944573480940763,-0.37243028735170974,-0.08993461677306268,-0.15582333415782523,0.19706532163489374,0.42078801431862434,0.41477973150155106,-0.8617585656295611,-1.9713448902295785,-2.224915287201986,0.4092447298257599,0.40888786
2023-01-10,-0.11534196721631887,-0.18944573480940763,-0.37243028735170974,-0.08993461677306268,-0.15582333415782523,0.4034628790239622,-0.2696893689168709,0.0847750512003365,-0.7758714557055582,-1.802926007295921,-2.1665459976008066,0.3987961687882578,0.4456401
2023-01-11,-0.11534196721631887,-0.18944573480940763,-0.37243028735170974,-0.08993461677306268,-0.15582333415782523,0.7040690241623446,-0.4167182456705208,0.009880371983039569,-0.38499055922880476,-1.5545544651916643,-2.0665113175863,0.391906048903295,2.1112323
2023-01-12,-0.11534196721631887,-0.18944573480940763,-0.37243028735170974,-0.08993461677306268,-0.15582333415782523,0.5395539132126856,0.26631463747618195,0.01924220688520167,-0.395943559459112,-1.3476091896049065,-1.9420408594357845,0.3897157014818403,-0.05993247
2023-01-13,-0.11534196721631887,-0.18944573480940763,-0.37243028735170974,-0.08993461677306268,-0.15582333415782523,0.34736839420408494,-2.2368985173802627,-1.0714115592166849,-0.20508136322265294,-1.124504630375487,-1.7945514776469287,0.38989291331194725,1.011908
2023-01-16,-0.11534196721631887,-0.18944573480940763,-0.37243028735170974,-0.08993461677306268,-0.15582333415782523,-0.9760738464982784,2.1069672844301035,0.04615748222891777,-0.2050813632226524,-0.9394051420294852,-1.6368087692734448,0.39158706473368626,0.0
2023-01-17,-0.11534196721631887,-0.18944573480940763,-0.37243028735170974,-0.08993461677306268,-0.15582333415782523,0.7331391026678474,0.10067451050055105,0.1105200971812823,-0.030243120296476817,-0.7441275556463703,-1.4686775932626344,0.39416728968303777,0.8756399
2023-01-18,-0.11534196721631887,-0.18944573480940763,-0.37243028735170974,-0.08993461677306268,-0.15582333415782523,0.7862189126797465,0.03925738476801376,0.10232849164189046,-0.15905076179079733,-0.6111870421686614,-1.3056228959001435,0.3939971729395894,-0.5369961
2023-01-19,-0.11534196721631887,-0.18944573480940763,-0.37243028735170974,-0.08993461677306268,-0.15582333415782523,-0.4466754168258475,-0.07241011656387226,0.18658500576134954,-0.14921558198858198,-0.5004393280885912,-1.151395415552883,0.3961520952475133,0.044369698
2023-01-20,-0.11534196721631887,-0.18944573480940763,-0.37243028735170974,-0.08993461677306268,-0.15582333415782523,-1.2856163491031671,-0.2976062442498424,-0.0732059127736492,0.25610752836874645,-0.31779825728247235,-0.9887901879473575,0.4004123317650497,1.922071
2023-01-23,-0.11534196721631887,-0.18944573480940763,-0.37243028735170974,-0.08993461677306268,-0.15582333415782523,-0.05336802134214002,0.506399765339737,0.21818119855614668,0.6738766898402692,-0.05809772298818548,-0.8029337898766654,0.4069692629300105,2.3500443
2023-01-24,-0.11534196721631887,-0.18944573480940763,-0.37243028735170974,-0.08993461677306268,-0.15582333415782523,-0.19021272423285784,-0.01285411585353305,0.17605294149641712,0.8347533763659138,0.19413943726339072,-0.600079258871374,0.415829976640518,1.0063052
2023-01-25,-0.11534196721631887,-0.18944573480940763,-0.37243028735170974,-0.08993461677306268,-0.15582333415782523,-1.2130488197968385,-0.09660474185244756,0.09413688610249861,0.6897464914280248,0.36315360286416287,-0.40149884871688785,0.4270440953719577,-0.470078
2023-01-26,-0.11534196721631887,-0.18944573480940763,-0.37243028735170974,-0.08993461677306268,-0.15582333415782523,-1.3529081974955344,-0.04449324123090076,0.25445830880202486,0.9322412225462533,0.563779853305646,-0.1995488542409196,0.43721619962857966,1.480341
2023-01-27,-0.11534196721631887,-0.18944573480940763,-0.37243028735170974,-0.08993461677306268,-0.15582333415782523,-1.0044979232592142,-0.6381921233120949,-0.4020403637120936,1.1367978913796828,0.7822523017002646,0.008929383583850172,0.4485578933376647,1.3684273
2023-01-30,-0.11534196721631887,-0.18944573480940763,-0.37243028735170974,-0.08993461677306268,-0.15582333415782523,0.3600730951805639,0.6441230169823965,0.09062619801418782,0.5175765180345251,0.8375481309630339,0.18758707814856704,0.4578226531837733,-2.0078063
2023-01-31,-0.11534196721631887,-0.18944573480940763,-0.37243028735170974,-0.08993461677306268,-0.15582333415782523,0.4385623071454209,-0.271550493939069,0.6979752372919552,0.6693281756824461,0.9147986829811419,0.3471032438437177,0.4714468801211157,0.90209246
2023-02-01,-0.11534196721631887,-0.18944573480940763,2.685066263302147,-0.08993461677306268,-0.15582333415782523,0.29654959029816935,-0.18221649287356018,-0.040439490616081826,0.7996091581808265,1.003021155927536,0.49366247094397536,0.48496474545541307,0.7900715
2023-02-02,-0.11534196721631887,-0.18944573480940763,-0.37243028735170974,-0.08993461677306268,-0.15582333415782523,1.5802627237096787,0.2923703877869554,0.09647734482803913,1.3078308883544079,1.2503379321683492,0.664022583789766,0.5032532593590161,3.7062645
2023-02-03,-0.11534196721631887,-0.18944573480940763,-0.37243028735170974,-0.08993461677306268,-0.15582333415782523,2.275683601735758,-2.884570025105202,2.566831529636068,1.5706642157563941,1.5585241315962763,0.8664954715878594,0.5208896176254995,2.4399877
2023-02-06,-0.11534196721631887,-0.18944573480940763,-0.37243028735170974,-0.08993461677306268,-0.15582333415782523,0.2508988003487875,3.009612920196182,0.6359530810651312,1.0422297474992053,1.6809651021777117,1.0547686998379329,0.5361867610443681,-1.7928839
2023-02-07,-0.11534196721631887,-0.18944573480940763,2.685066263302147,-0.08993461677306268,-0.15582333415782523,-0.33524011588808744,0.033674009701419455,0.4557377591985104,1.266116048809572,1.8593149546503984,1.243688961409336,0.5531426092058314,1.9244671
2023-02-08,-0.11534196721631887,-0.18944573480940763,-0.37243028735170974,-0.08993461677306268,-0.15582333415782523,-0.8429974871175331,0.02622950961262706,0.07190252820986358,0.7937884541988584,1.8780302240699007,1.3988443847629644,0.5662068418718295,-1.765275
2023-02-09,-0.11534196721631887,-0.18944573480940763,-0.37243028735170974,-0.08993461677306268,-0.15582333415782523,-1.0746967795021316,0.02064613454603275,0.3387148229214839,0.6214603404739326,1.8313495898780472,1.5129437829135004,0.5785834765346864,-0.6911576
2023-02-10,-0.11534196721631887,-0.18944573480940763,-0.37243028735170974,-0.08993461677306268,-0.15582333415782523,-1.183871074333908,-0.14313286740740006,0.16552087723148476,0.6578162016571076,1.784603101236752,1.594184218271521,0.5902658350429273,0.24523735
2023-02-13,-0.11534196721631887,-0.18944573480940763,-0.37243028735170974,-0.08993461677306268,-0.15582333415782523,-0.5693080813360974,0.13231363587791878,0.15615904232932262,0.925455607216384,1.8265208415897163,1.668178647647123,0.6039644202137049,1.8806815
2023-02-14,-0.11534196721631887,-0.18944573480940763,-0.37243028735170974,-0.08993461677306268,-0.15582333415782523,-0.43698539065734665,-0.06496561647507987,0.07190252820986358,0.8063163404890848,1.8128292835861022,1.7244338486017519,0.6163651005349955,-0.4224956
2023-02-15,-0.11534196721631887,-0.18944573480940763,-0.37243028735170974,-0.08993461677306268,-0.15582333415782523,-0.07651641718911416,0.16581388627748458,0.41126904341324033,1.004863022260279,1.8549744939702055,1.7784889409806575,0.6307954069529992,1.390338
2023-02-16,-0.11534196721631887,-0.18944573480940763,-0.37243028735170974,-0.08993461677306268,-0.15582333415782523,-0.24103152813877343,-0.30318961931643673,0.26147968497864643,0.7009465992118279,1.8065071934954893,1.8113243772670249,0.6440330918439142,-1.0429382
2023-02-17,-0.11534196721631887,-0.18944573480940763,-0.37243028735170974,-0.08993461677306268,-0.15582333415782523,-0.6335852549204865,0.0057571343684479515,0.11286055590682284,0.4900143162551627,1.704020927459658,1.8155831983584527,0.6546042174483211,-0.7546723
2023-02-20,-0.11534196721631887,-0.18944573480940763,-0.37243028735170974,-0.08993461677306268,-0.15582333415782523,-1.1554469975729722,0.2123420118324371,0.1702017946825658,0.4900143162551627,1.6017939793974438,1.7970364173527615,0.6628786484053035,0.0
2023-02-21,-0.11534196721631887,-0.18944573480940763,-0.37243028735170974,-0.08993461677306268,-0.15582333415782523,-0.8459044949680833,-0.08171574167486276,0.09647734482803913,-0.20740381706680078,1.3556288872317364,1.7293335923061404,0.6672570357276283,-2.6679814
2023-02-22,-0.11534196721631887,-0.18944573480940763,-0.37243028735170974,-0.08993461677306268,-0.15582333415782523,-0.7816273213836942,-0.13941061736300386,0.36914078635351083,-0.1466906188330572,1.160156158318602,1.633192414951656,0.672415638172155,0.28960705
2023-02-23,-0.11534196721631887,-0.18944573480940763,2.685066263302147,-0.08993461677306268,-0.15582333415782523,-0.15662063351538805,0.1974530116548523,0.01456128943412062,-0.07492967860855006,1.0087673460690316,1.5237678359332738,0.6764334987658015,0.3290534
2023-02-24,-0.11534196721631887,-0.18944573480940763,-0.37243028735170974,-0.08993461677306268,-0.15582333415782523,-0.7674152830032263,-0.02029861594232546,0.03445518860121512,-0.5098467035501041,0.7801129099882144,1.3871232887799478,0.6771451999356775,-1.8005252
2023-02-27,-0.11534196721631887,-0.18944573480940763,-0.37243028735170974,-0.08993461677306268,-0.15582333415782523,0.6105064381575974,-0.07054899154167416,0.08945596865141756,-0.31744253603973266,0.6327644956865403,1.2461637131270122,0.6807928724060465,0.82474947
2023-02-28,-0.11534196721631887,-0.18944573480940763,-0.37243028735170974,-0.08993461677306268,-0.15582333415782523,1.0456962800807144,-0.33296761967160626,-0.23001664738486466,-0.4010812491432451,0.48938889825086646,1.1026053004444014,0.6831640403035087,-0.3447771
2023-03-01,-0.11534196721631887,-0.18944573480940763,-0.37243028735170974,-0.08993461677306268,-0.15582333415782523,-0.31284538874310763,0.25700901236519147,0.42063087831540247,-0.7318041137300384,0.293994507513365,0.9457964765647312,0.6832362635412617,-1.4246047
2023-03-02,-0.11534196721631887,-0.18944573480940763,2.685066263302147,-0.08993461677306268,-0.15582333415782523,0.1634732309174239,-0.14499399242959818,0.1397758312505389,-0.6224822523612695,0.15646625821329077,0.7908144176774146,0.6799136854975022,0.41291714
2023-03-03,-0.11534196721631887,-0.18944573480940763,-0.37243028735170974,-0.08993461677306268,-0.15582333415782523,0.18360695195642035,0.2458422622320029,0.03445518860121512,0.16422661682261552,0.2272125442672677,0.6820219512699074,0.6776174149737987,3.509009
2023-03-06,-0.11534196721631887,-0.18944573480940763,-0.37243028735170974,-0.08993461677306268,-0.15582333415782523,0.5581802968476928,0.2514256372985972,0.23456440963493036,0.4984112806335425,0.3775024287387596,0.6272636140800125,0.6792724895048814,1.8539429
2023-03-07,-0.11534196721631887,-0.18944573480940763,-0.37243028735170974,-0.08993461677306268,-0.15582333415782523,0.5462292645732084,-0.04821549127529696,-0.22416550057101342,0.12050191038830492,0.4088227025814185,0.5901831572034331,0.6772745576706604,-1.4496505
2023-03-08,-0.11534196721631887,-0.18944573480940763,-0.37243028735170974,-0.08993461677306268,-0.15582333415782523,0.12460545928599263,-0.06682674149727796,0.25094762071371407,0.27638926803582786,0.4715312809475457,0.5739858274413586,0.6781134312600732,0.83771944
2023-03-09,-0.11534196721631887,-0.18944573480940763,-0.37243028735170974,-0.08993461677306268,-0.15582333415782523,-0.778612646575716,0.08950776036736248,0.09530711546526888,-0.09579845183054493,0.4313760068473196,0.5524043825282119,0.6780779270726277,-1.4914632
2023-03-10,-0.11534196721631887,-0.18944573480940763,-0.37243028735170974,-0.08993461677306268,-0.15582333415782523,-0.19624207384881376,-0.15988299260718297,0.25796899689033564,-0.40646019248070636,0.3178712384042136,0.510763410512899,0.6762959892291267,-1.3878703
2023-03-13,-0.11534196721631887,-0.18944573480940763,-0.37243028735170974,-0.08993461677306268,-0.15582333415782523,-0.8174804182071473,-0.046354366253098855,0.11403078526959312,-0.13147065772838915,0.29314010594610085,0.4721394768616858,0.6738964050423407,1.3265967
2023-03-14,-0.11534196721631887,-0.18944573480940763,-0.37243028735170974,-0.08993461677306268,-0.15582333415782523,-0.727040173967806,0.2086197617880409,0.09296665673972836,0.1413464139699725,0.3435983967350561,0.4520765444284019,0.6734633531573282,1.4089108
2023-03-15,-0.11534196721631887,-0.18944573480940763,-0.37243028735170974,-0.08993461677306268,-0.15582333415782523,-0.7644006081952481,-0.234327993495107,0.03562541796398538,0.19170389048584055,0.39098309009744603,0.4462023398587339,0.6718021036724056,0.26214123
2023-03-16,-0.11534196721631887,-0.18944573480940763,-0.37243028735170974,-0.08993461677306268,-0.15582333415782523,-0.922994036486379,0.044840759834608064,-0.09192958257797348,0.5328725002144445,0.523246361610817,0.4699072910648844,0.6733213651616979,1.8694043
2023-03-17,-0.11534196721631887,-0.18944573480940763,-0.37243028735170974,-0.08993461677306268,-0.15582333415782523,-1.3813322742564702,0.09509113543395678,-0.007673068458514395,0.3788696948036167,0.5880494386113863,0.5027880936600003,0.6750607037310948,-0.5454004
2023-03-20,-0.11534196721631887,-0.18944573480940763,-0.37243028735170974,-0.08993461677306268,-0.15582333415782523,-0.30315536257460685,-0.07613236660826847,0.13392468443668762,0.6537177494220388,0.7152909670789415,0.5564186017663655,0.6785038982480561,1.5483856
2023-03-21,-0.11534196721631887,-0.18944573480940763,-0.37243028735170974,-0.08993461677306268,-0.15582333415782523,-0.654580311618905,-0.010992990831334946,-0.04863109615547367,0.8494506688115958,0.8714367341681735,0.6328562293944469,0.6861712572006345,1.1944175
2023-03-22,-0.11534196721631887,-0.18944573480940763,-0.37243028735170974,-0.08993461677306268,-0.15582333415782523,-1.1300375956200144,0.0038960093462498545,-0.026396738262838615,0.5702461968552744,0.9295626222400807,0.7064892075631841,0.6925039059909669,-0.91034174
2023-03-23,-0.11534196721631887,-0.18944573480940763,-0.37243028735170974,-0.08993461677306268,-0.15582333415782523,-1.1637373532949118,-0.02029861594232545,0.21467051046783586,0.6938114965061623,1.0012692021169005,0.7807949995425729,0.6992696426089996,0.6969452
2023-03-24,-0.11534196721631887,-0.18944573480940763,-0.37243028735170974,-0.08993461677306268,-0.15582333415782523,-1.1345596078319815,0.1583693861886922,0.15381858360378212,0.8383574604657107,1.0906519388493778,0.8594351011370923,0.708882212660686,0.83055496
2023-03-27,-0.11534196721631887,-0.18944573480940763,-0.37243028735170974,-0.08993461677306268,-0.15582333415782523,-0.1983954129973695,-0.09660474185244756,0.1479674367899308,0.4442831614986339,1.0754084232786412,0.9190735478585416,0.7162371793326794,-1.2293279
2023-03-28,-0.11534196721631887,-0.18944573480940763,-0.37243028735170974,-0.08993461677306268,-0.15582333415782523,0.6696155977854527,-0.009131865809136849,0.1596697304176334,0.3226050680814801,1.0262046037564156,0.956217495825007,0.7235069402679271,-0.39803386
2023-03-29,-0.11534196721631887,-0.18944573480940763,-0.37243028735170974,-0.08993461677306268,-0.15582333415782523,0.05505260478764195,-0.009131865809136849,0.16435064786871448,0.7037587652458693,1.084837391675112,0.9985243899855738,0.7344826152055708,1.9790769
2023-03-30,-0.11534196721631887,-0.18944573480940763,-0.37243028735170974,-0.08993461677306268,-0.15582333415782523,-0.7996077032741348,-0.022159740964523552,0.11286055590682285,0.8753580492034063,1.1726655753196227,1.0512315239133672,0.7461611350347073,0.9889841
2023-03-31,-0.11534196721631887,-0.18944573480940763,-0.37243028735170974,-0.08993461677306268,-0.15582333415782523,-1.3498935226875564,0.1955918866326542,0.2099895930167548,1.1244843823847215,1.3162814120498365,1.1242395760162407,0.7560079867168914,1.5644193
2023-04-03,-0.11534196721631887,-0.18944573480940763,-0.37243028735170974,-0.08993461677306268,-0.15582333415782523,-0.7053991155248207,-0.2213001183397203,0.1573292716920929,1.2392856034790733,1.4566287117396188,1.2127864251207228,0.7647686359833334,0.77016354
2023-04-04,-0.11534196721631887,-0.18944573480940763,-0.37243028735170974,-0.08993461677306268,-0.15582333415782523,-0.8631312081565292,-0.02960424105331597,0.07073229884709331,1.1176769139946552,1.5281976621262543,1.2989937571068493,0.7747290953145123,-0.32496452
2023-04-05,-0.11534196721631887,-0.18944573480940763,-0.37243028735170974,-0.08993461677306268,-0.15582333415782523,-0.4279413662334124,-0.10777149198563618,0.03796587668952591,0.7088120368905729,1.497579908618384,1.3613842801909857,0.7824603244240959,-1.1290312
2023-04-06,-0.11534196721631887,-0.18944573480940763,-0.37243028735170974,-0.08993461677306268,-0.15582333415782523,-0.7726909639171878,0.08392438530076818,0.08360482183756622,0.8129595553496541,1.4861449157740751,1.4088409667421191,0.7924491856675235,0.5495906
2023-04-07,-0.11534196721631887,-0.18944573480940763,-0.37243028735170974,-0.08993461677306268,-0.15582333415782523,-1.4022196639974611,-0.1561607425627868,-0.10597233493121665,0.8129595553496531,1.4577373528241433,1.4407056248897538,0.8039218114013358,0.0
2023-04-10,-0.11534196721631887,-0.18944573480940763,-0.37243028735170974,-0.08993461677306268,-0.15582333415782523,-0.8220024304191145,-0.5674693724685669,0.2532880794392546,0.2379743172505084,1.3224597097774629,1.437145682543893,0.8121286916700363,-1.5972316
2023-04-11,-0.11534196721631887,-0.18944573480940763,-0.37243028735170974,-0.08993461677306268,-0.15582333415782523,-0.15952764136593847,-1.123945754105799,0.6078675763586449,-0.003896768992556658,1.1549775404952245,1.3983299485298193,0.817957280200466,-0.7591188
2023-04-12,-0.11534196721631887,-0.18944573480940763,-0.37243028735170974,-0.08993461677306268,-0.15582333415782523,-0.9222403677843847,1.5411852776818808,0.16201018914317394,-0.139373637453098,0.9830937006857952,1.3303642965670714,0.823004949132003,-0.43532252
2023-04-13,-0.11534196721631887,-0.18944573480940763,2.685066263302147,-0.08993461677306268,6.4175240852384325,0.41918225480841914,1.007042396311026,0.6289317048885096,0.6234641915174999,1.029640614878655,1.2859879983735911,0.8298984404411225,3.4103632
2023-04-14,-0.11534196721631887,-0.18944573480940763,-0.37243028735170974,-0.08993461677306268,-0.15582333415782523,-1.3790712681504866,-0.2138556182509279,0.1573292716920929,0.5535479409394397,1.0393679830718034,1.2525759693055238,0.8371469233049312,-0.2113998
2023-04-17,8.669871202426636,-0.18944573480940763,-0.37243028735170974,-0.08993461677306268,-0.15582333415782523,1.0980224213906191,0.5510667658724914,0.5727606954755369,0.5561119503266586,1.0333456895983502,1.2245530231349395,0.8427057403944928,0.012099743
2023-04-18,-0.11534196721631887,-0.18944573480940763,-0.37243028735170974,-0.08993461677306268,-0.15582333415782523,2.269654252119802,-0.8298880005984991,0.19126592321243055,0.717545024230187,1.0586101656015041,1.2075603608981649,0.8478102203390652,0.75047016
2023-04-19,-0.11534196721631887,-0.18944573480940763,-0.37243028735170974,-0.08993461677306268,-0.15582333415782523,0.9911091326648261,-0.08729911674145707,0.14445674870161998,0.8626383010708115,1.1052411503325938,1.2039805091276259,0.8547676321249539,0.696826
2023-04-20,-0.11534196721631887,-0.18944573480940763,-0.37243028735170974,-0.08993461677306268,-0.15582333415782523,-0.05261435264014535,0.03739625974581566,0.1608399597804037,0.6277031668317371,1.0916800736964078,1.1982043068058297,0.8602483601300416,-0.5846262
2023-04-21,-0.11534196721631887,-0.18944573480940763,-0.37243028735170974,-0.08993461677306268,-0.15582333415782523,-1.0852481413300548,-0.051937741319693156,0.14679720742716051,0.25772227906215567,1.0079081522428979,1.175592832493013,0.8636347723881187,-0.97809434
2023-04-24,-0.11534196721631887,-0.18944573480940763,-0.37243028735170974,-0.08993461677306268,-0.15582333415782523,-0.4668091378648437,-0.2045499931399374,0.004029225169188241,0.3068250387695236,0.9393443335656348,1.1427791700358099,0.8686398420455521,0.18785
2023-04-25,-0.11534196721631887,-0.18944573480940763,-0.37243028735170974,-0.08993461677306268,-0.15582333415782523,-0.2986333503626398,-0.43532949589250186,-0.0755463714991898,-0.04079495055084671,0.8167137897534421,1.0901926100930321,0.8729846732741341,-0.94356537
2023-04-26,-0.11534196721631887,-0.18944573480940763,2.685066263302147,-0.08993461677306268,-0.15582333415782523,-0.7277938426698005,0.5585112659612839,0.11637124399513363,-0.043002484093196174,0.7084596130959497,1.0248751414974304,0.8751073837448557,-0.006109476
2023-04-27,-0.11534196721631887,-0.18944573480940763,-0.37243028735170974,-0.08993461677306268,-0.15582333415782523,-0.7711836265131988,-0.32924536962721007,0.026263583061823255,0.6883839591388515,0.7790708890951572,0.9877853531205861,0.879402491858524,2.8395295
2023-04-28,-0.11534196721631887,-0.18944573480940763,2.685066263302147,-0.08993461677306268,-0.15582333415782523,-1.1958221066083925,0.5361777656949066,0.19594684066351162,0.8478311716131615,0.8683436636065652,0.9772853753969029,0.8827960063917979,0.75410604
2023-05-01,-0.11534196721631887,-0.18944573480940763,-0.37243028735170974,-0.08993461677306268,-0.15582333415782523,-1.2422265652597688,-0.19524436802894687,0.11052009718128232,0.8255236051050465,0.922666034909269,0.980551441704971,0.8852240212449825,-0.053036213
2023-05-02,-0.11534196721631887,-0.18944573480940763,-0.37243028735170974,-0.08993461677306268,-0.15582333415782523,0.01984550970875551,-0.10032699189684376,0.2802033547829707,0.5612841759742437,0.914711119774545,0.9814559299756197,0.8872899135141319,-0.61914325
2023-05-03,-0.11534196721631887,-0.18944573480940763,-0.37243028735170974,-0.08993461677306268,-0.15582333415782523,-0.5423913419791505,0.050424134901202344,0.2989270245872949,0.2972907842659518,0.8566283650192371,0.9697059076590984,0.8899095891580973,-0.6467283
2023-05-04,-0.11534196721631887,-0.18944573480940763,-0.37243028735170974,-0.08993461677306268,-0.15582333415782523,0.7638241855347668,-0.13010499225201336,0.27201174924357885,-0.07696812848737458,0.7395823202755284,0.9351695638236343,0.8907117940169657,-0.99134445
2023-05-05,-0.11534196721631887,-0.18944573480940763,-0.37243028735170974,-0.08993461677306268,-0.15582333415782523,2.491017516591333,5.630076951451107,6.02719975534774,0.9602023339755895,0.9146966082527749,0.945147311235967,0.8970373261550261,4.6926975
2023-05-08,-0.11534196721631887,-0.18944573480940763,2.685066263302147,-0.08993461677306268,-0.15582333415782523,-0.28818965549214437,-4.561443670105691,0.5505263375829018,0.9454846527801848,1.0364587234553608,0.9792786389952254,0.9051803218896456,-0.040334463
2023-05-09,-0.11534196721631887,-0.18944573480940763,-0.37243028735170974,-0.08993461677306268,-0.15582333415782523,-0.1147381870759788,-1.3212250064587974,-0.11065325238229769,0.5827798269886532,1.0557702020592556,1.010730954725377,0.9129683620122644,-0.9971142
2023-05-10,-0.11534196721631887,-0.18944573480940763,-0.37243028735170974,-0.08993461677306268,-0.15582333415782523,-0.9192256929764065,0.5938726413830476,0.21701096919337637,0.7894114970572782,1.1200826247328801,1.0497042780394326,0.9225205842903932,1.0391712
2023-05-11,-0.11534196721631887,-0.18944573480940763,-0.37243028735170974,-0.08993461677306268,-0.15582333415782523,-0.6462899558969655,-0.234327993495107,0.27084151988080857,0.8117459722239846,1.1621550676602115,1.089918241066887,0.9283349970245797,0.112354755
2023-05-12,-0.11534196721631887,-0.18944573480940763,2.685066263302147,-0.08993461677306268,-0.15582333415782523,-1.1360669452359704,-0.055659991364089376,0.0812643631120257,0.6006330574081281,1.1457548146492844,1.1185673607713174,0.9337295919715642,-0.5410075
2023-05-15,-0.11534196721631887,-0.18944573480940763,-0.37243028735170974,-0.08993461677306268,-0.15582333415782523,-0.22908049586428914,0.38170438885246427,0.25094762071371407,0.4876219979162982,1.099462272611163,1.131545061073306,0.938754566689746,-0.28973818
2023-05-16,-0.11534196721631887,-0.18944573480940763,-0.37243028735170974,-0.08993461677306268,-0.15582333415782523,0.4251039374669475,-0.6884424989114436,0.0005185370808774279,0.48762199791629923,1.0481513038046968,1.130907889211805,0.9428991899562835,0.0
2023-05-17,-0.11534196721631887,-0.18944573480940763,-0.37243028735170974,-0.08993461677306268,-0.15582333415782523,-0.007071229648191255,-3.14140527816854,-1.8765293608026268,0.5840419375297993,1.0156581483434863,1.1234200556267198,0.9466610523471969,0.36031008
2023-05-18,-0.11534196721631887,-0.18944573480940763,2.685066263302147,-0.08993461677306268,-0.15582333415782523,-0.2635339222411809,3.4358105502795464,0.03445518860121514,0.920529087910079,1.0604851633590686,1.1270566536792903,0.9527964189103073,1.3666153
2023-05-19,-0.11534196721631887,-0.18944573480940763,-0.37243028735170974,-0.08993461677306268,-0.15582333415782523,-0.5932101458850663,0.21420313685463518,0.1210521614462147,0.9353149606711083,1.0849418043011216,1.1352181394940635,0.9601672147422025,0.06283522
2023-05-22,-0.11534196721631887,-0.18944573480940763,-0.37243028735170974,-0.08993461677306268,-0.15582333415782523,-0.291850332044689,-0.2883006191388519,-0.05916316042040603,0.6656716700515619,1.0549052386974531,1.135296799159156,0.9666354249755077,-0.5480766
2023-05-23,-0.11534196721631887,-0.18944573480940763,-0.37243028735170974,-0.08993461677306268,-0.15582333415782523,0.5372929071067019,-0.20827224318433363,-0.02522650890006836,0.012240095704339933,0.9224572220561731,1.1069157369273885,0.9723343538523735,-1.5155017
2023-05-24,-0.11534196721631887,-0.18944573480940763,2.685066263302147,-0.08993461677306268,-0.15582333415782523,-0.17373967974640628,0.41520463925203005,0.12222239080898496,0.06398181651513497,0.8156718336766833,1.0612780974152893,0.9782394068577682,0.16320944
2023-05-25,-0.11534196721631887,-0.18944573480940763,-0.37243028735170974,-0.08993461677306268,-0.15582333415782523,-0.9289157191449074,0.02622950961262706,0.11052009718128232,0.2750950528002564,0.7613127091099925,1.0130940443391563,0.981660784162967,0.66922903
2023-05-26,-0.11534196721631887,-0.18944573480940763,-0.37243028735170974,-0.08993461677306268,-0.15582333415782523,-1.397697651785494,0.21978651192122947,0.16201018914317394,0.6698577386658956,0.794768047099026,0.9817315323266815,0.9859151907764702,1.4104843
2023-05-29,-0.11534196721631887,-0.18944573480940763,-0.37243028735170974,-0.08993461677306268,-0.15582333415782523,-1.3416031669656168,-0.10591036696343807,0.19243615257520086,0.6698577386658956,0.8094099099435815,0.9597859488120388,0.9902334819240544,0.0
2023-05-30,-0.11534196721631887,-0.18944573480940763,-0.37243028735170974,-0.08993461677306268,-0.15582333415782523,-0.37410788751951873,-0.09660474185244756,0.11169032654405257,0.9454419741623107,0.8759990072050847,0.9565298819779041,0.9966266582013859,1.0659575
2023-05-31,-0.11534196721631887,-0.18944573480940763,-0.37243028735170974,-0.08993461677306268,-0.15582333415782523,0.37805347707100434,0.11742463570033397,0.15732927169209288,0.9306907881109556,0.9138877744592289,0.9620618639487445,1.003758118860817,-0.028204918
2023-06-01,-0.11534196721631887,-0.18944573480940763,-0.37243028735170974,-0.08993461677306268,-0.15582333415782523,0.8729984803665433,0.1844251364994656,0.19126592321243055,1.3024923959540282,1.0321774082518924,0.9918908435644355,1.0140870913860014,1.6022563
2023-06-02,-0.11534196721631887,-0.18944573480940763,-0.37243028735170974,-0.08993461677306268,-0.15582333415782523,0.5985554058831131,-0.05193774131969316,0.24509647389986272,1.400656463464754,1.1413251346790863,1.0391941429627567,1.0195041289475242,0.4775405
2023-06-05,-0.11534196721631887,-0.18944573480940763,-0.37243028735170974,-0.08993461677306268,-0.15582333415782523,2.4356767004734503,-0.21943899331752217,0.11169032654405257,0.9883587539046781,1.1623421403599925,1.0815503079672406,1.0239969074694475,-0.7571101
2023-06-06,-0.11534196721631887,-0.18944573480940763,-0.37243028735170974,-0.08993461677306268,-0.15582333415782523,2.577689417320702,0.08020213525637196,0.16318041850594422,0.8797132625902173,1.1498227804207404,1.1127466338482443,1.0294548262445768,-0.20603538
2023-06-07,-0.11534196721631887,-0.18944573480940763,-0.37243028735170974,-0.08993461677306268,-0.15582333415782523,0.874505817770532,-0.025881991008919757,0.17254225340810633,0.4833842105008497,1.074704326463804,1.1215715650985365,1.0326573341439957,-0.7756233
2023-06-08,-0.11534196721631887,-0.18944573480940763,-0.37243028735170974,-0.08993461677306268,-0.15582333415782523,-0.17901536066036774,0.007618259390646054,0.18307431767303872,0.9029102066230345,1.0994066240516844,1.1339364736798896,1.0376764430154564,1.5465021
2023-06-09,-0.11534196721631887,-0.18944573480940763,-0.37243028735170974,-0.08993461677306268,-0.15582333415782523,-0.16178864747192198,0.018785009523834655,0.1678613359570253,0.9565792667509339,1.1176605591553763,1.14774854038592,1.0436410674323433,0.21598339
2023-06-12,-0.11534196721631887,-0.18944573480940763,-0.37243028735170974,-0.08993461677306268,-0.15582333415782523,-0.35397416648052243,-0.11521599207442856,0.11286055590682285,1.3079615955714736,1.2178888664300407,1.1803228117745432,1.0519730498217388,1.5638709
2023-06-13,-0.11534196721631887,-0.18944573480940763,-0.37243028735170974,-0.08993461677306268,-0.15582333415782523,-0.28366764328017735,0.3482041384528985,0.06839184012155279,1.1683449228559668,1.2628624491330664,1.2160405700783299,1.059963770763353,-0.2611637
2023-06-14,-0.11534196721631887,-0.18944573480940763,-0.37243028735170974,-0.08993461677306268,-0.15582333415782523,-0.6828967214224131,-0.6158586230457176,0.047327711591688054,1.247452886779848,1.3040755464933431,1.2534655315867151,1.0679687393865867,0.34914017
2023-06-15,-0.11534196721631887,-0.18944573480940763,-0.37243028735170974,-0.08993461677306268,-0.15582333415782523,-1.127776589514031,0.38728776391905856,0.17137202404533608,1.4829839182917794,1.3926386178520824,1.3024249408482904,1.075760452851944,1.119864
2023-06-16,-0.11534196721631887,-0.18944573480940763,-0.37243028735170974,-0.08993461677306268,-0.15582333415782523,-0.8796042526429807,0.3482041384528984,0.3270125292937812,1.1525577932546909,1.4046732302765927,1.3441769720025079,1.0826990234806566,-0.5859852
2023-06-19,-0.11534196721631887,-0.18944573480940763,-0.37243028735170974,-0.08993461677306268,-0.15582333415782523,-1.1442496340004822,-0.9564445021079699,-0.2019311426783783,1.1525577932546909,1.3955819869589001,1.3756261989946412,1.0903200882507793,0.0
2023-06-20,-0.11534196721631887,-0.18944573480940763,-0.37243028735170974,-0.08993461677306268,-0.15582333415782523,-0.6396146045364425,0.506399765339737,0.12339262017175522,1.165120063901789,1.373260806433175,1.3959919758900283,1.0998819503578943,0.048673153
2023-06-21,-0.11534196721631887,-0.18944573480940763,-0.37243028735170974,-0.08993461677306268,-0.15582333415782523,-0.638860935834448,-0.05379886634189125,0.09998803291634994,0.8166216826537743,1.3000730161030611,1.396567089312097,1.1084983256737337,-0.5675316
2023-06-22,-0.11534196721631887,-0.18944573480940763,-0.37243028735170974,-0.08993461677306268,-0.15582333415782523,-1.2960600439736625,-0.08729911674145707,0.07424298693540411,1.2553318106339124,1.3340852315872722,1.4043315032130133,1.1184583321270407,1.6525269
2023-06-23,-0.11534196721631887,-0.18944573480940763,-0.37243028735170974,-0.08993461677306268,-0.15582333415782523,-1.0665140907376196,0.21978651192122947,0.14562697806439026,1.1533080907348323,1.331577363752125,1.4100044549775388,1.1264561912865403,-0.17112494
2023-06-26,-0.11534196721631887,-0.18944573480940763,-0.37243028735170974,-0.08993461677306268,-0.15582333415782523,-0.5371156610651889,0.08578551032296626,0.20530867556567373,0.7174018468649724,1.2615167125523812,1.3994968798012002,1.133451652002202,-0.75529814
2023-06-27,-0.11534196721631887,-0.18944573480940763,-0.37243028735170974,-0.08993461677306268,-0.15582333415782523,-0.6216342226460021,-0.3050507443386347,0.37382170380459184,1.117443895478856,1.2894817616591994,1.3970964783049622,1.1411011546272618,1.5059114
2023-06-28,-0.11534196721631887,-0.18944573480940763,-0.37243028735170974,-0.08993461677306268,-0.15582333415782523,-1.0058975937057755,-0.29202286918324805,0.6593576683205364,1.2637597396684785,1.3367279689468603,1.4053225577865072,1.1496321876241398,0.63277483
2023-06-29,-0.11534196721631887,-0.18944573480940763,2.685066263302147,-0.08993461677306268,-0.15582333415782523,-0.9626154768198049,1.7347422799904832,0.0449872528661475,1.3050790426278753,1.3681541944594382,1.4186523879908675,1.1563859409499126,0.17966032
2023-06-30,8.669871202426636,-0.18944573480940763,-0.37243028735170974,-0.08993461677306268,-0.15582333415782523,1.036759922614208,-0.509774496780426,-0.1129937111078382,1.748237073090798,1.5312606274682208,1.4643443172110404,1.1656421320591444,2.3102522
2023-07-03,-0.11534196721631887,-0.18944573480940763,-0.37243028735170974,-0.08993461677306268,-0.15582333415782523,0.5035931494318046,-0.05379886634189125,0.45456752983574006,1.3189645527562852,1.5851054083303833,1.5124613437203138,1.1747988194302474,-0.77846646
2023-07-04,-0.11534196721631887,-0.18944573480940763,-0.37243028735170974,-0.08993461677306268,-0.15582333415782523,-0.42643402882942344,-0.46324637122547324,0.35158734591195684,1.3189645527562843,1.606715212329314,1.5555957973362,1.1842185353939039,0.0
2023-07-05,-0.11534196721631887,-0.18944573480940763,-0.37243028735170974,-0.08993461677306268,-0.15582333415782523,-0.748788899368219,-0.5618859974019726,0.13275445507391734,0.9940661383886568,1.562424217224694,1.5805916087343104,1.193823083037575,-0.58713555
2023-07-06,-0.11534196721631887,-0.18944573480940763,2.685066263302147,-0.08993461677306268,-0.15582333415782523,-1.2377045530478017,0.2886481377425592,0.17371248277087661,1.057753693857854,1.524565079771918,1.5924577855886273,1.2018138111677268,0.25087595
2023-07-07,-0.11534196721631887,-0.18944573480940763,-0.37243028735170974,-0.08993461677306268,-0.15582333415782523,-1.2676359672127266,0.5324555156505104,0.5786118422893882,0.7304492753535842,1.4346188775117725,1.5826342515275478,1.2087239726956533,-0.58912635
2023-07-10,-0.11534196721631887,-0.18944573480940763,2.685066263302147,-0.08993461677306268,-0.15582333415782523,-0.6762213700618903,-0.43160724584810556,0.18190408831026844,0.19218719795557213,1.2712835330554781,1.5396981991433454,1.2121506191989482,-1.0855854
2023-07-11,-0.11534196721631887,-0.18944573480940763,-0.37243028735170974,-0.08993461677306268,-0.15582333415782523,0.08864469550511175,-0.13754949234080577,0.11988193208344444,0.06405442482851645,1.1073660063446686,1.470147105040032,1.2155417327606468,-0.28100014
2023-07-12,-0.11534196721631887,-0.18944573480940763,-0.37243028735170974,-0.08993461677306268,-0.15582333415782523,-0.5386229984691779,0.04111850979021186,0.14445674870161998,0.3712492142007816,1.0242272473857503,1.396651692668778,1.2196792896946764,0.89855194
2023-07-13,-0.11534196721631887,-0.18944573480940763,-0.37243028735170974,-0.08993461677306268,-0.15582333415782523,-1.1099038745810181,0.03553513472361756,0.13158422571114708,0.5021804572828068,0.9724339738487239,1.3267324528933158,1.2228997545611413,0.40575266
2023-07-14,-0.11534196721631887,-0.18944573480940763,-0.37243028735170974,-0.08993461677306268,-0.15582333415782523,-1.183871074333908,0.15464713614429598,0.17371248277087661,0.5282234213894305,0.9236233924983057,1.260314701870688,1.2270017785535747,0.078725815
2023-07-17,-0.11534196721631887,-0.18944573480940763,-0.37243028735170974,-0.08993461677306268,-0.15582333415782523,-0.31510639484909114,-0.2119944932287298,0.11403078526959312,1.0323355646534533,0.9903208678367226,1.2215041758591147,1.233449832127314,1.7305613
2023-07-18,-0.11534196721631887,-0.18944573480940763,-0.37243028735170974,-0.08993461677306268,-0.15582333415782523,0.35479741426660216,0.4580105147625863,0.23105372154661954,0.956342591663487,1.0194841428526429,1.19671873975058,1.23964906884743,-0.13403296
2023-07-19,-0.11534196721631887,-0.18944573480940763,-0.37243028735170974,-0.08993461677306268,-0.15582333415782523,0.5596876342516818,-0.9676112522411585,-0.001821921644663087,1.1441847391810702,1.077180691589496,1.189281063784617,1.2475687095287773,0.70717335
2023-07-20,-0.11534196721631887,-0.18944573480940763,2.685066263302147,-0.08993461677306268,-0.15582333415782523,0.3413390445881288,0.7911518937360462,0.0683918401215528,0.5814072319396555,1.0371680905769223,1.1747379817924146,1.2519266814041805,-1.0097384
2023-07-21,-0.11534196721631887,-0.18944573480940763,-0.37243028735170974,-0.08993461677306268,-0.15582333415782523,-0.4825285136493007,-0.36460674504897395,0.18190408831026844,0.2754437073591308,0.9489443157344977,1.144156942064692,1.2556661586888567,-0.616169
2023-07-24,-0.11534196721631887,-0.18944573480940763,2.685066263302147,-0.08993461677306268,6.4175240852384325,0.7638241855347668,0.4077601391632377,0.25094762071371407,0.41696149430330126,0.8954532591670148,1.1082045915204812,1.2609838506600792,0.42200089
2023-07-25,-0.11534196721631887,-0.18944573480940763,-0.37243028735170974,-0.08993461677306268,-0.15582333415782523,0.7645778542367615,-0.80941562535432,0.1737124827708766,0.5654637680744345,0.8719306061183356,1.0743910831014967,1.2649365831026316,0.45136213
2023-07-26,-0.11534196721631887,-0.18944573480940763,-0.37243028735170974,-0.08993461677306268,-0.15582333415782523,-0.3517131603745389,0.10067451050055104,0.11871170272067416,0.7112648095077785,0.872513418945226,1.0474654388460443,1.2686689365464983,0.45449734
2023-07-27,-0.11534196721631887,-0.18944573480940763,2.685066263302147,-0.08993461677306268,-0.15582333415782523,-0.3053087017231626,0.39101001396345475,0.08594528056310675,0.3490727922175653,0.814751711531754,1.01352025731208,1.2712495568654203,-0.6580949
2023-07-28,-0.11534196721631887,-0.18944573480940763,-0.37243028735170974,-0.08993461677306268,-0.15582333415782523,-1.1233622442594915,-0.21757786829532405,-0.09427004130351396,0.7783205375500003,0.8510104442689715,0.9941508880309182,1.2725718739887606,1.3507962
2023-07-31,-0.11534196721631887,-0.18944573480940763,-0.37243028735170974,-0.08993461677306268,-0.15582333415782523,0.4588036951418449,0.37425988876367183,0.22052165728168718,0.8693981187060137,0.8893737333093563,0.9868941343864719,1.2754084350021144,0.31659603
2023-08-01,-0.11534196721631887,-0.18944573480940763,-0.37243028735170974,-0.08993461677306268,-0.15582333415782523,0.617289456475548,0.07461876018977764,0.20296821684013322,0.6260610230244129,0.8765727025199386,0.9783396348778933,1.2776442571127327,-0.43013692
2023-08-02,-0.11534196721631887,-0.18944573480940763,-0.37243028735170974,-0.08993461677306268,-0.15582333415782523,0.6150284503695644,-0.36832899509337014,0.24509647389986272,-0.1258378946924398,0.7458954685230432,0.9434323312868688,1.2785329041368225,-1.5464783
2023-08-03,-0.11534196721631887,-0.18944573480940763,-0.37243028735170974,-0.08993461677306268,-0.15582333415782523,2.238323167508316,0.5901503913386514,0.5633988605733747,-0.42046827070380954,0.5820923833006036,0.8803288132002921,1.278077941589058,-0.7321656
2023-08-04,-0.11534196721631887,5.278556421478968,-0.37243028735170974,-0.08993461677306268,-0.15582333415782523,2.499953874057839,-2.897597900260589,3.0103484581259976,-1.6848646662285776,0.11641786859966949,0.7298396599540288,1.271900062014295,-4.8020067
2023-08-07,-0.11534196721631887,-0.18944573480940763,-0.37243028735170974,-0.08993461677306268,-0.15582333415782523,0.6785519552519592,2.339607912204865,0.17722317085918737,-1.958291857632501,-0.3645251641943055,0.5061629945872466,1.2649614482543567,-1.7253697
2023-08-08,-0.11534196721631887,-0.18944573480940763,-0.37243028735170974,-0.08993461677306268,-0.15582333415782523,0.3585657577765748,-0.48930212153624664,-0.07905705958750053,-1.771032679630349,-0.7057268270141951,0.25394659997876945,1.2590750135614712,0.53117275
2023-08-09,-0.11534196721631887,-0.18944573480940763,-0.37243028735170974,-0.08993461677306268,-0.15582333415782523,1.0038138336413052,0.5752613911610667,0.20179798747736297,-1.9133653315581287,-1.0250787919043014,-0.016409226983101027,1.25084254928728,-0.8954406
2023-08-10,-0.11534196721631887,-0.18944573480940763,-0.37243028735170974,-0.08993461677306268,-0.15582333415782523,-0.8773432465369971,0.028090634634825164,0.24509647389986272,-1.9328812910047808,-1.2739786624240181,-0.2861465985183394,1.2419062768575508,-0.12346506
2023-08-11,-0.11534196721631887,-0.18944573480940763,-0.37243028735170974,-0.08993461677306268,-0.15582333415782523,-1.0575777332711134,0.03181288467922135,0.29775679522452464,-1.9191987773449988,-1.4548317855492467,-0.5407757668020998,1.2329060839510526,0.033712387
2023-08-14,-0.11534196721631887,-0.18944573480940763,2.685066263302147,-0.08993461677306268,-0.15582333415782523,-0.35548150388451155,-0.01657636589792925,0.1795636295847279,-1.5393586347451467,-1.5226747679446875,-0.7590487806082187,1.2227486946309973,0.9393215
2023-08-15,-0.11534196721631887,-0.18944573480940763,-0.37243028735170974,-0.08993461677306268,-0.15582333415782523,-0.7524495759207638,-0.09288249180805135,0.048497940954458287,-1.760096423862862,-1.6329431751072512,-0.9573479801329856,1.2113452729491254,-1.1200309
2023-08-16,-0.11534196721631887,-0.18944573480940763,-0.37243028735170974,-0.08993461677306268,-0.15582333415782523,-0.7928246849561842,-0.3571622449601816,0.06254069330770148,-1.8516952099407458,-1.7347422666671448,-1.1378492929332689,1.1983414455649875,-0.49591064
2023-08-17,-0.11534196721631887,-0.18944573480940763,2.685066263302147,-0.08993461677306268,-0.15582333415782523,-0.522903622684721,0.35750976356388897,0.104668950367431,-2.098856041173942,-1.8892467803978452,-1.315431095512179,1.184908577499844,-1.4555156
2023-08-18,-0.11534196721631887,-0.18944573480940763,-0.37243028735170974,-0.08993461677306268,-0.15582333415782523,-1.1711663733574291,-0.2659671188724747,0.1140307852695931,-1.979806316685771,-1.9737388782841743,-1.4756417121520744,1.172670501900159,0.2816081
2023-08-21,-0.11534196721631887,-0.18944573480940763,2.685066263302147,-0.08993461677306268,-0.15582333415782523,-1.0261389817021995,0.35006526347509653,0.11403078526959312,-1.6550873285863417,-1.9716280931331345,-1.6033569019478298,1.1608176312788991,0.7736802
2023-08-22,-0.11534196721631887,-0.18944573480940763,-0.37243028735170974,-0.08993461677306268,-0.15582333415782523,-0.7741983013211768,-0.04449324123090076,0.19360638193797108,-1.3379894246237227,-1.900257845770844,-1.690201873724139,1.1493357610856716,0.7904887
2023-08-23,-0.11534196721631887,-0.18944573480940763,2.685066263302147,-0.08993461677306268,-0.15582333415782523,-1.0246316442982104,-0.06868786651947606,-0.0029921510074333445,-0.584690420157695,-1.6859377850587174,-1.7136513585593742,1.1399975200077215,2.1948934
2023-08-24,-0.11534196721631887,-0.18944573480940763,-0.37243028735170974,-0.08993461677306268,-0.15582333415782523,-1.1008598501570839,0.06531313507878717,0.06722161075878252,-1.19928888654692,-1.671011611940665,-1.7292054630301146,1.1281949547729246,-2.6170433
2023-08-25,-0.11534196721631887,-0.18944573480940763,-0.37243028735170974,-0.08993461677306268,-0.15582333415782523,-1.381978276001037,0.06159088503439096,0.16552087723148476,-0.8294133878290135,-1.56295435108553,-1.7184428147911481,1.1161243649119088,1.2643099
2023-08-28,-0.11534196721631887,-0.18944573480940763,-0.37243028735170974,-0.08993461677306268,-0.15582333415782523,-0.7105671294813545,-0.08543799171925896,0.08360482183756623,-0.5848987032557846,-1.40643218678946,-1.6762186415447502,1.104737771596672,0.88460445
2023-08-29,-0.11534196721631887,-0.18944573480940763,-0.37243028735170974,-0.08993461677306268,-0.15582333415782523,0.8475890784135853,0.210480886810239,0.17605294149641712,-0.05056568400212447,-1.12959485646668,-1.5829868593021794,1.0967496097744607,2.1810293
2023-08-30,-0.11534196721631887,-0.18944573480940763,-0.37243028735170974,-0.08993461677306268,-0.15582333415782523,0.7054686946089059,-0.05938224140848557,0.11988193208344444,0.34558450139991226,-0.7759676461054935,-1.4324579118342793,1.0934249254891697,1.9172311
2023-08-31,-0.11534196721631887,-0.18944573480940763,-0.37243028735170974,-0.08993461677306268,-0.15582333415782523,-0.6238952287519856,0.015062759479438454,0.08828573928864729,0.36893776131815853,-0.48470351876382994,-1.249484070769164,1.091259227563311,0.117242336
2023-09-01,-0.11534196721631887,-0.18944573480940763,-0.37243028735170974,-0.08993461677306268,-0.15582333415782523,-1.245241240067747,0.06345201005658907,0.17137202404533608,0.5391894178308311,-0.19657308695499742,-1.041227294358517,1.0967516728847655,0.8463383
2023-09-04,-0.11534196721631887,-0.18944573480940763,-0.37243028735170974,-0.08993461677306268,-0.15582333415782523,-0.6283095740065249,-0.10218811691904188,0.15381858360378212,0.5391894178308311,0.028897879412815637,-0.8262006581213336,1.1044764394990034,0.0
2023-09-05,-0.11534196721631887,-0.18944573480940763,-0.37243028735170974,-0.08993461677306268,-0.15582333415782523,0.5395539132126856,-0.020298615942325453,0.14328651933884973,0.5670434299562545,0.21129856393536836,-0.6150077301710037,1.1116966642213162,0.12667179
2023-09-06,-0.11534196721631887,-0.18944573480940763,-0.37243028735170974,-0.08993461677306268,-0.15582333415782523,1.5017735117448219,-0.06682674149727796,0.13626514316222813,-0.5111867655586675,0.10620912581431649,-0.4686219622524144,1.1152278104964053,-3.5793304
2023-09-07,-0.11534196721631887,5.278556421478968,-0.37243028735170974,-0.08993461677306268,-0.15582333415782523,2.1462679189075575,-0.939694376908187,1.7418198288830309,-1.101999645364455,-0.17137392215094852,-0.41112593880926307,1.1151067914650952,-2.924937
2023-09-08,-0.11534196721631887,5.278556421478968,-0.37243028735170974,-0.08993461677306268,-0.15582333415782523,1.4337279946504602,-0.975055752329951,4.786756630811259,-1.0124745033556548,-0.36721804440248496,-0.40718779627401075,1.115384412789075,0.34917593
2023-09-11,-0.11534196721631887,-0.18944573480940763,2.685066263302147,11.119188982851384,6.4175240852384325,1.6094404691726094,1.9562161576320571,0.325842299931011,-0.8396673406827878,-0.47674081497205434,-0.4275579408852676,1.1153132390778187,0.6622553
2023-09-12,-0.11534196721631887,-0.18944573480940763,-0.37243028735170974,-0.08993461677306268,-0.15582333415782523,2.762445916266785,0.015062759479438454,0.16201018914317394,-1.1655482148815701,-0.6691752568339481,-0.48518048389135127,1.114494543713585,-1.7060637
2023-09-13,-0.11534196721631887,-0.18944573480940763,-0.37243028735170974,-0.08993461677306268,-0.15582333415782523,2.5328999630307427,-0.042632116208702664,0.13509491379945787,-1.3669985497523862,-0.8896494171773317,-0.5786266399451678,1.1128144746370985,-1.1854768
2023-09-14,-0.11534196721631887,-0.18944573480940763,-0.37243028735170974,-0.08993461677306268,-0.15582333415782523,1.0360062539122137,-0.08171574167486277,0.10934986781851204,-1.125764160897354,-0.9999860713358764,-0.6770790097115639,1.1140531387478247,0.8782506
2023-09-15,-0.11534196721631887,-0.18944573480940763,-0.37243028735170974,-0.08993461677306268,-0.15582333415782523,0.8123819833346991,-0.14871624247399434,-0.013524215272365723,-1.2022863133504196,-1.103683212229524,-0.7781104759543116,1.1144232981169515,-0.41539073
2023-09-18,-0.11534196721631887,-0.18944573480940763,-0.37243028735170974,-0.08993461677306268,-0.15582333415782523,0.6292404887500325,0.35192638849729463,0.18658500576134954,-0.7437349666403589,-1.068896312241059,-0.8514649577351795,1.1159396123058083,1.6913414
2023-09-19,-0.11534196721631887,-0.18944573480940763,-0.37243028735170974,-0.08993461677306268,-0.15582333415782523,0.1612122248114404,0.07834101023417388,0.13509491379945787,-0.5848465799537685,-0.992594161634562,-0.8937622078933459,1.1172494860704791,0.61808825
2023-09-20,-0.11534196721631887,-0.18944573480940763,-0.37243028735170974,-0.08993461677306268,-0.15582333415782523,-0.14316226383691466,-0.1636052426515792,0.1479674367899308,-1.0066507827456705,-1.052174139554372,-0.940395158426599,1.113241595978551,-1.9992173
2023-09-21,-0.11534196721631887,-0.18944573480940763,-0.37243028735170974,-0.08993461677306268,-0.15582333415782523,-0.1983954129973695,-0.48371874646965246,-0.14810059199094616,-1.1719471516731719,-1.1452221621404224,-0.9976841285419598,1.1114975057857688,-0.88894963
2023-09-22,-0.11534196721631887,-0.18944573480940763,-0.37243028735170974,-0.08993461677306268,-0.15582333415782523,0.5566729594437037,0.08392438530076818,-0.13171738091216245,-1.033332519610112,-1.1767982135278379,-1.0502964472405127,1.1087781107475454,0.4944563
2023-09-25,-0.11534196721631887,-0.18944573480940763,-0.37243028735170974,-0.08993461677306268,-0.15582333415782523,-0.23435617677825063,0.657150892137783,0.2649903730669572,-0.8263361711151009,-1.1444571459529662,-1.085440867870874,1.1058522824736743,0.73803663
2023-09-26,-0.11534196721631887,-0.18944573480940763,-0.37243028735170974,-0.08993461677306268,-0.15582333415782523,-0.16178864747192198,-0.3515788698935873,0.08594528056310677,-1.2855558745894828,-1.2560818489604497,-1.137528465358612,1.0971958023062947,-2.33984
2023-09-27,-0.11534196721631887,-0.18944573480940763,-0.37243028735170974,-0.08993461677306268,-0.15582333415782523,-0.28592864938616086,-0.3794957452265588,-0.13873875708878403,-1.435494686435129,-1.3865082696492725,-1.2072083837010381,1.0849371890545487,-0.88974833
2023-09-28,-0.11534196721631887,-0.18944573480940763,-0.37243028735170974,-0.08993461677306268,-0.15582333415782523,-0.6254025661559746,0.12114688574473022,0.04966817031722859,-1.3895295154158438,-1.4660970111392306,-1.2800444683488545,1.0727070855431158,0.15256405
2023-09-29,-0.11534196721631887,-0.18944573480940763,-0.37243028735170974,-0.08993461677306268,-0.15582333415782523,-1.0507947149531627,0.28306476267596486,0.104668950367431,-1.2934512940004639,-1.4956426246882915,-1.3446584302148075,1.0597152558283123,0.30465126
2023-10-02,-0.11534196721631887,-0.18944573480940763,-0.37243028735170974,-0.08993461677306268,-0.15582333415782523,-0.8549485193920174,-0.044493241230900746,0.1608399597804037,-0.8454540867935351,-1.413328811393586,-1.3786722245485188,1.0485316093079642,1.4835596
2023-10-03,-0.11534196721631887,-0.18944573480940763,-0.37243028735170974,-0.08993461677306268,-0.15582333415782523,-0.7711836265131988,0.12673026081132446,0.19828729938905218,-1.0163916879843655,-1.3835726879288996,-1.3994929576262525,1.0362160844036556,-0.7769823
2023-10-04,-0.11534196721631887,-0.18944573480940763,-0.37243028735170974,-0.08993461677306268,-0.15582333415782523,-0.1401475890289367,-0.2361891185173051,0.24860716198817354,-0.7978191195294595,-1.301897675917791,-1.3986093552592427,1.0296311898272426,0.73086023
2023-10-05,-0.11534196721631887,-0.18944573480940763,2.685066263302147,-0.08993461677306268,-0.15582333415782523,-0.4750994935867834,-0.3739123701599645,-0.11182348174506798,-0.5870094001107382,-1.1808341244202047,-1.371903364197314,1.027744709080722,0.7197976
2023-10-06,-0.11534196721631887,-0.18944573480940763,-0.37243028735170974,-0.08993461677306268,-0.15582333415782523,-0.9977149049412637,0.26817576249838015,0.6371233104279014,-0.18666266975033863,-0.9826769836946545,-1.307983160817718,1.0272535378688223,1.4750481
2023-10-09,-0.11534196721631887,-0.18944573480940763,2.685066263302147,-0.08993461677306268,-0.15582333415782523,-1.4022196639974611,0.15092488609989974,0.10583917973020125,0.02547830995886244,-0.7650421876195475,-1.2101086466285,1.0269901210952357,0.84512234
2023-10-10,-0.11534196721631887,-0.18944573480940763,-0.37243028735170974,-0.08993461677306268,-0.15582333415782523,-1.2676359672127266,-0.02215974096452355,0.06488115203324199,-0.07815269920173706,-0.6098029684291583,-1.0984705006231483,1.0284779758635425,-0.33521652
2023-10-11,-0.11534196721631887,-0.18944573480940763,-0.37243028735170974,-0.08993461677306268,-0.15582333415782523,-0.9266547130389239,-0.17663311780696586,-0.027566967625608913,0.1276073626672147,-0.4332639098220127,-0.971247183472089,1.0324573921578453,0.7904053
2023-10-12,-0.11534196721631887,-0.18944573480940763,-0.37243028735170974,-0.08993461677306268,-0.15582333415782523,-1.149525314914444,0.2793425126315687,0.02977427115013405,0.2568461145655381,-0.2599465502926131,-0.8322476082151681,1.0359954466176147,0.50611496
2023-10-13,-0.11534196721631887,-0.18944573480940763,-0.37243028735170974,-0.08993461677306268,-0.15582333415782523,-1.3356814843070883,-0.07613236660826846,-0.017034903360676517,-0.09526252698633089,-0.19029385087407583,-0.7060896214641976,1.0387290821489195,-1.0292709
2023-10-16,-0.11534196721631887,-0.18944573480940763,-0.37243028735170974,-0.08993461677306268,-0.15582333415782523,-0.49824788943375764,-1.5240876338783904,-0.7425771082782405,-0.11949907281418136,-0.140720380651433,-0.5945170379923946,1.039262996405676,-0.072687864
2023-10-17,-0.11534196721631887,-0.18944573480940763,-0.37243028735170974,-0.08993461677306268,-0.15582333415782523,-0.3479448168645664,0.7799851436028576,-0.1024616468429058,-0.41020215917412434,-0.15899486338136173,-0.509183523779392,1.0378961822342925,-0.87847114
2023-10-18,-0.11534196721631887,-0.18944573480940763,2.685066263302147,-0.08993461677306268,-0.15582333415782523,-0.7053991155248207,0.8749025197349608,0.15615904232932262,-0.637782612878079,-0.22090974431310006,-0.4542132969596254,1.0381453225721091,-0.739485
2023-10-19,-0.11534196721631887,-0.18944573480940763,-0.37243028735170974,-0.08993461677306268,-0.15582333415782523,-1.0829871352240712,-0.33855099473820055,-0.05097155488101419,-0.7032925928832809,-0.2830162712793574,-0.42357485716665455,1.0392345010424375,-0.2161026
2023-10-20,-0.11534196721631887,-0.18944573480940763,-0.37243028735170974,-0.08993461677306268,-0.15582333415782523,-1.1487716462124493,0.36495426365268135,0.21233005174229536,-1.116872382273802,-0.42332439088121715,-0.4291960986003207,1.0378748250889391,-1.4704227
2023-10-23,-0.11534196721631887,-0.18944573480940763,-0.37243028735170974,-0.08993461677306268,-0.15582333415782523,-0.42578802708485664,-0.22688349340631464,0.020412436247971927,-1.0898463874894924,-0.5266441899937357,-0.455881625811769,1.0356822420322753,0.06940365
2023-10-24,-0.11534196721631887,-0.18944573480940763,-0.37243028735170974,-0.08993461677306268,-0.15582333415782523,-0.6627630003834168,0.18814738654386182,0.11169032654405257,-0.9862329909768103,-0.5883526762719876,-0.4904823076667562,1.0367358300527072,0.25433302
2023-10-25,-0.11534196721631887,-0.18944573480940763,-0.37243028735170974,-0.08993461677306268,-0.15582333415782523,-0.04669266998161721,0.08392438530076818,0.15030789551547133,-1.3550135783958017,-0.7162761543574755,-0.5456351718692521,1.0372128254683635,-1.349169
2023-10-26,-0.11534196721631887,-0.18944573480940763,-0.37243028735170974,-0.08993461677306268,-0.15582333415782523,-0.5662934065281193,0.9102638951567247,0.7248905126356712,-1.8696798052264612,-0.9615654735382025,-0.6424347860779199,1.0345076853002968,-2.4605513
2023-10-27,-0.11534196721631887,-0.18944573480940763,-0.37243028735170974,-0.08993461677306268,-0.15582333415782523,-0.6949554206543253,-1.256085630681864,0.09062619801418781,-1.5584974104157383,-1.0976855615326921,-0.7491070663123697,1.0323791736796932,0.79693794
2023-10-30,-0.11534196721631887,-0.18944573480940763,-0.37243028735170974,-0.08993461677306268,-0.15582333415782523,0.39377285285546126,-0.2529392437170879,0.02860404178736381,-1.1119326277317103,-1.1202316775655663,-0.839286801420344,1.0299160643857088,1.230526
2023-10-31,-0.11534196721631887,-0.18944573480940763,2.685066263302147,-0.08993461677306268,6.4175240852384325,1.4479400330309284,0.5696780160944723,0.11871170272067416,-1.0126895688572384,-1.1104580698379085,-0.9093316498082231,1.028755705015586,0.2818823
2023-11-01,-0.11534196721631887,-0.18944573480940763,-0.37243028735170974,-0.08993461677306268,-0.15582333415782523,-0.08405310420905941,-0.18966099296235256,0.16201018914317394,-0.41092401870518136,-0.9781017411777704,-0.9369432290874813,1.0289763787443156,1.8738627
2023-11-02,-0.11534196721631887,-0.18944573480940763,-0.37243028735170974,-0.08993461677306268,-0.15582333415782523,0.9463196783748663,-0.29946736927204054,0.19360638193797108,0.12940782110454668,-0.7368920483769726,-0.9072312934050593,1.0308699833316461,2.0693302
2023-11-03,-0.11534196721631887,-0.18944573480940763,-0.37243028735170974,-0.08993461677306268,-0.15582333415782523,1.3514704391756305,2.9481957944636443,6.69423049212679,-0.03114245257625884,-0.5749605856470679,-0.8486860115750647,1.030271983261754,-0.5181134
2023-11-06,-0.11534196721631887,-0.18944573480940763,2.685066263302147,-0.08993461677306268,-0.15582333415782523,-0.08631411031504294,-2.588651146575704,0.23573463899770067,0.3183527007317055,-0.3516900523961679,-0.7539011269460917,1.0304428332360427,1.4605165
2023-11-07,-0.11534196721631887,-0.18944573480940763,-0.37243028735170974,-0.08993461677306268,-0.15582333415782523,-0.37410788751951873,0.07461876018977766,0.08360482183756623,0.6240259804235996,-0.08254763032947963,-0.6202733023680332,1.0328845638190605,1.4450788
2023-11-08,-0.11534196721631887,-0.18944573480940763,-0.37243028735170974,-0.08993461677306268,-0.15582333415782523,-0.2986333503626398,0.05414638494559856,0.11169032654405257,0.7413499152485801,0.16505266814666938,-0.46019742347371817,1.0350842779050713,0.5884886
2023-11-09,-0.11534196721631887,-0.18944573480940763,-0.37243028735170974,-0.08993461677306268,-0.15582333415782523,0.4199359235104136,-0.4688297462920676,-0.07203568341087899,0.6435493424395257,0.33746363455999345,-0.29511045207069514,1.0362944394640219,-0.26245117
2023-11-10,-0.11534196721631887,-0.18944573480940763,-0.37243028735170974,-0.08993461677306268,-0.15582333415782523,-0.6515656368109269,-0.34413436980479495,-0.13990898645155433,1.0839125068481823,0.6178156526058288,-0.10283363145866056,1.0418439473973289,2.3189425
2023-11-13,-0.11534196721631887,-0.18944573480940763,-0.37243028735170974,-0.08993461677306268,-0.15582333415782523,-0.8668995516665019,0.692512267559547,0.06839184012155279,0.7643565433857588,0.7705585319894063,0.08379025604057234,1.0463455103122583,-0.8583665
2023-11-14,-0.11534196721631887,-0.18944573480940763,-0.37243028735170974,-0.08993461677306268,-0.15582333415782523,-0.08179209810307587,0.6757621423597641,0.5388240439551992,1.0224649499353347,0.9735684964801762,0.27668694899338614,1.0538465624463418,1.4285684
2023-11-15,-0.11534196721631887,-0.18944573480940763,-0.37243028735170974,-0.08993461677306268,-0.15582333415782523,-0.4855431884572787,-0.7479984996217827,0.018071977522431414,1.07539660663532,1.1394476430587697,0.4666278249465333,1.0626864940945078,0.30409098
2023-11-16,-0.11534196721631887,-0.18944573480940763,-0.37243028735170974,-0.08993461677306268,-0.15582333415782523,0.20460200865483874,0.21420313685463518,0.11520101463236337,1.2305210548208132,1.314851907023522,0.6562496222372457,1.073008730959916,0.9042144
2023-11-17,-0.11534196721631887,-0.18944573480940763,-0.37243028735170974,-0.08993461677306268,-0.15582333415782523,-0.49372587722179057,0.050424134901202365,0.16201018914317394,1.225972304659103,1.4340624992238886,0.8335482353393133,1.0851533483816342,-0.010544062
2023-11-20,-0.11534196721631887,-0.18944573480940763,-0.37243028735170974,-0.08993461677306268,-0.15582333415782523,-1.0365826765726949,-0.029604241053315952,0.15849950105486316,1.3871042981838022,1.5716951138751076,1.0049445386770561,1.0984670808123314,0.92782974
2023-11-21,-0.11534196721631887,-0.18944573480940763,-0.37243028735170974,-0.08993461677306268,-0.15582333415782523,-0.805529385932663,-0.1617441176293811,0.1702017946825658,1.1910219530771127,1.6300683220379815,1.1545975708565452,1.1108902253137731,-0.4230857
2023-11-22,-0.11534196721631887,-0.18944573480940763,-0.37243028735170974,-0.08993461677306268,-0.15582333415782523,-1.2706506420207047,-0.39810699544853984,-0.07905705958750053,1.2586095954459424,1.6787304843815236,1.284770481948417,1.1254567329546,0.3514409
2023-11-23,-0.11534196721631887,-0.18944573480940763,-0.37243028735170974,-0.08993461677306268,-0.15582333415782523,-1.399204989189483,0.4096212641854357,0.3995667497855377,1.2586095954459424,1.6952128798425008,1.392448502113343,1.1430202641461678,0.0
2023-11-24,-0.11534196721631887,-0.18944573480940763,2.685066263302147,-0.08993461677306268,-0.15582333415782523,-1.2623602862987653,-0.697748124022434,-0.3002304091510805,0.9004174112505187,1.6382616874780362,1.4663603149858104,1.1586818304811197,-0.70043206
2023-11-27,-0.11534196721631887,-0.18944573480940763,-0.37243028735170974,-0.08993461677306268,-0.15582333415782523,-1.2481482479182973,0.8004575188470369,0.11169032654405257,0.8524895327967846,1.5660066590605155,1.5099725732920661,1.1727414887094365,-0.094753504
2023-11-28,-0.11534196721631887,-0.18944573480940763,-0.37243028735170974,-0.08993461677306268,-0.15582333415782523,-0.8780969152389917,0.015062759479438454,0.14328651933884973,0.9378162966149898,1.5109046187005901,1.533028892937943,1.1868942600659125,0.3214121
2023-11-29,-0.11534196721631887,-0.18944573480940763,-0.37243028735170974,-0.08993461677306268,-0.15582333415782523,-0.9931928927292965,0.03739625974581566,0.13860560188776866,0.645942863912001,1.4110808591816797,1.5300362096389,1.1980348184915968,-0.5409658
2023-11-30,-0.11534196721631887,-0.18944573480940763,-0.37243028735170974,-0.08993461677306268,-0.15582333415782523,-0.7577252568347254,-0.05007661629749506,0.14445674870161998,0.7385991002102188,1.3350698267306553,1.5113182470679116,1.2070260401031097,0.30628443
2023-12-01,-0.11534196721631887,-0.18944573480940763,-0.37243028735170974,-0.08993461677306268,-0.15582333415782523,-1.0949381674985559,0.01134050943504226,0.10817963845574179,0.9370578707687182,1.304031894560063,1.4896782986691686,1.217591738361592,0.6791353
2023-12-04,-0.11534196721631887,-0.18944573480940763,-0.37243028735170974,-0.08993461677306268,-0.15582333415782523,-1.121101238153508,-0.11707711709662667,0.05317885840553936,0.4223029090059225,1.1974596031231364,1.4494793140442632,1.225030595267942,-0.94646215
2023-12-05,-0.11534196721631887,-0.18944573480940763,-0.37243028735170974,-0.08993461677306268,-0.15582333415782523,-0.8571018585405732,0.1378970109445131,0.1702017946825658,0.9993810393774893,1.2408308182220857,1.4266343496772205,1.2334698234505128,2.1063209
2023-12-06,8.669871202426636,-0.18944573480940763,-0.37243028735170974,-0.08993461677306268,-0.15582333415782523,0.474523070926302,0.2253698869878238,-0.0977807293918248,0.7194315536953367,1.2187277991123362,1.4036116249314705,1.2403632428742561,-0.5687058
2023-12-07,-0.11534196721631887,-0.18944573480940763,-0.37243028735170974,-0.08993461677306268,-0.15582333415782523,-0.3973639503239208,-0.2213001183397203,0.17488271213364687,0.9716425949481767,1.2549099235718122,1.392963769003012,1.2489883810174887,1.0139346
2023-12-08,-0.11534196721631887,-0.18944573480940763,-0.37243028735170974,-0.08993461677306268,-0.15582333415782523,-0.3704472109669739,-0.05007661629749506,0.09530711546526888,1.1406846902920578,1.3180626759410357,1.398007908976987,1.2556247383349264,0.74124336
2023-12-11,-0.11534196721631887,-0.18944573480940763,-0.37243028735170974,-0.08993461677306268,-0.15582333415782523,0.13128081064651542,0.2123420118324371,0.22871326282107904,0.5253557875631542,1.2593160137202837,1.389427029993173,1.2615981327677441,-1.2927353
2023-12-12,-0.11534196721631887,-0.18944573480940763,-0.37243028735170974,-0.08993461677306268,-0.15582333415782523,0.1253591279879873,-0.12266049216322097,0.1936063819379711,0.7278949969766924,1.2512723259202272,1.3808348975787235,1.2667803495584462,0.7920146
2023-12-13,-0.11534196721631887,-0.18944573480940763,-0.37243028735170974,-0.08993461677306268,-0.15582333415782523,-0.1708326718958561,-0.05007661629749506,0.15147812487824158,1.0987582106823572,1.344698341788894,1.3940249776148108,1.2738728986635866,1.6691446
2023-12-14,-0.11534196721631887,-0.18944573480940763,-0.37243028735170974,-0.08993461677306268,-0.15582333415782523,-0.6814970509758519,-0.234327993495107,-0.26629375763074287,1.1145225158326133,1.4054353264243191,1.4176206660422477,1.2798605551550983,0.075769424
2023-12-15,-0.11534196721631887,-0.18944573480940763,-0.37243028735170974,-0.08993461677306268,-0.15582333415782523,-1.2841090116991782,0.4766217649845674,0.23105372154661954,0.9784052256686981,1.4151361166879022,1.438580518504343,1.285477577833999,-0.27257204
2023-12-18,-0.11534196721631887,-0.18944573480940763,-0.37243028735170974,-0.08993461677306268,-0.15582333415782523,1.2968832917597424,-0.31063411940522906,0.3375445935587136,0.5695928771732373,1.3438748305591963,1.440044620478996,1.2886425040585925,-0.85033774
2023-12-19,-0.11534196721631887,-0.18944573480940763,-0.37243028735170974,-0.08993461677306268,-0.15582333415782523,1.222162423304858,-1.5259487589005887,0.6336126223395907,0.7138215570647234,1.3078549381141156,1.4334804184690975,1.293133269789974,0.53601265
2023-12-20,-0.11534196721631887,-0.18944573480940763,-0.37243028735170974,-0.08993461677306268,-0.15582333415782523,0.4184285861064247,0.878624769779357,0.15030789551547133,0.23113716299363232,1.1865823527842965,1.4021850564489042,1.2956424144790586,-1.0713935
2023-12-21,-0.11534196721631887,-0.18944573480940763,2.685066263302147,-0.08993461677306268,-0.15582333415782523,0.10059572777959605,-0.13010499225201336,-0.24522962910087803,0.19809949056628137,1.070155508537466,1.3521454177962162,1.2980446152935485,-0.07699728
2023-12-22,-0.11534196721631887,-0.18944573480940763,-0.37243028735170974,-0.08993461677306268,-0.15582333415782523,-0.9850102039647847,-0.1673274926959754,0.06254069330770148,-0.042025071438197496,0.9255168095040442,1.2810516962225043,1.300632158174226,-0.55475235
2023-12-25,-0.11534196721631887,-0.18944573480940763,2.685066263302147,-0.08993461677306268,-0.15582333415782523,-1.3319131407971159,0.9995978962222335,0.13509491379945787,-0.042025071438197496,0.7991362927736891,1.1970357602639472,1.3033480236404638,0.0
2023-12-26,-0.11534196721631887,-0.18944573480940763,-0.37243028735170974,-0.08993461677306268,-0.15582333415782523,1.2371281303873205,-0.07427124158607036,0.0847750512003365,-0.17177270033944994,0.668785113730571,1.1018293297304715,1.3052370059980865,-0.28409362
2023-12-27,-0.11534196721631887,-0.18944573480940763,-0.37243028735170974,-0.08993461677306268,-0.15582333415782523,1.862888486957621,-0.7833598750435468,0.8091470267551303,-0.14979647735403429,0.5601088544871806,1.002325319946433,1.3079314783762832,0.051796436
2023-12-28,-0.11534196721631887,-0.18944573480940763,-0.37243028735170974,-0.08993461677306268,-0.15582333415782523,0.6203041312835261,-1.8088397622746994,-0.369273941554526,-0.05145809635529747,0.48148214518913074,0.9058365642123521,1.3105190140684226,0.22262335
2023-12-29,-0.11534196721631887,-0.18944573480940763,-0.37243028735170974,-0.08993461677306268,-0.15582333415782523,-0.9573397959058433,2.4568587886033457,0.3796728506184432,-0.3294605631217786,0.3742414754363711,0.805614995547827,1.3114385430502504,-0.5424142
2024-01-01,-0.11534196721631887,-0.18944573480940763,2.685066263302147,-0.08993461677306268,-0.15582333415782523,-1.2915380317616956,0.2067586367658428,0.20881936365398454,-0.32946056312177757,0.28344374898651725,0.7059383952475705,1.3136482707692052,0.0
2024-01-02,-0.11534196721631887,5.278556421478968,-0.37243028735170974,-0.08993461677306268,-0.15582333415782523,1.0030601649393105,-2.1159253909373863,0.23222395090938985,-1.6294579451347633,-0.04041745853664703,0.5566460173762423,1.3081025368181634,-3.5786629
2024-01-03,-0.11534196721631887,5.278556421478968,-0.37243028735170974,-0.08993461677306268,-0.15582333415782523,-0.06984106582859136,-1.4366147578350799,5.160059797534974,-1.8028175754447893,-0.34603230440557503,0.3715795308462253,1.3023500892785056,-0.7487595
2024-01-04,-0.11534196721631887,5.278556421478968,-0.37243028735170974,-0.08993461677306268,-0.15582333415782523,0.4610647012478284,2.023216658431189,4.43568782198018,-2.0629433578867156,-0.6679233357715532,0.15439835089946752,1.293539652200311,-1.270014
2024-01-05,-0.11534196721631887,-0.18944573480940763,-0.37243028735170974,-0.08993461677306268,-0.15582333415782523,-0.22240514450376608,-0.6772757487782549,3.2408836425917404,-2.137838273997986,-0.9411874641208818,-0.07803167058006981,1.2831823712138672,-0.40130615
2024-01-08,-0.11534196721631887,-0.18944573480940763,-0.37243028735170974,-0.08993461677306268,-0.15582333415782523,0.7196807329893741,1.4295177763499949,1.9103328571219493,-1.0934622148711601,-0.9900622847729343,-0.2744718427335146,1.2777507049782297,2.4174929
2024-01-09,-0.11534196721631887,-0.18944573480940763,2.685066263302147,11.119188982851384,-0.15582333415782523,-0.02795861938918211,0.5138442654285293,0.21818119855614668,-1.151755425119216,-1.0346394681709687,-0.44119719256879375,1.2709290127831425,-0.22634268
2024-01-10,-0.11534196721631887,-0.18944573480940763,-0.37243028735170974,-0.08993461677306268,-0.15582333415782523,-0.5932101458850663,0.2365366371210124,0.3785026212556729,-0.929116008184794,-1.0226474362688882,-0.5720021131094957,1.2625391339115277,0.5671382
2024-01-11,-0.11534196721631887,-0.18944573480940763,-0.37243028735170974,-0.08993461677306268,-0.15582333415782523,0.44534532546337147,-3.020432151725663,-0.980133668920604,-1.0230920690585086,-1.0256183133423926,-0.6772840628532827,1.2536146434950044,-0.3222525
2024-01-12,-0.11534196721631887,-0.18944573480940763,-0.37243028735170974,-0.08993461677306268,-0.15582333415782523,-0.5042772390497138,4.733014690751623,2.2532100604136365,-0.9478426628817812,-1.006941064889628,-0.7574985737778603,1.2453102938443295,0.17781258
2024-01-15,-0.11534196721631887,-0.18944573480940763,2.685066263302147,-0.08993461677306268,-0.15582333415782523,0.5103761677497551,-1.4570871330792587,0.29307587777344357,-0.9478426628817808,-0.983345179750242,-0.8166028275120459,1.2382034898690324,0.0
2024-01-16,-0.11534196721631887,-0.18944573480940763,-0.37243028735170974,-0.08993461677306268,-0.15582333415782523,1.6610129417805195,-0.09288249180805135,0.31648046502884886,-1.3328963816096995,-1.0382531667976627,-0.8756780434092208,1.2287158566016745,-1.2317061
2024-01-17,-0.11534196721631887,-0.18944573480940763,-0.37243028735170974,-0.08993461677306268,-0.15582333415782523,1.4839007968118092,0.673901017337566,2.027355793398976,-1.4764745865935074,-1.1060068953818372,-0.9374887275255618,1.220055077688781,-0.51735044
2024-01-18,-0.11534196721631887,-0.18944573480940763,2.685066263302147,-0.08993461677306268,6.4175240852384325,1.0307305729982519,-2.242481892446857,-0.3798060058194585,-0.22739351984522965,-0.9357115547192103,-0.9503653495944486,1.2157425445598535,3.257072
2024-01-19,-0.11534196721631887,-0.18944573480940763,-0.37243028735170974,-0.08993461677306268,-0.15582333415782523,0.14624651772897793,1.1298766477761006,-0.45001976758567447,0.2063711498787961,-0.6891093903344189,-0.9077073831797912,1.2142883824675041,1.553297
2024-01-22,-0.11534196721631887,-0.18944573480940763,-0.37243028735170974,-0.08993461677306268,-0.15582333415782523,-0.07210207193457488,0.4040378891188415,0.17605294149641712,0.5030265153769111,-0.4070399209563143,-0.8130049337914718,1.214495088867583,1.2163281
2024-01-23,-0.11534196721631887,-0.18944573480940763,-0.37243028735170974,-0.08993461677306268,-0.15582333415782523,-0.15059128389943188,-0.3739123701599645,-0.007673068458514415,0.6550463419680402,-0.13767734887115393,-0.6793957788956592,1.21601338709283,0.66531897
2024-01-24,-0.11534196721631887,-0.18944573480940763,-0.37243028735170974,-0.08993461677306268,-0.15582333415782523,0.321958992251127,0.2439811372098048,0.1503078955154713,0.5161610907525896,0.048042466777837065,-0.5326240331026617,1.2169756806851277,-0.3483951
2024-01-25,-0.11534196721631887,-0.18944573480940763,-0.37243028735170974,-0.08993461677306268,-0.15582333415782523,0.5403075819146801,0.6701787672931697,0.5973355120937124,0.4467254260123604,0.17865989299295212,-0.38715577655672684,1.217396224514632,-0.16966462
2024-01-26,-0.11534196721631887,-0.18944573480940763,-0.37243028735170974,-0.08993461677306268,-0.15582333415782523,-0.46756280656683824,-0.6698312486894624,0.12339262017175522,0.08673734093912883,0.2137174099108716,-0.26325236353064674,1.2173178335115766,-0.9012699
2024-01-29,-0.11534196721631887,-0.18944573480940763,-0.37243028735170974,-0.08993461677306268,-0.15582333415782523,-0.8362144687995825,0.17511951138847506,0.12339262017175522,-0.0496043895422746,0.2115010611957952,-0.16460560702171168,1.2167475740084697,-0.35859346
2024-01-30,-0.11534196721631887,-0.18944573480940763,-0.37243028735170974,-0.08993461677306268,-0.15582333415782523,-0.6686846830419452,-0.15243849251839056,0.13392468443668762,-0.6905446096838302,0.07256981779122111,-0.11552450282740948,1.2184583453292528,-1.9245803
2024-01-31,-0.11534196721631887,5.278556421478968,-0.37243028735170974,-0.08993461677306268,-0.15582333415782523,-0.8459044949680833,-0.9136386265974136,0.02860404178736381,-1.182984597117346,-0.1700997501849793,-0.12837433535132461,1.2185652532611588,-1.9357562
2024-02-01,-0.11534196721631887,-0.18944573480940763,-0.37243028735170974,-0.08993461677306268,-0.15582333415782523,0.26737184483523885,1.124293272709506,0.31179954757776784,-0.7522217163004392,-0.27261631912185175,-0.16067023703420996,1.2220937110231678,1.3340592
2024-02-02,-0.11534196721631887,-0.18944573480940763,-0.37243028735170974,-0.08993461677306268,-0.15582333415782523,1.3933528856150397,1.489073777060334,2.802047631552891,-0.887606135868384,-0.38854742257930514,-0.21140384416909003,1.2254225862259074,-0.54050684
2024-02-05,-0.11534196721631887,-0.18944573480940763,2.685066263302147,-0.08993461677306268,-0.15582333415782523,-0.5042772390497138,-2.7431245234181465,-0.4781052722921607,-0.5779177751810316,-0.4118622680591385,-0.2569977299639262,1.2269337606103452,0.9846568
2024-02-06,-0.11534196721631887,-0.18944573480940763,-0.37243028735170974,-0.08993461677306268,-0.15582333415782523,-0.6911870771443528,1.2061827736862227,0.19945752875182243,-0.3216537962030916,-0.36987557201732174,-0.28445594887117953,1.2298991042756693,0.86318254
2024-02-07,-0.11534196721631887,-0.18944573480940763,-0.37243028735170974,-0.08993461677306268,-0.15582333415782523,-0.8616238707525403,-0.2659671188724747,0.14328651933884973,-0.3042089063093455,-0.331335169015642,-0.29814574595242144,1.2321943755926397,0.05811453
2024-02-08,-0.11534196721631887,-0.18944573480940763,-0.37243028735170974,-0.08993461677306268,-0.15582333415782523,-0.8968309658314267,-0.10032699189684377,0.10817963845574179,-0.4872386771711135,-0.33894834638615806,-0.3107325581999819,1.2341403774308894,-0.5754709
2024-02-09,-0.11534196721631887,-0.18944573480940763,-0.37243028735170974,-0.08993461677306268,-0.15582333415782523,-1.4022196639974611,0.02250725956823085,0.030944500512904326,-0.35109118682077706,-0.31592594171223976,-0.31585781129282786,1.2364007196434263,0.40887594
2024-02-12,-0.11534196721631887,-0.18944573480940763,-0.37243028735170974,-0.08993461677306268,-0.15582333415782523,-1.3917759691269656,0.35750976356388897,0.24860716198817354,-0.6427686759963852,-0.35781707373039,-0.3289543805600131,1.2374477229633718,-0.90019107
2024-02-13,-0.11534196721631887,-0.18944573480940763,-0.37243028735170974,-0.08993461677306268,-0.15582333415782523,-1.1135645511335628,-0.19152211798455068,0.2041384462029035,-0.9691249832934458,-0.4648055818156146,-0.3624080468509776,1.2386211079637133,-1.1274397
2024-02-14,-0.11534196721631887,-0.18944573480940763,-0.37243028735170974,-0.08993461677306268,-0.15582333415782523,-1.2003441188203596,0.015062759479438454,0.1678613359570253,-1.098094622502096,-0.5777880887700331,-0.4134346372445455,1.2398364524583083,-0.48097968
2024-02-15,-0.11534196721631887,-0.18944573480940763,-0.37243028735170974,-0.08993461677306268,-0.15582333415782523,-0.8945699597254432,-0.3571622449601816,-0.06969522468533842,-1.1408992922244694,-0.6726429549779435,-0.47462654953467875,1.2366035298560987,-0.15747547
2024-02-16,-0.11534196721631887,-0.18944573480940763,-0.37243028735170974,-0.08993461677306268,-0.15582333415782523,-1.2325365390912681,0.29609263783135165,0.12573307889729576,-1.3656624622710107,-0.7974398561829409,-0.5503809473254758,1.230175769524141,-0.8430362
2024-02-19,-0.11534196721631887,-0.18944573480940763,-0.37243028735170974,-0.08993461677306268,-0.15582333415782523,-0.7831346587876833,-2.6370403971528544,3.1870530919043083,-1.3656624622710107,-0.888639971017099,-0.6305702261970949,1.2220871406997558,0.0
2024-02-20,-0.11534196721631887,-0.18944573480940763,2.685066263302147,-0.08993461677306268,-0.15582333415782523,-0.39510294421793724,2.607609915401392,0.08594528056310677,-1.4776509514980816,-0.9793974488739783,-0.7142123510411463,1.212543681249021,-0.4113853
2024-02-21,-0.11534196721631887,-0.18944573480940763,-0.37243028735170974,-0.08993461677306268,-0.15582333415782523,0.07820100063461634,0.03553513472361755,0.14211628997607945,-1.2722061268270781,-1.0145759079216206,-0.7886808317388484,1.2040273991313972,0.41860342
2024-02-22,-0.11534196721631887,-0.18944573480940763,-0.37243028735170974,-0.08993461677306268,-0.15582333415782523,-1.0725434403535758,0.08392438530076816,0.15498881296655237,-0.7629075697702729,-0.9595094387919655,-0.8364297684286327,1.1972094881071125,1.1243939
2024-02-23,-0.11534196721631887,-0.18944573480940763,-0.37243028735170974,-0.08993461677306268,-0.15582333415782523,-1.1307912643220088,-0.04077099118650455,0.15381858360378212,-1.0868971474124325,-0.9743446887548849,-0.877814874895992,1.1903185774830087,-1.0034144
2024-02-26,-0.11534196721631887,-0.18944573480940763,-0.37243028735170974,-0.08993461677306268,-0.15582333415782523,-0.8862796040035035,-0.014715240875731157,0.08711550992587702,-1.3024640386916035,-1.0261888561375831,-0.9220567997007973,1.1829488814973736,-0.7451236
2024-02-27,-0.11534196721631887,-0.18944573480940763,-0.37243028735170974,-0.08993461677306268,-0.15582333415782523,0.321958992251127,-0.5563026223353783,-0.22416550057101334,-0.945892420536194,-1.0048648103445985,-0.9528708753902868,1.1792586385070511,0.8114338
2024-02-28,-0.11534196721631887,-0.18944573480940763,-0.37243028735170974,-0.08993461677306268,-0.15582333415782523,1.4344816633524549,0.4654550148513788,0.08711550992587701,-1.147391147016227,-1.0226481706786106,-0.9813412170854939,1.1772994528907545,-0.66254735
2024-02-29,-0.11534196721631887,-0.18944573480940763,-0.37243028735170974,-0.08993461677306268,-0.15582333415782523,0.05505260478764195,0.08950776036736248,0.12222239080898496,-1.2559048903230121,-1.0514875846387706,-1.0103109240773445,1.173108499499073,-0.36931038
2024-03-01,-0.11534196721631887,-0.18944573480940763,-0.37243028735170974,-0.08993461677306268,-0.15582333415782523,-0.4541044368883647,-0.16360524265157916,0.06956206948432307,-1.4281975121075066,-1.103732792491548,-1.0447066550995863,1.1688595921168705,-0.6030381
2024-03-04,-0.11534196721631887,5.278556421478968,-0.37243028735170974,-0.08993461677306268,-0.15582333415782523,1.7762165862282522,-2.638901522175053,-0.5155526119008091,-2.003550797451581,-1.2982692019265525,-1.114001077123938,1.160051591952939,-2.5381267
2024-03-05,-0.11534196721631887,5.278556421478968,-0.37243028735170974,-0.08993461677306268,-0.15582333415782523,1.5286902511017688,-3.8858552870477796,-0.8771534849968206,-2.4305292896267723,-1.6171426807699192,-1.2379165683279332,1.1465344526609442,-2.8440952
2024-03-06,-0.11534196721631887,5.278556421478968,-0.37243028735170974,-0.08993461677306268,-0.15582333415782523,0.513390842557733,1.907826907054906,-0.19256930777621617,-2.501394512482346,-1.8869485272150854,-1.394991352450198,1.132225179651326,-0.587821
2024-03-07,-0.11534196721631887,5.278556421478968,-0.37243028735170974,-0.08993461677306268,-0.15582333415782523,0.1678875761719632,4.04067618249393,0.8992546876884406,-2.5101259611784092,-2.08365011155911,-1.5628940009909005,1.1186072354958885,-0.07095337
2024-03-08,-0.11534196721631887,-0.18944573480940763,2.685066263302147,-0.08993461677306268,-0.15582333415782523,-0.6134515338814902,0.5324555156505104,0.38552399743229454,-2.0597202361280984,-2.154435793940603,-1.712417761118673,1.1056744524293283,1.0236621
2024-03-11,-0.11534196721631887,-0.18944573480940763,-0.37243028735170974,-0.08993461677306268,-0.15582333415782523,-0.28216030587618823,0.06903538512318333,0.08594528056310677,-1.5822731487472121,-2.115351960831867,-1.82364328636713,1.0953967629317274,1.1831522
2024-03-12,-0.11534196721631887,-0.18944573480940763,-0.37243028735170974,-0.08993461677306268,-0.15582333415782523,-0.10418682524805559,0.16953613632188078,0.1737124827708766,-1.473228338344184,-2.0459093600635727,-1.89771049994034,1.0869676274560145,0.277853
2024-03-13,-0.11534196721631887,-0.18944573480940763,-0.37243028735170974,-0.08993461677306268,-0.15582333415782523,-0.4750994935867834,0.009479384412844155,0.15498881296655237,-1.7229928918192823,-2.046071929185031,-1.9569991834731515,1.0776749113869917,-1.2122571
2024-03-14,-0.11534196721631887,-0.18944573480940763,-0.37243028735170974,-0.08993461677306268,-0.15582333415782523,-0.9685371594783332,-0.08729911674145707,0.2099895930167548,-1.3015175515327733,-1.9582767487320614,-1.9855755993294026,1.069923827536423,1.092732
2024-03-15,-0.11534196721631887,-0.18944573480940763,-0.37243028735170974,-0.08993461677306268,-0.15582333415782523,-0.7749519700231714,0.09136888538956056,0.11637124399513363,-1.3518077645986504,-1.8833261636800214,-1.9923406533937755,1.0630078217273888,-0.21965504
2024-03-18,-0.11534196721631887,-0.18944573480940763,-0.37243028735170974,-0.08993461677306268,-0.15582333415782523,1.6326965319770115,-0.09846586687464565,0.20998959301675485,-1.103522929466132,-1.7661739056428398,-1.9725935607340437,1.056876897680545,0.6372452
2024-03-19,-0.11534196721631887,-0.18944573480940763,-0.37243028735170974,-0.08993461677306268,-0.15582333415782523,-0.4840358510532897,0.11928576072253207,0.07190252820986358,-0.6184068943060771,-1.5720675190955207,-1.9151103993420526,1.0529656718543743,1.3585091
2024-03-20,-0.11534196721631887,-0.18944573480940763,-0.37243028735170974,-0.08993461677306268,-0.15582333415782523,0.6404378523225224,-0.06496561647507985,0.19711707002628187,-0.16461557256167691,-1.3116259450281913,-1.8131925115958747,1.050360560187684,1.4709234
2024-03-21,-0.11534196721631887,-0.18944573480940763,-0.37243028735170974,-0.08993461677306268,-0.15582333415782523,2.010930553420829,-2.2275928922692723,0.30828885948945695,-1.1807560548118143,-1.357153321113795,-1.7414354729753438,1.0410820989888179,-4.0857496
2024-03-22,-0.11534196721631887,-0.18944573480940763,-0.37243028735170974,-0.08993461677306268,-0.15582333415782523,1.7396098207028043,-10.46865449056246,2.35853070306296,-1.0289814487687359,-1.3472071136916004,-1.6818938355816584,1.033773541515882,0.5310178
2024-03-25,-0.11534196721631887,5.278556421478968,-0.37243028735170974,-0.08993461677306268,-0.15582333415782523,1.646154901655485,11.697344523816914,1.9992702886924894,-1.1944318072247768,-1.3779003220311246,-1.6408520725400162,1.0264149949521393,-0.83004236
2024-03-26,-0.11534196721631887,-0.18944573480940763,-0.37243028735170974,-0.08993461677306268,-0.15582333415782523,0.8087213067821543,-1.2914470061036276,1.845970242169585,-1.3230636156933029,-1.429673690213563,-1.6191372971932814,1.0171936466848894,-0.66725016
2024-03-27,-0.11534196721631887,-0.18944573480940763,2.685066263302147,-0.08993461677306268,-0.15582333415782523,-0.03474163770713269,0.8972360200013378,-0.5331060523423632,-0.7132637622076211,-1.3272460971658335,-1.5797685493472404,1.0114053139652908,2.1212578
2024-03-28,-0.11534196721631887,-0.18944573480940763,-0.37243028735170974,-0.08993461677306268,-0.15582333415782523,-0.4855431884572787,0.6627342672043774,0.05785977585662045,-0.9398202197156075,-1.3000663872691902,-1.5424365486363578,1.0047890629876555,-1.0559142
2024-03-29,-0.11534196721631887,-0.18944573480940763,-0.37243028735170974,-0.08993461677306268,-0.15582333415782523,-0.9520641149918817,0.2942315128091535,0.27669266669465986,-0.9398202197156075,-1.266468569974296,-1.505355619350943,0.9989507411772501,0.0
2024-04-01,-0.11534196721631887,-0.18944573480940763,-0.37243028735170974,-0.08993461677306268,-0.15582333415782523,-1.336435153009083,0.17139726134407887,0.14328651933884973,-1.1231401804785395,-1.2802682626506128,-1.478654441024929,0.9953321535302064,-0.84557533
2024-04-02,-0.11534196721631887,-0.18944573480940763,-0.37243028735170974,-0.08993461677306268,-0.15582333415782523,-1.3154400963106643,-0.8224435005097068,0.20296821684013322,-1.2685454523607516,-1.3217145085734991,-1.466194323253495,0.9944185694690141,-0.69987774
2024-04-03,-0.11534196721631887,-0.18944573480940763,2.685066263302147,-0.08993461677306268,-0.15582333415782523,-0.6126978651794958,1.0033201462666297,0.19594684066351162,-1.1094963759404939,-1.3125640093231492,-1.4542611055453263,0.9947968518856836,0.47974586
2024-04-04,-0.11534196721631887,-0.18944573480940763,-0.37243028735170974,-0.08993461677306268,-0.15582333415782523,-0.7218721600112722,-0.7926655001545371,-0.4277854096930394,-1.2194800559856913,-1.3227384621922837,-1.4468995549271693,0.9946683999064448,-0.48923492
2024-04-05,-0.11534196721631887,-0.18944573480940763,-0.37243028735170974,-0.08993461677306268,-0.15582333415782523,-0.8900479475134762,-0.7238038743332075,-0.7823649066124295,-1.0601343563141123,-1.290871523490364,-1.4341667020660605,0.9938476270548307,0.45018196
2024-04-08,-0.11534196721631887,-0.18944573480940763,-0.37243028735170974,-0.08993461677306268,-0.15582333415782523,-1.0672677594396143,1.4425456515053818,0.020412436247971948,-1.2216155201701504,-1.294264429608124,-1.4247090663058957,0.9907785815453909,-0.6663561
2024-04-09,-0.11534196721631887,-0.18944573480940763,-0.37243028735170974,-0.08993461677306268,-0.15582333415782523,-1.1823637369299191,-3.0074042765702766,-1.8273797275662758,-0.9564864114632021,-1.2408973821798777,-1.4056820706271775,0.9882377138396649,0.72425604
2024-04-10,-0.11534196721631887,-0.18944573480940763,-0.37243028735170974,-0.08993461677306268,-0.15582333415782523,-1.136820613937965,3.4767553007679046,0.39137514424614583,-1.235009854300267,-1.2552928962681977,-1.3935519953363595,0.9858466983897558,-1.1139274
2024-04-11,-0.11534196721631887,-0.18944573480940763,-0.37243028735170974,-0.08993461677306268,-0.15582333415782523,-0.05939737095809593,-0.40555149553733216,0.056689546493850156,-0.004821181822225219,-0.9942013369431593,-1.3277769883170971,0.987302700747743,4.3270946
2024-04-12,-0.11534196721631887,-0.18944573480940763,-0.37243028735170974,-0.08993461677306268,-0.15582333415782523,-0.7592325942387145,0.37053763871927564,0.032114729875674604,0.18621627969233295,-0.7266283875395384,-1.2176941193049107,0.9901076393839819,0.86266994
2024-04-15,-0.11534196721631887,-0.18944573480940763,-0.37243028735170974,-0.08993461677306268,-0.15582333415782523,0.4811984222868248,-9.106310974313452,-3.154419824947756,-0.3933604295330413,-0.6497669442627387,-1.1131213774407518,0.989372496392835,-2.186352
2024-04-16,-0.11534196721631887,5.278556421478968,-0.37243028735170974,-0.08993461677306268,-0.15582333415782523,-0.2163757948878102,6.240525958732086,-0.32597545513202625,-0.8059589548729312,-0.7034567708910519,-1.0409933897501822,0.9845905373783935,-1.9167304
2024-04-17,-0.11534196721631887,-0.18944573480940763,2.685066263302147,-0.08993461677306268,-0.15582333415782523,0.040086897705179474,2.4252196632259784,0.11637124399513363,-0.9630774498021586,-0.7895482580053141,-1.0017796524107199,0.9769750652905611,-0.81474185
2024-04-18,-0.11534196721631887,-0.18944573480940763,-0.37243028735170974,-0.08993461677306268,-0.15582333415782523,-0.4705774813748163,0.2048975117436447,0.17254225340810633,-1.0714282146483076,-0.8849708179885861,-0.990901218088995,0.9738846123160046,-0.5714297
2024-04-19,-0.11534196721631887,-0.18944573480940763,-0.37243028735170974,-0.08993461677306268,-0.15582333415782523,-0.5708154187400863,-0.1859387429179564,0.09764757419080941,-1.293616852839672,-1.0253789578193224,-1.0123519438316226,0.968688658229857,-1.2212574
2024-04-22,-0.11534196721631887,-0.18944573480940763,-0.37243028735170974,-0.08993461677306268,-0.15582333415782523,-0.6657776751913949,0.3351762632975117,0.29658656586175436,-1.14784136804973,-1.0960639311771478,-1.0446925378662413,0.9651128639474338,0.5090833
2024-04-23,-0.11534196721631887,-0.18944573480940763,-0.37243028735170974,-0.08993461677306268,-0.15582333415782523,0.621811468687515,-2.1177865159595846,-0.5834259149414845,-0.9636613392604666,-1.103420041330289,-1.0721447809808011,0.963107254755004,0.63916445
2024-04-24,-0.11534196721631887,-0.18944573480940763,-0.37243028735170974,-0.08993461677306268,-0.15582333415782523,-0.6254025661559746,1.1242932727095063,-0.12469600473554081,-0.6135732055692372,-1.0230291097045672,-1.0768421504524883,0.9600453618405242,1.2702227
2024-04-25,-0.11534196721631887,-0.18944573480940763,-0.37243028735170974,-0.08993461677306268,-0.15582333415782523,-0.44516807942185843,0.3835655138746623,0.008710142620269291,-0.4761440437023096,-0.9196725108991857,-1.0584036090150108,0.9589105433446661,0.5147338
2024-04-26,-0.11534196721631887,-0.18944573480940763,-0.37243028735170974,-0.08993461677306268,-0.15582333415782523,-1.102367187561073,-0.08729911674145706,-0.18905861968790544,-0.5656616437520334,-0.851903110588746,-1.0290988988711105,0.9573546275019049,-0.3472805
2024-04-29,-0.11534196721631887,-0.18944573480940763,-0.37243028735170974,-0.08993461677306268,-0.15582333415782523,0.304732279062681,0.47103838991797303,0.12222239080898496,0.05915276085122732,-0.640865412672997,-0.960333544870975,0.9598312584352056,2.480805
2024-04-30,-0.11534196721631887,-0.18944573480940763,-0.37243028735170974,-0.08993461677306268,-0.15582333415782523,-0.5244109600887099,0.39473226400785094,-0.10597233493121665,-0.4181743418465571,-0.5845087357276975,-0.8932183340915956,0.9608947306949037,-1.827091
2024-05-01,-0.11534196721631887,-0.18944573480940763,-0.37243028735170974,-0.08993461677306268,-0.15582333415782523,-0.8788505839409863,-0.3218008695384177,0.5411645026807397,-0.5605761131939142,-0.5731749296551872,-0.8370921640058299,0.9606449362001607,-0.604707
2024-05-02,-0.11534196721631887,-0.18944573480940763,-0.37243028735170974,-0.08993461677306268,-0.15582333415782523,0.9941238074728039,-0.42974612082590746,0.43350340130587534,-0.046997708244162474,-0.4263988471761395,-0.7606702016294158,0.9636497089944862,2.2031903
2024-05-03,-0.11534196721631887,-0.18944573480940763,-0.37243028735170974,-0.08993461677306268,-0.15582333415782523,1.8996029194404964,5.094072945058055,5.546235487249161,0.9155717518142132,0.06242645008642528,-0.5945545263402237,0.9734991629272994,5.981624
2024-05-06,-0.11534196721631887,-0.18944573480940763,2.685066263302147,-0.08993461677306268,6.4175240852384325,1.0718593507356664,-5.37475530480626,0.009880371983039569,0.6813392324711354,0.3822454371807995,-0.39297897907074947,0.9829632034140953,-0.9106755
2024-05-07,-0.11534196721631887,-0.18944573480940763,-0.37243028735170974,-0.08993461677306268,-0.15582333415782523,2.46636178334037,0.5547890159168876,0.06605138139601226,0.7361864048053286,0.6507129021977677,-0.1740635753734051,0.9920489686727593,0.37971735
2024-05-08,-0.11534196721631887,-0.18944573480940763,-0.37243028735170974,-0.08993461677306268,-0.15582333415782523,1.4509547078389062,0.27934251263156873,0.20881936365398454,0.7644014665901889,0.8633258176887324,0.04672862070123479,1.0027263480521469,0.18640757
2024-05-09,-0.11534196721631887,-0.18944573480940763,-0.37243028735170974,-0.08993461677306268,-0.15582333415782523,1.0360062539122137,0.02995175965702326,0.18307431767303872,0.9168547534939123,1.0832351221839815,0.27058919309688095,1.0095281783177124,1.0014296
2024-05-10,-0.11534196721631887,-0.18944573480940763,-0.37243028735170974,-0.08993461677306268,-0.15582333415782523,0.4931494545613091,-0.12266049216322097,0.25679876752756536,0.7067689128823337,1.1950265095881483,0.47368550845062984,1.0143446135587149,-0.68808794
2024-05-13,-0.11534196721631887,-0.18944573480940763,-0.37243028735170974,-0.08993461677306268,-0.15582333415782523,0.722695407797352,-0.3664678700711721,-0.1668242617952704,0.9815999135976025,1.3825699981222097,0.6764386270796761,1.024224518137006,1.7645478
2024-05-14,-0.11534196721631887,-0.18944573480940763,-0.37243028735170974,-0.08993461677306268,-0.15582333415782523,0.13429548545449363,0.173258386366277,0.005199454531958498,1.0726568205506368,1.5525698338408045,0.875149585783701,1.0372887436144664,0.61734915
2024-05-15,-0.11534196721631887,-0.18944573480940763,-0.37243028735170974,-0.08993461677306268,-0.15582333415782523,-0.029465956793171207,0.12300801076692827,0.12222239080898496,1.2465260133491642,1.7478595064784568,1.0760579576531364,1.0529745712639818,1.2217999
2024-05-16,-0.11534196721631887,-0.18944573480940763,-0.37243028735170974,-0.08993461677306268,-0.15582333415782523,-0.16480332227989994,0.013201634457240357,0.10817963845574179,1.2555667562819874,1.8827462430446906,1.26575237454864,1.0694313623877463,0.06325245
2024-05-17,-0.11534196721631887,-0.18944573480940763,-0.37243028735170974,-0.08993461677306268,-0.15582333415782523,-0.7353305296897457,-0.569330497490765,-0.24874031718918885,1.257988044351015,1.9655368869939929,1.4352876854094772,1.0873655992773026,0.015807152
2024-05-20,-0.11534196721631887,-0.18944573480940763,-0.37243028735170974,-0.08993461677306268,-0.15582333415782523,-0.4825285136493007,0.5603723909834819,0.13275445507391737,1.3549551812745195,2.0475402049611358,1.5885266285608381,1.1055365115803937,0.61620474
2024-05-21,-0.11534196721631887,-0.18944573480940763,-0.37243028735170974,-0.08993461677306268,-0.15582333415782523,-0.415990333958928,0.039257384768013756,0.10232849164189046,1.4608021522870391,2.1330242135996165,1.729475976322127,1.1238871301361553,0.6857276
2024-05-22,-0.11534196721631887,-0.18944573480940763,-0.37243028735170974,-0.08993461677306268,-0.15582333415782523,-0.9633691455217994,-0.01285411585353306,0.44286523620803747,1.1349293597294108,2.121063860230125,1.8396668983546831,1.1396883050607767,-0.7538378
2024-05-23,-0.11534196721631887,-0.18944573480940763,-0.37243028735170974,-0.08993461677306268,-0.15582333415782523,-1.1083965371770292,-0.001687365720344437,0.1678613359570253,0.3540865262977093,1.9405274305375058,1.8890483767010022,1.1519954553187244,-2.1058083
2024-05-24,-0.11534196721631887,-0.18944573480940763,-0.37243028735170974,-0.08993461677306268,-0.15582333415782523,-1.2115414823928494,0.028090634634825147,0.20530867556567373,0.6871804259903344,1.8858714163059265,1.9168158591112643,1.166939267735101,1.6588092
2024-05-27,-0.11534196721631887,-0.18944573480940763,-0.37243028735170974,-0.08993461677306268,-0.15582333415782523,-1.1891467552478696,0.12114688574473018,0.20413844620290347,0.6871804259903332,1.8190459420066258,1.9246786817038517,1.1788854311979617,0.0
2024-05-28,-0.11534196721631887,-0.18944573480940763,-0.37243028735170974,-0.08993461677306268,-0.15582333415782523,-0.3105843826371241,1.8277985311003881,1.0197883120537778,0.6882906850967156,1.7438072248299612,1.9148109830901934,1.1931012532181513,0.0052690506
2024-05-29,-0.11534196721631887,-0.18944573480940763,-0.37243028735170974,-0.08993461677306268,-0.15582333415782523,0.027382196728700757,-1.0029726276629223,0.5282919796902668,0.7236485948237728,1.6732563444199557,1.8917656080073524,1.20826661636485,0.1578927
2024-05-30,-0.11534196721631887,-0.18944573480940763,-0.37243028735170974,-0.08993461677306268,-0.15582333415782523,-0.2537362291152524,-0.7666097498437637,0.24626670326263303,0.8433230110173998,1.6323418075252039,1.8645426706903194,1.2214844896460064,0.5255103
2024-05-31,-0.11534196721631887,-0.18944573480940763,-0.37243028735170974,-0.08993461677306268,-0.15582333415782523,-0.7734446326191824,-0.07985461665266466,0.15498881296655237,0.9562882194531901,1.6136748515421204,1.8387554823345935,1.228001380656266,0.5018592
2024-06-03,-0.11534196721631887,-0.18944573480940763,-0.37243028735170974,-0.08993461677306268,-0.15582333415782523,-0.7689226204072154,-0.19338324300674878,0.11169032654405257,1.1543990012262126,1.642121828813967,1.8242348872005523,1.2369823514130929,0.9258747
2024-06-04,-0.11534196721631887,-0.18944573480940763,-0.37243028735170974,-0.08993461677306268,-0.15582333415782523,-0.6686846830419452,0.2253698869878238,0.16201018914317394,1.1890979154983785,1.6546840065650625,1.8153162125926343,1.24569954596945,0.16492605
2024-06-05,-0.11534196721631887,-0.18944573480940763,-0.37243028735170974,-0.08993461677306268,-0.15582333415782523,0.4781837474788466,0.30912051298673826,0.3843537680695242,1.3510516715309282,1.6977872740703994,1.8174379529187392,1.2552604232469071,0.78208447
2024-06-06,-0.11534196721631887,-0.18944573480940763,-0.37243028735170974,-0.08993461677306268,-0.15582333415782523,0.36610244479652004,3.627506427565951,1.5381999197610048,0.9811315592887139,1.6597396600682215,1.8109643964688007,1.2625217376504179,-0.7096529
2024-06-07,-0.11534196721631887,-0.18944573480940763,-0.37243028735170974,-0.08993461677306268,-0.15582333415782523,-0.805529385932663,-3.573186283318499,0.47446142900283467,1.251098271077505,1.6951209181968596,1.8133838844257946,1.272413151077484,1.2392044
2024-06-10,-0.11534196721631887,-0.18944573480940763,-0.37243028735170974,-0.08993461677306268,-0.15582333415782523,1.8382327537066576,-0.46324637122547335,0.14328651933884973,0.3968808329697009,1.5655134937563597,1.7874855186966794,1.2773016657854872,-1.9147754
2024-06-11,-0.11534196721631887,-0.18944573480940763,-0.37243028735170974,-0.08993461677306268,-0.15582333415782523,2.8857245825216022,0.009479384412844157,0.15849950105486316,1.5622927817004506,1.9478658007108707,1.8488792310965503,1.2913954839447093,7.264912
2024-06-12,8.669871202426636,-0.18944573480940763,-0.37243028735170974,-0.08993461677306268,-0.15582333415782523,1.394860223019029,0.44126038956280345,-0.11767462855891926,1.8377109089258785,2.4354890485196043,2.002714159219915,1.3080836597182985,2.85784
2024-06-13,-0.11534196721631887,-0.18944573480940763,-0.37243028735170974,-0.08993461677306268,-0.15582333415782523,0.42068959221240826,1.0126257713776203,0.23222395090938985,1.8859987352658283,2.8293129662857424,2.2103581025416292,1.3255222541255378,0.54911375
2024-06-14,-0.11534196721631887,-0.18944573480940763,-0.37243028735170974,-0.08993461677306268,-0.15582333415782523,-0.5281793035986826,-2.1289532660927732,-0.44533885013459334,1.599829566680005,3.04021251067814,2.421765173802954,1.341688678648072,-0.81683993
2024-06-17,-0.11534196721631887,-0.18944573480940763,-0.37243028735170974,-0.08993461677306268,-0.15582333415782523,0.0759399945286328,0.6534286420933868,0.16435064786871448,1.79556031147755,3.318521289222951,2.650659276610773,1.360006352135791,1.967144
2024-06-18,-0.11534196721631887,-0.18944573480940763,-0.37243028735170974,-0.08993461677306268,-0.15582333415782523,0.1627195622154295,-0.2827172440722576,-0.06384407787148715,1.4241034732970954,3.410699345119903,2.853570338086553,1.375686774004995,-1.098448
2024-06-19,-0.11534196721631887,-0.18944573480940763,-0.37243028735170974,-0.08993461677306268,-0.15582333415782523,-0.6538266429169104,1.12057102266511,0.7763806045975629,1.4241034732970954,3.4415378525017655,3.022521937963741,1.3924035170271991,0.0
2024-06-20,-0.11534196721631887,-0.18944573480940763,-0.37243028735170974,-0.08993461677306268,-0.15582333415782523,-1.1061355310710455,-1.0234450029071016,0.041476564777836705,0.7381983451955832,3.2582811300026946,3.1183277597185604,1.408698609185101,-2.1512926
2024-06-21,-0.11534196721631887,-0.18944573480940763,-0.37243028735170974,-0.08993461677306268,-0.15582333415782523,-0.9274083817409183,0.061590885034390946,0.08945596865141754,0.44875062083779493,2.996349711234032,3.1387211055844793,1.42121294747515,-1.0444403
2024-06-24,-0.11534196721631887,-0.18944573480940763,-0.37243028735170974,-0.08993461677306268,-0.15582333415782523,0.9844337813043031,-1.1388347542833837,1.1695776704883716,0.5036131562228543,2.7778354008732453,3.108108549929964,1.4341918378221865,0.3132701
2024-06-25,-0.11534196721631887,-0.18944573480940763,-0.37243028735170974,-0.08993461677306268,-0.15582333415782523,-0.4347243845513631,-0.21571674327312598,1.6634144615774233,0.5842640877067456,2.6058909166298445,3.0466924169062635,1.4478282421423052,0.44682026
2024-06-26,-0.11534196721631887,-0.18944573480940763,2.685066263302147,11.119188982851384,-0.15582333415782523,-0.8960772971294323,1.7794092805232375,0.3644598689024297,0.9186822511598095,2.5891994807294862,2.9939749265329976,1.4642376751800423,1.9993305
2024-06-27,-0.11534196721631887,-0.18944573480940763,-0.37243028735170974,-0.08993461677306268,-0.15582333415782523,-0.8564558567960064,0.2514256372985972,0.28137358414574093,0.9815816996014405,2.574653757618931,2.9486771547119326,1.4805399127443664,0.3986001
2024-06-28,-0.11534196721631887,-0.18944573480940763,-0.37243028735170974,-0.08993461677306268,-0.15582333415782523,-0.46390213001429337,-0.14499399242959812,0.3785026212556729,0.4660847804557714,2.4063285737174724,2.876290114773865,1.493668856626275,-1.6254127
2024-07-01,-0.11534196721631887,-0.18944573480940763,-0.37243028735170974,-0.08993461677306268,-0.15582333415782523,-0.6134515338814902,-0.40927374558172835,0.1877552351241198,0.935959294737461,2.4648327743366925,2.830944603732542,1.5099067639671842,2.910459
2024-07-02,-0.11534196721631887,-0.18944573480940763,-0.37243028735170974,-0.08993461677306268,-0.15582333415782523,-0.2851749806841662,0.44498263960719964,0.4756316583656049,1.157980861592828,2.606579026330621,2.8251090355505526,1.528431704560919,1.6239882
2024-07-03,-0.11534196721631887,-0.18944573480940763,-0.37243028735170974,-0.08993461677306268,-0.15582333415782523,-0.6208805539440075,-0.31249524442742715,0.25211785007648435,1.2343921630145291,2.731421015678698,2.847251131907359,1.5467851122692882,0.5811095
2024-07-04,-0.11534196721631887,-0.18944573480940763,-0.37243028735170974,-0.08993461677306268,-0.15582333415782523,-1.2631139550007597,-0.009131865809136858,0.17371248277087661,1.2343921630145291,2.795591987495969,2.8787459023200364,1.5661319471265105,0.0
2024-07-05,-0.11534196721631887,-0.18944573480940763,-0.37243028735170974,-0.08993461677306268,-0.15582333415782523,-1.3783175994484922,-0.1654663676737773,0.11286055590682285,1.5134233649463658,2.9836535890895393,2.9443290528206787,1.5871797553277003,2.1620393
2024-07-08,-0.11534196721631887,-0.18944573480940763,-0.37243028735170974,-0.08993461677306268,-0.15582333415782523,-0.1536059587074101,0.03553513472361756,0.11520101463236337,1.59097500946206,3.1476734136099584,3.0320197944729563,1.6119797429595912,0.6538868
2024-07-09,-0.11534196721631887,-0.18944573480940763,-0.37243028735170974,-0.08993461677306268,-0.15582333415782523,-0.3039090312766013,0.4766217649845673,0.41243927277601056,1.636341423851921,3.2687044560619682,3.1281645154545084,1.6273671528457097,0.37748814
2024-07-10,-0.11534196721631887,-0.18944573480940763,-0.37243028735170974,-0.08993461677306268,-0.15582333415782523,0.29428858419218584,-0.06868786651947603,0.11169032654405257,1.8461485417510537,3.478311852551816,3.2500947124877446,1.641596740915496,1.8803596
2024-07-11,-0.11534196721631887,-0.18944573480940763,-0.37243028735170974,-0.08993461677306268,-0.15582333415782523,0.7196807329893741,0.06345201005658907,0.3094590888522273,1.0142089520092412,3.405944320099451,3.332097517219953,1.6511236523525645,-2.3220837
2024-07-12,-0.11534196721631887,-0.18944573480940763,-0.37243028735170974,-0.08993461677306268,-0.15582333415782523,-0.7793663152777106,-0.6177197480679157,0.16318041850594422,1.1951553680177591,3.414662302074413,3.399571998869971,1.6640239144748032,1.3050914
2024-07-15,-0.11534196721631887,-0.18944573480940763,2.685066263302147,-0.08993461677306268,-0.15582333415782523,0.03255021068523446,7.401867972583699,2.4860857036049198,1.4067337773619002,3.518798429415626,3.4759154295391315,1.6766954732717594,1.6743302
2024-07-16,-0.11534196721631887,-0.18944573480940763,-0.37243028735170974,-0.08993461677306268,-0.15582333415782523,-0.4646557987162879,-4.963446674900481,0.7892531275880358,1.4288976452328215,3.5728696930709427,3.5486022957184518,1.6913682131219536,0.17918348
2024-07-17,-0.11534196721631887,-0.18944573480940763,-0.37243028735170974,-0.08993461677306268,-0.15582333415782523,-0.7345768609877511,-2.1531478913813484,0.15498881296655237,0.621408683314114,3.3585155628836856,3.560717979456086,1.7017956398587697,-2.5295973
2024-07-18,-0.11534196721631887,-0.18944573480940763,-0.37243028735170974,-0.08993461677306268,-0.15582333415782523,-0.7950856910621676,-0.04449324123090076,0.166691106594255,0.09768673714545707,2.9808670623581683,3.4893082915376836,1.7121587291836329,-2.0534813
2024-07-19,-0.11534196721631887,-0.18944573480940763,-0.37243028735170974,-0.08993461677306268,-0.15582333415782523,-1.35215452879354,0.14348038601110738,0.3012674833128354,0.10845630201982559,2.6531778526870373,3.3618073576135923,1.724179905036854,0.05799532
2024-07-22,-0.11534196721631887,-0.18944573480940763,-0.37243028735170974,-0.08993461677306268,-0.15582333415782523,-1.339449827817061,0.2681757624983801,0.43701408939418607,0.06860347891561411,2.3511145641293516,3.1949367440462724,1.7354863964770753,-0.15602708
2024-07-23,-0.11534196721631887,-0.18944573480940763,-0.37243028735170974,-0.08993461677306268,-0.15582333415782523,-1.0149416181297095,-0.5469969972243878,0.09062619801418781,0.16647189236518758,2.122887426975077,3.0124271342094855,1.746878654359979,0.4688263
2024-07-24,-0.11534196721631887,-0.18944573480940763,-0.37243028735170974,-0.08993461677306268,-0.15582333415782523,-0.07953109199709235,-0.03518761611991025,0.11052009718128232,-0.5370012087752074,1.684835297480605,2.772345177121467,1.7506593938507566,-2.8754294
2024-07-25,-0.11534196721631887,-0.18944573480940763,-0.37243028735170974,-0.08993461677306268,-0.15582333415782523,-0.3868125884959976,-0.19896661807334307,0.1280735376228363,-0.6370308667462166,1.2821821228415047,2.4938074758254767,1.7530822042026843,-0.48045516
2024-07-26,-0.11534196721631887,5.278556421478968,-0.37243028735170974,-0.08993461677306268,-0.15582333415782523,-0.2522288917112633,-0.30877299438303096,0.10232849164189048,-0.5837951402142161,0.9664806680878842,2.203178572019265,1.7583280970598758,0.2161026
2024-07-29,-0.11534196721631887,-0.18944573480940763,-0.37243028735170974,-0.08993461677306268,-0.15582333415782523,0.5918800545225903,0.5343166406727085,0.08360482183756623,-0.5503719949773838,0.7156735432151031,1.916813144927398,1.759392999838566,0.12845993
2024-07-30,-0.11534196721631887,-0.18944573480940763,2.685066263302147,-0.08993461677306268,-0.15582333415782523,0.10134939648159072,0.16023051121089027,0.1702017946825658,-0.4802588302500286,0.5286304136662788,1.6475521919405207,1.7583423950612587,0.256598
2024-07-31,-0.11534196721631887,-0.18944573480940763,-0.37243028735170974,-0.08993461677306268,-0.15582333415782523,-0.5596180551675966,-0.11335486705223045,0.10817963845574179,-0.08959575584263159,0.49143555899741603,1.4241556159186486,1.7587211806755638,1.4990807
2024-08-01,-0.11534196721631887,-0.18944573480940763,2.685066263302147,-0.08993461677306268,-0.15582333415782523,0.41692124870243563,0.25887013738738957,0.25679876752756536,-0.533720020938454,0.32048217237699117,1.2087251106402257,1.7564413000176984,-1.6750753
2024-08-02,8.669871202426636,-0.18944573480940763,-0.37243028735170974,-0.08993461677306268,-0.15582333415782523,1.1757579646534817,4.122565683470646,-0.0357585731650008,-0.35516444958186516,0.23429063757931315,1.0178705677765052,1.75181006307213,0.68694353
2024-08-05,-0.11534196721631887,5.278556421478968,-0.37243028735170974,-0.08993461677306268,-0.15582333415782523,1.166821607186975,-5.411977805250221,0.5797820716521584,-1.3275659474757016,-0.21903293419807285,0.7678330322872103,1.7385524443663163,-4.816699
2024-08-06,-0.11534196721631887,5.278556421478968,-0.37243028735170974,-0.08993461677306268,-0.15582333415782523,0.013170158348232706,-0.17849424282916393,1.6528823973124909,-1.4699488833011694,-0.6475370203116564,0.47577923310658726,1.7232221977315774,-0.97482204
2024-08-07,-0.11534196721631887,5.278556421478968,-0.37243028735170974,-0.08993461677306268,-0.15582333415782523,-0.4137293278529445,0.42264913934082243,0.47329119964006444,-1.1552097783740007,-0.8853051099101799,0.19107409917007223,1.7066698421883162,1.249826
2024-08-08,-0.11534196721631887,-0.18944573480940763,2.685066263302147,11.119188982851384,-0.15582333415782523,0.3608267638825583,0.5305943906283123,-0.11533416983337876,-0.7646466130255088,-0.9385822461587324,-0.048131586095483576,1.696478242617592,1.6633272
2024-08-09,-0.11534196721631887,-0.18944573480940763,-0.37243028735170974,-0.08993461677306268,-0.15582333415782523,-0.8123124042506136,0.173258386366277,0.11871170272067416,-0.4650341137711888,-0.8668315508937428,-0.22408725082465614,1.686258118929479,1.373589
2024-08-12,-0.11534196721631887,-0.18944573480940763,-0.37243028735170974,-0.08993461677306268,-0.15582333415782523,-0.7188574852032941,0.11370238565593777,0.16201018914317394,-0.3136439561329395,-0.747838373039171,-0.3392972983469887,1.6743811523300218,0.7121682
2024-08-13,-0.11534196721631887,-0.18944573480940763,-0.37243028735170974,-0.08993461677306268,-0.15582333415782523,-0.6081758529675285,-0.8913051263310365,-0.27331513380736444,0.03143127567717905,-0.5140263451558015,-0.38125282927573717,1.6648800549316491,1.7193079
2024-08-14,-0.11534196721631887,-0.18944573480940763,2.685066263302147,-0.08993461677306268,-0.15582333415782523,0.5148981799617222,1.0219313964886108,0.11520101463236337,0.07150590866080163,-0.3113029746787898,-0.3712812188140611,1.6599462524364619,0.20337105
2024-08-15,-0.11534196721631887,-0.18944573480940763,-0.37243028735170974,-0.08993461677306268,-0.15582333415782523,0.1536755377914954,-0.13196611727421145,0.10700940909297153,0.33342331480184273,-0.04349198960962022,-0.30578994748984367,1.6605180862293138,1.3530612
2024-08-16,-0.11534196721631887,-0.18944573480940763,-0.37243028735170974,-0.08993461677306268,-0.15582333415782523,-0.5505740307436623,0.09509113543395675,0.17722317085918737,0.4444576913108504,0.21217158203727604,-0.198491675897745,1.661948677106714,0.5918503
2024-08-19,-0.11534196721631887,-0.18944573480940763,-0.37243028735170974,-0.08993461677306268,-0.15582333415782523,-0.7516959072187693,-0.07613236660826846,0.15849950105486316,0.42302519229993846,0.40179027353657143,-0.07193133024537475,1.663514915689538,-0.070780516
2024-08-20,-0.11534196721631887,-0.18944573480940763,-0.37243028735170974,-0.08993461677306268,-0.15582333415782523,-0.6223878913479965,-0.01471524087573115,0.15381858360378212,0.47991913304065176,0.5655698478176819,0.06448957237745556,1.664774347485531,0.27446747
2024-08-21,-0.11534196721631887,-0.18944573480940763,-0.37243028735170974,-0.08993461677306268,-0.15582333415782523,-0.8750822404310137,-0.02588199100891975,0.16201018914317394,0.46308597166395904,0.6809707744128244,0.19840932166728836,1.670579149144882,-0.048565865
2024-08-22,-0.11534196721631887,-0.18944573480940763,-0.37243028735170974,-0.08993461677306268,-0.15582333415782523,-0.5177356087281871,-0.06682674149727796,0.1795636295847279,0.17526457677708002,0.6938251479633787,0.30830567336362297,1.675796345359781,-0.82597136
2024-08-23,-0.11534196721631887,-0.18944573480940763,-0.37243028735170974,-0.08993461677306268,-0.15582333415782523,-0.6119441964775012,0.04856300987900426,0.13626514316222813,0.42260939942662235,0.7765962372436782,0.4139983325850347,1.6823305032374716,1.0288119
2024-08-26,-0.11534196721631887,-0.18944573480940763,2.685066263302147,-0.08993461677306268,6.4175240852384325,1.1488412252965348,0.06531313507878715,0.12573307889729576,0.45837098273811056,0.8423163371775696,0.5126662376565869,1.688907806718129,0.14988184
2024-08-27,-0.11534196721631887,-0.18944573480940763,-0.37243028735170974,-0.08993461677306268,-0.15582333415782523,1.0711056820336722,0.00017375930185365205,0.16435064786871448,0.5505194849751694,0.9122802606922964,0.6066257254629669,1.695693088970027,0.37415028
2024-08-28,-0.11534196721631887,-0.18944573480940763,2.685066263302147,-0.08993461677306268,-0.15582333415782523,0.6508815471930178,-0.35530111993798347,-0.0930998119407437,0.28000523230267227,0.8987736006534962,0.6788926810867978,1.6990322581586792,-0.67534447
2024-08-29,-0.11534196721631887,-0.18944573480940763,-0.37243028735170974,-0.08993461677306268,-0.15582333415782523,0.6411915210245168,-0.7461373745995845,-0.5740640800393225,0.646052274082088,0.9941789616952562,0.7571951075619402,1.707391334146471,1.4570117
2024-08-30,-0.11534196721631887,-0.18944573480940763,-0.37243028735170974,-0.08993461677306268,-0.15582333415782523,-0.4855431884572787,1.2154883987972132,0.11403078526959312,0.5053676067314588,1.0266590055439455,0.8268123290420937,1.7141131128567841,-0.34378767
2024-09-02,-0.11534196721631887,-0.18944573480940763,-0.37243028735170974,-0.08993461677306268,-0.15582333415782523,0.5365392384047074,-0.10591036696343807,0.166691106594255,0.5053676067314588,1.0378941170426972,0.8849189124487411,1.7284035231436137,0.0
2024-09-03,-0.11534196721631887,-0.18944573480940763,-0.37243028735170974,-0.08993461677306268,-0.15582333415782523,0.6060920929030581,-0.03518761611991025,0.1409460606133092,-0.4791348344659213,0.8081856049262425,0.8820729262120358,1.7396941998010085,-2.7205229
2024-09-04,-0.11534196721631887,-0.18944573480940763,-0.37243028735170974,-0.08993461677306268,-0.15582333415782523,-0.12970389415844127,0.11556351067813586,0.2579689968903357,-0.7197905541964648,0.547406173357992,0.8237922217061926,1.747759990641285,-0.8618772
2024-09-05,-0.11534196721631887,-0.18944573480940763,2.685066263302147,-0.08993461677306268,-0.15582333415782523,-0.27397761711167634,-0.13196611727421145,0.14679720742716051,-0.5000962158004413,0.389393689823324,0.7432335486312758,1.754426259463878,0.69277287
2024-09-06,-0.11534196721631887,-0.18944573480940763,-0.37243028735170974,-0.08993461677306268,-0.15582333415782523,0.2053556773568334,0.07275763516757956,0.11988193208344444,-0.7017326391541725,0.20251319893995026,0.6386529264671832,1.7578822280122404,-0.701499
2024-09-09,-0.11534196721631887,-0.18944573480940763,-0.37243028735170974,-0.08993461677306268,-0.15582333415782523,2.9044586331140363,-0.07054899154167417,0.1397758312505389,-0.6876878843708936,0.054514194781000364,0.5232047728103013,1.7603006821103526,0.040757656
2024-09-10,-0.11534196721631887,-0.18944573480940763,-0.37243028735170974,-0.08993461677306268,-0.15582333415782523,2.670390667666027,-0.08357686669706087,0.09530711546526888,-0.7974477470037995,-0.09335808572420022,0.399089808608579,1.7594706791763974,-0.36213994
2024-09-11,-0.11534196721631887,-0.18944573480940763,-0.37243028735170974,-0.08993461677306268,-0.15582333415782523,0.7152663877348345,-1.4198646326352968,-0.4418281620462826,-0.38500291363706307,-0.11890694715746136,0.29431106910507454,1.760143260324391,1.1585116
2024-09-12,-0.11534196721631887,-0.18944573480940763,2.685066263302147,-0.08993461677306268,-0.15582333415782523,0.3608267638825583,1.0852096472433461,-0.11182348174506794,-0.36780255621892877,-0.13612279185966242,0.20679087367584667,1.7587479867324571,0.04940033
2024-09-13,-0.11534196721631887,-0.18944573480940763,-0.37243028735170974,-0.08993461677306268,-0.15582333415782523,0.37127045875305376,0.34075963836410605,0.07307275757263385,-0.41263691735556013,-0.16028702840595696,0.13158530552218242,1.7562078738231839,-0.121206045
2024-09-16,-0.11534196721631887,-0.18944573480940763,-0.37243028735170974,-0.08993461677306268,-0.15582333415782523,0.21429203482333972,-0.2417724935838994,-0.02522650890006836,-1.2574779111260355,-0.4022760493994457,0.019452286583970704,1.7493603028925622,-2.7775228
2024-09-17,-0.11534196721631887,-0.18944573480940763,-0.37243028735170974,-0.08993461677306268,-0.15582333415782523,-0.2851749806841662,-0.10218811691904182,0.36914078635351083,-1.1727155297711824,-0.5728857665777474,-0.10689356799510016,1.7424053855292372,0.21725893
2024-09-18,-0.11534196721631887,-0.18944573480940763,-0.37243028735170974,-0.08993461677306268,-0.15582333415782523,0.043855241215152094,0.30539826294234207,0.11286055590682284,-0.5330648030969056,-0.5622060539198408,-0.2056767206009539,1.738319751402642,1.7989755
2024-09-19,-0.11534196721631887,-0.18944573480940763,2.685066263302147,-0.08993461677306268,-0.15582333415782523,0.5611949716556709,-0.05565999136408934,0.0016887664436477058,0.4111921615624523,-0.25560859583957835,-0.21885963670553735,1.7414251277813564,3.7065506
2024-09-20,-0.11534196721631887,-0.18944573480940763,-0.37243028735170974,-0.08993461677306268,-0.15582333415782523,0.43113328708290366,0.1881473865438618,0.11637124399513363,0.316693622443691,-0.03910469435332589,-0.18291048436282872,1.7423982401228144,-0.29274225
2024-09-23,-0.11534196721631887,-0.18944573480940763,-0.37243028735170974,-0.08993461677306268,-0.15582333415782523,-0.42578802708485664,0.09323001041175867,0.22169188664445746,0.07340470409186506,0.0662045131400349,-0.1315353912827107,1.7418902261672045,-0.7581055
2024-09-24,-0.11534196721631887,-0.18944573480940763,-0.37243028735170974,-0.08993461677306268,-0.15582333415782523,-0.8077903920386466,-0.11521599207442856,0.15498881296655237,0.17199982016657495,0.17782893699139277,-0.06646331578558624,1.7414179823749332,0.3973961
2024-09-25,-0.11534196721631887,-0.18944573480940763,2.685066263302147,-0.08993461677306268,-0.15582333415782523,-0.9319303939528853,-0.1468551174517963,-0.040439490616081826,0.024118800892013063,0.2247629651253866,-0.004326297017261837,1.741332129669799,-0.43981075
2024-09-26,-0.11534196721631887,-0.18944573480940763,-0.37243028735170974,-0.08993461677306268,-0.15582333415782523,-1.2915380317616956,-0.025881991008919757,0.286054501596822,0.1614858432804615,0.29784043207427596,0.06107713349715566,1.73970788677669,0.5080223
2024-09-27,-0.11534196721631887,-0.18944573480940763,-0.37243028735170974,-0.08993461677306268,-0.15582333415782523,-1.306503738844158,0.08020213525637199,0.0812643631120257,0.1944639978435131,0.35890316365386127,0.1265134583779128,1.7388420849252462,0.11866093
2024-09-30,-0.11534196721631887,-0.18944573480940763,-0.37243028735170974,-0.08993461677306268,-0.15582333415782523,-1.2212315085613503,0.007618259390646057,0.09413688610249861,0.7543074838500575,0.5876104004795706,0.2279787414914113,1.7417041724357896,2.287197
2024-10-01,-0.11534196721631887,-0.18944573480940763,2.685066263302147,-0.08993461677306268,-0.15582333415782523,-1.026892650404194,0.30167601289794593,0.0847750512003365,-0.21033078111366163,0.5132682945863215,0.2931855638369334,1.7441655852348885,-2.9141605
2024-10-02,-0.11534196721631887,-0.18944573480940763,-0.37243028735170974,-0.08993461677306268,-0.15582333415782523,-1.2130488197968385,-1.1276680041501952,0.21935142791891699,-0.1472011875810322,0.4671713959440304,0.335451441820836,1.7484086483359822,0.25197268
2024-10-03,-0.11534196721631887,-0.18944573480940763,2.685066263302147,-0.08993461677306268,-0.15582333415782523,-1.1719200420594238,0.5920115163608495,-0.08373797703858164,-0.28863749708819525,0.3832784727317272,0.3512476459137563,1.750762729079454,-0.48946142
2024-10-04,-0.11534196721631887,-0.18944573480940763,-0.37243028735170974,-0.08993461677306268,-0.15582333415782523,-1.3483861852835672,0.1137023856559378,0.018071977522431414,-0.1509305881152553,0.35133036590965927,0.35702356549068626,1.755041555155349,0.5007386
2024-10-07,-0.11534196721631887,-0.18944573480940763,-0.37243028735170974,-0.08993461677306268,-0.15582333415782523,-0.8653922142625129,0.1397581359667112,0.14328651933884973,-0.7654353440939948,0.1359141801360617,0.31538240926759636,1.7555996804069056,-2.2530854
2024-10-08,-0.11534196721631887,-0.18944573480940763,-0.37243028735170974,-0.08993461677306268,-0.15582333415782523,-0.898230636277988,-0.2361891185173051,0.38903468552060533,-0.2788225396842302,0.10988749273451573,0.27648010021215014,1.7596495443701627,1.8404126
2024-10-09,-0.11534196721631887,-0.18944573480940763,2.685066263302147,-0.08993461677306268,-0.15582333415782523,-1.189900423949864,-0.05752111638628743,-0.0837379770385816,0.10427828952777093,0.22138474737482963,0.26930294366538454,1.764572362779823,1.669836
2024-10-10,-0.11534196721631887,-0.18944573480940763,-0.37243028735170974,-0.08993461677306268,-0.15582333415782523,-1.0164489555336986,-0.009131865809136858,-0.11884485792168953,0.041993893767790204,0.28571381181486233,0.2773762630750452,1.769058707560551,-0.21782517
2024-10-11,-0.11534196721631887,-0.18944573480940763,-0.37243028735170974,-0.08993461677306268,-0.15582333415782523,-1.2473945792163028,0.17325838636627697,0.025093353699053,-0.14611197046617727,0.2767322716185885,0.2819060800615779,1.7726721122719502,-0.650537
2024-10-14,-0.11534196721631887,-0.18944573480940763,-0.37243028735170974,-0.08993461677306268,-0.15582333415782523,-1.1248695816634806,0.2346755120988143,0.13509491379945787,0.23875374608720812,0.3989628787864564,0.3117796748830441,1.7833906675949869,1.647985
2024-10-15,-0.11534196721631887,-0.18944573480940763,-0.37243028735170974,-0.08993461677306268,-0.15582333415782523,0.16638023876797434,0.4263713893852187,-0.32714568449479653,0.4714942712525128,0.5794233165658731,0.37443349030998213,1.7955975233756647,1.1024714
2024-10-16,-0.11534196721631887,-0.18944573480940763,-0.37243028735170974,-0.08993461677306268,-0.15582333415782523,-0.35397416648052243,-0.06124336643068368,0.27201174924357885,0.19228404896876458,0.6372104137786085,0.4369666613897414,1.8035326769212576,-0.8851886
2024-10-17,-0.11534196721631887,-0.18944573480940763,-0.37243028735170974,-0.08993461677306268,-0.15582333415782523,-0.5475593559356844,-0.5265246219802087,0.0005185370808774686,0.22919230984101863,0.6860247594307408,0.49747636586172245,1.8058795906926937,0.15963316
2024-10-18,-0.11534196721631887,-0.18944573480940763,-0.37243028735170974,-0.08993461677306268,-0.15582333415782523,-0.6134515338814902,0.34262076338630415,0.13275445507391737,0.5054515053139006,0.8164886657245383,0.5739020200455126,1.8107451452114478,1.227653
2024-10-21,-0.11534196721631887,-0.18944573480940763,-0.37243028735170974,-0.08993461677306268,-0.15582333415782523,-0.3651715300530124,-0.07613236660826847,0.20062775811459269,0.6399307191694401,0.9601413046144993,0.6658927918332739,1.8179075453369173,0.6297827
2024-10-22,-0.11534196721631887,-0.18944573480940763,-0.37243028735170974,-0.08993461677306268,-0.15582333415782523,-0.018268593220681112,-0.01285411585353305,0.14679720742716051,0.5416788117215345,1.0369267235811204,0.7559755292504906,1.823982355658878,-0.262177
2024-10-23,-0.11534196721631887,-0.18944573480940763,-0.37243028735170974,-0.08993461677306268,-0.15582333415782523,0.6479745393424674,-0.2138556182509279,0.08711550992587704,-0.1796146656163511,0.8992465257308189,0.798474087556528,1.8271235022009311,-2.1623015
2024-10-24,-0.11534196721631887,-0.18944573480940763,-0.37243028735170974,-0.08993461677306268,-0.15582333415782523,0.060974287446170325,-1.6413385102768707,-0.12820669282385158,-0.20394763006041663,0.7717809138086978,0.8050989449322906,1.829305855968521,-0.082331896
2024-10-25,-0.11534196721631887,-0.18944573480940763,-0.37243028735170974,-0.08993461677306268,-0.15582333415782523,0.21127736001536154,1.1615157731534682,-0.1153341698333788,-0.10165449836065064,0.6908319193461926,0.7930145585390347,1.831896058608128,0.3643155
2024-10-28,-0.11534196721631887,-0.18944573480940763,2.685066263302147,-0.08993461677306268,6.4175240852384325,1.6767323175649766,-0.45394074611448276,-0.5518297221466874,0.13479157537508854,0.6886303792247287,0.7828742557450084,1.8321822702345973,0.85994005
2024-10-29,-0.11534196721631887,-0.18944573480940763,-0.37243028735170974,-0.08993461677306268,-0.15582333415782523,1.5294439198037635,1.2192106488416095,0.22169188664445746,0.16669160105569517,0.6862607465674339,0.774253120970425,1.8375200757341603,0.115680695
2024-10-30,-0.11534196721631887,-0.18944573480940763,-0.37243028735170974,-0.08993461677306268,-0.15582333415782523,0.18737529546639273,-0.018437490920127336,0.22286211600722772,-0.359947328184327,0.5456135690916709,0.7371514052116692,1.839895599885437,-1.5277922
2024-10-31,-0.11534196721631887,-0.18944573480940763,-0.37243028735170974,-0.08993461677306268,-0.15582333415782523,0.6906106544838713,-0.09288249180805139,0.19594684066351162,-0.8661245733065758,0.2759240586745061,0.64955262529131,1.8400673268613186,-1.8209457
2024-11-01,-0.11534196721631887,-0.18944573480940763,-0.37243028735170974,-0.08993461677306268,-0.15582333415782523,1.0659376680771386,3.6256453025437527,0.39488583233445657,-1.172613848983608,-0.0489752554705003,0.5096995642259601,1.8372839322724117,-1.3279617
2024-11-04,-0.11534196721631887,-0.18944573480940763,-0.37243028735170974,-0.08993461677306268,-0.15582333415782523,0.44825233331392167,-3.5210747826969517,0.13626514316222815,-1.2597444455316305,-0.33786435214286425,0.3357764840770486,1.8375128871965116,-0.4037559
2024-11-05,-0.11534196721631887,-0.18944573480940763,-0.37243028735170974,-0.08993461677306268,-0.15582333415782523,0.8064603006761707,0.10067451050055107,0.4756316583656049,-1.0357120778001334,-0.5110494622201898,0.15944549976890188,1.8358528597629886,0.64861774
2024-11-06,-0.11534196721631887,-0.18944573480940763,-0.37243028735170974,-0.08993461677306268,-0.15582333415782523,-0.09298946167556574,-1.200251880015921,-0.012353985909595485,-1.1152405887529528,-0.6696914432930221,-0.015688585443702878,1.8309729784887017,-0.32669306
2024-11-07,-0.11534196721631887,-0.18944573480940763,2.685066263302147,-0.08993461677306268,-0.15582333415782523,-0.4802675075433172,1.7328811549682852,0.6031866589075637,-0.427794853193532,-0.617587871215081,-0.14460630530005744,1.8298567567397397,2.137208
2024-11-08,-0.11534196721631887,-0.18944573480940763,-0.37243028735170974,-0.08993461677306268,-0.15582333415782523,-1.0216169694902324,-0.6251642481567081,0.09998803291634992,-0.4620869478740984,-0.5819660867985545,-0.24009049363431212,1.8296132594039771,-0.11868477
2024-11-11,-0.11534196721631887,-0.18944573480940763,-0.37243028735170974,-0.08993461677306268,-0.15582333415782523,-0.7435132184542574,0.018785009523834672,0.2649903730669572,-0.798277391970408,-0.648278059608086,-0.33071873017458847,1.824731013100804,-1.2028575
2024-11-12,-0.11534196721631887,-0.18944573480940763,-0.37243028735170974,-0.08993461677306268,-0.15582333415782523,-0.33674745329207645,-0.4595241211810771,0.013391060071350361,-0.798277391970408,-0.6953564988797034,-0.41333169091793587,1.8180241865487998,0.0
2024-11-13,-0.11534196721631887,-0.18944573480940763,-0.37243028735170974,-0.08993461677306268,-0.15582333415782523,-0.5738300935480645,0.24398113720980477,0.1374353725249984,-0.6582273274940896,-0.6947696117101492,-0.4792960220438465,1.8134360233208202,0.39691925
2024-11-14,-0.11534196721631887,-0.18944573480940763,-0.37243028735170974,-0.08993461677306268,-0.15582333415782523,-0.2769922919196545,-0.47255199633646383,-0.1176746285589193,-0.20690615503980944,-0.5772360541211675,-0.5068264647137177,1.8108036886620562,1.3770461
2024-11-15,-0.11534196721631887,-0.18944573480940763,-0.37243028735170974,-0.08993461677306268,-0.15582333415782523,-1.2414728965577744,-0.236189118517305,-0.14224944517709479,-0.642649262278951,-0.5970769029649495,-0.5331117577424568,1.8038255810762778,-1.4109194
2024-11-18,-0.11534196721631887,-0.18944573480940763,2.685066263302147,-0.08993461677306268,-0.15582333415782523,-0.5917028084810771,0.7353181430701032,0.1479674367899308,-0.23631859266862498,-0.4995435126860206,-0.5331941234043708,1.7979517478898903,1.3422251
2024-11-19,-0.11534196721631887,-0.18944573480940763,-0.37243028735170974,-0.08993461677306268,-0.15582333415782523,-0.2874359867901497,-0.04077099118650455,0.11637124399513363,-0.2027459825178705,-0.41058236796811703,-0.5141550872856975,1.7927077743722515,0.114023685
2024-11-20,-0.11534196721631887,-0.18944573480940763,-0.37243028735170974,-0.08993461677306268,-0.15582333415782523,-0.14531560298547042,0.17139726134407887,0.28137358414574093,-0.10620779969106332,-0.31278118812721734,-0.477920480247463,1.7916287245514693,0.31540394
2024-11-21,-0.11534196721631887,-0.18944573480940763,-0.37243028735170974,-0.08993461677306268,-0.15582333415782523,-0.3464374794605773,-0.33296761967160626,0.1245628495345255,-0.18244996514825312,-0.25239472239519267,-0.4359644462127952,1.7903417894104345,-0.2096057
2024-11-22,-0.11534196721631887,-0.18944573480940763,-0.37243028735170974,-0.08993461677306268,-0.15582333415782523,-0.3763688936255023,0.03739625974581566,0.31648046502884886,0.01127465583903977,-0.15609042088151323,-0.381717704259612,1.7894208299096153,0.59075356
2024-11-25,-0.11534196721631887,-0.18944573480940763,-0.37243028735170974,-0.08993461677306268,-0.15582333415782523,0.25391347515676543,-0.3627456200267758,-0.10129141748013554,0.3995562430781584,0.026694291065297488,-0.29906621959021357,1.7892249135045466,1.3050914
2024-11-26,-0.11534196721631887,-0.18944573480940763,-0.37243028735170974,-0.08993461677306268,-0.15582333415782523,-0.5341009862572108,0.36681538867487945,0.06722161075878252,0.6474801031437402,0.24597298203224308,-0.1858536442800467,1.7904045237784922,0.9404421
2024-11-27,-0.11534196721631887,-0.18944573480940763,2.685066263302147,-0.08993461677306268,-0.15582333415782523,-0.8220024304191145,0.042979634812409954,0.05317885840553936,0.6222947385709855,0.4077745330695563,-0.06053575004732463,1.794045453400547,-0.05530715
2024-11-28,-0.11534196721631887,-0.18944573480940763,-0.37243028735170974,-0.08993461677306268,-0.15582333415782523,-1.0799724604160934,0.2514256372985972,0.2977567952245247,0.6222947385709855,0.5273827282343279,0.06540512818164866,1.8006844201571515,0.0
2024-11-29,-0.11534196721631887,-0.18944573480940763,2.685066263302147,-0.08993461677306268,-0.15582333415782523,-1.1412349591925044,-0.2789949940278614,0.055519317131079896,0.903178257592338,0.69902300437787,0.20301858878765583,1.8111891092966124,1.0215878
2024-12-02,-0.11534196721631887,-0.18944573480940763,-0.37243028735170974,-0.08993461677306268,-0.15582333415782523,-0.8953236284274377,0.10811901058934346,0.12924376698560655,1.1353885706395104,0.9044298826928339,0.35722169155617295,1.8239566278826365,0.9522557
2024-12-03,-0.11534196721631887,-0.18944573480940763,-0.37243028735170974,-0.08993461677306268,-0.15582333415782523,0.16045855610944595,-1.274696880903845,-0.25342123464026994,1.405797785266024,1.1627691550991672,0.5360640507667551,1.8378857063245708,1.2771845
2024-12-04,-0.11534196721631887,-0.18944573480940763,2.685066263302147,-0.08993461677306268,-0.15582333415782523,-0.39811761902591536,1.1633768981756665,0.018071977522431414,1.43551569436788,1.3623764078387637,0.7220047687425233,1.8525949927001693,0.14836788
2024-12-05,-0.11534196721631887,-0.18944573480940763,-0.37243028735170974,-0.08993461677306268,-0.15582333415782523,-0.725532836563817,-0.11149374203003237,-0.07086545404810868,1.4381381713903467,1.5018059569661266,0.9007006582184696,1.86391985804262,0.012350082
2024-12-06,-0.11534196721631887,-0.18944573480940763,-0.37243028735170974,-0.08993461677306268,-0.15582333415782523,-1.0553167271651298,0.2179253868990314,0.12690330826006602,1.3850892169697278,1.5842139805517996,1.0613549771719313,1.875294856246629,-0.08229017
2024-12-09,-0.11534196721631887,-0.18944573480940763,-0.37243028735170974,-0.08993461677306268,-0.15582333415782523,-0.5505740307436623,-0.1952443680289469,0.08594528056310675,1.7208298278313199,1.7690586827534345,1.2295749184552316,1.8914261791398266,1.6101122
2024-12-10,-0.11534196721631887,-0.18944573480940763,-0.37243028735170974,-0.08993461677306268,-0.15582333415782523,-0.5469133541911175,0.06531313507878715,0.10232849164189046,1.7959116812281073,1.9279500765838107,1.398273732103428,1.9082881449996023,0.41337013
2024-12-11,-0.11534196721631887,-0.18944573480940763,2.685066263302147,-0.08993461677306268,6.4175240852384325,0.8565254358800919,0.2328143870766162,0.14445674870161998,1.4572233886681432,1.981845948430024,1.5448072382442037,1.923595704609524,-0.5166054
2024-12-12,-0.11534196721631887,-0.18944573480940763,-0.37243028735170974,-0.08993461677306268,-0.15582333415782523,0.6636939151269245,0.016923884501636552,0.18424454703580898,1.5851314131394842,2.0519274723299405,1.6770844622798131,1.9377356803689854,0.5963683
2024-12-13,-0.11534196721631887,-0.18944573480940763,-0.37243028735170974,-0.08993461677306268,-0.15582333415782523,-0.03323430030314359,-0.02029861594232545,0.1245628495345255,1.5998891627762661,2.087061514983613,1.7904514836491237,1.9543039513345999,0.06855726
2024-12-16,-0.11534196721631887,-0.18944573480940763,-0.37243028735170974,-0.08993461677306268,-0.15582333415782523,-0.15134495260142655,-0.018437490920127354,0.16552087723148476,1.8345556262942295,2.19311482679933,1.9039206727268119,1.970793414361976,1.1727691
2024-12-17,-0.11534196721631887,-0.18944573480940763,-0.37243028735170974,-0.08993461677306268,-0.15582333415782523,-0.48629685715927323,-0.10591036696343807,0.04264679414060698,1.9994045176906279,2.336593770667195,2.0255089704028997,1.9888444434227048,0.971961
2024-12-18,-0.11534196721631887,-0.18944573480940763,-0.37243028735170974,-0.08993461677306268,-0.15582333415782523,-0.6238952287519856,0.2923703877869554,0.35275757527472706,0.7607190655751032,2.2242671821543425,2.0986568135230983,2.0024901712761536,-2.142179
2024-12-19,-0.11534196721631887,-0.18944573480940763,-0.37243028735170974,-0.08993461677306268,-0.15582333415782523,0.5903727171186012,-0.2306057434507108,0.23105372154661954,0.9323394350691833,2.1710798179366306,2.1457527889741224,2.0177261042969463,0.7014632
2024-12-20,-0.11534196721631887,-0.18944573480940763,-0.37243028735170974,-0.08993461677306268,-0.15582333415782523,-1.088155149180605,-0.04635436625309887,0.12339262017175522,1.3248320678919139,2.2714587337833976,2.2049865314347183,2.035361707766976,1.8815875
2024-12-23,-0.11534196721631887,-0.18944573480940763,2.685066263302147,-0.08993461677306268,-0.15582333415782523,-0.3016480251706178,0.2607312624095877,0.2626499143414167,1.3821860365212963,2.349801924931032,2.2691981861210215,2.0514070845040497,0.306499
2024-12-24,-0.11534196721631887,-0.18944573480940763,-0.37243028735170974,-0.08993461677306268,-0.15582333415782523,-0.5109525904102366,1.3308781501734954,0.46275913537513197,1.585095302421447,2.487435915532494,2.3501252182195542,2.0679825440073127,1.1478066
2024-12-25,-0.11534196721631887,-0.18944573480940763,-0.37243028735170974,-0.08993461677306268,-0.15582333415782523,-0.731562186179773,-1.607838259877305,0.03211472987567458,1.585095302421447,2.564409567535704,2.431397388036231,2.0846511166387356,0.0
2024-12-26,-0.11534196721631887,-0.18944573480940763,-0.37243028735170974,-0.08993461677306268,-0.15582333415782523,-0.5490666933396733,0.36123201360828516,0.2696712905180383,1.6424521518595867,2.6225163152802002,2.508893889458047,2.101907028738717,0.31757355
2024-12-27,-0.11534196721631887,-0.18944573480940763,-0.37243028735170974,-0.08993461677306268,-0.15582333415782523,-0.6709456891479286,0.5938726413830476,0.07073229884709333,0.9209097983849295,2.5120883242644587,2.5471760305452915,2.1149868605314115,-1.3242185
2024-12-30,-0.11534196721631887,-0.18944573480940763,-0.37243028735170974,-0.08993461677306268,-0.15582333415782523,-0.8826189274509589,-1.0588063783288655,0.09413688610249861,0.3274383945278323,2.2723164549577883,2.5263093253546374,2.12401954562808,-1.3263404
2024-12-31,-0.11534196721631887,-0.18944573480940763,-0.37243028735170974,-0.08993461677306268,-0.15582333415782523,-0.841490149713544,0.2067586367658428,0.21701096919337637,0.04957748962665537,1.9919343574951596,2.4494022579809656,2.1295852852793975,-0.7057905
2025-01-01,-0.11534196721631887,-0.18944573480940763,-0.37243028735170974,-0.08993461677306268,-0.15582333415782523,-1.4022196639974611,0.30353713792014403,0.3843537680695242,0.04957748962665537,1.7470492687990078,2.335286092107562,2.134893150519655,0.0
2025-01-02,-0.11534196721631887,-0.18944573480940763,-0.37243028735170974,-0.08993461677306268,-0.15582333415782523,1.149594893998529,-0.3981069954485398,0.13626514316222813,-0.8315881884690572,1.296102232354332,2.1471496331399944,2.1354733805244797,-2.6235878
2025-01-03,-0.11534196721631887,-0.18944573480940763,-0.37243028735170974,-0.08993461677306268,-0.15582333415782523,1.0172722033197783,-7.721633957798064,-0.42076403351641767,-0.886565488740569,0.9078624920933837,1.9132637000800792,2.1358458833568807,-0.20094514
2025-01-06,-0.11534196721631887,-0.18944573480940763,-0.37243028735170974,-0.08993461677306268,-0.15582333415782523,-0.230587833268278,7.476312973471623,1.0900020738199938,-0.6446955874601895,0.6499032903480213,1.670756699044478,2.1345923461617597,0.67390203
2025-01-07,-0.11534196721631887,-0.18944573480940763,-0.37243028735170974,-0.08993461677306268,-0.15582333415782523,0.5156518486637168,-0.9117775015752155,-0.4687434373899986,-0.9726612665416497,0.3373790148412338,1.4096346733619525,2.130609666271364,-1.1387706
2025-01-08,-0.11534196721631887,-0.18944573480940763,-0.37243028735170974,-0.08993461677306268,-0.15582333415782523,0.7757752178092511,0.7390403931144994,0.27318197860634913,-0.8965323426292322,0.10381605675765881,1.1505780349300905,2.1278948359545473,0.20229816
2025-01-09,-0.11534196721631887,-0.18944573480940763,2.685066263302147,-0.08993461677306268,-0.15582333415782523,-0.46390213001429337,-0.511635621802624,-0.5003396301847958,-0.8965323426292316,-0.08287035235961968,0.9032407206803191,2.1241270142659237,0.0
2025-01-10,-0.11534196721631887,-0.18944573480940763,-0.37243028735170974,-0.08993461677306268,-0.15582333415782523,-0.3382547906960655,0.8544301444907817,0.07658344566094465,-1.5275686461235998,-0.4414299503557636,0.6283680883746651,2.11604703325233,-2.410382
2025-01-13,-0.11534196721631887,5.278556421478968,-0.37243028735170974,-0.08993461677306268,-0.15582333415782523,1.213979734540346,-0.3162174944718234,0.9109569813161432,-1.7384084372526847,-0.808088163104409,0.3297279765110663,2.1041276399036715,-1.0344148
2025-01-14,-0.11534196721631887,5.278556421478968,-0.37243028735170974,-0.08993461677306268,-0.15582333415782523,-0.09298946167556574,-1.3063360062812126,1.188301340292696,-1.8302040033921638,-1.129004395342308,0.021897240139042023,2.0896581631440223,-0.47781467
2025-01-15,-0.11534196721631887,-0.18944573480940763,-0.37243028735170974,-0.08993461677306268,-0.15582333415782523,-0.028712288091176538,1.3457671503510804,0.04732771159168803,-1.0766126993874023,-1.204740592471705,-0.2406321423898188,2.0823661033649894,1.9675851
2025-01-16,-0.11534196721631887,-0.18944573480940763,-0.37243028735170974,-0.08993461677306268,-0.15582333415782523,0.6523888845970068,-0.2957451192276443,-0.007673068458514415,-1.8290004249774152,-1.5990313599614994,-0.5353319079577362,2.0669439297108028,-4.040021
2025-01-17,-0.11534196721631887,-0.18944573480940763,-0.37243028735170974,-0.08993461677306268,-0.15582333415782523,0.15970488740745153,-0.6940258739780377,-0.19022884905067558,-1.5930238166729673,-1.8302809419870267,-0.8207539271938548,2.049387126990474,0.7535219
2025-01-20,-0.11534196721631887,-0.18944573480940763,2.685066263302147,-0.08993461677306268,-0.15582333415782523,-0.09148212427157663,1.4127676511502119,0.1573292716920929,-1.593023816672968,-1.9931138855460495,-1.084060874172816,2.0312716095585017,0.0
2025-01-21,-0.11534196721631887,-0.18944573480940763,-0.37243028735170974,-0.08993461677306268,-0.15582333415782523,1.3500707687290692,-0.6549422485118778,0.4592484472868212,-2.058929783126495,-2.3648894919465095,-1.3745474281364443,2.005799565541866,-3.1915784
2025-01-22,-0.11534196721631887,-0.18944573480940763,-0.37243028735170974,-0.08993461677306268,-0.15582333415782523,0.3413390445881288,-1.5743380094777393,0.24860716198817337,-1.890297910223352,-2.5888626952458824,-1.6550362329947896,1.981179931131035,0.5344987
2025-01-23,-0.11534196721631887,-0.18944573480940763,2.685066263302147,-0.08993461677306268,-0.15582333415782523,0.27329352749376723,1.4909349020825322,-0.22065481248270252,-1.9009604341293875,-2.7434726577220023,-1.9126306749579456,1.9558512049894947,-0.07594824
2025-01-24,-0.11534196721631887,-0.18944573480940763,-0.37243028735170974,-0.08993461677306268,-0.15582333415782523,-0.3068160391271515,0.3519263884972946,0.18892546448689004,-1.958610368138079,-2.8675536938460993,-2.145353360253935,1.9323490431331762,-0.39345622
2025-01-27,-0.11534196721631887,-0.18944573480940763,2.685066263302147,-0.08993461677306268,-0.15582333415782523,0.4154139112984465,0.2383977621432105,0.17839340022195765,-0.9830280586790618,-2.679566868357492,-2.2911602329282226,1.9163466466627022,3.1780243
2025-01-28,-0.11534196721631887,-0.18944573480940763,-0.37243028735170974,-0.08993461677306268,-0.15582333415782523,-0.7069064529288097,0.33517626329751177,0.3094590888522273,-0.1559280588018265,-2.201675090142737,-2.3051756631508336,1.9076363027827237,3.6543965
2025-01-29,-0.11534196721631887,-0.18944573480940763,-0.37243028735170974,-0.08993461677306268,-0.15582333415782523,-0.6142052025834848,-0.4595241211810771,0.027433812424593553,-0.06375497402353955,-1.765056380897049,-2.222621573532897,1.899713901702919,0.46168566
2025-01-30,-0.11534196721631887,-0.18944573480940763,-0.37243028735170974,-0.08993461677306268,-0.15582333415782523,0.10436407128956866,-0.09102136678585329,0.4054178965993889,-0.2392202721869966,-1.469133564026378,-2.09302713779252,1.8952297709917871,-0.7394731
2025-01-31,-0.11534196721631887,-0.18944573480940763,2.685066263302147,-0.08993461677306268,6.4175240852384325,2.0595960181781887,5.996718580824134,0.7716996871464822,-0.3951760171024028,-1.2803292757149816,-1.948804758692334,1.8899577190460932,-0.6692171
2025-02-03,-0.11534196721631887,-0.18944573480940763,-0.37243028735170974,-0.08993461677306268,-0.15582333415782523,-0.9102893355099002,-5.304032553962733,0.4264820251292537,-1.0614745438742745,-1.4081427538295503,-1.8608755509904722,1.8777875966927982,-3.3855975
2025-02-04,-0.11534196721631887,-0.18944573480940763,-0.37243028735170974,-0.08993461677306268,-0.15582333415782523,-0.2993870190646342,-0.4353294958925018,0.3597789514513487,-0.6023805278258111,-1.32220190018597,-1.7720758814390836,1.8710470990304484,2.1007895
2025-02-05,-0.11534196721631887,-0.18944573480940763,-0.37243028735170974,-0.08993461677306268,-0.15582333415782523,0.16638023876797434,-0.45394074611448276,0.061370463944931224,-0.6292239502803415,-1.2542010321643338,-1.6864325597527507,1.8637192547110029,-0.14175177
2025-02-06,-0.11534196721631887,-0.18944573480940763,-0.37243028735170974,-0.08993461677306268,-0.15582333415782523,-0.24329253424475694,0.10067451050055104,0.6687195032226986,-0.555866060406188,-1.1621269545777806,-1.5981444531273923,1.8569286457527068,0.32262802
2025-02-07,-0.11534196721631887,-0.18944573480940763,2.685066263302147,-0.08993461677306268,6.4175240852384325,0.6434525271305003,0.33517626329751177,0.2099895930167548,-1.0135277565810359,-1.2806209969388713,-1.5529612598074924,1.850324248673654,-2.3968756
2025-02-10,-0.11534196721631887,-0.18944573480940763,-0.37243028735170974,-0.08993461677306268,-0.15582333415782523,-0.42869503493540695,0.1676750112996827,0.1409460606133092,-0.9844177476133386,-1.3516400493939382,-1.532066464041587,1.8456684269293282,0.11861324
2025-02-11,-0.11534196721631887,-0.18944573480940763,-0.37243028735170974,-0.08993461677306268,-0.15582333415782523,0.8729984803665433,0.0076182593906460525,0.16201018914317394,-0.47746088116011204,-1.2151644764090945,-1.4860416960705018,1.845378872632852,2.183175
2025-02-12,-0.11534196721631887,-0.18944573480940763,-0.37243028735170974,-0.08993461677306268,-0.15582333415782523,1.3440414191131134,-0.009131865809136849,0.10700940909297153,-0.10433451466167556,-0.9436424837279945,-1.390910938044696,1.8448491205393938,1.8270135
2025-02-13,-0.11534196721631887,-0.18944573480940763,-0.37243028735170974,-0.08993461677306268,-0.15582333415782523,1.98702848887186,-0.014715240875731148,0.13509491379945787,0.2532148106910636,-0.5546228063103148,-1.231262069650132,1.854544797274833,1.9673228
2025-02-14,-0.11534196721631887,-0.18944573480940763,-0.37243028735170974,-0.08993461677306268,-0.15582333415782523,1.0801497064576064,-0.01657636589792925,0.1678613359570253,0.4656172527231736,-0.13531845585415692,-1.0134949014440953,1.8652099130089919,1.271069
2025-02-17,-0.11534196721631887,-0.18944573480940763,-0.37243028735170974,-0.08993461677306268,-0.15582333415782523,-0.7135818042893326,0.0020348843240517523,0.15264835424101184,0.4656172527231736,0.19222604072336472,-0.7689390612772208,1.8758750287431507,0.0
2025-02-18,-0.11534196721631887,-0.18944573480940763,-0.37243028735170974,-0.08993461677306268,-0.15582333415782523,-0.3105843826371241,-0.01099299083133495,0.15147812487824158,0.45038028355174464,0.43945794542260824,-0.5201998846404744,1.8917046415227083,-0.05314946
2025-02-19,-0.11534196721631887,-0.18944573480940763,-0.37243028735170974,-0.08993461677306268,-0.15582333415782523,1.6774859862669709,-0.05007661629749506,0.16435064786871448,0.4823217259398802,0.6400621828042853,-0.2781276044126611,1.906968681725706,0.16361475
2025-02-20,-0.11534196721631887,-0.18944573480940763,-0.37243028735170974,-0.08993461677306268,-0.15582333415782523,1.1548705749124908,0.07647988521197577,0.1678613359570253,0.5617606712082378,0.8220434084931483,-0.045388242519499945,1.923042891687287,0.3920436
2025-02-21,-0.11534196721631887,-0.18944573480940763,-0.37243028735170974,-0.08993461677306268,-0.15582333415782523,0.8662154620485927,-0.025881991008919754,0.16318041850594422,0.5218407020677387,0.9426435149076132,0.16670282860810726,1.939546681470196,-0.113898516
2025-02-24,-0.11534196721631887,-0.18944573480940763,-0.37243028735170974,-0.08993461677306268,-0.15582333415782523,1.590814085537602,0.07275763516757956,0.24509647389986272,0.6603296521596499,1.0797715477995993,0.36582473646808583,1.9520904999531412,0.63123703
2025-02-25,-0.11534196721631887,-0.18944573480940763,-0.37243028735170974,-0.08993461677306268,-0.15582333415782523,0.4139065738944577,-0.014715240875731148,0.166691106594255,0.6507068424577706,1.1702266262962184,0.5445480224630237,1.9585742661819177,-0.024288893
2025-02-26,-0.11534196721631887,-0.18944573480940763,-0.37243028735170974,-0.08993461677306268,-0.15582333415782523,0.34962940031006845,-0.05938224140848555,0.1702017946825658,-0.27770129224330664,0.9843566097868218,0.6476099728651318,1.95947987096632,-2.7040124
2025-02-27,-0.11534196721631887,-0.18944573480940763,-0.37243028735170974,-0.08993461677306268,-0.15582333415782523,-0.34353047161002714,-0.020298615942325453,0.19477661130074136,-0.6148295984019001,0.7146538256111565,0.6721392752558165,1.9594590457727534,-1.2730896
2025-02-28,-0.11534196721631887,-0.18944573480940763,-0.37243028735170974,-0.08993461677306268,-0.15582333415782523,-1.0530557210591462,-0.3739123701599645,-0.001821921644663087,-0.12404990345788829,0.6564108176668794,0.6792546889211931,1.963832760545607,1.9131899
2025-03-03,-0.11534196721631887,-0.18944573480940763,-0.37243028735170974,-0.08993461677306268,-0.15582333415782523,-0.29561867555466165,0.39845451405224713,0.13860560188776866,-0.5241177127285735,0.4633914201123592,0.6434949698636705,1.9711976545880927,-1.5754223
2025-03-04,-0.11534196721631887,-0.18944573480940763,-0.37243028735170974,-0.08993461677306268,-0.15582333415782523,0.4438379880593824,-0.014715240875731148,0.15381858360378212,-0.7260329614197358,0.22864305090444365,0.564473602726259,1.973625518481987,-0.8822441
2025-03-05,-0.11534196721631887,-0.18944573480940763,-0.37243028735170974,-0.08993461677306268,-0.15582333415782523,0.48873510930676983,0.05786863498999476,0.1772231708591874,-0.7445085521474245,0.03275389930238848,0.4591881624794018,1.9761535187053232,-0.080525875
2025-03-06,-0.11534196721631887,-0.18944573480940763,-0.37243028735170974,-0.08993461677306268,-0.15582333415782523,-0.6440289497909818,-0.05752111638628746,0.13392468443668762,-0.7866824283454681,-0.1383910765993381,0.3382054208968713,1.9778502795662287,-0.1739204
2025-03-07,-0.11534196721631887,-0.18944573480940763,-0.37243028735170974,-0.08993461677306268,-0.15582333415782523,-0.6680386812973785,0.02064613454603275,0.1795636295847279,-0.33203074270272126,-0.1385444675141276,0.24138628603042542,1.9862331711792496,1.5892625
2025-03-10,-0.11534196721631887,-0.18944573480940763,-0.37243028735170974,-0.08993461677306268,-0.15582333415782523,-0.04959967783216739,-0.05938224140848556,0.16318041850594422,-1.3463579713362295,-0.5575513406356334,0.07394678965275873,1.9861112751463466,-4.8479557
2025-03-11,-0.11534196721631887,5.278556421478968,-0.37243028735170974,-0.08993461677306268,-0.15582333415782523,0.03481121679121799,-0.5041911217138315,0.35041711654918656,-1.7409091431224262,-1.1214399428931012,-0.18110319872824207,1.9776638592193942,-2.9189348
2025-03-12,-0.11534196721631887,-0.18944573480940763,2.685066263302147,-0.08993461677306268,-0.15582333415782523,-0.5423913419791505,0.40031563907444523,0.11988193208344444,-1.9358768212945967,-1.6921635246426217,-0.5077094327266486,1.9634007725641662,-1.7478704
2025-03-13,-0.11534196721631887,-0.18944573480940763,-0.37243028735170974,-0.08993461677306268,-0.15582333415782523,-0.8549485193920174,-0.32924536962721007,-0.03224788507668994,-2.249018837903397,-2.385789107965837,-0.9179545903456209,1.9405611782228978,-3.3643663
2025-03-14,-0.11534196721631887,-0.18944573480940763,-0.37243028735170974,-0.08993461677306268,-0.15582333415782523,-0.6462899558969655,0.2756202625871725,0.09881780355357966,-1.8321455475570192,-2.767156964975033,-1.3280517050126444,1.9182522489193683,1.8170595
2025-03-17,-0.11534196721631887,-0.18944573480940763,-0.37243028735170974,-0.08993461677306268,-0.15582333415782523,-0.620126885242013,0.14906376107770167,0.13392468443668762,-1.7770743241507443,-3.01853644219571,-1.7101146168235561,1.8963090292801617,0.2388835
2025-03-18,-0.11534196721631887,-0.18944573480940763,-0.37243028735170974,-0.08993461677306268,-0.15582333415782523,-0.5550960429556293,-0.602830747890331,-0.18554793159959462,-1.8440688334718385,-3.2308402190013705,-2.061358430039589,1.8735196324972914,-0.61214566
2025-03-19,-0.11534196721631887,-0.18944573480940763,-0.37243028735170974,-0.08993461677306268,-0.15582333415782523,-0.37260055011552967,0.3630931386304833,0.06605138139601226,-1.5504580731761473,-3.270911653453587,-2.3509590566587715,1.8522720045150902,1.1989236
2025-03-20,-0.11534196721631887,-0.18944573480940763,-0.37243028735170974,-0.08993461677306268,-0.15582333415782523,-0.43547805325335753,-0.46138524620327526,-0.05214178424378448,-1.618559405621511,-3.308653618913405,-2.590744866844187,1.8295184713465478,-0.5296409
2025-03-21,-0.11534196721631887,-0.18944573480940763,-0.37243028735170974,-0.08993461677306268,-0.15582333415782523,-1.008158599811759,-1.218863130237902,-0.39384875817270165,-1.1482872994552447,-3.1526541766312866,-2.7490717179618014,1.8099560234911007,1.947689
2025-03-24,-0.11534196721631887,-0.18944573480940763,2.685066263302147,-0.08993461677306268,-0.15582333415782523,0.45955736384383955,1.9580772826542554,0.16903156531979555,-0.8927379314094123,-2.9083058575872145,-2.823257961318778,1.7910461295177589,1.1270404
2025-03-25,-0.11534196721631887,-0.18944573480940763,-0.37243028735170974,-0.08993461677306268,-0.15582333415782523,0.17617793189390288,-0.05193774131969316,0.10349872100466072,-0.5959197752051698,-2.577327843167503,-2.8115274822670973,1.7743449137368752,1.3681889
2025-03-26,-0.11534196721631887,-0.18944573480940763,-0.37243028735170974,-0.08993461677306268,-0.15582333415782523,0.1051177399915631,0.00017375930185365205,0.12339262017175522,-0.7801210382666728,-2.3712130737516084,-2.757878740967877,1.7608419430525852,-0.9921789
2025-03-27,-0.11534196721631887,-0.18944573480940763,-0.37243028735170974,-0.08993461677306268,-0.15582333415782523,-0.7741983013211768,0.009479384412844162,0.13626514316222813,-0.54945441783296,-2.1015542408994086,-2.6570489288025128,1.7511969598846417,1.0472655
2025-03-28,-0.11534196721631887,-0.18944573480940763,-0.37243028735170974,-0.08993461677306268,-0.15582333415782523,-1.1300375956200144,0.033674009701419455,0.1702017946825658,-1.0250022672912922,-2.083411834148176,-2.5724888905984105,1.734029624945563,-2.6580334
2025-03-31,-0.11534196721631887,-0.18944573480940763,-0.37243028735170974,-0.08993461677306268,-0.15582333415782523,0.6711229351894418,-1.3193638814365996,0.3609491808141189,-0.6181636306017158,-1.8954269203378213,-2.4644699950167643,1.722627770364899,1.9412637
2025-04-01,-0.11534196721631887,-0.18944573480940763,-0.37243028735170974,-0.08993461677306268,-0.15582333415782523,0.12751246713654305,0.7334570180479052,0.08711550992587705,-0.5208832487711493,-1.69083258523476,-2.334117042697766,1.7134919369415142,0.4771948
2025-04-02,-0.11534196721631887,-0.18944573480940763,2.685066263302147,-0.08993461677306268,-0.15582333415782523,-0.6089295216695231,0.41892688929642624,0.05903000521939067,-0.45451834763809895,-1.488538846574841,-2.1863909115955376,1.7049943090790876,0.31362772
2025-04-03,-0.11534196721631887,5.278556421478968,-0.37243028735170974,-0.08993461677306268,-0.15582333415782523,0.8064603006761707,-1.831173262541077,0.5212706035136451,-1.7471192505399773,-2.0620687347694213,-2.1913789208089547,1.6819467575321894,-9.24561
2025-04-04,-0.11534196721631887,5.278556421478968,-0.37243028735170974,-0.08993461677306268,-0.15582333415782523,-0.558864386465602,-0.9322498768193945,1.8775664349643815,-2.256659696049376,-3.0244995631917027,-2.4020570047394467,1.6455970399116702,-7.288742
2025-04-07,-0.11534196721631887,5.278556421478968,-0.37243028735170974,-0.08993461677306268,-0.15582333415782523,1.40455024918753,2.2502739111393573,0.16083995978040375,-2.4390567024956016,-3.9961320283611967,-2.779263254012605,1.6125961672514775,-3.6734223
2025-04-08,-0.11534196721631887,5.278556421478968,-0.37243028735170974,-0.08993461677306268,-0.15582333415782523,1.5758483784551396,-0.09474361683024947,0.8173386322945222,-2.643130910082649,-5.040350978473269,-3.305280409788323,1.5778742580387408,-4.981816
2025-04-09,-0.11534196721631887,-0.18944573480940763,-0.37243028735170974,-0.08993461677306268,-0.15582333415782523,2.4902638478893384,0.19000851156605988,1.377878497061479,-0.9896656645289823,-4.850437615426599,-3.6853091235836386,1.5648732701269732,15.328848
2025-04-10,-0.11534196721631887,-0.18944573480940763,-0.37243028735170974,-0.08993461677306268,-0.15582333415782523,1.1690826132929586,0.8860692698681493,0.8653180361681029,-1.2607347418881891,-4.952880346301216,-4.011332273125832,1.5510619614973322,-4.2393804
2025-04-11,-0.11534196721631887,-0.18944573480940763,2.685066263302147,-0.08993461677306268,-0.15582333415782523,-0.2926040007466837,-0.38694024531535115,0.20998959301675485,-0.8962886524755797,-4.700456334625937,-4.217941252769493,1.540061651441168,4.059446
2025-04-14,8.669871202426636,-0.18944573480940763,-0.37243028735170974,-0.08993461677306268,-0.15582333415782523,1.8674104991695881,1.0591538969325727,0.47212097027729405,-0.7010558542998883,-4.294044545227984,-4.295949116250199,1.5318293668804177,2.2054076
2025-04-15,-0.11534196721631887,-0.18944573480940763,-0.37243028735170974,-0.08993461677306268,-0.15582333415782523,-0.14983761519743746,0.4840662650733597,-0.14341967453986515,-0.7156507248730494,-3.9429118345703333,-4.2829475938323,1.5242639845229191,-0.18763542
2025-04-16,-0.11534196721631887,-0.18944573480940763,-0.37243028735170974,-0.08993461677306268,-0.15582333415782523,-0.6007468329050113,-1.4291702577462873,0.1011582622791202,-1.0117890129811917,-3.909190921737045,-4.265304611690976,1.509226433575608,-3.8933396
2025-04-17,-0.11534196721631887,-0.18944573480940763,-0.37243028735170974,-0.08993461677306268,-0.15582333415782523,-1.0388436826786784,-0.19896661807334307,0.0613704639449312,-0.8749050931422593,-3.7430079691886475,-4.215501460269553,1.4969497052089882,1.3949633
2025-04-18,-0.11534196721631887,-0.18944573480940763,-0.37243028735170974,-0.08993461677306268,-0.15582333415782523,-1.2608529488947762,0.03181288467922136,0.1280735376228363,-0.8749050931422593,-3.5726646873441363,-4.13907671825767,1.481682681762866,0.0
2025-04-21,-0.11534196721631887,-0.18944573480940763,-0.37243028735170974,-0.08993461677306268,-0.15582333415782523,-1.122608575557497,0.2700368875205782,0.25094762071371407,-1.0327753319463728,-3.5387584447758997,-4.070655359791408,1.4619122767017898,-1.9392788
2025-04-22,-0.11534196721631887,-0.18944573480940763,-0.37243028735170974,-0.08993461677306268,-0.15582333415782523,-1.0604847411216636,-0.2231612433619184,0.33286367610763257,-0.6684583228926875,-3.237092907490035,-3.9511338260135367,1.4446947442043123,3.4065008
2025-04-23,-0.11534196721631887,-0.18944573480940763,-0.37243028735170974,-0.08993461677306268,-0.15582333415782523,0.3742851335610317,-2.114064265915188,-0.08724866512689229,-0.4188191955289118,-2.791108420440416,-3.75973880936963,1.4325542889458924,2.433169
2025-04-24,-0.11534196721631887,-0.18944573480940763,-0.37243028735170974,-0.08993461677306268,-0.15582333415782523,-0.81005139814463,-1.2523633806374677,0.3796728506184432,-0.2326202965098171,-2.2764441842435286,-3.496095626676193,1.4214536053385436,1.842618
2025-04-25,-0.11534196721631887,-0.18944573480940763,2.685066263302147,11.119188982851384,-0.15582333415782523,-0.3278110958255701,3.4730330507235085,0.17371248277087661,-0.18715502342297555,-1.816971167188254,-3.186506549809728,1.41527221056887,0.43672323
2025-04-28,-0.11534196721631887,-0.18944573480940763,-0.37243028735170974,-0.08993461677306268,-0.15582333415782523,-0.7031381094188371,0.14906376107770167,0.22286211600722772,-0.14203640821125063,-1.4077780840906142,-2.8509586689148056,1.406674194778185,0.41093826
2025-04-29,-0.11534196721631887,-0.18944573480940763,-0.37243028735170974,-0.08993461677306268,-0.15582333415782523,-1.0575777332711134,-0.027743116031117846,0.28137358414574093,-0.08333354086374377,-1.0350689819280663,-2.5024788941173934,1.3980833531480727,0.50919056
2025-04-30,-0.11534196721631887,-0.18944573480940763,-0.37243028735170974,-0.08993461677306268,-0.15582333415782523,-0.6283095740065249,-0.29202286918324805,0.11286055590682284,-0.009959139031664262,-0.6872577957278941,-2.1490005779746704,1.3899156072783296,0.6107688
2025-05-01,-0.11534196721631887,-0.18944573480940763,-0.37243028735170974,-0.08993461677306268,-0.15582333415782523,0.27189385704720587,-2.7468467734625426,0.1491376661527011,0.038512989327274434,-0.37986565654730936,-1.8002036566437984,1.3971798186625128,0.38588047
2025-05-02,-0.11534196721631887,-0.18944573480940763,-0.37243028735170974,-0.08993461677306268,-0.15582333415782523,0.9298466338884149,5.6375214515399,4.710691722231193,-0.5033910023729898,-0.4246252411892751,-1.530778503430721,1.409348977751763,-3.736174
2025-05-05,-0.11534196721631887,5.278556421478968,2.685066263302147,11.119188982851384,-0.15582333415782523,-0.5408840045751614,-3.2512116544782277,0.10934986781851203,-0.8733041095048252,-0.6903242865190954,-1.3722988123443502,1.4218480044566209,-3.1458497
2025-05-06,-0.11534196721631887,-0.18944573480940763,-0.37243028735170974,-0.08993461677306268,-0.15582333415782523,-0.5139672652182147,0.2346755120988143,0.17488271213364684,-0.8942232017078754,-0.90684253731665,-1.2920136263005613,1.4405570866307562,-0.19106269
2025-05-07,-0.11534196721631887,-0.18944573480940763,-0.37243028735170974,-0.08993461677306268,-0.15582333415782523,-0.19548840514681934,0.173258386366277,0.16552087723148476,-1.0221056822481853,-1.150155995378358,-1.2800384725248584,1.4386926243750524,-1.1384785
2025-05-08,-0.11534196721631887,-0.18944573480940763,-0.37243028735170974,-0.08993461677306268,-0.15582333415782523,-0.3584961786924895,-0.15616074256278675,1.0338310644070212,-0.9216567119199088,-1.285474824832982,-1.2995188633914205,1.443762505887923,0.631845
2025-05-09,-0.11534196721631887,-0.18944573480940763,2.685066263302147,-0.08993461677306268,-0.15582333415782523,-0.9304230565488966,0.22723101201002188,0.3398850522842542,-0.8347735015461442,-1.34185299134257,-1.3272107186741655,1.4440350161616349,0.52660704
2025-05-12,-0.11534196721631887,-0.18944573480940763,-0.37243028735170974,-0.08993461677306268,-0.15582333415782523,1.278256908124735,0.013201634457240357,0.2123300517422953,0.04164257489270233,-0.9211623684598653,-1.2590184192593241,1.4501636326878933,6.30635
2025-05-13,-0.11534196721631887,-0.18944573480940763,-0.37243028735170974,-0.08993461677306268,-0.15582333415782523,0.2853522267256793,0.17139726134407887,0.14445674870161998,0.1648777644270151,-0.5063035453306506,-1.1153712093566601,1.4581013525414264,1.015234
2025-05-14,-0.11534196721631887,-0.18944573480940763,-0.37243028735170974,-0.08993461677306268,-0.15582333415782523,-0.4137293278529445,-0.12638274220761717,0.1011582622791202,0.11764146490002385,-0.19967919851154858,-0.9346040609397399,1.471251818905054,-0.28178096
2025-05-15,-0.11534196721631887,-0.18944573480940763,-0.37243028735170974,-0.08993461677306268,-0.15582333415782523,0.9118662519979748,-0.07427124158607036,0.10232849164189046,0.04510497992558336,0.008541024871602094,-0.7452738255352162,1.4818270779186087,-0.41444898
2025-05-16,-0.11534196721631887,-0.18944573480940763,-0.37243028735170974,-0.08993461677306268,-0.15582333415782523,-0.3524668290765335,0.06531313507878717,0.14328651933884973,0.028590850246950385,0.16220592465377712,-0.560809196902727,1.492265905676135,-0.089854
2025-05-19,-0.11534196721631887,-0.18944573480940763,-0.37243028735170974,-0.08993461677306268,-0.15582333415782523,-0.46164112390830986,-0.07985461665266466,0.2661606024297275,-0.19048370806481024,0.18868782845356535,-0.4075503495229557,1.5036633177405327,-1.1739075
2025-05-20,-0.11534196721631887,-0.18944573480940763,-0.37243028735170974,-0.08993461677306268,-0.15582333415782523,-0.6605019942774334,-0.5935251227793403,-0.13873875708878403,-0.3562902550303484,0.13544426077401955,-0.29637764068800754,1.5089635775079577,-0.91962814
2025-05-21,-0.11534196721631887,-0.18944573480940763,-0.37243028735170974,-0.08993461677306268,-0.15582333415782523,-0.6919407458463473,0.6832066424485563,0.19126592321243055,-0.7384287673434531,-0.08256604848223656,-0.25425846876811303,1.5073536829359955,-2.305907
2025-05-22,-0.11534196721631887,-0.18944573480940763,-0.37243028735170974,-0.08993461677306268,-0.15582333415782523,-0.43095604104139046,-0.11707711709662667,0.12339262017175522,-0.7941302868631689,-0.2813026714590063,-0.2632429889812869,1.5025161780911451,-0.36122203
2025-05-23,-0.11534196721631887,-0.18944573480940763,-0.37243028735170974,-0.08993461677306268,-0.15582333415782523,1.977338462703359,-0.4595241211810771,0.004029225169188241,-1.2233221015549955,-0.6562168026488816,-0.35094561817576037,1.4926532672158541,-3.024429
2025-05-26,-0.11534196721631887,-0.18944573480940763,-0.37243028735170974,-0.08993461677306268,-0.15582333415782523,-0.4421534046138803,0.20489751174364473,0.07658344566094465,-1.2233221015549955,-0.9449870897336773,-0.48312283777080267,1.4821736445071736,0.0
2025-05-27,-0.11534196721631887,-0.18944573480940763,-0.37243028735170974,-0.08993461677306268,-0.15582333415782523,0.17391692578791934,0.20861976178804084,0.15849950105486316,-0.7261761110890612,-0.9845973549862596,-0.5973711506973035,1.4744738436841882,2.5298357
2025-05-28,-0.11534196721631887,-0.18944573480940763,-0.37243028735170974,-0.08993461677306268,-0.15582333415782523,-0.0122392436047252,0.018785009523834672,0.18892546448689004,-0.7059651820683921,-0.9993405337888651,-0.691935985331261,1.4659997654710977,0.10488033
2025-05-29,-0.11534196721631887,-0.18944573480940763,-0.37243028735170974,-0.08993461677306268,-0.15582333415782523,-0.5132135965162201,0.009479384412844162,0.07424298693540411,-0.746098622741007,-1.0189866067534306,-0.7718069626665196,1.456600177412857,-0.23450851
2025-05-30,-0.11534196721631887,-0.18944573480940763,-0.37243028735170974,-0.08993461677306268,-0.15582333415782523,-0.9850102039647847,-0.010992990831334978,0.13626514316222813,-0.6486741254130034,-0.9927808969168923,-0.830075914337732,1.4535621001236065,0.45012236
2025-06-02,-0.11534196721631887,-0.18944573480940763,-0.37243028735170974,-0.08993461677306268,-0.15582333415782523,-1.24071922785578,-0.051937741319693136,0.029774271150134066,-0.5541729654147391,-0.9327557487396563,-0.8638003223389572,1.4557668102432828,0.42319298
2025-06-03,-0.11534196721631887,-0.18944573480940763,-0.37243028735170974,-0.08993461677306268,-0.15582333415782523,-1.2063734684363157,0.1769806364106732,0.17137202404533608,-0.3787305971277293,-0.8209190002174895,-0.8667622497360299,1.459371358676299,0.778389
2025-06-04,-0.11534196721631887,-0.18944573480940763,-0.37243028735170974,-0.08993461677306268,-0.15582333415782523,-0.4010246268764656,-0.38694024531535115,-0.0638440778714871,-0.4296186277291172,-0.742703424762736,-0.8523345371558986,1.464273430966307,-0.22137761
2025-06-05,-0.11534196721631887,-0.18944573480940763,-0.37243028735170974,-0.08993461677306268,-0.15582333415782523,-0.08405310420905941,-0.790804375132339,0.0016887664436476854,-0.6753241409697637,-0.7545503694246217,-0.8433365680818129,1.4667137885386343,-1.0797739
2025-06-06,-0.11534196721631887,-0.18944573480940763,2.685066263302147,-0.08993461677306268,-0.15582333415782523,-0.992439224027302,1.0219313964886108,0.09764757419080942,-0.2814895115045135,-0.6389480535782056,-0.8113119161057107,1.4707707044573246,1.6398311
2025-06-09,-0.11534196721631887,-0.18944573480940763,-0.37243028735170974,-0.08993461677306268,-0.15582333415782523,1.5108175361687561,0.22723101201002188,0.18541477639857923,-0.5615089901395814,-0.6327961661736562,-0.7843710405503787,1.4640642229551275,-1.2112617
2025-06-10,-0.11534196721631887,-0.18944573480940763,-0.37243028735170974,-0.08993461677306268,-0.15582333415782523,1.4494473704349173,-0.02402086598672165,0.15849950105486316,-0.41446919131975574,-0.5792244874894461,-0.7513135072707011,1.456697150785734,0.60560703
2025-06-11,-0.11534196721631887,-0.18944573480940763,-0.37243028735170974,-0.08993461677306268,-0.15582333415782523,-0.48037517450074496,-0.08729911674145707,0.10934986781851204,-0.836220687917533,-0.6736272283965594,-0.7451410240567748,1.4469677238660357,-1.9193769
2025-06-12,-0.11534196721631887,-0.18944573480940763,-0.37243028735170974,-0.08993461677306268,-0.15582333415782523,-0.901245311085966,-0.031465366075514055,0.20413844620290347,-0.7812626694487729,-0.7272596604037702,-0.7517209174542043,1.438171742937052,0.21128654
2025-06-13,-0.11534196721631887,-0.18944573480940763,-0.37243028735170974,-0.08993461677306268,-0.15582333415782523,-0.7920710162541896,0.4245102643630206,0.3059484007639165,-1.063203632013972,-0.8628030758485186,-0.7860935772205317,1.4275375882345445,-1.380521
2025-06-16,-0.11534196721631887,-0.18944573480940763,-0.37243028735170974,-0.08993461677306268,-0.15582333415782523,-0.5304403097046662,-0.26596711887247465,0.2872247309595922,-0.7921497439000322,-0.89054345101717,-0.8195491136298082,1.4200987097625815,1.0028005
2025-06-17,-0.11534196721631887,-0.18944573480940763,-0.37243028735170974,-0.08993461677306268,-0.15582333415782523,-0.9057673232979331,-0.1394106173630039,0.15498881296655237,-1.0754654827028762,-1.0050240540310411,-0.8708989250510258,1.4120423071524737,-1.4010668
2025-06-18,-0.11534196721631887,-0.18944573480940763,-0.37243028735170974,-0.08993461677306268,-0.15582333415782523,-0.8047757172306685,-0.12266049216322095,0.029774271150134066,-0.9418768384724718,-1.0518334732992216,-0.9220313720723717,1.408085915744258,0.48047304
2025-06-19,-0.11534196721631887,-0.18944573480940763,-0.37243028735170974,-0.08993461677306268,-0.15582333415782523,-0.8676532203684965,0.14906376107770167,0.11286055590682284,-0.9418768384724718,-1.079033212061903,-0.9687786334401884,1.4046536909357479,0.0
2025-06-20,-0.11534196721631887,-0.18944573480940763,-0.37243028735170974,-0.08993461677306268,-0.15582333415782523,-1.0575777332711134,-6.550986318835459,-3.87996202986532,-0.3340803227483252,-0.9309582638800714,-0.9743764771836012,1.4087680432702483,2.2484422
2025-06-23,-0.11534196721631887,-0.18944573480940763,-0.37243028735170974,-0.08993461677306268,-0.15582333415782523,-0.8287854487370652,6.381971460419141,0.14328651933884973,-0.27147057602117414,-0.7887936589676785,-0.9483240677793835,1.413241419929058,0.24875402
2025-06-24,-0.11534196721631887,-0.18944573480940763,-0.37243028735170974,-0.08993461677306268,-0.15582333415782523,-0.6298169114105139,0.07275763516757955,0.14679720742716051,-0.43238056258233026,-0.714265027917475,-0.911476678737078,1.4133060376939794,-0.59553385
2025-06-25,-0.11534196721631887,-0.18944573480940763,-0.37243028735170974,-0.08993461677306268,-0.15582333415782523,-0.527425634896688,-0.11335486705223045,0.10583917973020125,-0.2604605039027133,-0.6047492218189471,-0.858479604524861,1.4141246036645359,0.6290555
2025-06-26,-0.11534196721631887,-0.18944573480940763,-0.37243028735170974,-0.08993461677306268,-0.15582333415782523,-0.3935956068139483,0.11556351067813589,0.20179798747736297,-0.34212422973554907,-0.5347880234055368,-0.8010573666374722,1.4148785446816337,-0.27782917
2025-06-27,-0.11534196721631887,-0.18944573480940763,-0.37243028735170974,-0.08993461677306268,-0.15582333415782523,-0.6500582994069379,-0.04449324123090078,0.5048873924348615,-0.3300617767419505,-0.47350433625808797,-0.7419585443515948,1.4150436941455669,0.03980398
2025-06-30,-0.11534196721631887,-0.18944573480940763,2.685066263302147,-0.08993461677306268,-0.15582333415782523,0.4610647012478284,3.99042580689458,2.560980382822216,0.23212394481899487,-0.2749214394123047,-0.6520326423638734,1.4175352916142516,2.0340204
2025-07-01,-0.11534196721631887,-0.18944573480940763,-0.37243028735170974,-0.08993461677306268,-0.15582333415782523,0.08563002069713356,-4.555860295039096,0.03913610605229617,0.5335517777059621,-0.023027416974818672,-0.5259961990871376,1.4208023669588281,1.2916207
2025-07-02,-0.11534196721631887,-0.18944573480940763,-0.37243028735170974,-0.08993461677306268,-0.15582333415782523,0.3024712729566975,0.49151076516215214,0.2649903730669572,0.9679845153122654,0.33889812603824343,-0.34744140708604443,1.4277098902934369,2.2230744
2025-07-03,-0.11534196721631887,-0.18944573480940763,2.685066263302147,-0.08993461677306268,6.4175240852384325,0.48195209098881925,0.5231498905395199,0.24041555644878168,1.059749724963525,0.6561646304594569,-0.13646272710191903,1.4369869497274619,0.52250624
2025-07-04,-0.11534196721631887,-0.18944573480940763,-0.37243028735170974,-0.08993461677306268,-0.15582333415782523,-0.6059148468615451,0.8265132691578102,-0.38682738199608013,1.059749724963525,0.8947451953992064,0.08355679533180155,1.4439016687882569,0.0
2025-07-07,-0.11534196721631887,-0.18944573480940763,-0.37243028735170974,-0.08993461677306268,-0.15582333415782523,0.07669366323062723,-2.275982142846423,-0.12586623409831116,0.41271392261765233,0.9389662125697136,0.2690691366007693,1.4500049960390684,-1.6857922
2025-07-08,-0.11534196721631887,-0.18944573480940763,-0.37243028735170974,-0.08993461677306268,-0.15582333415782523,0.7877262500837354,-0.200827743095541,0.05200862904276912,0.41936405440251506,0.9625662594628902,0.42254725838250506,1.4552754018096403,0.028574467
2025-07-09,-0.11534196721631887,-0.18944573480940763,2.685066263302147,-0.08993461677306268,6.4175240852384325,1.450201039136912,1.3718229006618534,0.13509491379945787,0.5481100997118402,1.0083775131059851,0.5551679917581105,1.4641503632017667,0.538075
2025-07-10,-0.11534196721631887,-0.18944573480940763,-0.37243028735170974,-0.08993461677306268,-0.15582333415782523,-0.15059128389943188,0.5417611407615008,0.5130789979742534,0.6897937543000101,1.0761234704233853,0.6758134209319849,1.473635653005851,0.6014943
2025-07-11,-0.11534196721631887,-0.18944573480940763,-0.37243028735170974,-0.08993461677306268,-0.15582333415782523,-0.4174976713629171,-0.37019012011556823,0.2649903730669572,0.44787825551435023,1.0692889553375287,0.770862011990306,1.4841980014057898,-0.5884826
2025-07-14,-0.11534196721631887,-0.18944573480940763,-0.37243028735170974,-0.08993461677306268,-0.15582333415782523,-0.3494521542685554,-0.234327993495107,0.15147812487824158,-0.005382596729435764,0.9575198682151439,0.8228978165163012,1.4915219926690566,-1.2028813
2025-07-15,-0.11534196721631887,-0.18944573480940763,-0.37243028735170974,-0.08993461677306268,-0.15582333415782523,0.9186492703159254,0.018785009523834655,1.568625883193032,0.06302425891985186,0.8742210706605427,0.8466375538195329,1.501193990361482,0.23487806
2025-07-16,-0.11534196721631887,-0.18944573480940763,2.685066263302147,-0.08993461677306268,-0.15582333415782523,0.04977692387368047,0.3686765136970775,0.104668950367431,0.2108548152791291,0.8343977206013048,0.8570770451971335,1.5109449685170502,0.50213337
2025-07-17,-0.11534196721631887,-0.18944573480940763,-0.37243028735170974,-0.08993461677306268,-0.15582333415782523,0.7488584784523044,-0.3943847454041436,0.03445518860121512,0.18331536482546304,0.7861203360757393,0.8550607862486632,1.520595414973606,-0.06661415
2025-07-18,-0.11534196721631887,-0.18944573480940763,-0.37243028735170974,-0.08993461677306268,-0.15582333415782523,-0.522903622684721,-0.033326491097712144,0.13977583125053894,0.3550511290253111,0.7787111906066267,0.8518566215572313,1.527905050727189,0.5523205
2025-07-21,-0.11534196721631887,-0.18944573480940763,-0.37243028735170974,-0.08993461677306268,-0.15582333415782523,-0.507184246900264,0.506399765339737,0.4358438600314159,0.5393692975510735,0.8084609435883054,0.8556822240946571,1.5357891081471768,0.61558485
2025-07-22,-0.11534196721631887,-0.18944573480940763,-0.37243028735170974,-0.08993461677306268,-0.15582333415782523,-0.35623517258650594,-0.8336102506428953,0.02275289497351246,0.7905894229451484,0.8893726981973178,0.8761189809410693,1.5459134517596627,0.90361834
2025-07-23,-0.11534196721631887,-0.18944573480940763,-0.37243028735170974,-0.08993461677306268,-0.15582333415782523,0.1492611925369561,0.41334351422983195,0.4592484472868212,0.7305352406552282,0.9310900703201197,0.9014274372524038,1.5549535554271845,-0.11660457
2025-07-24,-0.11534196721631887,-0.18944573480940763,2.685066263302147,-0.08993461677306268,-0.15582333415782523,-0.7323158548817675,0.0038960093462498627,0.14562697806439026,0.6328693622603604,0.9365689931380277,0.9228508331759624,1.5641157276525133,-0.18211603
2025-07-25,-0.11534196721631887,-0.18944573480940763,-0.37243028735170974,-0.08993461677306268,-0.15582333415782523,-0.8174804182071473,0.08950776036736245,0.1877552351241198,0.6511121921107628,0.9320093236010014,0.9390103340847913,1.5733066252742847,0.056147575
2025-07-28,-0.11534196721631887,-0.18944573480940763,-0.37243028735170974,-0.08993461677306268,-0.15582333415782523,-0.8691605577724854,0.4487048896515959,0.49201486944438855,0.6784859035776819,0.9214423046449295,0.9496686053892157,1.579682822225691,0.079488754
2025-07-29,-0.11534196721631887,-0.18944573480940763,-0.37243028735170974,-0.08993461677306268,-0.15582333415782523,1.2109650597323678,-1.3956700073467216,0.1245628495345255,-0.0412959620528105,0.7997672000236621,0.9320647786370572,1.5821600569961545,-1.2987614
2025-07-30,-0.11534196721631887,-0.18944573480940763,2.685066263302147,-0.08993461677306268,-0.15582333415782523,0.5978017371811184,0.5138442654285295,0.016901748159661154,-0.5080174372154256,0.6126496873325185,0.8777971317049879,1.5797259103203554,-1.0507882
2025-07-31,-0.11534196721631887,-0.18944573480940763,-0.37243028735170974,-0.08993461677306268,-0.15582333415782523,0.5978017371811184,0.00017375930185365205,0.016901748159661154,-0.7825653360084265,0.4031125127023,0.7893836744683828,1.5754320386351623,-0.7079601
2025-08-01,-0.11534196721631887,-0.18944573480940763,-0.37243028735170974,-0.08993461677306268,-0.15582333415782523,0.5978017371811184,0.00017375930185365205,0.016901748159661154,-1.5284539199463318,0.04443439394510161,0.6416246747432849,1.567411549959146,-2.5003612
2025-08-04,-0.11534196721631887,-0.18944573480940763,-0.37243028735170974,-0.08993461677306268,-0.15582333415782523,0.5978017371811184,0.00017375930185365205,0.016901748159661154,-1.3178214675145579,-0.20457445769659457,0.4699413606610431,1.5626725065144658,0.47929287
2025-08-05,-0.11534196721631887,-0.18944573480940763,-0.37243028735170974,-0.08993461677306268,-0.15582333415782523,0.5978017371811184,0.00017375930185365205,0.016901748159661154,-1.3743547129421776,-0.41537535245038815,0.28732397838094464,1.5575816057175111,-0.2114594
2025-08-06,-0.11534196721631887,-0.18944573480940763,-0.37243028735170974,-0.08993461677306268,-0.15582333415782523,0.5978017371811184,0.00017375930185365205,0.016901748159661154,0.253264780689938,-0.20530703633807915,0.18634347800258533,1.5590966691008168,5.0906777
2025-08-07,-0.11534196721631887,-0.18944573480940763,-0.37243028735170974,-0.08993461677306268,-0.15582333415782523,0.5978017371811184,0.00017375930185365205,0.016901748159661154,0.8641950194634127,0.2039209802746792,0.19344319927932174,1.5645681238923377,3.1793714
2025-08-08,-0.11534196721631887,-0.18944573480940763,-0.37243028735170974,-0.08993461677306268,-0.15582333415782523,0.5978017371811184,0.00017375930185365205,0.016901748159661154,1.4302289906227603,0.8562396989912219,0.3392122547883737,1.5776292582986091,4.235792
2025-08-11,-0.11534196721631887,-0.18944573480940763,-0.37243028735170974,-0.08993461677306268,-0.15582333415782523,0.5978017371811184,0.00017375930185365205,0.016901748159661154,1.1681126908489465,1.2859990214260042,0.5481208393617385,1.591141193089347,-0.8327961
2025-08-12,-0.11534196721631887,-0.18944573480940763,-0.37243028735170974,-0.08993461677306268,-0.15582333415782523,0.5978017371811184,0.00017375930185365205,0.016901748159661154,1.3052192669195777,1.694827392938217,0.8030460024658184,1.6060768465154927,1.0872483
2025-08-13,-0.11534196721631887,-0.18944573480940763,-0.37243028735170974,-0.08993461677306268,-0.15582333415782523,0.5978017371811184,0.00017375930185365205,0.016901748159661154,1.4931536427407368,2.126339117349567,1.0996558117384492,1.6229039407791368,1.602447
2025-08-14,-0.11534196721631887,-0.18944573480940763,-0.37243028735170974,-0.08993461677306268,-0.15582333415782523,0.5978017371811184,0.00017375930185365205,0.016901748159661154,1.4128689048370524,2.41779152993505,1.3995347776100022,1.6394361971711338,-0.23571849
2025-08-15,-0.11534196721631887,-0.18944573480940763,-0.37243028735170974,-0.08993461677306268,-0.15582333415782523,0.5978017371811184,0.00017375930185365205,0.016901748159661154,1.2343862412868944,2.573053595988386,1.67278139145931,1.6542800961027355,-0.51121116
2025-08-18,-0.11534196721631887,-0.18944573480940763,-0.37243028735170974,-0.08993461677306268,-0.15582333415782523,0.5978017371811184,0.00017375930185365205,0.016901748159661154,1.1271336162778813,2.6375578576618652,1.9052313518213368,1.6676873514082378,-0.30225515
2025-08-19,-0.11534196721631887,-0.18944573480940763,-0.37243028735170974,-0.08993461677306268,-0.15582333415782523,0.5978017371811184,0.00017375930185365205,0.016901748159661154,1.0743028240158152,2.6435959124019544,2.0924880278517275,1.6794787456555298,-0.14292598
2025-08-20,-0.11534196721631887,-0.18944573480940763,-0.37243028735170974,-0.08993461677306268,-0.15582333415782523,0.5978017371811184,0.00017375930185365205,0.016901748159661154,0.3983005661360078,2.4512061411430204,2.2009765346334738,1.6881788674349727,-1.9734561
2025-08-21,-0.11534196721631887,-0.18944573480940763,-0.37243028735170974,-0.08993461677306268,-0.15582333415782523,0.5978017371811184,0.00017375930185365205,0.016901748159661154,0.2487926573249402,2.229900763896482,2.2402407096949504,1.6963610982080768,-0.49113035
