date,sig1,sig4,neutral_news,delta_news,delta_twit,rsi,macd,macd_signal,return
2015-02-18,-0.11370770504641621,-0.27745901235129633,-0.02146791180865315,1.1295501591051116,0.2964156900779243,-0.27696506495914436,-0.252608533533472,-0.27570771513963793,1.4682531
2015-02-19,-0.11370770504641621,-0.27745901235129633,0.07043687223401206,-0.558360167066706,0.01260310373601039,0.6561324617737557,-0.21370736593923875,-0.26522635593793453,3.5327792
2015-02-20,-0.11370770504641621,-0.27745901235129633,-0.1669838198762064,1.151600399354301,0.2885755633833963,0.7860275056923841,-0.1782471770071527,-0.24932184892369869,0.5980849
2015-02-23,-0.11370770504641621,-0.27745901235129633,-0.6571426681037542,-1.1501601634320462,-0.5816784997092126,0.3042795366441674,-0.16272500677280724,-0.2333067292107094,-1.3204813
2015-02-24,-0.11370770504641621,-0.27745901235129633,-0.19761874789042813,0.17285425151931536,-0.5079813087806493,0.13596603698901952,-0.1556819321807683,-0.21900113227467394,-0.49467087
2015-02-25,-0.11370770504641621,-0.27745901235129633,-0.013809179805097717,-0.26530536117425396,0.7150784555657198,0.4867878981973559,-0.1388547348606839,-0.20398840644398358,1.4149189
2015-02-26,-0.11370770504641621,-0.27745901235129633,-0.18230128388331726,0.5939427104715764,0.006331002380387969,0.7289254560533127,-0.11741500098364488,-0.18743187785736748,1.0683894
2015-02-27,-0.11370770504641621,-0.27745901235129633,0.598889380479337,-0.4161005525558069,0.006331002380388024,0.10593198005799992,-0.117807740795266,-0.17426993642415567,-1.7908275
2015-03-02,-0.11370770504641621,-0.27745901235129633,-0.5958728120753107,8.819888572882662e-06,-0.12381510074877691,0.343025909940774,-0.11086958903532189,-0.16226913125469772,0.9877205
2015-03-03,-0.11370770504641621,-0.27745901235129633,0.721429092536224,8.819888572882662e-06,-0.14419943015454972,0.2786610827987183,-0.1085017655401471,-0.15216638436501875,-0.18808842
2015-03-04,-0.11370770504641621,-0.27745901235129633,-0.044444107819319456,8.819888572882662e-06,0.047099661191933644,0.6609547396750702,-0.09383928913924842,-0.14097497292833386,1.6268849
2015-03-05,-0.11370770504641621,-0.27745901235129633,1.0201196406748858,-0.7091553584482592,0.06277991458098967,0.7476577157775017,-0.08049624799531487,-0.12919241932219733,0.38939714
2015-03-06,-0.11370770504641621,-0.27745901235129633,-0.1899600158868727,0.3229381448283138,-0.0015091243141400175,0.20444868820897663,-0.08506698693916404,-0.12073561279156578,-1.48381
2015-03-09,-0.11370770504641621,-0.27745901235129633,-0.6035315440788661,8.819888572882662e-06,0.054939787886461644,-0.029433356691352965,-0.09657722192655907,-0.11641094100284705,-0.7062018
2015-03-10,-0.11370770504641621,-0.27745901235129633,-0.45035690400775746,8.819888572882662e-06,-0.08147841659832565,-0.7092948126892907,-0.12797509792397704,-0.11960919984723402,-2.3791552
2015-03-11,-0.11370770504641621,-0.27745901235129633,-0.5192854920397564,0.8941104970895737,-0.16301573422141694,-0.7015889897626227,-0.15357684074484396,-0.1275967190045075,0.02578497
2015-03-12,-0.11370770504641621,-0.27745901235129633,-0.565237884061089,-1.3144700181921347,-0.15674363286579454,-0.20123805080751148,-0.15959889055115647,-0.13526372469692846,1.7532587
2015-03-13,-0.11370770504641621,-0.27745901235129633,-0.7796823801606412,-1.9091152068476929,0.5143712121858028,-0.5140157526015349,-0.17486347829927212,-0.14463422235727305,-1.1149108
2015-03-16,-0.11370770504641621,-0.27745901235129633,-0.687777596117976,3.3971684144088434,-0.26650540658918664,-0.5064465371203987,-0.1872908952795075,-0.1547658846025731,0.025618076
2015-03-17,-0.11370770504641621,-0.27745901235129633,-0.5499204200539781,-0.48367386944848406,0.22742257516607778,-0.037208368192167364,-0.18332208369851272,-0.1620296182116682,1.6587615
2015-03-18,-0.11370770504641621,-0.27745901235129633,-0.20527747989398357,0.8791732375659291,-0.20221636769405696,0.43326843031081563,-0.16380135269602378,-0.16370118642241974,1.9467115
2015-03-19,-0.11370770504641621,-0.27745901235129633,-0.4809918320219792,-2.2903709737369025,0.214878372454833,0.889841903011227,-0.12907199108912137,-0.1576739950570517,2.2741318
2015-03-20,-0.11370770504641621,-0.27745901235129633,-0.5728966160646444,2.2548237098863235,0.7103743795490028,1.1132889690485661,-0.09151673016329105,-0.14488855717967863,1.2688875
2015-03-23,-0.11370770504641621,-0.27745901235129633,-0.8103173081748629,-1.9560608796362895,-0.11283892337643767,1.2401246368389447,-0.05679766195742556,-0.12729794368463615,0.75178146
2015-03-24,8.794478787447106,-0.27745901235129633,0.25424644031934246,1.0057842944806297,-0.5863825757259293,1.4096541609072422,-0.021945119215627962,-0.10583488609418383,1.0422826
2015-03-25,-0.11370770504641621,-0.27745901235129633,0.31551629634778594,-0.14225079462232623,0.14902130822079776,0.4374545274112414,-0.023371988310374563,-0.0889670110976181,-2.8015494
2015-03-26,-0.11370770504641621,-0.27745901235129633,1.6787705929806533,-0.12233444859080035,-0.39665150971835156,0.45945207119760456,-0.025913959976251677,-0.0760117423993259,0.10854006
2015-03-27,-0.11370770504641621,-0.27745901235129633,0.6295243084935588,0.135155453673927,0.047099661191933644,0.5335954339621883,-0.027099354063967258,-0.06589889315159232,0.34935474
2015-03-30,-0.11370770504641621,-0.27745901235129633,-0.84861096819264,0.24042756841199228,0.16783761228766492,0.48980692730283665,-0.03155575119459889,-0.0587536036469804,-0.1260519
2015-03-31,-0.11370770504641621,-0.27745901235129633,-0.3661108519686477,0.3563691542383751,-0.04227778312568562,0.08845851877706114,-0.048153247104503236,-0.05655691158021895,-1.1779606
2015-04-01,-0.11370770504641621,-0.27745901235129633,-0.25888860391887164,-0.3791130527829732,-0.11754299939315449,-0.12442269444970942,-0.06934183733470588,-0.05929265022529716,-0.66897273
2015-04-02,-0.11370770504641621,-0.27745901235129633,-0.2818647999295379,-0.08961473725329354,0.6053166818423278,-0.16773477681596555,-0.08904385407890016,-0.06565910190209245,-0.13469458
2015-04-03,-0.11370770504641621,-0.27745901235129633,-0.5422616880504226,0.48298021115307527,-0.49386908073049884,-0.16773477681596555,-0.10614592861993195,-0.07437879991131209,0.0
2015-04-06,-0.11370770504641621,-0.27745901235129633,-0.7873411121641966,-1.10961617329644,0.18194984033781536,0.16347131675915363,-0.11127637271145384,-0.08244248151626696,1.0851622
2015-04-07,-0.11370770504641621,-0.27745901235129633,-0.5575791520575335,-0.5171048788585453,-0.2304408237943578,0.10659047651227468,-0.11802921505929062,-0.0903253835097771,-0.14556646
2015-04-08,-0.11370770504641621,-0.27745901235129633,-0.3507933879615368,0.37913069256011894,-0.07834236592051447,0.08400547087833717,-0.12515090048751354,-0.09814187589000098,-0.05466342
2015-04-09,-0.11370770504641621,-0.27745901235129633,-0.45035690400775746,-0.3086945436000782,-2.9478287361177653,0.028218530845364895,-0.1331406866692882,-0.10608932346419168,-0.12762547
2015-04-10,-0.11370770504641621,-0.27745901235129633,-0.5728966160646444,-2.584848375774463,2.817800435038131,-0.044100945015334785,-0.14199475670801212,-0.11432480869590665,-0.15820265
2015-04-13,-0.11370770504641621,-0.27745901235129633,-0.8179760401784183,3.3616035107811184,0.12079685212049691,0.38762367996396263,-0.1393192749622527,-0.12034585444386249,1.1823535
2015-04-14,-0.11370770504641621,-0.27745901235129633,-0.6265077400895325,0.7632316517395465,0.26191913262200106,0.5894942916530062,-0.13275852160478258,-0.12377146727214804,0.60836077
2015-04-15,-0.11370770504641621,-0.27745901235129633,-0.18230128388331726,-0.40969886990281656,0.10198054805362967,0.11157722975689956,-0.1377003454045355,-0.1275598833388963,-0.9698808
2015-04-16,-0.11370770504641621,-0.27745901235129633,-0.029126643812208586,-0.22831786140142013,-1.2057525845936417,-0.1053311546357125,-0.14703076820024893,-0.13256915512997727,-0.47760606
2015-04-17,-0.11370770504641621,-0.27745901235129633,-0.17464255187976183,0.0341511273711887,0.8765850654729967,-0.8290285967105391,-0.1722389839180159,-0.1419220362614443,-1.8648982
2015-04-20,-0.11370770504641621,-0.27745901235129633,-0.5269442240433118,0.26603429902395415,0.3089598927891691,0.13719009195576173,-0.16723000411347713,-0.1483421747676958,2.865982
2015-04-21,-0.11370770504641621,-0.27745901235129633,-0.389087047979314,0.41469559618784374,-1.8470749482060327,0.3161276737186235,-0.15824785157064217,-0.15157359819257457,0.63786507
2015-04-22,8.794478787447106,-0.27745901235129633,-0.13634889186198468,-0.0021250743290907636,1.7311588751765496,0.6332381074681298,-0.14097282493755717,-0.15049552535124466,1.2078404
2015-04-23,-0.11370770504641621,-0.27745901235129633,1.127341888724662,1.587626117830207,1.5429958345078774,-0.28760097129906265,-0.15294396265401233,-0.15217157606313747,-2.6231766
2015-04-24,-0.11370770504641621,-0.27745901235129633,-0.3737695839722031,1.3109311676065076,-1.3358986877228067,-0.5876951057708066,-0.17294531208554298,-0.15775375162067112,-1.0678351
2015-04-27,-0.11370770504641621,-0.27745901235129633,-0.8562697001961955,-3.240665198669708,0.293279639400113,-0.44875669964945036,-0.18514377029993148,-0.1648062049183329,0.4660964
2015-04-28,-0.11370770504641621,-0.27745901235129633,-0.17464255187976183,-0.002836372401645082,-0.6255832091985694,-0.8565272777402183,-0.20880818008598398,-0.17546626343744268,-1.5016496
2015-04-29,-0.11370770504641621,-0.27745901235129633,-0.212936211897539,-0.3734226682025372,-1.1555757737486623,-0.9243379251560896,-0.2300159994349815,-0.1884914801328137,-0.26649237
2015-04-30,-0.11370770504641621,-0.27745901235129633,-0.17464255187976183,-0.020618824215507484,0.5833643270976492,-1.412812010603592,-0.26534502424529705,-0.20640325946967414,-2.1065056
2015-05-01,-0.11370770504641621,-0.27745901235129633,-0.5958728120753107,0.060469156055705006,-0.15047153151017215,-1.3163836497500574,-0.29026021392634277,-0.22601600975114114,0.27929544
2015-05-04,-0.11370770504641621,-0.27745901235129633,-0.38142831597575855,0.08749848281277582,0.5629799976918765,-1.3681539843938006,-0.3111345697652321,-0.24613266810479878,-0.22787452
2015-05-05,-0.11370770504641621,-0.27745901235129633,0.18531785228734357,-0.34497074530035743,0.02201125576944402,-1.708092828062939,-0.3403806359669875,-0.2684276945414372,-1.5860915
2015-05-06,-0.11370770504641621,-0.27745901235129633,-0.029126643812208586,-0.2503681016506095,-0.09872669532628728,-1.446833184897569,-0.35615322026688523,-0.28960833070643205,0.69624186
2015-05-07,-0.11370770504641621,-0.27745901235129633,0.6831354325184468,0.3784193944875644,0.1160927761037801,-1.2903996295985514,-0.3635559218799076,-0.3081226005920406,0.4161358
2015-05-08,-0.11370770504641621,-0.27745901235129633,0.25424644031934246,-0.021330122288061974,-0.007781225669762405,-1.2480242330148064,-0.3669581246184482,-0.3236554618990343,0.108385086
2015-05-11,-0.11370770504641621,-0.27745901235129633,-0.7490474521464194,-0.12020055437313683,-0.012485301686479211,-1.4131720116197226,-0.3736249635815318,-0.3374954704264281,-0.6368637
2015-05-12,-0.11370770504641621,-0.27745901235129633,-0.44269817200420203,-0.2048450250071218,-0.26807343192809213,-1.5885069284564395,-0.3833241558451039,-0.35062421465217863,-0.7050395
2015-05-13,-0.11370770504641621,-0.27745901235129633,0.11638926425534467,0.5434405473202073,0.2431028285551338,-1.0658423128261003,-0.3784506229847199,-0.3600937654891113,1.2651682
2015-05-14,-0.11370770504641621,-0.27745901235129633,0.10873053225178923,-0.16287843872640653,0.06434793991989525,0.0900927342350211,-0.3407551024364506,-0.3596759789781422,3.7353396
2015-05-15,-0.11370770504641621,-0.27745901235129633,-0.09039649984065207,0.5014739610394922,0.6413812646371565,-0.2654640795292762,-0.3204740225622422,-0.35504109725790717,-1.1675119
2015-05-18,-0.11370770504641621,-0.27745901235129633,-0.7490474521464194,-1.202796220801079,-0.6396954372487198,-0.10959623967711503,-0.29855061612385675,-0.34668428001194745,0.57199
2015-05-19,-0.11370770504641621,-0.27745901235129633,-0.24357113991176074,0.9047799681778909,0.04396361051412243,-0.207202100245376,-0.2834038045951951,-0.33678690784370346,-0.30909777
2015-05-20,-0.11370770504641621,-0.27745901235129633,0.22361151230512075,-0.3072719474549691,-0.014053327025384806,-0.2398509783632126,-0.2718682218001386,-0.32642286160881057,-0.09921193
2015-05-21,-0.11370770504641621,-0.27745901235129633,-0.42738070799709116,-0.43103781207945135,-0.01875740304210161,-0.27016194157260615,-0.2631831962598082,-0.31628994374720604,-0.08690357
2015-05-22,-0.11370770504641621,-0.27745901235129633,-0.5346029560468673,0.3862436732856639,-0.05168593515911924,-0.24395791561391159,-0.2554001027208516,-0.3065331854675407,0.07455349
2015-05-25,-0.11370770504641621,-0.27745901235129633,-0.6571426681037542,0.15578309777800742,-0.280617634639337,-0.2439579156139104,-0.24907246124355376,-0.2973859870171531,0.0
2015-05-26,-0.11370770504641621,-0.27745901235129633,-0.6341664720930879,-0.4609123311267401,0.25094295524966187,-0.8059932715867238,-0.2572182781798209,-0.29179556862935446,-1.4961541
2015-05-27,-0.11370770504641621,-0.27745901235129633,-0.4963092960290901,0.4673316535568764,-0.17242388625485053,-0.23504039414219144,-0.24997863796189393,-0.28578805053251055,1.5314817
2015-05-28,-0.11370770504641621,-0.27745901235129633,-0.3048409959402042,0.002854012178790847,0.20390219508249377,-0.4189668580619114,-0.24859564532007872,-0.2806887690882248,-0.50280094
2015-05-29,-0.11370770504641621,-0.27745901235129633,-0.6341664720930879,0.22122252045302093,-0.006213200330856803,-0.8221474620423664,-0.2578697422578407,-0.27857593883475845,-1.1915803
2015-06-01,-0.11370770504641621,-0.27745901235129633,-0.8869046282104173,-0.9175656937067262,0.13490908017064732,-0.32355912044009383,-0.2527721115671169,-0.2758047095961721,1.3890624
2015-06-02,-0.11370770504641621,-0.27745901235129633,-0.06742030382998576,0.8130225168183612,-0.08304644193723128,-0.2572130366486507,-0.2468728842831441,-0.27233678065448186,0.19304752
2015-06-03,-0.11370770504641621,-0.27745901235129633,-0.013809179805097717,0.3976244424465357,-0.1269511514265881,0.4817322088491165,-0.2201628961754969,-0.26389851930009267,2.4799585
2015-06-04,-0.11370770504641621,-0.27745901235129633,-0.31249972794375963,0.049799684967387604,0.40617746380131636,0.29552841120711704,-0.203700195267849,-0.2536569542890361,-0.47307014
2015-06-05,-0.11370770504641621,-0.27745901235129633,0.13936546026601096,-0.28735560142344335,-0.32295431878978825,0.3273515934198376,-0.19017103336538635,-0.24259481046207,0.10968447
2015-06-08,-0.11370770504641621,-0.27745901235129633,-0.618849008085977,-0.07823396809242159,0.012603103736010408,-0.3458969660146921,-0.19626237123124893,-0.23503677846932058,-1.7896295
2015-06-09,-0.11370770504641621,-0.27745901235129633,-0.45035690400775746,-0.05974021820600471,-0.003077149653045596,-0.3458969660146921,-0.20147894503111105,-0.23009654008767289,0.0
2015-06-10,-0.11370770504641621,-0.27745901235129633,-0.3661108519686477,0.16431867464866134,0.5849323524365548,0.23135560552446935,-0.18955304312050375,-0.22361543276048884,1.8470407
2015-06-11,-0.11370770504641621,-0.27745901235129633,0.0015082842020131505,-0.04266906446469688,-0.4860289540359708,0.07740324944010432,-0.1843617111054736,-0.21732971226830097,-0.40165782
2015-06-12,-0.11370770504641621,-0.27745901235129633,0.33849249235845225,-0.05120464133535078,-0.2900257866727707,-0.06396432996470992,-0.184175716696692,-0.21226169530599096,-0.36661625
2015-06-15,-0.11370770504641621,-0.27745901235129633,-0.6801188641144205,0.028460742790752724,0.18665391635453218,-0.43389461602560014,-0.19363616080139623,-0.21021339200989425,-1.0057628
2015-06-16,-0.11370770504641621,-0.27745901235129633,-0.22059494390109444,-0.9296577609401527,-0.09715866998738168,-0.27953026777046647,-0.1976703664511469,-0.20943021253212657,0.43364763
2015-06-17,-0.11370770504641621,-0.27745901235129633,-0.5422616880504226,0.002854012178790847,0.1380451308484585,0.029029560397264273,-0.19322538821099125,-0.20786110045994657,0.9005666
2015-06-18,-0.11370770504641621,-0.27745901235129633,-0.47333310001842377,0.8955330932346827,0.05650781322536725,0.4457296003142388,-0.17795083982078955,-0.20336680551731764,1.3632417
2015-06-19,-0.11370770504641621,-0.27745901235129633,-0.3507933879615368,-1.7135082368952066,-0.06423013787036405,0.2431240053172567,-0.17098352948287857,-0.19829393439266607,-0.47644377
2015-06-22,8.794478787447106,-0.27745901235129633,-0.6494839361001987,2.375033084148033,0.20233416974358814,0.943737039826726,-0.14171548028467743,-0.1880292761911562,2.702701
2015-06-23,8.794478787447106,-0.27745901235129633,-0.013809179805097717,-0.5021676193349008,0.1160927761037801,1.598214721605428,-0.08529446951144219,-0.1678533365216715,3.7054539
2015-06-24,8.794478787447106,-0.27745901235129633,0.192976584290899,0.7923948727142808,0.22115047381045536,1.755096219119143,-0.03201359781976489,-0.14041424583792053,1.1151552
2015-06-25,8.794478787447106,-0.27745901235129633,0.08575433624112293,-0.6380255511928096,-0.4154678137852187,1.3453113051932224,-0.0022696465450325423,-0.11215569579170293,-0.99031925
2015-06-26,-0.11370770504641621,-0.27745901235129633,-0.4197219759935357,0.5996330950520125,0.05807583856427283,1.3511053381824385,0.018709036249057974,-0.08510027484063958,0.034093857
2015-06-29,-0.11370770504641621,-0.27745901235129633,-0.6801188641144205,-1.1131726636592123,-0.07207026456489206,0.414483319039116,0.007930099774885839,-0.06574163788009713,-2.5110781
2015-06-30,-0.11370770504641621,-0.27745901235129633,-0.2359124079082053,0.4879592976609567,0.009467053058199207,0.40108999751275615,-0.0036712647062237293,-0.05271482597911991,-0.04079938
2015-07-01,-0.11370770504641621,-0.27745901235129633,-0.10571396384776292,0.24825184721009178,-0.8639230607122207,0.6949144868768184,-0.002798713560506535,-0.04210834985721629,1.3350487
2015-07-02,-0.11370770504641621,-0.27745901235129633,-0.2818647999295379,-1.9468140046930809,-0.6161750571651358,0.7866934915003746,-0.0006370750615425091,-0.03316478823750808,0.43147802
2015-07-03,-0.11370770504641621,-0.27745901235129633,-0.34313465595798137,1.5399691469690555,1.3752171232449781,0.7866934915003746,-0.0016169898424639147,-0.026217732263878427,0.0
2015-07-06,-0.11370770504641621,-0.27745901235129633,-0.8256347721819738,0.06118045412825947,-0.16301573422141694,0.8579330474588531,-0.0021305277149816838,-0.02076898444484429,0.30360222
2015-07-07,-0.11370770504641621,-0.27745901235129633,-0.20527747989398357,-0.33287867806693094,0.2932796394001131,0.6909570800099456,-0.00882111997909555,-0.017828742616902035,-0.37692785
2015-07-08,-0.11370770504641621,-0.27745901235129633,-0.2359124079082053,0.5277919897240085,-0.08147841659832566,-0.024384367649287385,-0.033921488074350616,-0.02079914350144499,-1.8000484
2015-07-09,-0.11370770504641621,-0.27745901235129633,-0.1210314278548738,-0.38622603350851814,-0.025029504397724018,0.055985205145169095,-0.05335008684805577,-0.02729534602151368,0.26853085
2015-07-10,-0.11370770504641621,-0.27745901235129633,-0.05210283982287489,-0.23400824598185613,-0.048549884481308044,0.6886755142632552,-0.04786389178235635,-0.03132894697721091,2.4103403
2015-07-13,-0.11370770504641621,-0.27745901235129633,-0.8179760401784183,-0.6636322818047713,0.21017429643811616,1.1819526361914734,-0.02203986149809321,-0.029079779060590488,2.4445772
2015-07-14,-0.11370770504641621,-0.27745901235129633,-0.35845211996509224,1.345784773161678,0.9643944844517105,0.9960682804732325,-0.00885920622489842,-0.02448545459092384,-0.46614408
2015-07-15,-0.11370770504641621,-0.27745901235129633,-0.42738070799709116,0.10385833848152923,-0.9705487837578018,1.0144868775429126,-0.00023184905794890136,-0.018980542860895414,0.08920431
2015-07-16,8.794478787447106,-0.27745901235129633,-0.5499204200539781,-0.3044267551647511,0.16783761228766497,1.2591297047639929,0.015844979995967304,-0.011167482618167222,1.2143493
2015-07-17,8.794478787447106,-0.27745901235129633,-0.40440451198642485,8.819888572882662e-06,-0.202216367694057,1.92587616484599,0.07092055406794023,0.006761875546383165,4.534948
2015-07-20,-0.11370770504641621,-0.27745901235129633,-0.7567061841499748,0.08536458859511231,-0.08147841659832566,2.238580258763824,0.1429372211161844,0.0363766721822682,3.0957222
2015-07-21,8.794478787447106,-0.27745901235129633,-0.25888860391887164,1.704279001729144,0.8107280012389615,2.282928640385584,0.20033320542118555,0.07223946811744054,0.49023628
2015-07-22,-0.11370770504641621,-0.27745901235129633,-0.5039680280326455,-4.46409788346344,-0.3778352056514844,1.7345170715704068,0.2254808961244282,0.10626233408705546,-1.372087
2015-07-23,-0.11370770504641621,-0.27745901235129633,-0.5422616880504226,3.841729709755403,-0.2837536853171482,1.1508983544919156,0.22232498035410606,0.13281140721725646,-1.6488016
2015-07-24,-0.11370770504641621,-0.27745901235129633,-0.618849008085977,-1.0100344431388104,0.007899027719293615,1.3777298695166742,0.23125588753426468,0.15594448639724862,1.5821457
2015-07-27,-0.11370770504641621,-0.27745901235129633,-0.6265077400895325,2.107585008867543,0.3967693117678828,0.5129982468244381,0.20234251116142796,0.1683197976781437,-2.8674543
2015-07-28,-0.11370770504641621,-0.27745901235129633,-0.29718226393664876,0.9816001600137763,-0.09088656863175938,0.7077071054747021,0.18702869591116264,0.17497271478441304,1.1893392
2015-07-29,8.794478787447106,-0.27745901235129633,-0.29718226393664876,8.819888572882662e-06,0.06434793991989536,0.9803455428332456,0.1889273066087372,0.1806976535040446,1.7840266
2015-07-30,8.794478787447106,-0.27745901235129633,0.5223020604437827,8.819888572882662e-06,0.26191913262200106,0.47820344501806084,0.1659917925911309,0.1804140727263506,-1.8352389
2015-07-31,-0.11370770504641621,-0.27745901235129633,0.23127024430867618,-0.9972310778328296,-0.5111173594584605,0.16744986840161769,0.1302439206742995,0.17260678457191722,-1.26037
2015-08-03,-0.11370770504641621,-0.27745901235129633,-0.7720236481570857,-2.590538760354899,-0.11127089803753207,0.19337063277340596,0.09950191880345205,0.15984203748311926,0.13828278
2015-08-04,-0.11370770504641621,-0.27745901235129633,-0.5422616880504226,0.010678290976890274,-0.028165555075535215,0.17097696240521124,0.0707210631869488,0.14352718909896367,-0.0849843
2015-08-05,-0.11370770504641621,-0.27745901235129633,-0.34313465595798137,-0.07254358351198566,-0.17242388625485053,0.6460315782431835,0.0708775769424467,0.1305084995156816,2.5303006
2015-08-06,-0.11370770504641621,-0.27745901235129633,-0.212936211897539,0.606034777705003,0.1490213082207977,0.26819562059374463,0.05298500172646026,0.11629938358283402,-1.3687253
2015-08-07,-0.11370770504641621,-0.27745901235129633,-0.48865056402553464,-0.562627955502033,-0.009349251008668003,0.04479698461346121,0.026657749871035957,0.09934933279240209,-0.86206794
2015-08-10,-0.11370770504641621,-0.27745901235129633,-0.8026585761713074,-0.2980250725117607,-0.22887279845545216,0.003222880841987882,0.001395782739843813,0.08043243034298252,-0.15906692
2015-08-11,-0.11370770504641621,-0.27745901235129633,-0.40440451198642485,0.4267876634212701,0.047099661191933644,-0.14830326408487315,-0.02692577886414002,0.05929325208722906,-0.5629301
2015-08-12,-0.11370770504641621,-0.27745901235129633,-0.24357113991176074,0.08109680015978542,-0.03286963109225203,-0.002099955259518406,-0.04521602028789347,0.03850341912599083,0.6088495
2015-08-13,-0.11370770504641621,-0.27745901235129633,-0.5728966160646444,0.6309302102444103,0.2431028285551338,-0.23210192356109258,-0.07007550940820165,0.016600037384940557,-0.80688
2015-08-14,-0.11370770504641621,-0.27745901235129633,-0.3737695839722031,-1.9681529468697159,0.06748399059770649,0.03440405126905988,-0.08053944049320917,-0.0031415701462275568,1.0596156
2015-08-17,-0.11370770504641621,-0.27745901235129633,-0.8792458962068618,-0.04622555482746936,0.03612348381959443,-0.12188197600250139,-0.0958931778473326,-0.022190653669217204,-0.5189538
2015-08-18,-0.11370770504641621,-0.27745901235129633,-0.6111902760824216,1.2696758793983471,0.5080991108301803,0.21065460124576263,-0.09586404284008923,-0.03742374233817851,1.3201356
2015-08-19,-0.11370770504641621,-0.27745901235129633,-0.25888860391887164,-0.17070271752450603,-0.31511419209526026,0.24725449489554008,-0.09588879526736915,-0.049615462085994926,0.14710426
2015-08-20,-0.11370770504641621,-0.27745901235129633,-0.565237884061089,0.5306371820142265,-0.296297888028393,-1.0561335687097841,-0.14977063508943494,-0.07079461359195727,-4.983735
2015-08-21,-0.11370770504641621,-0.27745901235129633,-0.4580156360113129,-0.31936401468839554,-0.006213200330856766,-1.81232126060522,-0.24248304950223815,-0.10739782866633221,-4.9690843
2015-08-24,-0.11370770504641621,-0.27745901235129633,-0.8792458962068618,-0.24538901514272807,0.051803737208650405,-2.2779045042573522,-0.358728756278034,-0.1613305867066837,-4.61306
2015-08-25,-0.11370770504641621,-0.27745901235129633,-0.34313465595798137,0.04410930038695163,0.042395585175216854,-2.0322057499606294,-0.43838239807506124,-0.22136754238732917,1.1085391
2015-08-26,-0.11370770504641621,-0.27745901235129633,-0.4350394400006466,0.19561578984105915,-0.296297888028393,-1.059281468086174,-0.45236245669856023,-0.2723616125007016,5.0481915
2015-08-27,-0.11370770504641621,-0.27745901235129633,-0.1440076238655401,0.46875424970198526,-0.034437656431157634,-0.5827266500627416,-0.4328879540060595,-0.30902725274089243,2.913177
2015-08-28,-0.11370770504641621,-0.27745901235129633,0.27722263633000876,-0.404719783394935,0.026715331786160822,-0.3614526642489597,-0.40129108701157196,-0.3316595721308407,1.426506
2015-08-31,-0.11370770504641621,-0.27745901235129633,-0.7107537921286422,0.7155746808783954,0.1145247507648745,-0.6250306811744268,-0.39203166773437903,-0.34780194517460195,-1.7360747
2015-09-01,-0.11370770504641621,-0.27745901235129633,-0.5269442240433118,-0.881289492006447,-0.23671292514998019,-0.9631783445564897,-0.4072015109740642,-0.3639326459116505,-2.4600208
2015-09-02,-0.11370770504641621,-0.27745901235129633,-0.13634889186198468,0.5733150663674962,0.13490908017064732,-0.48305702194792793,-0.3878534917976211,-0.3727344117892209,3.0494094
2015-09-03,-0.11370770504641621,-0.27745901235129633,-0.5192854920397564,-0.3968955045968356,0.17567773898219294,-0.7526656569970814,-0.39010441941244584,-0.3802531391885148,-1.9356966
2015-09-04,-0.11370770504641621,-0.27745901235129633,-0.32015845994731507,-0.08250175652774858,-0.21319254506639618,-0.7322226904547428,-0.38889257430220026,-0.38601114639313183,0.124788284
2015-09-07,-0.11370770504641621,-0.27745901235129633,-0.9251982882281944,-0.259614976593818,0.054939787886461644,-0.7322226904547415,-0.38619206510857595,-0.39004490258797525,0.0
2015-09-08,-0.11370770504641621,-0.27745901235129633,-0.8256347721819738,3.0827746663397564,-0.03600568177006322,-0.4752633131992883,-0.3683794646790355,-0.3894947021263835,1.4389277
2015-09-09,-0.11370770504641621,-0.27745901235129633,-0.12869015985842924,-2.650287798449477,0.02985138246397203,-0.29617142071072894,-0.34289162323084954,-0.38364978273955763,1.0164261
2015-09-10,-0.11370770504641621,-0.27745901235129633,-0.31249972794375963,1.2789227543415558,0.05180373720865043,-0.005854768307964721,-0.3047479034723763,-0.37088537831260554,1.7027855
2015-09-11,-0.11370770504641621,-0.27745901235129633,-0.47333310001842377,-0.05404983362556874,-0.046981859142402424,0.0072970183682066,-0.2733006965563559,-0.35400539775393164,0.07610321
2015-09-14,-0.11370770504641621,-0.27745901235129633,-0.7030950601250868,-0.8912476650222101,-0.07520631524270327,0.058999443364487786,-0.2453674762087549,-0.33457810572247676,0.2824545
2015-09-15,-0.11370770504641621,-0.27745901235129633,-0.19761874789042813,-0.6060171379278573,0.00789902771929361,0.17957051579154087,-0.21687389022767792,-0.3129941376118681,0.6391525
2015-09-16,-0.11370770504641621,-0.27745901235129633,1.4413499008704347,-0.4431298793128778,0.009467053058199207,0.2929845830529906,-0.188706281855671,-0.2897539529859407,0.5920291
2015-09-17,-0.11370770504641621,-0.27745901235129633,0.016825748209124018,0.295908818071243,0.04239558517521684,0.4744052164055754,-0.1573734368409379,-0.2645175989885135,0.95237494
2015-09-18,-0.11370770504641621,-0.27745901235129633,-0.18230128388331726,1.1672489569504998,0.03298743314178322,0.4868456978951085,-0.13305179138809328,-0.239171051481552,0.06361008
2015-09-21,-0.11370770504641621,-0.27745901235129633,-0.8409522361890847,8.819888572882662e-06,-0.03443765643115762,0.7241298940358548,-0.10250512492378153,-0.21241631826067467,1.2182236
2015-09-22,-0.11370770504641621,-0.27745901235129633,-0.6341664720930879,-2.114680349815942,0.1458852575429865,-0.05866819516584826,-0.10858841420034604,-0.19230250802978185,-2.7106285
2015-09-23,-0.11370770504641621,-0.27745901235129633,0.05511940822690119,2.3593845265518345,0.3105279181280747,0.16702098817915767,-0.10368260525905394,-0.17517117107962865,1.0864854
2015-09-24,-0.11370770504641621,-0.27745901235129633,-0.05210283982287489,-0.4943433405368013,-0.39351545904054025,0.2639845034087256,-0.09649605736425079,-0.15994217648966508,0.46824217
2015-09-25,-0.11370770504641621,-0.27745901235129633,0.23127024430867618,-0.885557280441774,-0.19751229167734016,-0.2028837154210437,-0.11049509355745644,-0.1507275106265477,-1.7371118
2015-09-28,-0.11370770504641621,-0.27745901235129633,0.25424644031934246,1.0968304477676047,-0.03130160575334642,-1.0051957067356847,-0.1620628320033244,-0.1542908427961629,-3.8374424
2015-09-29,-0.11370770504641621,-0.27745901235129633,0.3308337603548968,-0.6536741087890083,-0.8215863765617696,-1.4446546710724129,-0.23125187073685124,-0.1718132131472112,-2.8472126
2015-09-30,-0.11370770504641621,-0.27745901235129633,-0.19761874789042813,-0.2126693038052213,0.7558471143772655,-0.6833468958837445,-0.2499585497948733,-0.18979790640192615,3.7267804
2015-10-01,-0.11370770504641621,-0.27745901235129633,-0.10571396384776292,-0.05974021820600471,0.222718499149361,-0.4667830375022959,-0.2528916630115688,-0.20480763482563355,1.1679649
2015-10-02,-0.11370770504641621,-0.27745901235129633,-0.2359124079082053,0.1088374249894107,0.19292601771015458,-0.24261867872014012,-0.2426627837870963,-0.21464635874726848,1.2314439
2015-10-05,-0.11370770504641621,-0.27745901235129633,-0.8103173081748629,0.3428544908598397,-0.18810413964390657,0.11786853584083976,-0.21321392512443058,-0.2162726354943315,2.1070957
2015-10-06,-0.11370770504641621,-0.27745901235129633,0.3538099563655631,-0.05618372784323228,-1.0818785828200994,-0.14635063132065015,-0.20370880022807444,-0.21555807194725532,-1.2870967
2015-10-07,-0.11370770504641621,-0.27745901235129633,-0.006150447801542284,-1.2959762683057179,0.8593367867450351,-0.23330139648490514,-0.20102304048116332,-0.21441689919693624,-0.43103695
2015-10-08,-0.11370770504641621,-0.27745901235129633,-0.08273776783709663,0.8258258821243422,0.17567773898219297,-0.2183741119595273,-0.1985383362863504,-0.21297707340480054,0.0757575
2015-10-09,-0.11370770504641621,-0.27745901235129633,0.6601592365077805,-0.26672795731936294,0.015739154413821614,-0.049656766238521374,-0.1885359826824699,-0.20970418926475778,0.8327007
2015-10-12,-0.11370770504641621,-0.27745901235129633,-0.7490474521464194,-0.09032603532584803,-0.05168593515911924,0.16774616049536914,-0.17000633202446067,-0.20315662428335354,1.0939598
2015-10-13,-0.11370770504641621,-0.27745901235129633,-0.212936211897539,0.7603864594493285,0.047099661191933644,0.1286003628883892,-0.1577728138015367,-0.1953244248861728,-0.14852285
2015-10-14,-0.11370770504641621,-0.27745901235129633,-0.2895235319330933,0.37486290412479195,-0.006213200330856803,0.11371713181719431,-0.14962117840449818,-0.18733009117710214,-0.05312562
2015-10-15,-0.11370770504641621,-0.27745901235129633,-0.44269817200420203,0.4715994419922033,0.06905201593661206,0.5349800676042167,-0.1234106694872716,-0.17537662179080982,2.0091414
2015-10-16,-0.11370770504641621,-0.27745901235129633,-0.45035690400775746,-0.472293100287612,0.14745328288189213,0.8390525117120439,-0.08676153464882065,-0.15804230774618486,1.6465187
2015-10-19,-0.11370770504641621,-0.27745901235129633,-0.9251982882281944,-3.1645563049063767,-0.1112708980375321,1.0038807373247882,-0.049505129521519906,-0.1362745448272569,0.95345974
2015-10-20,-0.11370770504641621,-0.27745901235129633,-0.3967457799828694,1.0890061689695052,-1.3892115492455974,0.5209874850689721,-0.038609666500053465,-0.11654992495290772,-1.49284
2015-10-21,-0.11370770504641621,-0.27745901235129633,-0.3278171919508705,0.27741506818482614,0.9048095215732975,0.5437000745693962,-0.031103647289142528,-0.0991785593508934,0.1134038
2015-10-22,-0.11370770504641621,-0.27745901235129633,-0.34313465595798137,1.0591316499222163,0.42656179320708926,1.0247853233785853,0.0006240559271776134,-0.07855352992675052,2.6361823
2015-10-23,-0.11370770504641621,-0.27745901235129633,0.26956390432645333,0.1828124245350782,0.001626926363671207,1.39958770370474,0.05052703970918393,-0.05147145681894409,2.5283456
2015-10-26,-0.11370770504641621,-0.27745901235129633,-0.4963092960290901,-0.2845104091332253,-0.06266211253145845,1.5997047716731096,0.10375628169018343,-0.01851840759075895,1.5461326
2015-10-27,-0.11370770504641621,-0.27745901235129633,-0.3048409959402042,-0.7916659348645806,0.03298743314178323,1.575147365610048,0.1408265477495329,0.015704872231127234,-0.06745458
2015-10-28,-0.11370770504641621,-0.27745901235129633,0.42273854439756203,1.1139016015089127,-0.19124019032171777,1.6408619347040996,0.17108724104185064,0.04950034999450839,0.4821658
2015-10-29,-0.11370770504641621,-0.27745901235129633,0.1010718002482338,0.17356554959186982,0.17567773898219297,1.7303098152361123,0.19764873226353027,0.08216916127896799,0.6525874
2015-10-30,-0.11370770504641621,-0.27745901235129633,-0.6801188641144205,0.42963285571148807,-0.2241687224387354,0.7161901371615949,0.181500883588068,0.10488001956365943,-2.7745962
2015-11-02,-0.11370770504641621,-0.27745901235129633,-0.9634919482459715,1.7682958282590484,0.16470156160985375,0.9435284138241838,0.17884714335331892,0.12248597409449646,1.3141036
2015-11-03,-0.11370770504641621,-0.27745901235129633,-0.6494839361001987,-1.928320254806664,0.09100437068129047,0.7147521700536129,0.16401540916735657,0.133425632267593,-0.7066071
2015-11-04,-0.11370770504641621,-0.27745901235129633,-0.5346029560468673,0.4893818938060657,-0.015621352364290412,0.9514220667181928,0.16281222607029333,0.1419222208922991,1.325798
2015-11-05,8.794478787447106,-0.27745901235129633,0.2159527803015653,4.1717720154206885,7.2411999160908325,1.5947544368036257,0.21037819726581639,0.15880597213486844,4.637289
2015-11-06,-0.11370770504641621,-0.27745901235129633,-0.38142831597575855,-0.6437159357732457,-4.453133061467143,1.1159713813929617,0.22424311924322987,0.17525306369082666,-1.5308917
2015-11-09,-0.11370770504641621,-0.27745901235129633,-0.8869046282104173,-4.654725766908045,-2.4899653371573294,0.9483956214332355,0.2232115351007185,0.18819198699916032,-0.5649209
2015-11-10,-0.11370770504641621,-0.27745901235129633,-0.5805553480681999,-1.5378176129742462,-0.6349913612320028,1.1455540984597365,0.23280633689627867,0.2005777267960111,1.3334632
2015-11-11,-0.11370770504641621,-0.27745901235129633,-0.42738070799709116,0.4417249229449146,0.09570844669800728,1.290125318204528,0.24709542089484077,0.21351635378773542,1.0193706
2015-11-12,-0.11370770504641621,-0.27745901235129633,-0.46567436801486833,2.041434288119975,0.2117423217770218,0.9955093933762849,0.24189878666488052,0.22276529640305087,-0.9081781
2015-11-13,-0.11370770504641621,-0.27745901235129633,-0.4350394400006466,-1.1437584807790557,0.004762977041482406,-0.01601127922331115,0.1875989208590186,0.21865003135695732,-3.7678182
2015-11-16,-0.11370770504641621,-0.27745901235129633,-0.8332935041855292,0.5370388646672168,-0.007781225669762405,0.0004409314149344418,0.14122817576796032,0.20552478959133855,0.08658171
2015-11-17,-0.11370770504641621,-0.27745901235129633,-0.6724601321108651,0.2368710780492198,-0.03286963109225202,0.20262290134278976,0.112603088593242,0.188954576544176,1.0476708
2015-11-18,-0.11370770504641621,-0.27745901235129633,-0.565237884061089,-1.3671060755611673,0.04553163585302804,0.6404991851934532,0.11526567884249077,0.1762630148705474,2.5111794
2015-11-19,-0.11370770504641621,-0.27745901235129633,-0.7107537921286422,2.107585008867543,0.16626958694875935,0.27745417458318256,0.09673965409477221,0.16218127674540567,-1.4011264
2015-11-20,-0.11370770504641621,-0.27745901235129633,-0.6265077400895325,-0.7482767524387562,-0.17712796227156735,0.45369948787465175,0.09010724871935516,0.14950946848984129,0.99755526
2015-11-23,-0.11370770504641621,-0.27745901235129633,-0.9941268762601932,-4.260666634712854,-0.04070975778678003,0.3610274312195501,0.07713128723842998,0.1366204375675097,-0.3447652
2015-11-24,-0.11370770504641621,-0.27745901235129633,-0.7030950601250868,2.245576834943115,0.006331002380388006,0.060426477321934555,0.05008892624036195,0.1205748141455762,-1.1313677
2015-11-25,-0.11370770504641621,-0.27745901235129633,-0.6954363281215313,1.4667054454959423,0.05650781322536725,-0.020960674553122175,0.02201871598379058,0.1017859587788024,-0.312078
2015-11-26,-0.11370770504641621,-0.27745901235129633,-0.687777596117976,-0.9972310778328296,-0.004645174991951201,-0.020960674553123355,-0.00290530583973289,0.08146967479602517,0.0
2015-11-27,-0.11370770504641621,-0.27745901235129633,-1.0477380002850814,-2.318822896639082,-0.02032542838100722,-0.011524711628968261,-0.024640144152,0.06060772207163735,0.037944317
2015-11-30,-0.11370770504641621,-0.27745901235129633,-1.024761804274415,4.601396051243604,0.00946705305819921,-0.3500623025832081,-0.057385084645956375,0.03697451530089301,-1.1474609
2015-12-01,-0.11370770504641621,-0.27745901235129633,-0.7873411121641966,-1.4595748249932516,-0.05952606185364724,0.31439728345771695,-0.053371826799637104,0.018918971010537383,2.762854
2015-12-02,-0.11370770504641621,-0.27745901235129633,-0.34313465595798137,0.27243598167694466,0.04866768653083924,0.02621701130903902,-0.06385552906432579,0.002251440912994588,-0.9802103
2015-12-03,-0.11370770504641621,-0.27745901235129633,-0.266547335922427,-0.8898250688771009,0.0031949517025768046,-0.3996345313792194,-0.09262114944454108,-0.017182403209099317,-1.5932918
2015-12-04,-0.11370770504641621,-0.27745901235129633,-0.5039680280326455,0.7909722765691717,-0.017189377703196014,0.004524394040483039,-0.09697428759068323,-0.03365257208054147,1.7244697
2015-12-07,-0.11370770504641621,-0.27745901235129633,-0.9022220922175281,-0.029154401086161425,0.02201125576944402,-0.14041026905384518,-0.10823344820850726,-0.04921623968031858,-0.5368233
2015-12-08,-0.11370770504641621,-0.27745901235129633,-0.7337299881393086,-0.02275271843317093,-1.9427244938792745,0.057130630535115294,-0.10881756044537388,-0.06179103618630472,0.8332491
2015-12-09,-0.11370770504641621,-0.27745901235129633,-0.6571426681037542,1.2931487157926456,2.2486072370153978,-0.4222425100699171,-0.13151537151269668,-0.07666399965344121,-1.7748117
2015-12-10,-0.11370770504641621,-0.27745901235129633,-0.1210314278548738,-2.001583956279777,-0.3057060400618266,-0.22686338300297748,-0.14145652529797462,-0.09067041636250679,0.78394413
2015-12-11,-0.11370770504641621,-0.27745901235129633,-0.1669838198762064,0.6145703545756569,-0.006213200330856804,-0.9492277891804761,-0.18663096124074513,-0.11145489918235528,-3.1303287
2015-12-14,-0.11370770504641621,-0.27745901235129633,-0.917539556224639,-2.020077706166194,-0.036005681770063226,-0.3721864024962734,-0.19462466625375402,-0.1297775701059782,2.487266
2015-12-15,-0.11370770504641621,-0.27745901235129633,-0.7337299881393086,1.951099432905554,0.05493978788646165,-0.3957388623957037,-0.2025610411563461,-0.1461186345227131,-0.10510087
2015-12-16,-0.11370770504641621,-0.27745901235129633,-0.35845211996509224,0.32364944290086833,-0.09559064464847608,0.06504045676755991,-0.18449977515451854,-0.15536155049681738,2.1425128
2015-12-17,-0.11370770504641621,-0.27745901235129633,-0.17464255187976183,0.1856576168252962,0.03298743314178323,-0.06999658025139006,-0.17720028507449273,-0.16120800858009107,-0.5337596
2015-12-18,-0.11370770504641621,-0.27745901235129633,-0.2895235319330933,-2.5521286644369567,-0.10813484735972088,-0.5515192067569984,-0.19613397893190407,-0.1699001110631417,-2.052343
2015-12-21,-0.11370770504641621,-0.27745901235129633,-1.024761804274415,2.99955279185088,0.18978996703234335,-0.389395289374157,-0.20338000823357086,-0.17839033125699563,0.70165396
2015-12-22,-0.11370770504641621,-0.27745901235129633,-0.7490474521464194,-0.057606323988341215,-0.018757403042101616,-0.2257422545452046,-0.20127635757355505,-0.18473642315274222,0.70631504
2015-12-23,-0.11370770504641621,-0.27745901235129633,-0.3967457799828694,-1.0690721831608336,0.0016269263636712037,-0.431989992101315,-0.2096996546312736,-0.19159947737918018,-0.8340478
2015-12-24,-0.11370770504641621,-0.27745901235129633,-0.618849008085977,0.07825160786956739,-0.03443765643115763,-0.3379368720211743,-0.21229825561061003,-0.19764096044349247,0.3727436
2015-12-25,-0.11370770504641621,-0.27745901235129633,-1.024761804274415,1.741977799574532,-0.026597529736629624,-0.3379368720211743,-0.21459560952069154,-0.20296130640145696,0.0
2015-12-28,-0.11370770504641621,-0.27745901235129633,-0.9251982882281944,-1.709951746532434,0.040827559836311235,-0.10330699650891699,-0.2066160192634678,-0.2055254915685153,0.8665085
2015-12-29,-0.11370770504641621,-0.27745901235129633,-0.6648014001073096,0.22122252045302093,0.015739154413821614,0.2162029904792244,-0.18605351312392604,-0.20321651006392671,1.255548
2015-12-30,-0.11370770504641621,-0.27745901235129633,-0.5192854920397564,-2.651710394594586,-6.659344713307323,-0.0917380971026184,-0.1819490144015893,-0.20049895588345648,-0.96960664
2015-12-31,-0.11370770504641621,-0.27745901235129633,-0.44269817200420203,0.1913480014057324,5.765688072180662,-0.5127468012926333,-0.19650856535873265,-0.2014123008723413,-1.4686465
2016-01-01,-0.11370770504641621,-0.27745901235129633,-0.9328570202317499,2.065618422586828,0.8075919505611502,-0.5127468012926333,-0.2083569734138433,-0.20465546072402566,0.0
2016-01-04,-0.11370770504641621,-0.27745901235129633,-0.33547592395442594,0.005699204469008848,0.07532411729223445,-1.102441169589507,-0.2447988435198181,-0.2149775761483253,-2.3313582
2016-01-05,-0.11370770504641621,-0.27745901235129633,0.3078575643442305,-0.004970266619308585,-0.043845808464591234,-0.9464285799012573,-0.26762860134962785,-0.22807637438329723,0.49892664
2016-01-06,-0.11370770504641621,-0.27745901235129633,-0.3737695839722031,-0.0035476704741995943,0.07375609195332887,-0.8711166271731802,-0.28250485638368666,-0.24170995917740168,0.23361444
2016-01-07,-0.11370770504641621,-0.27745901235129633,0.009167016205568585,-0.028443103013606936,-0.10970287269862648,-1.8422789610268135,-0.34919732044480645,-0.26675912687240066,-4.9043417
2016-01-08,-0.11370770504641621,-0.27745901235129633,-0.12869015985842924,0.02205906013776224,0.2556470312663786,-1.9291132953482693,-0.4066435900319653,-0.29898008277173677,-0.60253143
2016-01-11,-0.11370770504641621,-0.27745901235129633,-0.8792458962068618,0.014234781339662788,-0.39978756039616276,-1.8691735576504247,-0.44771705195390515,-0.3334665753885636,0.18494129
2016-01-12,-0.11370770504641621,-0.27745901235129633,-0.5422616880504226,0.009966992904335817,0.24623887923294502,-1.278298328192688,-0.4570061290027108,-0.36302554095311385,1.9074917
2016-01-13,-0.11370770504641621,-0.27745901235129633,-0.5728966160646444,0.019925165920098752,-0.06893421388708085,-1.9036309157645683,-0.5050069320087801,-0.3968514008947956,-3.9549172
2016-01-14,-0.11370770504641621,-0.27745901235129633,-0.6494839361001987,0.016368675557326278,0.11922882678159129,-1.143952034992279,-0.5072950024325236,-0.42439727976870845,3.0699968
2016-01-15,-0.11370770504641621,-0.27745901235129633,-0.5882140800717552,-0.08250175652774858,-1.9489965952348967,-1.6287880502704861,-0.5434049106607873,-0.45409117708400837,-3.4563422
2016-01-18,-0.11370770504641621,-0.27745901235129633,-0.8332935041855292,0.008544396759226825,1.7985839647494903,-1.6287880502704866,-0.5681842670587731,-0.48310081796886434,0.0
2016-01-19,-0.11370770504641621,-0.27745901235129633,-0.27420606792598246,0.02988333893586169,0.050235711869744855,-1.553296500984396,-0.5806123949727008,-0.508943945548999,0.3053546
2016-01-20,-0.11370770504641621,-0.27745901235129633,-0.3661108519686477,-0.12375704473590933,-0.5675662716590621,-1.6874345457610422,-0.59642826612668,-0.5329722417119006,-0.95528364
2016-01-21,-0.11370770504641621,-0.27745901235129633,-0.5039680280326455,-0.13656041004189023,0.5002589841356525,-1.7159475165801452,-0.6067945336258864,-0.554393070978697,-0.20137429
2016-01-22,-0.11370770504641621,-0.27745901235129633,-0.5346029560468673,0.2283355011785659,0.036123483819594425,-0.7444316560262636,-0.569082354024585,-0.5635327746187437,4.0144444
2016-01-25,-0.11370770504641621,-0.27745901235129633,-0.8639284321997509,0.061891752200813985,0.08786832000347927,-0.9139164224457259,-0.5459661642387731,-0.565942693039544,-0.9495616
2016-01-26,-0.11370770504641621,-0.27745901235129633,-0.4809918320219792,0.10243574233642022,-0.08461446727613688,-0.8350425554332954,-0.5206825793454609,-0.5625091818598644,0.3401637
2016-01-27,-0.11370770504641621,3.604135946155105,-0.38142831597575855,-0.39547290845172656,0.1160927761037801,-1.3408933848705495,-0.5294253209007921,-0.561616292611728,-2.968973
2016-01-28,8.794478787447106,-0.27745901235129633,0.8746037326073327,3.6560809128186795,6.759816137046813,0.8478157903508287,-0.37158699578922466,-0.5274319789497343,15.521442
2016-01-29,8.794478787447106,-0.27745901235129633,0.27722263633000876,-0.3784017547104185,-5.439420999638765,1.107573282162299,-0.212254744924474,-0.4662977351526924,2.8411627
2016-02-01,-0.11370770504641621,-0.27745901235129633,-0.8945633602139726,-3.165978901051486,-1.323354485011562,1.3250509460514501,-0.05598897292212778,-0.38425380157838385,2.5666118
2016-02-02,-0.11370770504641621,-0.27745901235129633,0.10873053225178923,0.1984609821312771,0.3042558167724523,1.2405636545404608,0.05911656462758113,-0.2942102444066433,-0.41705966
2016-02-03,-0.11370770504641621,-0.27745901235129633,-0.3737695839722031,0.038418915806515644,-0.15047153151017212,0.9028540621104039,0.12481455249323566,-0.20824397991518365,-1.6752422
2016-02-04,-0.11370770504641621,-0.27745901235129633,-0.5422616880504226,0.03059463700841617,-0.09559064464847608,0.5369637897972795,0.1479729202533144,-0.13456017988834149,-1.9522607
2016-02-05,-0.11370770504641621,-0.27745901235129633,-0.3661108519686477,-0.13158132353400875,-0.01718937770319603,-0.3480370189184808,0.0910966441552324,-0.0876738930989854,-5.810481
2016-02-08,-0.11370770504641621,-0.27745901235129633,-0.8639284321997509,-0.0647193047138862,-0.1379273287989273,-0.8178024797013012,-0.004725526643862116,-0.07048418897249675,-4.1510525
2016-02-09,-0.11370770504641621,-0.27745901235129633,0.7061116285291131,0.011389589049444815,-1.0097494172304415,-0.8395037710479131,-0.08473793691620696,-0.07369925265093381,-0.2105236
2016-02-10,-0.11370770504641621,-0.27745901235129633,0.009167016205568585,0.04695449267716958,0.9847788138574832,-0.6459905685320755,-0.13307333874332802,-0.08652094358078197,1.4667511
2016-02-11,-0.11370770504641621,-0.27745901235129633,0.04746067622334576,-0.01066065119974455,0.09257239602019608,-0.5249575318272531,-0.16209258352966877,-0.10293189804336156,0.90099573
2016-02-12,-0.11370770504641621,-0.27745901235129633,-0.47333310001842377,-0.037689977956815376,-0.3072740654007322,-0.5110706165551733,-0.18456143923485785,-0.12082523733214888,0.098121166
2016-02-15,-0.11370770504641621,-0.27745901235129633,-0.9405157522353053,-0.022041420360616477,0.28387148736667944,-0.5110706165551738,-0.20274274560965108,-0.13899529917667494,0.0
2016-02-16,-0.11370770504641621,-0.27745901235129633,-0.6341664720930879,0.08820978088533032,-0.06109408719255285,-0.5703898030303257,-0.22175975411925192,-0.15756395174416932,-0.39212108
2016-02-17,-0.11370770504641621,-0.27745901235129633,-0.618849008085977,-0.07538877580220363,-0.03130160575334643,-0.02790831628898563,-0.19730424446012085,-0.1672330232573205,3.533113
2016-02-18,-0.11370770504641621,-0.27745901235129633,-0.5192854920397564,0.10030184811875674,0.13490908017064732,-0.3018442451890647,-0.19761502063931605,-0.17503418131552054,-1.6444802
2016-02-19,-0.11370770504641621,-0.27745901235129633,-0.4809918320219792,-0.03057699723127042,0.05180373720865044,-0.1387976142540408,-0.18618167467184665,-0.1788506388307237,1.0631084
2016-02-22,-0.11370770504641621,-0.27745901235129633,0.016825748209124018,0.008544396759226828,-0.10499879668190967,0.2215292276975059,-0.14927949552067576,-0.17407860764287686,2.4768114
2016-02-23,-0.11370770504641621,-0.27745901235129633,0.9741672486535533,-0.0014137762565361084,0.007899027719293607,-0.06882652957999084,-0.140055924166796,-0.16830510186407718,-1.5864193
2016-02-24,-0.11370770504641621,-0.27745901235129633,-0.4963092960290901,-0.05262723748045978,0.003194951702576806,0.131417708398669,-0.11828694398209971,-0.1590701318354522,1.3464808
2016-02-25,-0.11370770504641621,-0.27745901235129633,0.7290878245397794,0.061180454128259495,-0.02502950439772402,0.2950207096793314,-0.08946801497734594,-0.14557103154448553,1.1134028
2016-02-26,-0.11370770504641621,-0.27745901235129633,0.24658770831578705,-0.007815458909526568,-0.061094087192552854,0.2657818661365925,-0.07020113562434942,-0.13068616249733986,-0.13880134
2016-02-29,-0.11370770504641621,-0.27745901235129633,-0.9328570202317499,-0.0014137762565361075,0.08473226932566807,0.06584837972612986,-0.06799193028727295,-0.11830979987326337,-0.9266138
2016-03-01,-0.11370770504641621,-0.27745901235129633,-0.46567436801486833,-0.012794545417408034,-0.6632158173323037,0.493038061096218,-0.036251965537441394,-0.10167817274334835,2.7123094
2016-03-02,-0.11370770504641621,-0.27745901235129633,-0.06742030382998576,-1.411206556059546,-0.007781225669762412,0.5111837503748695,-0.012221393094397683,-0.0832771294728926,0.118374825
2016-03-03,-0.11370770504641621,-0.27745901235129633,-0.47333310001842377,0.20841915514704,-1.17439207781553,0.4271546046051197,-7.416047322668265e-06,-0.06596629119852676,-0.33650994
2016-03-04,-0.11370770504641621,-0.27745901235129633,-0.3278171919508705,1.076914101736079,-0.20848846904967927,0.1565877778404189,-0.006215058283617153,-0.05343396627360997,-1.0859668
2016-03-07,-0.11370770504641621,-0.27745901235129633,-0.9328570202317499,0.09603405968342978,1.8268084208497912,-0.387614981791649,-0.04296205233183057,-0.05120039615365904,-2.454096
2016-03-08,-0.11370770504641621,-0.27745901235129633,-0.6111902760824216,0.01565737748477178,-0.2476891025223194,-0.3488466984416906,-0.07174266942343745,-0.05551654019102882,0.1891613
2016-03-09,-0.11370770504641621,-0.27745901235129633,-0.4809918320219792,0.007121800614117839,0.39520128642897717,-0.04608129865069637,-0.0787665149744039,-0.0604588790214541,1.4915586
2016-03-10,-0.11370770504641621,-0.27745901235129633,0.27722263633000876,0.016368675557326278,0.1270689534761193,-0.0883169191707552,-0.08814372254136146,-0.06640120984846218,-0.17672777
2016-03-11,-0.11370770504641621,-0.27745901235129633,-0.5269442240433118,-0.02133012228806198,-0.04541383380349684,0.2994092926600132,-0.07416601454783493,-0.06819106739803817,1.9474506
2016-03-14,-0.11370770504641621,-0.27745901235129633,-0.7873411121641966,0.012100887121999308,-0.3088420907396378,0.38358429859325605,-0.05976792755734783,-0.06656980393284442,0.43871403
2016-03-15,-0.11370770504641621,-0.27745901235129633,-0.5728966160646444,0.045531896532060585,0.34659250092290356,0.5214713951627875,-0.041903054208709246,-0.061484503143083465,0.70979595
2016-03-16,-0.11370770504641621,-0.27745901235129633,-0.013809179805097717,-0.05333853555301427,0.3246401461782251,0.7756803498234441,-0.013491832766530262,-0.05139159362742831,1.3644218
2016-03-17,-0.11370770504641621,-0.27745901235129633,-0.17464255187976183,-0.3122510339628506,-0.5142534101362717,0.4534533368885233,-0.006525196823135204,-0.04183997385135971,-1.0340571
2016-03-18,-0.11370770504641621,-0.27745901235129633,-0.47333310001842377,0.34783357736772114,0.15215735889860893,0.5320490666583518,0.0010586502036340603,-0.03259050474957024,0.3873229
2016-03-21,-0.11370770504641621,-0.27745901235129633,-0.6571426681037542,-0.019907526142952988,-0.015621352364290412,0.6071422883958438,0.008709667573034725,-0.02356851255202663,0.3589034
2016-03-22,-0.11370770504641621,-0.27745901235129633,-0.618849008085977,0.11026002113451967,-0.03130160575334642,0.6842124263739299,0.016326009542861154,-0.014735854881032878,0.35762787
2016-03-23,-0.11370770504641621,-0.27745901235129633,-0.618849008085977,-0.09032603532584804,-0.014053327025384806,0.7418282823013512,0.022617974622506642,-0.006335502184822425,0.25835037
2016-03-24,-0.11370770504641621,-0.27745901235129633,-0.7184125241321977,-0.07752267001986711,0.07689214263114007,0.8452560687492513,0.03022177840942763,0.001997185132802848,0.4531741
2016-03-25,-0.11370770504641621,-0.27745901235129633,-0.7490474521464194,0.06900473292635895,0.007899027719293608,0.8452560687492513,0.03315400049547113,0.00928511984040771,0.0
2016-03-28,-0.11370770504641621,-0.27745901235129633,-0.9251982882281944,-0.006392862764417576,-0.021893453719912817,0.9837648989661886,0.03943605380943048,0.016447592351789872,0.5661249
2016-03-29,-0.11370770504641621,-0.27745901235129633,0.11638926425534467,0.015657377484771782,0.05493978788646166,1.4389605630282107,0.06819024787549964,0.028274967427138774,2.154982
2016-03-30,-0.11370770504641621,-0.27745901235129633,-0.3967457799828694,0.004276608323899856,0.06434793991989526,0.8802233712161898,0.07141316161528173,0.03842029421593439,-1.2398839
2016-03-31,-0.11370770504641621,-0.27745901235129633,-0.3967457799828694,-0.019907526142952988,-0.08147841659832568,0.6621523823067493,0.06384062425173703,0.04493078060774002,-0.5231023
2016-04-01,-0.11370770504641621,-0.27745901235129633,0.07809560423756749,-0.015639737707626018,-0.029733580414440824,1.048566552073683,0.07606945977816909,0.05273232415601617,1.717794
2016-04-04,-0.11370770504641621,-0.27745901235129633,-0.9022220922175281,-0.015639737707626018,0.028283357125066428,-0.02924705228340293,0.0434747098569312,0.052061762681096545,-3.024292
2016-04-05,-0.11370770504641621,-0.27745901235129633,0.04746067622334576,-0.04195776639214235,-0.1253831260876825,-0.11559166937939828,0.011129602368638533,0.0446664544751253,-0.29320717
2016-04-06,-0.11370770504641621,-0.27745901235129633,0.369127420372674,0.07113862714402243,0.06277991458098964,0.21631445164913438,-0.0006219343359067313,0.036258265856208234,1.3277531
2016-04-07,-0.11370770504641621,-0.27745901235129633,0.5529369884580044,0.008544396759226826,0.01887520509163282,0.19591485741507658,-0.013272973035594757,0.02684903131238097,-0.061559677
2016-04-08,-0.11370770504641621,-0.27745901235129633,-0.22825367590464987,-0.009238055054635558,0.06591596525880085,-0.5885222194557544,-0.058839866771867845,0.009659072591272765,-2.6487172
2016-04-11,-0.11370770504641621,-0.27745901235129633,-0.8026585761713074,-0.0007024781839816131,-0.08775051795394807,-0.9382773235555126,-0.11459907735514761,-0.015916771147568304,-1.4824212
2016-04-12,-0.11370770504641621,-0.27745901235129633,0.16234165627667727,0.014946079412217289,0.053371762547556045,-0.5317228702142587,-0.1418314188389204,-0.0421521306486142,1.486373
2016-04-13,-0.11370770504641621,-0.27745901235129633,3.1492471376632967,-0.004970266619308585,-0.03443765643115762,-0.5545160799570462,-0.16533221933298617,-0.06812382038054993,-0.090408325
2016-04-14,-0.11370770504641621,-0.27745901235129633,1.6864293249842086,-0.04764815097257831,-0.028165555075535226,-0.4685421744603595,-0.18090957086870552,-0.09220438759740196,0.29860735
2016-04-15,-0.11370770504641621,-0.27745901235129633,0.16234165627667727,0.05477877147526903,0.04239558517521684,-0.761581999998445,-0.20693927517197452,-0.11698850373002499,-1.0826409
2016-04-18,-0.11370770504641621,-0.27745901235129633,-0.84861096819264,-0.02133012228806198,-0.012485301686479211,-0.5355013669835033,-0.21874123562896305,-0.1393184311700983,0.73877573
2016-04-19,-0.11370770504641621,-0.27745901235129633,-0.5422616880504226,0.10528093462663822,0.13647710550955292,-0.06714383892408385,-0.2079264593771058,-0.15488907340947383,1.665914
2016-04-20,-0.11370770504641621,-0.27745901235129633,-0.5499204200539781,-0.031288295303824924,0.4108815398180332,-0.03564037920425294,-0.19833380557105973,-0.16531144153721206,0.11576414
2016-04-21,-0.11370770504641621,-0.27745901235129633,-0.3661108519686477,-0.009238055054635552,-0.3778352056514844,0.21124018497639396,-0.18001332269896453,-0.1697644329098,0.9073138
2016-04-22,-0.11370770504641621,-0.27745901235129633,-0.34313465595798137,-0.02986569915871593,-0.07520631524270327,-0.569098200769715,-0.19798398677821197,-0.17713754920823116,-2.5387883
2016-04-25,-0.11370770504641621,-0.27745901235129633,-0.84861096819264,8.819888572882662e-06,-0.3402025975177499,-0.6781324700396979,-0.21755052828824697,-0.18718517515348995,-0.41606426
2016-04-26,-0.11370770504641621,-0.27745901235129633,-0.4809918320219792,0.04624319460461509,0.19449404304906018,-0.9843039889446229,-0.247828858347912,-0.20164386973515214,-1.2170732
2016-04-27,-0.11370770504641621,-0.27745901235129633,-0.4197219759935357,0.09674535775598428,0.2242865244882666,-0.945103549319518,-0.26997708492870437,-0.2179074109304367,0.119531155
2016-04-28,8.794478787447106,-0.27745901235129633,0.4993258644331164,3.4547835582857576,4.112989364974159,0.6996144388178688,-0.2006531817386533,-0.2162179409339783,7.199931
2016-04-29,-0.11370770504641621,-0.27745901235129633,0.6142068444864479,-2.591961356500008,-3.1156074473806648,0.8198044818312583,-0.13737934962299753,-0.20144899432904959,0.728178
2016-05-02,-0.11370770504641621,-0.27745901235129633,-0.9251982882281944,-0.805180598243116,-1.318650408994845,0.9578854281800747,-0.07802612845514367,-0.1770478415625203,0.8419752
2016-05-03,-0.11370770504641621,-0.27745901235129633,-0.389087047979314,-0.8137161751137699,-0.04384580846459124,0.6571976625436454,-0.04586165815177844,-0.15070636487942107,-0.9614587
2016-05-04,-0.11370770504641621,-0.27745901235129633,0.03214321221623489,0.35708045231092955,0.13334105483174172,0.7556150170252244,-0.015886484900961388,-0.12327687484907782,0.5364895
2016-05-05,-0.11370770504641621,-0.27745901235129633,0.15468292427312183,0.21339824165492152,0.08786832000347927,0.6852352242455344,0.0023472812958815043,-0.09746676817794032,-0.21175742
2016-05-06,-0.11370770504641621,-0.27745901235129633,-0.5958728120753107,-0.565473147792251,-1.362555118484202,0.956684586084862,0.03241409251591456,-0.0704429421020245,1.4260292
2016-05-09,-0.11370770504641621,-0.27745901235129633,-0.3967457799828694,0.439591028727251,1.312496109688754,0.8804782477240377,0.05016922091180957,-0.045058862908900064,-0.20922422
2016-05-10,-0.11370770504641621,-0.27745901235129633,0.04746067622334576,-0.6494063203536814,0.00789902771929361,1.0832925394483803,0.07469414738129161,-0.01955102900941316,1.056695
2016-05-11,-0.11370770504641621,-0.27745901235129633,0.4533734724117838,-1.1501601634320464,0.018875205091632815,0.771985968430562,0.07959167072990131,0.0018937698954545276,-0.81328154
2016-05-12,-0.11370770504641621,-0.27745901235129633,0.7520640205504457,1.8707227507068962,-0.0030771496530456,0.9048584817301161,0.08820484565204591,0.020876053794001457,0.6358743
2016-05-13,-0.11370770504641621,-0.27745901235129633,0.5376195244508936,-0.3428368510826939,-0.21946464642201857,0.7492289770778616,0.08609470677204659,0.035614420810611475,-0.39075613
2016-05-16,-0.11370770504641621,-0.27745901235129633,-0.45035690400775746,0.19988357827638611,-0.533069714203139,0.38184404491570306,0.06823366721198082,0.04361763737052207,-0.9515047
2016-05-17,-0.11370770504641621,-0.27745901235129633,0.07043687223401206,0.037707617733961134,0.7135104302268143,-0.010326011941898482,0.03625490532118704,0.04323903607093971,-1.11233
2016-05-18,-0.11370770504641621,-0.27745901235129633,-0.15166635586909552,0.041975406169288104,-0.0015091243141400039,0.06221578533943918,0.011408024246224632,0.03766731322601715,0.25564432
2016-05-19,-0.11370770504641621,-0.27745901235129633,0.07809560423756749,-0.4594897349816312,0.03769150915850004,-0.18867936844060387,-0.02011402837937669,0.02652560671748537,-0.71398616
2016-05-20,-0.11370770504641621,-0.27745901235129633,-0.13634889186198468,0.43461194221936955,-0.27748158396152584,-0.044242861018984704,-0.04131962122886653,0.013115543765234232,0.46229362
2016-05-23,-0.11370770504641621,-0.27745901235129633,-0.9022220922175281,-0.00852675698208106,0.29014358872230195,-0.45312832554844246,-0.07533061330749358,-0.004824620517886873,-1.1759698
2016-05-24,-0.11370770504641621,-0.27745901235129633,0.2848813683335642,-0.5441342056156161,-0.12851917676549368,0.010112144037630165,-0.08476090888163111,-0.021176469148609073,1.4917612
2016-05-25,-0.11370770504641621,-0.27745901235129633,-0.2512298719153162,-0.06614190085899521,-0.06893421388708085,0.05827281349789487,-0.09177309466255917,-0.03574489917100781,0.16143322
2016-05-26,-0.11370770504641621,-0.27745901235129633,-0.389087047979314,0.7148633828058407,0.08630029466457366,0.44024835110976657,-0.08151385579358345,-0.04522414653484403,1.3402343
2016-05-27,-0.11370770504641621,-0.27745901235129633,0.039801944219790324,-0.08819214110818455,0.08316424398676248,0.40910330870017864,-0.0762182993037635,-0.05168460874108867,-0.07533431
2016-05-30,-0.11370770504641621,-0.27745901235129633,-0.9634919482459715,-0.10099550641416544,0.3842251090566379,0.4091033087001798,-0.07388154073865888,-0.0563574631462503,0.0
2016-05-31,-0.11370770504641621,-0.27745901235129633,-0.794999844167752,0.22833550117856588,-0.36685902827914507,0.19178210206154764,-0.08016249449555879,-0.061427638251918396,-0.47746897
2016-06-01,-0.11370770504641621,-0.27745901235129633,-0.24357113991176074,0.1415571363269175,0.02985138246397203,0.18003834405656347,-0.08718078791516581,-0.06697202459396989,-0.025248528
2016-06-02,-0.11370770504641621,-0.27745901235129633,-0.15166635586909552,-0.23827603441718312,-0.06893421388708086,0.22754796127949542,-0.09271589340389214,-0.07258126630260545,0.12629032
2016-06-03,-0.11370770504641621,-0.27745901235129633,-0.2818647999295379,0.11666170378751015,-0.007781225669762405,0.0285536448049713,-0.10373911229598783,-0.07940616015305325,-0.3867805
2016-06-06,-0.11370770504641621,-0.27745901235129633,-0.5805553480681999,-0.00568156469186308,-0.026597529736629624,0.14236171810047427,-0.11035237723378397,-0.08626843421232613,0.2701044
2016-06-07,-0.11370770504641621,-0.27745901235129633,0.4380560084046729,-0.06827579507665867,0.02985138246397203,-0.3028015702863343,-0.12829220311916342,-0.09556243734579205,-0.8670747
2016-06-08,-0.11370770504641621,-0.27745901235129633,-0.35845211996509224,0.06971603099891344,-0.015621352364290412,-0.06203375387286041,-0.1366331531504994,-0.1047663586743788,0.53498745
2016-06-09,-0.11370770504641621,-0.27745901235129633,-0.5575791520575335,0.07327252136168592,0.08473226932566807,0.002687386933065023,-0.1424209303607278,-0.11335680802778321,0.14358759
2016-06-10,-0.11370770504641621,-0.27745901235129633,-0.22059494390109444,-0.06898709314921317,-0.02659752973662962,-0.7756064383659429,-0.16936318606221615,-0.12594233862198928,-1.6362965
2016-06-13,-0.11370770504641621,-0.27745901235129633,-0.84861096819264,-0.037689977956815376,-0.0015091243141399997,-1.537087649086983,-0.22060644366689436,-0.14687702100274294,-2.289492
2016-06-14,-0.11370770504641621,-0.27745901235129633,-0.389087047979314,-0.08676954496307554,-0.036005681770063226,-1.1390489064682097,-0.25002575594897697,-0.16986320391543916,0.8688092
2016-06-15,-0.11370770504641621,-0.27745901235129633,-0.212936211897539,0.03059463700841617,0.02985138246397203,-1.2304650633287983,-0.27664828588321516,-0.19389752272739863,-0.2958119
2016-06-16,-0.11370770504641621,-0.27745901235129633,0.07809560423756749,0.08678718474022133,-0.8780352887623712,-1.288589564229729,-0.29934561844959895,-0.2179380025720212,-0.18324256
2016-06-17,-0.11370770504641621,-0.27745901235129633,-0.22059494390109444,-0.31153973589029615,-0.17555993693266178,-1.6455351759439443,-0.3314750045930149,-0.24398350123580623,-1.19766
2016-06-20,-0.11370770504641621,-0.27745901235129633,-0.6494839361001987,0.3065782891595604,1.0474998274137073,-1.4860926033556827,-0.35169892007034587,-0.26910843082834707,0.3096819
2016-06-21,-0.11370770504641621,-0.27745901235129633,-0.48865056402553464,-0.5114144942781094,-0.03130160575334642,-1.0454885029436713,-0.35510145922515357,-0.28992989123877766,0.8908868
2016-06-22,-0.11370770504641621,-0.27745901235129633,0.598889380479337,0.6117251622854389,0.1286369788150249,-1.1858072387650493,-0.36157365114120527,-0.30795950366729125,-0.4109025
2016-06-23,-0.11370770504641621,-0.27745901235129633,-0.17464255187976183,-0.038401276029369866,-0.07050223922598646,-0.7023881447605033,-0.35232887950424063,-0.32042281720978316,1.0271192
2016-06-24,-0.11370770504641621,-0.27745901235129633,-0.18230128388331726,-0.033422189521488406,-0.0015091243141400004,-1.5137862280557648,-0.37676688273063863,-0.33557560630281114,-2.6068807
2016-06-27,-0.11370770504641621,-0.27745901235129633,-0.7643649161535303,-0.014928439635071521,-0.09402261930957048,-2.090835160880449,-0.4285265971712947,-0.35867361141582144,-2.7748048
2016-06-28,-0.11370770504641621,-0.27745901235129633,-0.44269817200420203,-0.07965656423753059,0.10354857339253529,-0.9283110976453466,-0.42582701288993907,-0.37657956206728466,3.4229517
2016-06-29,-0.11370770504641621,-0.27745901235129633,0.15468292427312183,0.08180809823233987,-0.015621352364290412,-0.5657390592872743,-0.40547251498440395,-0.386588101604174,1.2954831
2016-06-30,-0.11370770504641621,-0.27745901235129633,1.234564136774438,-0.05191593940790529,-0.05952606185364725,-0.5363236747884522,-0.3862646958202981,-0.3905218682765858,0.10510683
2016-07-01,-0.11370770504641621,-0.27745901235129633,0.09341306824467836,-0.00568156469186307,-0.2743455332837146,-0.5580620443155042,-0.37048508867160806,-0.3903227773865957,-0.07874966
2016-07-04,-0.11370770504641621,-0.27745901235129633,-0.971150680249527,-0.8293647327099688,0.3309122475338475,-0.558062044315503,-0.3565808626174425,-0.38721507958724943,0.0
2016-07-05,-0.11370770504641621,-0.27745901235129633,-1.0094443402673041,0.4780011246451938,0.004762977041482405,-0.610304882408987,-0.3463953910220592,-0.3825690672241863,-0.16639233
2016-07-06,-0.11370770504641621,-0.27745901235129633,-0.5728966160646444,0.3898001636484364,-0.007781225669762404,0.12443811779994683,-0.3074347023815169,-0.37059054816985487,2.3684144
2016-07-07,-0.11370770504641621,-0.27745901235129633,-0.2895235319330933,0.005699204469008846,0.004762977041482406,-0.12575061525713843,-0.2854416470362926,-0.35634405183584794,-0.7283628
2016-07-08,-0.11370770504641621,-0.27745901235129633,-0.22059494390109444,-0.8122935789686608,-0.6208791331818525,0.21151238363818778,-0.2523411756164414,-0.3379278189764054,1.1998296
2016-07-11,-0.11370770504641621,-0.27745901235129633,-0.8945633602139726,0.7895496804240628,-0.32609036946759945,0.3557934272121332,-0.21927962522348093,-0.31618405019540746,0.5373597
2016-07-12,-0.11370770504641621,-0.27745901235129633,-0.6724601321108651,-2.963258950373455,-1.3562830171285793,0.36993256893008797,-0.1928982743901584,-0.2931948053060882,0.050902367
2016-07-13,-0.11370770504641621,-0.27745901235129633,-0.4580156360113129,2.8601383696301994,2.2297909329485304,-0.01550134301954457,-0.18536748373001594,-0.2732064868457992,-0.97515583
2016-07-14,-0.11370770504641621,-0.27745901235129633,-0.4197219759935357,0.05122228111249655,0.06121188924208405,0.12171717724916399,-0.1744229518403919,-0.25489501736504766,0.43672323
2016-07-15,-0.11370770504641621,-0.27745901235129633,-0.33547592395442594,0.06473694449103197,-0.04541383380349683,-0.026338842901290745,-0.17127345512467593,-0.2395779833111593,-0.3666103
2016-07-18,-0.11370770504641621,-0.27745901235129633,-0.8869046282104173,-0.07610007387475813,0.040827559836311235,0.6072688794025854,-0.14191196006054377,-0.2210981793422049,2.1478653
2016-07-19,-0.11370770504641621,-0.27745901235129633,-0.5805553480681999,0.11097131920707418,0.04396361051412244,0.865246141142021,-0.10632512593115179,-0.19876806109082604,1.0387897
2016-07-20,-0.11370770504641621,-0.27745901235129633,-0.3737695839722031,-0.8464358864512767,-0.1316552274433049,1.1119509968011512,-0.06549612183581068,-0.172246076471434,1.0861397
2016-07-21,-0.11370770504641621,-0.27745901235129633,-0.09805523184420749,0.8428970358656499,1.8409206488999417,0.639719278150706,-0.04985862293473815,-0.1477125189489206,-1.074475
2016-07-22,-0.11370770504641621,-0.27745901235129633,-0.013809179805097717,-0.028443103013606936,-1.6934084649932837,0.7216231526260074,-0.035427601447184924,-0.12502553958553014,0.3233552
2016-07-25,-0.11370770504641621,-0.27745901235129633,-0.8639284321997509,-0.44882026389331375,-4.8812039789883706,0.8543456410500884,-0.019465018268074646,-0.10349105135284059,0.5206585
2016-07-26,-0.11370770504641621,-0.27745901235129633,-0.6341664720930879,0.1949044917685047,4.053404402095745,0.6951105448210043,-0.013929631901792108,-0.0850896685709229,-0.33708215
2016-07-27,-0.11370770504641621,-0.27745901235129633,-0.6111902760824216,0.5469970376829798,0.6664696700596462,1.1304054643285604,0.01121596167190114,-0.06503637782535363,1.7488837
2016-07-28,8.794478787447106,-0.27745901235129633,0.24658770831578705,3.8104325945630055,6.82880925195866,1.4119635738515963,0.04637692775829701,-0.04153777651112239,1.3458729
2016-07-29,-0.11370770504641621,-0.27745901235129633,-0.03678537581576402,-1.313047422047026,-4.312010780965638,1.006405641649381,0.05904996027215897,-0.0200515479690418,-0.8479953
2016-08-01,-0.11370770504641621,-0.27745901235129633,-0.9864681442566379,-2.397065684620076,-2.3739314620783145,1.075624808365018,0.06969716630004119,-0.0006047990978759051,0.2985239
2016-08-02,-0.11370770504641621,-0.27745901235129633,-0.4350394400006466,-0.2802426206978983,0.17410971364328734,0.6183447868654843,0.06113760231667483,0.013137523554883906,-0.9814203
2016-08-03,-0.11370770504641621,-0.27745901235129633,0.721429092536224,-0.12162315051824583,-0.15203955684907774,0.4119617599720223,0.04467103908521448,0.020639606734350682,-0.4711926
2016-08-04,-0.11370770504641621,-0.27745901235129633,0.38444488437978486,0.05975785798315051,-0.02659752973662962,0.8188657205722707,0.04893955324782957,0.0275464221293419,1.5100837
2016-08-05,-0.11370770504641621,-0.27745901235129633,0.42273854439756203,-0.1266022370261273,-0.043845808464591234,0.9746574939236071,0.057739421883162854,0.034937908077754515,0.6352544
2016-08-08,-0.11370770504641621,-0.27745901235129633,-0.8639284321997509,0.11523910764240114,0.014171129074916014,0.996610807383033,0.06250559833133777,0.04186177619079113,0.08789301
2016-08-09,-0.11370770504641621,-0.27745901235129633,-0.4963092960290901,-0.002836372401645099,0.012603103736010412,0.9130079761771291,0.060645546889811594,0.04700644223100674,-0.15966892
2016-08-10,-0.11370770504641621,-0.27745901235129633,-0.029126643812208586,0.05904655991059601,-0.009349251008668007,0.8343653248706558,0.05383551815234248,0.04967809184006863,-0.1439333
2016-08-11,-0.11370770504641621,-0.27745901235129633,-0.5039680280326455,-0.04338036253725134,-0.01405332702538481,0.8394408558317015,0.0454259530299871,0.05003214270790309,0.016021729
2016-08-12,-0.11370770504641621,-0.27745901235129633,-0.38142831597575855,-0.020618824215507484,0.017307179752727216,0.8294745871928298,0.03541861744775816,0.04819330345516226,-0.016015768
2016-08-15,-0.11370770504641621,-0.27745901235129633,-0.917539556224639,0.04908838689483307,0.009467053058199209,0.35159218642873125,0.013708810755071474,0.04211861453086006,-0.7847488
2016-08-16,-0.11370770504641621,-0.27745901235129633,-0.45035690400775746,-0.013505843489962536,-0.017189377703196014,0.08055215612938102,-0.012740354105585994,0.031650253396806764,-0.48425794
2016-08-17,-0.11370770504641621,-0.27745901235129633,-0.42738070799709116,-0.09317122761606601,-0.6726239693657374,0.43645006069507253,-0.024222787531530166,0.020840686442771594,0.86779594
2016-08-18,-0.11370770504641621,-0.27745901235129633,-0.6341664720930879,0.0754064155793494,0.19919811906577697,0.22436417683709722,-0.040686086726265856,0.00870195008376027,-0.3698647
2016-08-19,-0.11370770504641621,-0.27745901235129633,-0.6035315440788661,-0.0497820451902418,0.2775993860110571,0.06362886738753404,-0.05965369978980269,-0.005031167670366277,-0.2824664
2016-08-22,-0.11370770504641621,-0.27745901235129633,-0.8715871642033064,0.21979992430791198,2.676678154536627,0.27819544373755284,-0.07002206666839164,-0.0182162993886672,0.47750473
2016-08-23,-0.11370770504641621,-0.27745901235129633,-0.5269442240433118,-0.3200753127609501,-2.436652475634539,0.35752390819629504,-0.07760719862601735,-0.03037285051696829,0.17720461
2016-08-24,-0.11370770504641621,-0.27745901235129633,-0.6111902760824216,0.04766579074972408,-0.10343077134300409,-0.08217742684547312,-0.09514085936509441,-0.0438161469945734,-0.7156074
2016-08-25,-0.11370770504641621,-0.27745901235129633,-0.38142831597575855,0.06260305027336849,0.06121188924208405,0.08258693752707624,-0.10596257436268003,-0.056865555267315945,0.33203363
2016-08-26,-0.11370770504641621,-0.27745901235129633,1.80131030503754,0.016368675557326278,-0.012485301686479211,0.4783303354595351,-0.10413879605822944,-0.06691834524258812,0.8636713
2016-08-29,-0.11370770504641621,-0.27745901235129633,-0.6954363281215313,-0.09103733339840253,0.028283357125066425,0.9582924793956165,-0.08681576297541133,-0.0712871857566806,1.2644053
2016-08-30,-0.11370770504641621,-0.27745901235129633,0.20063531629445444,0.012812185194553797,-0.01248530168647921,0.6017100915148711,-0.08263870753971433,-0.07389650336291176,-0.5531907
2016-08-31,-0.11370770504641621,-0.27745901235129633,0.08575433624112293,0.04979968496738757,-0.010917276347573607,0.6880761929095691,-0.07802346206427352,-0.07500528337491502,0.22250414
2016-09-01,-0.11370770504641621,-0.27745901235129633,0.05511940822690119,0.009255694831781323,-0.014053327025384808,0.7041419161079179,-0.07564907174794945,-0.07538881211994493,0.03963709
2016-09-02,-0.11370770504641621,-0.27745901235129633,0.721429092536224,0.015657377484771782,-0.19124019032171774,0.8169236260840556,-0.07186547837477289,-0.07489331490207396,0.26948452
2016-09-05,-0.11370770504641621,-0.27745901235129633,-0.9634919482459715,0.039130213879070126,0.2964156900779243,0.8169236260840567,-0.07076291109397738,-0.07426311504353823,0.0
2016-09-06,-0.11370770504641621,-0.27745901235129633,-0.9864681442566379,-0.5711635323726869,-0.18026401294937855,1.6669169676684534,-0.03633703210397402,-0.06645886345272455,2.5452495
2016-09-07,-0.11370770504641621,-0.27745901235129633,-0.6494839361001987,0.5640681914242877,0.23055862584388903,1.9041291890107703,0.0028950746063835775,-0.0518961981517156,1.017499
2016-09-08,-0.11370770504641621,-0.27745901235129633,-0.6954363281215313,0.4659090574117674,0.19919811906577695,1.473857606900826,0.02233463968626684,-0.03612385866647057,-0.5951941
2016-09-09,-0.11370770504641621,-0.27745901235129633,-0.389087047979314,-0.41681185062836146,-0.5471819422532893,0.11464384136190825,-0.0002565633143358701,-0.028296506839749092,-2.4334133
2016-09-12,-0.11370770504641621,-0.27745901235129633,-0.8639284321997509,-0.09317122761606601,0.2133103471159274,0.513347194568431,-0.003135829027386762,-0.022645180703669936,1.2509823
2016-09-13,-0.11370770504641621,-0.27745901235129633,-0.02146791180865315,-0.13584911196933572,-0.07363828990379767,0.0168032081777021,-0.024324418403591376,-0.022617211912201608,-1.1500537
2016-09-14,-0.11370770504641621,-0.27745901235129633,-0.40440451198642485,0.08536458859511234,0.06905201593661206,0.1617305859392379,-0.03716578528524114,-0.02531788008346572,0.44021606
2016-09-15,-0.11370770504641621,-0.27745901235129633,-0.27420606792598246,0.009255694831781328,0.03455545848068883,0.31073130392646126,-0.04310076115105083,-0.028736940745370726,0.45394897
2016-09-16,-0.11370770504641621,-0.27745901235129633,-0.6571426681037542,0.019925165920098752,-0.03130160575334642,0.4917185785228696,-0.04201645865771969,-0.031242260283438173,0.56096315
2016-09-19,-0.11370770504641621,-0.27745901235129633,-0.8562697001961955,0.056201367620378036,-1.1038309375647777,0.3320953680437831,-0.04799139304224313,-0.03451351534025334,-0.32541752
2016-09-20,-0.11370770504641621,-0.27745901235129633,-0.3507933879615368,0.0021427141062363713,1.1023807142754034,0.32815025231467015,-0.054916124653834844,-0.03859892563336538,-0.007766485
2016-09-21,-0.11370770504641621,-0.27745901235129633,-0.4809918320219792,-0.03840127602936987,-0.05482198583693045,0.68076673416343,-0.04809036033165097,-0.040419833875581124,1.0105729
2016-09-22,-0.11370770504641621,-0.27745901235129633,-0.6111902760824216,0.06331434834592298,0.07689214263114008,0.7170546825720606,-0.04333417148382081,-0.040867999010088925,0.107741356
2016-09-23,-0.11370770504641621,-0.27745901235129633,0.04746067622334576,-0.19559815006391335,0.003194951702576804,-0.1253653482035893,-0.06512562942703733,-0.045847462986862805,-1.6297698
2016-09-26,-0.11370770504641621,-0.27745901235129633,-0.9634919482459715,-0.05547242977067777,-0.010917276347573609,-0.34708667714222796,-0.09129072289096546,-0.05537940612954632,-0.5079746
2016-09-27,-0.11370770504641621,-0.27745901235129633,-0.4809918320219792,0.143691030544581,-0.0015091243141399993,0.07831002273702083,-0.09824370936174605,-0.06447935840323922,1.0839701
2016-09-28,-0.11370770504641621,-0.27745901235129633,0.17765912028378814,-0.036267381811706384,0.04396361051412244,0.2323564688057626,-0.09930968925252794,-0.07198536386103781,0.41960478
2016-09-29,-0.11370770504641621,-0.27745901235129633,-0.1899600158868727,0.09887925197364775,-0.04070975778678003,-0.17984524939027363,-0.11423987344468539,-0.08115615024306737,-0.88214874
2016-09-30,-0.11370770504641621,-0.27745901235129633,-0.33547592395442594,-0.002125074329090604,0.004762977041482405,-0.1224884984998681,-0.12533513748265596,-0.09084555718133934,0.14053583
2016-10-03,-0.11370770504641621,-0.27745901235129633,-0.5805553480681999,-0.008526756982081064,-0.1112708980375321,0.03955505055445187,-0.12977789967703718,-0.09953918130400496,0.38980246
2016-10-04,-0.11370770504641621,-0.27745901235129633,0.9971434446642196,-0.015639737707626014,0.09727647203691289,-0.18608157266397224,-0.14084338423058945,-0.1088405436223967,-0.45041442
2016-10-05,-0.11370770504641621,-0.27745901235129633,-0.44269817200420203,0.0028540121787908657,-0.009349251008668007,-0.08695742009310505,-0.1475073858499297,-0.11769475129323949,0.21842718
2016-10-06,-0.11370770504641621,-0.27745901235129633,-0.6035315440788661,-0.03271089144893391,0.0016269263636712037,0.010868560777257764,-0.15075670383149767,-0.12546714324237715,0.21016598
2016-10-07,-0.11370770504641621,-0.27745901235129633,0.7826989485646675,0.05406747340271453,0.01887520509163282,0.10359281202863528,-0.15151398523390114,-0.1318456401722636,0.19419193
2016-10-10,-0.11370770504641621,-0.27745901235129633,-0.8562697001961955,0.14867011705246244,2.5684844061521406,0.5335145641963356,-0.13930496738681206,-0.13435948566863837,0.96906424
2016-10-11,-0.11370770504641621,-0.27745901235129633,-0.15166635586909552,-0.1586106502910796,-2.562094502746987,-0.07748118438819629,-0.1457995308180901,-0.13774775010033985,-1.0442257
2016-10-12,-0.11370770504641621,-0.27745901235129633,-0.059761571826430326,-0.02275271843317097,-0.006213200330856803,-0.0159192652393209,-0.15003635935114304,-0.1413567914819974,0.13190508
2016-10-13,-0.11370770504641621,-0.27745901235129633,-0.2895235319330933,0.016368675557326275,-0.003077149653045602,-0.5158039166360584,-0.16786306527801764,-0.1480242211099438,-0.95312
2016-10-14,-0.11370770504641621,-0.27745901235129633,-0.34313465595798137,0.012100887121999306,-0.449964371241142,-0.49098949053249114,-0.18193737463767584,-0.1563426564799093,0.04694462
2016-10-17,-0.11370770504641621,-0.27745901235129633,-0.9251982882281944,0.07184992521657692,0.4657624266797292,-0.6286804043718472,-0.19731346874734476,-0.166257943078543,-0.26587248
2016-10-18,-0.11370770504641621,-0.27745901235129633,-0.6724601321108651,0.040552810024179126,-0.1269511514265881,-0.18795973775796568,-0.19845718656924563,-0.1744327005144153,0.80759525
2016-10-19,-0.11370770504641621,-0.27745901235129633,-0.4580156360113129,-0.1130875736475919,0.11452475076487449,0.3619415380896337,-0.18282455866810177,-0.17765756954354273,1.1977911
2016-10-20,-0.11370770504641621,-0.27745901235129633,-0.12869015985842924,-0.10170680448671995,-0.11440694871534328,0.3102737746923846,-0.17238452673011775,-0.1780236305010022,-0.08454323
2016-10-21,-0.11370770504641621,-0.27745901235129633,-0.565237884061089,0.07256122328913142,0.13490908017064732,0.9209702428489813,-0.14214035432755281,-0.1719031286561118,1.5923142
2016-10-24,-0.11370770504641621,-0.27745901235129633,-0.9022220922175281,0.02703814664564371,-0.015621352364290412,1.2059373720177395,-0.10619001007963585,-0.1593833688956998,0.9161711
2016-10-25,-0.11370770504641621,-0.27745901235129633,-0.618849008085977,-0.04053517024703336,0.01887520509163282,0.741911937062295,-0.09038930535671043,-0.1460169830673161,-0.74279904
2016-10-26,-0.11370770504641621,-0.27745901235129633,-0.7796823801606412,0.03628502158885215,0.10354857339253529,0.2194947948881517,-0.0934170759548459,-0.13596592055342172,-0.94489455
2016-10-27,-0.11370770504641621,-0.27745901235129633,-0.7030950601250868,-0.19702074620902232,-0.1191110247320601,-0.27127503159418176,-0.11226213110022429,-0.1319212105034054,-1.0302126
2016-10-28,-0.11370770504641621,-0.27745901235129633,-0.4580156360113129,0.12092949222283712,-0.006213200330856805,0.2001089845488656,-0.11082018287636466,-0.1283796738214463,1.2337089
2016-10-31,-0.11370770504641621,-0.27745901235129633,-0.8715871642033064,0.1223520883679461,-0.01405332702538481,0.09138814374078146,-0.11440970930944351,-0.12630761232123638,-0.2284944
2016-11-01,-0.11370770504641621,-0.27745901235129633,-0.5728966160646444,0.1515153093426804,0.05650781322536725,-0.41454351281596935,-0.1349965287637193,-0.12901544845706342,-1.137495
2016-11-02,-0.11370770504641621,-0.27745901235129633,-0.1440076238655401,-0.08819214110818456,0.01730717975272722,-1.0550862341021947,-0.17791034648131476,-0.14028169720349526,-1.7992318
2016-11-03,-0.11370770504641621,-0.27745901235129633,0.22361151230512075,2.1516854893659216,3.485779229411918,-2.2371560027938253,-0.29109246461415167,-0.17329524072881122,-5.6381226
2016-11-04,-0.11370770504641621,3.604135946155105,-0.389087047979314,-5.971338499206416,-4.479789492228537,-2.015216959600544,-0.37087750001263653,-0.21662468713146588,0.6250024
2016-11-07,-0.11370770504641621,-0.27745901235129633,-1.0553967322886368,3.6432775475126986,0.882857166828619,-1.6152343488876244,-0.416434122957727,-0.26094863739328555,1.1594176
2016-11-08,-0.11370770504641621,-0.27745901235129633,-0.11337269585131836,-0.057606323988341236,-0.02973358041444082,-1.0811311303547726,-0.4272810250734726,-0.29870790968330974,1.6946316
2016-11-09,-0.11370770504641621,-0.27745901235129633,-0.47333310001842377,0.054067473402714526,0.03298743314178323,-1.256579744261865,-0.4450361162725119,-0.33268033796003676,-0.8372247
2016-11-10,-0.11370770504641621,-0.27745901235129633,-0.5805553480681999,0.07469511750679492,0.18351786567672096,-1.6212141626993393,-0.48274825143273997,-0.36785523093097044,-1.9321322
2016-11-11,-0.11370770504641621,-0.27745901235129633,-0.11337269585131836,-0.09317122761606601,-0.15360758218798332,-1.8606636625130062,-0.5290634032814854,-0.4058163863536764,-1.4735162
2016-11-14,-0.11370770504641621,3.604135946155105,-0.8256347721819738,-0.7838416560664812,0.001626926363671202,-2.298445683183981,-0.6053620761262632,-0.4523646305814212,-3.3103645
2016-11-15,-0.11370770504641621,-0.27745901235129633,0.4380560084046729,0.5107208359827006,-0.007781225669762405,-1.7711378767240331,-0.6375914046783443,-0.49643753378350963,1.8421888
2016-11-16,-0.11370770504641621,-0.27745901235129633,0.6448417725006697,0.2703020874592812,-0.018757403042101616,-1.8719071999994537,-0.6677214149607748,-0.5380849985996926,-0.7337868
2016-11-17,-0.11370770504641621,-0.27745901235129633,0.2848813683335642,-0.13442651582422677,-0.0062132003308568,-1.52055378347406,-0.6704413586885135,-0.5719797411619051,1.246345
2016-11-18,-0.11370770504641621,-0.27745901235129633,-0.09039649984065207,0.09105497317554832,0.034555458480688826,-1.623921436108929,-0.6760868681977416,-0.600292679288811,-0.653708
2016-11-21,-0.11370770504641621,-0.27745901235129633,-0.5269442240433118,-0.10099550641416546,0.4641944013408236,-0.620686348107602,-0.6232116304549001,-0.6117307065115362,4.059136
2016-11-22,-0.11370770504641621,-0.27745901235129633,0.08575433624112293,0.12804247294838209,-0.7306409069052447,-0.6694710668040256,-0.580665311964793,-0.611859077560527,-0.24636388
2016-11-23,-0.11370770504641621,-0.27745901235129633,0.20063531629445444,0.041264108096733615,0.26035110728309546,-0.7754286964964124,-0.5503279049092317,-0.6055286531530253,-0.5186498
2016-11-24,-0.11370770504641621,-0.27745901235129633,-0.33547592395442594,-0.04764815097257832,0.020443230430538417,-0.7754286964964124,-0.522968504384009,-0.5946626859370474,0.0
2016-11-25,-0.11370770504641621,-0.27745901235129633,-0.9405157522353053,0.21482083780003053,-0.021893453719912817,-0.8607107637670487,-0.5033165660745172,-0.581802670657897,-0.38066506
2016-11-28,-0.11370770504641621,-0.27745901235129633,-0.8026585761713074,-0.1237570447359093,-0.1159749740542489,-0.8533257145105921,-0.48453451800217046,-0.5675318792771701,0.024926662
2016-11-29,-0.11370770504641621,-0.27745901235129633,-0.6801188641144205,-0.05547242977067776,-0.3182502427730714,-0.7347063785717965,-0.46191576542064433,-0.5513188844552062,0.38203
2016-11-30,-0.11370770504641621,-0.27745901235129633,-0.5269442240433118,0.05904655991059601,0.41558561583474996,-1.2210359256556513,-0.4685739929437488,-0.5397603820025579,-2.0269752
2016-12-01,-0.11370770504641621,-0.27745901235129633,-0.5269442240433118,-0.0177736319252895,0.19763009372687138,-1.7422285117236462,-0.5076687052407927,-0.5388037092479523,-2.803582
2016-12-02,-0.11370770504641621,-0.27745901235129633,-0.34313465595798137,-0.0063928627644175805,-0.14890350617126655,-1.6589162107784445,-0.5318922125364685,-0.5431750249174175,0.2606511
2016-12-05,-0.11370770504641621,-0.27745901235129633,-1.063055464292192,-0.16430103487151557,-0.03914173244787443,-1.1202856563888723,-0.5251495379461326,-0.54524227684125,1.7591
2016-12-06,-0.11370770504641621,-0.27745901235129633,-0.5192854920397564,0.20059487634894063,-0.006213200330856803,-1.1416643006342932,-0.5178837530732989,-0.5453553509557958,-0.10219216
2016-12-07,-0.11370770504641621,-0.27745901235129633,-0.48865056402553464,0.03201723315352517,0.09100437068129047,-0.9707496226734648,-0.5019267150851551,-0.5420620813767405,0.5455613
2016-12-08,-0.11370770504641621,-0.27745901235129633,-0.6265077400895325,-0.03484478566659739,0.0031949517025768124,-0.7184392161612548,-0.4758205889964343,-0.5338915979281362,0.81391335
2016-12-09,-0.11370770504641621,-0.27745901235129633,-0.6648014001073096,-0.4203683409911339,-0.3182502427730714,-0.5211577095475084,-0.4441514563279853,-0.5206396942544202,0.64754486
2016-12-12,-0.11370770504641621,-0.27745901235129633,-1.0094443402673041,0.37984199063267343,0.21174232177702176,-0.9419355342606591,-0.43797856532275,-0.5087291947042762,-1.5959263
2016-12-13,-0.11370770504641621,-0.27745901235129633,-0.4809918320219792,-0.12020055437313686,0.03455545848068883,-0.325553557849085,-0.4028787664068788,-0.4917577969942585,2.1567464
2016-12-14,-0.11370770504641621,-0.27745901235129633,-0.4120632439899803,0.1508040112701259,0.034555458480688826,-0.3487174849348103,-0.37456893475230113,-0.47217750989444124,-0.08311868
2016-12-15,-0.11370770504641621,-0.27745901235129633,-0.5039680280326455,-0.057606323988341236,-0.015621352364290412,-0.2624786135803514,-0.34683914072648137,-0.4506331096783498,0.29947758
2016-12-16,-0.11370770504641621,-0.27745901235129633,0.5835719164722262,-0.17994959246771444,-0.007781225669762405,-0.44152664814689274,-0.3315454107314406,-0.43015451671444616,-0.5805731
2016-12-19,-0.11370770504641621,-0.27745901235129633,-0.8409522361890847,0.29662011614379746,-0.042277783125685635,-0.6012787486131177,-0.32539888601511235,-0.4124682567680984,-0.5255759
2016-12-20,-0.11370770504641621,-0.27745901235129633,0.07043687223401206,-0.33572387035714896,-2.212424852171038,-0.6402455113972527,-0.32120639416973323,-0.3974302206776104,-0.1257956
2016-12-21,-0.11370770504641621,-0.27745901235129633,0.30019883234067507,-0.6060171379278573,-6.225001694430471,-0.6540474320686366,-0.31749226153152577,-0.3846122009097906,-0.04197955
2016-12-22,-0.11370770504641621,-0.27745901235129633,-0.1899600158868727,0.6892566521938789,8.299617019852112,-1.085684155460637,-0.3316933757272824,-0.37736916603828113,-1.3776898
2016-12-23,-0.11370770504641621,-0.27745901235129633,-0.7260712561357531,0.2439840587747648,0.1458852575429865,-1.1181165550292258,-0.34315105148571207,-0.3740043662640141,-0.11073947
2016-12-26,-0.11370770504641621,-0.27745901235129633,-1.0400792682815259,-0.7390298774955478,0.006331002380388006,-1.1181165550292254,-0.3508980759962214,-0.37295530190942344,0.0
2016-12-27,-0.11370770504641621,-0.27745901235129633,-0.9481744842388606,0.663649921581917,0.03769150915850004,-0.8317021130231937,-0.3475057147133685,-0.37139669193195424,0.63102245
2016-12-28,-0.11370770504641621,-0.27745901235129633,-0.6801188641144205,-0.8279421365648597,0.1239329027983081,-1.14586133707932,-0.355564118953459,-0.37185860824681394,-0.92365146
2016-12-29,-0.11370770504641621,-0.27745901235129633,-0.45035690400775746,0.7027713155724143,-0.05325396049802483,-1.3003499319743033,-0.36677941742422554,-0.3746063727259351,-0.48751235
2016-12-30,-0.11370770504641621,-0.27745901235129633,-0.7873411121641966,0.1678751650114338,-0.1363593034600217,-1.6259277218239694,-0.38837400538015115,-0.3813837694168602,-1.1173129
2017-01-02,-0.11370770504641621,-0.27745901235129633,-1.0553967322886368,1.1821862164741443,0.1176608014426857,-1.6259277218239694,-0.40354769381867683,-0.3900233044554435,0.0
2017-01-03,-0.11370770504641621,-0.27745901235129633,-0.9634919482459715,-0.012794545417408007,-0.8153142752061471,-0.8697045310008082,-0.3935984137483669,-0.39482516335236917,1.5732288
2017-01-04,-0.11370770504641621,-0.27745901235129633,-0.5192854920397564,-0.3350125722845945,0.6962621514988525,-0.2553678461070517,-0.36385945061056113,-0.39236043071730864,1.5659809
2017-01-05,-0.11370770504641621,-0.27745901235129633,-0.6801188641144205,-0.3435481491552484,-0.09559064464847608,0.28275290172741796,-0.3173035020518087,-0.38051634203294565,1.6682029
2017-01-06,-0.11370770504641621,-0.27745901235129633,-0.4580156360113129,-1.4389471808891712,0.1207968521204969,0.8621880425203868,-0.2497387703482623,-0.356713804742183,2.2706628
2017-01-09,-0.11370770504641621,-0.27745901235129633,-1.0017856082637486,2.9725234650938095,0.017307179752727213,1.120097098714517,-0.18024055282880447,-0.32293450817767994,1.2073517
2017-01-10,-0.11370770504641621,-0.27745901235129633,-0.4809918320219792,-0.73618468520533,0.02985138246397203,0.9279049154401238,-0.13246996808472813,-0.28578120178065897,-0.44035316
2017-01-11,-0.11370770504641621,-0.27745901235129633,-0.6265077400895325,0.0846532905225578,-0.4781888273414428,1.2234347727786867,-0.0770651159612376,-0.24430982247778976,1.3992786
2017-01-12,-0.11370770504641621,-0.27745901235129633,0.42273854439756203,-0.8841346842966649,0.47517057871316287,1.307444180406369,-0.029626427307008395,-0.20107322926638116,0.42034388
2017-01-13,-0.11370770504641621,-0.27745901235129633,-0.3507933879615368,0.8507213146637495,0.029851382463972027,1.56203837513402,0.024126071480739593,-0.15508560607170851,1.3583899
2017-01-16,-0.11370770504641621,-0.27745901235129633,-0.44269817200420203,-1.980245014103142,-0.05011790982021364,1.56203837513402,0.06328414528457034,-0.10999194234622155,0.0
2017-01-17,-0.11370770504641621,-0.27745901235129633,-0.48865056402553464,-0.11593276593780984,-0.012485301686479208,1.369036666858437,0.08538945714509853,-0.06922952600710215,-0.36621094
2017-01-18,-0.11370770504641621,-0.27745901235129633,0.08575433624112293,1.236244869988286,0.10668462407034648,1.377731011290599,0.09960474609121824,-0.033605206202632645,0.039100647
2017-01-19,-0.11370770504641621,-0.27745901235129633,-0.05210283982287489,-0.061162814351113745,-0.20692044371077378,1.2122382801789906,0.10285443597475902,-0.004416645683872156,-0.2892375
2017-01-20,-0.11370770504641621,-0.27745901235129633,0.10873053225178923,-1.162963528738027,-0.2508251532001306,0.9829881637991428,0.09593482587832156,0.017466882513270984,-0.39984584
2017-01-23,-0.11370770504641621,-0.27745901235129633,-1.0400792682815259,1.38561746522473,0.3371843488894699,1.3664803415007831,0.10753897563932306,0.03743439336384468,1.4877081
2017-01-24,-0.11370770504641621,-0.27745901235129633,-0.8945633602139726,0.8279597763420056,0.08943634534238488,1.4466459485263548,0.11756653846809416,0.055534771228333994,0.34127235
2017-01-25,-0.11370770504641621,-0.27745901235129633,-0.6035315440788661,-0.8997832418928638,-0.04070975778678003,1.7880961654431216,0.14462312033006675,0.07575248777291035,1.6309857
2017-01-26,-0.11370770504641621,-0.27745901235129633,0.6907941645220023,-0.14153949654977172,-0.020325428381007215,1.964235547324852,0.1757993545817838,0.0985376576105331,0.9887457
2017-01-27,-0.11370770504641621,-0.27745901235129633,-0.02146791180865315,-0.0071041608369720784,0.018875205091632815,1.6899207659288187,0.18893787000718257,0.11955184775937566,-0.4518807
2017-01-30,-0.11370770504641621,-0.27745901235129633,-0.7184125241321977,-1.276059922274192,-0.03130160575334642,1.1712634426404382,0.18119152215635265,0.1347205679009642,-0.90785027
2017-01-31,-0.11370770504641621,-0.27745901235129633,-0.4350394400006466,2.5002215449176246,-0.2821856599782426,0.9029461453696441,0.16311351858572756,0.14302205921261657,-0.50388575
2017-02-01,-0.11370770504641621,-0.27745901235129633,-0.24357113991176074,-1.3628382871258402,0.3262081715171307,1.427240044942803,0.1764350803937199,0.15248812197309064,2.232957
2017-02-02,-0.11370770504641621,-0.27745901235129633,0.951191052642887,2.2349073638547976,2.7974161056323585,0.5987770981672544,0.15587846612736772,0.15570189192933184,-1.7938912
2017-02-03,-0.11370770504641621,-0.27745901235129633,0.04746067622334576,-1.3948467003907927,-2.1371596359035694,0.6263888519682613,0.13685646142057326,0.1542392453466362,0.10700226
2017-02-06,-0.11370770504641621,-0.27745901235129633,-0.6494839361001987,-1.2746373261290829,-0.6757600200435486,0.8384480289584751,0.1295982788229043,0.151530012736972,0.82455873
2017-02-07,-0.11370770504641621,-0.27745901235129633,-0.03678537581576402,-0.7383185794229934,-0.015621352364290412,0.7602565600091208,0.1173328616474396,0.14676171498640328,-0.16658902
2017-02-08,-0.11370770504641621,-0.27745901235129633,-0.212936211897539,0.6586708350740358,0.02201125576944402,1.194259037583709,0.12967765023030514,0.14556481934954113,1.7900467
2017-02-09,-0.11370770504641621,-0.27745901235129633,-0.006150447801542284,0.11239391535218315,-0.3386345721788443,1.1717842014984803,0.1345308602151879,0.145636437868343,-0.044709444
2017-02-10,-0.11370770504641621,-0.27745901235129633,-0.1899600158868727,0.1678751650114338,0.11922882678159132,1.1809178090061854,0.1346693078277582,0.14572309083770368,0.037276745
2017-02-13,-0.11370770504641621,-0.27745901235129633,-0.9328570202317499,-0.1422507946223262,0.222718499149361,1.1210628758135428,0.1290215550509628,0.14459479344569068,-0.10433197
2017-02-14,-0.11370770504641621,-0.27745901235129633,-0.6648014001073096,0.136578049819036,-0.01718937770319601,1.0313923232809272,0.11824453630530546,0.14140686239078648,-0.14919639
2017-02-15,-0.11370770504641621,-0.27745901235129633,-0.32015845994731507,-0.044091660609805836,0.0016269263636712024,0.8431691217507549,0.10126064179523046,0.1352550412432266,-0.30631423
2017-02-16,-0.11370770504641621,-0.27745901235129633,-0.6571426681037542,-0.1422507946223262,0.006331002380388007,0.9437949261732974,0.08852141492248146,0.12763220015904184,0.29975176
2017-02-17,-0.11370770504641621,-0.27745901235129633,0.598889380479337,0.1372893478915905,-0.007781225669762405,0.7912998897120421,0.07143948011539165,0.11791166130367198,-0.23161769
2017-02-20,-0.11370770504641621,-0.27745901235129633,-0.8792458962068618,0.035573723516297645,0.0016269263636712024,0.7912998897120433,0.05456130641745835,0.1065561722721126,0.0
2017-02-21,-0.11370770504641621,-0.27745901235129633,-0.4197219759935357,-0.028443103013606936,-0.18026401294937855,0.8492199706640845,0.04012628159024932,0.09441079878353562,0.14228821
2017-02-22,-0.11370770504641621,-0.27745901235129633,-0.09039649984065207,-0.03057699723127042,0.10041252271472409,1.4602602061287793,0.05209104750096265,0.08723165782066397,1.7947912
2017-02-23,-0.11370770504641621,-0.27745901235129633,-0.389087047979314,0.014234781339662791,0.2352627018606058,1.0618251516662804,0.049826988140805176,0.08100824573446501,-0.5583286
2017-02-24,-0.11370770504641621,-0.27745901235129633,-0.565237884061089,-0.04338036253725134,-0.15203955684907774,1.0821126681594968,0.04568470916637449,0.07515113569399479,0.059103966
2017-02-27,-0.11370770504641621,-0.27745901235129633,-0.971150680249527,0.02988333893586169,-0.004645174991951203,1.3216948146675827,0.049912967775900687,0.0713620602247043,0.71618557
2017-02-28,-0.11370770504641621,-0.27745901235129633,-0.6494839361001987,-0.13656041004189023,0.0031949517025768046,0.8584001017779221,0.04040146320035477,0.06631386207799465,-0.63779354
2017-03-01,-0.11370770504641621,-0.27745901235129633,-0.5346029560468673,0.1714316553742063,-0.0030771496530456015,1.311918188594791,0.05049801521899359,0.06441630207083265,1.3870478
2017-03-02,-0.11370770504641621,-0.27745901235129633,0.598889380479337,-0.004970266619308585,-0.06736618854817526,0.9874162076382368,0.04788876564226193,0.06234495632086077,-0.4802823
2017-03-03,-0.11370770504641621,-0.27745901235129633,-0.44269817200420203,0.34427708700494863,0.11138870008706331,1.087244986636962,0.04713027477461139,0.06052703988024795,0.29979944
2017-03-06,-0.11370770504641621,-0.27745901235129633,-0.9022220922175281,-0.40471978339493503,-0.054821985836930445,1.1489889172476113,0.046069263178207295,0.058847716627868245,0.18225908
2017-03-07,-0.11370770504641621,-0.27745901235129633,-0.4120632439899803,-0.8101596847509974,-0.1159749740542489,1.0823065500117344,0.04071165424517742,0.056368163969032326,-0.087320805
2017-03-08,-0.11370770504641621,-0.27745901235129633,-0.06742030382998576,0.017791271702435184,-0.3856753323460123,1.1963714198917246,0.03799156149470366,0.05380771953206267,0.30590296
2017-03-09,-0.11370770504641621,-0.27745901235129633,-0.22059494390109444,0.7795915074082999,0.5033950348134637,1.3342173466248035,0.03846947423246678,0.05186070654553919,0.3775835
2017-03-10,-0.11370770504641621,-0.27745901235129633,0.09341306824467836,0.029172040863307203,0.014171129074916014,1.4742922404931458,0.04177769582454133,0.05100461262322778,0.39784908
2017-03-13,-0.11370770504641621,-0.27745901235129633,-0.8792458962068618,0.07184992521657692,0.007899027719293608,1.6661953375445668,0.05012668709758356,0.05209016147213228,0.58362484
2017-03-14,-0.11370770504641621,-0.27745901235129633,-0.3661108519686477,-0.2517906977957185,0.026715331786160826,1.4794630424784183,0.050334602578077314,0.05300268953660099,-0.20056963
2017-03-15,-0.11370770504641621,-0.27745901235129633,-0.4963092960290901,-0.05831762206089573,-2.717329011298642,1.5811031729622254,0.05164509623033058,0.054010605367215546,0.28710365
2017-03-16,-0.11370770504641621,-0.27745901235129633,-0.5728966160646444,0.26247780866118164,2.704902610636928,1.6495104522877557,0.052373947568906086,0.054971492737825756,0.19325018
2017-03-17,-0.11370770504641621,-0.27745901235129633,-0.40440451198642485,-0.002125074329090603,-0.03914173244787443,1.5362502775816917,0.04801649869288605,0.05481619495974994,-0.10715723
2017-03-20,-0.11370770504641621,-0.27745901235129633,-0.917539556224639,0.014946079412217289,0.015739154413821614,1.5653074505915106,0.04247526802030174,0.05351692524210088,0.07151365
2017-03-21,-0.11370770504641621,-0.27745901235129633,-0.5346029560468673,-0.059028920133450236,0.03141940780287762,0.5494835223213135,0.01923153119829682,0.047548618316263926,-1.021874
2017-03-22,-0.11370770504641621,-0.27745901235129633,-0.5269442240433118,0.216954732017694,0.026715331786160833,0.9343323540943758,0.010006289424561181,0.04081773773046276,0.7797241
2017-03-23,-0.11370770504641621,-0.27745901235129633,-0.45035690400775746,-0.332878678066931,5.890102476560169e-05,0.8955966580355618,-0.0006764314875315176,0.033167736206400185,-0.04298091
2017-03-24,-0.11370770504641621,-0.27745901235129633,-0.6954363281215313,0.22122252045302096,-0.034437656431157634,1.1645355920922644,-0.0028051971358543154,0.02659632503321514,0.5805135
2017-03-27,-0.11370770504641621,-0.27745901235129633,-0.7337299881393086,-0.019907526142952988,-0.015621352364290412,1.1504284150948803,-0.00734181438185425,0.02037719532973973,-0.01424551
2017-03-28,-0.11370770504641621,-0.27745901235129633,-0.18230128388331726,-0.012083247344853542,-0.010917276347573607,1.5732667681712014,0.0023541394579004774,0.01745794225511669,1.0262132
2017-03-29,-0.11370770504641621,-0.27745901235129633,0.0015082842020131505,-0.0789452661649761,0.01573915441382161,1.7864358158646425,0.017037519465162316,0.018236186381133578,0.6278157
2017-03-30,-0.11370770504641621,-0.27745901235129633,-0.5499204200539781,0.17854463609975124,-0.03286963109225202,1.613575354095468,0.023025656935699926,0.020128580854938065,-0.16824007
2017-03-31,-0.11370770504641621,-0.27745901235129633,-0.33547592395442594,-0.2589036785212635,-0.03286963109225203,1.3534620712016825,0.020812149717703225,0.021173116823267852,-0.25278926
2017-04-03,-0.11370770504641621,-0.27745901235129633,-1.1702777123419683,0.909047756613218,0.06277991458098965,1.4219572238323486,0.018691107041085463,0.021558973319005366,0.16191006
2017-04-04,-0.11370770504641621,-0.27745901235129633,-1.1702777123419683,-0.49220944631913793,0.004762977041482404,1.0175889259766138,0.008082708328177495,0.01961812166399736,-0.38656592
2017-04-05,-0.11370770504641621,-0.27745901235129633,-1.1702777123419683,-1.0399089621860995,-0.1661517848992281,1.060892819679154,-0.0016809215770233834,0.01599503877689842,0.08467436
2017-04-06,-0.11370770504641621,-0.27745901235129633,-1.1702777123419683,1.20210256250567,-1.444092436107293,0.5717383462962109,-0.019475714956893094,0.00932314307811818,-0.47938228
2017-04-07,-0.11370770504641621,-0.27745901235129633,-1.1702777123419683,-0.04124646831958785,1.5759243666248952,0.3101966093805614,-0.04016842173569049,-0.00040231248263081427,-0.27626157
2017-04-10,-0.11370770504641621,-0.27745901235129633,-1.1702777123419683,-0.13442651582422674,-0.021893453719912817,0.43316986577986333,-0.055742007215347424,-0.011485093761149144,0.18467903
2017-04-11,-0.11370770504641621,-0.27745901235129633,-1.1702777123419683,0.445281413307687,0.5865003777754605,-0.26853771484722805,-0.08231506420537384,-0.025986200407138768,-0.7940948
2017-04-12,-0.11370770504641621,-0.27745901235129633,-1.1702777123419683,-0.29375728407643376,-0.4860289540359708,-0.45677548703457255,-0.10861870008167308,-0.04316483594204331,-0.24299622
2017-04-13,-0.11370770504641621,-0.27745901235129633,-1.1702777123419683,1.2746549659062287,0.48614675608550206,-0.5622547872959337,-0.13276096063734227,-0.062027169673502816,-0.13612509
2017-04-14,-0.11370770504641621,-0.27745901235129633,-1.1702777123419683,-1.0043440585583747,-1.6197112740647206,-0.5622547872959337,-0.15284365803285457,-0.0813756216810948,0.0
2017-04-17,-0.11370770504641621,-0.27745901235129633,-1.1702777123419683,0.06971603099891337,1.049067852752613,0.49120930540429314,-0.14717640080852196,-0.09565262755393893,1.4563441
2017-04-18,-0.11370770504641621,-0.27745901235129633,-1.1702777123419683,-0.31011713974518706,-0.05795803651474165,0.21023514726095366,-0.1488019305960607,-0.10741892981302419,-0.3252685
2017-04-19,-0.11370770504641621,-0.27745901235129633,-1.1702777123419683,-0.3101171397451871,0.08159621864785686,0.732245495255916,-0.13664390165312426,-0.11425383189439275,0.9293437
2017-04-20,-0.11370770504641621,-0.27745901235129633,-1.1702777123419683,0.08109680015978538,0.0016269263636712024,1.2053940826090765,-0.11140420416750692,-0.1143696140751377,1.0754228
2017-04-21,-0.11370770504641621,-0.27745901235129633,-1.1702777123419683,0.1821011264625237,0.007899027719293608,1.1310061605775217,-0.09436138567334984,-0.11084826854138671,-0.08345842
2017-04-24,-0.11370770504641621,-0.27745901235129633,-1.1702777123419683,-0.6038832437101938,-0.02346147905881842,1.586598676844398,-0.06291488085980732,-0.10136288397981859,1.2458324
2017-04-25,-0.11370770504641621,-0.27745901235129633,-1.1702777123419683,0.442436221017469,0.08473226932566807,1.7958150875362313,-0.029015670556896016,-0.08658616600774303,0.7011771
2017-04-26,-0.11370770504641621,-0.27745901235129633,-1.1702777123419683,-1.8856423704533942,-0.05168593515911924,1.8096955290819616,-0.0040364029911142815,-0.06946787694617464,0.047779083
2017-04-27,-0.11370770504641621,-0.27745901235129633,-1.1702777123419683,2.9803477438919086,0.05023571186974484,2.0249697074278195,0.025445352963076474,-0.04952156735567561,0.7778406
2017-04-28,-0.11370770504641621,-0.27745901235129633,-1.1702777123419683,-1.8073995824723998,-0.15674363286579454,2.3901745935983283,0.07363602296821825,-0.023345570432447567,1.7264724
2017-05-01,-0.11370770504641621,-0.27745901235129633,-1.1702777123419683,-0.31580752432562315,0.051803737208650454,2.615786060142961,0.13219368500303713,0.010012522331894423,1.4708877
2017-05-02,-0.11370770504641621,-0.27745901235129633,-1.1702777123419683,-0.6835486278362973,0.13020500415393052,2.6444933899165295,0.1774065517624157,0.04628649534446956,0.2098918
2017-05-03,-0.11370770504641621,-0.27745901235129633,-1.1702777123419683,3.1837789926424946,-0.20064834235515136,2.101822284836578,0.19734234024546837,0.07953310638333179,-0.64144135
2017-05-04,-0.11370770504641621,-0.27745901235129633,-1.1702777123419683,1.5449482334769369,0.6429492899760622,1.616496666513587,0.1975770461918575,0.10618016518347913,-0.62581897
2017-05-05,-0.11370770504641621,-0.27745901235129633,-1.1702777123419683,-0.44810896582075926,-1.7529934278716965,1.3204356064664873,0.1861151213696381,0.125067283076304,-0.4043758
2017-05-08,-0.11370770504641621,-0.27745901235129633,-1.1702777123419683,-2.0897849172765346,1.1384452970702323,1.4803223330453248,0.18135762361245947,0.1391681383738755,0.5457878
2017-05-09,-0.11370770504641621,-0.27745901235129633,-1.1702777123419683,-1.436813286671508,-0.619311107842947,1.1960282265691542,0.16649957075999414,0.14729813622286042,-0.38395524
2017-05-10,-0.11370770504641621,-0.27745901235129633,-1.1702777123419683,1.12457107259723,0.6115887831979501,1.1020523167608691,0.14818950703676262,0.14991944077840477,-0.12626648
2017-05-11,-0.11370770504641621,-0.27745901235129633,-1.1702777123419683,0.9531482371115968,-0.15831165820470017,0.9740533334921286,0.12672325814637683,0.14746451392744955,-0.16634464
2017-05-12,-0.11370770504641621,-0.27745901235129633,-1.1702777123419683,0.03272853122607962,0.21801442313264421,1.0513433191684802,0.10897158500103181,0.14173628680861006,0.19328594
2017-05-15,-0.11370770504641621,-0.27745901235129633,-1.1702777123419683,-1.157273144157591,-0.021893453719912814,0.9723662867447235,0.08960020738914377,0.13304595718819515,-0.0931263
2017-05-16,-0.11370770504641621,-0.27745901235129633,-1.1702777123419683,-2.3152664062763093,-0.2523931785390362,0.7373081117193033,0.06620916127637158,0.12113356504532552,-0.27298927
2017-05-17,-0.11370770504641621,3.604135946155105,-1.1702777123419683,0.39833574051909004,-0.2147605704053018,-1.1383506833901678,-0.00980749246876961,0.09548413428018687,-3.2914877
2017-05-18,-0.11370770504641621,-0.27745901235129633,-1.1702777123419683,2.4411838048956014,-4.481357517567443,-0.2571614047000956,-0.04100942740989815,0.06834814317216642,1.9399405
2017-05-19,-0.11370770504641621,-0.27745901235129633,-1.1702777123419683,0.5235242012886815,4.23372731606989,-0.14927958949742554,-0.06326661200836682,0.04191965994208363,0.2708912
2017-05-22,-0.11370770504641621,-0.27745901235129633,-1.1702777123419683,-1.8742616012925224,0.7542790890383599,-0.09905631546636146,-0.08068362726420025,0.017083552742610263,0.121581554
2017-05-23,-0.11370770504641621,-0.27745901235129633,-1.1702777123419683,0.6814323733957794,0.014171129074916014,-0.1560060085689604,-0.09796169086148317,-0.00644918859387552,-0.11467934
2017-05-24,-0.11370770504641621,-0.27745901235129633,-1.1702777123419683,0.25536482793563675,5.890102476560169e-05,0.3872430427419101,-0.09138278643851053,-0.02388030891522234,1.3304472
2017-05-25,-0.11370770504641621,-0.27745901235129633,-1.1702777123419683,0.17214295344676073,-0.003077149653045602,0.8163051154216464,-0.06673778718564058,-0.0325991729003907,1.279664
2017-05-26,-0.11370770504641621,-0.27745901235129633,-1.1702777123419683,-0.4082762737577075,0.007899027719293608,0.8516065718548317,-0.047478289668536844,-0.0354902406104798,0.111866
2017-05-29,-0.11370770504641621,-0.27745901235129633,-1.1702777123419683,-0.3037154570921967,0.004762977041482406,0.8516065718548317,-0.03452864294399565,-0.03505709056901986,0.0
2017-05-30,-0.11370770504641621,-0.27745901235129633,-1.1702777123419683,2.3401794785928627,0.020443230430538414,0.9099040539774897,-0.023918964088194473,-0.032460762226827436,0.16433
2017-05-31,-0.11370770504641621,-0.27745901235129633,-1.1702777123419683,-2.332337560017617,-0.23357687447216902,0.5113079812395311,-0.028139679511039604,-0.03127871256500387,-0.6037533
2017-06-01,-0.11370770504641621,-0.27745901235129633,-1.0017856082637486,0.28808453927314354,0.09100437068129048,0.530782175107084,-0.033036101457446176,-0.031371371065796544,0.04621744
2017-06-02,-0.11370770504641621,-0.27745901235129633,-0.5116267600362009,-0.12944742931634529,0.04239558517521684,1.050777725975743,-0.01628591550152324,-0.02789358003239227,1.3726711
2017-06-05,-0.11370770504641621,-0.27745901235129633,-0.7720236481570857,0.047665790749724074,0.009467053058199214,1.0552976470324587,-0.0054372969905706215,-0.022810871159305555,0.013017654
2017-06-06,-0.11370770504641621,-0.27745901235129633,-0.5422616880504226,-0.03555608373915189,0.01887520509163281,0.6743990340132399,-0.008580849046051735,-0.0194113019504043,-0.53375363
2017-06-07,-0.11370770504641621,-0.27745901235129633,-0.5882140800717552,0.05975785798315051,0.015739154413821618,0.758120397535245,-0.010215333782820052,-0.017038243062944335,0.20287037
2017-06-08,-0.11370770504641621,-0.27745901235129633,-0.3737695839722031,0.00641050254156334,-0.03286963109225203,1.1496480961577191,0.003438093747508294,-0.012244553305023819,1.0384083
2017-06-09,-0.11370770504641621,-0.27745901235129633,-0.4809918320219792,-0.036267381811706384,-0.015621352364290412,-0.6110370013422428,-0.04482094397293407,-0.01864304829049205,-3.3029556
2017-06-12,-0.11370770504641621,3.604135946155105,-1.0017856082637486,-1.3479010276021959,0.04553163585302804,-0.887052998065752,-0.09756679379845122,-0.03494673053384688,-0.7754028
2017-06-13,-0.11370770504641621,-0.27745901235129633,-0.687777596117976,1.2682532832532383,-0.028165555075535226,-0.2914651033666456,-0.11580922617050916,-0.05185802865900981,1.5090227
2017-06-14,-0.11370770504641621,-0.27745901235129633,-0.7567061841499748,0.1856576168252962,-0.18026401294937855,-0.4005234602781566,-0.13619501609479753,-0.06970992369240962,-0.28536916
2017-06-15,-0.11370770504641621,-0.27745901235129633,-0.35845211996509224,-0.08676954496307554,0.20703824576030497,-0.5168899801079095,-0.15824774072051911,-0.0886677738263064,-0.29950142
2017-06-16,-0.11370770504641621,-0.27745901235129633,0.38444488437978486,-0.015639737707626014,0.01887520509163282,-0.28681208439632067,-0.1671588598581908,-0.10572367850652563,0.5607486
2017-06-19,-0.11370770504641621,-0.27745901235129633,-0.9405157522353053,0.039130213879070126,-0.003077149653045602,0.2529408229457976,-0.15037454030184547,-0.1158092463033426,1.4803529
2017-06-20,-0.11370770504641621,-0.27745901235129633,-0.5575791520575335,-0.07396617965709464,-0.7463211602943006,0.06990967923146268,-0.14501453209790488,-0.12274109771260869,-0.40556788
2017-06-21,-0.11370770504641621,-0.27745901235129633,-0.7413887201428639,-0.29020079371366125,0.7088063542100973,0.4380157635072634,-0.12357508688213877,-0.12374029212928556,1.090312
2017-06-22,-0.11370770504641621,-0.27745901235129633,-0.34313465595798137,0.3243607409734227,0.022011255769444016,0.27987620733668284,-0.11366284943503493,-0.12243773350739097,-0.33136606
2017-06-23,-0.11370770504641621,-0.27745901235129633,0.2619051723228979,0.006410502541563341,0.025147306447255224,0.6325140527039613,-0.08890347171865184,-0.11614540010547879,1.0886669
2017-06-26,-0.11370770504641621,-0.27745901235129633,-0.6801188641144205,0.006410502541563341,0.006331002380388007,0.17896591332871947,-0.08746073194993105,-0.11080559689298228,-0.9544134
2017-06-27,-0.11370770504641621,-0.27745901235129633,-0.20527747989398357,-0.03484478566659739,-0.01718937770319601,-0.580806925321388,-0.12113975930882331,-0.11367547431486472,-1.959759
2017-06-28,-0.11370770504641621,-0.27745901235129633,0.8056751445753337,0.011389589049444808,4.106717263618536,-0.0010750487415276254,-0.11955308998835366,-0.11563491914849566,1.7665029
2017-06-29,-0.11370770504641621,-0.27745901235129633,-0.3737695839722031,0.005699204469008846,-3.714593126842604,-0.4810560220584786,-0.14383968197184963,-0.12235250615064822,-1.4356673
2017-06-30,-0.11370770504641621,-0.27745901235129633,-0.2512298719153162,0.009966992904335817,-0.3574508762457115,-0.4936209015439707,-0.16456959690699965,-0.13212240483450782,-0.039720535
2017-07-03,-0.11370770504641621,-0.27745901235129633,-0.6954363281215313,-0.06898709314921317,-0.006213200330856807,-0.9955280029524413,-0.20967948256774635,-0.14950398518926378,-1.6889691
2017-07-04,-0.11370770504641621,-0.27745901235129633,-0.6418252040966433,-2.7320870767932437,-0.9329161756240671,-0.9955280029524418,-0.24531324211759922,-0.17096547519927927,0.0
2017-07-05,-0.11370770504641621,-0.27745901235129633,-0.917539556224639,1.495157368398122,0.8232722039502063,-0.5304615514270676,-0.25209675160070094,-0.18957312695775655,1.2868047
2017-07-06,-0.11370770504641621,-0.27745901235129633,-0.7184125241321977,1.2646967928904658,0.029851382463972023,-0.8388135547325826,-0.2739467596565445,-0.20909259592806145,-1.0110319
2017-07-07,-0.11370770504641621,-0.27745901235129633,-0.6418252040966433,0.030594637008416185,0.07532411729223445,-0.2611912593568539,-0.26179135779001683,-0.22213058845637326,1.7605186
2017-07-10,-0.11370770504641621,-0.27745901235129633,-0.44269817200420203,-0.02630920879594345,-0.3919474337016347,0.1256150827955689,-0.2292946766179906,-0.22566998188322543,1.3602734
2017-07-11,-0.11370770504641621,-0.27745901235129633,-0.24357113991176074,-0.009238055054635558,0.30268779143354674,0.4228396004962495,-0.18442272597209874,-0.21898628991794958,1.1530995
2017-07-12,-0.11370770504641621,-0.27745901235129633,-0.5116267600362009,0.367749923399247,-0.03130160575334642,0.9338035201100793,-0.10989718120970776,-0.19783601259579997,2.337861
2017-07-13,-0.11370770504641621,-0.27745901235129633,-0.1899600158868727,-0.2603262746663725,-0.1959442663384346,0.9793089060743531,-0.04897480812268736,-0.1679970527593409,0.22655725
2017-07-14,-0.11370770504641621,-0.27745901235129633,-0.006150447801542284,0.025615550500534722,0.2744633353332459,1.0712803291647426,0.00444744694443272,-0.13279756525200534,0.4458189
2017-07-17,-0.11370770504641621,-0.27745901235129633,-0.9251982882281944,-0.8962267515300913,0.006331002380388006,1.0049634282602347,0.04092981020286211,-0.09690180103132696,-0.15003085
2017-07-18,-0.11370770504641621,-0.27745901235129633,-0.7337299881393086,0.7561186710140015,0.07218806661442326,1.3996885660170233,0.10081208481678237,-0.05548700709707018,1.9595623
2017-07-19,-0.11370770504641621,-0.27745901235129633,-0.24357113991176074,0.034151127371188666,0.04709966119193364,1.5399211288136374,0.15798530019617582,-0.010231452017852404,0.78594685
2017-07-20,-0.11370770504641621,-0.27745901235129633,-0.09805523184420749,-0.08250175652774859,-0.06266211253145845,1.5823906916576091,0.20258983625643226,0.0354314928363988,0.23759604
2017-07-21,-0.11370770504641621,-0.27745901235129633,-0.45035690400775746,0.07825160786956738,-0.054821985836930445,1.5504662912600162,0.2314465717857926,0.07808098995372868,-0.060784817
2017-07-24,-0.11370770504641621,-0.27745901235129633,-1.0017856082637486,0.1067035307717472,0.06121188924208405,1.730845940182768,0.26601461423888495,0.11953082546107298,0.9548187
2017-07-25,-0.11370770504641621,-0.27745901235129633,-0.2895235319330933,-0.01563973770762602,0.04553163585302804,1.4895913568108898,0.2794617645889261,0.15554219493511523,-0.43373704
2017-07-26,-0.11370770504641621,-0.27745901235129633,0.775040216561112,-0.003547670474199585,0.2101742964381162,1.5322183114897578,0.2877636924447453,0.18611173458855695,0.19966364
2017-07-27,8.794478787447106,-0.27745901235129633,0.4840084004260055,3.6582148070363427,2.786439928260019,2.0416060950140116,0.34146250957494084,0.22195433161028738,2.916491
2017-07-28,-0.11370770504641621,-0.27745901235129633,-0.27420606792598246,-1.0811642503942605,-1.7733777572774694,2.201673695500969,0.39908258466566093,0.26284688685245244,1.1793017
2017-07-31,-0.11370770504641621,-0.27745901235129633,-0.6648014001073096,-2.2320445317874333,-1.102262912225872,1.2807156915488296,0.4017814334699277,0.2961332285254169,-1.8556058
2017-08-01,-0.11370770504641621,-0.27745901235129633,-0.19761874789042813,-0.704887570012932,-0.4750527766636316,1.3488071112667355,0.4033494560889206,0.3230948048890821,0.36041737
2017-08-02,-0.11370770504641621,-0.27745901235129633,0.13936546026601096,0.26887949131417216,0.21174232177702182,1.1942213536903798,0.3911378990956122,0.3420745755003238,-0.32967925
2017-08-03,-0.11370770504641621,-0.27745901235129633,-0.09039649984065207,0.017791271702435267,0.10198054805362969,0.9958246162360839,0.3666185617229425,0.3520590066259569,-0.41937828
2017-08-04,-0.11370770504641621,-0.27745901235129633,-0.11337269585131836,-0.07325488158454015,-0.03443765643115762,1.138504888498227,0.3518848026383373,0.3569222219343772,0.6109476
2017-08-07,-0.11370770504641621,-0.27745901235129633,-0.8332935041855292,0.09959055004620224,-0.04698185914240244,1.4348952271961866,0.35962241655178634,0.36245357410585016,1.3913512
2017-08-08,-0.11370770504641621,-0.27745901235129633,-0.8332935041855292,0.07896290594212187,0.13334105483174172,1.2137872875939608,0.3506519569667403,0.36497644798315815,-0.43609738
2017-08-09,-0.11370770504641621,-0.27745901235129633,-0.6648014001073096,-0.10739718906715591,0.2572150566052842,1.1985347996414057,0.3363965091835653,0.36397184457236953,-0.029200315
2017-08-10,-0.11370770504641621,-0.27745901235129633,0.024484480212679453,-0.022041420360616473,-0.38097125632929546,0.18066597874240192,0.2771138489098459,0.3505971289710554,-2.208203
2017-08-11,-0.11370770504641621,-0.27745901235129633,-0.06742030382998576,-0.5028789174074554,-0.02032542838100722,0.3002464680132654,0.23231250855845814,0.33039712286861866,0.40621758
2017-08-14,-0.11370770504641621,-0.27745901235129633,-0.9098808242210835,0.37557420219734644,0.058075838564272855,0.7287117249845962,0.2212671602496219,0.3118949249062725,1.5885234
2017-08-15,-0.11370770504641621,-0.27745901235129633,-0.7260712561357531,0.11879559800517363,5.890102476560169e-05,0.7661171063478281,0.21016217902864023,0.2947383281513614,0.14641285
2017-08-16,-0.11370770504641621,-0.27745901235129633,-0.29718226393664876,0.06260305027336849,-0.037573707108968825,0.4999512666907829,0.18538092062651007,0.27575812439019326,-0.5847931
2017-08-17,-0.11370770504641621,-0.27745901235129633,-0.25888860391887164,-0.2247613710386477,-0.5189574861529884,-0.22067272539528984,0.12716601395304122,0.24822934826684384,-1.8176436
2017-08-18,-0.11370770504641621,-0.27745901235129633,-0.45035690400775746,0.09816795390109326,0.28387148736667944,-0.12336218769280534,0.08292886813896846,0.21682573257611648,0.29956102
2017-08-21,-0.11370770504641621,-0.27745901235129633,-0.8332935041855292,0.10314704040897472,0.18978996703234335,-0.049151250767410136,0.04871598199693054,0.18444791397306531,0.22101402
2017-08-22,-0.11370770504641621,-0.27745901235129633,-0.4963092960290901,-0.15932194836363409,-0.06893421388708085,0.30812645147642714,0.039144532764858624,0.15651600990855263,1.1085987
2017-08-23,-0.11370770504641621,-0.27745901235129633,-0.42738070799709116,0.07398381943424043,0.07689214263114005,0.07636396153345437,0.018284060509801765,0.12974697257631226,-0.5482137
2017-08-24,-0.11370770504641621,-0.27745901235129633,-0.24357113991176074,0.08180809823233987,0.020443230430538424,-0.15882097014096647,-0.011623437695031774,0.10198978468541182,-0.57495236
2017-08-25,-0.11370770504641621,-0.27745901235129633,-0.6954363281215313,-0.12660223702612733,-0.21789662108311297,-0.48444499603422037,-0.053231054266295146,0.07096103767759841,-0.8465469
2017-08-28,-0.11370770504641621,-0.27745901235129633,-0.9941268762601932,0.140845838254363,0.20390219508249377,-0.27401583958631903,-0.07777913448291661,0.04093255971774054,0.55315495
2017-08-29,-0.11370770504641621,-0.27745901235129633,0.04746067622334576,-0.09815031412394748,0.03612348381959443,-0.0928455112225316,-0.08989207812774061,0.014341198071512604,0.48433542
2017-08-30,-0.11370770504641621,-0.27745901235129633,-0.5192854920397564,0.08607588666766683,0.08159621864785686,0.29431145009671433,-0.08045929789042809,-0.004931647162350883,1.1127591
2017-08-31,-0.11370770504641621,-0.27745901235129633,-0.6418252040966433,-0.003547670474199596,-0.015621352364290412,0.6621187984800754,-0.05227184641686951,-0.014372705433862518,1.2064576
2017-09-01,-0.11370770504641621,-0.27745901235129633,-0.24357113991176074,0.010678290976890313,0.07375609195332886,0.670732811251048,-0.031722558588040295,-0.01756802538790084,0.029075146
2017-09-04,-0.11370770504641621,-0.27745901235129633,-0.9481744842388606,8.819888572882662e-06,-0.17869598761047295,0.6707328112510492,-0.017941944879448436,-0.01720206856350369,0.0
2017-09-05,-0.11370770504641621,-0.27745901235129633,-0.8409522361890847,-0.005681564691863081,-0.1191110247320601,0.2700226973319533,-0.023928086114172405,-0.018178678970298085,-0.7557273
2017-09-06,-0.11370770504641621,-0.27745901235129633,0.44571474040822834,0.009255694831781323,0.17097366296547614,0.5517728768643559,-0.015949495766091417,-0.017268087729595757,0.8024812
2017-09-07,-0.11370770504641621,-0.27745901235129633,1.0201196406748858,-0.6700339644577618,0.009467053058199209,0.7647944738725224,0.00012853102340474514,-0.013130229895573957,0.6508231
2017-09-08,-0.11370770504641621,-0.27745901235129633,0.009167016205568585,0.4054487212446352,5.890102476560169e-05,0.099711272808205,-0.014828717026088933,-0.012991664601182305,-1.3047814
2017-09-11,-0.11370770504641621,-0.27745901235129633,-0.9022220922175281,0.1593395881407799,-0.020325428381007215,0.5878988249590735,-0.0008857540994213932,-0.00992417302990955,1.4975071
2017-09-12,-0.11370770504641621,-0.27745901235129633,-0.6418252040966433,-0.0071041608369720784,-0.41703583912412434,0.4352756327593911,0.001314926006642278,-0.007003520182585314,-0.3169775
2017-09-13,-0.11370770504641621,-0.27745901235129633,-0.3967457799828694,-0.012083247344853542,0.43440191990161725,0.45272662669291336,0.0013336082808218476,-0.004663036282866118,0.052034855
2017-09-14,-0.11370770504641621,-0.27745901235129633,-0.06742030382998576,0.061891752200814,-0.03914173244787443,-0.12336311190010071,-0.024348299911015045,-0.008236560507523713,-1.2077391
2017-09-15,-0.11370770504641621,-0.27745901235129633,0.2619051723228979,0.027038146645643704,0.047099661191933644,0.028379244035275718,-0.039389573203077885,-0.014284918617942635,0.39775372
2017-09-18,-0.11370770504641621,-0.27745901235129633,-0.8409522361890847,-0.28166521684300727,-0.03130160575334642,-0.3878770601100971,-0.07134425317553465,-0.025899673024199873,-0.9496629
2017-09-19,-0.11370770504641621,-0.27745901235129633,-0.5116267600362009,0.29448622192613394,-0.028165555075535226,0.1595275104233965,-0.07062482476964635,-0.035038919998973156,1.4763951
2017-09-20,-0.11370770504641621,-0.27745901235129633,-0.4809918320219792,0.05122228111249655,0.045531635853028045,0.0687124848513584,-0.07578878335358605,-0.04344534760632684,-0.20287633
2017-09-21,-0.11370770504641621,-0.27745901235129633,0.25424644031934246,-0.17141401559706052,0.08630029466457367,-0.20448943614281354,-0.09331719521548987,-0.05388743222995225,-0.6156683
2017-09-22,-0.11370770504641621,-0.27745901235129633,1.7706753770233186,0.09176627124810278,-0.07834236592051447,-0.34834686218428473,-0.11494065065192045,-0.06682640645621288,-0.3331244
2017-09-25,-0.11370770504641621,3.604135946155105,-0.4350394400006466,-0.3158075243256231,-0.3464746988733723,-1.7079789279006368,-0.21766249836266063,-0.09896000447957315,-4.4974804
2017-09-26,-0.11370770504641621,3.604135946155105,0.8899211966144435,-0.13869430425955373,0.31523199414479147,-1.3918690057693521,-0.2835957232324744,-0.13864818423348296,0.82274675
2017-09-27,-0.11370770504641621,-0.27745901235129633,0.3767861523762294,0.3841097790680004,0.012603103736010412,-0.6762848119891137,-0.2965139200713678,-0.1731380632210933,2.1131396
2017-09-28,-0.11370770504641621,-0.27745901235129633,1.1350006207282175,-0.3648870913318833,0.004762977041482404,-0.4840871041428002,-0.2943813078539779,-0.20027774078288296,0.6261945
2017-09-29,-0.11370770504641621,-0.27745901235129633,-0.29718226393664876,-0.12091185244569135,0.006331002380388008,-0.11542220535939882,-0.26848547095864567,-0.21649820738391556,1.2683034
2017-10-02,-0.11370770504641621,-0.27745901235129633,-0.2818647999295379,0.03557372351629759,0.011035078397104811,-0.36917592185624576,-0.26322534052524277,-0.22835915716168703,-0.8193314
2017-10-03,-0.11370770504641621,-0.27745901235129633,1.058413300692663,0.34356578893239414,-0.010917276347573607,-0.2812960443804701,-0.2533923082601677,-0.23576279848092746,0.28914213
2017-10-04,-0.11370770504641621,-0.27745901235129633,-0.029126643812208586,-0.05333853555301427,0.006331002380388006,-0.5658015028508481,-0.2624294300072779,-0.2436020552704374,-0.9060979
2017-10-05,-0.11370770504641621,-0.27745901235129633,-0.27420606792598246,0.2333145876864474,-0.12381510074877689,-0.05949509175332038,-0.2381652072101814,-0.24472817300739666,1.6743898
2017-10-06,-0.11370770504641621,-0.27745901235129633,-0.044444107819319456,-0.027020506868497947,-1.0442459746863648,0.10243278536737643,-0.20822662413991072,-0.23928051755023416,0.5781293
2017-10-09,-0.11370770504641621,-0.27745901235129633,-0.7720236481570857,-0.027731804941052433,1.1823500065595893,0.1474273264729832,-0.18210674627303555,-0.22938360930100626,0.15677214
2017-10-10,-0.11370770504641621,-0.27745901235129633,-0.27420606792598246,-0.1280248331712363,0.003194951702576804,-0.05173753548437029,-0.17226267396568717,-0.21937862313072462,-0.52753687
2017-10-11,-0.11370770504641621,-0.27745901235129633,-0.044444107819319456,0.2162434339451395,-0.03130160575334642,0.1578347152742566,-0.15261165583388617,-0.20720758781405754,0.67020655
2017-10-12,-0.11370770504641621,-0.27745901235129633,3.333056705748627,0.0021427141062363682,-0.11440694871534328,0.1125886103392714,-0.14024821361110243,-0.19484906144723627,-0.10999441
2017-10-13,-0.11370770504641621,-0.27745901235129633,0.9665085166499978,-0.028443103013606936,0.1223648774594025,0.33638416895973067,-0.11854820199952518,-0.1803606999025375,0.6896615
2017-10-16,-0.11370770504641621,-0.27745901235129633,-0.4809918320219792,0.009966992904335819,0.001626926363671202,0.47856417534487156,-0.09429236554957224,-0.16362650131752005,0.44894218
2017-10-17,-0.11370770504641621,-0.27745901235129633,0.2848813683335642,-0.012083247344853542,0.01887520509163282,0.7528480181961984,-0.05939668749666526,-0.14283942870703542,0.9110689
2017-10-18,-0.11370770504641621,-0.27745901235129633,0.7903576805682229,0.01565737748477178,0.006331002380388008,0.7291303489616302,-0.03494102303274928,-0.12102388725107072,-0.0454247
2017-10-19,-0.11370770504641621,-0.27745901235129633,0.7980164125717784,-0.0007024781839816085,-0.010917276347573609,0.30002068816474214,-0.03424086862774277,-0.1034229846350184,-0.8350849
2017-10-20,-0.11370770504641621,-0.27745901235129633,1.7017467889913196,0.022770358210316734,0.004762977041482405,0.3851043261517514,-0.03136046938549657,-0.08873146684924471,0.24060011
2017-10-23,-0.11370770504641621,-0.27745901235129633,-0.4963092960290901,0.0014314160336818735,-0.0015091243141400004,-0.5434996600071772,-0.07225626384187743,-0.0856503056980678,-2.1202385
2017-10-24,-0.11370770504641621,-0.27745901235129633,0.46869093641889464,-0.02346401650572547,-0.004645174991951202,-0.4215399528391002,-0.10032182276011099,-0.08913674707870074,0.3094554
2017-10-25,-0.11370770504641621,-0.27745901235129633,1.1503180847353283,0.01921386784754426,-0.054821985836930445,-0.6862206113106015,-0.13705415828453218,-0.09971508162742496,-0.698483
2017-10-26,-0.11370770504641621,-0.27745901235129633,0.4763496684224501,-0.050493343262796295,0.03769150915850004,-0.6784976515206425,-0.16662186455829167,-0.11444765358279427,0.01758337
2017-10-27,-0.11370770504641621,-0.27745901235129633,0.3921036163833403,0.017079973629880774,0.04239558517521684,0.7047099940912258,-0.11078218691677348,-0.11439277114894418,4.248965
2017-10-30,-0.11370770504641621,-0.27745901235129633,-0.35845211996509224,0.0014314160336818774,-0.01405332702538481,0.9628083744750464,-0.04655110705811447,-0.10072850787270603,1.1187315
2017-10-31,-0.11370770504641621,-0.27745901235129633,2.6437708254286383,0.0014314160336818711,-0.0015091243141400004,0.9869072994346763,0.0037132823083104527,-0.0791384107465353,0.10563135
2017-11-01,-0.11370770504641621,-0.27745901235129633,3.087977281634853,-0.050493343262796295,0.006331002380388006,1.2994665626228625,0.06898447918972189,-0.048025416361916304,1.4439702
2017-11-02,-0.11370770504641621,-0.27745901235129633,4.757580858409938,0.45595088439600445,0.39676931176788277,0.4365735931547578,0.07549663632000989,-0.021754102032782507,-2.0475209
2017-11-03,-0.11370770504641621,-0.27745901235129633,1.816627769044651,-0.5220839653664268,-0.4860289540359708,0.4365735931547578,0.07705762688976941,-0.000406038707393188,0.0
2017-11-06,-0.11370770504641621,-0.27745901235129633,-0.1440076238655401,0.13017636716604555,0.08159621864785688,0.6176555956706149,0.08847792867946858,0.01909411483452654,0.69863796
2017-11-07,-0.11370770504641621,-0.27745901235129633,0.3231750283513414,0.0028540121787908657,-0.042277783125685635,0.6294189122510635,0.09461710199574452,0.035996064360954795,0.04440546
2017-11-08,-0.11370770504641621,-0.27745901235129633,0.6065481124828924,-0.04053517024703336,0.04553163585302804,0.45684314509589186,0.08807436512611753,0.04813022065225969,-0.38280487
2017-11-09,-0.11370770504641621,-0.27745901235129633,0.5069845964366718,0.0284607427907527,0.0016269263636712037,0.3900661745190969,0.07640261337494987,0.055362522225353206,-0.14479756
2017-11-10,-0.11370770504641621,-0.27745901235129633,0.8746037326073327,0.026326848573089215,-0.012485301686479211,0.17104126990727406,0.05446226537478575,0.05649585911451168,-0.46848655
2017-11-13,-0.11370770504641621,-0.27745901235129633,-0.5422616880504226,-0.024886612650834455,-0.010917276347573607,0.23368338903865815,0.037382838123822114,0.05378079437121623,0.17371178
2017-11-14,-0.11370770504641621,-0.27745901235129633,0.08575433624112293,-0.251079399723164,-0.017189377703196014,0.04046677165107014,0.013190919667264213,0.046478787193901465,-0.3915608
2017-11-15,-0.11370770504641621,-0.27745901235129633,-0.029126643812208586,0.15720569392311637,-0.010917276347573609,0.0064976617124562625,-0.009914623318463718,0.03573759464076842,-0.06739497
2017-11-16,-0.11370770504641621,-0.27745901235129633,-0.059761571826430326,0.05904655991059602,0.004762977041482408,0.37798851538946016,-0.012536720226104798,0.02658861854612865,0.921607
2017-11-17,-0.11370770504641621,-0.27745901235129633,0.10873053225178923,0.05051098303994205,0.039259534497405636,0.19741046593403916,-0.023621886091529935,0.016918801179915413,-0.32852292
2017-11-20,-0.11370770504641621,-0.27745901235129633,-0.7184125241321977,-0.11806666015547336,-0.036005681770063226,0.11628941357544141,-0.037579518552038775,0.006223197240712969,-0.14525056
2017-11-21,-0.11370770504641621,-0.27745901235129633,-0.15166635586909552,0.20628526092937657,0.46105835066301243,0.7802203314559669,-0.01643161050276053,0.0021511796320320404,1.7455459
2017-11-22,-0.11370770504641621,-0.27745901235129633,0.06277814023045662,-0.20911281344244875,-0.24141700116669698,0.4700951317265036,-0.013251365132898206,-0.00043205565842909584,-0.5443752
2017-11-23,-0.11370770504641621,-0.27745901235129633,0.4150798123940066,-0.12091185244569137,-0.2367129251499802,0.4700951317265036,-0.013289473504182173,-0.0025067248639851795,0.0
2017-11-24,-0.11370770504641621,-0.27745901235129633,-0.3737695839722031,0.21197564550981254,0.015739154413821614,0.8519063032860053,0.005171202196914762,-0.00025182886710239775,1.0560036
2017-11-27,-0.11370770504641621,-0.27745901235129633,-0.7260712561357531,0.03557372351629765,0.01887520509163282,0.8987388393796784,0.01964621891023186,0.004621550570838236,0.13678074
2017-11-28,-0.11370770504641621,-0.27745901235129633,0.4380560084046729,-0.0049702666193085845,0.017307179752727213,0.679334331857673,0.021369377079517946,0.00888565401874784,-0.33327937
2017-11-29,-0.11370770504641621,-0.27745901235129633,0.3921036163833403,0.013523483267108293,0.006331002380388006,-1.1028597202363823,-0.06043247126286433,-0.005049344914911968,-3.996271
2017-11-30,-0.11370770504641621,3.604135946155105,0.5069845964366718,-0.21409189995033023,0.014171129074916014,-0.644981748826666,-0.10395392111668167,-0.02542617377786574,1.1705518
2017-12-01,-0.11370770504641621,-0.27745901235129633,0.5912306484757816,0.17569944380953326,-0.08147841659832566,-1.0063373233222326,-0.16243839791562883,-0.05412941298601153,-1.1739373
2017-12-04,-0.11370770504641621,-0.27745901235129633,-0.4120632439899803,0.0035653102513453633,0.07532411729223445,-1.530580893420648,-0.2490379478850359,-0.09545565038997825,-2.0731032
2017-12-05,-0.11370770504641621,-0.27745901235129633,0.721429092536224,-0.24894550550550051,-0.04541383380349683,-1.2300860858342735,-0.3017625372277721,-0.13969701823084243,0.7931471
2017-12-06,-0.11370770504641621,-0.27745901235129633,0.3921036163833403,0.26674559709650864,5.890102476560169e-05,-0.5968297082390448,-0.30676595723045336,-0.1761510999328957,1.8688917
2017-12-07,-0.11370770504641621,-0.27745901235129633,-0.044444107819319456,-0.0014137762565361088,0.06748399059770646,0.045022846623165316,-0.2649699565138248,-0.19645142128140747,2.3173928
2017-12-08,-0.11370770504641621,-0.27745901235129633,0.07043687223401206,0.034151127371188666,-0.015621352364290412,-0.1485477849414116,-0.244430950574693,-0.2083363319968635,-0.6328404
2017-12-11,-0.11370770504641621,-0.27745901235129633,-0.8256347721819738,-0.04835944904513281,-0.042277783125685635,-0.14228607595915488,-0.2277941785916049,-0.2143163924450738,0.02233982
2017-12-12,-0.11370770504641621,-0.27745901235129633,-0.1669838198762064,-0.029865699158715925,5.890102476560169e-05,-0.502284724551294,-0.23773508172942592,-0.22120843358859313,-1.1617422
2017-12-13,-0.11370770504641621,-0.27745901235129633,0.5069845964366718,0.00641050254156334,5.890102476560169e-05,-0.271941418179453,-0.23074837859059547,-0.22524051904207018,0.7572293
2017-12-14,-0.11370770504641621,-0.27745901235129633,0.23892897631223162,-0.08961473725329354,0.003194951702576804,-0.2562356150275635,-0.22433492448626233,-0.22710619880108873,0.050473213
2017-12-15,-0.11370770504641621,-0.27745901235129633,0.23892897631223162,-0.15363156378319812,0.003194951702576804,0.05305621557997914,-0.19973531064691555,-0.22338233442415817,1.0034204
2017-12-18,-0.11370770504641621,-0.27745901235129633,-0.7184125241321977,0.21979992430791195,-0.026597529736629624,0.15985197108753682,-0.17382315004885196,-0.21490850599318975,0.35520792
2017-12-19,-0.11370770504641621,-0.27745901235129633,0.43039727640111747,0.019213867847544266,-0.03286963109225202,-0.11916087893095796,-0.16863808541815473,-0.20702993763212638,-0.72448254
2017-12-20,-0.11370770504641621,-0.27745901235129633,0.9894847126606642,0.07113862714402243,0.03769150915850004,-0.44295983491282803,-0.18316312124775824,-0.20380715225945978,-0.90245605
2017-12-21,-0.11370770504641621,-0.27745901235129633,-0.17464255187976183,-0.08321305460030308,-0.006213200330856803,-0.5288734876621103,-0.1999791785424833,-0.20479480997360835,-0.24734735
2017-12-22,-0.11370770504641621,-0.27745901235129633,1.0201196406748858,-0.05689502591578675,-0.007781225669762405,-0.5796766289113316,-0.21630706461192373,-0.20904730425682783,-0.1408875
2017-12-25,-0.11370770504641621,-0.27745901235129633,-0.9788094122530824,0.06402564641847747,0.058075838564272855,-0.5796766289113316,-0.22931529648147567,-0.21520772701599247,0.0
2017-12-26,-0.11370770504641621,-0.27745901235129633,-0.8869046282104173,0.07042732907146794,-0.004645174991951203,-0.8424962660550904,-0.25289056113195096,-0.225135257660623,-0.6828368
2017-12-27,-0.11370770504641621,-0.27745901235129633,-0.5805553480681999,-0.07325488158454015,-0.07834236592051447,-0.43605744410857533,-0.2532221509827791,-0.23314759661390094,0.92618465
2017-12-28,-0.11370770504641621,-0.27745901235129633,-0.3661108519686477,0.017079973629880767,-0.04070975778678003,-0.36384305873724065,-0.24997503441615734,-0.23886890877947486,0.16889572
2017-12-29,-0.11370770504641621,-0.27745901235129633,-0.12869015985842924,-0.2980250725117607,0.05180373720865045,-0.7073591001921492,-0.263330521007475,-0.24627802205623078,-0.82058907
2018-01-01,-0.11370770504641621,-0.27745901235129633,-0.2895235319330933,0.10883742498941065,0.015739154413821614,-0.7073591001921486,-0.2734740700221383,-0.25435627701560964,0.0
2018-01-02,-0.11370770504641621,-0.27745901235129633,-0.7184125241321977,0.06046915605570503,0.09100437068129047,0.3916073479092256,-0.22640008222186067,-0.2508367269206387,2.8108358
2018-01-03,-0.11370770504641621,-0.27745901235129633,-0.15166635586909552,0.17285425151931527,0.059643863903178454,0.8904879204091118,-0.15385280385602607,-0.2326372593148285,1.7914176
2018-01-04,-0.11370770504641621,-0.27745901235129633,-0.35845211996509224,-0.046936852900023814,0.040827559836311235,0.8018904147614594,-0.10168281243470391,-0.20701491115599163,-0.18411279
2018-01-05,-0.11370770504641621,-0.27745901235129633,0.5069845964366718,-0.4189457448460249,-0.18183203828828415,1.1448580016762118,-0.03459801130276452,-0.17229153673529604,1.367116
2018-01-08,-0.11370770504641621,-0.27745901235129633,-0.7873411121641966,0.4957835764590562,0.05650781322536725,1.318033829359633,0.03141232067116096,-0.13051518511380414,0.7653117
2018-01-09,-0.11370770504641621,-0.27745901235129633,0.1470241922695664,-0.0007024781839816146,-0.06893421388708085,1.2014407064524386,0.07557866488026582,-0.08772852267778591,-0.21776557
2018-01-10,-0.11370770504641621,-0.27745901235129633,-0.05210283982287489,-0.02702050686849794,-0.004645174991951208,1.1924531284746318,0.1063097797317366,-0.046982584782763806,-0.015968084
2018-01-11,-0.11370770504641621,-0.27745901235129633,-0.1669838198762064,-0.018484929997844,-0.03443765643115763,1.1699907852145792,0.1257243189740224,-0.010268934012281048,-0.037258863
2018-01-12,-0.11370770504641621,-0.27745901235129633,1.2958339928028815,-0.014928439635071523,-0.015621352364290412,-0.7481997003596629,0.04437844297953383,0.00185239496192212,-4.4735613
2018-01-15,-0.11370770504641621,3.604135946155105,-0.6954363281215313,-0.717690935318913,0.06905201593661206,-0.7481997003596634,-0.02254058450185131,-0.0026408850449406475,0.0
2018-01-16,-0.11370770504641621,-0.27745901235129633,-0.212936211897539,0.6586708350740357,0.1176608014426857,-0.9128606014666385,-0.08817893052350191,-0.02015428060583825,-0.54635406
2018-01-17,-0.11370770504641621,-0.27745901235129633,-0.06742030382998576,-0.0796565642375306,0.004762977041482404,-1.0445976950418112,-0.14997493649006152,-0.047268991018716,-0.44284463
2018-01-18,-0.11370770504641621,-0.27745901235129633,0.6831354325184468,-0.22974045754652914,-0.28218565997824263,-0.5699779829860512,-0.17515088987092148,-0.07429938174029832,1.2387395
2018-01-19,-0.11370770504641621,-0.27745901235129633,0.33849249235845225,0.38339848099544593,0.2917116140612075,-0.2788417894829039,-0.17916304529765073,-0.09677448167303795,0.8286953
2018-01-22,-0.11370770504641621,-0.27745901235129633,-0.11337269585131836,-0.08890343918073905,-0.13949535413783293,0.38992273410386147,-0.13804424506351792,-0.10603521962206008,2.2505403
2018-01-23,-0.11370770504641621,-0.27745901235129633,1.5179372209059891,0.060469156055705006,-0.08931854329285369,0.889812900517337,-0.06313560152273846,-0.09755924919990709,2.1470666
2018-01-24,-0.11370770504641621,-0.27745901235129633,1.7170642529984304,0.004276608323899854,0.2164463977937386,0.34431073278969826,-0.03722248933040812,-0.08528353414487273,-1.4787436
2018-01-25,-0.11370770504641621,-0.27745901235129633,0.3231750283513414,-0.2887781975685523,-0.23044082379435782,0.46349010770248317,-0.008941934826928566,-0.06946600146042414,0.49852133
2018-01-26,-0.11370770504641621,-0.27745901235129633,0.6142068444864479,-0.004258968546754064,0.022011255769444023,0.7682571877843299,0.0383691949009158,-0.04677953472557656,1.3441443
2018-01-29,-0.11370770504641621,-0.27745901235129633,-0.38142831597575855,0.3378754043519582,0.04239558517521684,0.044770103707539276,0.028077660086604343,-0.030812706425852824,-2.115792
2018-01-30,-0.11370770504641621,-0.27745901235129633,0.897579928617999,-0.04764815097257831,-0.04854988448130803,0.19406343346198562,0.02955951362816634,-0.017725013124064614,0.61297417
2018-01-31,-0.11370770504641621,-0.27745901235129633,1.3264689208171032,-0.02915440108616144,0.03298743314178322,0.1533313318148925,0.025171754693585978,-0.008185293479129484,-0.12291074
2018-02-01,-0.11370770504641621,-0.27745901235129633,1.6021832729450989,-1.0854320388295873,0.43126586922380594,0.8781671457142178,0.08699856409287172,0.012557008144106405,3.3174634
2018-02-02,-0.11370770504641621,-0.27745901235129633,0.016825748209124018,-0.009238055054635527,-0.029733580414440807,0.3967849689515329,0.10084156469575185,0.03208629152359858,-1.4552772
2018-02-05,-0.11370770504641621,-0.27745901235129633,-0.5882140800717552,1.2454917449314944,-0.3637229776013339,-0.7622939281981821,0.00859108387852914,0.028147778504520365,-4.740387
2018-02-06,-0.11370770504641621,3.604135946155105,0.192976584290899,-0.28806689949599773,-0.10186274600409848,-0.29891877847787834,-0.021892993119889733,0.01853274512302879,2.2343636
2018-02-07,-0.11370770504641621,3.604135946155105,0.3767861523762294,0.03415112737118865,-0.004645174991951201,-0.8162409330892075,-0.10466422739579029,-0.006711123928486809,-2.7683377
2018-02-08,-0.11370770504641621,-0.27745901235129633,0.4150798123940066,0.11666170378751012,0.26191913262200106,-1.4876490188746687,-0.26564582630297817,-0.06104276031706897,-4.7730026
2018-02-09,-0.11370770504641621,-0.27745901235129633,0.6218655764900033,-0.06187411242366822,-0.2351448998110746,-0.9980874002982031,-0.3415710701424536,-0.12060820278506836,2.640164
2018-02-12,-0.11370770504641621,-0.27745901235129633,-0.47333310001842377,-0.006392862764417562,-0.3370665468399387,-0.9666288592063085,-0.3965431468813393,-0.1799175198676256,0.17035007
2018-02-13,-0.11370770504641621,-0.27745901235129633,1.1043656927139958,-0.035556083739151895,0.10041252271472408,-1.2217298910266647,-0.47365106379231725,-0.24371589560357287,-1.8479705
2018-02-14,-0.11370770504641621,-0.27745901235129633,0.5299607924473381,0.029883338935861682,0.2823034620277739,-0.5674946711627126,-0.4612436300875173,-0.29212356957765934,3.678894
2018-02-15,-0.11370770504641621,-0.27745901235129633,0.016825748209124018,0.1081261269168562,0.20233416974358817,-0.5256094387942992,-0.44410463937428796,-0.3272153439246854,0.2450943
2018-02-16,-0.11370770504641621,-0.27745901235129633,0.29254010033711964,-0.020618824215507484,-0.16615178489922813,-0.7571655625141316,-0.4569100799051258,-0.35800418833632724,-1.4447689
2018-02-19,-0.11370770504641621,-0.27745901235129633,0.04746067622334576,-0.24325512092506454,0.025147306447255224,-0.7571655625141316,-0.4644166462923756,-0.3842270495982545,0.0
2018-02-20,-0.11370770504641621,-0.27745901235129633,0.24658770831578705,0.2852393469829255,0.003194951702576806,-0.884111242909026,-0.48254292480143357,-0.4090490602279915,-0.7611692
2018-02-21,-0.11370770504641621,-0.27745901235129633,0.7597227525540011,-0.06116281435111372,-0.1206790500709657,-0.6580201138013497,-0.473016487331709,-0.4268865644038286,1.0794878
2018-02-22,-0.11370770504641621,-0.27745901235129633,0.5835719164722262,-0.05618372784323226,0.2336946765217002,-0.5301377725544755,-0.4509573164434974,-0.43647886669161945,0.60704947
2018-02-23,-0.11370770504641621,-0.27745901235129633,0.13170672826245552,0.09532276161087529,-0.015621352364290412,-0.056288573988784056,-0.38389397699405925,-0.4299317636304074,2.4023652
2018-02-26,-0.11370770504641621,-0.27745901235129633,-0.5958728120753107,-0.03911257410192437,-0.09402261930957048,0.1094070302926419,-0.3116089544590562,-0.40936586564093164,0.8947611
2018-02-27,-0.11370770504641621,-0.27745901235129633,0.06277814023045662,-0.9410385301010246,-0.14733548083236092,-0.3068094245904528,-0.292292851302313,-0.3888171204071953,-1.876378
2018-02-28,-0.11370770504641621,-0.27745901235129633,0.6907941645220023,0.8834410260012562,0.12550092813721372,-0.6463105928825829,-0.31106503463158003,-0.37635881153475415,-1.7304063
2018-03-01,-0.11370770504641621,-0.27745901235129633,0.6601592365077805,0.016368675557326278,-0.010917276347573609,-0.8854434935352028,-0.35110077281852337,-0.37488184048214757,-1.3346791
2018-03-02,-0.11370770504641621,-0.27745901235129633,0.5912306484757816,-0.01563973770762602,0.029851382463972027,-0.7987870162750234,-0.3736641387516873,-0.37848488048341156,0.38648844
2018-03-05,-0.11370770504641621,-0.27745901235129633,-0.4580156360113129,0.07113862714402243,-0.0030771496530456023,-0.340682699013258,-0.34816495769406686,-0.37596014887499957,2.1401882
2018-03-06,-0.11370770504641621,-0.27745901235129633,0.29254010033711964,-0.03199959337637941,0.006331002380388006,-0.41350925821104584,-0.33372326600743346,-0.3708779676011199,-0.34368038
2018-03-07,-0.11370770504641621,-0.27745901235129633,0.9358735886357761,-0.3556402163886748,-0.7463211602943006,0.030762465115998446,-0.27803570859022464,-0.355003540048896,2.1860123
2018-03-08,-0.11370770504641621,-0.27745901235129633,0.4150798123940066,0.280260260475044,0.6335411379426285,-0.14390503415020578,-0.2489954566651034,-0.33614594167334033,-0.7457435
2018-03-09,-0.11370770504641621,-0.27745901235129633,-0.006150447801542284,-0.3122510339628506,0.07375609195332886,0.16970573052065832,-0.1942813561411765,-0.3094576043510692,1.5849471
2018-03-12,-0.11370770504641621,-0.27745901235129633,-0.44269817200420203,0.36134824074625654,0.012603103736010412,0.10473532190600776,-0.15705360794518713,-0.28021269958228595,-0.25373697
2018-03-13,-0.11370770504641621,-0.27745901235129633,0.11638926425534467,0.08251939630489437,0.02044323043053842,-0.28268828380917144,-0.1604719834060952,-0.2575416506310363,-1.5587747
2018-03-14,-0.11370770504641621,-0.27745901235129633,0.3921036163833403,-0.029865699158715918,0.004762977041482404,-0.009472129473294446,-0.13858039462624902,-0.2347626466124533,1.2700677
2018-03-15,-0.11370770504641621,-0.27745901235129633,0.7980164125717784,0.018502569774989756,0.003194951702576806,-0.05582563574321601,-0.1261621838218529,-0.21390613147262966,-0.1791656
2018-03-16,-0.11370770504641621,-0.27745901235129633,0.192976584290899,-0.004258968546754088,5.890102476560169e-05,0.0955872937016537,-0.10413948962665065,-0.1925509532797164,0.6689906
2018-03-19,-0.11370770504641621,3.604135946155105,0.6218655764900033,-2.269743329632822,-0.9329161756240673,-1.3033917996121445,-0.22627361449590871,-0.2013656501418159,-6.769681
2018-03-20,-0.11370770504641621,3.604135946155105,3.7849218939583977,-2.5450156837114117,-0.6632158173323037,-1.6351403363829273,-0.3705978480018614,-0.23902171377010575,-2.5556326
2018-03-21,-0.11370770504641621,3.604135946155105,4.910755498481047,-0.6366029550477007,0.5645480230307821,-1.4717453203028685,-0.46848325891239934,-0.28990340508156753,0.7374406
2018-03-22,-0.11370770504641621,3.604135946155105,6.212739939085471,0.44314751909002364,0.5661160483696875,-1.7944880994180998,-0.5920390210005562,-0.35680905919091405,-2.656591
2018-03-23,-0.11370770504641621,3.604135946155105,4.075953710093504,0.9567047274743689,-0.046981859142402424,-2.1280583964607485,-0.7453042789781065,-0.4428338546891877,-3.3355594
2018-03-26,-0.11370770504641621,3.604135946155105,1.6481356649664316,1.0456169865436813,0.4046094384624107,-2.0350735538688594,-0.8521978753223727,-0.5343207392148424,0.4203558
2018-03-27,-0.11370770504641621,3.604135946155105,3.6317472538872893,-1.9503704950558534,-0.7855217937669406,-2.4480454360306507,-1.015195759590847,-0.6420743462171402,-4.898161
2018-03-28,-0.11370770504641621,3.604135946155105,3.7466282339406205,1.0121859771336197,0.4046094384624108,-2.335452580231972,-1.1250985146710324,-0.7515823794039957,0.5321264
2018-03-29,-0.11370770504641621,-0.27745901235129633,3.6164297898801783,1.1423535244110927,0.09884449737581844,-1.4808122262815548,-1.1266688223590184,-0.8395217935332338,4.4174314
2018-03-30,-0.11370770504641621,-0.27745901235129633,1.9927786051264262,1.223441504682305,0.05807583856427288,-1.4808122262815548,-1.1177403559781784,-0.9079800217382484,0.0
2018-04-02,-0.11370770504641621,-0.27745901235129633,-0.15166635586909552,0.23260328961389293,0.18822194169343776,-1.7718811070872718,-1.1491107346801006,-0.969398769708967,-2.7536094
2018-04-03,-0.11370770504641621,-0.27745901235129633,1.2269054047708827,-1.8379853995922428,-0.034437656431157634,-1.6800847713251983,-1.1553503520893778,-1.0198568941936283,0.4633546
2018-04-04,-0.11370770504641621,-0.27745901235129633,2.0540484611548697,1.688630444132945,0.01417112907491601,-1.7495663387478384,-1.1608683107303353,-1.0613934903854119,-0.6469786
2018-04-05,-0.11370770504641621,-0.27745901235129633,5.155834922594821,-2.7818779418720587,-0.4311480671742747,-1.2009197344320421,-1.1079814425699748,-1.083407977801604,2.7337193
2018-04-06,-0.11370770504641621,-0.27745901235129633,3.6623821819015108,0.8621020838246212,0.3042558167724522,-1.3713689711455836,-1.0801510397090397,-1.095118062849158,-1.3430417
2018-04-09,-0.11370770504641621,-0.27745901235129633,1.5562308809237664,-0.1813721886128232,0.1082526494092521,-1.2763369673859317,-1.0406841525416175,-1.096117081089615,0.4643798
2018-04-10,-0.11370770504641621,-0.27745901235129633,7.652581555753892,1.2447804468589398,0.03455545848068884,-0.4567883785467098,-0.9223373721165742,-1.0718205719032188,4.5019984
2018-04-11,-0.11370770504641621,-0.27745901235129633,14.292702202836454,-0.13015872738889966,0.12393290279830813,-0.32774912500920494,-0.8076985880597274,-1.0280739304597295,0.77557564
2018-04-12,-0.11370770504641621,-0.27745901235129633,10.402066345030294,0.5462857396104253,-0.017189377703196018,-0.5762585165147317,-0.7383209149951592,-0.9783649123190606,-1.4730692
2018-04-13,-0.11370770504641621,-0.27745901235129633,4.167858494136169,0.6472900659131637,-0.04227778312568562,-0.5039601394537977,-0.6710785103490956,-0.9243387817028792,0.396657
2018-04-16,-0.11370770504641621,-0.27745901235129633,0.9052386606215543,0.8115999206732522,-0.2602333052335642,-0.46775078990476965,-0.6100169183390866,-0.8681696175186178,0.1884222
2018-04-17,-0.11370770504641621,-0.27745901235129633,1.8472626970588728,-2.008696937005322,0.199198119065777,-0.038466396460509415,-0.5157561722235822,-0.8032460647831926,2.3236036
2018-04-18,-0.11370770504641621,-0.27745901235129633,2.0846833891690917,1.3977095324581563,0.04239558517521683,-0.31433307807543037,-0.464020532975127,-0.7403365539595597,-1.3636947
2018-04-19,-0.11370770504641621,-0.27745901235129633,2.0540484611548697,0.22833550117856602,-0.017189377703196018,-0.11947763954848184,-0.4017302493751438,-0.6768001385573554,1.0459304
2018-04-20,-0.11370770504641621,-0.27745901235129633,1.2728577967922152,0.2503857414277551,0.04553163585302805,-0.34416042489958154,-0.37105978383137883,-0.6194672591231822,-1.0826945
2018-04-23,-0.11370770504641621,-0.27745901235129633,-0.059761571826430326,-1.6281524681886672,-0.07050223922598646,-0.39894417426341233,-0.35032432383838275,-0.5692039506506495,-0.26461482
2018-04-24,-0.11370770504641621,3.604135946155105,1.073730764699774,0.20699655900193117,0.039259534497405615,-1.078807309662032,-0.4004489069724321,-0.5396223441248371,-3.7083924
2018-04-25,-0.11370770504641621,3.604135946155105,1.88555635707665,0.4715994419922031,-0.0203254283810072,-1.0788073096620325,-0.43783755001954655,-0.5238854119612218,0.0
2018-04-26,-0.11370770504641621,-0.27745901235129633,1.7323817170055413,-0.5533810805588244,0.5535718456584429,0.4252281929016745,-0.3055772721090864,-0.4832497513345769,9.061313
2018-04-27,-0.11370770504641621,-0.27745901235129633,0.7980164125717784,-0.6522515126438995,-0.18810413964390657,0.3609315459920525,-0.20742610887036747,-0.4299280289943027,-0.3272891
2018-04-30,-0.11370770504641621,-0.27745901235129633,-0.47333310001842377,1.15302299549941,-0.2978659133672986,0.1774523338051362,-0.14834201239068964,-0.37474172418679735,-0.91595054
2018-05-01,-0.11370770504641621,-0.27745901235129633,1.5026197568988782,0.7397588153452481,-0.018757403042101623,0.3397631826089166,-0.08257163860704925,-0.31664591197605874,1.0813951
2018-05-02,-0.11370770504641621,-0.27745901235129633,7.024565531462347,0.30444439494189685,0.06121188924208406,0.5272421182732783,-0.008460560089644468,-0.2544538270368684,1.2711406
2018-05-03,-0.11370770504641621,-0.27745901235129633,2.329762813282865,-3.2783639965150964,-0.42173991514084114,0.26572375955641625,0.024458820340857477,-0.19771952407977475,-1.1643112
2018-05-04,-0.11370770504641621,-0.27745901235129633,1.058413300692663,2.5969580827850356,0.3936332610900715,0.49633652440942577,0.07579421503985527,-0.14144628591287203,1.488328
2018-05-07,-0.11370770504641621,-0.27745901235129633,-0.17464255187976183,-0.08179045845519396,0.01887520509163282,0.6138025034089148,0.1274369661304479,-0.08547672390475436,0.77005625
2018-05-08,-0.11370770504641621,-0.27745901235129633,0.5146433284402272,1.0669559287203159,0.009467053058199207,0.6967581878635665,0.17421936994510548,-0.03078075133195246,0.53379536
2018-05-09,-0.11370770504641621,-0.27745901235129633,2.1919056372188677,0.2724359816769446,0.012603103736010415,1.0049220410549817,0.2473654089508628,0.02848682291192474,2.090323
2018-05-10,-0.11370770504641621,-0.27745901235129633,1.2651990647886597,-0.036267381811706384,-0.018757403042101613,1.2165511003353344,0.33075858751376425,0.09358460945812593,1.5712261
2018-05-11,-0.11370770504641621,-0.27745901235129633,1.5102784889024337,-0.04124646831958785,-0.012485301686479214,1.3193190306945979,0.4057125042962514,0.16155699977791393,0.7869363
2018-05-14,-0.11370770504641621,-0.27745901235129633,-0.46567436801486833,-1.510076988144621,-0.07207026456489206,1.2592485483133735,0.45328101336845067,0.2260219305394951,-0.18717647
2018-05-15,-0.11370770504641621,-0.27745901235129633,0.18531785228734357,-2.762672893913087,-0.048549884481308044,0.8638408019805144,0.4571713848040335,0.27841883791152827,-1.243031
2018-05-16,-0.11370770504641621,-0.27745901235129633,0.6754767005148914,1.0840270824616238,0.05023571186974484,0.6788863568930281,0.44000281050235585,0.31669572570474147,-0.6076455
2018-05-17,-0.11370770504641621,-0.27745901235129633,1.5026197568988782,2.7264143319899543,0.05964386390317846,0.7349959477187595,0.42501977099923494,0.3441400458257649,0.30567646
2018-05-18,-0.11370770504641621,-0.27745901235129633,0.29254010033711964,-0.6351803589025917,-0.006213200330856793,0.543958067792192,0.3938711443703104,0.35949035958444975,-0.58772564
2018-05-21,-0.11370770504641621,-0.27745901235129633,-0.22825367590464987,0.8357840551401051,0.04082755983631123,0.742473806256149,0.38221678748590177,0.36929927575541976,0.990808
2018-05-22,-0.11370770504641621,-0.27745901235129633,0.6678179685113359,-0.7760173772683817,0.001626926363671207,0.6127114983395942,0.35845576130816065,0.37210782506943146,-0.37400723
2018-05-23,-0.11370770504641621,-0.27745901235129633,2.452302525339752,-0.7148457430286951,-0.014053327025384813,0.949064319192553,0.3671899638738907,0.3762067735026518,1.6866088
2018-05-24,-0.11370770504641621,-0.27745901235129633,1.4030562408526577,1.5947390985557517,0.017307179752727216,0.7594133048871475,0.35649259843906944,0.3772175297870016,-0.5189955
2018-05-25,-0.11370770504641621,-0.27745901235129633,1.318810188813548,-0.3150962262530686,-0.04698185914240244,0.5617901511609081,0.3302527907122741,0.37246191951133206,-0.5432129
2018-05-28,-0.11370770504641621,-0.27745901235129633,-0.6954363281215313,0.06971603099891346,0.009467053058199207,0.561790151160907,0.303250205916602,0.36293146724757536,0.0
2018-05-29,-0.11370770504641621,-0.27745901235129633,-0.5192854920397564,0.3243607409734227,-0.012485301686479214,0.6709496040237805,0.28498210465262275,0.3514333099548784,0.44343472
2018-05-30,-0.11370770504641621,-0.27745901235129633,0.49166713242956095,-1.512922180434839,0.004762977041482418,0.9170183658636761,0.2859808987438046,0.34244658084669977,1.0390878
2018-05-31,-0.11370770504641621,-0.27745901235129633,0.009167016205568585,0.7739011228278637,0.023579281108349615,1.3565889907593698,0.3260550661882227,0.3437550226233907,2.1900177
2018-06-01,-0.11370770504641621,-0.27745901235129633,0.07809560423756749,-0.018484929997843937,-0.03286963109225203,1.5543171492756986,0.37537674276130545,0.3552605580000959,1.1523604
2018-06-04,-0.11370770504641621,-0.27745901235129633,-0.22825367590464987,0.16218478043099785,0.0031949517025768124,1.3868397666445211,0.3992471500498439,0.3695267644558656,-0.36600232
2018-06-05,-0.11370770504641621,-0.27745901235129633,0.9971434446642196,-1.207064009236406,-0.07050223922598647,1.3040154360204104,0.4069764157678404,0.3825787392899868,-0.17591119
2018-06-06,-0.11370770504641621,-0.27745901235129633,1.5026197568988782,1.5328561662435107,0.07218806661442326,0.9176003515776722,0.38810508377669123,0.38901860712687386,-0.8292794
2018-06-07,-0.11370770504641621,-0.27745901235129633,1.6634531289735424,-0.7440089640034294,0.00633100238038801,0.2449880169627509,0.33144016449578556,0.3821545668934577,-1.6515136
2018-06-08,-0.11370770504641621,-0.27745901235129633,2.008096069133537,0.5555326145536338,-0.009349251008668003,0.3765136610197444,0.2907117772700073,0.3680267807413219,0.48890114
2018-06-11,-0.11370770504641621,-0.27745901235129633,-0.47333310001842377,0.5142773263454731,0.02357928110834962,0.7033458427884509,0.27966050997204267,0.35438110360311836,1.2903214
2018-06-12,-0.11370770504641621,-0.27745901235129633,0.2159527803015653,-0.017062333852735003,0.011035078397104813,0.8115152482207844,0.2745990054081011,0.34239125749014226,0.44898987
2018-06-13,-0.11370770504641621,-0.27745901235129633,0.15468292427312183,-0.17923829439515995,-0.03286963109225202,0.8128220320222708,0.26493344143156106,0.33074977415630746,0.005197525
2018-06-14,-0.11370770504641621,-0.27745901235129633,0.18531785228734357,-0.034844785666597405,0.007899027719293602,1.324515754550586,0.3000832760544113,0.3288901957529888,2.2867799
2018-06-15,-0.11370770504641621,-0.27745901235129633,0.3538099563655631,-0.1102423813573739,0.004762977041482404,1.0960570821010716,0.3109566585498011,0.329708260340068,-0.4877746
2018-06-18,-0.11370770504641621,-0.27745901235129633,-0.7643649161535303,0.37913069256011894,0.02828335712506643,1.3563437601991761,0.3403242852153973,0.3365901889566381,1.2560606
2018-06-19,-0.11370770504641621,-0.27745901235129633,-0.1899600158868727,-0.22974045754652914,0.09414042135910168,1.157857103515817,0.34774973530720915,0.34367031667398346,-0.41348934
2018-06-20,-0.11370770504641621,-0.27745901235129633,0.5759131844686707,0.14440232861713545,-0.07834236592051447,1.5932638906143204,0.3965567586906863,0.3596840673376308,2.2836566
2018-06-21,-0.11370770504641621,-0.27745901235129633,0.9741672486535533,-0.014217141562517039,0.09570844669800728,1.4739447706903326,0.42209372573989146,0.37791024408975654,-0.24752617
2018-06-22,-0.11370770504641621,-0.27745901235129633,0.3078575643442305,-0.1081084871397104,-0.10029472066519288,1.496875474602273,0.4372514895473514,0.39570542632039674,0.11911392
2018-06-25,-0.11370770504641621,-0.27745901235129633,-0.5575791520575335,0.03201723315352516,-0.006213200330856803,0.32575532270600605,0.3821455714581005,0.39825622761158047,-2.6717544
2018-06-26,-0.11370770504641621,-0.27745901235129633,-0.044444107819319456,-0.3414142549375849,-0.004645174991951201,0.6473998851149833,0.36109935408217064,0.3958339668574473,1.349628
2018-06-27,-0.11370770504641621,-0.27745901235129633,0.8899211966144435,0.5206790089984635,0.01573915441382161,0.09359826050193013,0.30303811171855244,0.38158413003186076,-1.5879393
2018-06-28,-0.11370770504641621,-0.27745901235129633,0.9282148566322207,-0.17070271752450603,-0.02659752973662962,0.14518760049440607,0.25570610656680015,0.3601473932994877,0.19913912
2018-06-29,-0.11370770504641621,-0.27745901235129633,0.7826989485646675,-0.2396986305622921,-0.010917276347573609,-0.1766289772696111,0.1920082000331669,0.3294907072899526,-0.97334385
2018-07-02,-0.11370770504641621,-0.27745901235129633,-0.4350394400006466,0.3727290099071285,0.039259534497405636,0.2403304691673424,0.17068905037136745,0.3004445807375555,1.5644312
2018-07-03,-0.11370770504641621,-0.27745901235129633,0.951191052642887,-1.9539269854186254,-0.15674363286579454,-0.46348265416459977,0.09840631236170705,0.2618799483943092,-2.3459673
2018-07-04,-0.11370770504641621,-0.27745901235129633,0.5452782564544489,0.5455744415378706,5.890102476560169e-05,-0.46348265416459977,0.03797233179854789,0.21821306936825763,0.0
2018-07-05,-0.11370770504641621,-0.27745901235129633,-0.33547592395442594,1.4482116956095257,0.12550092813721372,0.2760147549360404,0.050459726129216745,0.18592754860805813,2.9678822
2018-07-06,-0.11370770504641621,-0.27745901235129633,-0.029126643812208586,-0.2994476686568697,0.020443230430538417,0.7507511446217553,0.10959200628863186,0.17263827640213206,2.4086714
2018-07-09,-0.11370770504641621,-0.27745901235129633,-0.6571426681037542,0.02917204086330719,0.07062004127551767,0.8841655942282942,0.1686089128332908,0.1745215377828862,0.74300766
2018-07-10,-0.11370770504641621,-0.27745901235129633,0.016825748209124018,-0.35421762024356584,-0.12381510074877691,0.6871149953490977,0.19703862112632953,0.18205673595320354,-0.5861163
2018-07-11,-0.11370770504641621,-0.27745901235129633,0.49166713242956095,-3.477527456830355,-0.859218984695504,0.5221087989692753,0.2033812801258193,0.1894298708183647,-0.4913032
2018-07-12,-0.11370770504641621,-0.27745901235129633,0.3078575643442305,1.7554924629530673,0.7699593424274159,0.9442340238325806,0.2515548575708525,0.20554370344221332,2.16254
2018-07-13,-0.11370770504641621,-0.27745901235129633,0.44571474040822834,1.5228979932277475,0.054939787886461644,0.9799023995487162,0.288152288146958,0.22619534406179692,0.1933217
2018-07-16,-0.11370770504641621,-0.27745901235129633,-0.34313465595798137,0.5768715567302686,-0.0015091243141400175,0.9631231183366098,0.3098704604307886,0.24732204802360327,-0.043416023
2018-07-17,-0.11370770504641621,-0.27745901235129633,-0.1210314278548738,-0.16572363101662455,0.06591596525880086,1.2199431522190824,0.3510483846457142,0.2729552905747192,1.3318539
2018-07-18,-0.11370770504641621,-0.27745901235129633,0.8286513405860001,0.19632708791361367,0.007899027719293608,1.0936206659796794,0.3696956467095148,0.2974160820707739,-0.30001402
2018-07-19,-0.11370770504641621,-0.27745901235129633,1.4336911688668794,-0.4189457448460249,0.00633100238038801,0.8376272607965156,0.36343496883911564,0.31565712323732287,-0.60661435
2018-07-20,-0.11370770504641621,-0.27745901235129633,1.6021832729450989,0.18921410718806866,0.017307179752727216,1.0333131877060304,0.372066865392839,0.3320803709129072,0.88903904
2018-07-23,-0.11370770504641621,-0.27745901235129633,-0.5346029560468673,0.33147372169896777,-0.06736618854817526,1.1326996019834448,0.38258392641073363,0.34744913752370865,0.4620433
2018-07-24,-0.11370770504641621,-0.27745901235129633,-0.12869015985842924,-0.08392435267285758,0.21958244847154978,1.479933573546811,0.4251622946987347,0.3687729977794444,1.7827511
2018-07-25,-0.11370770504641621,-0.27745901235129633,1.2805165287957707,0.07754030979701289,0.028283357125066418,1.7008147323952743,0.4821403028444017,0.3979144117452593,1.3182998
2018-07-26,-0.11370770504641621,3.604135946155105,0.9665085166499978,-5.667614222225646,-1.519357652374762,-2.048164655313465,0.06475339805025188,0.33271963054406684,-18.960922
2018-07-27,-0.11370770504641621,3.604135946155105,0.9665085166499978,-0.7838416560664816,-0.9188039475739168,-2.1004297621372423,-0.28075472089271775,0.20729796526898506,-0.7772565
2018-07-30,-0.11370770504641621,3.604135946155105,-0.34313465595798137,3.8282150463768674,1.5900365946750452,-2.245275729430938,-0.5930832747026601,0.04073060054204593,-2.1899462
2018-07-31,-0.11370770504641621,-0.27745901235129633,0.1700003882802327,0.6672064119446895,-0.09715866998738175,-2.095603311359581,-0.8169789172779415,-0.14000090897576833,0.8885741
2018-08-01,-0.11370770504641621,-0.27745901235129633,2.850556589524635,1.1181693899442398,0.6257010112481006,-2.1348157266429433,-0.9960010335478273,-0.3225481934970798,-0.5388856
2018-08-02,-0.11370770504641621,-0.27745901235129633,2.145953245197535,0.7169972770235042,-0.0015091243141399902,-1.6563933262771433,-1.075646950412731,-0.48547513227177297,2.7497768
2018-08-03,-0.11370770504641621,-0.27745901235129633,0.49166713242956095,-0.05049334326279626,0.25878308194418986,-1.5185358019022397,-1.1129528704209306,-0.62372749472616,0.79945326
2018-08-06,-0.11370770504641621,-0.27745901235129633,-0.48865056402553464,0.03415112737118865,-0.17555993693266175,-0.8147948845192396,-1.0451278642990989,-0.7199469265204388,4.44932
2018-08-07,-0.11370770504641621,-0.27745901235129633,1.2958339928028815,-0.4054310814674895,0.15372538423751453,-0.9370323880271673,-1.003448859114049,-0.7880843371308923,-1.0124445
2018-08-08,-0.11370770504641621,-0.27745901235129633,0.6065481124828924,-0.2909120917862157,-0.18967216498281217,-0.8184166246673418,-0.946962818972725,-0.8306162628746807,0.74533224
2018-08-09,-0.11370770504641621,-0.27745901235129633,0.30019883234067507,0.514277326345473,0.02828335712506643,-0.965800399390841,-0.9175973441375396,-0.8584147828236978,-1.1286318
2018-08-10,-0.11370770504641621,-0.27745901235129633,0.1700003882802327,0.3264946351910863,-0.1191110247320601,-1.1608751728211042,-0.9179584986493188,-0.8807301824790331,-1.5456915
2018-08-13,-0.11370770504641621,-0.27745901235129633,-0.618849008085977,0.0064105025415633525,0.14902130822079773,-1.1755466267290946,-0.9127723010383815,-0.8974827563357863,-0.11649132
2018-08-14,-0.11370770504641621,-0.27745901235129633,-0.006150447801542284,0.1202181941502826,0.003194951702576806,-1.0610495937665376,-0.8893222340230307,-0.9059121714481368,0.588727
2018-08-15,-0.11370770504641621,-0.27745901235129633,0.09341306824467836,-0.018484929997844,-0.06736618854817526,-1.1852009003087967,-0.8808838607464713,-0.9108663258791571,-0.8723974
2018-08-16,-0.11370770504641621,-0.27745901235129633,0.22361151230512075,-0.20982411151500324,-0.037573707108968846,-1.5377190391679618,-0.9200697177242615,-0.9231391060836036,-2.690357
2018-08-17,-0.11370770504641621,3.604135946155105,-0.13634889186198468,-0.04835944904513281,-0.15831165820470014,-1.5996853741206578,-0.952871060117675,-0.9399129349989019,-0.51516294
2018-08-20,-0.11370770504641621,3.604135946155105,-0.7030950601250868,-0.3392803607199214,0.2039021950824938,-1.6911325788191123,-0.9846986837087969,-0.9600811234331431,-0.7479906
2018-08-21,-0.11370770504641621,-0.27745901235129633,-0.06742030382998576,-0.010660651199744558,-0.009349251008668017,-1.6742223527126912,-0.9997734250480635,-0.9794123098923637,0.06955862
2018-08-22,-0.11370770504641621,-0.27745901235129633,2.1229770491868685,-0.15505415992830712,-0.07520631524270324,-1.524150819062737,-0.9916460338769746,-0.9931538259157285,0.5908966
2018-08-23,-0.11370770504641621,-0.27745901235129633,1.3417863848242142,-0.3535063221710114,0.05337176254755605,-1.587443555853476,-0.9848023823962152,-1.002695825726492,-0.4261732
2018-08-24,-0.11370770504641621,-0.27745901235129633,0.8669450006037772,0.13871194403669942,0.05023571186974483,-1.3151793280524395,-0.9516944951499595,-1.0033088172387683,1.0092616
2018-08-27,-0.11370770504641621,-0.27745901235129633,-0.4197219759935357,0.4410136248723601,0.058075838564272855,-0.902616193986571,-0.8866109121947701,-0.9899980777560945,1.6118407
2018-08-28,-0.11370770504641621,-0.27745901235129633,0.20829404829800988,-0.23898733248973764,-0.012485301686479208,-1.0327211039873256,-0.841402702041317,-0.9697629748135113,-0.6762147
2018-08-29,-0.11370770504641621,-0.27745901235129633,1.004802176667775,0.6622273254368081,-0.043845808464591234,-1.0727798054423785,-0.8030369753456346,-0.945439346428802,-0.20424128
2018-08-30,-0.11370770504641621,-0.27745901235129633,0.9282148566322207,0.11026002113451967,0.001626926363671207,-0.7999720171156215,-0.7473590338040701,-0.9141738002578258,0.9891987
2018-08-31,-0.11370770504641621,-0.27745901235129633,0.26956390432645333,-0.09245992954351152,-0.0030771496530456093,-1.0325983540416297,-0.7189201998757528,-0.883130839142086,-1.0752082
2018-09-03,-0.11370770504641621,-0.27745901235129633,-0.29718226393664876,0.17783333802719675,0.02828335712506643,-1.032598354041629,-0.6911270057041684,-0.8524028555575311,0.0
2018-09-04,-0.11370770504641621,-0.27745901235129633,0.33849249235845225,-0.09530512183372951,-0.34490667353446663,-1.5485008817490942,-0.7144500874243934,-0.832766185121024,-2.6005745
2018-09-05,-0.11370770504641621,3.604135946155105,1.4413499008704347,-0.4395733889501053,0.20547022042139937,-1.910778789493469,-0.7710624926456867,-0.8290616475401695,-2.3253143
2018-09-06,-0.11370770504641621,3.604135946155105,4.129564834118392,-0.5384438210351802,-0.014053327025384806,-2.25803596582833,-0.8604845237032818,-0.8450601775198701,-2.781427
2018-09-07,-0.11370770504641621,3.604135946155105,0.7444052885468903,0.3385867024245127,-0.036005681770063226,-2.1649784919167643,-0.917806980909019,-0.870014368529151,0.3137827
2018-09-10,-0.11370770504641621,-0.27745901235129633,-0.6648014001073096,0.1550717997054529,0.15529340957642013,-1.952304376313359,-0.9423930720217868,-0.895191261993529,0.69921017
2018-09-11,-0.11370770504641621,-0.27745901235129633,-0.19761874789042813,0.5036078552571557,0.16626958694875935,-1.63054165697168,-0.9342278263138314,-0.9136013164740407,1.0720015
2018-09-12,-0.11370770504641621,-0.27745901235129633,-0.10571396384776292,-0.2574810823761545,-0.1065668220208153,-1.9762493226231395,-0.9632248919785159,-0.934478258640245,-2.374351
2018-09-13,-0.11370770504641621,-0.27745901235129633,0.1700003882802327,0.10599223269919274,-0.15517560752688891,-2.0284200835969113,-0.9846906638375402,-0.955731681712934,-0.3950596
2018-09-14,-0.11370770504641621,-0.27745901235129633,0.721429092536224,0.1707203573016518,0.07375609195332886,-1.8429333833299149,-0.9824027642244956,-0.9722492654713435,0.5949497
2018-09-17,-0.11370770504641621,-0.27745901235129633,-0.6265077400895325,-0.3876486296536272,0.08159621864785688,-2.0006469912929012,-0.9912444363584808,-0.9873382306444594,-1.0719597
2018-09-18,-0.11370770504641621,-0.27745901235129633,-0.08273776783709663,0.18138982838996928,-0.20848846904967938,-2.0261161256773117,-0.99263795478994,-0.9997049017691596,-0.17436743
2018-09-19,-0.11370770504641621,-0.27745901235129633,-0.12869015985842924,-1.4176082387125366,-0.0030771496530456366,-1.4657197993082558,-0.9547240798223673,-1.001558508900594,1.7217636
2018-09-20,-0.11370770504641621,-0.27745901235129633,0.15468292427312183,1.3287136194203704,0.17881378966000416,-0.9397471073107374,-0.8842449478314212,-0.988096122564886,1.8152833
2018-09-21,-0.11370770504641621,-0.27745901235129633,0.2848813683335642,0.12875377102093655,0.02828335712506643,-1.3036762793245187,-0.8556360662657896,-0.971259630300631,-1.8612266
2018-09-24,-0.11370770504641621,-0.27745901235129633,-0.565237884061089,-0.019196228070398454,-0.010917276347573609,-0.8945131778210665,-0.7988588402365925,-0.9457506870660858,1.5221357
2018-09-25,-0.11370770504641621,-0.27745901235129633,2.429326329329086,0.01636867555732625,-0.1363593034600217,-0.9569997706793585,-0.753454553291987,-0.9157154425596438,-0.302279
2018-09-26,-0.11370770504641621,-0.27745901235129633,2.107659585179758,-0.19346425584624988,0.06748399059770646,-0.6246904284209225,-0.689525491078784,-0.8781309332045446,1.2370348
2018-09-27,-0.11370770504641621,-0.27745901235129633,2.3986914013148644,0.3563691542383751,0.18822194169343776,-0.3366203683128152,-0.6134616755828312,-0.8319338079051989,1.132071
2018-09-28,-0.11370770504641621,-0.27745901235129633,0.24658770831578705,-0.13300391967911773,0.020443230430538417,-0.925560170972789,-0.5977600276234576,-0.7916465348742651,-2.594167
2018-10-01,-0.11370770504641621,-0.27745901235129633,-0.4809918320219792,-3.1140541417550076,-0.8106101991894303,-1.1605543167606749,-0.603556941505726,-0.7606459661936699,-1.228267
2018-10-02,-0.11370770504641621,3.604135946155105,0.9282148566322207,2.2711835655550767,0.24937492991075627,-1.4892164510374184,-0.6381273117733433,-0.7431762426814285,-1.9145548
2018-10-03,-0.11370770504641621,-0.27745901235129633,1.2575403327851045,0.03130593508097059,-0.1928082156606234,-0.9901815351582172,-0.6265054497556808,-0.7267360196514997,1.9456387
2018-10-04,-0.11370770504641621,-0.27745901235129633,0.192976584290899,-1.8173577554881624,-0.19124019032171768,-1.3634110829043529,-0.6523393576609686,-0.7190619844823933,-2.2040188
2018-10-05,-0.11370770504641621,-0.27745901235129633,0.3921036163833403,2.434782122242611,0.6304050872648174,-1.5090355527971413,-0.6845540542121107,-0.7197539614154721,-0.95688105
2018-10-08,-0.11370770504641621,3.604135946155105,-0.47333310001842377,0.2703020874592812,0.17410971364328734,-1.5168918486101466,-0.7055537745608476,-0.7247605849408584,-0.050848722
2018-10-09,-0.11370770504641621,-0.27745901235129633,1.2651990647886597,0.018502569774989774,-0.04227778312568562,-1.3991528395978206,-0.7094932837335763,-0.7296012663010865,0.4133463
2018-10-10,-0.11370770504641621,3.604135946155105,0.4840084004260055,-0.08819214110818456,0.05023571186974484,-2.0055708971652324,-0.7789287957340737,-0.7481977812627463,-4.1291895
2018-10-11,-0.11370770504641621,-0.27745901235129633,0.07043687223401206,-0.4751382925778301,-0.09559064464847608,-1.662753504922003,-0.8054539014859926,-0.7686997066781168,1.3013601
2018-10-12,-0.11370770504641621,-0.27745901235129633,0.38444488437978486,-0.00141377625653605,-0.028165555075535215,-1.5948572925643354,-0.815445277062185,-0.787219942599169,0.2543211
2018-10-15,-0.11370770504641621,-0.27745901235129633,-0.5958728120753107,0.5491309319006432,0.029851382463972037,-1.6169454715407925,-0.8190824682705549,-0.8028074066133608,-0.14309883
2018-10-16,-0.11370770504641621,-0.27745901235129633,1.2422228687779935,0.02063646399265325,0.04082755983631122,-0.7415937526482785,-0.7573914154981191,-0.8021956394416524,3.4262657
2018-10-17,-0.11370770504641621,-0.27745901235129633,0.4380560084046729,-0.36915487976721023,-0.08147841659832568,-0.6475244942325536,-0.6960640660510289,-0.7887016114994864,0.40307045
2018-10-18,-0.11370770504641621,-0.27745901235129633,1.3264689208171032,-1.2867293933625095,-0.07520631524270327,-1.1763339551971004,-0.6922873044727663,-0.7771055176306526,-2.822733
2018-10-19,-0.11370770504641621,-0.27745901235129633,0.7980164125717784,1.0569977557045531,0.15058933355970336,-1.2688045517682471,-0.6936942019674288,-0.7681269785848156,-0.5615771
2018-10-22,-0.11370770504641621,-0.27745901235129633,-0.22825367590464987,0.34569968315005767,0.015739154413821614,-1.1461663647433729,-0.6815382087850543,-0.7583664393102446,0.47386885
2018-10-23,-0.11370770504641621,-0.27745901235129633,0.9205561246286652,0.2233564146706844,-0.021893453719912807,-1.192841806092246,-0.6712203278717481,-0.7483700760478074,-0.25197268
2018-10-24,-0.11370770504641621,-0.27745901235129633,1.1426593527317728,0.12164079029539158,0.05650781322536725,-1.997934796977045,-0.7500610471440127,-0.7570913524797798,-5.4083824
2018-10-25,-0.11370770504641621,-0.27745901235129633,1.234564136774438,-1.7931736210213098,-0.8325625539341086,-1.2327196327916226,-0.7519285053122352,-0.7644643726900539,3.3620954
2018-10-26,-0.11370770504641621,3.604135946155105,0.22361151230512075,-0.6614983875871077,0.26505518329981226,-1.6928002523750545,-0.8089121949049061,-0.7824463193842102,-3.6965907
2018-10-29,-0.11370770504641621,-0.27745901235129633,-0.2895235319330933,2.339468180520308,0.45635427464629563,-1.9230273178403279,-0.8831171140259247,-0.8125672110392791,-2.25631
2018-10-30,-0.11370770504641621,3.604135946155105,-0.22825367590464987,-0.5135483884957729,-0.1112708980375321,-1.358017902789417,-0.8884199764653972,-0.8377884092926227,2.9066086
2018-10-31,-0.11370770504641621,-0.27745901235129633,0.07809560423756749,-3.313928900142821,-0.42173991514084114,-0.711903878857249,-0.8238324853560369,-0.8442694326901118,3.809321
2018-11-01,-0.11370770504641621,-0.27745901235129633,0.38444488437978486,2.373610488002924,0.9314659523346928,-0.7156145728858478,-0.766962077393476,-0.837394742528452,-0.026345253
2018-11-02,-0.11370770504641621,-0.27745901235129633,-0.48865056402553464,1.2888809273573183,-0.34490667353446663,-0.850473458522809,-0.7317531435719891,-0.8244288500059904,-0.92256665
2018-11-05,-0.11370770504641621,-0.27745901235129633,-0.8179760401784183,0.21553213587258502,0.04082755983631125,-1.0103237986772775,-0.7168883386109911,-0.8109040177978466,-1.1107504
2018-11-06,-0.11370770504641621,-0.27745901235129633,0.598889380479337,-0.8229630500569783,-0.056390011175836044,-0.8471492546707428,-0.6858864585418154,-0.7935101276595313,0.84745884
2018-11-07,-0.11370770504641621,-0.27745901235129633,0.20829404829800988,-0.9424611262461337,0.07846016797004567,-0.6424610581989567,-0.6389636056534241,-0.769644910013525,1.0604262
2018-11-08,-0.11370770504641621,-0.27745901235129633,0.3997623483868957,1.374236696063858,-0.06736618854817528,-1.0269692927286074,-0.637878663356681,-0.7503226712333876,-2.415365
2018-11-09,-0.11370770504641621,3.604135946155105,-0.08273776783709663,0.11168261727962871,0.07218806661442327,-1.3004422420088488,-0.6644650914392034,-0.7405025972052671,-1.9679368
2018-11-12,-0.11370770504641621,3.604135946155105,-0.687777596117976,-0.012083247344853542,0.020443230430538417,-1.5900418287817182,-0.7179308323645092,-0.7439840789033548,-2.3523748
2018-11-13,-0.11370770504641621,3.604135946155105,0.11638926425534467,0.06758213678124991,-0.7306409069052447,-1.4989112451400748,-0.7476060412905255,-0.7530619647781356,0.43094158
2018-11-14,-0.11370770504641621,-0.27745901235129633,-0.1440076238655401,-0.059028920133450194,0.6696057207374574,-1.19208489697834,-0.7423466129787176,-0.7592089988615043,1.4490724
2018-11-15,-0.11370770504641621,-0.27745901235129633,0.26956390432645333,-1.5278594399584835,-0.13165522744330493,-1.2292186268543723,-0.7365186250842365,-0.7628907870638784,-0.2565503
2018-11-16,-0.11370770504641621,-0.27745901235129633,1.2422228687779935,-1.1707878075361264,0.13490908017064732,-1.6342563437518514,-0.7737820768778711,-0.7737380235718089,-3.0031323
2018-11-19,-0.11370770504641621,3.604135946155105,-0.5575791520575335,0.9246963142094169,-0.029733580414440835,-2.202294674286452,-0.8846611522391661,-0.805927991462845,-5.719197
2018-11-20,-0.11370770504641621,3.604135946155105,0.09341306824467836,-0.5128370904232183,-0.8247224272395807,-2.0661641457901574,-0.9544468320040457,-0.8464781895786591,0.6689429
2018-11-21,-0.11370770504641621,3.604135946155105,1.112024424717551,-0.1543428618557526,0.08316424398676246,-1.7013875165959824,-0.9746237886289513,-0.883196920993498,1.8047333
2018-11-22,-0.11370770504641621,-0.27745901235129633,0.3997623483868957,0.2574987221532999,0.6664696700596461,-1.7013875165959829,-0.9820058880389128,-0.9141372983315146,0.0
2018-11-23,-0.11370770504641621,-0.27745901235129633,-0.6648014001073096,0.99796001568253,0.13334105483174172,-1.9434664706267537,-1.013285310958811,-0.9455224782129525,-2.2919536
2018-11-26,-0.11370770504641621,-0.27745901235129633,-0.687777596117976,-3.1716692856319217,-0.249257127861225,-1.2467294671758453,-0.9777512622247005,-0.963095540313853,3.529954
2018-11-27,-0.11370770504641621,-0.27745901235129633,-0.2359124079082053,1.8287561644261803,0.20233416974358817,-1.369749999607838,-0.9566364892450028,-0.972676550824309,-1.0118842
2018-11-28,-0.11370770504641621,-0.27745901235129633,0.6831354325184468,1.164403764660282,-0.29472986268948737,-1.1178979023088966,-0.9125037370574673,-0.970982901364051,1.3036966
2018-11-29,-0.11370770504641621,-0.27745901235129633,0.0015082842020131505,0.845742228155868,0.27446333533324585,-0.8518131457336602,-0.8490787037939688,-0.956178548615466,1.4039159
2018-11-30,-0.11370770504641621,-0.27745901235129633,0.13170672826245552,-0.27668613033512596,0.08002819330895128,-0.5945945599239683,-0.7711516578827126,-0.927810446041966,1.3916969
2018-12-03,-0.11370770504641621,-0.27745901235129633,-0.7796823801606412,0.8727715549129388,-0.0030771496530456023,-0.5304875231676414,-0.6987078462748166,-0.8897540768320079,0.34136772
2018-12-04,-0.11370770504641621,-0.27745901235129633,-0.4809918320219792,0.2560761260081912,-0.03130160575334642,-0.9072664155348333,-0.6714443400003159,-0.8535276883840934,-2.23971
2018-12-05,-0.11370770504641621,-0.27745901235129633,-0.4350394400006466,-0.3634644951867743,-0.05168593515911924,-0.9072664155348333,-0.6451130220233205,-0.8189629573505999,0.0
2018-12-06,-0.11370770504641621,-0.27745901235129633,1.5562308809237664,-1.3799094408671484,0.06121188924208405,-0.6473253104172769,-0.6011033061142558,-0.7819788047984726,1.2325168
2018-12-07,-0.11370770504641621,-0.27745901235129633,0.09341306824467836,0.9673741985626867,0.009467053058199207,-0.9273011454025202,-0.5867748186679794,-0.7493530920052206,-1.5827596
2018-12-10,-0.11370770504641621,-0.27745901235129633,-0.38142831597575855,0.6593821331465901,-0.009349251008668003,-0.2939250844249238,-0.5227897321613242,-0.7096843279324414,3.2237053
2018-12-11,-0.11370770504641621,-0.27745901235129633,-0.29718226393664876,-0.04195776639214234,-0.006213200330856807,-0.26351139572524124,-0.46685066520321783,-0.6660873009287925,0.16213655
2018-12-12,-0.11370770504641621,-0.27745901235129633,0.04746067622334576,0.06331434834592299,0.02985138246397203,0.05178628882149058,-0.3937521155284678,-0.6157089533688415,1.7032623
2018-12-13,-0.11370770504641621,-0.27745901235129633,-0.5116267600362009,-1.1693652113910178,-0.03600568177006322,0.11660729398844802,-0.32906196798013654,-0.5616885715671354,0.35294294
2018-12-14,-0.11370770504641621,-0.27745901235129633,-0.13634889186198468,1.0456169865436813,0.054939787886461644,-0.04022184471316317,-0.2877647279714531,-0.5097150855386776,-0.6551266
2018-12-17,-0.11370770504641621,-0.27745901235129633,-0.6111902760824216,0.033439829298634184,-0.18496808896609535,-0.6192124720717986,-0.29740050800949186,-0.470179587402477,-2.6863754
2018-12-18,-0.11370770504641621,-0.27745901235129633,1.0813894967033293,0.00427660832389983,0.1396131561873641,-0.13267399794821477,-0.26605370066649014,-0.43190402185102755,2.475214
2018-12-19,-0.11370770504641621,3.604135946155105,1.196270476756661,-0.46446882148951263,-0.007781225669762412,-1.291918526219388,-0.3558165366899461,-0.42031799797947067,-7.253236
2018-12-20,-0.11370770504641621,3.604135946155105,1.3877387768455467,-3.766314474287481,-1.1430315710374177,-1.2699244739496023,-0.4230085648124069,-0.42529741252102765,0.12007952
2018-12-21,-0.11370770504641621,3.604135946155105,0.40742108039045116,2.6140292365263442,0.8028878745444336,-1.915180447551928,-0.5665056220967547,-0.45970984555522015,-6.3343287
2018-12-24,-0.11370770504641621,3.604135946155105,-0.84861096819264,1.0029391021904115,0.3073918674502635,-1.972583724264742,-0.6849516036647816,-0.5123565516059438,-0.71228147
2018-12-25,-0.11370770504641621,3.604135946155105,-0.7796823801606412,-1.2134656918893965,-0.08304644193723129,-1.9725837242647424,-0.7726262119044223,-0.5730655312153481,0.0
2018-12-26,-0.11370770504641621,-0.27745901235129633,-0.9328570202317499,1.8344465490066169,0.14274920686517534,-0.6818566536112153,-0.7238209680260771,-0.6112834437615091,8.157337
2018-12-27,-0.11370770504641621,-0.27745901235129633,-0.618849008085977,-0.872753915135793,0.19135799237124898,-0.6459379993091592,-0.6762733067022826,-0.6317751761086443,0.2534032
2018-12-28,-0.11370770504641621,-0.27745901235129633,0.25424644031934246,0.7952400650044987,-0.18026401294937855,-0.7725315029813391,-0.6485218574286045,-0.6422837994019267,-0.98127127
2018-12-31,-0.11370770504641621,-0.27745901235129633,-0.7337299881393086,-1.5164786707976114,-0.1081348473597209,-0.9721366119358897,-0.6452901472880602,-0.6500054060097746,-1.5840828
2019-01-01,-0.11370770504641621,-0.27745901235129633,-0.7337299881393086,1.446077801391862,-0.015621352364290398,-0.9721366119358904,-0.6380852130936524,-0.6546548674064834,0.0
2019-01-02,-0.11370770504641621,-0.27745901235129633,-0.7184125241321977,0.08678718474022135,0.026715331786160826,-0.4110863305613107,-0.5773357777046255,-0.6454923704062652,3.5014033
2019-01-03,-0.11370770504641621,-0.27745901235129633,-0.7107537921286422,-1.4204534310027546,0.011035078397104799,-0.8167331882945448,-0.5692021032898934,-0.6364376072849214,-2.9038846
2019-01-04,-0.11370770504641621,-0.27745901235129633,-0.7720236481570857,0.3528126638756026,-0.07834236592051445,-0.1591321801697497,-0.4906817928093508,-0.6125433732126112,4.7138214
2019-01-07,-0.11370770504641621,-0.27745901235129633,-0.9405157522353053,0.5192564128533544,0.08473226932566807,-0.14938308094932862,-0.42515107285784315,-0.5795320367703404,0.07249117
2019-01-08,-0.11370770504641621,-0.27745901235129633,-0.6801188641144205,0.32649463519108635,-0.02032542838100723,0.2695380523087201,-0.3223420758717358,-0.5313220687575216,3.2451987
2019-01-09,-0.11370770504641621,-0.27745901235129633,0.009167016205568585,0.05122228111249654,0.09414042135910168,0.416049346783617,-0.22209236251850384,-0.47149589783210055,1.1927247
2019-01-10,-0.11370770504641621,-0.27745901235129633,0.05511940822690119,-0.5967702629846487,0.015739154413821614,0.41212106015660277,-0.14402924497690475,-0.4070814863956458,-0.020802021
2019-01-11,-0.11370770504641621,-0.27745901235129633,-0.27420606792598246,0.17996723224486016,0.00633100238038801,0.35642184233616137,-0.08831006712048285,-0.3437345695220131,-0.2773881
2019-01-14,-0.11370770504641621,-0.27745901235129633,-0.8179760401784183,-0.34639334144546635,-0.05795803651474165,0.5137203212885715,-0.02883157603892871,-0.2804444767494254,1.1057019
2019-01-15,-0.11370770504641621,-0.27745901235129633,-0.5728966160646444,0.8094660264555885,0.1396131561873641,0.8393772052738688,0.054594449647825755,-0.2121217100674338,2.4485826
2019-01-16,-0.11370770504641621,-0.27745901235129633,0.039801944219790324,0.30159920265167894,0.004762977041482411,0.6199583259686909,0.10113638668719395,-0.1475941653224259,-0.94662905
2019-01-17,-0.11370770504641621,-0.27745901235129633,0.30019883234067507,0.01779127170243527,-0.11911102473206012,0.6930375701996975,0.14213164873504572,-0.08727898410331737,0.51511526
2019-01-18,-0.11370770504641621,-0.27745901235129633,0.10873053225178923,-0.3926277161615086,-0.020325428381007215,0.8595237599036184,0.18909883644616987,-0.029067332285255362,1.1732936
2019-01-21,-0.11370770504641621,-0.27745901235129633,0.1010718002482338,0.29377492385357945,0.020443230430538417,0.8595237599036184,0.2210607518285376,0.024279591373456026,0.0
2019-01-22,-0.11370770504641621,-0.27745901235129633,0.27722263633000876,-0.04124646831958785,-0.026597529736629624,0.4192191005358528,0.2137196965794765,0.065400441608824,-1.6462207
2019-01-23,-0.11370770504641621,3.604135946155105,-0.42738070799709116,-1.0619592024352886,-0.13008720210439928,-0.09707069396599183,0.16686475658971225,0.08836141735775396,-2.215898
2019-01-24,-0.11370770504641621,-0.27745901235129633,-0.25888860391887164,-0.2674392553919174,0.08159621864785686,0.0962574568119511,0.14241076584320966,0.10154466950518554,1.0602951
2019-01-25,-0.11370770504641621,-0.27745901235129633,0.3231750283513414,1.1786297261113716,0.007899027719293615,0.46601033256917646,0.15394425062430825,0.11453697483444555,2.180612
2019-01-28,-0.11370770504641621,-0.27745901235129633,-0.389087047979314,0.09105497317554834,0.08630029466457367,0.21712151768929805,0.14159738017739257,0.12231263506990525,-1.0334849
2019-01-29,-0.11370770504641621,-0.27745901235129633,0.9052386606215543,0.19134800140573213,-0.004645174991951201,-0.26965464486596,0.09153242061406978,0.11791676632982596,-2.224183
2019-01-30,-0.11370770504641621,-0.27745901235129633,0.25424644031934246,-0.5007450231897919,-0.015621352364290405,0.4314608499882066,0.11714608720129632,0.11983151188329946,4.320681
2019-01-31,8.794478787447106,-0.27745901235129633,1.3647625808348804,2.862983561920417,0.8750170401340911,1.5268931757826256,0.3122519432701758,0.1627359815322127,10.816383
2019-02-01,8.794478787447106,-0.27745901235129633,1.0967069607104403,-1.3144700181921347,-0.4860289540359708,1.4008055304081932,0.4480884487164365,0.22586401992881106,-0.5879164
2019-02-04,-0.11370770504641621,-0.27745901235129633,-0.5116267600362009,-1.1359342019809564,-0.3637229776013339,1.5785389571161346,0.5856839395263896,0.3055439104651746,2.1362543
2019-02-05,-0.11370770504641621,-0.27745901235129633,0.4533734724117838,-0.010660651199744534,0.10198054805362969,1.6700853222939465,0.705151188682534,0.39462114480351673,1.1285067
2019-02-06,-0.11370770504641621,-0.27745901235129633,0.4763496684224501,0.11452780956984665,0.026715331786160826,1.5739069513744843,0.7806610266910851,0.48189497781050195,-0.39144754
2019-02-07,-0.11370770504641621,-0.27745901235129633,0.5605957204615598,-0.4573558407639678,-0.13949535413783293,1.0065367609157687,0.7830126342169127,0.5522127083343051,-2.410698
2019-02-08,-0.11370770504641621,-0.27745901235129633,0.5605957204615598,0.10670353077174725,0.03141940780287763,1.069108579254451,0.7837056729242904,0.6086138533035702,0.57097673
2019-02-11,-0.11370770504641621,-0.27745901235129633,-0.5499204200539781,0.3513900677304936,-0.03914173244787444,0.8564693178610427,0.7556890284617591,0.6477937714071831,-0.9203434
2019-02-12,-0.11370770504641621,-0.27745901235129633,-0.29718226393664876,-0.028443103013606936,0.01103507839710482,0.7512771266521052,0.7141921723495754,0.6703381962207929,-0.45238137
2019-02-13,-0.11370770504641621,-0.27745901235129633,0.06277814023045662,-0.0071041608369720784,0.007899027719293608,0.6114371176380845,0.6601861010163276,0.676921616768666,-0.58772564
2019-02-14,-0.11370770504641621,-0.27745901235129633,-0.18230128388331726,-0.017062333852735003,-0.17399191159375615,0.5933609672259635,0.6063486161317965,0.6707719830720692,-0.07314682
2019-02-15,-0.11370770504641621,-0.27745901235129633,-0.09805523184420749,-2.0606216963018005,-0.18653611430500094,0.3692520194255102,0.5386200439429286,0.651490266996527,-0.8844137
2019-02-18,-0.11370770504641621,-0.27745901235129633,-0.4350394400006466,-3.135393083931643,-0.07050223922598647,0.3692520194255096,0.4767374613125163,0.6229425413789531,0.0
2019-02-19,-0.11370770504641621,-0.27745901235129633,-0.13634889186198468,1.8436934239498255,0.3732489316842988,0.3335184845050256,0.41782913877396244,0.5876127072430436,-0.12923479
2019-02-20,-0.11370770504641621,-0.27745901235129633,-0.48865056402553464,2.25268981566866,-0.032869631092252015,0.36791299204203,0.36720463642981743,0.5486137905928545,0.16636848
2019-02-21,-0.11370770504641621,-0.27745901235129633,0.13936546026601096,1.058420351849662,0.06277991458098964,-0.07930719306429716,0.2929433768622964,0.5016673758437014,-1.5501976
2019-02-22,-0.11370770504641621,-0.27745901235129633,-0.09805523184420749,-0.7198248295365764,5.890102476560169e-05,0.18014391165353213,0.24910189803480612,0.45481355140301055,1.1559606
2019-02-25,-0.11370770504641621,-0.27745901235129633,-0.7796823801606412,0.7554073729414469,-0.014053327025384806,0.5275007397927994,0.2392775258520933,0.4152472097390931,1.6863227
2019-02-26,-0.11370770504641621,-0.27745901235129633,-0.3967457799828694,-0.25250199586827304,0.053371762547556045,0.43475238899751223,0.2207803402721743,0.37967176303767425,-0.2976477
2019-02-27,-0.11370770504641621,-0.27745901235129633,0.11638926425534467,0.06829343485380449,-0.004645174991951201,0.18396430852362963,0.1865647497554526,0.3439559061568145,-0.8042455
2019-02-28,-0.11370770504641621,-0.27745901235129633,-0.4809918320219792,-0.18777387126581396,-0.029733580414440828,-0.06621101676816123,0.13998368293782995,0.30550559168768254,-0.8353293
2019-03-01,-0.11370770504641621,-0.27745901235129633,-0.31249972794375963,-0.2731296399723533,-0.036005681770063226,0.06323558118042337,0.10834700427326584,0.26803670514831723,0.51409006
2019-03-04,-0.11370770504641621,-0.27745901235129633,-0.7490474521464194,-0.043380362537251395,0.022011255769444023,0.7388258146837339,0.13566084872261266,0.24385356332966915,3.1365514
2019-03-05,-0.11370770504641621,-0.27745901235129633,-0.24357113991176074,0.5078756436924826,-0.012485301686479214,1.1342990112854696,0.19564380079727992,0.23722658133385932,2.3241878
2019-03-06,-0.11370770504641621,-0.27745901235129633,0.18531785228734357,-0.2695731496095809,0.009467053058199221,1.2481777974363781,0.25148532788101574,0.2437663279140954,0.7298827
2019-03-07,-0.11370770504641621,-0.27745901235129633,2.1382945131939795,0.3862436732856639,0.053371762547556045,0.6032390048623077,0.252491796935745,0.24921154939902468,-1.9593
2019-03-08,-0.11370770504641621,-0.27745901235129633,1.3953975088491022,-0.01990752614295299,-0.0030771496530456023,0.6553604047601055,0.25289453420936386,0.25365312800927853,0.27788877
2019-03-11,-0.11370770504641621,-0.27745901235129633,-0.5958728120753107,-0.23116305369163817,-0.05325396049802485,0.9207905478825869,0.27482999990033447,0.2618578599612113,1.456368
2019-03-12,-0.11370770504641621,-0.27745901235129633,0.009167016205568585,-0.14011690040466268,-0.032869631092252015,0.8906123810159005,0.28455219745618826,0.27048326125499783,-0.08717775
2019-03-13,-0.11370770504641621,-0.27745901235129633,0.06277814023045662,-0.039823872174478914,-0.07207026456489206,1.0477057777482852,0.30220337254855667,0.28112655707056367,0.84341764
2019-03-14,-0.11370770504641621,-0.27745901235129633,3.9151203380188404,0.2589213182984092,-1.9066599110844458,0.4082476923494769,0.2746918140277945,0.2838073005585328,-1.8457592
2019-03-15,-0.11370770504641621,3.604135946155105,2.5288898453753066,-1.0527123274920804,1.6292372281476857,-0.2789043623245021,0.20121419919737854,0.27037078769998246,-2.462244
2019-03-18,-0.11370770504641621,3.604135946155105,0.1010718002482338,1.1245710725972302,0.27446333533324585,-0.9786087250219981,0.07803404281119056,0.23350092445925485,-3.3196747
2019-03-19,-0.11370770504641621,3.604135946155105,0.40742108039045116,-0.5917911764767674,-0.18810413964390657,-0.8161417073271192,-0.009938984357322154,0.1853501386352743,0.6854892
2019-03-20,-0.11370770504641621,-0.27745901235129633,1.479643560888212,-0.45024286003842273,0.31680001948369707,-0.2898259866439284,-0.03884122964912027,0.14070071828590625,2.3952484
2019-03-21,-0.11370770504641621,-0.27745901235129633,-0.044444107819319456,0.7198424693137223,0.01730717975272722,-0.20850278124817223,-0.0566801414871021,0.10119839719053574,0.38684607
2019-03-22,-0.11370770504641621,-0.27745901235129633,1.7323817170055413,0.27599247203971705,-0.11440694871534329,-0.44764145463124144,-0.09184044986033636,0.06214071106614551,-1.0476887
2019-03-25,-0.11370770504641621,-0.27745901235129633,-0.6954363281215313,0.29306362578102496,0.1145247507648745,-0.18330886608757002,-0.09956192352972007,0.02925720482006344,1.1865616
2019-03-26,-0.11370770504641621,-0.27745901235129633,-0.05210283982287489,-0.03271089144893391,-0.09872669532628728,-0.0018268294117926521,-0.09186035345757305,0.004583536563371239,0.8358836
2019-03-27,-0.11370770504641621,-0.27745901235129633,-0.3661108519686477,-0.7987789155901255,0.06905201593661205,-0.275392374485124,-0.10737955927370216,-0.018446283531461497,-1.0794342
2019-03-28,-0.11370770504641621,-0.27745901235129633,0.38444488437978486,0.6480013639857181,-0.03757370710896883,-0.3237707518541191,-0.12451704185618405,-0.04050418463676305,-0.1929164
2019-03-29,-0.11370770504641621,-0.27745901235129633,0.13170672826245552,-3.247778179395253,-0.31825024277307146,-0.15244614985686517,-0.12665985164361454,-0.058604893568931296,0.68861246
2019-04-01,-0.11370770504641621,-0.27745901235129633,0.1700003882802327,2.9362472633935304,0.4093135144791276,0.13632217684492887,-0.10745594315535326,-0.06901322502592855,1.2058258
2019-04-02,-0.11370770504641621,-0.27745901235129633,2.107659585179758,0.4260763653487156,-0.009349251008668003,0.7842006817468614,-0.033337915475455684,-0.06162298143405136,3.260231
2019-04-03,-0.11370770504641621,-0.27745901235129633,0.6371830404971142,-0.13727170811444472,0.1176608014426857,0.6646431586775599,0.015167505972387385,-0.04542509349770806,-0.37887692
2019-04-04,-0.11370770504641621,-0.27745901235129633,1.2881752607993262,-0.14722988113020768,0.18665391635453218,0.9240728007546446,0.07760939108608239,-0.019225828934158883,1.429069
2019-04-05,-0.11370770504641621,-0.27745901235129633,0.5912306484757816,0.19419319369595014,-0.10186274600409849,0.8654288676621711,0.11966460308278029,0.010651493114714979,-0.17043948
2019-04-08,-0.11370770504641621,-0.27745901235129633,0.016825748209124018,-0.23969863056229215,-0.23044082379435782,0.7057619592517695,0.13987497261659654,0.03883900896492692,-0.4495859
2019-04-09,-0.11370770504641621,-0.27745901235129633,0.27722263633000876,-0.28379911106067074,0.12079685212049691,1.0020480329957036,0.18059838251047364,0.0700245201551157,1.5148997
2019-04-10,-0.11370770504641621,-0.27745901235129633,0.6831354325184468,0.4780011246451938,0.003194951702576806,1.027910769110615,0.21040666151791976,0.10129384745928671,0.13514757
2019-04-11,-0.11370770504641621,-0.27745901235129633,0.2159527803015653,-0.13158132353400878,-0.1065668220208153,0.9566904772433357,0.22527032959026771,0.1294611864127837,-0.17434359
2019-04-12,-0.11370770504641621,-0.27745901235129633,-0.3048409959402042,0.16218478043099785,0.006331002380388003,1.1428786517089407,0.24916595235996014,0.15706218273433886,0.8957267
2019-04-15,-0.11370770504641621,-0.27745901235129633,0.8746037326073327,-0.7681930984702823,-0.45153239658004757,1.2060916971009494,0.26841995123489065,0.18322583726912867,0.30708313
2019-04-16,-0.11370770504641621,-0.27745901235129633,-0.32015845994731507,0.7760350170455275,0.4296978438849004,1.003036770405236,0.26918167072710936,0.20431828537531954,-0.4341781
2019-04-17,-0.11370770504641621,-0.27745901235129633,0.3538099563655631,-0.10312940063182896,0.01730717975272722,0.9788012552089154,0.2630395099101245,0.21988978366055925,-0.05031228
2019-04-18,-0.11370770504641621,-0.27745901235129633,0.6601592365077805,0.12092949222283712,-0.004645174991951201,0.8381407148588303,0.24704624328414596,0.22895557104693987,-0.27967095
2019-04-19,-0.11370770504641621,-0.27745901235129633,0.4380560084046729,-0.5761426188805684,-0.02973358041444082,0.8381407148588291,0.22901979806806064,0.23238564922940583,0.0
2019-04-22,-0.11370770504641621,-0.27745901235129633,-0.22825367590464987,0.7049052097900778,0.004762977041482404,1.30089564605727,0.2443822395982305,0.23838735501521902,1.7724991
2019-04-23,-0.11370770504641621,-0.27745901235129633,0.024484480212679453,-0.0782339680924216,0.16313353627094815,1.5770003948390166,0.2767043943327379,0.25004271148241686,1.2896776
2019-04-24,-0.11370770504641621,-0.27745901235129633,0.3997623483868957,-0.16430103487151557,-0.014053327025384806,1.222259172464672,0.2829879963186456,0.26069944980114174,-0.652951
2019-04-25,-0.11370770504641621,-0.27745901235129633,0.1010718002482338,-4.975521197630123,-1.4033237772957474,2.134527125468139,0.39954059707469064,0.2939401040548859,5.8494806
2019-04-26,-0.11370770504641621,-0.27745901235129633,0.3997623483868957,0.635909296752292,0.2133103471159274,1.7346967812629355,0.46414360294521256,0.33423185260605665,-0.9158611
2019-04-29,-0.11370770504641621,-0.27745901235129633,-0.6724601321108651,4.41716985045199,1.0145712952966899,1.9532413458582214,0.5429950747433017,0.38318589858827307,1.7181039
2019-04-30,-0.11370770504641621,-0.27745901235129633,-0.11337269585131836,0.07754030979701292,0.2133103471159274,1.6537754196553245,0.5807175571096731,0.43034827987392776,-0.7084966
2019-05-01,-0.11370770504641621,-0.27745901235129633,3.846191749986841,0.1052809346266382,-0.1285191767654937,1.572386425054287,0.5969015753878065,0.47151004549789644,-0.19131303
2019-05-02,-0.11370770504641621,-0.27745901235129633,0.8746037326073327,-0.2048450250071218,-0.04384580846459124,1.457703486285598,0.5945958548280345,0.5039505243220593,-0.25902987
2019-05-03,-0.11370770504641621,-0.27745901235129633,1.2269054047708827,-0.4986111289721284,0.043963610514122446,1.7039585837652897,0.6156874147915014,0.5343754241748785,1.5270352
2019-05-06,-0.11370770504641621,-0.27745901235129633,-0.44269817200420203,0.6871227579762155,-0.006213200330856807,1.3403725566620324,0.6050170777801643,0.5564526730381076,-0.8134246
2019-05-07,-0.11370770504641621,-0.27745901235129633,-0.1669838198762064,-0.6252221858868287,-0.015621352364290408,0.5204511657169408,0.5418501349503727,0.5607197676550082,-2.119869
2019-05-08,-0.11370770504641621,3.604135946155105,-0.013809179805097717,0.07754030979701294,-0.007781225669762405,0.47829860634926646,0.4809735398693236,0.55122441270774,-0.121206045
2019-05-09,-0.11370770504641621,-0.27745901235129633,0.20829404829800988,0.4154068942603981,0.028283357125066425,0.3099592184739774,0.41532160519030265,0.5297064756865408,-0.46955943
2019-05-10,-0.11370770504641621,-0.27745901235129633,2.32210408127931,-0.4189457448460249,-0.0046451749919512045,0.24970333479272128,0.3530598477968808,0.4992893683780427,-0.16432405
2019-05-13,-0.11370770504641621,3.604135946155105,-0.4197219759935357,-1.2113317976717328,-0.03757370710896883,-0.8364781953900439,0.22273998203772932,0.4473210367704464,-3.6104918
2019-05-14,-0.11370770504641621,3.604135946155105,1.0507545686891075,1.4062451093288104,-0.04541383380349683,-0.9410854543373876,0.10650402162363518,0.38109825224331606,-0.4461825
2019-05-15,-0.11370770504641621,-0.27745901235129633,1.249881600781549,0.3272059332636408,-0.02032542838100723,-0.12709540766015687,0.07251030964198425,0.32091157498705153,3.0653477
2019-05-16,-0.11370770504641621,-0.27745901235129633,0.46869093641889464,0.04624319460461509,0.2242865244882666,-0.0350691815157202,0.050293545482834615,0.26805111409123333,0.38653612
2019-05-17,-0.11370770504641621,-0.27745901235129633,0.24658770831578705,-0.28379911106067085,-0.20378439303296259,-0.28797906667900036,0.011034843053686391,0.21743784165910746,-0.9037912
2019-05-20,-0.11370770504641621,-0.27745901235129633,-0.8256347721819738,0.23758237612177432,0.08786832000347927,-0.6471338402558628,-0.05092328440262133,0.16380885149146343,-1.3923407
2019-05-21,-0.11370770504641621,-0.27745901235129633,-0.13634889186198468,0.07967420401467638,-0.020325428381007215,-0.34163564409003716,-0.07845573767862266,0.11506733540899358,1.1493087
2019-05-22,-0.11370770504641621,-0.27745901235129633,-0.0750790358335412,-0.04764815097257831,0.003194951702576806,-0.2699901011637848,-0.09631109907433551,0.07228784955825673,0.27053356
2019-05-23,-0.11370770504641621,-0.27745901235129633,-0.25888860391887164,-0.0341334875940429,5.890102476560169e-05,-0.8790104016172591,-0.16085624498069923,0.024377305076179172,-2.4012566
2019-05-24,-0.11370770504641621,-0.27745901235129633,0.016825748209124018,-3.154598131890614,-0.025029504397724025,-0.848616853867048,-0.21018250864470947,-0.024410885168667767,0.105047226
2019-05-27,-0.11370770504641621,-0.27745901235129633,-0.7413887201428639,2.8523140908321,-0.003077149653045596,-0.8486168538670487,-0.24911396576319791,-0.07169694791279467,0.0
2019-05-28,-0.11370770504641621,-0.27745901235129633,-0.5728966160646444,-0.3919164180889541,-0.6099029558095133,-0.318336671980335,-0.24369091240732893,-0.10837582640149306,1.794982
2019-05-29,-0.11370770504641621,-0.27745901235129633,0.009167016205568585,0.32791723133619527,0.6131568085368556,-0.6323402992563013,-0.26267663045480233,-0.14174489706542337,-1.1502326
2019-05-30,-0.11370770504641621,-0.27745901235129633,0.10873053225178923,-0.5633392535745875,0.014171129074916017,-0.4995948927368575,-0.26821473405140295,-0.16961452198765775,0.45007467
2019-05-31,-0.11370770504641621,3.604135946155105,-0.10571396384776292,-1.9553495815637347,-0.03286963109225202,-1.2239802589714908,-0.3331461745038725,-0.20567909242872326,-3.027153
2019-06-03,-0.11370770504641621,3.604135946155105,-0.687777596117976,2.284698228933612,-0.09559064464847608,-2.273564345666151,-0.529491289838747,-0.27616620994119717,-7.5055003
2019-06-04,-0.11370770504641621,3.604135946155105,0.192976584290899,-2.522965443462222,-0.2618013305724698,-1.7945232459803728,-0.6431024865912279,-0.35664743564840445,2.0408154
2019-06-05,-0.11370770504641621,3.604135946155105,-0.22059494390109444,1.9617689039938713,0.2854395127055851,-1.7011132674379412,-0.7200925577293975,-0.43735834880018143,0.39999485
2019-06-06,-0.11370770504641621,-0.27745901235129633,-0.3048409959402042,0.44243622101746916,0.07062004127551766,-1.6775963009643344,-0.7731262508444112,-0.5131730034490022,0.095140934
2019-06-07,-0.11370770504641621,-0.27745901235129633,-0.20527747989398357,0.684988863758552,0.059643863903178454,-0.9866772181407386,-0.7533009984436114,-0.5696207339854151,2.982235
2019-06-10,-0.11370770504641621,-0.27745901235129633,-0.8639284321997509,-0.08748084303563006,-0.007781225669762405,-0.8037286844217874,-0.7156868443797424,-0.6068027451957353,0.8479953
2019-06-11,-0.11370770504641621,-0.27745901235129633,-0.27420606792598246,0.01138958904944484,5.890102476560169e-05,-0.41676526458274044,-0.6446451145020206,-0.6214837818674437,1.8762112
2019-06-12,-0.11370770504641621,-0.27745901235129633,0.7137703605326685,-0.32363180312372253,-0.0015091243141399971,-0.7386630592859144,-0.6179958489047683,-0.6275775693603803,-1.7181456
2019-06-13,-0.11370770504641621,-0.27745901235129633,0.6065481124828924,-1.8671486205669776,-0.09402261930957048,-0.4555294155114206,-0.5660122631129949,-0.6214293530494684,1.3882637
2019-06-14,-0.11370770504641621,-0.27745901235129633,0.9894847126606642,2.016538855580568,-0.07991039125942008,-0.04559778908968453,-0.47903508663103234,-0.5980670573391796,2.1750212
2019-06-17,-0.11370770504641621,-0.27745901235129633,-0.8409522361890847,-0.5420003113979528,0.22585454982717218,0.6111526191929275,-0.32359298945576137,-0.5464153444926769,4.235363
2019-06-18,-0.11370770504641621,-0.27745901235129633,0.9971434446642196,0.8308049686322236,0.04553163585302805,0.5450860810685284,-0.20674326565653708,-0.48031570494986314,-0.28569698
2019-06-19,-0.11370770504641621,-0.27745901235129633,2.7203581454641923,-0.044091660609805836,-0.04384580846459124,0.41949892386500615,-0.1264143927315247,-0.41040205965771936,-0.5252838
2019-06-20,-0.11370770504641621,-0.27745901235129633,1.3494451168277695,0.06544824256358647,-0.04541383380349683,0.5949229788431125,-0.04215819667536742,-0.3366044113060678,1.0934472
2019-06-21,-0.11370770504641621,-0.27745901235129633,0.24658770831578705,-0.1266022370261273,0.007899027719293608,0.7295702204726149,0.03937228185971533,-0.2602775555630516,0.8494735
2019-06-24,-0.11370770504641621,-0.27745901235129633,-0.2895235319330933,0.007833098686672334,0.0016269263636712037,0.8504921952741942,0.11618779190418332,-0.18292715448880556,0.76384544
2019-06-25,-0.11370770504641621,-0.27745901235129633,0.09341306824467836,-0.5149709846408819,-0.021893453719912814,0.31659452855321524,0.13098650537621642,-0.11790873030085725,-1.9522369
2019-06-26,-0.11370770504641621,-0.27745901235129633,0.843968804593111,0.4125617019701802,-0.020325428381007222,0.15934415255535808,0.12542150087119439,-0.0670740637449085,-0.6248653
2019-06-27,-0.11370770504641621,-0.27745901235129633,1.303492724806437,-0.02275271843317093,-0.03757370710896883,0.34612166042723147,0.13720096417940894,-0.023908466541507696,0.9804964
2019-06-28,-0.11370770504641621,-0.27745901235129633,0.25424644031934246,0.284528048910371,0.12236487745940251,0.6742096184617851,0.18070356804951782,0.019848844600373717,1.8469691
2019-07-01,-0.11370770504641621,-0.27745901235129633,-0.5039680280326455,-0.29304598600387927,-0.04070975778678003,0.6742096184617851,0.21004673846694966,0.06107698445364302,0.0
2019-07-02,-0.11370770504641621,-0.27745901235129633,0.25424644031934246,-0.17923829439515995,-0.07834236592051447,0.8590883206759716,0.249972267808113,0.10252580232673948,1.0362744
2019-07-03,-0.11370770504641621,-0.27745901235129633,0.10873053225178923,-0.2809539187704529,-0.13949535413783296,1.0514303190197332,0.2999345391350653,0.14627947826238813,1.1282086
2019-07-04,-0.11370770504641621,-0.27745901235129633,2.6131358974144163,0.6273737198816378,-0.08461446727613685,1.0514303190197332,0.33297994506898987,0.18828977803238953,0.0
2019-07-05,-0.11370770504641621,-0.27745901235129633,-0.618849008085977,0.1244859825856096,0.24780690457185062,0.9002973841426268,0.34359063565199766,0.22414804069663974,-0.40568113
2019-07-08,-0.11370770504641621,-0.27745901235129633,-0.7796823801606412,-0.04409166060980583,0.02985138246397203,0.7765111185939837,0.33826442897126713,0.2517052156953887,-0.32586455
2019-07-09,-0.11370770504641621,-0.27745901235129633,0.5605957204615598,-0.2781087264802349,0.014171129074916014,1.126786358608747,0.36552376580798995,0.27953136463487355,1.7623663
2019-07-10,-0.11370770504641621,-0.27745901235129633,0.13170672826245552,0.15578309777800742,0.058075838564272855,1.4279658074054922,0.4187723784725947,0.31308378212916094,1.7669797
2019-07-11,-0.11370770504641621,-0.27745901235129633,-0.05210283982287489,0.06900473292635895,-0.07520631524270327,1.1322741537490109,0.4365305027910302,0.3436913697496731,-0.73990226
2019-07-12,-0.11370770504641621,-0.27745901235129633,0.2619051723228979,-0.2781087264802349,0.017307179752727216,1.4354937950103581,0.48284706510727493,0.3779989799851193,1.8088698
2019-07-15,-0.11370770504641621,-0.27745901235129633,-0.7030950601250868,-3.0422130364270035,-0.16615178489922813,1.2471241144074932,0.5003867514188028,0.40916440148579236,-0.46858788
2019-07-16,-0.11370770504641621,-0.27745901235129633,0.7137703605326685,2.8160378891318207,0.04709966119193366,1.2328304560478458,0.5049748882245594,0.4350696642997095,-0.034332275
2019-07-17,-0.11370770504641621,-0.27745901235129633,0.8133338765788892,-0.7589462235270739,0.10354857339253529,0.8177220005067174,0.4776838238475132,0.45000673770795685,-1.0007799
2019-07-18,-0.11370770504641621,-0.27745901235129633,0.8746037326073327,1.2476256391491578,-0.010917276347573609,0.6180542648012319,0.4369521669262343,0.45331914912223664,-0.50545335
2019-07-19,-0.11370770504641621,-0.27745901235129633,0.16234165627667727,0.10456963655408372,0.0016269263636712003,0.16974056376662702,0.37074722443699804,0.4419301585337362,-1.2053013
2019-07-22,-0.11370770504641621,-0.27745901235129633,-0.8869046282104173,-0.5540923786313792,0.01887520509163282,0.6492575730273189,0.35555191720866164,0.4295967640599225,1.9963741
2019-07-23,-0.11370770504641621,-0.27745901235129633,-0.3737695839722031,-1.4908719401856492,-0.028165555075535222,0.6537716079292404,0.33735419793197025,0.4158711776714493,0.0197649
2019-07-24,-0.11370770504641621,-0.27745901235129633,0.08575433624112293,-2.6154341928943072,-0.6647838426712094,0.9100287649396346,0.34188308326109085,0.40585106975374335,1.136589
2019-07-25,-0.11370770504641621,-0.27745901235129633,1.3494451168277695,-1.5449305936997908,-1.1132390895982114,0.19267572373626515,0.2953841195366137,0.3879747646165227,-1.9300282
2019-07-26,-0.11370770504641621,-0.27745901235129633,0.6218655764900033,3.7385914892350014,1.4771387702738423,0.03513214726405842,0.24234152938398928,0.362425909740796,-0.47830343
2019-07-29,-0.11370770504641621,3.604135946155105,-0.5882140800717552,2.136036931769723,0.3011197660946411,-0.5344880270471539,0.15341207064314702,0.3231291169584045,-1.9073844
2019-07-30,-0.11370770504641621,-0.27745901235129633,-0.1669838198762064,0.024904252427980243,-0.015621352364290405,-0.3735605109333783,0.0914141841616889,0.27854487951217777,0.5613923
2019-07-31,-0.11370770504641621,-0.27745901235129633,-0.4350394400006466,-0.29020079371366125,-0.03600568177006324,-0.7607698608566034,0.008193656310176194,0.22523037340904073,-1.4261067
2019-08-01,-0.11370770504641621,-0.27745901235129633,-0.18230128388331726,0.12306338644050056,0.04082755983631125,-0.9523523099822634,-0.07628952636079607,0.16466390334264686,-0.7722795
2019-08-02,-0.11370770504641621,3.604135946155105,-0.20527747989398357,-2.3792832328062143,0.02514730644725522,-1.3789053955604753,-0.18512033824806193,0.09313288787613892,-1.9249678
2019-08-05,-0.11370770504641621,3.604135946155105,-0.5499204200539781,2.5500124099964396,-0.004645174991951208,-2.013607812949855,-0.35118560705835,0.0006935297388558636,-3.8567364
2019-08-06,-0.11370770504641621,3.604135946155105,-0.3507933879615368,-0.2567697843036,-0.012485301686479208,-1.571239443635983,-0.44937807634168,-0.09407990965755333,1.5297413
2019-08-07,-0.11370770504641621,-0.27745901235129633,-0.08273776783709663,-0.08392435267285761,-0.06266211253145845,-1.4718343512966032,-0.5168258287805158,-0.18420112177922077,0.34686327
2019-08-08,-0.11370770504641621,-0.27745901235129633,-0.48865056402553464,-0.73618468520533,0.040827559836311235,-0.7609015340995241,-0.5113245473165239,-0.2551315313085997,2.7059197
2019-08-09,-0.11370770504641621,-0.27745901235129633,-0.15932508787265096,-1.7127969388226523,-0.2696414572669978,-0.9984583275462846,-0.5292900720433384,-0.31568549232023063,-1.2147665
2019-08-12,-0.11370770504641621,-0.27745901235129633,-0.8409522361890847,2.705786687885874,0.18978996703234333,-1.2383043689029487,-0.567307384303926,-0.372190325028427,-1.3202071
2019-08-13,-0.11370770504641621,-0.27745901235129633,-0.687777596117976,-2.3181115985665275,0.09100437068129048,-0.8207950771168909,-0.5594130545682783,-0.4157201792974678,1.6615391
2019-08-14,-0.11370770504641621,3.604135946155105,0.36146868836911855,2.0912251531987893,0.05337176254755605,-1.5730954224161398,-0.6457185993996115,-0.46884536424269424,-4.6378317
2019-08-15,-0.11370770504641621,-0.27745901235129633,0.7061116285291131,0.593231412399022,-0.009349251008668007,-1.2139677157780868,-0.6769641778888023,-0.5179712134157242,1.6025782
2019-08-16,-0.11370770504641621,-0.27745901235129633,-0.12869015985842924,-0.63020127239471,-0.09088656863175928,-1.078697455710522,-0.6841950619205499,-0.5588052193700922,0.6079197
2019-08-19,-0.11370770504641621,-0.27745901235129633,-0.7720236481570857,0.2404275684119924,0.09884449737581849,-0.7825701690829202,-0.6575610486354616,-0.5858246165791952,1.3445854
2019-08-20,-0.11370770504641621,-0.27745901235129633,0.5682544524651153,-0.24396641899761914,-0.09559064464847608,-1.003893818008652,-0.6578532548623067,-0.6075020973904152,-1.2676597
2019-08-21,-0.11370770504641621,-0.27745901235129633,1.6864293249842086,0.19774968405872265,0.05964386390317845,-1.0284285694972877,-0.6561273782182574,-0.6244781056826223,-0.14144778
2019-08-22,-0.11370770504641621,-0.27745901235129633,0.1010718002482338,-0.4530880523286407,-0.05952606185364724,-1.1744536130322631,-0.6665966019778929,-0.6402789367792949,-0.82266927
2019-08-23,-0.11370770504641621,3.604135946155105,-0.2359124079082053,0.6259511237365288,0.18038181499890976,-1.5541083915873144,-0.7170951613150014,-0.6636279444759136,-2.3566186
2019-08-26,-0.11370770504641621,-0.27745901235129633,-0.8562697001961955,0.2532309337179732,-0.10343077134300409,-1.1862537687307415,-0.7224448513921758,-0.6834415654774195,1.4683604
2019-08-27,-0.11370770504641621,-0.27745901235129633,-0.3737695839722031,-0.42463612942646084,-0.004645174991951201,-1.0568970749145676,-0.7107391522144691,-0.6968102401839804,0.521183
2019-08-28,-0.11370770504641621,-0.27745901235129633,0.07809560423756749,0.1934818956233956,0.02514730644725522,-0.9914056061928173,-0.6910869383485242,-0.7033378800104423,0.25371313
2019-08-29,-0.11370770504641621,-0.27745901235129633,-0.19761874789042813,-0.12517964088101835,-0.036005681770063226,-0.47732894671257947,-0.6285649917277104,-0.6953020604190514,2.0961761
2019-08-30,-0.11370770504641621,-0.27745901235129633,-0.6418252040966433,0.3940679520837634,0.08159621864785686,-0.4644076779312388,-0.5739978372056442,-0.6773023063826323,0.0538826
2019-09-02,-0.11370770504641621,-0.27745901235129633,-0.8792458962068618,0.027749444718198204,-0.03757370710896883,-0.4644076779312382,-0.5273852734824936,-0.653018195193324,0.0
2019-09-03,-0.11370770504641621,-0.27745901235129633,-0.5346029560468673,-0.007815458909526568,-0.003077149653045601,-0.8856892872696503,-0.5236329889107725,-0.6327952251357837,-1.7665744
2019-09-04,-0.11370770504641621,-0.27745901235129633,-0.12869015985842924,-0.47442699450527565,5.890102476560169e-05,-0.23731217257037662,-0.4651322838883978,-0.6042116317375633,2.6043057
2019-09-05,-0.11370770504641621,-0.27745901235129633,0.40742108039045116,0.05193357918505105,-0.009349251008668007,0.18800813984113482,-0.37529908761628544,-0.5622954083868448,2.0091891
2019-09-06,-0.11370770504641621,-0.27745901235129633,1.0124609086713305,0.1259085787307186,-0.050117909820213635,-0.2546576229782178,-0.34084843252381825,-0.521457084169257,-1.7862678
2019-09-09,-0.11370770504641621,-0.27745901235129633,-0.618849008085977,0.1415571363269175,0.025147306447255213,-0.10853436250468236,-0.2986768769038581,-0.4798438434477412,0.6773591
2019-09-10,-0.11370770504641621,-0.27745901235129633,-0.20527747989398357,-2.145977465008339,-0.11911102473206012,-0.4346987796989753,-0.29341721414128463,-0.44543792653821546,-1.3721108
2019-09-11,-0.11370770504641621,-0.27745901235129633,-0.029126643812208586,2.0812669801830266,0.13647710550955294,-0.15506196814041784,-0.2631012239058658,-0.4114846132529092,1.2461782
2019-09-12,-0.11370770504641621,-0.27745901235129633,-0.05210283982287489,0.00783309868667231,0.020443230430538417,-0.28846901553749504,-0.25025715373471435,-0.38159834618108535,-0.5411446
2019-09-13,-0.11370770504641621,-0.27745901235129633,0.1240479962589001,-0.05689502591578675,-0.03286963109225202,-0.3263620151694463,-0.24310438577469895,-0.3561725706114438,-0.14935732
2019-09-16,-0.11370770504641621,-0.27745901235129633,-0.8715871642033064,0.08180809823233987,0.012603103736010412,-0.46194947405697717,-0.24808584556273286,-0.3368882808679521,-0.51819086
2019-09-17,-0.11370770504641621,-0.27745901235129633,-0.40440451198642485,-0.030576997231270435,-0.0030771496530456023,-0.19738325557156114,-0.23137271246549854,-0.3179167883882842,0.9988189
2019-09-18,-0.11370770504641621,-0.27745901235129633,1.1503180847353283,0.17072035730165183,0.017307179752727216,-0.18878134493729878,-0.2176618057557296,-0.29983216315623923,0.031900406
2019-09-19,-0.11370770504641621,-0.27745901235129633,0.7597227525540011,-0.6166866090161747,-0.029733580414440824,0.09697514953952843,-0.18510982633681275,-0.27846173624652065,1.0630369
2019-09-20,-0.11370770504641621,-0.27745901235129633,1.004802176667775,-0.1330039196791177,0.011035078397104813,0.059553720759728306,-0.16248864780936195,-0.2565685185736062,-0.11044741
2019-09-23,-0.11370770504641621,-0.27745901235129633,-0.7337299881393086,-0.8265195404197508,-0.04227778312568564,-0.4647346549902099,-0.17982032885225185,-0.2427291697224505,-1.637435
2019-09-24,-0.11370770504641621,3.604135946155105,0.5376195244508936,1.3308475136380338,0.02985138246397203,-1.1953658869809187,-0.25499942724921393,-0.24759960203557077,-2.9654264
2019-09-25,-0.11370770504641621,3.604135946155105,0.009167016205568585,-0.1386943042595537,0.014171129074916017,-0.9447132040745845,-0.2969471324776016,-0.26039106121136174,0.8384824
2019-09-26,-0.11370770504641621,3.604135946155105,0.9818259806571087,0.06473694449103196,0.004762977041482404,-1.2590204758100896,-0.3587130522682239,-0.2837218426690797,-1.4715552
2019-09-27,-0.11370770504641621,-0.27745901235129633,0.17765912028378814,-0.3456820433729119,-0.03757370710896883,-1.571508153076495,-0.43882356047480464,-0.3193740967213809,-1.671195
2019-09-30,-0.11370770504641621,-0.27745901235129633,-0.794999844167752,0.06118045412825947,0.03455545848068883,-1.3981808235595976,-0.48848300603553924,-0.35842630665720016,0.5533576
2019-10-01,-0.11370770504641621,-0.27745901235129633,-0.2512298719153162,0.36703862532669257,-0.003077149653045596,-1.6324193472527793,-0.5494857404229123,-0.4026038533945681,-1.2747109
2019-10-02,-0.11370770504641621,-0.27745901235129633,1.2881752607993262,-0.8492810787414947,-0.014053327025384813,-1.751690550879272,-0.6070147588529881,-0.4501450596220033,-0.68823695
2019-10-03,-0.11370770504641621,-0.27745901235129633,0.26956390432645333,0.5747376625126053,-0.015621352364290412,-0.9278834169475736,-0.5952459451587574,-0.48568241892196007,2.737689
2019-10-04,-0.11370770504641621,-0.27745901235129633,2.6590882894357493,0.45097179788812297,0.01887520509163282,-0.764774477253568,-0.5701475431122943,-0.508790128920476,0.59649944
2019-10-07,-0.11370770504641621,-0.27745901235129633,-0.5499204200539781,0.0746951175067949,0.029851382463972027,-0.8633197717373174,-0.5551407805258156,-0.5240940762679863,-0.4267156
2019-10-08,-0.11370770504641621,-0.27745901235129633,-0.389087047979314,-3.1033846706666908,-0.1112708980375321,-1.1052549783725247,-0.5609775557678464,-0.5375749365888209,-1.0741293
2019-10-09,-0.11370770504641621,-0.27745901235129633,0.04746067622334576,2.6666652938953765,0.08630029466457367,-0.7549794316275438,-0.5387277043589803,-0.5436414895225844,1.1814356
2019-10-10,-0.11370770504641621,-0.27745901235129633,0.6984528965255576,0.3777080964150099,-0.0015091243141399971,-0.7251669828118841,-0.5158560640267353,-0.5436447446871492,0.1000762
2019-10-11,-0.11370770504641621,-0.27745901235129633,-0.3507933879615368,-0.3414142549375849,0.02514730644725522,-0.09182191611339328,-0.44895701945993277,-0.5294612430584089,2.310729
2019-10-14,-0.11370770504641621,-0.27745901235129633,-0.5805553480681999,0.02348165628287126,-0.10656682202081529,-0.23424695264264742,-0.4041224288186055,-0.5086071573288561,-0.49405694
2019-10-15,-0.11370770504641621,-0.27745901235129633,0.30019883234067507,-0.2802426206978983,0.08943634534238488,0.4697728775784839,-0.3053321098098301,-0.47097516036446807,3.0608892
2019-10-16,-0.11370770504641621,-0.27745901235129633,0.1470241922695664,0.39833574051909026,0.01573915441382161,0.5416979855293504,-0.2198698527123978,-0.42274708248615206,0.34941435
2019-10-17,-0.11370770504641621,-0.27745901235129633,0.3078575643442305,0.19703838598616813,0.04866768653083924,0.6353327177481308,-0.1438433410186285,-0.3680430127305777,0.4431486
2019-10-18,-0.11370770504641621,-0.27745901235129633,1.6557943969699869,-0.31225103396285064,-0.037573707108968825,-0.10991698002350045,-0.13528299946422592,-0.32246451559610845,-2.3845732
2019-10-21,-0.11370770504641621,-0.27745901235129633,-0.3661108519686477,0.298754010361461,-0.009349251008668005,0.34847731319305736,-0.08668541157851126,-0.2756964807074806,2.1038413
2019-10-22,-0.11370770504641621,3.604135946155105,2.1689294412082014,-0.05262723748045978,-0.0046451749919512045,-0.5993980997209898,-0.13196154763619433,-0.24788296800688187,-3.9102018
2019-10-23,-0.11370770504641621,-0.27745901235129633,2.130635781190424,-0.6202430993789472,-0.16771981023813373,-0.17506221826688986,-0.1266815221317244,-0.22451251554494697,2.0895004
2019-10-24,-0.11370770504641621,-0.27745901235129633,4.366985526228611,0.5249467974337905,0.16156551093204255,-0.1503100718624583,-0.12125072382236934,-0.2046645395324969,0.12356043
2019-10-25,-0.11370770504641621,-0.27745901235129633,1.7783341090268738,0.002142714106236381,-0.007781225669762405,0.016214834895858572,-0.1016772734267453,-0.1846355607699631,0.8101702
2019-10-28,-0.11370770504641621,-0.27745901235129633,-0.42738070799709116,0.0867871847402213,0.00946705305819921,0.18043418898825186,-0.07124590359487229,-0.16215933147707806,0.80366135
2019-10-29,-0.11370770504641621,-0.27745901235129633,0.7061116285291131,0.04695449267716959,0.004762977041482404,0.16725944815178861,-0.05026298469479415,-0.13972886885206204,-0.047516823
2019-10-30,-0.11370770504641621,-0.27745901235129633,0.43039727640111747,-3.2890334676034136,-0.9533005050298401,0.006333550876919795,-0.047596954182128746,-0.12121916047168951,-0.55992603
2019-10-31,-0.11370770504641621,-0.27745901235129633,3.103294745641964,2.0862460666909084,1.4567544408680693,0.4050373949619986,-0.010229011595496931,-0.09848743029355032,1.8061042
2019-11-01,-0.11370770504641621,-0.27745901235129633,2.145953245197535,0.40260352895441737,-0.6522396399599646,0.613700006887496,0.03816391272352341,-0.07004020837906971,1.0279179
2019-11-04,-0.11370770504641621,-0.27745901235129633,-0.3048409959402042,0.5000513648943832,0.1051165987314409,0.7271739513813982,0.08506893180649751,-0.03733610701411815,0.56812763
2019-11-05,-0.11370770504641621,-0.27745901235129633,1.249881600781549,0.11310521342473764,0.03925953449740564,0.6542728739045842,0.11376535666221994,-0.005087678958033708,-0.20542145
2019-11-06,-0.11370770504641621,-0.27745901235129633,1.0967069607104403,0.13728934789159053,0.004762977041482404,0.1684383356692131,0.10178698719758171,0.018171020992015757,-1.4254868
2019-11-07,-0.11370770504641621,-0.27745901235129633,0.43039727640111747,-4.076440433921241,-0.319818268111977,-0.017341351985752464,0.0761253906917799,0.03133637675024497,-0.58992505
2019-11-08,-0.11370770504641621,-0.27745901235129633,0.7980164125717784,3.6667503839069973,0.3073918674502635,0.04173245788674482,0.05709392937066323,0.03783299351098073,0.22056103
2019-11-11,-0.11370770504641621,-0.27745901235129633,-0.5882140800717552,0.4957835764590562,0.029851382463972023,-0.17237236065780726,0.025315926157129617,0.03629168373980183,-0.64451694
2019-11-12,-0.11370770504641621,-0.27745901235129633,-0.02146791180865315,-0.05831762206089574,-0.004645174991951203,0.48342037493091666,0.05093403026918205,0.04049101745637093,2.5631547
2019-11-13,-0.11370770504641621,-0.27745901235129633,0.8669450006037772,0.03486242544374317,0.02985138246397203,0.2577806228787307,0.05365745801847579,0.0444279939341706,-0.6581962
2019-11-14,-0.11370770504641621,-0.27745901235129633,0.44571474040822834,-0.47584959065038457,-0.07207026456489206,0.25053653475735854,0.052058542455391564,0.04723852116688494,-0.020706654
2019-11-15,-0.11370770504641621,-0.27745901235129633,0.23127024430867618,0.4964948745316107,0.04866768653083924,0.5097233268178876,0.06899217537721174,0.05307776116417034,1.0095835
2019-11-18,-0.11370770504641621,-0.27745901235129633,-0.687777596117976,-0.04480295868236033,0.03141940780287763,0.788637203113853,0.10410377040665654,0.06519465262658937,1.1788726
2019-11-19,-0.11370770504641621,-0.27745901235129633,-0.1440076238655401,0.056201367620378036,-0.06266211253145845,1.001584100212357,0.14887578541278945,0.08438218090683962,0.97265244
2019-11-20,-0.11370770504641621,-0.27745901235129633,-0.212936211897539,-0.05547242977067777,0.05650781322536725,0.6280414582355738,0.15965705435837346,0.10201839793760656,-0.90809464
2019-11-21,-0.11370770504641621,-0.27745901235129633,0.016825748209124018,0.0007201179611273738,-0.028165555075535222,0.6802443792691234,0.16822576780781068,0.11794438817301531,0.21264553
2019-11-22,-0.11370770504641621,-0.27745901235129633,-0.06742030382998576,-0.865640934410248,0.0031949517025768033,0.7931239845944719,0.1801360392659384,0.13321078250759213,0.44965744
2019-11-25,-0.11370770504641621,-0.27745901235129633,-0.6341664720930879,0.8969556893797915,0.007899027719293608,0.9155279872461082,0.19540865220185433,0.14866249284233107,0.48787594
2019-11-26,-0.11370770504641621,-0.27745901235129633,-0.18230128388331726,0.07896290594212188,-0.017189377703196014,0.7192765645774419,0.19344257122924635,0.16060694883893037,-0.41042566
2019-11-27,-0.11370770504641621,-0.27745901235129633,0.05511940822690119,-0.28877819756855233,-0.06736618854817526,1.10236653066805,0.2203624745246502,0.17587094486540003,1.5228391
2019-11-28,-0.11370770504641621,-0.27745901235129633,-0.6111902760824216,-1.4410810751068348,5.890102476560169e-05,1.10236653066805,0.23626154726702728,0.1914535788853583,0.0
2019-11-29,-0.11370770504641621,-0.27745901235129633,1.0507545686891075,1.5570403007103635,-0.22103267176092423,1.006683058778215,0.23938308984511414,0.20458161682746687,-0.17821789
2019-12-02,-0.11370770504641621,-0.27745901235129633,-0.794999844167752,-0.2048450250071218,0.2964156900779243,0.5098237561185118,0.2150698061691799,0.20992835600734622,-0.96211433
2019-12-03,-0.11370770504641621,-0.27745901235129633,0.1470241922695664,-0.24681161128783702,-0.012485301686479208,0.29818858767419104,0.18120501646940088,0.20702463600137413,-0.44065714
2019-12-04,-0.11370770504641621,-0.27745901235129633,-0.1210314278548738,0.3976244424465357,-0.015621352364290412,0.271046256322393,0.1487163138752001,0.19781235127770988,-0.05532503
2019-12-05,-0.11370770504641621,-0.27745901235129633,0.6142068444864479,0.21055304936470354,0.007899027719293608,0.3920237456769374,0.12603986170749884,0.18563392644325172,0.3271103
2019-12-06,-0.11370770504641621,-0.27745901235129633,-0.2895235319330933,-1.6189055932454588,-0.10970287269862651,0.6902164513569883,0.1227551181258657,0.1751946486782226,0.8477092
2019-12-09,-0.11370770504641621,-0.27745901235129633,-0.7796823801606412,1.369968907628531,0.01417112907491601,0.7396548629329324,0.11929343506596289,0.16610916812030319,0.14424324
2019-12-10,-0.11370770504641621,-0.27745901235129633,-0.7030950601250868,-0.10312940063182895,0.06591596525880086,0.5962087238792161,0.10736847440045401,0.15631206664542324,-0.23343563
2019-12-11,-0.11370770504641621,-0.27745901235129633,0.4150798123940066,0.12661987680327305,-0.0077812256697623984,0.8497122702812767,0.10941853303198969,0.14890910540435087,0.6919861
2019-12-12,-0.11370770504641621,-0.27745901235129633,-0.15932508787265096,-0.6728791567479797,-0.08461446727613686,-0.516815181361184,0.0464585842432384,0.12963592552966902,-2.7242124
2019-12-13,-0.11370770504641621,3.604135946155105,-0.013809179805097717,-2.404889963418176,-0.15987968354360577,-0.9817673707767741,-0.03513297572802217,0.09691569210053318,-1.3418019
2019-12-16,-0.11370770504641621,-0.27745901235129633,-0.8639284321997509,2.9042388501285776,0.2650551832998123,-0.2559691763595471,-0.059408886245941296,0.06559173925283522,1.9628048
2019-12-17,-0.11370770504641621,-0.27745901235129633,-0.2359124079082053,0.20984175129214902,0.1082526494092521,-0.17588606231254703,-0.07525941475512463,0.037171433699082684,0.2374649
2019-12-18,-0.11370770504641621,-0.27745901235129633,0.33849249235845225,0.16076218428588887,-0.028165555075535222,0.4466897807526205,-0.044269916772517445,0.02100658797618842,2.0716786
2019-12-19,-0.11370770504641621,-0.27745901235129633,0.4763496684224501,0.03841891580651563,0.03455545848068883,0.8731358875964284,0.017011608232541952,0.021069608417841473,1.7580271
2019-12-20,-0.11370770504641621,-0.27745901235129633,0.5605957204615598,-0.09957291026905649,-0.04698185914240244,0.8998786923185778,0.06479090932741602,0.03125174224005353,0.1164794
2019-12-23,-0.11370770504641621,-0.27745901235129633,-0.9251982882281944,0.08820978088533032,-0.04698185914240244,0.8730529224226167,0.09748492924199564,0.04633029605585807,-0.058174133
2019-12-24,-0.11370770504641621,-0.27745901235129633,-0.794999844167752,-0.04764815097257831,-0.01405332702538481,0.6305542192238507,0.10764258688640332,0.060547095215864835,-0.5141139
2019-12-25,-0.11370770504641621,-0.27745901235129633,-0.9788094122530824,0.06687083870869545,-0.004645174991951201,0.6305542192238495,0.11169340320863011,0.07277952003663983,0.0
2019-12-26,-0.11370770504641621,-0.27745901235129633,-1.0094443402673041,-0.02133012228806198,0.025147306447255224,0.9948826892591508,0.14029722397854102,0.08863096993485782,1.301682
2019-12-27,-0.11370770504641621,-0.27745901235129633,-0.8639284321997509,-0.8627957421200301,0.03298743314178323,1.0345815937035265,0.1618398634436798,0.10588029915673652,0.14919043
2019-12-30,-0.11370770504641621,-0.27745901235129633,-0.794999844167752,0.49862876874927414,-0.056390011175836044,0.17334852310144294,0.13358397304145816,0.1136880319767171,-1.7731845
2019-12-31,-0.11370770504641621,-0.27745901235129633,-0.6418252040966433,-3.2356861121618263,-0.37313112963476747,0.3049686863480161,0.11648732751178491,0.11630883280003385,0.41093826
2020-01-01,-0.11370770504641621,-0.27745901235129633,-0.8792458962068618,3.0735277913965477,0.32150409550041387,0.3049686863480161,0.09908426253665367,0.114715111034368,0.0
2020-01-02,-0.11370770504641621,-0.27745901235129633,-0.8792458962068618,0.36348213496392,0.07218806661442326,0.9504385969020787,0.13149263350049453,0.12031240782234318,2.2070646
2020-01-03,-0.11370770504641621,-0.27745901235129633,-0.7796823801606412,-0.4424185812403233,0.07375609195332887,0.6939475143120606,0.14048887262330648,0.12669791972652766,-0.5291283
2020-01-06,-0.11370770504641621,-0.27745901235129633,-0.8332935041855292,0.6529804504935997,-0.09245459397066488,1.1602854936339462,0.18650581223547416,0.14156433366286683,1.8833637
2020-01-07,-0.11370770504641621,-0.27745901235129633,0.33849249235845225,-0.03982387217447886,0.09884449737581849,1.2092289188443288,0.22281514889820228,0.16115694831461805,0.21636486
2020-01-08,-0.11370770504641621,-0.27745901235129633,1.1350006207282175,-0.04266906446469684,-0.042277783125685635,1.431073119796763,0.26981395966386573,0.1867972526247292,1.0138035
2020-01-09,-0.11370770504641621,-0.27745901235129633,0.29254010033711964,0.022770358210316734,-0.05795803651474165,1.7057470006325626,0.3347767399304026,0.2210850122601975,1.4310956
2020-01-10,-0.11370770504641621,-0.27745901235129633,0.8286513405860001,-0.021330122288061974,-0.04541383380349683,1.6449707557645545,0.3765359462028216,0.25737036162996035,-0.10994077
2020-01-13,-0.11370770504641621,-0.27745901235129633,-0.8562697001961955,0.1522266074152349,0.058075838564272855,1.951617710817967,0.4446515087770572,0.3008427125002401,1.765573
2020-01-14,-0.11370770504641621,-0.27745901235129633,-0.5882140800717552,-0.40827627375770753,0.2258545498271722,1.2838381862895374,0.4589054808850919,0.3386431827885818,-1.2843072
2020-01-15,-0.11370770504641621,-0.27745901235129633,-0.45035690400775746,0.1877915110429597,-0.13635930346002173,1.4711494723338283,0.48516357758777373,0.37445165254440094,0.9540796
2020-01-16,-0.11370770504641621,-0.27745901235129633,-0.5575791520575335,0.001431416033681865,-0.009349251008668003,1.5251853646821545,0.5043495785318655,0.4071668666993241,0.2803564
2020-01-17,-0.11370770504641621,-0.27745901235129633,-0.1210314278548738,-1.6758094390498184,-0.15203955684907774,1.5585956065893605,0.515025119389568,0.435602812530618,0.1668334
2020-01-20,-0.11370770504641621,-0.27745901235129633,-0.6265077400895325,1.6089650600068417,0.1474532828818921,1.5585956065893605,0.5148391486851368,0.45831213365365875,0.0
2020-01-21,-0.11370770504641621,-0.27745901235129633,-0.389087047979314,-0.06471930471388618,0.009467053058199214,1.3663423237001984,0.4984420787415102,0.4730025518307303,-0.31511784
2020-01-22,-0.11370770504641621,-0.27745901235129633,-0.25888860391887164,0.16005088621333435,-0.16144770888251134,1.3321679990224664,0.4759136830627947,0.4799776850568876,-0.054186583
2020-01-23,-0.11370770504641621,-0.27745901235129633,-0.4809918320219792,-0.05547242977067777,0.07375609195332886,0.8922281646828669,0.43299078284598425,0.47645588583390625,-0.70486665
2020-01-24,-0.11370770504641621,-0.27745901235129633,-0.22059494390109444,-0.16003324643618858,-0.012485301686479208,0.4250543784593493,0.37171721899227195,0.46064523761713616,-0.8281708
2020-01-27,-0.11370770504641621,-0.27745901235129633,-0.7490474521464194,0.48653670151584777,-0.0015091243141400039,-0.24545316733682285,0.2830082987586268,0.4291857758908915,-1.4086485
2020-01-28,-0.11370770504641621,-0.27745901235129633,-0.1210314278548738,-0.29375728407643376,0.026715331786160826,0.2438691699656808,0.23973613815490835,0.3948422391880898,1.358962
2020-01-29,-0.11370770504641621,-0.27745901235129633,0.5069845964366718,0.22406771274323892,0.1082526494092521,0.9367413694398562,0.26028835117775984,0.37172555678355496,2.497816
2020-01-30,-0.11370770504641621,-0.27745901235129633,0.6142068444864479,-2.974639719534327,-1.0175895439249696,-0.9620787549288152,0.11997315930536843,0.3234780317893457,-6.1371684
2020-01-31,-0.11370770504641621,3.604135946155105,0.07809560423756749,-0.9830051163817397,0.12706895347611924,-1.5763598775727758,-0.07786769210090166,0.2429273761479968,-3.6367059
2020-02-03,-0.11370770504641621,3.604135946155105,-0.6648014001073096,3.5458297115727326,0.647653365992779,-1.2950382104060423,-0.20957284907532253,0.15055845148919547,1.12921
2020-02-04,-0.11370770504641621,-0.27745901235129633,0.3538099563655631,0.09959055004620224,0.10982067474815771,-0.6722786684638821,-0.25098393041913786,0.06788199084195885,2.7621388
2020-02-05,-0.11370770504641621,-0.27745901235129633,-0.4963092960290901,-0.07681137194731259,0.41558561583474996,-0.6432660290361952,-0.2801676433563468,-0.004447655267535984,0.13344288
2020-02-06,-0.11370770504641621,-0.27745901235129633,-0.40440451198642485,0.20913045321959453,-0.41546781378521874,-0.5627275664553876,-0.2943766744606573,-0.06532443189766926,0.35220385
2020-02-07,-0.11370770504641621,-0.27745901235129633,-0.42738070799709116,-1.5997005452864874,-0.007781225669762405,-0.398858216936417,-0.2885474728278954,-0.11278975676128881,0.7019162
2020-02-10,-0.11370770504641621,-0.27745901235129633,-0.6418252040966433,0.4210972788408342,-0.037573707108968825,-0.3167521521206256,-0.2753391172994298,-0.14796115260904305,0.3437996
2020-02-11,-0.11370770504641621,-0.27745901235129633,-0.565237884061089,0.8343614589949961,-0.23671292514998019,-0.9299745112136015,-0.32913423038054834,-0.18750565437776076,-2.7550876
2020-02-12,-0.11370770504641621,-0.27745901235129633,0.07043687223401206,-0.22689526525631115,0.16626958694875932,-0.5205072918734746,-0.33092286535150056,-0.21952054020597236,1.7230511
2020-02-13,-0.11370770504641621,-0.27745901235129633,1.3111514568099925,0.5896749220362495,0.22115047381045538,-0.26791919485689203,-0.30504135093595786,-0.2396442105369557,1.1292458
2020-02-14,-0.11370770504641621,-0.27745901235129633,0.24658770831578705,0.02419295435542573,-0.2273047731165466,-0.15906239760566934,-0.2725229171746631,-0.24884753351627337,0.48793554
2020-02-17,-0.11370770504641621,-0.27745901235129633,-0.3048409959402042,0.002854012178790872,0.1396131561873641,-0.1590623976056705,-0.2466206038484772,-0.2507175431083511,0.0
2020-02-18,-0.11370770504641621,-0.27745901235129633,0.49166713242956095,0.035573723516297645,0.01103507839710481,0.2265908162037646,-0.18635849415142167,-0.23943482326740542,1.6901731
2020-02-19,-0.11370770504641621,-0.27745901235129633,0.46869093641889464,-0.06898709314921317,-0.023461479058818416,0.18397053363882837,-0.1431130043631032,-0.2212383356843757,-0.14232993
2020-02-20,-0.11370770504641621,-0.27745901235129633,0.15468292427312183,-0.08961473725329354,-0.026597529736629624,-0.2075638506577643,-0.14230613021140137,-0.20651004598378692,-1.3379931
2020-02-21,-0.11370770504641621,-0.27745901235129633,-0.27420606792598246,0.08251939630489437,0.014171129074916017,-0.7224579574769802,-0.19115574995627566,-0.20508609537553674,-2.050519
2020-02-24,-0.11370770504641621,3.604135946155105,-0.8945633602139726,-0.2781087264802349,0.01417112907491601,-1.5454259972560636,-0.33403916075573836,-0.2342457110543074,-4.5009017
2020-02-25,-0.11370770504641621,3.604135946155105,-0.5728966160646444,0.010678290976890324,-0.05011790982021364,-1.8097445448831009,-0.48832927108788726,-0.29029099825248816,-1.9679129
2020-02-26,-0.11370770504641621,-0.27745901235129633,-0.1669838198762064,0.34356578893239414,0.045531635853028045,-1.7523400775579892,-0.601595645624406,-0.35914563931534876,0.21852255
2020-02-27,-0.11370770504641621,3.604135946155105,-0.044444107819319456,-0.20271113078945832,0.026715331786160822,-2.1991290202830283,-0.7681504382048341,-0.44954770264053456,-3.7778914
2020-02-28,-0.11370770504641621,-0.27745901235129633,0.16234165627667727,-0.5220839653664268,-0.2241687224387354,-1.8436298254803736,-0.8626346495147076,-0.5419049610288422,1.4334679
2020-03-02,-0.11370770504641621,-0.27745901235129633,-0.84861096819264,0.5370388646672168,0.16626958694875937,-1.363087323052061,-0.8858208964391568,-0.6207074680180457,2.0626545
2020-03-03,-0.11370770504641621,-0.27745901235129633,-0.08273776783709663,0.12306338644050059,0.022011255769444016,-1.9855667252591083,-1.0126768477195274,-0.7106495878464879,-5.370599
2020-03-04,-0.11370770504641621,-0.27745901235129633,0.24658770831578705,0.04908838689483307,-0.01718937770319601,-1.3784464139249237,-1.0386054937347469,-0.7881015164116292,3.1577826
2020-03-05,-0.11370770504641621,-0.27745901235129633,0.016825748209124018,0.004987906396454351,0.02671533178616082,-1.7344999407566841,-1.12228855606945,-0.867808256976516,-3.4365833
2020-03-06,-0.11370770504641621,-0.27745901235129633,0.13936546026601096,-0.4886529559563655,-0.07363828990379766,-1.9302970367644832,-1.2226447217453231,-0.952854419418552,-2.203381
2020-03-09,-0.11370770504641621,3.604135946155105,-0.8562697001961955,-5.151923119623637,-1.2590654461164323,-2.3889289810732497,-1.4175680610404722,-1.0622253194507603,-6.400132
2020-03-10,-0.11370770504641621,3.604135946155105,-0.20527747989398357,3.767754710209736,0.9095135975900144,-1.6200502462732411,-1.461177448574193,-1.1589695165923104,5.126846
2020-03-11,-0.11370770504641621,3.604135946155105,-0.3737695839722031,1.1580020820072914,0.36227275431195954,-1.9383801199106128,-1.568864539468803,-1.2592001848896115,-4.461527
2020-03-12,-0.11370770504641621,3.604135946155105,-0.565237884061089,0.32578333711853175,0.07846016797004567,-2.429165833455283,-1.8115881144001973,-1.3908548462955388,-9.263396
2020-03-13,-0.11370770504641621,3.604135946155105,-0.33547592395442594,0.16076218428588882,-0.16615178489922813,-1.375613387459318,-1.809800479445257,-1.4957995030628808,10.235
2020-03-16,-0.11370770504641621,-0.27745901235129633,-0.7030950601250868,0.22406771274323892,0.16313353627094815,-2.066736125016511,-2.0575509695643386,-1.6322913248855557,-14.252996
2020-03-17,-0.11370770504641621,-0.27745901235129633,-0.15166635586909552,0.009966992904335819,-0.02659752973662962,-1.8792283241091674,-2.1933629671363426,-1.7702840480665816,2.335465
2020-03-18,-0.11370770504641621,-0.27745901235129633,0.7137703605326685,-0.015639737707626014,0.02514730644725522,-1.9436900216232225,-2.3045259180836273,-1.9042506018072958,-1.6463578
2020-03-19,-0.11370770504641621,-0.27745901235129633,0.6371830404971142,0.014234781339662791,0.012603103736010415,-1.5910633077529333,-2.3001361519376853,-2.0104929841693013,4.19842
2020-03-20,-0.11370770504641621,-0.27745901235129633,-0.05210283982287489,0.022770358210316734,0.0016269263636712003,-1.6947703645323835,-2.3105827881013314,-2.097702124766926,-2.2203445
2020-03-23,-0.11370770504641621,-0.27745901235129633,-0.47333310001842377,-0.046936852900023814,-0.03443765643115762,-1.745497128788164,-2.313055137390292,-2.1679937049489513,-1.0886192
2020-03-24,-0.11370770504641621,-0.27745901235129633,-0.32015845994731507,0.0284607427907527,0.02357928110834962,-1.015845437150907,-2.14956703621264,-2.189558918020151,8.696818
2020-03-25,-0.11370770504641621,-0.27745901235129633,0.4150798123940066,-0.21622579416799376,0.06121188924208405,-1.191769153746025,-2.0521566463136347,-2.1861549774337248,-2.963096
2020-03-26,-0.11370770504641621,-0.27745901235129633,-0.20527747989398357,0.010678290976890324,-0.1159749740542489,-0.8213213025848503,-1.876666021275146,-2.146218609396649,4.564357
2020-03-27,-0.11370770504641621,-0.27745901235129633,-0.2818647999295379,0.17214295344676078,0.06591596525880085,-1.0761316832026482,-1.7925514497750685,-2.0964328146819997,-4.0100393
2020-03-30,-0.11370770504641621,-0.27745901235129633,-0.5575791520575335,-0.1429620926948807,-0.039141732447874424,-0.6212007618361916,-1.6080950537763048,-2.0174897497168067,5.842209
2020-03-31,-0.11370770504641621,-0.27745901235129633,-0.029126643812208586,0.08607588666766683,-0.004645174991951201,-0.5803873256521948,-1.4385785886961207,-1.9183889173841082,0.51220655
2020-04-01,-0.11370770504641621,-0.27745901235129633,-0.44269817200420203,-0.4025858891772715,-0.0030771496530456093,-0.888739195698195,-1.3712903855506091,-1.8248396237306603,-4.3165445
2020-04-02,-0.11370770504641621,3.604135946155105,-0.4197219759935357,0.3549465580932661,-0.025029504397724018,-0.9477176199216296,-1.3211424205284907,-1.7393661903692272,-0.88346004
2020-04-03,-0.11370770504641621,-0.27745901235129633,-0.35845211996509224,0.10741482884430169,0.07375609195332887,-1.117021250952842,-1.3136082517412158,-1.6693898047911397,-2.534932
2020-04-06,-0.11370770504641621,-0.27745901235129633,-0.8715871642033064,-0.091748631470957,-0.010917276347573605,-0.5000274965503159,-1.1702876478447386,-1.5830172122995003,7.374501
2020-04-07,-0.11370770504641621,-0.27745901235129633,0.16234165627667727,0.13657804981903598,0.03769150915850003,-0.3388549541444085,-1.0112470597395675,-1.4801941932391183,1.9812703
2020-04-08,-0.11370770504641621,-0.27745901235129633,-0.24357113991176074,-0.054049833625568776,-0.028165555075535222,-0.07887872024502317,-0.8178210546853065,-1.3569193212943371,3.2280922
2020-04-09,-0.11370770504641621,-0.27745901235129633,-0.2512298719153162,0.0014314160336818774,-0.007781225669762405,-0.0355794493019974,-0.6496226990267824,-1.2226325516995067,0.5221486
2020-04-10,-0.11370770504641621,-0.27745901235129633,-0.5882140800717552,-2.1644712148947565,-0.1426314048156441,-0.0355794493019974,-0.5131210191788119,-1.0862576214900104,0.0
2020-04-13,-0.11370770504641621,-0.27745901235129633,-0.9328570202317499,1.6779609730446277,0.11922882678159129,-0.061177822189164566,-0.4074104688692309,-0.9547414969958993,-0.22832751
2020-04-14,-0.11370770504641621,-0.27745901235129633,-0.7490474521464194,0.3165364621753234,0.026715331786160822,0.12782673595294378,-0.2854292948015015,-0.8236621915751332,1.9337535
2020-04-15,-0.11370770504641621,-0.27745901235129633,-0.7490474521464194,-2.218529868408898,-0.1065668220208153,0.04169416414550529,-0.2024943830914113,-0.7012121966925962,-0.6735146
2020-04-16,-0.11370770504641621,-0.27745901235129633,-0.48865056402553464,2.291811209659157,0.0988444973758185,-0.012283304315222131,-0.1458134961174834,-0.5912328802953442,-0.40684938
2020-04-17,-0.11370770504641621,-0.27745901235129633,0.7061116285291131,0.06971603099891345,0.00946705305819921,0.177638186360246,-0.06951913427901155,-0.4870710214473767,1.6964555
2020-04-20,-0.11370770504641621,-0.27745901235129633,0.192976584290899,0.07256122328913142,0.009467053058199209,0.09410585413820662,-0.022637983123923285,-0.39380027178802657,-0.5579114
2020-04-21,-0.11370770504641621,3.604135946155105,1.073730764699774,-0.1273135350986818,-0.11440694871534329,-0.4814340451574657,-0.07020888433196568,-0.3292711978245442,-4.174149
2020-04-22,8.794478787447106,-0.27745901235129633,2.567183505393084,0.28452804891037103,0.5645480230307821,0.24790496562284087,0.016979228177980196,-0.25915948649238296,6.721306
2020-04-23,8.794478787447106,-0.27745901235129633,1.073730764699774,-0.0007024781839816085,-0.26336935591137545,0.40238279922609427,0.1137793108540248,-0.1825434235201987,1.5635371
2020-04-24,-0.11370770504641621,-0.27745901235129633,-0.08273776783709663,-0.1920416597011409,-0.14576745549345532,0.657251574715514,0.24000791768109067,-0.09448348882860007,2.6683927
2020-04-27,-0.11370770504641621,-0.27745901235129633,-0.3737695839722031,-0.08819214110818455,-0.0030771496530456023,0.4464932475637141,0.30520581171613664,-0.010210168439207882,-1.3521373
2020-04-28,-0.11370770504641621,-0.27745901235129633,-0.3967457799828694,-0.11237627557503738,-0.06423013787036405,0.08580370445858987,0.299614203727346,0.05602277374420002,-2.4479985
2020-04-29,-0.11370770504641621,-0.27745901235129633,0.05511940822690119,0.12661987680327305,-0.020325428381007222,0.6793926514619346,0.4132761920000541,0.13311142965404588,6.1669707
2020-04-30,8.794478787447106,-0.27745901235129633,0.44571474040822834,2.9540297152073927,1.041227726058085,1.1099525757350401,0.6107115351546009,0.23664900101292027,5.4173827
2020-05-01,-0.11370770504641621,-0.27745901235129633,-0.15932508787265096,-1.2348046340660312,-0.8215863765617696,0.9205197041422891,0.7289041912833435,0.34454209944539677,-1.191932
2020-05-04,-0.11370770504641621,-0.27745901235129633,-0.7337299881393086,-0.5028789174074555,-0.06579816320926965,1.0416120732833802,0.8434230206089346,0.4551405755920715,1.478219
2020-05-05,-0.11370770504641621,-0.27745901235129633,-0.45035690400775746,-1.0640930966529523,-0.059526061853647255,1.1151674982839561,0.940772821566479,0.5642626195198092,0.88181496
2020-05-06,-0.11370770504641621,-0.27745901235129633,-0.3967457799828694,-0.2396986305622921,-0.05795803651474165,1.1734780044085025,1.0190492942555707,0.6681589718381327,0.6760955
2020-05-07,-0.11370770504641621,-0.27745901235129633,0.4533734724117838,0.19419319369595012,0.004762977041482404,1.290371921285132,1.0967877730736093,0.7677606879548469,1.338315
2020-05-08,-0.11370770504641621,-0.27745901235129633,0.039801944219790324,0.01779127170243527,0.040827559836311235,1.3364682261584393,1.1545097999324396,0.8596821575943816,0.51596165
2020-05-11,-0.11370770504641621,-0.27745901235129633,-0.8562697001961955,8.819888572882662e-06,-0.017189377703196014,1.3730101701518689,1.1930301861483807,0.9413876752655843,0.39086342
2020-05-12,-0.11370770504641621,-0.27745901235129633,-0.4197219759935357,0.0007201179611273768,-0.018757403042101616,1.0392780539089828,1.173037504558663,1.0025125924515492,-1.4447808
2020-05-13,-0.11370770504641621,3.604135946155105,0.25424644031934246,-0.8471471845238312,-0.018757403042101616,0.5383639405463374,1.0862995767824466,1.0330195368110342,-2.3798168
2020-05-14,-0.11370770504641621,-0.27745901235129633,-0.25888860391887164,0.2283355011785659,-0.007781225669762405,0.6421040794972146,1.0221007384441383,1.0438115718625844,0.83373785
2020-05-15,-0.11370770504641621,-0.27745901235129633,-0.15166635586909552,0.5477083357555343,0.02201125576944402,0.8799320637507076,1.0022650123758021,1.0482389857544046,1.9679904
2020-05-18,-0.11370770504641621,-0.27745901235129633,-0.5499204200539781,0.09959055004620225,0.05650781322536725,1.0082926752188586,0.998043440471405,1.050885722236926,1.0954142
2020-05-19,-0.11370770504641621,-0.27745901235129633,0.13170672826245552,-0.0632967085687772,-0.007781225669762405,1.2043429146194349,1.021290391877659,1.0579326842351,1.7308474
2020-05-20,-0.11370770504641621,-0.27745901235129633,0.7520640205504457,-0.2702844476821354,-0.07991039125942008,1.7518409547344203,1.1692417377874127,1.0949436980144793,6.03559
2020-05-21,-0.11370770504641621,-0.27745901235129633,0.07809560423756749,-0.0369786798842609,0.3873611597344492,1.800943871632477,1.2847801971146604,1.1490527214703505,0.61746836
2020-05-22,-0.11370770504641621,-0.27745901235129633,1.7859928410304293,0.3264946351910863,-0.27434553328371464,1.9210468390792441,1.3967176183253167,1.2160765437414585,1.5212417
2020-05-25,-0.11370770504641621,-0.27745901235129633,-0.8026585761713074,-0.012794545417408038,-0.10186274600409849,1.921046839079243,1.4658201009009968,1.2843489517290692,0.0
2020-05-26,-0.11370770504641621,-0.27745901235129633,-0.8103173081748629,-0.08819214110818456,0.017307179752727213,1.5883657531395252,1.47075081586698,1.34001244826795,-1.153636
2020-05-27,-0.11370770504641621,-0.27745901235129633,-0.03678537581576402,0.017791271702435284,-0.026597529736629624,1.2273458806078406,1.4214969580960946,1.374098844686314,-1.3178289
2020-05-28,-0.11370770504641621,3.604135946155105,0.9818259806571087,-1.0975241060630134,-0.08147841659832568,0.8186236904481576,1.3235285406226687,1.3805935196678225,-1.6059995
2020-05-29,-0.11370770504641621,3.604135946155105,2.1536119772010904,0.22975809732367486,0.06591596525880086,0.7778253056787837,1.2249370530603463,1.364882693966028,-0.16411543
2020-06-01,-0.11370770504641621,-0.27745901235129633,-0.5575791520575335,0.3954905482288724,0.014171129074916017,1.1717797535647207,1.206107986727326,1.3483212839101963,3.0299067
2020-06-02,-0.11370770504641621,-0.27745901235129633,1.5868658089379881,0.20770785707448552,-0.00934925100866801,1.2148156872669886,1.183844559701158,1.3303511417998277,0.3492713
2020-06-03,-0.11370770504641621,-0.27745901235129633,2.008096069133537,-0.16216714065385202,0.03141940780287763,0.9086285573940155,1.122056338063286,1.30287268483328,-1.1000335
2020-06-04,-0.11370770504641621,-0.27745901235129633,0.31551629634778594,0.2503857414277552,0.007899027719293608,0.4744309758881397,1.015589258261882,1.2583133150074257,-1.6814411
2020-06-05,-0.11370770504641621,-0.27745901235129633,0.30019883234067507,0.2269129050334569,-0.0015091243141400004,0.7730852817176186,0.9672234510983306,1.2124097316338074,1.9797683
2020-06-08,-0.11370770504641621,-0.27745901235129633,-0.48865056402553464,-0.8805781939338925,-0.009349251008668007,0.81366180148031,0.92255997266709,1.1662158652703378,0.27298927
2020-06-09,-0.11370770504641621,-0.27745901235129633,-0.5192854920397564,-0.5505358882686066,0.059643863903178454,1.239505840817753,0.9543804643850117,1.1360083851504372,3.141749
2020-06-10,-0.11370770504641621,-0.27745901235129633,-0.1899600158868727,1.3450734750891238,0.10825264940925211,1.0104470574376545,0.9444042154534928,1.1097269131077019,-0.81284046
2020-06-11,-0.11370770504641621,-0.27745901235129633,0.07043687223401206,0.04339800231439711,-0.16771981023813376,-0.17102156194288934,0.7877816059680561,1.0554895286771917,-5.1957965
2020-06-12,-0.11370770504641621,3.604135946155105,0.6142068444864479,-0.12020055437313686,-0.0046451749919512045,0.11267104525894338,0.699084770146392,0.9932912405090245,1.8491387
2020-06-15,-0.11370770504641621,-0.27745901235129633,-0.8256347721819738,-0.30869454360007814,0.017307179752727216,0.36222874997518917,0.6620854628174377,0.9356868165072062,1.7149329
2020-06-16,-0.11370770504641621,-0.27745901235129633,0.38444488437978486,0.4972061726041652,-0.029733580414440824,0.5522519374064369,0.6575375817933482,0.8886388880291755,1.3548374
2020-06-17,-0.11370770504641621,-0.27745901235129633,0.7290878245397794,-0.06827579507665867,0.03455545848068883,0.5406671783744669,0.6424799058316092,0.8478075282898997,-0.050920248
2020-06-18,-0.11370770504641621,-0.27745901235129633,1.1656355487424392,-0.009238055054635564,-0.0015091243141399989,0.5675624260517035,0.6251920749735793,0.8114765137500801,0.17408133
2020-06-19,-0.11370770504641621,-0.27745901235129633,0.897579928617999,-0.4630462253444036,-0.1959442663384346,0.7555184922335066,0.6332065855317359,0.7841111986526219,1.2079358
2020-06-22,-0.11370770504641621,-0.27745901235129633,-0.7720236481570857,0.515699922490582,0.18665391635453218,0.7839975604189968,0.6343214688822261,0.7624553603115475,0.18007755
2020-06-23,-0.11370770504641621,-0.27745901235129633,0.09341306824467836,0.009966992904335814,-0.07520631524270327,0.9831340477714098,0.6585207595329855,0.7502622083131489,1.2624383
2020-06-24,-0.11370770504641621,-0.27745901235129633,0.3461512243620077,-0.2923346879313247,0.034555458480688826,0.08263709748210998,0.5768328165652713,0.7231855589352851,-3.3933282
2020-06-25,-0.11370770504641621,-0.27745901235129633,0.18531785228734357,0.23615977997666535,-0.0077812256697623984,0.20926443763372218,0.5218463407358414,0.6898642229625255,0.70933104
2020-06-26,-0.11370770504641621,-0.27745901235129633,0.11638926425534467,0.02917204086330719,0.020443230430538417,-1.2298041355437979,0.25443729308680424,0.6065024126472854,-8.316356
2020-06-29,-0.11370770504641621,3.604135946155105,0.07043687223401206,-1.4104952579869914,-0.2241687224387354,-0.8759774137109528,0.08953193194813772,0.5048443798851492,2.1103263
2020-06-30,-0.11370770504641621,3.604135946155105,0.8899211966144435,0.2752811739671625,0.06748399059770649,-0.4251070487312395,0.027394655662957523,0.4103415925068729,2.91425
2020-07-01,-0.11370770504641621,-0.27745901235129633,1.0201196406748858,0.7105955943705138,0.08473226932566805,0.18555069105416952,0.09105252407640126,0.34823816904673366,4.615319
2020-07-02,-0.11370770504641621,-0.27745901235129633,1.4873022928917674,-0.2823765149155618,0.02357928110834963,-0.08852414826397652,0.0917570934790634,0.2987048359409366,-1.738584
2020-07-03,-0.11370770504641621,-0.27745901235129633,0.7980164125717784,-0.21622579416799378,-0.020325428381007215,-0.08852414826397652,0.08858267534873003,0.2584050263401869,0.0
2020-07-06,-0.11370770504641621,-0.27745901235129633,-0.5882140800717552,0.6985035271370874,0.08159621864785686,0.3004161740862853,0.1579007769664397,0.24086425137469145,2.9389143
2020-07-07,-0.11370770504641621,-0.27745901235129633,0.49166713242956095,0.2639004048062906,0.07846016797004567,0.3319736981189403,0.2141127742867216,0.23875152269748556,0.24138689
2020-07-08,-0.11370770504641621,-0.27745901235129633,1.7783341090268738,-0.04693685290002381,-0.10813484735972088,0.482967577903859,0.2829666228422119,0.25166196647532735,1.1292815
2020-07-09,-0.11370770504641621,-0.27745901235129633,1.0354371046819968,-0.6614983875871079,-0.03130160575334642,0.534725926348295,0.3411311130000176,0.2743242436667578,0.3777027
2020-07-10,-0.11370770504641621,-0.27745901235129633,-0.20527747989398357,0.0711386271440225,0.03455545848068884,0.5683641794214754,0.3864062182059903,0.3020547620355833,0.23313761
2020-07-13,-0.11370770504641621,-0.27745901235129633,-0.5728966160646444,0.6551143447112632,0.1113887000870633,0.025824160019498457,0.3479926577429444,0.31609348743282667,-2.4768472
2020-07-14,-0.11370770504641621,-0.27745901235129633,-0.24357113991176074,-0.07040968929432215,-0.08931854329285369,0.07678139340928267,0.31928364068274545,0.3212366505787903,0.30543804
2020-07-15,-0.11370770504641621,-0.27745901235129633,-0.13634889186198468,-0.03271089144893391,0.07532411729223447,0.11712205262019384,0.29652455879833944,0.3205250622068346,0.2294302
2020-07-16,-0.11370770504641621,-0.27745901235129633,-0.20527747989398357,0.0597578579831505,-0.07834236592051447,0.16720473978172315,0.2797864937403365,0.31640644394123346,0.27050972
2020-07-17,-0.11370770504641621,-0.27745901235129633,0.16234165627667727,-0.13300391967911776,0.012603103736010412,0.2550399255498229,0.2729092048952736,0.311653203435585,0.45657158
2020-07-20,-0.11370770504641621,-0.27745901235129633,-0.6494839361001987,-0.1308700254614543,-0.08304644193723126,0.5181737210253922,0.29903781535596025,0.3133912466824059,1.4006495
2020-07-21,-0.11370770504641621,-0.27745901235129633,-0.19761874789042813,-0.14722988113020768,0.06277991458098965,0.11339697491727255,0.27303139540719673,0.30926695642495194,-1.4953971
2020-07-22,-0.11370770504641621,-0.27745901235129633,-0.044444107819319456,0.3577917503834841,-0.012485301686479208,-0.08328826290178387,0.22617388193630647,0.2960312740666674,-0.77766776
2020-07-23,-0.11370770504641621,-0.27745901235129633,-0.03678537581576402,0.01636867555732629,0.017307179752727213,-0.7499916377019307,0.10419661397156099,0.25957715065323866,-3.0308068
2020-07-24,-0.11370770504641621,3.604135946155105,-0.17464255187976183,-0.2574810823761545,0.028283357125066428,-0.9022523151743617,-0.01603746176479153,0.20491792256440616,-0.81255436
2020-07-27,-0.11370770504641621,-0.27745901235129633,-0.33547592395442594,0.2774150681848261,-0.009349251008668007,-0.6207517688153632,-0.08203177255615379,0.14719628533928913,1.2093067
2020-07-28,-0.11370770504641621,-0.27745901235129633,0.1700003882802327,-1.128109923182857,-0.06736618854817526,-0.9053309959050245,-0.17267996735870023,0.08179680449853938,-1.4475405
2020-07-29,-0.11370770504641621,-0.27745901235129633,1.004802176667775,0.35779175038348415,0.034555458480688826,-0.5847681539753206,-0.2095273628599947,0.02166363963266206,1.3775468
2020-07-30,-0.11370770504641621,-0.27745901235129633,2.253175493247311,-1.2476079993720122,0.04553163585302805,-0.46538648119564535,-0.22537291963617032,-0.029802981267509264,0.5186677
2020-07-31,8.794478787447106,-0.27745901235129633,1.1732942807459945,3.831060238667085,1.4003055286674677,0.8845666439313978,-0.026931373560628337,-0.02889626357021634,8.174837
2020-08-03,-0.11370770504641621,-0.27745901235129633,-0.7260712561357531,-2.591961356500008,-1.433116258734954,0.723868829812154,0.10735032924577721,0.0003038735686499852,-0.67409873
2020-08-04,-0.11370770504641621,-0.27745901235129633,-0.08273776783709663,0.68783405604877,0.1019805480536297,0.5227139828715377,0.1852116705594693,0.040174670834018336,-0.8453727
2020-08-05,-0.11370770504641621,-0.27745901235129633,-0.33547592395442594,-0.043380362537251346,-0.10343077134300409,0.45421213214354833,0.23360900540494392,0.08233408168118692,-0.28419495
2020-08-06,-0.11370770504641621,-0.27745901235129633,0.7673814845575566,-1.8102447747626178,0.03141940780287763,1.2821487379529777,0.4440274218627734,0.1606813493870968,6.486833
2020-08-07,-0.11370770504641621,-0.27745901235129633,1.1350006207282175,1.7668732321139395,0.15058933355970336,1.4064658166989041,0.6359206510429383,0.26405059138133086,1.1911988
2020-08-10,-0.11370770504641621,-0.27745901235129633,-0.794999844167752,0.08323069437744887,-0.06736618854817528,0.9037868900505243,0.7164683655147328,0.36382632451899244,-2.0265222
2020-08-11,-0.11370770504641621,3.604135946155105,-0.22059494390109444,-0.18137218861282345,-0.021893453719912814,0.3426966872567839,0.6931246943893098,0.43869682856433584,-2.6121676
2020-08-12,-0.11370770504641621,3.604135946155105,0.06277814023045662,-0.4395733889501053,-0.1253831260876825,0.5395442184970941,0.7056352942119741,0.5012461350424953,1.4680028
2020-08-13,-0.11370770504641621,-0.27745901235129633,0.03214321221623489,-0.17283661174216952,0.017307179752727206,0.612778684038459,0.7202318179376678,0.5543808087241383,0.5425215
2020-08-14,-0.11370770504641621,-0.27745901235129633,-0.2512298719153162,0.5427292492476529,-0.017189377703196004,0.6074454181417563,0.7201186925762982,0.5968645591603348,-0.02295971
2020-08-17,-0.11370770504641621,-0.27745901235129633,-0.2512298719153162,-2.4575260207872085,0.06277991458098965,0.599814386526862,0.7082628838230322,0.6283375063125999,-0.030618906
2020-08-18,-0.11370770504641621,-0.27745901235129633,-0.33547592395442594,-1.766855592336794,-0.028165555075535222,0.673017338225276,0.7012079546805754,0.6520198490824043,0.45182705
2020-08-19,-0.11370770504641621,-0.27745901235129633,0.09341306824467836,3.0756616856142114,0.011035078397104813,0.689250990633178,0.6877605127559355,0.6681141604009754,0.095295906
2020-08-20,-0.11370770504641621,-0.27745901235129633,0.5376195244508936,0.3378754043519581,-0.05482198583693045,1.0792957032648447,0.7373593266818961,0.6915071590636009,2.4448752
2020-08-21,-0.11370770504641621,-0.27745901235129633,-0.22059494390109444,-0.7838416560664808,0.03455545848068884,0.851014276494301,0.7431245261233977,0.7114440826132457,-0.7434666
2020-08-24,-0.11370770504641621,-0.27745901235129633,-0.7567061841499748,1.8031494338142187,-0.21632859574420737,1.1069589469688872,0.7846946471512407,0.7362086671265122,1.6403913
2020-08-25,-0.11370770504641621,-0.27745901235129633,-0.33547592395442594,-1.4247212194380816,0.08786832000347929,1.5569809562838088,0.9094190430314992,0.7824684474465909,3.4747005
2020-08-26,-0.11370770504641621,-0.27745901235129633,0.2848813683335642,1.3792157825717397,0.41715364117365555,2.239458574257157,1.2482021433078376,0.8913160553867773,8.222342
2020-08-27,-0.11370770504641621,-0.27745901235129633,0.1010718002482338,0.00925569483178134,-0.02189345371991282,1.3384769615159033,1.3790797419135352,1.0061470561117556,-3.5174906
2020-08-28,-0.11370770504641621,-0.27745901235129633,-0.33547592395442594,-0.7525445408740833,-0.2915938120116762,1.3527586322829255,1.4680652237371128,1.1168814454050444,0.15006065
2020-08-31,-0.11370770504641621,3.604135946155105,-0.7413887201428639,-0.23045175561908374,0.04866768653083924,1.3141706575074854,1.5133099719741319,1.215063216185962,-0.156641
2020-09-01,-0.11370770504641621,-0.27745901235129633,1.410714972856213,1.111767707291249,-0.010917276347573609,1.3959512376539316,1.553482898246273,1.3021273999245064,0.7639766
2020-09-02,-0.11370770504641621,-0.27745901235129633,1.548572148920211,-0.7639253100349552,0.004762977041482404,1.6370755819862581,1.6422699506030725,1.3906062581756755,2.3896575
2020-09-03,-0.11370770504641621,-0.27745901235129633,0.6601592365077805,-0.15149766956553462,0.009467053058199207,0.7139000991208422,1.5651975131782034,1.4450459462183753,-3.761983
2020-09-04,-0.11370770504641621,3.604135946155105,2.429326329329086,0.5206790089984635,0.011035078397104813,0.15691502148386988,1.3919616126716112,1.451862600927375,-2.881968
2020-09-07,-0.11370770504641621,-0.27745901235129633,-0.6341664720930879,0.4744446342824213,0.003194951702576806,0.15691502148386988,1.2376919030831088,1.4246026560669172,0.0
2020-09-08,-0.11370770504641621,-0.27745901235129633,-0.5346029560468673,0.013523483267108293,0.011035078397104811,-0.5235738482372251,0.9727104555194535,1.346604737167552,-4.092246
2020-09-09,-0.11370770504641621,3.604135946155105,-0.4580156360113129,-0.1586106502910796,-0.03286963109225203,-0.37984590531277945,0.7795116158347861,1.243238116322919,0.9440899
2020-09-10,-0.11370770504641621,3.604135946155105,0.06277814023045662,0.041264108096733615,0.05337176254755605,-0.6843667883913003,0.5546221564865436,1.1128564606374536,-2.056849
2020-09-11,-0.11370770504641621,-0.27745901235129633,0.08575433624112293,0.08820978088533032,-0.03130160575334642,-0.7626214464243822,0.35313767396010565,0.9658258595667275,-0.5520582
2020-09-14,-0.11370770504641621,-0.27745901235129633,-0.8103173081748629,-0.44170728316776875,-0.02189345371991282,-0.7881113472474244,0.1835111917779646,0.8122316689544827,-0.1725316
2020-09-15,-0.11370770504641621,-0.27745901235129633,-0.1669838198762064,0.20344006863915853,-0.01718937770319601,-0.37590501371284213,0.11484384953675517,0.6747952388644515,2.355826
2020-09-16,-0.11370770504641621,-0.27745901235129633,0.06277814023045662,-0.5370212248900713,-0.1159749740542489,-0.8798920643955642,-0.04089105037808467,0.5318221289782377,-3.267026
2020-09-17,-0.11370770504641621,-0.27745901235129633,1.303492724806437,0.7212650654588313,0.12550092813721372,-1.2932200800162275,-0.2608649194959819,0.3707976449711751,-3.3014476
2020-09-18,-0.11370770504641621,3.604135946155105,0.721429092536224,-0.2709957457546899,-0.05795803651474164,-1.3938755671369167,-0.4581189119386509,0.20014986699581921,-0.8986771
2020-09-21,-0.11370770504641621,3.604135946155105,-0.687777596117976,0.05193357918505105,0.06591596525880085,-1.5826519298734667,-0.6583254355966479,0.021177362391866617,-1.7344475
2020-09-22,-0.11370770504641621,-0.27745901235129633,-0.3737695839722031,0.1821011264625237,0.01887520509163282,-1.1057758277577836,-0.73772665695834,-0.13883786416996438,2.6596785
2020-09-23,-0.11370770504641621,-0.27745901235129633,0.07809560423756749,-1.005055356630929,-0.05952606185364725,-1.3687742600005612,-0.8572685507087915,-0.2921991958971772,-2.2492647
2020-09-24,-0.11370770504641621,-0.27745901235129633,0.1010718002482338,-1.7448053520876043,-0.13165522744330493,-1.331177119811515,-0.9382257295456283,-0.4320554287396954,0.20480156
2020-09-25,-0.11370770504641621,-0.27745901235129633,0.369127420372674,2.0457020765553016,0.043963610514122446,-0.9457363334187365,-0.9354250613976333,-0.5433465264940084,2.1199942
2020-09-28,-0.11370770504641621,-0.27745901235129633,-0.917539556224639,0.10812612691685623,0.13647710550955292,-0.8049816279110743,-0.9032409088218334,-0.6255546765536514,0.78486204
2020-09-29,-0.11370770504641621,-0.27745901235129633,-0.47333310001842377,-0.480828677158266,0.004762977041482408,-0.4665602824450394,-0.8157172597990802,-0.6727615931031069,1.9352078
2020-09-30,-0.11370770504641621,-0.27745901235129633,-0.11337269585131836,0.8450309300833133,5.890102476560169e-05,-0.4591027200637991,-0.7393187642247944,-0.6943266387995431,0.042009354
2020-10-01,-0.11370770504641621,-0.27745901235129633,0.5605957204615598,0.08536458859511237,0.04396361051412244,-0.14036849991495362,-0.6216642011569882,-0.6866297379588499,1.8060327
2020-10-02,-0.11370770504641621,-0.27745901235129633,0.6065481124828924,-0.24681161128783707,-0.06736618854817526,-0.5919128955984118,-0.5987047879294833,-0.6756036176470779,-2.5090933
2020-10-05,-0.11370770504641621,-0.27745901235129633,-0.7643649161535303,-1.4851815556052135,0.01887520509163281,-0.2759909624479706,-0.5247404302850339,-0.6510983987464471,1.8119574
2020-10-06,-0.11370770504641621,-0.27745901235129633,-0.044444107819319456,1.6808061653348454,-0.007781225669762405,-0.6594780459910337,-0.5294129560281816,-0.6324850441195634,-2.2633612
2020-10-07,-0.11370770504641621,-0.27745901235129633,0.9205561246286652,-0.788109444501808,0.025147306447255224,-0.6930606523010471,-0.5356648523891672,-0.6189200903078368,-0.20877123
2020-10-08,-0.11370770504641621,-0.27745901235129633,0.5759131844686707,0.8834410260012561,-0.03443765643115762,-0.29582591231182537,-0.47506952996680524,-0.595218741171778,2.1850348
2020-10-09,-0.11370770504641621,-0.27745901235129633,0.06277814023045662,-0.09886161219650194,0.07062004127551766,-0.24869602038575134,-0.417267492217208,-0.5640005986120029,0.2616048
2020-10-12,-0.11370770504641621,-0.27745901235129633,-0.8026585761713074,0.23189199154133835,-0.042277783125685635,0.4334691156683553,-0.24554876435794787,-0.5026127090036556,4.2730093
2020-10-13,-0.11370770504641621,-0.27745901235129633,0.31551629634778594,-2.3913753000396407,0.05337176254755605,0.45439114040002615,-0.10660169305503485,-0.4240383315539521,0.14144182
2020-10-14,-0.11370770504641621,-0.27745901235129633,0.5605957204615598,2.3494263535360718,-0.01405332702538481,0.10790758256504648,-0.046748107215611616,-0.34848673056116203,-1.5644252
2020-10-15,-0.11370770504641621,3.604135946155105,0.7137703605326685,-0.19986593849924036,-0.07991039125942008,-0.268669429626186,-0.058128857826701484,-0.29045876572453455,-1.876241
2020-10-16,-0.11370770504641621,3.604135946155105,0.4610322044153392,-0.27384093804490783,0.025147306447255227,-0.32561300476263816,-0.07775769203510015,-0.24819873608054632,-0.29619336
2020-10-19,-0.11370770504641621,3.604135946155105,-0.19761874789042813,0.46306386512154935,-0.04227778312568563,-0.6460995896199627,-0.14478500427694557,-0.22860401759945592,-1.7034531
2020-10-20,-0.11370770504641621,-0.27745901235129633,-0.03678537581576402,-0.08463565074541204,0.03769150915850003,-0.2021682116122215,-0.13053779348078826,-0.2099070869751595,2.3565412
2020-10-21,-0.11370770504641621,-0.27745901235129633,-0.1899600158868727,-1.0555575197822984,0.15686143491532575,0.4497333766122622,0.002359098703605569,-0.166768431968641,4.174769
2020-10-22,-0.11370770504641621,-0.27745901235129633,0.1700003882802327,1.1615585723700639,-0.042277783125685635,0.4021791952443776,0.09705960079136637,-0.11217603524765811,-0.21885633
2020-10-23,-0.11370770504641621,-0.27745901235129633,0.9818259806571087,-0.6600757914419988,-0.07834236592051445,0.7429978210136114,0.24087300857538768,-0.038006133573976496,2.3982525
2020-10-26,-0.11370770504641621,-0.27745901235129633,-0.06742030382998576,0.5491309319006432,0.032987433141783234,0.15572847201889364,0.26360109315019997,0.026149333598504017,-2.6967347
2020-10-27,-0.11370770504641621,-0.27745901235129633,0.6754767005148914,0.10599223269919268,-0.05011790982021364,0.4741987909199521,0.34373549382644863,0.0944664026791512,2.2301674
2020-10-28,-0.11370770504641621,3.604135946155105,0.9128973926251098,-0.9623774722776595,-0.036005681770063226,-0.4928437663378462,0.2280205845262502,0.124582428863666,-5.5137815
2020-10-29,-0.11370770504641621,-0.27745901235129633,1.5868658089379881,0.29946530843401553,0.02357928110834962,0.143707276549013,0.276908950124778,0.159042147116379,4.916489
2020-10-30,-0.11370770504641621,-0.27745901235129633,0.8592862686002218,2.2093006332428358,0.8938333442009584,-0.6873589978954742,0.11436395928579199,0.15214185949441328,-6.309867
2020-11-02,-0.11370770504641621,-0.27745901235129633,-0.7184125241321977,-2.1715841956203015,-0.8952835674903329,-0.7586733627437184,-0.03622938021246622,0.11468794402410477,-0.6651223
2020-11-03,-0.11370770504641621,-0.27745901235129633,-0.12869015985842924,0.6679177100172441,-0.007781225669762405,-0.5634455011886121,-0.11312269357165948,0.06841939678515041,1.5074968
2020-11-04,-0.11370770504641621,-0.27745901235129633,0.016825748209124018,0.02561555050053471,0.02357928110834962,0.33133311542871813,0.06823505837809238,0.06986191315032421,8.322657
2020-11-05,-0.11370770504641621,-0.27745901235129633,0.06277814023045662,-0.23187435176419266,-0.05011790982021364,0.566867364007352,0.28720424502896164,0.117448876970099,2.540183
2020-11-06,-0.11370770504641621,-0.27745901235129633,1.0813894967033293,0.135155453673927,-0.06109408719255285,0.5023623121921686,0.43883068495963934,0.18767120486806527,-0.43097138
2020-11-09,-0.11370770504641621,-0.27745901235129633,-0.8332935041855292,-0.07254358351198563,0.09100437068129047,-0.1808696824463471,0.3888294768819286,0.23324618891618926,-4.989612
2020-11-10,-0.11370770504641621,3.604135946155105,-0.5192854920397564,-0.38124694700063666,-0.010917276347573609,-0.4398247923030407,0.27276996971327844,0.24509547425521086,-2.2742748
2020-11-11,-0.11370770504641621,3.604135946155105,-0.5575791520575335,-0.15149766956553473,-0.0030771496530456023,-0.273985955155085,0.22062206482311986,0.24351681195510544,1.4866233
2020-11-12,-0.11370770504641621,-0.27745901235129633,-0.48865056402553464,0.1956157898410592,0.043963610514122446,-0.3354293211749781,0.15916282780885427,0.22922130082954761,-0.5063772
2020-11-13,-0.11370770504641621,-0.27745901235129633,-0.1669838198762064,-1.3934241042456839,-0.01405332702538481,-0.25181316829849726,0.1270960816064136,0.21098506009345788,0.6798148
2020-11-16,-0.11370770504641621,-0.27745901235129633,-0.8792458962068618,1.770429722476712,-0.018757403042101616,-0.15917346563284027,0.11996450095747609,0.1948837984134548,0.7257581
2020-11-17,-0.11370770504641621,-0.27745901235129633,0.3308337603548968,0.11666170378751015,0.02201125576944402,-0.36259763218157853,0.06674806529212947,0.17071811393801814,-1.4195561
2020-11-18,-0.11370770504641621,-0.27745901235129633,1.3264689208171032,-1.6651399679615009,0.014171129074916015,-0.5165064567074442,-0.011732671543600347,0.13474353447045065,-1.1018157
2020-11-19,-0.11370770504641621,-0.27745901235129633,0.039801944219790324,1.5364126566062832,-0.06109408719255285,-0.4625536626913268,-0.06509257597969878,0.09464877286178983,0.35666227
2020-11-20,-0.11370770504641621,-0.27745901235129633,0.25424644031934246,-0.8314986269276322,-0.05795803651474165,-0.6385333639576957,-0.14449396282606053,0.045735705604763935,-1.1870682
2020-11-23,-0.11370770504641621,-0.27745901235129633,-0.8179760401784183,0.8677924684050572,0.09884449737581849,-0.7083302740455261,-0.22171400403589564,-0.009769446502125908,-0.47090054
2020-11-24,-0.11370770504641621,-0.27745901235129633,-0.5958728120753107,-0.08819214110818453,-0.021893453719912814,-0.1956448857837061,-0.18893460748100824,-0.047222617104545415,3.162849
2020-11-25,-0.11370770504641621,-0.27745901235129633,-0.1440076238655401,-0.2823765149155618,0.015739154413821614,-0.2776805360394246,-0.1784171127511101,-0.07495489314645765,-0.48028827
2020-11-26,-0.11370770504641621,-0.27745901235129633,-0.6341664720930879,0.11168261727962861,-0.020325428381007222,-0.2776805360394246,-0.17082443318939342,-0.09553066773844919,0.0
2020-11-27,-0.11370770504641621,-0.27745901235129633,-0.5346029560468673,0.38197588485033696,0.022011255769444023,-0.1344510889062193,-0.1411780054303765,-0.10570469001247455,0.80554485
2020-11-30,-0.11370770504641621,-0.27745901235129633,-0.9328570202317499,-0.08321305460030308,-0.04384580846459124,-0.1968600985582008,-0.12826734112132734,-0.11110616993855944,-0.30236244
2020-12-01,-0.11370770504641621,-0.27745901235129633,0.5759131844686707,-0.012083247344853542,0.17410971364328737,0.3927912802436548,-0.013942165801811525,-0.09118442128360352,3.4588575
2020-12-02,-0.11370770504641621,-0.27745901235129633,0.05511940822690119,0.06900473292635895,-0.05011790982021364,0.4466632122745073,0.08378187226843385,-0.054524401455647346,0.3385067
2020-12-03,-0.11370770504641621,-0.27745901235129633,-0.47333310001842377,-1.5470644879174547,-0.1316552274433049,-0.00694849398446656,0.0943125745463319,-0.022963324460454296,-1.9720316
2020-12-04,-0.11370770504641621,-0.27745901235129633,-0.1440076238655401,-3.419912312953441,-0.9642766824021793,-0.16925359580896585,0.07514604623163652,-0.0017787719959543632,-0.7628143
2020-12-07,-0.11370770504641621,-0.27745901235129633,-0.9328570202317499,4.124826342632093,0.8922653188620528,0.20768844260278932,0.12130249382405216,0.02495645739651171,2.102244
2020-12-08,-0.11370770504641621,-0.27745901235129633,-0.2512298719153162,0.607457373850112,0.0941404213591017,0.03353731341771641,0.12941076543759222,0.048064019705630255,-0.7633567
2020-12-09,-0.11370770504641621,-0.27745901235129633,-0.0750790358335412,-0.1607445445087431,-0.10186274600409848,-0.37945552688322615,0.07129997536669792,0.05422753461832721,-1.9336581
2020-12-10,-0.11370770504641621,-0.27745901235129633,0.369127420372674,-6.369665419836934,-2.074438622347345,-0.4376806031841749,0.013473548506683605,0.04689611152713722,-0.28786063
2020-12-11,-0.11370770504641621,3.604135946155105,0.009167016205568585,0.8087547283830343,1.764087407293567,-0.6961172780107174,-0.07395462856638378,0.02249161461598904,-1.2882531
2020-12-14,-0.11370770504641621,-0.27745901235129633,-0.9328570202317499,0.9261189103545258,0.2415348032162282,-0.6422603673716811,-0.13724714862139378,-0.010453316343865492,0.23397207
2020-12-15,-0.11370770504641621,-0.27745901235129633,0.08575433624112293,4.168215525057917,0.07218806661442326,-0.523760738290091,-0.1729844390770022,-0.04438744081933626,0.496006
2020-12-16,-0.11370770504641621,-0.27745901235129633,1.2728577967922152,0.3030217987967878,-0.029733580414440807,-0.5128334325517239,-0.20037283581870494,-0.07734251680819947,0.043559074
2020-12-17,-0.11370770504641621,-0.27745901235129633,1.0660720326962185,-2.1025882825825155,0.1223648774594025,-0.6190255249238483,-0.23532456801747637,-0.11111817776026926,-0.43167472
2020-12-18,-0.11370770504641621,-0.27745901235129633,0.15468292427312183,1.4958686664706768,-0.03130160575334642,-0.42606994107879476,-0.24157778661261758,-0.1394647167946868,0.69949627
2020-12-21,-0.11370770504641621,-0.27745901235129633,-0.6418252040966433,-0.7489880505113107,0.03141940780287763,-0.7611644085215642,-0.28613289067361225,-0.17158996663694692,-1.3060749
2020-12-22,-0.11370770504641621,-0.27745901235129633,-0.6111902760824216,-1.6089474202296963,0.003194951702576799,-1.2205895285959063,-0.3831903104009447,-0.21787142936732415,-2.0895243
2020-12-23,-0.11370770504641621,-0.27745901235129633,-0.5805553480681999,-0.4836738694484837,-0.06109408719255285,-1.1059206429358117,-0.4463217251993203,-0.26828377021949157,0.38188696
2020-12-24,-0.11370770504641621,-0.27745901235129633,-0.687777596117976,2.920598705797331,0.04553163585302804,-1.16383078326804,-0.5011915066723455,-0.3202489140484639,-0.26481152
2020-12-25,-0.11370770504641621,-0.27745901235129633,-0.9788094122530824,-1.1743442978988992,0.001626926363671207,-1.16383078326804,-0.5411498338915952,-0.3702942899722597,0.0
2020-12-28,-0.11370770504641621,-0.27745901235129633,-0.8869046282104173,2.0037354902745865,0.059643863903178454,-0.12848368980143074,-0.4633199303276313,-0.39382656960861845,3.5901308
2020-12-29,-0.11370770504641621,-0.27745901235129633,-0.7796823801606412,0.22193381852557545,-0.06423013787036405,-0.15113860334990722,-0.40216410052003165,-0.3996841502712919,-0.07942319
2020-12-30,-0.11370770504641621,-0.27745901235129633,-0.7796823801606412,-0.1450959869125442,0.05650781322536725,-0.6331605893479908,-0.4063833080020828,-0.40526490805083354,-1.7739713
2020-12-31,-0.11370770504641621,-0.27745901235129633,-0.8792458962068618,0.15791699199567089,-0.07363828990379767,-0.5000183517245697,-0.3935418344135902,-0.40700644844258144,0.47448874
2021-01-01,-0.11370770504641621,-0.27745901235129633,-1.0017856082637486,-0.6074397340729663,0.03141940780287763,-0.5000183517245702,-0.3816768099152211,-0.40588367333803477,0.0
2021-01-04,-0.11370770504641621,-0.27745901235129633,-1.0017856082637486,0.35067876965793915,0.01887520509163282,-0.9143046567624125,-0.4171537045277755,-0.41250841538760735,-1.5448809
2021-01-05,-0.11370770504641621,-0.27745901235129633,-0.8715871642033064,-0.42819261978923334,-0.010917276347573602,-0.6771944569745084,-0.4205354583823733,-0.41852531818999844,0.7548094
2021-01-06,-0.11370770504641621,3.604135946155105,-0.4120632439899803,0.6316415083169648,0.020443230430538417,-1.3337958329546566,-0.5053727107585153,-0.4413287869613755,-2.8268814
2021-01-07,-0.11370770504641621,-0.27745901235129633,1.3953975088491022,-1.1281099231828569,0.020443230430538414,-0.745624297297052,-0.5090044629729416,-0.46034168390387986,2.0622015
2021-01-08,-0.11370770504641621,-0.27745901235129633,5.852779534918365,1.0178763617140558,0.011035078397104813,-0.8440742812301152,-0.521605402047419,-0.4782240613587133,-0.4353583
2021-01-11,-0.11370770504641621,-0.27745901235129633,0.49166713242956095,-0.0369786798842609,-0.08931854329285369,-1.5974433993241122,-0.6463003499548653,-0.5189718315175021,-4.010171
2021-01-12,-0.11370770504641621,3.604135946155105,2.5595247733895286,-0.0810791603826396,-0.04227778312568562,-1.9067779818716284,-0.8025907701472857,-0.5847118128901015,-2.2387505
2021-01-13,-0.11370770504641621,3.604135946155105,1.7170642529984304,0.09745665582853878,-0.0030771496530456093,-1.8456805760456951,-0.9125220088921979,-0.6606149856038572,0.21904707
2021-01-14,-0.11370770504641621,3.604135946155105,1.0967069607104403,0.01636867555732625,0.05337176254755604,-2.146601309439316,-1.0569631091343836,-0.751966611790266,-2.3843586
2021-01-15,-0.11370770504641621,-0.27745901235129633,0.18531785228734357,-0.13656041004189023,-0.22260069709982974,-1.535181389486039,-1.0978154726042764,-0.8337107561700965,2.3286104
2021-01-18,-0.11370770504641621,-0.27745901235129633,0.13170672826245552,0.30586699108700593,0.28543951270558504,-1.535181389486039,-1.1199923587563212,-0.9038087345359833,0.0
2021-01-19,-0.11370770504641621,-0.27745901235129633,0.15468292427312183,-0.1102423813573739,0.13020500415393052,-0.6359000528134174,-1.0200945307929328,-0.938703538869708,3.8749218
2021-01-20,-0.11370770504641621,-0.27745901235129633,0.016825748209124018,0.04695449267716957,0.036123483819594446,-0.16526259865776158,-0.862669451205089,-0.9332370097956083,2.4435043
2021-01-21,-0.11370770504641621,-0.27745901235129633,-0.1210314278548738,-0.00852675698208106,-0.08147841659832568,0.18335006281838911,-0.672862961978444,-0.8886148570095523,2.015102
2021-01-22,-0.11370770504641621,-0.27745901235129633,1.004802176667775,0.007121800614117843,-0.07520631524270327,0.2839326619464429,-0.5012286621438562,-0.8165216623889759,0.59735775
2021-01-25,-0.11370770504641621,-0.27745901235129633,-0.38142831597575855,-0.05831762206089575,0.05650781322536725,0.49681496336431985,-0.3250979010470876,-0.7214981487102808,1.2786865
2021-01-26,-0.11370770504641621,-0.27745901235129633,0.07809560423756749,0.11737300186006464,0.03612348381959444,0.7271616201765184,-0.14161904212092172,-0.6065721976971323,1.4531732
2021-01-27,-0.11370770504641621,-0.27745901235129633,-0.15166635586909552,-0.019196228070398478,0.015739154413821614,-0.09606874598548493,-0.10799594511427209,-0.5075015770625027,-3.5135508
2021-01-28,-0.11370770504641621,-0.27745901235129633,1.1350006207282175,1.6559107327954383,0.5551398709973485,-0.5763643980705464,-0.16167996001846596,-0.439628907005607,-2.6236534
2021-01-29,-0.11370770504641621,3.604135946155105,0.8209926085824446,-3.043635632572113,-0.772977591055696,-0.9648301825255506,-0.27798261902400406,-0.4099930338003298,-2.516985
2021-02-01,-0.11370770504641621,-0.27745901235129633,-0.22825367590464987,1.4133580900543552,0.09884449737581849,-0.7033743064943202,-0.328117090271158,-0.39691547228685126,1.4245391
2021-02-02,-0.11370770504641621,-0.27745901235129633,-0.09805523184420749,-0.401874591104717,0.001626926363671207,-0.3646006002453253,-0.3105412979445745,-0.3827264333950928,1.935029
2021-02-03,-0.11370770504641621,-0.27745901235129633,-0.09039649984065207,0.29377492385357945,0.05964386390317845,-0.39318168557056354,-0.3006449859907526,-0.36927666516618873,-0.1609981
2021-02-04,-0.11370770504641621,-0.27745901235129633,0.4763496684224501,0.060469156055705006,-0.05952606185364724,-0.40452673452057153,-0.2939071563285434,-0.35708807735016584,-0.060003996
2021-02-05,-0.11370770504641621,-0.27745901235129633,0.4150798123940066,-0.13584911196933572,-0.1002947206651929,-0.2839234578648767,-0.27024128531406033,-0.34231880135931025,0.6041527
2021-02-08,-0.11370770504641621,-0.27745901235129633,-0.7490474521464194,0.05549006954782353,0.12550092813721372,-0.4049462371203123,-0.26802827647049016,-0.3300341066374261,-0.5669594
2021-02-09,-0.11370770504641621,-0.27745901235129633,-0.3048409959402042,-1.1793233844067805,-0.04541383380349683,-0.1759758871782548,-0.23433597697573536,-0.3130618164792204,1.0766149
2021-02-10,-0.11370770504641621,-0.27745901235129633,-0.20527747989398357,0.8002191515123801,-0.06579816320926966,0.011228283997934442,-0.18131697090591928,-0.2882411746490549,0.8981228
2021-02-11,-0.11370770504641621,-0.27745901235129633,1.6098420049486544,0.5790054509479321,0.09570844669800728,-0.12621343958662462,-0.15668001941659143,-0.26316033546092427,-0.5443692
2021-02-12,-0.11370770504641621,-0.27745901235129633,1.1886117447531055,0.0014314160336818774,-0.010917276347573609,-0.11678859191908778,-0.1370624563300933,-0.23893571195402794,0.04067421
2021-02-15,-0.11370770504641621,-0.27745901235129633,-0.013809179805097717,0.04055281002417912,0.017307179752727216,-0.11678859191908778,-0.12281137171886117,-0.21653403585714073,0.0
2021-02-16,-0.11370770504641621,-0.27745901235129633,-0.4197219759935357,-0.11806666015547336,-0.007781225669762405,0.19929130833068062,-0.07473918285625533,-0.18841886994439463,1.2828112
2021-02-17,-0.11370770504641621,-0.27745901235129633,-0.565237884061089,-0.79949021366268,-0.03443765643115762,0.15208496568879104,-0.0433062484050334,-0.1592613067080978,-0.14600158
2021-02-18,-0.11370770504641621,-0.27745901235129633,4.137223566121948,0.3343189139891856,0.012603103736010412,-0.3207853277082306,-0.06686815823960676,-0.14093161663503617,-1.5279412
2021-02-19,-0.11370770504641621,3.604135946155105,2.988413765588633,-0.1948868519913588,-0.039141732447874424,-1.0331103928477192,-0.1734176511737106,-0.14886194473523542,-2.9065728
2021-02-22,-0.11370770504641621,3.604135946155105,-0.266547335922427,0.5875410278185861,0.05180373720865044,-1.1304252888503437,-0.27113777476152234,-0.1759279980438274,-0.4702568
2021-02-23,-0.11370770504641621,-0.27745901235129633,2.2455167612437554,0.14867011705246244,0.015739154413821618,-0.5483660092386325,-0.2864860431021874,-0.20083547847109762,2.1223187
2021-02-24,-0.11370770504641621,-0.27745901235129633,0.8209926085824446,-0.06685319893154969,-0.012485301686479211,-0.6857226801448301,-0.3149305164317858,-0.22679318284068484,-0.58115125
2021-02-25,-0.11370770504641621,-0.27745901235129633,1.816627769044651,0.056201367620378036,0.07689214263114007,-1.4078101988001057,-0.44217708635994374,-0.2745422922115448,-3.6396623
2021-02-26,-0.11370770504641621,-0.27745901235129633,0.7980164125717784,0.00641050254156334,-0.07520631524270326,-1.1069942923100908,-0.507268018043456,-0.3265442707165131,1.1504173
2021-03-01,-0.11370770504641621,-0.27745901235129633,-0.6648014001073096,-0.06756449700410418,-0.06423013787036407,-0.45001181181344835,-0.474937733187335,-0.36129013766979945,2.8297544
2021-03-02,-0.11370770504641621,-0.27745901235129633,-0.3048409959402042,0.00641050254156334,0.026715331786160826,-0.8789185031160677,-0.5119165042668055,-0.39692826993786273,-2.2309482
2021-03-03,-0.11370770504641621,-0.27745901235129633,-0.34313465595798137,0.012812185194553797,-0.025029504397724018,-1.1138205182001073,-0.5772440114888362,-0.43929163318122766,-1.3861
2021-03-04,-0.11370770504641621,-0.27745901235129633,0.3461512243620077,0.0021427141062363682,0.06905201593661205,-0.9120724568511829,-0.5999876733474826,-0.47800517281052995,0.8731127
2021-03-05,-0.11370770504641621,-0.27745901235129633,-0.47333310001842377,0.008544396759226825,0.07375609195332887,-0.36436994016685464,-0.5405764457863248,-0.49637770863404024,2.5772333
2021-03-08,-0.11370770504641621,-0.27745901235129633,-0.7643649161535303,-1.2419176147915763,-0.10499879668190969,-0.969568063040453,-0.5892652074068836,-0.5214003080870105,-3.394127
2021-03-09,-0.11370770504641621,-0.27745901235129633,-0.06742030382998576,1.0200102559317192,-0.05011790982021364,-0.23930223254628238,-0.5085932472485553,-0.5243117015058889,4.085231
2021-03-10,-0.11370770504641621,-0.27745901235129633,-0.18230128388331726,0.23046939539622938,0.020443230430538417,-0.2958245756575074,-0.4515179137170739,-0.5145378523940456,-0.31609535
2021-03-11,-0.11370770504641621,-0.27745901235129633,0.016825748209124018,-0.8862685785143285,-0.12851917676549368,0.2401781453007202,-0.3055101537379101,-0.4757574710663323,3.3899665
2021-03-12,-0.11370770504641621,-0.27745901235129633,-0.03678537581576402,0.8741941510580478,0.19135799237124895,-0.1397462169781064,-0.25062367036934746,-0.43309435317919054,-2.0008802
2021-03-15,-0.11370770504641621,-0.27745901235129633,-0.4350394400006466,0.0433980023143971,0.03141940780287763,0.16268075865902407,-0.1485684235065962,-0.37732279456470624,1.9932985
2021-03-16,-0.11370770504641621,-0.27745901235129633,0.7903576805682229,0.03343982929863417,0.003194951702576806,0.4486890217848136,-0.008740550231349549,-0.30305470570103976,2.0200968
2021-03-17,-0.11370770504641621,-0.27745901235129633,0.039801944219790324,0.008544396759226828,-0.03130160575334642,0.6747705419221508,0.15028493378161342,-0.20991849240267146,1.6936421
2021-03-18,-0.11370770504641621,-0.27745901235129633,-0.24357113991176074,-0.08961473725329354,0.04553163585302804,0.2739708824405936,0.21116649660281198,-0.12249943770175913,-1.8978238
2021-03-19,-0.11370770504641621,-0.27745901235129633,0.4533734724117838,0.08251939630489435,-0.015621352364290412,0.7997351973485737,0.38022703737728775,-0.016714493442826668,4.1238904
2021-03-22,-0.11370770504641621,-0.27745901235129633,-0.7873411121641966,-0.39831810074194457,-0.07991039125942008,0.9367409389436974,0.543416200092967,0.10251812240790405,1.1823177
2021-03-23,-0.11370770504641621,-0.27745901235129633,-0.3048409959402042,-0.25107939972316407,-0.46250857395238676,0.7159429060052178,0.6303721214161987,0.2163434305417363,-0.9913504
2021-03-24,-0.11370770504641621,-0.27745901235129633,-0.35845211996509224,-0.28451040913322534,0.3826570837177323,0.12524174512925676,0.5952022779397311,0.29994582585878404,-2.9212356
2021-03-25,-0.11370770504641621,-0.27745901235129633,2.0540484611548697,0.9097590546857726,0.03925953449740563,-0.09034108704848366,0.5207664465462399,0.3510434423014386,-1.2050867
2021-03-26,-0.11370770504641621,-0.27745901235129633,2.2914691532650884,0.030594637008416185,0.06748399059770646,0.1379492355009806,0.5009340881254463,0.38771603542402666,1.5354753
2021-03-29,-0.11370770504641621,-0.27745901235129633,-0.5958728120753107,0.027749444718198204,-0.04854988448130803,0.515703741090032,0.562847095844584,0.4301829143935963,2.7559996
2021-03-30,-0.11370770504641621,-0.27745901235129633,-0.2359124079082053,0.05620136762037802,0.15529340957642013,0.3195499057827372,0.5712244215028709,0.46593284993158607,-0.9696722
2021-03-31,-0.11370770504641621,-0.27745901235129633,0.23127024430867618,-0.08534694881796655,-0.10343077134300409,0.6248347104883704,0.6404614701068678,0.509214683587602,2.2673607
2021-04-01,-0.11370770504641621,-0.27745901235129633,0.5069845964366718,0.007121800614117837,0.07062004127551767,0.8036156812408752,0.7301784222197347,0.5628648492867336,1.402235
2021-04-02,-0.11370770504641621,-0.27745901235129633,0.024484480212679453,-0.08819214110818455,-0.288457761333865,0.8036156812408752,0.7894675936345342,0.6183573954220877,0.0
2021-04-05,-0.11370770504641621,-0.27745901235129633,-0.6648014001073096,-0.32647699541394054,-0.05639001117583603,1.2207814955625793,0.9370443123206803,0.6940454358936471,3.4319997
2021-04-06,-0.11370770504641621,-0.27745901235129633,0.18531785228734357,0.20913045321959456,0.15999748559313695,1.0043576011128355,1.0101445696905937,0.7700969563488558,-0.8578539
2021-04-07,-0.11370770504641621,-0.27745901235129633,0.2848813683335642,-0.05831762206089573,0.022011255769444023,1.2662558498825882,1.1283890433757546,0.856012202097771,2.2301316
2021-04-08,-0.11370770504641621,-0.27745901235129633,-0.029126643812208586,-0.37200007205742824,0.06591596525880085,1.2602132605548166,1.2047206637140078,0.9409307051829287,-0.022357702
2021-04-09,-0.11370770504641621,-0.27745901235129633,0.6065481124828924,-0.3563515144612293,-0.9987732398581025,1.2086622698138307,1.2419524715705137,1.016760603422947,-0.17890334
2021-04-12,-0.11370770504641621,-0.27745901235129633,-0.84861096819264,0.2724359816769445,0.9910509152131058,1.1196605723873616,1.244163442907122,1.0778933638858348,-0.29443502
2021-04-13,-0.11370770504641621,-0.27745901235129633,-0.27420606792598246,0.6366205948248462,0.032987433141783234,0.9428232920086078,1.2094478921103657,1.1194380549381917,-0.57135224
2021-04-14,-0.11370770504641621,-0.27745901235129633,0.3461512243620077,0.06544824256358647,-0.014053327025384813,0.3071276297247894,1.0894090871079385,1.127219286057946,-2.2404432
2021-04-15,-0.11370770504641621,-0.27745901235129633,0.4763496684224501,-0.22902915947397465,-0.13792732879892733,0.5937234240821078,1.0352915577598214,1.1219685167065134,1.651144
2021-04-16,-0.11370770504641621,-0.27745901235129633,0.22361151230512075,0.22477901081579343,0.13020500415393052,0.44835554933747207,0.9603641757481192,1.1018793669054803,-0.5327821
2021-04-19,-0.11370770504641621,-0.27745901235129633,-0.687777596117976,0.0028540121787908657,0.01887520509163282,0.10793367565857011,0.8446750351229015,1.0612758822951047,-1.2868285
2021-04-20,-0.11370770504641621,-0.27745901235129633,0.5146433284402272,0.012812185194553799,0.025147306447255224,0.13581742076397013,0.7462412239240127,1.0079199645776973,0.13566017
2021-04-21,-0.11370770504641621,-0.27745901235129633,-0.18230128388331726,-0.34994983180823885,-0.04384580846459124,0.028380743943417695,0.6449499393087437,0.9437561661590895,-0.3898859
2021-04-22,-0.11370770504641621,-0.27745901235129633,-0.15932508787265096,0.014234781339662755,0.025147306447255227,-0.40110217668139236,0.5010844627335768,0.8619181018129995,-1.641959
2021-04-23,-0.11370770504641621,-0.27745901235129633,-0.2512298719153162,0.3072895872321149,-0.03286963109225202,-0.04059469193592431,0.43071188173541197,0.7815249726934768,1.5547037
2021-04-26,-0.11370770504641621,-0.27745901235129633,-0.6954363281215313,-0.0334221895214884,-0.015621352364290412,0.10091030475184787,0.38900724623039773,0.7083668996009543,0.63427687
2021-04-27,-0.11370770504641621,-0.27745901235129633,0.29254010033711964,-0.0810791603826396,-0.04698185914240245,0.14118473530086478,0.3550520796520896,0.6426401651392784,0.17489195
2021-04-28,-0.11370770504641621,-0.27745901235129633,0.05511940822690119,0.1856576168252962,0.19919811906577697,0.4060237739215936,0.3605694954563526,0.5912287590641452,1.162827
2021-04-29,8.794478787447106,-0.27745901235129633,0.9818259806571087,2.1730244315425566,1.4504823395124469,1.5261195898721422,0.6047282260068902,0.6018740892256544,7.2973013
2021-04-30,-0.11370770504641621,-0.27745901235129633,-0.06742030382998576,-0.15292026571064377,-0.6412634625876252,1.1256767154363458,0.7376949320035293,0.6385862680513074,-1.3444304
2021-05-03,-0.11370770504641621,-0.27745901235129633,-0.6801188641144205,-2.086228426913762,-0.79649797113928,0.9071979122737207,0.8032711412236155,0.6818616064067342,-0.76904297
2021-05-04,-0.11370770504641621,-0.27745901235129633,0.192976584290899,0.040552810024179126,-0.08775051795394807,0.5504425199513702,0.7963717574769442,0.7150188459200688,-1.3082027
2021-05-05,-0.11370770504641621,-0.27745901235129633,1.2881752607993262,-0.018484929997844,0.02357928110834962,0.28137765650149904,0.7424527862733535,0.7301109880229043,-1.0491252
2021-05-06,-0.11370770504641621,-0.27745901235129633,4.068294978089949,-0.17852699632260546,-0.028165555075535222,0.556122280242471,0.7440929060933361,0.7425324931179895,1.5872002
2021-05-07,-0.11370770504641621,-0.27745901235129633,0.3308337603548968,0.1714316553742063,-0.01405332702538481,0.47638781826726956,0.7238721717286006,0.7481818410952387,-0.2937317
2021-05-10,-0.11370770504641621,-0.27745901235129633,-0.3661108519686477,-0.019196228070398492,-0.1065668220208153,-0.47762519971424744,0.5528230497727109,0.7164299354834233,-4.1086855
2021-05-11,-0.11370770504641621,-0.27745901235129633,1.4183737048597684,-0.0782339680924216,-0.241417001166697,-0.4406754919211287,0.41599229493631296,0.6620131153054785,0.18302202
2021-05-12,-0.11370770504641621,-0.27745901235129633,0.8133338765788892,0.06758213678124995,0.3324802728727531,-0.6956625010924539,0.2575665103521207,0.5848850846839575,-1.2984097
2021-05-13,-0.11370770504641621,-0.27745901235129633,0.1700003882802327,0.0028540121787908657,0.015739154413821614,-0.5001892819459536,0.15765177462124136,0.5019954964943727,0.8957267
2021-05-14,-0.11370770504641621,-0.27745901235129633,-0.08273776783709663,0.003565310251345357,-0.03130160575334642,0.16889197268335815,0.1924285505758253,0.44305832620488045,3.4986496
2021-05-17,-0.11370770504641621,-0.27745901235129633,-0.7720236481570857,0.03628502158885215,0.009467053058199207,0.13356372289125623,0.20951927791719768,0.3995327204396737,-0.15193224
2021-05-18,-0.11370770504641621,-0.27745901235129633,-0.32015845994731507,-0.029154401086161432,0.009467053058199214,-0.26235939710740447,0.15731223896375632,0.3536416057336677,-1.7434835
2021-05-19,-0.11370770504641621,-0.27745901235129633,-0.22059494390109444,-0.013505843489962529,-0.014053327025384813,-0.03263179687273673,0.1518852159780337,0.31577790049255594,1.171124
2021-05-20,-0.11370770504641621,-0.27745901235129633,0.0015082842020131505,8.819888572882662e-06,0.003194951702576806,0.26479334532607324,0.19846714706340288,0.29536474853419664,1.6008139
2021-05-21,-0.11370770504641621,-0.27745901235129633,-0.22059494390109444,0.03628502158885215,0.003194951702576806,0.08086868376700712,0.20382769770056702,0.28017094481998633,-0.74698925
2021-05-24,-0.11370770504641621,-0.27745901235129633,-0.7337299881393086,-0.00923805505463556,0.009467053058199207,0.5508068433229836,0.2954670348318762,0.2874482470603474,2.656293
2021-05-25,-0.11370770504641621,-0.27745901235129633,-0.059761571826430326,-0.04195776639214234,0.06277991458098965,0.7088108205476833,0.39599339157132596,0.31458694827338196,0.9734154
2021-05-26,-0.11370770504641621,-0.27745901235129633,1.1579768167388838,-0.14580728498509868,-0.225736747777641,0.697456013938718,0.4661289629866715,0.3511703284256725,-0.03966093
2021-05-27,-0.11370770504641621,-0.27745901235129633,1.7247229850019858,0.11026002113451967,0.15372538423751453,0.9550200396887037,0.5691012815589016,0.4022725641476575,1.5534401
2021-05-28,-0.11370770504641621,-0.27745901235129633,0.6601592365077805,0.07042732907146794,0.01417112907491601,0.5904055896503869,0.5963714859626728,0.44893706615986123,-1.2081087
2021-05-31,-0.11370770504641621,-0.27745901235129633,-1.0017856082637486,-0.07396617965709464,0.02044323043053842,0.5904055896503869,0.6082600081610336,0.4887896579322313,0.0
2021-06-01,-0.11370770504641621,-0.27745901235129633,-0.7184125241321977,0.09532276161087527,-0.009349251008668007,0.6146393949228915,0.6123637393776269,0.5215419375754596,0.12167692
2021-06-02,-0.11370770504641621,-0.27745901235129633,-0.4350394400006466,0.03201723315352517,-0.004645174991951201,0.6159325222620904,0.6061395149460901,0.5464238993004734,0.006067753
2021-06-03,-0.11370770504641621,-0.27745901235129633,0.2619051723228979,-0.037689977956815376,0.007899027719293608,0.2855191222789767,0.5574484212971318,0.5560044033740056,-0.9448528
2021-06-04,-0.11370770504641621,-0.27745901235129633,0.42273854439756203,-1.102503192570895,-0.006213200330856803,0.5905757518715421,0.5576993831335141,0.5637220237030569,1.3219237
2021-06-07,-0.11370770504641621,-0.27745901235129633,-0.5039680280326455,1.0904287651146143,0.009467053058199207,0.9719567087352218,0.6174214690223219,0.582560334113689,1.8858671
2021-06-08,-0.11370770504641621,-0.27745901235129633,-0.2359124079082053,-0.010660651199744546,0.08473226932566807,0.6602387313146224,0.622580399671484,0.5987249462838826,-0.861609
2021-06-09,-0.11370770504641621,-0.27745901235129633,-0.13634889186198468,0.022770358210316734,-0.08461446727613688,0.310917022187694,0.579098989497571,0.6024362968159076,-1.0279298
2021-06-10,-0.11370770504641621,-0.27745901235129633,0.8669450006037772,8.819888572882662e-06,-0.004645174991951201,0.46542862892869397,0.5600737562749404,0.6013710300791724,0.66919327
2021-06-11,-0.11370770504641621,-0.27745901235129633,-0.3278171919508705,-0.3648870913318833,-0.05482198583693044,0.3384219834078636,0.5228987534289802,0.5926357665590897,-0.3609419
2021-06-14,-0.11370770504641621,-0.27745901235129633,-0.7720236481570857,0.36988381761691047,0.05650781322536725,0.7221046197848916,0.545771178126792,0.5904977092521032,1.6633391
2021-06-15,-0.11370770504641621,-0.27745901235129633,0.024484480212679453,-0.051204641335350784,-0.014053327025384813,0.7198198018854596,0.5545713587272837,0.5906533631919074,-0.0059366226
2021-06-16,-0.11370770504641621,-0.27745901235129633,0.20829404829800988,0.02490425242798022,0.007899027719293612,0.10265866903087398,0.49006503664634915,0.5770991632292484,-1.6837478
2021-06-17,-0.11370770504641621,-0.27745901235129633,0.4380560084046729,0.025615550500534715,-0.0015091243141400004,0.49963860080644473,0.4910188306471386,0.5664580576060471,1.6400933
2021-06-18,-0.11370770504641621,-0.27745901235129633,-0.12869015985842924,0.012812185194553799,0.08002819330895128,-0.14449582131254843,0.40810523303441465,0.5403631422679549,-2.0356
2021-06-21,-0.11370770504641621,-0.27745901235129633,-0.6111902760824216,-0.04124646831958786,-0.06893421388708086,0.05257417403354933,0.36475588896823213,0.5102948757339864,0.79779625
2021-06-22,-0.11370770504641621,-0.27745901235129633,-0.10571396384776292,0.01779127170243527,0.04239558517521684,0.5061281398226454,0.39813007604167755,0.49331734037177616,2.028346
2021-06-23,-0.11370770504641621,-0.27745901235129633,0.5452782564544489,-0.012794545417408036,0.05023571186974484,0.6024660242509217,0.43422780328418364,0.4873899232904032,0.46013594
2021-06-24,-0.11370770504641621,-0.27745901235129633,-0.11337269585131836,0.0035653102513453602,-0.021893453719912814,0.761262803648085,0.48338351308725336,0.4930715779218037,0.760448
2021-06-25,-0.11370770504641621,-0.27745901235129633,-0.25888860391887164,0.03201723315352518,0.06748399059770646,0.5691135835969311,0.49378724687175624,0.49982303878068507,-0.52741766
2021-06-28,-0.11370770504641621,-0.27745901235129633,-0.9788094122530824,-0.4708705041425031,-0.1363593034600217,1.3242861600506246,0.6506739547274784,0.5384924169684294,4.180217
2021-06-29,-0.11370770504641621,-0.27745901235129633,0.13936546026601096,-4.76782216044421,-1.3688272198398244,0.9582832630778961,0.7222257148756148,0.5846006449794511,-1.054436
2021-06-30,-0.11370770504641621,-0.27745901235129633,0.13936546026601096,8.819888572882662e-06,1.1823500065595893,0.5751705542890914,0.7213717011479818,0.6213061316919175,-1.1878788
2021-07-01,-0.11370770504641621,-0.27745901235129633,-0.1669838198762064,5.013948933325211,0.07375609195332886,0.9182162621185663,0.7833161152734542,0.6638059853385441,1.9211531
2021-07-02,-0.11370770504641621,-0.27745901235129633,-0.25888860391887164,-0.009238055054635576,0.2525109805885675,0.9334365075396704,0.8236515663842632,0.7063590991585629,0.08747578
2021-07-05,-0.11370770504641621,-0.27745901235129633,-0.6035315440788661,0.21268694358236703,-0.194376240999529,0.9334365075396692,0.8431863065961467,0.7445439795781635,0.0
2021-07-06,-0.11370770504641621,-0.27745901235129633,-0.35845211996509224,0.010678290976890312,0.01887520509163281,0.731939339955106,0.8250719533911759,0.7712506910835009,-0.54130554
2021-07-07,-0.11370770504641621,-0.27745901235129633,-0.6341664720930879,0.01138958904944481,0.14274920686517534,0.49394148688038797,0.7735936584543017,0.7816999621421549,-0.64913034
2021-07-08,-0.11370770504641621,-0.27745901235129633,0.5452782564544489,-5.236567590257622,-3.1030632446694195,0.0250648817409367,0.668501102809708,0.7677742459403484,-1.3809204
2021-07-09,-0.11370770504641621,-0.27745901235129633,0.5912306484757816,5.020350615978201,2.7582154721597183,0.36295690808409,0.6283594736060238,0.7481215424848828,1.3800144
2021-07-12,-0.11370770504641621,-0.27745901235129633,-0.47333310001842377,0.1671638669388793,0.08002819330895125,0.5430826797950071,0.6172217010266864,0.7300375878478641,0.7819176
2021-07-13,-0.11370770504641621,-0.27745901235129633,-0.46567436801486833,-0.02986569915871593,0.07218806661442327,0.4328717934768062,0.5870056251682504,0.7091630314681825,-0.30298233
2021-07-14,-0.11370770504641621,-0.27745901235129633,-0.05210283982287489,0.00641050254156334,0.04866768653083924,-0.008084485478474982,0.5048786396871747,0.6750481585482411,-1.2667179
2021-07-15,-0.11370770504641621,-0.27745901235129633,0.9741672486535533,-0.7440089640034293,0.03141940780287763,-0.29601401008099487,0.3972131503496551,0.6249255302911564,-0.91189146
2021-07-16,-0.11370770504641621,-0.27745901235129633,0.5682544524651153,0.7404701134178026,-0.09245459397066488,-0.5780959607112458,0.2693351569725442,0.5577105869260824,-0.9580195
2021-07-19,-0.11370770504641621,-0.27745901235129633,-0.6724601321108651,0.054067473402714526,0.04553163585302804,-0.9094569070639759,0.11706459675656766,0.4716492881125094,-1.2340248
2021-07-20,-0.11370770504641621,-0.27745901235129633,-0.1210314278548738,-0.015639737707626014,-0.003077149653045596,-0.479633822317397,0.04558370825940795,0.38764255210747517,1.3978362
2021-07-21,-0.11370770504641621,-0.27745901235129633,0.10873053225178923,0.049088386894833066,0.27916741134996265,-0.10744545919244941,0.03667307231335547,0.31854764119230855,1.3375878
2021-07-22,-0.11370770504641621,-0.27745901235129633,-0.40440451198642485,-0.1429620926948807,-0.2523931785390362,0.2526645372643936,0.08117935186434594,0.27270937771833104,1.4325738
2021-07-23,-0.11370770504641621,-0.27745901235129633,-0.0750790358335412,-0.03484478566659738,0.4720345280353516,1.2122692175284564,0.3171383589726928,0.28607445058203856,5.296278
2021-07-26,-0.11370770504641621,-0.27745901235129633,-0.794999844167752,0.28879583734569797,-0.2994339387062042,1.3158071116761032,0.5250953781560669,0.3408643025986738,0.7220268
2021-07-27,-0.11370770504641621,-0.27745901235129633,-0.34313465595798137,0.07327252136168592,-0.04854988448130803,0.9038318067589712,0.6281862756114781,0.4065568607538697,-1.248455
2021-07-28,-0.11370770504641621,-0.27745901235129633,0.18531785228734357,-0.18208348668537794,0.03769150915850004,1.139034153236298,0.7593140346342643,0.486916868778163,1.4871836
2021-07-29,-0.11370770504641621,-0.27745901235129633,0.8286513405860001,0.8222693917615697,0.9236258256401647,0.03677577406276226,0.6860779963090157,0.5356749944364956,-4.007715
2021-07-30,-0.11370770504641621,3.604135946155105,-0.1899600158868727,-1.4104952579869916,-0.6647838426712093,-0.08877456451153813,0.595970147543529,0.5555739055991287,-0.5637467
2021-08-02,-0.11370770504641621,-0.27745901235129633,-0.9328570202317499,0.6615160273642536,-0.45780449793566996,-0.3549566344238513,0.4680281490787947,0.5443626213347051,-1.220876
2021-08-03,-0.11370770504641621,-0.27745901235129633,-0.20527747989398357,-0.1429620926948807,0.003194951702576799,-0.39848274952897217,0.3519601286162057,0.5107810867589204,-0.20173788
2021-08-04,-0.11370770504641621,-0.27745901235129633,-0.15166635586909552,0.02134776206520774,-0.017189377703196004,0.05340755652940291,0.3388520853334422,0.4811362665118037,2.1865487
2021-08-05,-0.11370770504641621,-0.27745901235129633,0.36146868836911855,-0.13300391967911776,-0.017189377703196018,0.26896876699524047,0.36661042279702394,0.4633066335560253,1.1283875
2021-08-06,-0.11370770504641621,-0.27745901235129633,-0.389087047979314,-0.8926702611673188,-0.07520631524270326,0.29788590311429336,0.38744237524047387,0.4534603935763394,0.1487732
2021-08-09,-0.11370770504641621,-0.27745901235129633,-0.4350394400006466,0.9965374195374209,0.15999748559313692,0.15153720695582712,0.37575733816702594,0.4431055609476094,-0.522691
2021-08-10,-0.11370770504641621,-0.27745901235129633,-0.33547592395442594,0.019925165920098756,0.08002819330895128,0.11325021706731163,0.3543576964682708,0.43028384856686736,-0.13273358
2021-08-11,-0.11370770504641621,-0.27745901235129633,-0.12869015985842924,0.016368675557326275,-0.16771981023813373,0.015648670610790113,0.31799594404359505,0.4123158802692795,-0.323987
2021-08-12,-0.11370770504641621,-0.27745901235129633,0.009167016205568585,0.007121800614117837,0.06905201593661205,0.20158475810404952,0.31280667371462884,0.39684110818633284,0.7473111
2021-08-13,-0.11370770504641621,-0.27745901235129633,0.18531785228734357,-0.0007024781839816131,0.02201125576944402,0.2386960834513264,0.308328462103522,0.3835116748125472,0.14615059
2021-08-16,-0.11370770504641621,-0.27745901235129633,-0.794999844167752,0.00214271410623637,-0.009349251008668007,0.47411248562670555,0.33582295123653944,0.3786784016726495,0.9306669
2021-08-17,-0.11370770504641621,-0.27745901235129633,-0.40440451198642485,-0.016351035780180514,0.1396131561873641,-0.26044580037265086,0.2616047529340499,0.35907363297813016,-2.2124588
2021-08-18,-0.11370770504641621,-0.27745901235129633,-0.11337269585131836,-0.009238055054635558,-0.16771981023813376,-0.49629736246429607,0.1647790286162037,0.3228576867433015,-0.8369386
2021-08-19,-0.11370770504641621,-0.27745901235129633,0.20063531629445444,0.018502569774989763,0.03769150915850004,-0.5225222919758,0.0807279014296211,0.2760616829920504,-0.092846155
2021-08-20,-0.11370770504641621,-0.27745901235129633,0.775040216561112,-2.5592416451625013,-0.06423013787036405,-0.16709821723217713,0.058046901891485564,0.23381531865451802,1.1967778
2021-08-23,-0.11370770504641621,-0.27745901235129633,-0.6954363281215313,2.441183804895601,-0.025029504397724032,0.1363654707457056,0.08073584365103449,0.20482947268846838,1.107502
2021-08-24,-0.11370770504641621,-0.27745901235129633,-0.25888860391887164,0.08465329052255785,-0.0203254283810072,0.29300962912401385,0.1186822102646253,0.18968741561683344,0.5944729
2021-08-25,-0.11370770504641621,-0.27745901235129633,-0.5422616880504226,-0.04338036253725134,0.18351786567672093,0.4957093590006427,0.17607420707084379,0.18974388302713585,0.78793764
2021-08-26,-0.11370770504641621,-0.27745901235129633,-0.5269442240433118,-0.057606323988341236,-0.07363828990379767,0.09215607525326931,0.17222093765370655,0.18897196176621994,-1.0885239
2021-08-27,-0.11370770504641621,-0.27745901235129633,-0.618849008085977,-0.21693709224054825,-0.14576745549345532,0.6482356436099387,0.25535079506281017,0.20598231401492292,2.2641182
2021-08-30,-0.11370770504641621,-0.27745901235129633,-0.9328570202317499,0.3222268467557593,0.1427492068651753,1.0753959863455194,0.4032618932815744,0.25095550537357064,2.1549463
2021-08-31,-0.11370770504641621,-0.27745901235129633,-0.32015845994731507,0.08465329052255785,0.28073543668886825,0.9469047776660215,0.49778378806020196,0.306977657060216,-0.3362596
2021-09-01,-0.11370770504641621,-0.27745901235129633,-0.1899600158868727,-0.13798300618699924,-0.36215495226242833,1.0853306744915316,0.5928691748589319,0.37195846686810696,0.7037759
2021-09-02,-0.11370770504641621,-0.27745901235129633,-0.11337269585131836,-0.7532558389466378,-0.37783520565148426,0.423045706434191,0.5834249755787658,0.42194044919537976,-1.7720163
2021-09-03,-0.11370770504641621,-0.27745901235129633,-0.3048409959402042,-2.487400539834497,-1.1540077484097568,0.4835396265816605,0.5774807625267738,0.46066555016441807,0.26113987
2021-09-06,-0.11370770504641621,-0.27745901235129633,-0.8715871642033064,3.291896299670778,1.5649481892525559,0.4835396265816593,0.5635618718858336,0.4886940961908597,0.0
2021-09-07,-0.11370770504641621,-0.27745901235129633,-0.8715871642033064,0.034862425443743156,0.05180373720865045,0.8529735754633171,0.6087047960700014,0.520689600319249,1.5733719
2021-09-08,-0.11370770504641621,-0.27745901235129633,-0.3737695839722031,-0.02346401650572547,0.08316424398676248,0.3897563572614251,0.5837210590800217,0.5409881411857376,-1.2062311
2021-09-09,-0.11370770504641621,-0.27745901235129633,0.08575433624112293,-0.0334221895214884,-0.17399191159375613,0.4187610920686709,0.5595467735133044,0.5521007575935982,0.113880634
2021-09-10,-0.11370770504641621,-0.27745901235129633,1.0813894967033293,0.06331434834592298,0.13177302949283612,0.4677235335010531,0.5391430450779812,0.5566641902815486,0.18254519
2021-09-13,-0.11370770504641621,-0.27745901235129633,-0.6418252040966433,0.010678290976890313,0.040827559836311235,0.2313291690298866,0.49034131494611055,0.5499664103890665,-0.5756676
2021-09-14,-0.11370770504641621,-0.27745901235129633,-0.03678537581576402,-0.096016419906284,-0.07050223922598647,0.23298233011724234,0.44405751167382673,0.5347935929713102,0.0053048134
2021-09-15,-0.11370770504641621,-0.27745901235129633,-0.29718226393664876,-0.4573558407639678,-0.1253831260876825,-0.0604189444734575,0.37133046126625446,0.5072333904068381,-0.69316626
2021-09-16,-0.11370770504641621,-0.27745901235129633,-0.15932508787265096,0.36490473110902905,0.05964386390317845,-0.15602852610846185,0.29797322826581557,0.46962964796734036,-0.2300024
2021-09-17,-0.11370770504641621,-0.27745901235129633,0.2619051723228979,0.17996723224486022,0.04553163585302804,-0.9546222154285193,0.14264057670203203,0.4066079859466403,-2.2355616
2021-09-20,-0.11370770504641621,-0.27745901235129633,-0.6341664720930879,-0.028443103013606936,-0.039141732447874424,-1.5814734482751767,-0.08263160472443813,0.3084211401690685,-2.4731278
2021-09-21,-0.11370770504641621,3.604135946155105,-0.565237884061089,-0.2418325247799556,-0.17555993693266178,-1.3890243668485704,-0.24127647705760982,0.19623063097568713,0.50041676
2021-09-22,-0.11370770504641621,-0.27745901235129633,0.5605957204615598,0.21339824165492152,0.1270689534761193,-2.1323404877577996,-0.5225462285921113,0.046834285978744804,-3.9918363
2021-09-23,-0.11370770504641621,-0.27745901235129633,1.1196831567211065,-0.37271137012998273,-0.2602333052335642,-1.855700485375926,-0.709374992042412,-0.11230028552343735,0.8012533
2021-09-24,-0.11370770504641621,-0.27745901235129633,-0.3048409959402042,-0.18706257319325945,0.2775993860110571,-1.2151787094146984,-0.7733126518553209,-0.2531660796171408,2.0233512
2021-09-27,-0.11370770504641621,-0.27745901235129633,-0.7490474521464194,0.5967879027617945,0.06277991458098965,-1.1616137791383616,-0.8104507898400857,-0.3737339477389616,0.17565489
2021-09-28,-0.11370770504641621,-0.27745901235129633,1.3111514568099925,-0.03057699723127042,-0.004645174991951201,-1.815687230900057,-0.9752890606617993,-0.5051426000808257,-3.656882
2021-09-29,-0.11370770504641621,-0.27745901235129633,0.20063531629445444,-0.018484929997844,-0.040709757786780036,-1.8605770671108732,-1.1074472887149558,-0.638293996928634,-0.30530095
2021-09-30,-0.11370770504641621,3.604135946155105,-0.15166635586909552,-0.2923346879313247,-0.06266211253145845,-1.8705957392119503,-1.2034712601642463,-0.7651772320325256,-0.06477237
2021-10-01,-0.11370770504641621,-0.27745901235129633,0.11638926425534467,0.19205929947828665,0.02044323043053843,-1.5183723068060508,-1.2278312716295512,-0.8718494200312864,1.0666132
2021-10-04,-0.11370770504641621,3.604135946155105,0.6754767005148914,-0.07467747772964912,0.04709966119193363,-2.233245694096033,-1.4202713950410648,-0.9979945685170134,-4.891986
2021-10-05,-0.11370770504641621,-0.27745901235129633,14.744567391046225,-1.3550140083277409,-2.0336699635357998,-1.6743548996872901,-1.4834743551483565,-1.112313029330922,2.0629525
2021-10-06,-0.11370770504641621,-0.27745901235129633,9.100081904425869,1.0050729964080747,1.8581689276279032,-1.6197496760545143,-1.5112834722461843,-1.2096647891694037,0.20424128
2021-10-07,-0.11370770504641621,-0.27745901235129633,2.199564369222423,0.05193357918505105,0.056507813225367264,-1.8104216910937074,-1.5671731253200918,-1.2993977344508074,-1.3247848
2021-10-08,-0.11370770504641621,-0.27745901235129633,0.8133338765788892,0.17285425151931524,-0.0062132003308568206,-1.737359644340033,-1.5866481881084185,-1.375313825296125,0.2521038
2021-10-11,-0.11370770504641621,-0.27745901235129633,0.25424644031934246,0.36134824074625654,0.16313353627094815,-1.9395057608442305,-1.6371289662500954,-1.446751270245749,-1.3937235
2021-10-12,-0.11370770504641621,-0.27745901235129633,0.775040216561112,-0.0938825256886205,-0.03286963109225203,-2.011212146689725,-1.6791928469177626,-1.5128209748163295,-0.51621795
2021-10-13,-0.11370770504641621,-0.27745901235129633,0.18531785228734357,-0.9360594435931431,-0.014053327025384806,-1.933178645822085,-1.6872186791676895,-1.5673786357995778,0.23783445
2021-10-14,-0.11370770504641621,-0.27745901235129633,0.17765912028378814,0.4545282882508953,0.02514730644725522,-1.5337159890109924,-1.633049706852455,-1.599538101732145,1.2294292
2021-10-15,-0.11370770504641621,-0.27745901235129633,0.6448417725006697,0.5526874222634158,-0.042277783125685635,-1.7328152727587558,-1.6161692255087616,-1.621686127189017,-1.1475325
2021-10-18,-0.11370770504641621,-0.27745901235129633,0.26956390432645333,0.032728531226079674,0.051803737208650454,-0.8115024602807324,-1.4707729821727564,-1.6085729191137135,3.2577872
2021-10-19,-0.11370770504641621,-0.27745901235129633,0.5223020604437827,0.02988333893586169,0.15215735889860893,-0.4750519942723342,-1.2916038500619664,-1.5600891006783506,1.3866544
2021-10-20,-0.11370770504641621,-0.27745901235129633,2.7356756094713033,-0.2204935826033207,-0.7071205268216607,-0.4187671378672943,-1.1304964028825368,-1.4871388183492542,0.23236275
2021-10-21,-0.11370770504641621,-0.27745901235129633,1.6711118609770979,-0.4374394947324418,0.34972855160071475,-0.3371149178069484,-0.981965103659777,-1.3972821677889329,0.3227949
2021-10-22,-0.11370770504641621,3.604135946155105,0.8516275365966663,0.12092949222283712,-0.04384580846459124,-1.375447931773038,-1.047143749754992,-1.3392181384041466,-5.051488
2021-10-25,-0.11370770504641621,3.604135946155105,0.38444488437978486,0.19490449176850458,0.1349090801706473,-1.0701636197981972,-1.0440562276860785,-1.2921121983022201,1.2568951
2021-10-26,-0.11370770504641621,-0.27745901235129633,3.2641281177166284,1.0043616983355204,0.6194289098924781,-1.650264618599828,-1.1741665411039786,-1.282017655895811,-3.9185882
2021-10-27,-0.11370770504641621,3.604135946155105,1.747699181012652,-1.330829873860888,-0.8012020471559969,-1.7882256308049411,-1.3049127941828034,-1.3016670842038083,-1.136756
2021-10-28,-0.11370770504641621,3.604135946155105,0.6831354325184468,0.2034400686391586,0.08316424398676252,-1.4361140922277102,-1.343435140714273,-1.325555384499476,1.5053511
2021-10-29,-0.11370770504641621,-0.27745901235129633,10.118693260898741,0.4289215576389336,0.2901435887223019,-0.9777891444943979,-1.2878036926945569,-1.332869240337641,2.098322
2021-11-01,-0.11370770504641621,-0.27745901235129633,-0.22825367590464987,-0.37200007205742824,0.07375609195332886,-0.580197416763568,-1.1616789058912202,-1.3119752559838704,1.98102
2021-11-02,-0.11370770504641621,-0.27745901235129633,1.318810188813548,0.3513900677304936,-0.031301605753346416,-0.6829201714204824,-1.0732157532965887,-1.2765012409760155,-0.57579875
2021-11-03,-0.11370770504641621,-0.27745901235129633,2.597818433407306,-0.07467747772964912,-3.030934079079762,-0.4618311507670933,-0.9553984519629101,-1.2231385825252226,1.079011
2021-11-04,-0.11370770504641621,-0.27745901235129633,0.8516275365966663,0.011389589049444815,2.7942800549545472,-0.20767960932686078,-0.808332811889634,-1.1492628276691679,1.2755632
2021-11-05,-0.11370770504641621,-0.27745901235129633,0.009167016205568585,0.005699204469008836,0.07532411729223445,0.08947837032312998,-0.6284725928209743,-1.0520224251322308,1.5721321
2021-11-08,-0.11370770504641621,-0.27745901235129633,-0.5039680280326455,0.019213867847544266,0.04396361051412243,-0.08049866305260706,-0.5106978036647328,-0.9492556714692073,-0.7357955
2021-11-09,-0.11370770504641621,-0.27745901235129633,0.10873053225178923,0.03415112737118866,-0.10970287269862648,-0.29764920708159476,-0.451052056687337,-0.8543942422439736,-0.95977783
2021-11-10,-0.11370770504641621,-0.27745901235129633,0.652500504504225,0.007121800614117837,0.037691509158500024,-0.767882421997936,-0.48693118158088433,-0.7861133549102827,-2.3049116
2021-11-11,-0.11370770504641621,-0.27745901235129633,-0.09805523184420749,-0.05404983362556876,0.022011255769444023,-0.7608638180973113,-0.5110731654834062,-0.7366080116818903,0.030517578
2021-11-12,-0.11370770504641621,-0.27745901235129633,-0.266547335922427,0.01067829097689031,0.034555458480688826,0.05354123983791063,-0.3821259050477029,-0.6696601556489649,4.0123343
2021-11-15,-0.11370770504641621,-0.27745901235129633,-0.5422616880504226,0.032728531226079674,0.1192288267815913,0.38586759763061873,-0.20602096253699376,-0.5787583877346107,1.9566417
2021-11-16,-0.11370770504641621,-0.27745901235129633,-0.029126643812208586,-1.2483192974445665,-0.7620014136833566,0.0800598044196285,-0.11900351835685238,-0.48758471187783997,-1.3235152
2021-11-17,-0.11370770504641621,-0.27745901235129633,0.5299607924473381,1.1274162648874482,0.025147306447255182,-0.06242874349006847,-0.07625388129072963,-0.4055806062627088,-0.6385565
2021-11-18,-0.11370770504641621,-0.27745901235129633,0.5452782564544489,-0.09245992954351152,0.5190752882025197,-0.1993274458519241,-0.06746260998803585,-0.3381131112235642,-0.61038136
2021-11-19,-0.11370770504641621,-0.27745901235129633,0.9894847126606642,-0.5619166574294784,0.10354857339253527,0.1778481363044216,0.010257391636809199,-0.26765839906412897,1.9516349
2021-11-22,-0.11370770504641621,-0.27745901235129633,0.10873053225178923,0.7760350170455274,0.13020500415393052,-0.11503370019649337,0.021139076306216555,-0.20898714153057327,-1.2423933
2021-11-23,-0.11370770504641621,-0.27745901235129633,0.42273854439756203,-0.02630920879594345,0.03612348381959443,-0.35988660631919805,-0.014636810779416608,-0.16963649972096123,-1.1026084
2021-11-24,-0.11370770504641621,-0.27745901235129633,0.04746067622334576,-0.13940560233210822,-0.296297888028393,-0.12394622796469257,-0.00324994037504064,-0.13574137259855684,1.1297226
2021-11-25,-0.11370770504641621,-0.27745901235129633,-0.32015845994731507,0.0035653102513453633,0.14431723220408094,-0.12394622796469257,0.0030276668817590547,-0.10729408895261254,0.0
2021-11-26,-0.11370770504641621,-0.27745901235129633,-0.5269442240433118,0.08820978088533032,-0.06893421388708088,-0.6579409419968376,-0.08215038919207679,-0.10259847682162186,-2.3280382
2021-11-29,-0.11370770504641621,-0.27745901235129633,-0.5728966160646444,-0.07681137194731262,0.03925953449740564,-0.32689899574454706,-0.09659462540084907,-0.10190492267611245,1.4739394
2021-11-30,-0.11370770504641621,-0.27745901235129633,0.7903576805682229,0.136578049819036,0.01730717975272722,-1.0911452082785653,-0.25883131538620646,-0.1357527656349928,-4.0144386
2021-12-01,-0.11370770504641621,-0.27745901235129633,1.1579768167388838,-0.01990752614295299,-0.07834236592051445,-1.664156264965243,-0.5382014858491756,-0.2220721668395509,-4.27171
2021-12-02,-0.11370770504641621,-0.27745901235129633,2.2378580292402,0.03699631966140665,0.04709966119193363,-1.6719287524467412,-0.7559405854398112,-0.33729979556597517,-0.06760955
2021-12-03,-0.11370770504641621,3.604135946155105,0.7903576805682229,-0.13869430425955373,0.01417112907491601,-1.8063515095302243,-0.9596680128607548,-0.4726827970113694,-1.1437297
2021-12-06,-0.11370770504641621,-0.27745901235129633,-0.5958728120753107,0.16431867464866132,-0.032869631092252015,-1.047217691788996,-0.989641400173243,-0.587345128138965,3.5947084
2021-12-07,-0.11370770504641621,-0.27745901235129633,0.4610322044153392,-1.3756416524318213,0.3434564502450923,-0.7503777237395347,-0.9501623633824514,-0.6707033668861517,1.5540957
2021-12-08,-0.11370770504641621,-0.27745901235129633,0.7597227525540011,0.4844028072981842,-0.7463211602943007,-0.32410771144663864,-0.825794222709909,-0.7110173899611674,2.4007916
2021-12-09,-0.11370770504641621,-0.27745901235129633,0.9205561246286652,0.6323528063895193,0.5786602510809326,-0.36445120981514034,-0.7297679228297078,-0.7229059970460745,-0.22385716
2021-12-10,-0.11370770504641621,-0.27745901235129633,0.652500504504225,-0.039823872174478865,-0.16928783557703936,-0.3685204172072323,-0.649668789589809,-0.7154316659173345,-0.021225214
2021-12-13,-0.11370770504641621,-0.27745901235129633,-0.6954363281215313,0.2148208378000305,0.09414042135910168,-0.09315527530609731,-0.5300257527442306,-0.6840816028962927,1.4374495
2021-12-14,-0.11370770504641621,-0.27745901235129633,0.22361151230512075,0.035573723516297645,0.1145247507648745,-0.14284179959364185,-0.4411831360228996,-0.6401622586599451,-0.22422075
2021-12-15,-0.11370770504641621,-0.27745901235129633,0.40742108039045116,-0.03626738181170638,-0.028165555075535215,0.299654617159791,-0.2820688678511198,-0.5712862141657538,2.3731112
2021-12-16,-0.11370770504641621,-0.27745901235129633,0.24658770831578705,0.05264487725760554,-0.018757403042101616,-0.15462855484692575,-0.23126785782938217,-0.5054129003448938,-1.9785762
2021-12-17,-0.11370770504641621,-0.27745901235129633,0.6601592365077805,-0.21124670766011222,-0.13949535413783293,-0.22620958870004795,-0.20372751937254294,-0.44687425326799973,-0.3314376
2021-12-20,-0.11370770504641621,3.604135946155105,-0.5192854920397564,-0.016351035780180538,-0.37156310429586187,-0.729287953536056,-0.27429220096107476,-0.41500674864841075,-2.498573
2021-12-21,-0.11370770504641621,-0.27745901235129633,-0.3048409959402042,-0.2603262746663725,0.20076614440468254,-0.2038383368200429,-0.2328379858506429,-0.3807222774120051,2.6885867
2021-12-22,-0.11370770504641621,-0.27745901235129633,-0.013809179805097717,0.39904703859164475,-0.34647469887337223,-0.42485856393708965,-0.24165616559608227,-0.3551646169709119,-1.1220813
2021-12-23,-0.11370770504641621,-0.27745901235129633,-0.17464255187976183,-0.043380362537251325,0.6649016447207405,-0.14910529089517308,-0.19577689679712937,-0.3249896776371647,1.4495373
2021-12-24,-0.11370770504641621,-0.27745901235129633,-0.42738070799709116,0.045531896532060585,-0.08775051795394807,-0.14910529089517308,-0.16028129129474855,-0.2933227963470793,0.0
2021-12-27,-0.11370770504641621,-0.27745901235129633,-0.7030950601250868,-0.09743901605139299,-0.02502950439772402,0.432165456439633,-0.012929852855073821,-0.23674305897810843,3.2633305
2021-12-28,-0.11370770504641621,-0.27745901235129633,-0.45035690400775746,0.4787124227177483,0.46105835066301243,0.43411622189267085,0.10042375316434335,-0.1674423601296576,0.01155138
2021-12-29,-0.11370770504641621,-0.27745901235129633,-0.2512298719153162,-0.2788200245527893,-0.2288727984554522,0.19105638391528298,0.14931150931694442,-0.10163503298029276,-0.9473741
2021-12-30,-0.11370770504641621,-0.27745901235129633,-0.4580156360113129,-0.25819238044870896,-0.280617634639337,0.2710229475184455,0.19885829630998478,-0.038482654091201794,0.41406155
2021-12-31,-0.11370770504641621,-0.27745901235129633,-0.4580156360113129,0.2596326163709637,0.13490908017064732,-0.30213581659478256,0.1445790779971634,0.0005292082330431107,-2.3260474
2022-01-03,-0.11370770504641621,-0.27745901235129633,-0.7873411121641966,-0.01137194927229904,-0.01405332702538481,-0.1637073087850769,0.12182539216706459,0.026913723450204888,0.6511092
2022-01-04,-0.11370770504641621,-0.27745901235129633,0.10873053225178923,0.019925165920098752,-0.13322325278221053,-0.30548503670203064,0.07780913254479191,0.038687580288237204,-0.5937278
2022-01-05,-0.11370770504641621,-0.27745901235129633,-0.15166635586909552,-0.029154401086161432,0.012603103736010418,-1.053039385155407,-0.09626777479653326,0.011193232480552677,-3.6727726
2022-01-06,-0.11370770504641621,-0.27745901235129633,0.17765912028378814,-0.8087370886058886,-0.5079813087806493,-0.5058861007915864,-0.14300368580138118,-0.020712709818052333,2.5572896
2022-01-07,-0.11370770504641621,-0.27745901235129633,-0.1899600158868727,-1.6964370831538986,-0.6161750571651357,-0.5451868844833573,-0.18804441630091692,-0.055788460543800655,-0.2015233
2022-01-10,-0.11370770504641621,-0.27745901235129633,-0.5499204200539781,2.512313612151051,1.127469119697893,-0.7650447758741808,-0.2648097853665392,-0.1001273450872295,-1.1211932
2022-01-11,-0.11370770504641621,-0.27745901235129633,0.20829404829800988,-0.011371949272299044,-0.017189377703196004,-0.3499672611421747,-0.2552842025786996,-0.13357852963140096,1.9203186
2022-01-12,-0.11370770504641621,-0.27745901235129633,0.1700003882802327,-1.3891563158103568,-0.5675662716590621,-0.4212438371053629,-0.2598086925842958,-0.1612989064207245,-0.3319621
2022-01-13,-0.11370770504641621,-0.27745901235129633,-0.06742030382998576,0.6437335755503913,0.4657624266797293,-0.8355871120060181,-0.33768845735709124,-0.19998980214594955,-2.0344496
2022-01-14,-0.11370770504641621,-0.27745901235129633,0.13936546026601096,-0.6721678586754252,-0.7714095657167904,-0.4672880215003219,-0.3378894455807003,-0.2309851387697367,1.6601324
2022-01-17,-0.11370770504641621,-0.27745901235129633,-0.6035315440788661,0.9495917467488243,0.6131568085368558,-0.46728802150032245,-0.33687708932638466,-0.25556673545297776,0.0
2022-01-18,-0.11370770504641621,-0.27745901235129633,-0.5269442240433118,0.24896314528264624,0.13647710550955292,-1.2403091048959503,-0.48624693416712883,-0.3069062531425433,-4.1428146
2022-01-19,-0.11370770504641621,-0.27745901235129633,-0.15932508787265096,0.20770785707448552,0.12393290279830813,-1.1349355720310819,-0.5845664772772906,-0.36882676649605817,0.45261383
2022-01-20,-0.11370770504641621,-0.27745901235129633,0.43039727640111747,0.02205906013776224,0.004762977041482404,-1.289191634694551,-0.6909620186060207,-0.4409246115236666,-0.94808936
2022-01-21,-0.11370770504641621,-0.27745901235129633,0.897579928617999,0.018502569774989763,0.03612348381959443,-1.8652742318407058,-0.9164859613488212,-0.5464257903086659,-4.2298436
2022-01-24,-0.11370770504641621,-0.27745901235129633,-0.7260712561357531,-0.019196228070398495,-0.009349251008668003,-1.4512335137921886,-1.0244469299928076,-0.6537201203662608,1.8273473
2022-01-25,-0.11370770504641621,-0.27745901235129633,0.9128973926251098,0.022770358210316737,-0.10813484735972088,-1.7862379100896606,-1.194241371050387,-0.7755609102576738,-2.772826
2022-01-26,-0.11370770504641621,-0.27745901235129633,0.4610322044153392,0.004276608323899854,0.07689214263114007,-1.9789783804224432,-1.377091345351049,-0.9118073257204927,-1.8390775
2022-01-27,-0.11370770504641621,-0.27745901235129633,0.33849249235845225,-0.002836372401645099,-0.004645174991951201,-1.9781844569073839,-1.5072265239560285,-1.048399940489518,0.0033974648
2022-01-28,-0.11370770504641621,-0.27745901235129633,0.4763496684224501,-0.03057699723127042,0.048667686530839235,-1.4344643318445935,-1.5168825406472608,-1.159721614223029,2.399528
2022-01-31,-0.11370770504641621,-0.27745901235129633,-0.44269817200420203,0.02490425242798022,0.17724576432109856,-0.6918549555320009,-1.3827328961628997,-1.2203321935184674,3.8281798
2022-02-01,-0.11370770504641621,-0.27745901235129633,0.6678179685113359,0.012100887121999306,0.06277991458098965,-0.3752598994993899,-1.2013832561543398,-1.2303650229554188,1.8323421
2022-02-02,-0.11370770504641621,-0.27745901235129633,0.5835719164722262,-0.011371949272299044,0.13177302949283612,-0.16567044009253848,-1.00426945006264,-1.1965928225933165,1.2539148
2022-02-03,-0.11370770504641621,3.604135946155105,1.7936515730339848,-4.983345476428222,-2.7878901515493935,-2.507853406061368,-1.7791508544230439,-1.3338905562721786,-26.390093
2022-02-04,-0.11370770504641621,3.604135946155105,1.0201196406748858,-1.7568974193210307,-0.3527468002289946,-2.5169916717046803,-2.376030394034517,-1.5702985071031104,-0.28179884
2022-02-07,-0.11370770504641621,3.604135946155105,-0.25888860391887164,5.540309507015539,2.2893758958269435,-2.6806000916318804,-2.9533172484795824,-1.881839954923011,-5.1372886
2022-02-08,-0.11370770504641621,3.604135946155105,1.96980240911576,0.40687131738974436,-0.26807343192809224,-2.741387037972915,-3.4266868067318503,-2.2314522839219624,-2.1030664
2022-02-09,-0.11370770504641621,-0.27745901235129633,1.0813894967033293,0.34000929856962164,-0.11911102473206003,-2.2113922990025983,-3.631109694324406,-2.554490519613005,5.36834
2022-02-10,-0.11370770504641621,-0.27745901235129633,0.13170672826245552,-0.22974045754652914,1.2952478309607922,-2.276960601640731,-3.7958209477642266,-2.8478485316642534,-1.693964
2022-02-11,-0.11370770504641621,-0.27745901235129633,-0.12869015985842924,0.15649439585056182,-0.5346377395420444,-2.416487557575286,-3.9780556194248837,-3.121178248427627,-3.7356973
2022-02-14,-0.11370770504641621,-0.27745901235129633,-0.6494839361001987,0.4502604998155684,0.07532411729223445,-2.446654574330706,-4.098538553442482,-3.365390722202638,-0.8426368
2022-02-15,-0.11370770504641621,3.604135946155105,-0.31249972794375963,-4.200917596618277,-1.994469330063159,-2.2804973391690986,-4.112590732263122,-3.563740500055416,1.5158534
2022-02-16,-0.11370770504641621,-0.27745901235129633,0.5835719164722262,2.9298455807405395,1.2779995522328307,-2.364606828830007,-4.128496931547285,-3.7257932707370087,-2.0181
2022-02-17,-0.11370770504641621,3.604135946155105,0.7290878245397794,0.8557004011716309,0.4108815398180332,-2.524467128427441,-4.19376687985777,-3.8692761392034516,-4.0777626
2022-02-18,-0.11370770504641621,3.604135946155105,-0.02146791180865315,0.05549006954782353,-0.2555292292168474,-2.5520680452413376,-4.216850805959317,-3.98895743687481,-0.7462323
2022-02-21,-0.11370770504641621,-0.27745901235129633,-0.6724601321108651,0.3336076159166312,0.21331034711592745,-2.552068045241337,-4.189561989519584,-4.078915814849608,0.0
2022-02-22,-0.11370770504641621,-0.27745901235129633,-0.3737695839722031,-0.2162257941679937,0.15686143491532573,-2.6318124997395995,-4.168019249905545,-4.146314326689322,-1.9790471
2022-02-23,-0.11370770504641621,3.604135946155105,0.46869093641889464,0.17498814573697874,-0.1269511514265881,-2.702404845266108,-4.146271768759479,-4.195621529679149,-1.7963231
2022-02-24,-0.11370770504641621,-0.27745901235129633,0.9971434446642196,0.0754064155793494,0.043963610514122446,-2.107995745360289,-3.98396566680039,-4.200649886817195,4.610741
2022-02-25,-0.11370770504641621,-0.27745901235129633,0.10873053225178923,-0.022041420360616466,0.24780690457185067,-1.9305330911551688,-3.782387781537489,-4.161927489726933,1.3872743
2022-02-28,-0.11370770504641621,-0.27745901235129633,0.42273854439756203,0.09816795390109326,-0.1065668220208153,-1.8953530577339737,-3.577979847274516,-4.087604370452895,0.26130676
2022-03-01,-0.11370770504641621,-0.27745901235129633,0.652500504504225,-0.025597910723388954,-0.018757403042101637,-2.1150547874910344,-3.4627161894908096,-4.003703934939639,-3.5729468
2022-03-02,-0.11370770504641621,-0.27745901235129633,0.5605957204615598,0.00427660832389986,0.09414042135910171,-1.80771883131706,-3.2847857495371175,-3.898853002250575,2.2703767
2022-03-03,-0.11370770504641621,-0.27745901235129633,-0.13634889186198468,-0.10170680448671995,-0.11754299939315449,-1.9678170869130207,-3.1671953958045123,-3.7900369344478033,-2.4698496
2022-03-04,-0.11370770504641621,-0.27745901235129633,-0.013809179805097717,0.12733117487582757,0.1333410548317417,-2.056499997605317,-3.0736785330760528,-3.6831536011062727,-1.4337122
2022-03-07,-0.11370770504641621,-0.27745901235129633,-0.4963092960290901,-0.010660651199744547,0.06905201593661206,-2.3999426957757692,-3.106618198055442,-3.6046318708269136,-6.293112
2022-03-08,-0.11370770504641621,-0.27745901235129633,-0.42738070799709116,-0.08748084303563004,-0.827858477917392,-2.1997217731695997,-3.068668852741757,-3.533767235261593,1.5042305
2022-03-09,-0.11370770504641621,-0.27745901235129633,-0.389087047979314,-0.08107916038263961,0.6476533659927789,-1.648403174627538,-2.9162942966817162,-3.4447641301151424,4.3144703
2022-03-10,-0.11370770504641621,-0.27745901235129633,-0.266547335922427,-0.08676954496307554,0.13334105483174172,-1.7587109229077322,-2.8025658985233304,-3.3494452614564394,-1.6574264
2022-03-11,-0.11370770504641621,-0.27745901235129633,1.494961024895323,0.10599223269919271,0.09884449737581849,-1.9996503675778523,-2.7678444781267073,-3.2658274045485385,-3.8932443
2022-03-14,-0.11370770504641621,-0.27745901235129633,-0.13634889186198468,0.13159896331115456,-0.18340006362718977,-2.0298326992451448,-2.7225645908123,-3.189331408348766,-0.5223572
2022-03-15,-0.11370770504641621,-0.27745901235129633,0.3921036163833403,-0.2873556014234433,0.08002819330895128,-1.6459413513448422,-2.599315545119144,-3.101999350289298,2.893424
2022-03-16,-0.11370770504641621,-0.27745901235129633,0.5452782564544489,-0.34923853373568436,-0.10499879668190967,-0.9266954995735781,-2.3481519633237617,-2.9788738530085737,6.040728
2022-03-17,-0.11370770504641621,-0.27745901235129633,0.8669450006037772,0.5078756436924825,0.3669768303286763,-0.6949199974795006,-2.0809607788078384,-2.8237149120563356,2.0674706
2022-03-18,-0.11370770504641621,-0.27745901235129633,-0.15932508787265096,-2.814597653209565,-1.7827859093109033,-0.2553457663134824,-1.755394672743149,-2.6305506715074274,4.1618586
2022-03-21,-0.11370770504641621,-0.27745901235129633,-0.5499204200539781,2.5585479868670933,1.372081072567167,-0.501924647138613,-1.538023322815173,-2.4299251535194935,-2.3095727
2022-03-22,-0.11370770504641621,-0.27745901235129633,1.5945245409415434,0.23758237612177432,-0.23200884913326336,-0.24427167382220233,-1.29608517048287,-2.2181211631411113,2.4398208
2022-03-23,-0.11370770504641621,-0.27745901235129633,-0.1210314278548738,0.14440232861713548,0.2823034620277738,-0.40953740223165386,-1.129549539973333,-2.013363683727433,-1.4724135
2022-03-24,-0.11370770504641621,-0.27745901235129633,-0.044444107819319456,-0.044091660609805836,0.08159621864785686,-0.10124579469781111,-0.9216397629753218,-1.8054699242915866,2.862358
2022-03-25,-0.11370770504641621,-0.27745901235129633,-0.1210314278548738,0.027749444718198204,0.3199360701615083,0.008785454607018413,-0.726163576972191,-1.597703714169913,1.024735
2022-03-28,-0.11370770504641621,-0.27745901235129633,-0.794999844167752,-0.2980250725117607,-0.08931854329285367,0.09722475291454065,-0.5479391394032768,-1.3936978188818976,0.7979393
2022-03-29,-0.11370770504641621,-0.27745901235129633,-0.4580156360113129,0.14795881897990795,-0.02189345371991282,0.3995786562889895,-0.33573875738155684,-1.1854954934741262,2.8042436
2022-03-30,-0.11370770504641621,-0.27745901235129633,-0.06742030382998576,0.07825160786956738,-0.13322325278221053,0.2635022438768629,-0.19046000966066842,-0.9881269199392044,-0.87444186
2022-03-31,-0.11370770504641621,-0.27745901235129633,0.9205561246286652,0.030594637008416185,-0.004645174991951201,-0.09645999207706892,-0.1375659044797213,-0.8190157369461448,-2.409482
2022-04-01,-0.11370770504641621,-0.27745901235129633,0.24658770831578705,-0.3933390142340631,-0.07834236592051448,0.04049150339962067,-0.06983515957988772,-0.6693643207047666,1.1198044
2022-04-04,-0.11370770504641621,-0.27745901235129633,-0.687777596117976,0.4111391058250712,0.03769150915850005,0.4942004667490448,0.08083191871505249,-0.5176938658470297,4.0204525
2022-04-05,-0.11370770504641621,-0.27745901235129633,-0.013809179805097717,0.036996319661406644,0.3073918674502635,0.3494014644672273,0.17271338228973285,-0.3768738132455483,-0.87648034
2022-04-06,-0.11370770504641621,-0.27745901235129633,0.10873053225178923,0.018502569774989767,-0.03757370710896882,-0.20921603610125164,0.14606722420667842,-0.26986815405281944,-3.683573
2022-04-07,-0.11370770504641621,-0.27745901235129633,0.5452782564544489,-0.015639737707626018,-0.225736747777641,-0.23093550437092955,0.11699378755900151,-0.19042871993386418,-0.15674233
2022-04-08,-0.11370770504641621,-0.27745901235129633,0.3231750283513414,-0.04124646831958786,-0.09559064464847608,-0.2717724276083251,0.08337831112605755,-0.13400541650154807,-0.27808547
2022-04-11,-0.11370770504641621,-0.27745901235129633,-0.8179760401784183,-0.04338036253725133,-0.004645174991951201,-0.6477602325639028,-0.011190198943914887,-0.10892025724178145,-2.6402175
2022-04-12,-0.11370770504641621,-0.27745901235129633,0.4840084004260055,0.08038550208723087,0.1270689534761193,-0.7883648147741782,-0.11336728874724637,-0.11051903123181589,-1.0717928
2022-04-13,-0.11370770504641621,3.604135946155105,0.08575433624112293,-0.12233444859080032,-0.048549884481308044,-0.7240683971439706,-0.18545493185993414,-0.12708441117586905,0.3969431
2022-04-14,-0.11370770504641621,-0.27745901235129633,0.36146868836911855,0.09461146353832077,-0.1677198102381337,-1.0249830964278845,-0.29543610595896075,-0.16365849166056448,-2.23732
2022-04-15,-0.11370770504641621,-0.27745901235129633,-0.0750790358335412,-0.06187411242366821,0.13961315618736408,-1.0249830964278845,-0.3809176655856269,-0.21104432950358504,0.0
2022-04-18,-0.11370770504641621,-0.27745901235129633,-0.8562697001961955,0.07754030979701289,0.043963610514122446,-0.9715887620720663,-0.43973697104449616,-0.26142577713073495,0.28071404
2022-04-19,-0.11370770504641621,-0.27745901235129633,-0.33547592395442594,-0.06756449700410419,-0.10499879668190967,-0.41523229409759366,-0.4115167113592596,-0.2957467602554754,3.1029105
2022-04-20,-0.11370770504641621,-0.27745901235129633,-0.1440076238655401,-0.0014137762565360995,-0.08304644193723129,-1.426658401785221,-0.5732746535638463,-0.35750471339459466,-7.7723083
2022-04-21,-0.11370770504641621,-0.27745901235129633,-0.02146791180865315,0.046243194604615075,-0.5299336635253277,-1.9297779990193782,-0.8320694576834815,-0.4617891460674912,-6.162053
2022-04-22,-0.11370770504641621,-0.27745901235129633,0.721429092536224,0.05833526183804152,0.3716809063453932,-2.0676014191746765,-1.0716077701006916,-0.5960113762797067,-2.1055996
2022-04-25,-0.11370770504641621,3.604135946155105,-0.6954363281215313,-0.3051380532373057,0.1788137896600041,-1.8346125060671146,-1.2180541840408976,-0.7344434801313005,1.5642881
2022-04-26,-0.11370770504641621,3.604135946155105,0.6371830404971142,0.014234781339662803,0.14118118152626974,-2.0572051260285162,-1.3880624889103679,-0.8812398394014558,-3.2301247
2022-04-27,-0.11370770504641621,3.604135946155105,0.10873053225178923,-0.08676954496307557,-0.4044916364128795,-2.2579017021405683,-1.5741530295633532,-1.03813788037538,-3.3158302
2022-04-28,-0.11370770504641621,-0.27745901235129633,0.7826989485646675,-1.5940101607060513,-0.4091957124295964,-0.389775763861062,-1.3659536142292648,-1.1195071187331866,17.593597
2022-04-29,-0.11370770504641621,-0.27745901235129633,0.4763496684224501,3.547252307717842,1.8566009022889978,-0.6129566254087321,-1.2478360653679448,-1.1595553947535155,-2.5567472
2022-05-02,-0.11370770504641621,-0.27745901235129633,-0.8562697001961955,-1.6139265067375774,-1.1226472416316449,-0.15108744565782362,-1.0264388590151965,-1.1446461973354063,5.317509
2022-05-03,-0.11370770504641621,-0.27745901235129633,-0.1440076238655401,-0.08036786231008511,0.5786602510809326,-0.11387345536536239,-0.8340585462686606,-1.0919241243117601,0.4262805
2022-05-04,-0.11370770504641621,-0.27745901235129633,0.1240479962589001,0.05264487725760555,-0.5534540436089117,0.33066172572219826,-0.5512703168353743,-0.9897805313042151,5.367172
2022-05-05,-0.11370770504641621,-0.27745901235129633,0.25424644031934246,-0.051915939407905266,-0.241417001166697,-0.35302998354453924,-0.4926191316051681,-0.8956285298504644,-6.7723036
2022-05-06,-0.11370770504641621,3.604135946155105,0.44571474040822834,-0.01137194927229905,0.05023571186974487,-0.5334661911518022,-0.49336753200395533,-0.820465628819537,-2.1653533
2022-05-09,-0.11370770504641621,3.604135946155105,-0.7490474521464194,-0.18492867897559595,0.056507813225367236,-0.8225566195477124,-0.5742111540097222,-0.7774783954522214,-3.7100613
2022-05-10,-0.11370770504641621,3.604135946155105,0.23127024430867618,0.1842350206801872,0.09100437068129047,-0.7553325025096981,-0.6178397303991053,-0.7523401549178527,0.73390007
2022-05-11,-0.11370770504641621,3.604135946155105,-0.1440076238655401,-0.2375647363446286,-0.18967216498281217,-1.0904050133688026,-0.7457173525576397,-0.7593463245319583,-4.507965
2022-05-12,-0.11370770504641621,-0.27745901235129633,0.2159527803015653,0.34072059664217613,0.30111976609464114,-0.9632978113339714,-0.8125762755482038,-0.779128858105421,1.3245702
2022-05-13,-0.11370770504641621,-0.27745901235129633,0.08575433624112293,-0.003547670474199591,-0.1112708980375321,-0.5999650393944491,-0.7771611761358833,-0.7874450266540879,3.8590193
2022-05-16,-0.11370770504641621,-0.27745901235129633,-0.6801188641144205,-0.004258968546754088,0.16470156160985375,-0.5315419624921506,-0.7276112428801192,-0.7835907771507288,0.7149339
2022-05-17,-0.11370770504641621,-0.27745901235129633,-0.3737695839722031,0.012812185194553797,-0.08304644193723129,-0.4036700222990877,-0.6547853837842369,-0.7650644762941385,1.2897372
2022-05-18,-0.11370770504641621,-0.27745901235129633,0.09341306824467836,0.007121800614117837,-0.046981859142402424,-0.8739802079636764,-0.7071805418857774,-0.7613539568274272,-5.122888
2022-05-19,-0.11370770504641621,-0.27745901235129633,0.1700003882802327,-0.040535170247033354,0.05180373720865045,-0.9145925135060897,-0.7533076492221,-0.7681669070019742,-0.4941821
2022-05-20,-0.11370770504641621,-0.27745901235129633,0.23892897631223162,0.055490069547823526,0.04239558517521684,-0.7853724644382619,-0.7587816355464605,-0.7747780393085562,1.1762261
2022-05-23,-0.11370770504641621,-0.27745901235129633,-0.5116267600362009,-0.008526756982081064,0.017307179752727213,-0.6291317677661643,-0.7275002302174595,-0.773433646768106,1.3898969
2022-05-24,-0.11370770504641621,3.604135946155105,0.20063531629445444,-2.614722894821752,-1.811010365411204,-1.2928059539669943,-0.8619090611634705,-0.8008598535492137,-7.6186123
2022-05-25,-0.11370770504641621,3.604135946155105,-0.02146791180865315,1.8280448663536264,0.5300514655748588,-1.1392115865065884,-0.9320103961185822,-0.8376659782309688,1.4066696
2022-05-26,-0.11370770504641621,-0.27745901235129633,0.6754767005148914,0.7774576131906364,0.8938333442009585,-0.6931530111492126,-0.8931525051229435,-0.8588709673041139,4.243052
2022-05-27,-0.11370770504641621,-0.27745901235129633,-0.03678537581576402,-0.007104160836972072,0.15372538423751453,-0.5054168688883243,-0.8166926890270493,-0.859621467853157,1.8264413
2022-05-30,-0.11370770504641621,-0.27745901235129633,-0.8332935041855292,0.02277035821031674,0.18978996703234338,-0.5054168688883243,-0.7501620018278619,-0.8461138736112899,0.0
2022-05-31,-0.11370770504641621,-0.27745901235129633,-0.687777596117976,-0.0490707471176873,-0.08147841659832566,-0.5872041648756592,-0.7085660702880076,-0.8264872793621469,-0.7635951
2022-06-01,-0.11370770504641621,-0.27745901235129633,0.2619051723228979,0.054067473402714526,0.08159621864785686,-0.8569436842373984,-0.7256083673233984,-0.8143998646645748,-2.582109
2022-06-02,-0.11370770504641621,-0.27745901235129633,3.4249614897912926,-0.08890343918073904,-0.7964979711392799,-0.2507135238161326,-0.6208998780660827,-0.7825262420730571,5.4177284
2022-06-03,-0.11370770504641621,-0.27745901235129633,0.8592862686002218,0.046243194604615075,1.0474998274137073,-0.6797347995558096,-0.6233900895282504,-0.757555399421214,-4.063159
2022-06-06,-0.11370770504641621,-0.27745901235129633,-0.6801188641144205,0.01636867555732628,-0.20535241837186818,-0.4823427998321621,-0.582730031916179,-0.7289566607957765,1.8188477
2022-06-07,-0.11370770504641621,-0.27745901235129633,-0.3048409959402042,-0.04266906446469685,-0.0015091243141399971,-0.40192744693519533,-0.531506412463799,-0.6952155763081866,0.7207155
2022-06-08,-0.11370770504641621,-0.27745901235129633,-0.5575791520575335,0.06473694449103197,-0.04541383380349684,-0.3426980915670017,-0.47710243263796015,-0.6566862119475979,0.5060077
2022-06-09,-0.11370770504641621,3.604135946155105,0.009167016205568585,-0.13087002546145426,0.032987433141783234,-1.0258550644722957,-0.5708272149465544,-0.6457372894131238,-6.4279914
2022-06-10,-0.11370770504641621,-0.27745901235129633,0.6371830404971142,0.06544824256358647,-0.2226006970998298,-1.3933349411891263,-0.7332072956144304,-0.6714112440052046,-4.581517
2022-06-13,-0.11370770504641621,-0.27745901235129633,-0.794999844167752,-0.026309208795943437,-0.04384580846459124,-1.8059948427807933,-0.9792215303649521,-0.7441183268970257,-6.4418793
2022-06-14,-0.11370770504641621,3.604135946155105,-0.25888860391887164,-0.40614237954004406,-0.14576745549345532,-1.8239592165071652,-1.16932213237604,-0.8425952900713904,-0.32265782
2022-06-15,-0.11370770504641621,-0.27745901235129633,0.4610322044153392,0.47942372079030277,0.36384077965086514,-1.431695805889743,-1.2457672996597893,-0.9375872450039692,3.4324884
2022-06-16,-0.11370770504641621,-0.27745901235129633,0.30019883234067507,0.02703814664564371,0.02357928110834963,-1.7482517038724656,-1.3874681054327715,-1.0436288108317484,-5.007386
2022-06-17,-0.11370770504641621,-0.27745901235129633,-0.13634889186198468,-0.015639737707626014,-0.11127089803753208,-1.5498972207122985,-1.4537714242391773,-1.1425218441521756,1.7840505
2022-06-20,-0.11370770504641621,-0.27745901235129633,-0.7413887201428639,-0.03271089144893391,0.16626958694875932,-1.5498972207122985,-1.4918320394823916,-1.2297071172106164,0.0
2022-06-21,-0.11370770504641621,-0.27745901235129633,0.5146433284402272,0.03343982929863416,-0.16771981023813376,-1.8135166054246599,-1.5809559189107434,-1.318354271920719,-4.0857496
2022-06-22,-0.11370770504641621,-0.27745901235129633,0.7137703605326685,-0.08321305460030308,-0.1316552274433049,-1.859150675196872,-1.6486525362462277,-1.403627228702376,-0.76408386
2022-06-23,-0.11370770504641621,-0.27745901235129633,0.5069845964366718,0.05975785798315051,0.22742257516607778,-1.623044943569088,-1.6536690414539839,-1.472909356306752,1.8607616
2022-06-24,-0.11370770504641621,-0.27745901235129633,0.10873053225178923,0.03770761773396114,0.15999748559313695,-0.8091572249668607,-1.5158662847475621,-1.499113647331702,7.1874022
2022-06-27,-0.11370770504641621,-0.27745901235129633,-0.6341664720930879,-0.037689977956815376,-0.03443765643115762,-0.844292804133732,-1.4006806121234607,-1.495651677001162,-0.39374828
2022-06-28,-0.11370770504641621,-0.27745901235129633,0.016825748209124018,0.012100887121999306,-0.05325396049802485,-1.2789714083209955,-1.3941096072427221,-1.491488703106109,-5.197954
2022-06-29,-0.11370770504641621,-0.27745901235129633,0.016825748209124018,-0.040535170247033354,-0.04384580846459123,-1.052080322998916,-1.339877659493095,-1.4766583070413937,2.0288825
2022-06-30,-0.11370770504641621,-0.27745901235129633,-0.17464255187976183,-0.004258968546754088,-0.1159749740542489,-1.1854762821714004,-1.3144039021412195,-1.4593922177390832,-1.6408443
2022-07-01,-0.11370770504641621,-0.27745901235129633,0.33849249235845225,0.019925165920098745,-0.03757370710896882,-1.246974455694022,-1.2955737693500662,-1.4415863706577876,-0.75659156
2022-07-04,-0.11370770504641621,-0.27745901235129633,-0.8332935041855292,-0.28451040913322534,0.08630029466457367,-1.2469744556940214,-1.268737209180827,-1.421650934876979,0.0
2022-07-05,-0.11370770504641621,-0.27745901235129633,-0.6571426681037542,0.32862852940874976,-0.2476891025223194,-0.619995330600192,-1.1461314706465815,-1.3797037400066132,5.099046
2022-07-06,-0.11370770504641621,-0.27745901235129633,-0.044444107819319456,-0.0632967085687772,0.054939787886461644,-0.5084910344681792,-1.0223040255935565,-1.3198880720140238,0.9394169
2022-07-07,-0.11370770504641621,-0.27745901235129633,-0.013809179805097717,0.026326848573089215,0.207038245760305,-0.3364434118154583,-0.8896864015665089,-1.243913646607578,1.425457
2022-07-08,-0.11370770504641621,-0.27745901235129633,0.5376195244508936,0.00641050254156334,0.08630029466457367,-0.43238995937500113,-0.7927424259128795,-1.1625768995186987,-0.7607877
2022-07-11,-0.11370770504641621,3.604135946155105,-0.8103173081748629,-0.35635151446122937,-0.6569437159766814,-0.9682663052307467,-0.798477142211212,-1.098723562442194,-4.681647
2022-07-12,-0.11370770504641621,-0.27745901235129633,-0.059761571826430326,0.30017660650656997,-0.1645837595603226,-0.9359197856834164,-0.7922593690049524,-1.0463223987894945,0.23944378
2022-07-13,-0.11370770504641621,-0.27745901235129633,-0.4120632439899803,0.06331434834592299,0.5880684031143661,-0.9164844379148669,-0.7786189266814502,-1.0015089787641982,0.13474226
2022-07-14,-0.11370770504641621,-0.27745901235129633,-0.24357113991176074,-0.02773180494105244,0.13334105483174172,-1.27410988351434,-0.8216075129352794,-0.9747740774324162,-3.3274233
2022-07-15,-0.11370770504641621,-0.27745901235129633,0.18531785228734357,0.0441093003869516,-0.02032542838100723,-0.6920484689722104,-0.7754215665531093,-0.9435923136557242,4.2075276
2022-07-18,-0.11370770504641621,-0.27745901235129633,-0.6418252040966433,0.016368675557326278,0.15372538423751453,-0.4905961993419717,-0.7052373046028517,-0.9037641585056828,1.5361309
2022-07-19,-0.11370770504641621,-0.27745901235129633,0.15468292427312183,-0.17923829439515995,-0.15047153151017215,0.11074098306571944,-0.5507992465369097,-0.8391526670522627,5.1127195
2022-07-20,-0.11370770504641621,-0.27745901235129633,0.5682544524651153,-1.202796220801079,-0.07050223922598647,0.5316452377953604,-0.3457571387517001,-0.7439837942437264,4.158604
2022-07-21,-0.11370770504641621,-0.27745901235129633,0.024484480212679453,0.4922270860962836,0.01417112907491601,0.5360306634119063,-0.18297153216336776,-0.6333296106155557,0.043690205
2022-07-22,-0.11370770504641621,3.604135946155105,0.9588497846464424,0.7290893442569307,-0.1598796835436057,-0.4868808417920674,-0.20900017499433265,-0.5503257009843664,-7.5885773
2022-07-25,-0.11370770504641621,-0.27745901235129633,-0.6418252040966433,0.09887925197364776,0.2289906005049834,-0.6460481159409011,-0.2585256468505596,-0.4944245705222036,-1.5478313
2022-07-26,-0.11370770504641621,3.604135946155105,0.3538099563655631,-0.24965680357805503,-0.1426314048156441,-1.0663559203656057,-0.3796006826805782,-0.4753779231519555,-4.5004487
2022-07-27,-0.11370770504641621,-0.27745901235129633,0.6754767005148914,0.10741482884430172,-0.10343077134300412,-0.39114326081896783,-0.3580309547345182,-0.4555666917739263,6.5535665
2022-07-28,-0.11370770504641621,3.604135946155105,1.763016645019763,-3.013761113524824,-2.295530195133035,-0.8594034148288635,-0.43723800078997543,-0.4565137542023303,-5.224675
2022-07-29,-0.11370770504641621,-0.27745901235129633,1.0277783726784413,1.1210145822344577,1.0553399541082353,-0.9393865818102921,-0.5148210226515265,-0.4737230733798773,-1.0079622
2022-08-01,-0.11370770504641621,3.604135946155105,-0.5805553480681999,1.8550741931106969,1.4332340607844853,-0.8833749302973988,-0.5632853737226595,-0.4977675127110858,0.5216718
2022-08-02,-0.11370770504641621,-0.27745901235129633,-0.24357113991176074,-0.07112098736687666,0.43753797057942845,-0.8647773102715198,-0.5946561445368969,-0.5236553127311333,0.16257763
2022-08-03,-0.11370770504641621,-0.27745901235129633,-0.4809918320219792,-0.17354790981472398,-0.4170358391241243,-0.28657221712587533,-0.5203840102071171,-0.5286159652982775,5.3748727
2022-08-04,-0.11370770504641621,-0.27745901235129633,0.016825748209124018,0.4232311730584976,0.2775993860110571,-0.17753628728735088,-0.43946507827134396,-0.5154254302400102,1.0485768
2022-08-05,-0.11370770504641621,-0.27745901235129633,0.843968804593111,-0.04978204519024179,-0.15360758218798332,-0.4103681838596159,-0.41181736435398647,-0.4990102369445885,-2.028495
2022-08-08,-0.11370770504641621,-0.27745901235129633,-0.7030950601250868,-0.15220896763808914,-0.18183203828828418,-0.2024413413399454,-0.3535876522302002,-0.47353032966194325,1.8790007
2022-08-09,-0.11370770504641621,-0.27745901235129633,0.06277814023045662,0.21055304936470354,0.04866768653083925,-0.32565871445546485,-0.3255460491918025,-0.4472001134370693,-1.0102808
2022-08-10,-0.11370770504641621,-0.27745901235129633,0.5146433284402272,-0.022041420360616477,0.15842946025423135,0.2846488371620993,-0.19458672030322433,-0.3983656949782798,5.820918
2022-08-11,-0.11370770504641621,-0.27745901235129633,0.4840084004260055,0.061891752200813985,0.0925723960201961,0.2186942992593157,-0.10180064313496089,-0.33962264597447156,-0.47661066
2022-08-12,-0.11370770504641621,-0.27745901235129633,0.23127024430867618,0.0014314160336818711,-0.14419943015454972,0.39521627139700716,0.002499783217884375,-0.27051104667330195,1.6958714
2022-08-15,-0.11370770504641621,-0.27745901235129633,-0.5882140800717552,-0.33145608192182197,-0.3809712563292955,0.4184631610377852,0.08579948385251569,-0.1975578623042192,0.21606684
2022-08-16,-0.11370770504641621,-0.27745901235129633,-0.18230128388331726,0.30728958723211486,0.4140175904958444,0.28847683731463797,0.13177695467343828,-0.12944567984952327,-0.7850051
2022-08-17,-0.11370770504641621,-0.27745901235129633,-0.17464255187976183,-0.02702050686849794,0.13647710550955292,-0.11760645621970614,0.1127728124816201,-0.07898580864353613,-2.5742412
2022-08-18,-0.11370770504641621,-0.27745901235129633,0.369127420372674,0.054067473402714526,-0.11127089803753208,-0.1340142922938001,0.09182654825922225,-0.04305961815554571,-0.10866523
2022-08-19,-0.11370770504641621,3.604135946155105,0.25424644031934246,-0.3634644951867744,-0.042277783125685635,-0.6779229011587138,-0.0020458129263019524,-0.034224529180374504,-3.8360238
2022-08-22,-0.11370770504641621,-0.27745901235129633,-0.44269817200420203,0.34925617351283017,0.004762977041482404,-1.02056407653184,-0.13228538506218174,-0.0547740773021525,-2.9233158
2022-08-23,-0.11370770504641621,-0.27745901235129633,-0.044444107819319456,0.0021427141062363682,-0.14106337947673853,-1.1485370171833378,-0.25684833439826277,-0.0976275933751131,-1.189822
2022-08-24,-0.11370770504641621,-0.27745901235129633,0.9665085166499978,-0.2574810823761545,-0.16458375956032253,-0.9431672356394627,-0.33053302606279383,-0.14753542503073994,1.3344884
2022-08-25,-0.11370770504641621,-0.27745901235129633,0.33849249235845225,-0.13371521775167222,0.13490908017064732,-0.45532470986737467,-0.3264289061816067,-0.1865914017126329,3.3811092
2022-08-26,-0.11370770504641621,-0.27745901235129633,0.8363100725895555,0.39406795208376333,0.22585454982717218,-0.9594366696541913,-0.3992099644875307,-0.23326958419514113,-4.1474104
2022-08-29,-0.11370770504641621,-0.27745901235129633,-0.4120632439899803,-0.3812469470006367,-0.11754299939315449,-1.1284019710402091,-0.4830871974295764,-0.2883985022453514,-1.613301
2022-08-30,-0.11370770504641621,-0.27745901235129633,0.4840084004260055,0.3051556930144514,-0.029733580414440835,-1.256850494094091,-0.5680984639390511,-0.35052848333688014,-1.2627959
2022-08-31,-0.11370770504641621,-0.27745901235129633,-0.03678537581576402,0.016368675557326278,-0.27120948260590344,-0.7307754422001684,-0.5674100316303007,-0.4000864844579577,3.6714077
2022-09-01,-0.11370770504641621,-0.27745901235129633,0.13936546026601096,-0.1273135350986818,0.2948476647390187,-0.5268121034023173,-0.5363426065890534,-0.43314496201163816,1.4914393
2022-09-02,-0.11370770504641621,-0.27745901235129633,-0.02146791180865315,0.11666170378751012,0.07532411729223447,-0.8943711298884466,-0.5640365806842235,-0.4654643188870577,-3.0478895
2022-09-05,-0.11370770504641621,-0.27745901235129633,-0.687777596117976,-0.01990752614295298,0.047099661191933644,-0.8943711298884466,-0.5819871377468961,-0.49512626384579034,0.0
2022-09-06,-0.11370770504641621,3.604135946155105,-0.5039680280326455,-0.6607870895145534,-0.36842705361805067,-1.0261331336330466,-0.6116885889059468,-0.5251540850586824,-1.1102855
2022-09-07,-0.11370770504641621,-0.27745901235129633,-0.044444107819319456,0.6152816526482114,0.2117423217770218,-0.8389511675910618,-0.6103095620485074,-0.5488839160164464,1.166904
2022-09-08,-0.11370770504641621,-0.27745901235129633,-0.09039649984065207,0.14582492476224443,0.1239329027983081,-0.6704684794355221,-0.5865760672429511,-0.5628350352545933,1.0412097
2022-09-09,-0.11370770504641621,-0.27745901235129633,-0.2512298719153162,-0.04195776639214235,0.006331002380388003,-0.03453339820945899,-0.4859512436091837,-0.5526581910789802,4.3749213
2022-09-12,-0.11370770504641621,-0.27745901235129633,-0.8562697001961955,-0.03128829530382491,0.032987433141783234,-0.05301388940090419,-0.40634760131765574,-0.5276365690073597,-0.11231899
2022-09-13,-0.11370770504641621,3.604135946155105,-0.266547335922427,-0.1450959869125442,-0.018757403042101613,-1.2593594342378696,-0.5162417585439779,-0.5309225957391736,-9.3690815
2022-09-14,-0.11370770504641621,3.604135946155105,0.05511940822690119,-0.9509967031167874,-1.4393883600905764,-1.3559248461173958,-0.6174075797417911,-0.5550038765452673,-1.0840476
2022-09-15,-0.11370770504641621,3.604135946155105,0.016825748209124018,0.986579246521658,0.7323267342936813,-1.4685082153888345,-0.713443287255316,-0.5946335074768662,-1.2675762
2022-09-16,-0.11370770504641621,-0.27745901235129633,-0.18230128388331726,0.1372893478915905,0.5457317189639148,-1.6549589799180195,-0.8191119455381919,-0.6487445092421011,-2.179879
2022-09-19,-0.11370770504641621,-0.27745901235129633,-0.7490474521464194,-0.4054310814674896,-0.17555993693266175,-1.4722712040369443,-0.8762081467455066,-0.704140699542852,1.1825919
2022-09-20,-0.11370770504641621,-0.27745901235129633,-0.3048409959402042,-0.2162257941679937,-0.24768910252231935,-1.5910252747984723,-0.9348768500172163,-0.7608984935746453,-1.3038814
2022-09-21,-0.11370770504641621,-0.27745901235129633,-0.029126643812208586,0.212686943582367,0.21017429643811616,-1.8238261421927953,-1.0165599378589092,-0.8236258270378963,-2.717501
2022-09-22,-0.11370770504641621,3.604135946155105,0.16234165627667727,0.004987906396454395,-0.41703583912412434,-1.740826216861726,-1.0639485455638267,-0.8838565637900169,0.49254894
2022-09-23,-0.11370770504641621,3.604135946155105,0.26956390432645333,-0.10455199677693797,0.3810890583788268,-1.8860737952040576,-1.1181552174519447,-0.9435358103322324,-1.6874433
2022-09-26,-0.11370770504641621,3.604135946155105,-0.8945633602139726,0.2923523277084705,0.16156551093204255,-2.1132420487010677,-1.1950237086993485,-1.0075793588392947,-2.877295
2022-09-27,-0.11370770504641621,-0.27745901235129633,-0.1669838198762064,0.2333145876864474,-0.1645837595603226,-2.2175673354117778,-1.2659911471826157,-1.073863016269887,-1.444602
2022-09-28,-0.11370770504641621,-0.27745901235129633,0.4840084004260055,-0.07040968929432215,0.26191913262200106,-1.3458661556901539,-1.2304983656470927,-1.1193636112203411,5.364585
2022-09-29,-0.11370770504641621,-0.27745901235129633,0.07809560423756749,-0.1379830061869992,0.1098206747481577,-1.6689716981879463,-1.2485755409733368,-1.1595973963510795,-3.6720574
2022-09-30,-0.11370770504641621,-0.27745901235129633,0.7367465565433349,-0.09032603532584806,-0.10656682202081529,-1.7121945694349672,-1.2592241272187235,-1.1940424831716638,-0.5351603
2022-10-03,-0.11370770504641621,-0.27745901235129633,-0.6111902760824216,0.24540665491987382,0.10511659873144089,-1.375721568985409,-1.22365272751702,-1.2140555504599961,2.1595001
2022-10-04,-0.11370770504641621,-0.27745901235129633,0.18531785228734357,-0.05333853555301427,-0.15047153151017215,-1.1888957785338699,-1.1661407815603233,-1.2178704557127906,1.2048125
2022-10-05,-0.11370770504641621,-0.27745901235129633,0.10873053225178923,-0.2517906977957185,0.014171129074916038,-1.2874690316076987,-1.1247798172823447,-1.2121516864410213,-0.9267211
2022-10-06,-0.11370770504641621,-0.27745901235129633,-0.1210314278548738,0.12377468451305508,-0.007781225669762412,-1.2763566174230754,-1.081246901502673,-1.1983454099300042,0.06476641
2022-10-07,-0.11370770504641621,3.604135946155105,-0.33547592395442594,0.011389589049444789,-0.1002947206651929,-1.6947685743724035,-1.0993477679774954,-1.1911387216574725,-4.0411353
2022-10-10,-0.11370770504641621,-0.27745901235129633,-0.3278171919508705,0.21339824165492152,-0.21946464642201863,-1.649309716740283,-1.099940248155991,-1.1854990079080676,0.2547741
2022-10-11,-0.11370770504641621,-0.27745901235129633,-0.22059494390109444,0.004987906396454345,0.2007661444046826,-1.9989396387500855,-1.148327261271159,-1.1912478211953017,-3.9240599
2022-10-12,-0.11370770504641621,-0.27745901235129633,1.9927786051264262,-0.015639737707626007,0.16470156160985375,-2.0628105989178342,-1.1872768700430096,-1.2041062314757578,-0.8090794
2022-10-13,-0.11370770504641621,-0.27745901235129633,0.369127420372674,-0.03342218952148841,-0.05639001117583606,-1.6659362448076698,-1.1762390240470784,-1.2120523575034976,2.1882296
2022-10-14,-0.11370770504641621,-0.27745901235129633,0.27722263633000876,0.019925165920098756,0.17724576432109856,-1.9086376333266641,-1.1957157676395864,-1.2225393493645151,-2.709335
2022-10-17,-0.11370770504641621,-0.27745901235129633,-0.7030950601250868,-0.28166521684300727,-0.08147841659832566,-1.0081489454033348,-1.1199124146156676,-1.214854656741278,5.743134
2022-10-18,-0.11370770504641621,-0.27745901235129633,0.17765912028378814,0.26603429902395415,-0.2931618373505818,-1.1075832543503081,-1.0640865616345763,-1.1968688941975445,-0.9250879
2022-10-19,-0.11370770504641621,-0.27745901235129633,0.4380560084046729,0.07967420401467637,-0.025029504397724032,-1.0566328932804216,-1.0061708305490786,-1.1701991119621253,0.32378435
2022-10-20,-0.11370770504641621,-0.27745901235129633,-0.25888860391887164,-0.009238055054635558,-0.18496808896609537,-1.2043638578228457,-0.9707183960554516,-1.1413455108685275,-1.2759864
2022-10-21,-0.11370770504641621,-0.27745901235129633,0.009167016205568585,-0.32647699541394054,0.44851414795176764,-1.3351983795200222,-0.9512886976399687,-1.1141425149994908,-1.1556327
2022-10-24,-0.11370770504641621,-0.27745901235129633,-0.6418252040966433,0.12733117487582757,0.06121188924208407,-1.3608121380714946,-0.931097055986827,-1.0880984313859772,-0.2230525
2022-10-25,-0.11370770504641621,-0.27745901235129633,1.0813894967033293,-0.0014137762565360995,-0.17555993693266175,-0.393734877656509,-0.8216174254748599,-1.044047741508063,6.0052395
2022-10-26,-0.11370770504641621,-0.27745901235129633,0.0015082842020131505,-0.46446882148951263,-0.6459675386043422,-1.0835188964610363,-0.8137899769403962,-1.0071473600302423,-5.5923104
2022-10-27,-0.11370770504641621,3.604135946155105,0.8363100725895555,-4.6831776898102255,-4.145800095041644,-2.5538586793186004,-1.151908179153616,-1.0493258452742182,-24.557083
2022-10-28,-0.11370770504641621,3.604135946155105,0.4380560084046729,-0.23543084212696447,-1.6150071980480034,-2.4409552285531233,-1.3925029440722583,-1.1340873408759649,1.2864947
2022-10-31,-0.11370770504641621,3.604135946155105,-0.7184125241321977,5.151229461328229,6.1137896974177055,-2.616982662823545,-1.6342860159472874,-1.2531672281557429,-6.088704
2022-11-01,-0.11370770504641621,-0.27745901235129633,0.18531785228734357,0.05975785798315054,0.26191913262200106,-2.4267637414274854,-1.7853231079927347,-1.3804589221635266,2.1897793
2022-11-02,-0.11370770504641621,-0.27745901235129633,-0.044444107819319456,0.27954896240248955,0.19135799237124895,-2.5701209263277693,-1.9372760603374382,-1.5145142719666014,-4.8949537
2022-11-03,-0.11370770504641621,3.604135946155105,0.17765912028378814,-0.03271089144893391,-0.7337769575830557,-2.6191766375179935,-2.054869499942191,-1.6466945278273062,-1.8003047
2022-11-04,-0.11370770504641621,3.604135946155105,0.13936546026601096,-0.04622555482746934,0.2823034620277738,-2.4262221829192447,-2.1055747948764356,-1.7631909141233484,2.1144986
2022-11-07,-0.11370770504641621,-0.27745901235129633,0.29254010033711964,-1.3557253064002954,-8.487662258471255,-1.8496906872441827,-2.0587264432651033,-1.8464537158025527,6.5315604
2022-11-08,-0.11370770504641621,-0.27745901235129633,0.06277814023045662,1.0299684289474822,5.436402751010486,-1.8609511628002213,-2.0039926787246802,-1.901457528721374,-0.25847554
2022-11-09,-0.11370770504641621,-0.27745901235129633,2.444643793336197,-0.39120512001639957,-8.545679196010761,-1.3931103826087792,-1.8859274691337444,-1.9204245630606063,5.1829576
2022-11-10,-0.11370770504641621,-0.27745901235129633,2.5365485773788623,-0.06898709314921327,0.7370308103103971,-0.5829025507085477,-1.660161449429757,-1.8877239547583349,10.24934
2022-11-11,-0.11370770504641621,-0.27745901235129633,0.3078575643442305,0.8244032859792332,9.483476150725842,-0.5030460075428672,-1.4543849685630819,-1.8179280628655357,1.0279775
2022-11-14,-0.11370770504641621,-0.27745901235129633,-0.5882140800717552,0.10172444426386572,1.483410871629465,-0.41672990538146254,-1.2660643506284581,-1.7221575024603253,1.0617614
2022-11-15,-0.11370770504641621,-0.27745901235129633,-0.33547592395442594,-0.13584911196933572,-0.22260069709982974,-0.2103535820483778,-1.0752976071446552,-1.6050885003493165,2.5039434
2022-11-16,-0.11370770504641621,-0.27745901235129633,-0.08273776783709663,0.1828124245350782,0.2901435887223019,-0.49813111785687136,-0.9586329787798746,-1.486694279333754,-3.2883465
2022-11-17,-0.11370770504641621,-0.27745901235129633,0.10873053225178923,-0.00425896854675409,0.2885755633833963,-0.6275695904879911,-0.8785744981648989,-1.3750023062130228,-1.5720248
2022-11-18,-0.11370770504641621,3.604135946155105,0.3767861523762294,-0.18421738090304143,-0.5299336635253277,-0.5768523734471115,-0.8019159630274968,-1.269393098148963,0.5383611
2022-11-21,-0.11370770504641621,-0.27745901235129633,-0.6341664720930879,0.19063670333317767,0.14902130822079776,-0.7480939828344645,-0.7594994039787059,-1.1759111967749152,-1.954484
2022-11-22,-0.11370770504641621,-0.27745901235129633,-0.40440451198642485,-0.15505415992830712,-0.2586652798946586,-0.6008170142053255,-0.702904302587135,-1.0891245462266723,1.4382005
2022-11-23,-0.11370770504641621,-0.27745901235129633,0.29254010033711964,-0.0007024781839816332,0.658629543365118,-0.5244842177872212,-0.6444298739409088,-1.007295580405616,0.7178664
2022-11-24,-0.11370770504641621,-0.27745901235129633,-0.32015845994731507,0.13017636716604555,-0.3511787748900891,-0.5244842177872212,-0.593953411268797,-0.9311287505812607,0.0
2022-11-25,-0.11370770504641621,-0.27745901235129633,-0.8103173081748629,-0.0014137762565361058,0.14431723220408094,-0.6068288809596887,-0.559452585008302,-0.8628793022660706,-0.73947906
2022-11-28,-0.11370770504641621,3.604135946155105,-0.9098808242210835,-0.3044267551647512,0.2760313606721515,-0.8639933564918866,-0.5576707493326681,-0.8079019010078566,-2.3606539
2022-11-29,-0.11370770504641621,-0.27745901235129633,-0.5422616880504226,-4.971964707267349,-8.588015880161214,-0.7808359230237696,-0.5451168190314741,-0.7612578884256201,0.6251097
2022-11-30,-0.11370770504641621,-0.27745901235129633,-0.6954363281215313,4.316165524149251,7.815097190130283,0.11642078429507297,-0.4366653218120123,-0.7009452735479903,7.893288
2022-12-01,-0.11370770504641621,-0.27745901235129633,-0.1210314278548738,0.8073321322379251,0.5520038203195372,0.31513022284424075,-0.3236485885014788,-0.6287297073731365,1.9813776
2022-12-02,-0.11370770504641621,-0.27745901235129633,-0.0750790358335412,-0.16714622716173352,-0.882739364779088,0.5601974249123394,-0.2005294539815213,-0.5448495413151089,2.5323749
2022-12-05,-0.11370770504641621,-0.27745901235129633,-0.2512298719153162,0.3513900677304936,1.0239794473301236,0.4287060221645079,-0.1161296228631284,-0.45984821818506233,-0.8583665
2022-12-06,-0.11370770504641621,-0.27745901235129633,1.318810188813548,-0.036267381811706384,-0.15203955684907774,-0.4590343013123422,-0.14281450620253994,-0.39750575435465463,-6.7875504
2022-12-07,-0.11370770504641621,3.604135946155105,1.2422228687779935,-0.19559815006391335,-0.7682735150389791,-0.47689816720332817,-0.16686560313392754,-0.352731877124724,-0.16649365
2022-12-08,-0.11370770504641621,-0.27745901235129633,0.652500504504225,0.16645256886632478,0.6633336193818349,-0.33382532125287845,-0.17108113392248567,-0.31780668893834896,1.2288213
2022-12-09,-0.11370770504641621,-0.27745901235129633,-0.06742030382998576,0.03201723315352518,0.10354857339253531,-0.2740869711596312,-0.16884208789759225,-0.2893917432121698,0.4942298
2022-12-12,-0.11370770504641621,-0.27745901235129633,-0.6341664720930879,0.02917204086330719,0.040827559836311235,-0.4088060547740851,-0.18094053961453366,-0.26922529286087293,-1.0267496
2022-12-13,-0.11370770504641621,-0.27745901235129633,-0.38142831597575855,-0.023464016505725466,0.09570844669800728,0.15521634908170745,-0.13117015668019774,-0.2425382013448883,4.742396
2022-12-14,-0.11370770504641621,-0.27745901235129633,-0.06742030382998576,-0.3848034373634091,-1.0803105574811938,0.2891605305875855,-0.07751490051911067,-0.2098108000429939,1.1984944
2022-12-15,-0.11370770504641621,-0.27745901235129633,0.039801944219790324,-0.039823872174478865,-1.1806641791711523,-0.34148099895968054,-0.09714263862283715,-0.1877909887951198,-4.4740496
2022-12-16,-0.11370770504641621,-0.27745901235129633,0.17765912028378814,0.373440307979683,2.146685589986534,-0.01914534839671239,-0.07799737122124038,-0.16611533909370535,2.823937
2022-12-19,-0.11370770504641621,3.604135946155105,0.30019883234067507,-0.09886161219650197,-0.39978756039616276,-0.5284051571770195,-0.11926484407345642,-0.15752568772144987,-4.1446867
2022-12-20,-0.11370770504641621,-0.27745901235129633,-0.06742030382998576,-2.389241405821977,-0.7964979711392798,-0.26917307193469786,-0.12419502721508045,-0.15169942399778388,2.2798657
2022-12-21,-0.11370770504641621,-0.27745901235129633,0.024484480212679453,2.515158804441269,1.2435029947769074,-0.017509044729026316,-0.09993947012284335,-0.14189496290807851,2.2803068
2022-12-22,-0.11370770504641621,-0.27745901235129633,-0.389087047979314,-0.17781569825005095,-0.25239317853903626,-0.2979530422621761,-0.11153116275869462,-0.1365094407653664,-2.2044063
2022-12-23,-0.11370770504641621,-0.27745901235129633,-0.19761874789042813,-2.4546808284969903,-3.7051849748091708,-0.2051316925517371,-0.11189803835934574,-0.13227881991818402,0.7855177
2022-12-26,-0.11370770504641621,-0.27745901235129633,-1.0324205362779704,1.2888809273573183,2.018107512196275,-0.20513169255173827,-0.11359105149981837,-0.1292533308110245,0.0
2022-12-27,-0.11370770504641621,-0.27745901235129633,-0.8639284321997509,0.5939427104715765,-1.5883507672866086,-0.3446205734447904,-0.1290697995430055,-0.13011524584523015,-0.98271966
2022-12-28,-0.11370770504641621,-0.27745901235129633,-0.7184125241321977,0.6536917485661542,1.3015199323164146,-0.49677962674611675,-0.15627345188033034,-0.13657337877900777,-1.0780215
2022-12-29,-0.11370770504641621,-0.27745901235129633,-0.7873411121641966,-0.31011713974518706,0.8107280012389614,0.04145049818266631,-0.12742275449271948,-0.1356220242948034,4.013145
2022-12-30,-0.11370770504641621,-0.27745901235129633,-0.6265077400895325,0.33005112555385874,0.6978301768377583,0.05016234093833014,-0.10516732430428705,-0.1301416223907058,0.06651878
2023-01-02,-0.11370770504641621,-0.27745901235129633,-0.7796823801606412,0.10314704040897472,0.7605511903939822,0.05016234093833132,-0.08921301198670226,-0.12237414998183355,0.0
2023-01-03,-0.11370770504641621,-0.27745901235129633,-0.7720236481570857,-0.05831762206089574,-0.0077812256697623846,0.5327679525232784,-0.029954601709860626,-0.10359428145310626,3.656304
2023-01-04,-0.11370770504641621,-0.27745901235129633,-0.5039680280326455,0.0035653102513453633,-0.09402261930957048,0.7823199817812824,0.04307723362164318,-0.07308380761248683,2.108395
2023-01-05,-0.11370770504641621,-0.27745901235129633,-0.4580156360113129,-5.814852923244427,-12.301099882689677,0.7112642152473727,0.09239195019112,-0.03821812247039891,-0.3376007
2023-01-06,-0.11370770504641621,-0.27745901235129633,-0.17464255187976183,5.317673210305981,10.808457562101074,0.9976796253728538,0.16119108981360797,0.00426345120004162,2.42635
2023-01-09,-0.11370770504641621,-0.27745901235129633,-0.05210283982287489,0.5455744415378709,1.4128497313787125,0.9000216359533141,0.20452311571939386,0.04743737204168774,-0.42301416
2023-01-10,-0.11370770504641621,-0.27745901235129633,0.5759131844686707,-0.18066089054026893,0.01730717975272722,1.2119431619205818,0.2721991669433761,0.09632738063441515,2.7187824
2023-01-11,-0.11370770504641621,-0.27745901235129633,0.38444488437978486,0.12661987680327305,-0.30413801472292107,1.1929403599948714,0.31833860716583534,0.14522336847513384,-0.07519722
2023-01-12,-0.11370770504641621,-0.27745901235129633,-0.044444107819319456,-0.018484929997844,-0.22887279845545222,1.502197074057303,0.39021877789638426,0.19958252447447752,2.8745651
2023-01-13,-0.11370770504641621,-0.27745901235129633,-0.22059494390109444,0.0035653102513453633,0.44381007193505084,1.5227253595459287,0.44237854077307726,0.2541304543602756,0.19749403
2023-01-16,-0.11370770504641621,-0.27745901235129633,-0.4197219759935357,0.06900473292635895,0.16156551093204255,1.5227253595459287,0.475522334654655,0.30479702069494874,0.0
2023-01-17,-0.11370770504641621,-0.27745901235129633,-0.48865056402553464,-0.017773631925289506,0.09884449737581849,1.1645364759121255,0.4755619799181643,0.3453386806376237,-1.1826515
2023-01-18,-0.11370770504641621,-0.27745901235129633,-0.15932508787265096,0.029883338935861696,-0.07363828990379769,0.6845273434108924,0.4417404087707958,0.3706000618414616,-1.7287195
2023-01-19,-0.11370770504641621,-0.27745901235129633,0.6754767005148914,-0.012794545417408034,0.17254168830438174,1.0189963898694312,0.4419732791799956,0.39085854754344634,2.3530245
2023-01-20,-0.11370770504641621,-0.27745901235129633,0.4610322044153392,-0.34852723566312993,-0.15203955684907774,1.3140126742144607,0.469875022623573,0.41298196893518857,2.3650408
2023-01-23,-0.11370770504641621,-0.27745901235129633,-0.7873411121641966,0.3542352600207116,0.0157391544138216,1.6154560748535258,0.5266199727732388,0.44271361129265513,2.7983189
2023-01-24,-0.11370770504641621,-0.27745901235129633,0.03214321221623489,0.03841891580651563,0.15842946025423135,1.5885310109990007,0.5609652503509805,0.4737819251563237,-0.09074211
2023-01-25,-0.11370770504641621,-0.27745901235129633,-0.266547335922427,-0.04266906446469684,-0.12381510074877691,1.244852600110194,0.5607519846191609,0.4985913527280551,-1.1457324
2023-01-26,-0.11370770504641621,-0.27745901235129633,1.9851198731228707,-0.057606323988341236,-0.1316552274433049,1.6904297597726035,0.6153436210565869,0.5300151845986806,4.09894
2023-01-27,-0.11370770504641621,-0.27745901235129633,0.7597227525540011,0.07967420401467637,0.3356163235505643,1.954615075920782,0.6972847669654602,0.5725300701762921,3.0142546
2023-01-30,-0.11370770504641621,-0.27745901235129633,-0.46567436801486833,-0.0014137762565361088,-0.18026401294937855,1.1384863529424731,0.6993524798759656,0.6069804422101781,-3.0842304
2023-01-31,-0.11370770504641621,-0.27745901235129633,-0.17464255187976183,-0.5000337251172374,-0.2821856599782426,1.276594524636884,0.7113416290784162,0.637083068201831,1.2987971
2023-02-01,-0.11370770504641621,-0.27745901235129633,0.13170672826245552,0.07611771365190385,0.22742257516607778,1.5493468215621364,0.7556189125351942,0.6705542750723484,2.78579
2023-02-02,8.794478787447106,-0.27745901235129633,1.4490086328739902,2.4077527954855404,6.286272484697322,2.6669581041815698,1.1713509326713893,0.785488230609844,23.282396
2023-02-03,-0.11370770504641621,-0.27745901235129633,0.4533734724117838,1.6964547229310443,1.19646223460974,2.4302632611226147,1.4563857396554742,0.937877721884007,-1.1866331
2023-02-06,-0.11370770504641621,-0.27745901235129633,-0.6111902760824216,-3.913553175306261,-8.25089043229651,2.3789225709718753,1.655253605382357,1.1019597314438594,-0.25197268
2023-02-07,-0.11370770504641621,-0.27745901235129633,0.18531785228734357,0.002142714106236381,0.2681912339776235,2.498664268433838,1.8507064145596122,1.2746715845517274,2.9882789
2023-02-08,-0.11370770504641621,-0.27745901235129633,0.23127024430867618,0.1671638669388793,0.5378915922693868,1.6557909409373714,1.8899351582136679,1.4211596179220787,-4.274088
2023-02-09,-0.11370770504641621,3.604135946155105,-0.33547592395442594,-0.43815079280499636,-0.650671614621059,1.1613447657721794,1.8358132423606899,1.5268733602020568,-3.0038655
2023-02-10,-0.11370770504641621,3.604135946155105,0.03214321221623489,0.2276242031060114,0.28387148736667955,0.8447987262245545,1.7283187909320323,1.5886498931111375,-2.1189332
2023-02-13,-0.11370770504641621,-0.27745901235129633,-0.5958728120753107,0.2276242031060114,0.23369467652170015,1.0714718293513181,1.679830185572391,1.6277889922681266,3.0318737
2023-02-14,-0.11370770504641621,-0.27745901235129633,0.20063531629445444,-0.029154401086161425,0.015739154413821628,1.0736016361235146,1.6205663638938692,1.6465332334911482,0.027871132
2023-02-15,-0.11370770504641621,-0.27745901235129633,-0.1440076238655401,0.07184992521657692,0.2336946765217002,0.8611535051748291,1.5274537941370006,1.6417838786821164,-1.2926161
2023-02-16,-0.11370770504641621,-0.27745901235129633,-0.08273776783709663,-0.0028363724016451006,0.4202896918514668,0.447701363663957,1.3824706896604848,1.6072403734980836,-2.664256
2023-02-17,-0.11370770504641621,-0.27745901235129633,0.20829404829800988,-0.03840127602936987,-0.5142534101362717,0.47311458255546956,1.2552867944510755,1.5526359138028225,0.25516748
2023-02-20,-0.11370770504641621,-0.27745901235129633,1.9621436771122045,0.05904655991059601,0.13647710550955294,0.4731145825554702,1.1386552635794043,1.4842203451240923,0.0
2023-02-21,-0.11370770504641621,-0.27745901235129633,0.775040216561112,-0.11735536208291884,-0.27434553328371464,0.39379155564038576,1.022816213719163,1.4049239367922108,-0.46275258
2023-02-22,-0.11370770504641621,-0.27745901235129633,0.46869093641889464,-0.016351035780180514,0.14274920686517534,0.2949361818484932,0.9071575208199077,1.316961101871797,-0.5578816
2023-02-23,-0.11370770504641621,-0.27745901235129633,0.8669450006037772,8.819888572882662e-06,-3.749089684298527,0.3655623456316509,0.8136475057584499,1.2267618069006618,0.5376339
2023-02-24,-0.11370770504641621,-0.27745901235129633,0.009167016205568585,0.14724752090735344,3.793112195837415,0.1808639111025899,0.71027326391856,1.132681610513242,-0.9590745
2023-02-27,-0.11370770504641621,-0.27745901235129633,-0.7030950601250868,-0.03199959337637941,0.01730717975272722,0.08428550005714174,0.6091525365078908,1.0359745562303417,-0.49886107
2023-02-28,-0.11370770504641621,-0.27745901235129633,0.5682544524651153,0.009966992904335817,0.020443230430538417,0.5381574098478007,0.579731959526755,0.9523702076134055,3.1850934
2023-03-01,-0.11370770504641621,-0.27745901235129633,-0.08273776783709663,0.03557372351629765,0.1066846240703465,0.3559783815160894,0.5306663851847101,0.8750822538679688,-0.8688688
2023-03-02,-0.11370770504641621,-0.27745901235129633,-0.044444107819319456,-0.06187411242366821,-0.2539612038779418,0.44994703477525255,0.49571223690269606,0.8058397783742886,0.64007044
2023-03-03,-0.11370770504641621,-0.27745901235129633,-0.22059494390109444,-0.01706233385273501,0.06277991458098965,1.1889763070903387,0.5779719270606132,0.7678891661463147,6.142211
2023-03-06,-0.11370770504641621,-0.27745901235129633,-0.7260712561357531,0.027749444718198204,0.07846016797004565,1.1446145787691397,0.6293012623071289,0.7484131872434682,-0.1889348
2023-03-07,-0.11370770504641621,-0.27745901235129633,0.775040216561112,-0.06258541049622271,-1.1383274950207012,1.0922785177136054,0.6553720558793336,0.7383607795601457,-0.21092296
2023-03-08,-0.11370770504641621,-0.27745901235129633,0.3461512243620077,-0.044091660609805836,0.6837179487876078,1.123325111445911,0.6707109757455774,0.7335715088270551,0.24931431
2023-03-09,-0.11370770504641621,-0.27745901235129633,0.2619051723228979,0.09318886739321179,0.2901435887223019,0.6617339845871244,0.6363075991846462,0.722444772231631,-1.773262
2023-03-10,-0.11370770504641621,-0.27745901235129633,0.2848813683335642,0.015657377484771782,0.01730717975272722,0.3750952273504329,0.5754303060585438,0.700634204292345,-1.1998475
2023-03-13,-0.11370770504641621,-0.27745901235129633,-0.5882140800717552,0.01707997362988077,0.19135799237124898,0.4992409293227371,0.5337928064186365,0.6743564164681461,0.77432394
2023-03-14,-0.11370770504641621,-0.27745901235129633,0.31551629634778594,-0.01066065119974455,-0.5879506010648349,1.3857772463360636,0.6367947008574028,0.6751759894436596,7.2526336
2023-03-15,-0.11370770504641621,-0.27745901235129633,3.5704773978588458,0.1202181941502826,-11.154873359949683,1.5685337846316583,0.7486056229442718,0.6995414268823856,1.9224763
2023-03-16,-0.11370770504641621,-0.27745901235129633,0.20829404829800988,-0.26317146695659044,9.591669899110329,1.8704513568281185,0.9040117074050019,0.7519880165275806,3.6308408
2023-03-17,-0.11370770504641621,-0.27745901235129633,0.06277814023045662,0.14653622283479895,0.9487142310626544,0.8421319960418253,0.9102178068572068,0.7952613067871791,-4.547888
2023-03-20,-0.11370770504641621,-0.27745901235129633,-0.6954363281215313,0.0007201179611273784,0.9016734708954864,0.9571575471555671,0.9262379983674237,0.8332770597241193,1.12468
2023-03-21,-0.11370770504641621,-0.27745901235129633,-0.3737695839722031,-0.253924592013382,-1.660479932876266,1.1743217478982928,0.9734256988265237,0.8736959291831224,2.1990776
2023-03-22,-0.11370770504641621,-0.27745901235129633,0.0015082842020131505,-0.20413372693456727,-0.6867361974158879,0.929420675399067,0.9707598352194236,0.9054657218626978,-1.1624515
2023-03-23,-0.11370770504641621,-0.27745901235129633,0.192976584290899,0.4139842981152892,2.174910046086835,1.1593247261929993,1.0041207631814624,0.9379558222443718,2.2371292
2023-03-24,-0.11370770504641621,-0.27745901235129633,0.07809560423756749,0.11737300186006464,0.4328338945627116,1.244527323820551,1.035173516568069,0.9705327147326995,0.8468747
2023-03-27,-0.11370770504641621,-0.27745901235129633,-0.6494839361001987,-0.10099550641416545,-0.08304644193723129,0.8955907795168344,1.0101386973190887,0.9912855341693806,-1.5387595
2023-03-28,-0.11370770504641621,-0.27745901235129633,0.38444488437978486,0.01565737748477178,-0.39351545904054025,0.6652368658895839,0.9525610198661897,0.995678302616575,-1.0648787
2023-03-29,-0.11370770504641621,-0.27745901235129633,0.039801944219790324,-0.34354814915524845,-0.13165522744330488,0.9448766285915939,0.9453083091506107,0.9976545623567817,2.3270965
2023-03-30,-0.11370770504641621,-0.27745901235129633,0.29254010033711964,0.34641098122261216,0.3575686782952427,1.0838155860311287,0.9535752547738878,1.0009885961553218,1.2125611
2023-03-31,-0.11370770504641621,-0.27745901235129633,0.18531785228734357,-0.094593823761175,0.12550092813721372,1.2993057332951174,0.9916254960949391,1.0117244697807257,1.9726753
2023-04-03,-0.11370770504641621,-0.27745901235129633,-0.8409522361890847,0.12661987680327308,0.18351786567672096,1.3567719212560594,1.0198913671199032,1.0263070156539955,0.53317547
2023-04-04,-0.11370770504641621,-0.27745901235129633,-0.618849008085977,-0.05333853555301427,0.03612348381959443,1.4419261015782638,1.0458919502342046,1.0434865394925215,0.77439547
2023-04-05,-0.11370770504641621,-0.27745901235129633,-0.45035690400775746,-0.3791130527829732,-0.9203719729128225,1.027798399911137,1.0160063486058324,1.0508928437607417,-1.5089452
2023-04-06,-0.11370770504641621,-0.27745901235129633,0.07043687223401206,0.37486290412479195,0.8201361532723951,1.2920375211928106,1.0291765070475165,1.0596106514329342,2.1846056
2023-04-07,-0.11370770504641621,-0.27745901235129633,-0.29718226393664876,0.06971603099891344,0.08002819330895126,1.2920375211928106,1.0250857337361445,1.0657174391007997,0.0
2023-04-10,-0.11370770504641621,-0.27745901235129633,-0.8715871642033064,-0.054761131698123265,-0.012485301686479208,1.108160457400513,0.9926610389756857,1.0637271335336507,-0.6247163
2023-04-11,-0.11370770504641621,-0.27745901235129633,-0.6111902760824216,-0.05120464133535079,-0.020325428381007215,0.9831534949068608,0.9433592912915911,1.051680333094153,-0.41908622
2023-04-12,-0.11370770504641621,-0.27745901235129633,-0.32015845994731507,0.06687083870869547,-0.06736618854817526,0.9942132811549009,0.8929519108753581,1.0313538846360948,0.070142746
2023-04-13,-0.11370770504641621,-0.27745901235129633,-0.4580156360113129,-0.009949353127190053,0.06905201593661205,1.41956927035674,0.9104849839087524,1.0188106568201871,2.967298
2023-04-14,-0.11370770504641621,-0.27745901235129633,-0.09039649984065207,0.04197540616928811,0.1160927761037801,1.4872124269258353,0.923710819965502,1.0115806453993106,0.5173564
2023-04-17,-0.11370770504641621,-0.27745901235129633,-0.84861096819264,-0.1251796408810183,-0.10029472066519289,1.0862266386940744,0.8919219029746986,0.9990557187897217,-1.1874139
2023-04-18,-0.11370770504641621,-0.27745901235129633,-0.5269442240433118,-0.2019998327169038,-0.13949535413783293,0.9414124530006663,0.8434960248491165,0.9787669517949301,-0.44320822
2023-04-19,-0.11370770504641621,-0.27745901235129633,0.40742108039045116,0.2119756455098125,-2.8333628863776568,0.6186374969067232,0.7691611070237316,0.9467730373566497,-1.0050952
2023-04-20,-0.11370770504641621,-0.27745901235129633,0.7597227525540011,-1.2540096820250026,0.686853999465419,0.2536859767384976,0.6705317100733263,0.9002633013407109,-1.2192786
2023-04-21,-0.11370770504641621,-0.27745901235129633,0.27722263633000876,0.8030643438025982,1.6135569747586296,0.22882429332911194,0.5809548622256849,0.8440605232052009,-0.08448362
2023-04-24,-0.11370770504641621,-0.27745901235129633,-0.6724601321108651,0.4879592976609568,0.4579222999852013,0.21407088278801395,0.5003715487563615,0.7820104123001638,-0.04697442
2023-04-25,-0.11370770504641621,-0.27745901235129633,-0.35845211996509224,-0.25819238044870896,0.17881378966000416,-0.49216299967761545,0.3711865853673724,0.7049763366342341,-2.4625182
2023-04-26,-0.11370770504641621,-0.27745901235129633,0.5223020604437827,0.2639004048062907,-0.012485301686479208,-0.26360060549240083,0.283422275471706,0.6247384398774632,0.8913517
2023-04-27,8.794478787447106,-0.27745901235129633,0.9128973926251098,4.013863843313591,2.648453698436326,1.6590407300705796,0.5296604078496188,0.6127635197288244,13.925505
2023-04-28,-0.11370770504641621,-0.27745901235129633,0.9205561246286652,-0.6102849263631845,1.196462234609739,1.7225139041719235,0.7332344466642691,0.6463519556456457,0.73776245
2023-05-01,-0.11370770504641621,-0.27745901235129633,-0.565237884061089,-3.2442216890324804,-3.8823718381055032,1.8248741063196536,0.913167512178975,0.7113779502979634,1.1900783
2023-05-02,-0.11370770504641621,-0.27745901235129633,0.009167016205568585,-0.11877795822802785,0.16940563762657057,1.3867258842983015,0.9976932140723855,0.7813226275086469,-1.6201913
2023-05-03,-0.11370770504641621,-0.27745901235129633,-0.5116267600362009,-0.14082819847721723,-0.2241687224387354,1.1501707907964707,1.0255454239828752,0.8431844984007016,-0.92375875
2023-05-04,-0.11370770504641621,3.604135946155105,0.4840084004260055,-1.5022527093465214,-4.183432703175379,0.786613115479896,0.9943706386736275,0.8860633057641725,-1.4808238
2023-05-05,-0.11370770504641621,-0.27745901235129633,-0.2818647999295379,0.835784055140105,3.9828432618449936,0.7104631282289916,0.9477895393216187,0.9104887157915091,-0.31689405
2023-05-08,-0.11370770504641621,-0.27745901235129633,-0.7030950601250868,0.7397588153452481,0.18351786567672096,0.7414376813490078,0.9032055947480014,0.9205749094975253,0.21049976
2023-05-09,-0.11370770504641621,-0.27745901235129633,0.09341306824467836,0.05406747340271453,0.26662320863871786,0.7481578681157232,0.8564014702263054,0.9187189355670636,0.04286766
2023-05-10,-0.11370770504641621,-0.27745901235129633,0.7826989485646675,0.009966992904335819,-0.1300872021043993,0.711865263326988,0.8041000578076795,0.9061435142051117,-0.12426376
2023-05-11,-0.11370770504641621,-0.27745901235129633,-0.20527747989398357,-0.28948949564110676,-0.39037940836272916,0.9100452818815629,0.7811028951699964,0.8912065726217245,1.162684
2023-05-12,-0.11370770504641621,-0.27745901235129633,0.24658770831578705,0.31582516410276884,-0.029733580414440807,0.6464293521349745,0.729712496104602,0.8683595597435781,-0.8397281
2023-05-15,-0.11370770504641621,-0.27745901235129633,-0.7030950601250868,-0.14580728498509868,0.407745489140222,1.0137673717816118,0.7340289467544138,0.8509972633416445,2.1598697
2023-05-16,-0.11370770504641621,-0.27745901235129633,0.039801944219790324,0.28879583734569797,0.04866768653083925,1.008218667105673,0.7259248261277707,0.8353889276518597,-0.016742945
2023-05-17,-0.11370770504641621,-0.27745901235129633,-0.03678537581576402,-0.16430103487151554,0.02201125576944402,1.2567834533635285,0.7489557618288007,0.8277860252544101,1.5346289
2023-05-18,-0.11370770504641621,-0.27745901235129633,-0.029126643812208586,-0.3791130527829732,-0.2131925450663962,1.5169247623912012,0.80382172927764,0.8333381657105468,1.800108
2023-05-19,-0.11370770504641621,-0.27745901235129633,0.30019883234067507,0.39264535593865435,-0.026597529736629624,1.3359142761541103,0.8216505041414806,0.8415605133212123,-0.49017668
2023-05-22,-0.11370770504641621,-0.27745901235129633,0.03214321221623489,-5.241546676765504,-13.30934017560598,1.498348657664001,0.8530683338906768,0.854800618926896,1.0910273
2023-05-23,-0.11370770504641621,-0.27745901235129633,0.6984528965255576,1.2319770815529583,2.9306982594393354,1.2536453714842934,0.8478929535494392,0.8642952513723823,-0.6362736
2023-05-24,-0.11370770504641621,-0.27745901235129633,0.6678179685113359,3.5451184135001785,5.521076119311388,1.4148259559933158,0.8586778223701612,0.8741779150976517,1.00106
2023-05-25,-0.11370770504641621,-0.27745901235129633,0.40742108039045116,0.10741482884430166,0.0267153317861605,1.6234722384176024,0.892959133733554,0.8893534818636114,1.3964057
2023-05-26,-0.11370770504641621,-0.27745901235129633,0.009167016205568585,0.28239415469270757,4.092605035568385,2.06156756576778,1.0098585458640017,0.9262827410739602,3.7001848
2023-05-29,-0.11370770504641621,-0.27745901235129633,-0.7337299881393086,0.014946079412217282,0.30111976609464114,2.06156756576778,1.087257278561588,0.9722387387098308,0.0
2023-05-30,-0.11370770504641621,-0.27745901235129633,-0.6954363281215313,-0.19275295777369536,0.5253473895581421,2.0820862853836397,1.1381090521081,1.0197867795734215,0.18316507
2023-05-31,-0.11370770504641621,-0.27745901235129633,-0.46567436801486833,0.24611795299242828,-0.048549884481308044,2.1765498486424626,1.1865107755697057,1.068088915915935,0.8380413
2023-06-01,-0.11370770504641621,-0.27745901235129633,0.07809560423756749,-0.15149766956553462,0.01887520509163281,2.4598528369457386,1.295060505615211,1.1297488603124228,2.9805064
2023-06-02,-0.11370770504641621,-0.27745901235129633,1.4336911688668794,0.133732857528818,0.050235711869744855,2.4598528369457386,1.362667299816034,1.1934130016281448,0.0
2023-06-05,-0.11370770504641621,-0.27745901235129633,-0.5958728120753107,0.014946079412217289,0.23996677787732262,2.244270795266435,1.3839997127371924,1.248867904932026,-0.44751763
2023-06-06,-0.11370770504641621,-0.27745901235129633,-0.013809179805097717,-0.02275271843317097,-0.13165522744330493,2.194833920103984,1.3792886518279543,1.292232835605442,-0.09949207
2023-06-07,-0.11370770504641621,-0.27745901235129633,-0.15166635586909552,-0.00781545890952657,0.012603103736010412,0.9873454839862917,1.274439977999853,1.3046913628301642,-2.7736783
2023-06-08,-0.11370770504641621,-0.27745901235129633,0.8209926085824446,0.010678290976890317,-0.14890350617126652,1.055825739707292,1.1858740759724304,1.2958775688169775,0.3717661
2023-06-09,-0.11370770504641621,-0.27745901235129633,0.9358735886357761,0.027038146645643704,0.11295672542596889,1.082717879680004,1.104361949289032,1.2715416880996964,0.13985634
2023-06-12,-0.11370770504641621,-0.27745901235129633,-0.565237884061089,-0.002125074329090604,0.026715331786160822,1.4847662216245607,1.0923640899861609,1.249528808163264,2.3023129
2023-06-13,-0.11370770504641621,-0.27745901235129633,-0.32015845994731507,-0.04053517024703336,-0.04070975778678003,1.5009539922884123,1.0708066768298659,1.2273472021135283,0.0996232
2023-06-14,-0.11370770504641621,-0.27745901235129633,-0.06742030382998576,0.02703814664564371,0.17254168830438174,1.624019254498433,1.0613733541862373,1.2076015581720372,0.74819326
2023-06-15,-0.11370770504641621,-0.27745901235129633,-0.3507933879615368,-0.14082819847721723,-0.6240151838596638,2.045042893763724,1.132529933693542,1.2068939694597949,3.102243
2023-06-16,-0.11370770504641621,-0.27745901235129633,0.1240479962589001,0.136578049819036,0.23996677787732262,1.9120270920578004,1.163558372392271,1.2129075546840513,-0.2945006
2023-06-19,-0.11370770504641621,-0.27745901235129633,-0.7030950601250868,0.0021427141062363682,0.1082526494092521,1.9120270920578004,1.171927711927929,1.219493161748986,0.0
2023-06-20,-0.11370770504641621,-0.27745901235129633,-0.34313465595798137,0.006410502541563343,0.058075838564272855,2.0721413074565214,1.1990956281364316,1.2305226703739665,1.1850476
2023-06-21,-0.11370770504641621,-0.27745901235129633,-0.25888860391887164,0.008544396759226826,0.05180373720865045,1.6124305371208438,1.1744320888946935,1.2341163135521298,-0.9460747
2023-06-22,-0.11370770504641621,-0.27745901235129633,0.5835719164722262,-0.020618824215507484,0.011035078397104813,1.7914199205944765,1.1747008613416177,1.2370482219483427,1.1504054
2023-06-23,-0.11370770504641621,-0.27745901235129633,2.9424613735673,-0.059028920133450236,-0.05325396049802485,1.9813458044853596,1.201213113367294,1.2450157364473189,1.3514519
2023-06-26,-0.11370770504641621,-0.27745901235129633,-0.5575791520575335,0.1202181941502826,0.03141940780287763,0.5768436881221263,1.0927026094687984,1.2283798307242821,-3.5534978
2023-06-27,-0.11370770504641621,-0.27745901235129633,0.3461512243620077,-0.008526756982081064,-0.03443765643115762,1.0967956927911142,1.0869781654403528,1.2138572238111673,3.081119
2023-06-28,-0.11370770504641621,-0.27745901235129633,0.43039727640111747,0.023481656282871233,0.05180373720865045,0.9016480685112136,1.048056123468479,1.1939856242372564,-0.61312914
2023-06-29,-0.11370770504641621,-0.27745901235129633,-0.2512298719153162,-0.1123762755750374,5.890102476560169e-05,0.5002886148647847,0.9615576855708498,1.1597461396024025,-1.31796
2023-06-30,-0.11370770504641621,-0.27745901235129633,0.4610322044153392,0.05833526183804152,-0.007781225669762407,0.8388124330772361,0.9401277044940177,1.1278102720775547,1.9358516
2023-07-03,-0.11370770504641621,-0.27745901235129633,-0.5958728120753107,-0.009949353127190053,-0.018757403042101613,0.7355224515793377,0.8993784392652566,1.0936205968607593,-0.3345251
2023-07-04,-0.11370770504641621,-0.27745901235129633,1.7553579130162076,-0.008526756982081064,0.029851382463972027,0.7355224515793377,0.8545222835087442,1.0567569993254275,0.0
2023-07-05,-0.11370770504641621,-0.27745901235129633,1.5332546849131,-0.04124646831958785,-0.09402261930957048,1.229298306370745,0.8988530996597255,1.036666579112884,2.919376
2023-07-06,-0.11370770504641621,-0.27745901235129633,6.863732159387682,0.08323069437744884,0.09414042135910168,0.9556371332672272,0.8944685712730919,1.0196644929919343,-0.8085072
2023-07-07,-0.11370770504641621,-0.27745901235129633,5.776192214882811,-0.38978252387129064,-0.2994339387062042,0.7886834208090674,0.8620914513345025,0.9991971767508828,-0.50001144
2023-07-10,-0.11370770504641621,-0.27745901235129633,0.3997623483868957,0.2283355011785659,0.26191913262200106,1.010154233513799,0.8635078525668125,0.9831236750980467,1.2287855
2023-07-11,-0.11370770504641621,-0.27745901235129633,2.2838104212615327,0.06615954063614096,0.007899027719293608,1.2470780890241877,0.8982079639447228,0.9776231171272634,1.4246821
2023-07-12,-0.11370770504641621,-0.27745901235129633,1.426032436863324,0.055490069547823526,0.003194951702576806,1.74174684382603,1.0340849395253482,1.0020357152189203,3.7044406
2023-07-13,-0.11370770504641621,-0.27745901235129633,1.2881752607993262,-0.03342218952148841,0.06905201593661205,1.8881502667604466,1.1708668644638234,1.0505707348816464,1.315701
2023-07-14,-0.11370770504641621,-0.27745901235129633,0.11638926425534467,0.11595040571495566,-0.16615178489922813,1.3767853890860107,1.2120451485263921,1.0981307063000698,-1.4485836
2023-07-17,-0.11370770504641621,-0.27745901235129633,-0.34313465595798137,-0.15007507342042564,-0.050117909820213635,1.4535090380916909,1.2470727531361117,1.143606372525801,0.5665779
2023-07-18,-0.11370770504641621,-0.27745901235129633,0.6065481124828924,-0.18066089054026896,0.3026877914335467,1.5170733081547996,1.2733610026560152,1.1855613930100537,0.46036243
2023-07-19,-0.11370770504641621,-0.27745901235129633,1.5026197568988782,0.26532300095139966,-0.14890350617126652,1.6875099837112992,1.3203460065662176,1.2290886942087504,1.2690306
2023-07-20,-0.11370770504641621,-0.27745901235129633,0.7137703605326685,0.02632684857308921,0.007899027719293608,0.33846801669530285,1.1909703189654581,1.2364761046909747,-4.268861
2023-07-21,-0.11370770504641621,-0.27745901235129633,-0.029126643812208586,-0.044091660609805836,-0.09402261930957048,-0.2708011218149387,0.9824521117157907,1.198169238051269,-2.7303934
2023-07-24,-0.11370770504641621,-0.27745901235129633,-0.5728966160646444,0.13017636716604555,0.08943634534238488,-0.4473115233879865,0.7760428182312391,1.1237541500276436,-0.90057254
2023-07-25,-0.11370770504641621,-0.27745901235129633,0.1470241922695664,-0.11948925630058234,-0.0030771496530455993,-0.25329736685140736,0.6342758052600711,1.0341600383289815,0.9807706
2023-07-26,-0.11370770504641621,-0.27745901235129633,0.5299607924473381,-0.8343438192178503,-1.1869362805267747,0.013525639913561135,0.5584174774203379,0.9463988053140647,1.3923287
2023-07-27,8.794478787447106,-0.27745901235129633,1.0201196406748858,3.7919388446765883,4.166302226496948,0.7133098164381071,0.6345470986798833,0.8923332909902578,4.4009686
2023-07-28,-0.11370770504641621,-0.27745901235129633,1.640476932962876,-1.3414993449492054,-4.006245839879045,1.2444413816325544,0.8358221246625214,0.8917617402819837,4.4175744
2023-07-31,-0.11370770504641621,-0.27745901235129633,-0.618849008085977,-1.554888766715554,0.9393060790292207,0.7512815962390961,0.9055945664498942,0.9060999163728938,-2.1138012
2023-08-01,-0.11370770504641621,-0.27745901235129633,0.016825748209124018,-0.007104160836972072,0.06434793991989525,0.9086891123153631,0.9924896543662284,0.9359967728263884,1.2900114
2023-08-02,-0.11370770504641621,-0.27745901235129633,1.0354371046819968,-0.014928439635071518,0.07846016797004567,0.34941085139832867,0.9541359290947561,0.9517812568898512,-2.6029527
2023-08-03,-0.11370770504641621,-0.27745901235129633,0.7673814845575566,-0.0490707471176873,-0.018757403042101616,0.27841384248177753,0.8982067144181477,0.9525489175955457,-0.35633445
2023-08-04,-0.11370770504641621,-0.27745901235129633,0.18531785228734357,-0.012083247344853538,-0.11440694871534329,0.1184323357348336,0.8143978727871946,0.9353911766404186,-0.78546405
2023-08-07,-0.11370770504641621,-0.27745901235129633,0.6448417725006697,0.034862425443743156,0.17410971364328737,0.4045585243480566,0.8009343757334622,0.9188100164497156,1.8762231
2023-08-08,-0.11370770504641621,-0.27745901235129633,0.3767861523762294,-0.13513781389678123,-0.31981826811197706,0.13990538242158823,0.7354372150414389,0.8916562554356521,-1.2383044
2023-08-09,-0.11370770504641621,-0.27745901235129633,0.4380560084046729,-0.23187435176419266,0.11452475076487452,-0.3208453601249426,0.5912923602319087,0.8393669781763902,-2.3765445
2023-08-10,-0.11370770504641621,-0.27745901235129633,-0.06742030382998576,0.29804271228890644,0.08786832000347926,-0.2900389216017123,0.4747718551785991,0.7728270987423557,0.17365217
2023-08-11,-0.11370770504641621,-0.27745901235129633,-0.4197219759935357,0.0284607427907527,0.047099661191933644,-0.5400566283457846,0.3302686896575437,0.6889529460857832,-1.3410032
2023-08-14,-0.11370770504641621,-0.27745901235129633,0.36146868836911855,0.03984151195162462,-0.04698185914240244,-0.2560006920934355,0.260682501403225,0.6070977028194904,1.5084147
2023-08-15,-0.11370770504641621,-0.27745901235129633,0.016825748209124018,0.006410502541563342,0.028283357125066425,-0.5208561505609544,0.15384990540808668,0.5189593953524092,-1.384759
2023-08-16,-0.11370770504641621,-0.27745901235129633,0.13170672826245552,-0.050493343262796295,0.04866768653083924,-0.9521678056679735,-0.018584168061548223,0.4118836830347427,-2.5368452
2023-08-17,-0.11370770504641621,-0.27745901235129633,-0.4580156360113129,0.008544396759226825,-0.025029504397724018,-1.3891451529469139,-0.25739853086227,0.27558194439069195,-3.1261742
2023-08-18,-0.11370770504641621,-0.27745901235129633,0.016825748209124018,-0.013505843489962529,-0.14263140481564412,-1.4696413093648768,-0.46450072066691117,0.12262402840694034,-0.645411
2023-08-21,-0.11370770504641621,-0.27745901235129633,-0.34313465595798137,-0.17923829439515995,-0.43898819386880283,-0.9938330805852948,-0.5509630695142457,-0.018076856584545713,2.3477435
2023-08-22,-0.11370770504641621,-0.27745901235129633,0.6295243084935588,-0.25107939972316407,0.3904972104122604,-1.1093958034927907,-0.6404183804812301,-0.1496067817081706,-0.7933736
2023-08-23,-0.11370770504641621,-0.27745901235129633,1.3647625808348804,0.219799924307912,0.026715331786160826,-0.658857294731736,-0.632812923051904,-0.25321796598750357,2.308762
2023-08-24,-0.11370770504641621,-0.27745901235129633,0.08575433624112293,0.136578049819036,0.14902130822079773,-1.0488569208986638,-0.7047514432840928,-0.35136165229204436,-2.5455356
2023-08-25,-0.11370770504641621,-0.27745901235129633,0.5069845964366718,0.10385833848152921,0.08943634534238488,-1.1107640630151117,-0.7695196046256618,-0.44361084810477913,-0.43591857
2023-08-28,-0.11370770504641621,-0.27745901235129633,-0.8562697001961955,-0.013505843489962532,-0.21005649438858498,-0.7786329297578808,-0.7617906703348704,-0.5157712653654096,1.6672492
2023-08-29,-0.11370770504641621,-0.27745901235129633,-0.35845211996509224,0.05051098303994206,0.042395585175216854,-0.29483512410889195,-0.6646649666786162,-0.5529038565434752,2.6631236
2023-08-30,-0.11370770504641621,-0.27745901235129633,0.7290878245397794,-0.008526756982081062,0.08002819330895126,-0.46856563925345257,-0.6154805443332386,-0.5721802526247196,-0.9698272
2023-08-31,-0.11370770504641621,-0.27745901235129633,-0.3661108519686477,-0.0490707471176873,-0.037573707108968825,-0.41793372163829967,-0.5639182996848541,-0.5766674696027776,0.2677083
2023-09-01,-0.11370770504641621,-0.27745901235129633,-0.45035690400775746,0.06260305027336849,0.01417112907491601,-0.3847837479948826,-0.5143826457508917,-0.569753086807988,0.16559362
2023-09-04,-0.11370770504641621,-0.27745901235129633,-0.618849008085977,-0.04124646831958785,0.1411811815262697,-0.3847837479948826,-0.47239151629425563,-0.5553172590332244,0.0
2023-09-05,-0.11370770504641621,-0.27745901235129633,-0.4120632439899803,0.00072011796112738,-0.18496808896609535,-0.11065781449428627,-0.39530012308325196,-0.5274211786344406,1.2720108
2023-09-06,-0.11370770504641621,-0.27745901235129633,0.26956390432645333,-0.020618824215507484,0.04866768653083925,-0.19071199766143812,-0.34386170931934296,-0.49419667306991033,-0.32649636
2023-09-07,-0.11370770504641621,-0.27745901235129633,-0.1210314278548738,-0.255347188158491,-0.24141700116669698,-0.23347343127709508,-0.3078254049862021,-0.4599754822878097,-0.16713142
2023-09-08,-0.11370770504641621,-0.27745901235129633,-0.5116267600362009,0.2432727607022103,0.04866768653083922,-0.3034549873166932,-0.28734947413805495,-0.4282565585258414,-0.26115775
2023-09-11,-0.11370770504641621,-0.27745901235129633,-0.17464255187976183,0.05264487725760554,0.16470156160985375,0.4248534632211699,-0.16429327602948748,-0.37678705221784115,3.2461643
2023-09-12,-0.11370770504641621,-0.27745901235129633,-0.3967457799828694,0.07184992521657692,0.06748399059770646,-0.09551248691558649,-0.13362049693145683,-0.32910720946419986,-1.9183218
2023-09-13,-0.11370770504641621,-0.27745901235129633,-0.27420606792598246,-0.28024262069789835,0.014171129074916015,0.14126816058377614,-0.07332973043606049,-0.278178531002614,1.1271
2023-09-14,-0.11370770504641621,-0.27745901235129633,0.3921036163833403,0.2034400686391586,-0.026597529736629624,0.556554602998558,0.045356139571598696,-0.21226795968057094,2.183175
2023-09-15,-0.11370770504641621,-0.27745901235129633,-0.1210314278548738,0.012100887121999304,-0.021893453719912817,-0.3293096747850729,0.009577175732361456,-0.1671265192732838,-3.660339
2023-09-18,-0.11370770504641621,-0.27745901235129633,-0.9022220922175281,-0.6188205032338382,0.00633100238038801,-0.18357796768128,0.00340687375375536,-0.13232179454920645,0.7458925
2023-09-19,-0.11370770504641621,-0.27745901235129633,-0.7337299881393086,0.6921018444840968,0.006331002380388005,-0.020319790035411425,0.023585864544573627,-0.10019901049790782,0.8329272
2023-09-20,-0.11370770504641621,-0.27745901235129633,0.3538099563655631,-0.08321305460030308,0.012603103736010413,-0.4122460151287222,-0.02298200760759095,-0.08437561426028264,-1.7700851
2023-09-21,-0.11370770504641621,-0.27745901235129633,-0.02146791180865315,-0.041957766392142354,-0.01405332702538481,-0.6754400170389556,-0.10524571340434233,-0.08916111696317335,-1.3147831
2023-09-22,-0.11370770504641621,-0.27745901235129633,-0.47333310001842377,0.020636463992653252,0.04239558517521684,-0.4293774601264829,-0.1343112638968918,-0.09915294008226189,1.1327863
2023-09-25,-0.11370770504641621,-0.27745901235129633,-0.5728966160646444,0.026326848573089215,-0.03286963109225202,-0.3025569337902169,-0.13897479892525993,-0.10813531256813032,0.5851269
2023-09-26,-0.11370770504641621,-0.27745901235129633,-0.2895235319330933,-0.0341334875940429,-0.010917276347573609,-0.4443803767543328,-0.16430523898602728,-0.12069259222581877,-0.6216109
2023-09-27,-0.11370770504641621,-0.27745901235129633,0.07043687223401206,0.0028540121787908657,0.20860627109921057,-0.5384610192697845,-0.19838572334897672,-0.13796526588187272,-0.4080832
2023-09-28,-0.11370770504641621,-0.27745901235129633,2.498254917361085,0.014946079412217286,-0.18340006362718977,-0.05435181479334497,-0.1570553523188488,-0.14301919870562324,2.0890713
2023-09-29,-0.11370770504641621,-0.27745901235129633,0.4150798123940066,0.026326848573089215,-0.043845808464591234,-0.3583385445397539,-0.16683362738118113,-0.14913585206904778,-1.2337148
2023-10-02,-0.11370770504641621,-0.27745901235129633,-0.6954363281215313,-0.2695731496095809,-0.031301605753346416,0.11364889849522136,-0.10253031436259566,-0.14039350021268165,2.2017956
2023-10-03,-0.11370770504641621,-0.27745901235129633,0.1010718002482338,0.15933958814077984,0.05964386390317845,-0.3442621936807355,-0.11837275604341235,-0.1367590471714806,-1.9164324
2023-10-04,-0.11370770504641621,-0.27745901235129633,0.8056751445753337,0.03841891580651562,-0.13635930346002173,-0.02580153386487311,-0.0810527419971378,-0.12593768462869753,1.5418291
2023-10-05,-0.11370770504641621,-0.27745901235129633,0.1700003882802327,0.06544824256358647,0.10354857339253529,-0.0887612305613343,-0.062264465614494315,-0.1132964947086572,-0.25851727
2023-10-06,-0.11370770504641621,-0.27745901235129633,0.1470241922695664,-0.04124646831958785,-0.031301605753346416,0.5624015547830353,0.06757889514379863,-0.07564994106083124,3.4909248
2023-10-09,-0.11370770504641621,-0.27745901235129633,-0.7720236481570857,-0.04195776639214235,0.15215735889860893,0.7152966166223347,0.19810218138840507,-0.017854916571101845,0.9288907
2023-10-10,-0.11370770504641621,-0.27745901235129633,-0.565237884061089,0.05335617533016004,0.004762977041482404,0.8908512833375561,0.33372368134293856,0.05713997325860935,1.0931015
2023-10-11,-0.11370770504641621,-0.27745901235129633,-0.48865056402553464,0.049088386894833066,-0.10656682202081529,1.1676577457819857,0.49930728813403685,0.1522482932791209,1.8580675
2023-10-12,-0.11370770504641621,-0.27745901235129633,-0.05210283982287489,0.05264487725760555,-0.012485301686479208,0.82853299665805,0.5803881988299153,0.2455283543991272,-1.1164665
2023-10-13,-0.11370770504641621,-0.27745901235129633,-0.15932508787265096,-0.2695731496095809,0.04396361051412244,0.06631226877579366,0.5303993652371622,0.3095521490646356,-2.9213965
2023-10-16,-0.11370770504641621,-0.27745901235129633,-0.8103173081748629,0.2489631452826463,-0.006213200330856804,0.41708918852197757,0.5536020277882638,0.3656913660493162,2.0528078
2023-10-17,-0.11370770504641621,-0.27745901235129633,-0.2359124079082053,-0.16003324643618858,-0.3166822174341659,0.5614838837466732,0.5941563643185899,0.41920238572748053,0.88744164
2023-10-18,-0.11370770504641621,-0.27745901235129633,-0.3967457799828694,0.08678718474022133,0.28073543668886825,0.03940722153652346,0.5391114192519257,0.4503387864550126,-2.1697521
2023-10-19,-0.11370770504641621,-0.27745901235129633,0.1240479962589001,-0.027020506868497943,0.05023571186974484,-0.2408434104500309,0.4413788186338535,0.45452347042387137,-1.3124287
2023-10-20,-0.11370770504641621,-0.27745901235129633,0.46869093641889464,0.018502569774989763,-0.028165555075535222,-0.5065688952759179,0.31131556743408956,0.43029098758210277,-1.329881
2023-10-23,-0.11370770504641621,-0.27745901235129633,-0.7030950601250868,0.01138958904944481,0.0031949517025768033,-0.16766860960265884,0.26217352278405187,0.40048431074125823,1.7366052
2023-10-24,-0.11370770504641621,-0.27745901235129633,-0.2818647999295379,0.07113862714402243,0.07218806661442326,-0.26666243670697654,0.20193572495804715,0.363865397145598,-0.46495795
2023-10-25,-0.11370770504641621,-0.27745901235129633,0.23892897631223162,-6.548201236048111,-3.829058976582713,-1.0294495580814944,0.006471897201317239,0.2931216842923997,-4.165733
2023-10-26,-0.11370770504641621,3.604135946155105,1.1196831567211065,4.710224656344442,5.494419688549993,-1.5262964272430237,-0.2724616041758982,0.17737818391831858,-3.7325144
2023-10-27,-0.11370770504641621,3.604135946155105,0.08575433624112293,-1.1103274713689946,-2.1779282947151146,-0.9812820186983542,-0.3983516245645177,0.05808809738626527,2.9061913
2023-10-30,-0.11370770504641621,-0.27745901235129633,-0.8409522361890847,2.5073345256431696,0.3246401461782252,-0.6357493745162436,-0.4298640644210104,-0.0440262616608083,1.9984484
2023-10-31,-0.11370770504641621,-0.27745901235129633,0.7520640205504457,0.34072059664217613,0.15215735889860893,-0.7058721668264456,-0.4676325330086675,-0.13372664488886551,-0.4592657
2023-11-01,-0.11370770504641621,-0.27745901235129633,-0.13634889186198468,-0.051204641335350784,-0.1316552274433049,-0.12957334633578396,-0.37814027053064564,-0.1865098986827283,3.5118103
2023-11-02,-0.11370770504641621,-0.27745901235129633,-0.006150447801542284,-0.18208348668537797,-0.7525932616499231,-0.18531367324429385,-0.31718162987722665,-0.21581007311306297,-0.31425953
2023-11-03,-0.11370770504641621,-0.27745901235129633,-0.34313465595798137,0.13088766523860007,0.8938333442009584,0.01013745593297193,-0.22743905385313695,-0.22022008027006623,1.1998653
2023-11-06,-0.11370770504641621,-0.27745901235129633,-0.8179760401784183,0.08038550208723087,-0.03914173244787443,0.07342806620354889,-0.14401041365797534,-0.20605683911885536,0.38143396
2023-11-07,-0.11370770504641621,-0.27745901235129633,-0.20527747989398357,0.009966992904335819,-0.02346147905881842,0.23472044138573997,-0.04645007690342026,-0.1740383385576277,0.95630884
2023-11-08,-0.11370770504641621,-0.27745901235129633,0.40742108039045116,0.04837708882227857,0.0016269263636712037,0.28675104140972874,0.038399474678305734,-0.13043098350260401,0.30111074
2023-11-09,-0.11370770504641621,-0.27745901235129633,0.7980164125717784,-0.007104160836972072,-0.03130160575334642,0.3304788102136515,0.11023276693613417,-0.0803126744264288,0.24079084
2023-11-10,-0.11370770504641621,-0.27745901235129633,0.13170672826245552,-0.016351035780180514,0.05807583856427285,0.7643108794679537,0.25303732449890615,-0.009935972021508865,2.5643468
2023-11-13,-0.11370770504641621,-0.27745901235129633,-0.8332935041855292,-0.04053517024703336,-0.009349251008668005,0.7850311939468368,0.3639792567778461,0.06989089754999483,0.1277566
2023-11-14,-0.11370770504641621,-0.27745901235129633,-0.2895235319330933,0.10243574233642022,0.04866768653083924,1.1187245191715378,0.522427767245336,0.16735178676541018,2.1628857
2023-11-15,-0.11370770504641621,-0.27745901235129633,-0.12869015985842924,-0.10312940063182895,0.02985138246397203,0.7949911912082388,0.5983150801454091,0.26141258814655277,-1.0704398
2023-11-16,-0.11370770504641621,-0.27745901235129633,0.6295243084935588,0.0597578579831505,-0.0971586699873817,0.868698464462216,0.6645591281109161,0.3507084413831255,0.44482946
2023-11-17,-0.11370770504641621,-0.27745901235129633,-0.1440076238655401,-0.002836372401645099,0.003194951702576806,0.9124902679794142,0.7155604415195552,0.4329600770202018,0.25434494
2023-11-20,-0.11370770504641621,-0.27745901235129633,-0.6724601321108651,-0.5235065615115357,0.009467053058199209,1.1586906408246938,0.798938483139485,0.5164419028552423,1.4714599
2023-11-21,-0.11370770504641621,-0.27745901235129633,-0.20527747989398357,0.49862876874927414,0.039259534497405636,0.8559938267499436,0.8195729009707474,0.5876029422113396,-0.8794844
2023-11-22,-0.11370770504641621,-0.27745901235129633,-0.5728966160646444,-0.13371521775167225,-0.02346147905881842,1.088110516053009,0.8733515965642092,0.6559356774183844,1.3383508
2023-11-23,-0.11370770504641621,-0.27745901235129633,-0.7260712561357531,0.13159896331115453,0.15215735889860893,1.088110516053009,0.9028524111692902,0.716857585358725,0.0
2023-11-24,-0.11370770504641621,-0.27745901235129633,-0.917539556224639,-0.044091660609805836,-0.2586652798946586,0.7368603001227861,0.8771195856753242,0.7601384032283136,-0.95463395
2023-11-27,-0.11370770504641621,-0.27745901235129633,-0.20527747989398357,-0.36702098554954676,-0.5738383730146845,0.3789781192692593,0.8054337026565763,0.7795618909809322,-1.0436654
2023-11-28,-0.11370770504641621,-0.27745901235129633,-0.212936211897539,-0.7361846852053299,0.37168090634539314,0.6562316094481667,0.784622224848648,0.7906875564945496,1.2817383
2023-11-29,-0.11370770504641621,-0.27745901235129633,-0.48865056402553464,0.9773323715784495,0.26819123397762346,0.0225700287104611,0.681969772235699,0.7778203856630332,-2.0030022
2023-11-30,-0.11370770504641621,-0.27745901235129633,0.29254010033711964,0.1813898283899692,0.03298743314178323,-0.383197551486954,0.5355151765259852,0.7364705943517955,-1.5201747
2023-12-01,-0.11370770504641621,3.604135946155105,0.7673814845575566,-0.3826695431457457,-0.11440694871534329,-0.5590397922029339,0.3863463431063355,0.6717591459225234,-0.71220994
2023-12-04,-0.11370770504641621,3.604135946155105,-0.6111902760824216,0.0007201179611273491,0.05650781322536725,-0.9004689719581516,0.20956766052365994,0.5825036358636333,-1.4777482
2023-12-05,-0.11370770504641621,-0.27745901235129633,-0.05210283982287489,-0.5839668976786679,-0.8890114661347104,-1.0176749606043594,0.046958051049783886,0.4766174630530652,-0.5405843
2023-12-06,-0.11370770504641621,-0.27745901235129633,0.16234165627667727,0.919005929628981,1.0616120554638577,-1.0759965557102995,-0.09290290271801963,0.362250668033306,-0.2639115
2023-12-07,-0.11370770504641621,-0.27745901235129633,0.951191052642887,-0.5249291576566448,-0.788657844444752,-0.28582238634616297,-0.10351576765918004,0.2685067480912937,2.8791904
2023-12-08,-0.11370770504641621,-0.27745901235129633,0.4993258644331164,0.4751559323549758,0.40304141312350517,0.14344126423990683,-0.045540504152905274,0.20580540833331343,1.8861532
2023-12-11,-0.11370770504641621,-0.27745901235129633,-0.7643649161535303,0.11808429993261912,0.19919811906577703,-0.4234836565365595,-0.0844877496597615,0.14738547801237295,-2.2449315
2023-12-12,-0.11370770504641621,-0.27745901235129633,-0.46567436801486833,-0.19702074620902232,0.09884449737581849,0.14409416942675657,-0.018334110928018742,0.11467757438849026,2.748406
2023-12-13,-0.11370770504641621,-0.27745901235129633,-0.20527747989398357,0.06758213678124997,-0.48916500471378205,0.17457714937761667,0.03674603727218694,0.10019113141481324,0.15558004
2023-12-14,-0.11370770504641621,-0.27745901235129633,-0.03678537581576402,-0.00781545890952657,-0.1049987966819097,0.04953920833831326,0.05952309452923133,0.09343190764625998,-0.46901107
2023-12-15,-0.11370770504641621,-0.27745901235129633,-0.27420606792598246,0.0007201179611273738,-0.46564462463019807,0.16470357134811575,0.09326826997787056,0.09518027548725412,0.52526
2023-12-18,-0.11370770504641621,-0.27745901235129633,-0.8332935041855292,0.19490449176850463,0.9879148645352945,0.7270415632735943,0.22271282842329207,0.12402800446756797,2.8962135
2023-12-19,-0.11370770504641621,-0.27745901235129633,-0.34313465595798137,0.022770358210316734,0.026715331786160822,1.0022146606039535,0.3820808016538925,0.18090055553417456,1.6656041
2023-12-20,-0.11370770504641621,-0.27745901235129633,0.16234165627667727,-0.11806666015547336,-0.35274680022899474,0.9027867788376212,0.48802064037874915,0.24886339788232992,-0.30825138
2023-12-21,-0.11370770504641621,-0.27745901235129633,-0.35845211996509224,-0.010660651199744553,0.3277761968560363,1.1306034044334272,0.6157143937602471,0.3303114439792972,1.3771176
2023-12-22,-0.11370770504641621,-0.27745901235129633,-0.5269442240433118,-0.12020055437313683,0.09570844669800728,1.0610722715148846,0.698358747358844,0.41299481784574266,-0.19768476
2023-12-25,-0.11370770504641621,-0.27745901235129633,-1.0324205362779704,0.15649439585056188,-0.2429850265056026,1.0610722715148846,0.7524693264888016,0.49061579737540256,0.0
2023-12-26,-0.11370770504641621,-0.27745901235129633,-0.8792458962068618,0.018502569774989763,0.2352627018606058,1.1383027795122254,0.7994549007271703,0.5626759867499057,0.40746927
2023-12-27,-0.11370770504641621,-0.27745901235129633,-0.917539556224639,0.02205906013776224,-0.04070975778678003,1.2965297969597207,0.8574907004199663,0.6326307712913123,0.84547997
2023-12-28,-0.11370770504641621,-0.27745901235129633,-0.44269817200420203,0.10456963655408372,0.23683072719951143,1.322416647964318,0.8959001667664103,0.6967394200548316,0.13694763
2023-12-29,-0.11370770504641621,-0.27745901235129633,-0.6648014001073096,-0.050493343262796295,-0.31041011607854346,0.7896847608073885,0.8651201538924981,0.7414993621743773,-1.2167931
2024-01-01,-0.11370770504641621,-0.27745901235129633,-1.0094443402673041,-0.07610007387475812,0.04082755983631124,0.7896847608073874,0.8284650737458885,0.7695345166173099,0.0
2024-01-02,-0.11370770504641621,-0.27745901235129633,-0.8792458962068618,0.03415112737118866,0.18038181499890976,-0.04343687400727999,0.7032155816679135,0.7654031795312384,-2.166909
2024-01-03,-0.11370770504641621,-0.27745901235129633,-0.7490474521464194,-0.7297830025523394,-0.18340006362718977,-0.21606790974782478,0.5743613099022339,0.7347742468867161,-0.5255759
2024-01-04,-0.11370770504641621,-0.27745901235129633,-0.5958728120753107,0.6316415083169649,-0.06736618854817526,0.010996556922979172,0.49334488256960013,0.6930913695221385,0.7692933
2024-01-05,-0.11370770504641621,-0.27745901235129633,-0.7643649161535303,0.16005088621333435,-0.18810413964390654,0.38906646469978307,0.4747227897358522,0.6557962073720075,1.3914585
2024-01-08,-0.11370770504641621,-0.27745901235129633,-0.9405157522353053,-0.08890343918073905,0.22585454982717218,0.831332598407463,0.5258865786790989,0.6368094840335813,1.9065142
2024-01-09,-0.11370770504641621,-0.27745901235129633,-0.6648014001073096,-0.07112098736687664,0.05964386390317845,0.6965201332682052,0.5437616025467502,0.6254105478227894,-0.34294724
2024-01-10,-0.11370770504641621,-0.27745901235129633,-0.1210314278548738,-0.031999593376379414,0.015739154413821614,1.3828273674348146,0.6923958082332167,0.6478096451181152,3.6482692
2024-01-11,-0.11370770504641621,-0.27745901235129633,-0.31249972794375963,-0.546979397905834,-0.10186274600409848,1.2969691494420625,0.7894721702671454,0.6863142025733137,-0.2159357
2024-01-12,-0.11370770504641621,-0.27745901235129633,-0.5346029560468673,0.34854487544027557,0.1176608014426857,1.510205145854518,0.9068960292525418,0.742017864571286,1.3038635
2024-01-15,-0.11370770504641621,-0.27745901235129633,-0.9864681442566379,0.3037330968693424,-0.03914173244787443,1.510205145854518,0.985879015373366,0.8033293292442232,0.0
2024-01-16,-0.11370770504641621,-0.27745901235129633,-0.9328570202317499,-0.014928439635071521,0.1396131561873641,0.7423303234410746,0.9564782428228247,0.8461439953698247,-1.8772185
2024-01-17,-0.11370770504641621,-0.27745901235129633,-0.7720236481570857,-0.5163935807859908,-0.2696414572669978,0.7951128461610671,0.9298769473379219,0.8747548586053372,0.24764538
2024-01-18,-0.11370770504641621,-0.27745901235129633,-0.1669838198762064,-0.12660223702612727,0.17254168830438174,1.20572460486642,0.9811580111381344,0.9085178239952176,2.106583
2024-01-19,-0.11370770504641621,-0.27745901235129633,0.04746067622334576,0.5363275665946624,-0.04070975778678003,1.521132454400955,1.0880314542587426,0.9581909708938688,1.9461393
2024-01-22,-0.11370770504641621,-0.27745901235129633,-0.7720236481570857,0.14226843439947198,0.07062004127551767,1.3438634917431298,1.138305602085631,1.0085902442233405,-0.43552518
2024-01-23,-0.11370770504641621,-0.27745901235129633,-0.33547592395442594,-0.017062333852735007,-0.007781225669762405,1.4913029465104852,1.1996792179183102,1.0619240879917586,0.8958101
2024-01-24,-0.11370770504641621,-0.27745901235129633,-0.5269442240433118,-0.15078637149298013,-0.036005681770063226,1.7083279294374198,1.2919397309413159,1.124155230082899,1.4278293
2024-01-25,8.794478787447106,-0.27745901235129633,-0.42738070799709116,0.2582100202258547,0.23526270186060583,1.7994754817841385,1.3741122279162832,1.1913650223954209,0.6347537
2024-01-26,-0.11370770504641621,-0.27745901235129633,-0.22059494390109444,-0.0782339680924216,-0.21005649438858498,1.8351400017203299,1.4307175887325188,1.2571361612304954,0.24416447
2024-01-29,-0.11370770504641621,-0.27745901235129633,-0.7567061841499748,-0.048359449045132806,0.18194984033781536,2.0723202531452123,1.531796476076205,1.3311870971831472,1.7455697
2024-01-30,8.794478787447106,-0.27745901235129633,-0.34313465595798137,0.07825160786956738,0.08002819330895125,1.9530952663692955,1.5802874997628507,1.4007104859276909,-0.23939013
2024-01-31,-0.11370770504641621,-0.27745901235129633,-0.17464255187976183,-0.23329694790930167,-0.288457761333865,0.8683429494162648,1.4884181495474884,1.4368480768754566,-2.4796247
2024-02-01,-0.11370770504641621,-0.27745901235129633,2.850556589524635,0.13444415560137252,-0.03757370710896883,1.0941566530509446,1.4478614717722542,1.4571580070765495,1.1893153
2024-02-02,8.794478787447106,-0.27745901235129633,1.640476932962876,2.931268176885649,2.963626791556352,2.6781606599856254,2.2796290351099757,1.6497842941267598,20.317638
2024-02-05,8.794478787447106,-0.27745901235129633,-0.2512298719153162,-2.510873376228796,-2.5934550095250994,1.8848386704881122,2.7311790072708777,1.8996375979982905,-3.2800674
2024-02-06,8.794478787447106,-0.27745901235129633,0.1470241922695664,-0.18208348668537794,0.059643863903178475,1.6638596273170156,2.9995381222940942,2.156426446739201,-1.0208726
2024-02-07,-0.11370770504641621,-0.27745901235129633,1.073730764699774,-0.20057723657179483,-0.45623647259676436,1.8858454293947138,3.3365741904061523,2.4333268469795586,3.2701373
2024-02-08,-0.11370770504641621,-0.27745901235129633,0.11638926425534467,0.05406747340271454,0.1019805480536297,1.8917242465629234,3.564441241719064,2.7031669318286595,0.08730888
2024-02-09,-0.11370770504641621,-0.27745901235129633,-0.029126643812208586,-0.11379887172014638,-0.1300872021043993,1.793926550434069,3.6788685096020015,2.9433035812811363,-0.4021287
2024-02-12,-0.11370770504641621,-0.27745901235129633,-0.6954363281215313,0.04268670424184261,0.08630029466457369,1.8074021160237066,3.7326082717064986,3.1468085486238784,0.16876459
2024-02-13,-0.11370770504641621,-0.27745901235129633,-0.29718226393664876,0.03770761773396114,-0.06736618854817526,1.3298950415878181,3.632869734311787,3.2884627220931453,-1.872468
2024-02-14,-0.11370770504641621,-0.27745901235129633,-0.44269817200420203,-0.05333853555301427,0.07375609195332887,1.5948396507149425,3.655473722003925,3.4065792916550923,2.8601289
2024-02-15,-0.11370770504641621,-0.27745901235129633,0.2848813683335642,-0.013505843489962532,-0.17242388625485056,1.7845300284832775,3.747150224589304,3.5205127735416686,2.271378
2024-02-16,-0.11370770504641621,-0.27745901235129633,0.016825748209124018,-0.21195800573266674,-1.1367594696817953,1.245006571898056,3.6557275431859755,3.592273156215368,-2.2126734
2024-02-19,-0.11370770504641621,-0.27745901235129633,-0.6648014001073096,0.23758237612177432,1.2795675775717363,1.245006571898056,3.5397586071910365,3.6250899662934,0.0
2024-02-20,-0.11370770504641621,-0.27745901235129633,-0.5422616880504226,-0.002125074329090603,0.01887520509163282,1.16232497907326,3.3886021460625124,3.6192903176663114,-0.33169985
2024-02-21,-0.11370770504641621,-0.27745901235129633,-0.31249972794375963,-0.007104160836972074,-0.056390011175836044,0.9876579972032232,3.1934034301439143,3.5732582344006194,-0.6825626
2024-02-22,-0.11370770504641621,-0.27745901235129633,-0.19761874789042813,0.013523483267108297,0.11138870008706331,1.4240532873032663,3.200801455771347,3.5380013371875165,3.8672805
2024-02-23,-0.11370770504641621,-0.27745901235129633,-0.42738070799709116,0.1991722802038316,0.28073543668886825,1.3097582041127298,3.144305466201845,3.497815706871919,-0.43198466
2024-02-26,-0.11370770504641621,-0.27745901235129633,-0.5116267600362009,-0.17568180403238748,-0.37156310429586187,1.181013157130786,3.036300183770183,3.4427644187429602,-0.47311187
2024-02-27,-0.11370770504641621,-0.27745901235129633,-0.1210314278548738,-0.06685319893154969,-0.007781225669762405,1.3162846711165537,2.9728974141097444,3.3852786761108082,1.1022568
2024-02-28,-0.11370770504641621,-0.27745901235129633,0.2619051723228979,0.055490069547823526,-0.025029504397724018,1.1346527600973582,2.8532820104854166,3.3139253435790805,-0.62211156
2024-02-29,-0.11370770504641621,-0.27745901235129633,0.13936546026601096,-0.17070271752450603,0.1160927761037801,1.3014340939558025,2.791682582039226,3.2437803683327533,1.2623429
2024-03-01,-0.11370770504641621,-0.27745901235129633,0.8516275365966663,0.11666170378751012,-0.10499879668190967,1.5965387041289656,2.8430004487919622,3.198546467093113,2.4830103
2024-03-04,-0.11370770504641621,-0.27745901235129633,-0.46567436801486833,0.02561555050053472,0.017307179752727213,1.3416105440341222,2.802848428676043,3.153845012189068,-0.8182347
2024-03-05,-0.11370770504641621,-0.27745901235129633,-0.3278171919508705,-0.012794545417408034,0.00946705305819921,0.8721969215798852,2.6489640595501114,3.0854522920242204,-1.5997887
2024-03-06,-0.11370770504641621,-0.27745901235129633,7.392184667633007,-0.22333877489353868,-1.4911331962744612,1.0452020064463783,2.5601994754757236,3.0119153690861595,1.1974216
2024-03-07,-0.11370770504641621,-0.27745901235129633,0.5452782564544489,0.041975406169288104,-1.0489500507030813,1.4537475357676664,2.6361686112261555,2.969195271479742,3.2453775
2024-03-08,-0.11370770504641621,-0.27745901235129633,-0.266547335922427,0.007833098686672334,2.6296373943694586,1.1017680609104916,2.5942218774558077,2.926124286069362,-1.2182951
2024-03-11,-0.11370770504641621,-0.27745901235129633,-0.8026585761713074,0.18992540526062318,-0.06579816320926965,0.05997871775731219,2.282775767952057,2.8256245897041437,-4.41941
2024-03-12,-0.11370770504641621,-0.27745901235129633,0.039801944219790324,-0.4509541581109772,-0.15987968354360574,0.5273844974433219,2.1881021206714153,2.7251490545236265,3.3416748
2024-03-13,-0.11370770504641621,-0.27745901235129633,-0.4120632439899803,0.3215155486832048,0.12863697881502492,0.35610578037404217,2.0402605824293865,2.613418467182452,-0.8364141
2024-03-14,-0.11370770504641621,-0.27745901235129633,-0.2359124079082053,-0.06827579507665868,0.01417112907491601,0.20170373354607704,1.8572962319512918,2.485235960012106,-0.7546902
2024-03-15,-0.11370770504641621,-0.27745901235129633,-0.25888860391887164,0.17498814573697877,0.006331002380388006,-0.10922712770724805,1.6049412701576293,2.329177468404827,-1.5716791
2024-03-18,-0.11370770504641621,-0.27745901235129633,-0.7107537921286422,-0.8535488671768217,-0.17555993693266175,0.30038532470172064,1.5281533551707553,2.1880476102385176,2.6606083
2024-03-19,-0.11370770504641621,-0.27745901235129633,-0.03678537581576402,0.8201354975439061,0.2242865244882666,0.26906827101639824,1.4397440695877728,2.0563963188119883,-0.14890432
2024-03-20,-0.11370770504641621,-0.27745901235129633,0.009167016205568585,0.02419295435542573,-0.02502950439772402,0.5512598662240127,1.4536255949867976,1.9540188970287644,1.87006
2024-03-21,-0.11370770504641621,-0.27745901235129633,0.06277814023045662,0.02561555050053472,-0.020325428381007215,0.6173226938105753,1.4699328061212418,1.875574943543634,0.44311285
2024-03-22,-0.11370770504641621,-0.27745901235129633,0.17765912028378814,-0.13300391967911776,-0.2712094826059034,0.6729434209377105,1.4833273750880267,1.815660131812979,0.35842657
2024-03-25,-0.11370770504641621,-0.27745901235129633,-0.48865056402553464,-1.500118815128858,0.13804513084845854,0.3398648197579278,1.401966524254001,1.7504755153349814,-1.2873352
2024-03-26,-0.11370770504641621,-0.27745901235129633,0.17765912028378814,0.4644864612666584,0.1051165987314409,0.00041594193991294925,1.2410149317585932,1.6641976439381039,-1.4174342
2024-03-27,-0.11370770504641621,-0.27745901235129633,0.05511940822690119,1.1466213128464195,-0.007781225669762405,-0.09437963199444498,1.075725446029206,1.5601253077532058,-0.40937066
2024-03-28,-0.11370770504641621,3.604135946155105,-0.4580156360113129,-0.7447202620759839,0.02044323043053842,-0.4677208654166668,0.8400661735271088,1.4268953146175716,-1.6765893
2024-03-29,-0.11370770504641621,-0.27745901235129633,-0.2895235319330933,-0.9673565587855409,0.05337176254755605,-0.46772086541666624,0.6431786703711319,1.2785608442875274,0.0
2024-04-01,-0.11370770504641621,-0.27745901235129633,-0.7260712561357531,1.7206388573978972,-0.043845808464591234,-0.19751812550902811,0.5424788841694058,1.1385396324617751,1.1882782
2024-04-02,-0.11370770504641621,-0.27745901235129633,-0.4350394400006466,0.05406747340271454,-0.08304644193723128,0.06773719536805517,0.5210414089080445,1.0219767940240794,1.2251973
2024-04-03,-0.11370770504641621,-0.27745901235129633,-0.5346029560468673,-0.1742592078872785,-0.296297888028393,0.440863744515376,0.5988549643064355,0.9452270777081707,1.8839121
2024-04-04,-0.11370770504641621,-0.27745901235129633,0.6448417725006697,0.022770358210316748,0.1302050041539305,0.5946263128830229,0.6963649695608665,0.9045045393781974,0.8248806
2024-04-05,-0.11370770504641621,-0.27745901235129633,-0.565237884061089,0.5576665087712973,0.3199360701615083,1.113727454805391,0.9430410483811571,0.9242347735835192,3.213811
2024-04-08,-0.11370770504641621,-0.27745901235129633,-0.8103173081748629,-0.3648870913318833,-0.03286963109225203,0.6637786682030804,1.0337530430456592,0.9592546609249526,-1.5341222
2024-04-09,-0.11370770504641621,-0.27745901235129633,-0.6111902760824216,-0.1273135350986818,0.10982067474815768,0.5373988475844631,1.0644722550239925,0.9937846547109925,-0.4525721
2024-04-10,-0.11370770504641621,-0.27745901235129633,-0.1669838198762064,0.01636867555732628,-0.11440694871534328,0.6397943885904651,1.1060077555275938,1.0302163540466704,0.5668402
2024-04-11,-0.11370770504641621,-0.27745901235129633,0.0015082842020131505,0.02348165628287123,-0.03130160575334642,0.7566263222089655,1.1599505096009404,1.070800406238652,0.64058304
2024-04-12,-0.11370770504641621,-0.27745901235129633,-0.059761571826430326,-0.7959337232999075,-0.056390011175836044,0.12478115051372703,1.0622643595219765,1.082553061329315,-2.1523
2024-04-15,-0.11370770504641621,-0.27745901235129633,-0.6724601321108651,0.7803028054808543,0.04709966119193364,-0.42300849492868836,0.8423773623244244,1.045327610706595,-2.2797406
2024-04-16,-0.11370770504641621,3.604135946155105,0.04746067622334576,-0.26174887081148146,0.04239558517521684,-0.4438629156671233,0.6526429356283657,0.9753136017172221,-0.0939548
2024-04-17,-0.11370770504641621,3.604135946155105,-0.1669838198762064,-0.3563515144612293,-0.18496808896609535,-0.6933892398207572,0.43228779297770087,0.8725755484439817,-1.1185348
2024-04-18,-0.11370770504641621,-0.27745901235129633,-0.18230128388331726,0.5263693935788994,0.07532411729223445,-0.32534337389071233,0.3360959142404081,0.7699873830493126,1.5439987
2024-04-19,-0.11370770504641621,-0.27745901235129633,1.694088056987764,0.14867011705246244,0.0925723960201961,-1.1417779658770382,0.025842361370755733,0.6221268272430127,-4.1311264
2024-04-22,-0.11370770504641621,-0.27745901235129633,-0.5039680280326455,-0.04764815097257831,-0.08147841659832568,-1.109258426372455,-0.21293789301764687,0.4532044465801766,0.13719797
2024-04-23,-0.11370770504641621,-0.27745901235129633,0.3767861523762294,0.061180454128259495,0.13334105483174172,-0.45354748072385576,-0.2419586271793968,0.3119126245055142,2.982998
2024-04-24,-0.11370770504641621,-0.27745901235129633,0.36146868836911855,0.040552810024179126,-0.023461479058818416,-0.557456182785334,-0.2932631827770053,0.18799991055131168,-0.5240917
2024-04-25,-0.11370770504641621,3.604135946155105,1.4873022928917674,-2.434764482465465,-0.776113641733507,-1.9671995747296434,-0.9069945823805555,-0.0412735025615743,-10.561294
2024-04-26,-0.11370770504641621,3.604135946155105,0.9128973926251098,-1.0925450195551323,-0.4091957124295963,-1.8878773856114848,-1.3591406022181451,-0.32057090064856913,0.43272972
2024-04-29,-0.11370770504641621,3.604135946155105,-0.7184125241321977,2.8274186582926926,1.0459318020748016,-2.0905012870824087,-1.8181280125362345,-0.6413382202721531,-2.4070024
2024-04-30,-0.11370770504641621,-0.27745901235129633,-0.3737695839722031,-1.5406628052644644,-0.02659752973662961,-2.135896839452533,-2.1866854807660245,-0.9761055870853571,-0.5663097
2024-05-01,-0.11370770504641621,-0.27745901235129633,-0.42738070799709116,-0.1322926216065633,-0.07363828990379769,-1.7295486877331405,-2.3538315257823275,-1.2793632075336174,2.0968437
2024-05-02,-0.11370770504641621,-0.27745901235129633,-0.44269817200420203,1.6203458291677135,0.20076614440468257,-1.6193052072353475,-2.433210334101822,-1.5388017740305664,0.56694746
2024-05-03,-0.11370770504641621,-0.27745901235129633,-0.5116267600362009,0.6572482389289266,0.07218806661442326,-1.1782762568783407,-2.3571011314561887,-1.7302134849569395,2.327478
2024-05-06,-0.11370770504641621,-0.27745901235129633,-0.7413887201428639,-0.10170680448671994,-0.04070975778678003,-0.657466892863365,-2.1221399693650493,-1.8335187655276732,3.0356646
2024-05-07,-0.11370770504641621,-0.27745901235129633,-0.6954363281215313,-0.2603262746663725,-0.012485301686479211,-0.5657616955870814,-1.8883471642814533,-1.866586654770343,0.54973364
2024-05-08,-0.11370770504641621,-0.27745901235129633,-0.266547335922427,0.36774992339924695,0.012603103736010415,-0.40706946658131066,-1.63830362547998,-1.8400186231832072,0.9311557
2024-05-09,-0.11370770504641621,-0.27745901235129633,-0.3967457799828694,-0.6230882916691651,0.0016269263636712003,-0.3032237447646413,-1.3953437472079135,-1.767243962444996,0.5967021
2024-05-10,-0.11370770504641621,-0.27745901235129633,-0.2895235319330933,0.7098842962979593,-0.03443765643115762,-0.2732795312799281,-1.1831763810936555,-1.6640336257808663,0.16406775
2024-05-13,-0.11370770504641621,-0.27745901235129633,-0.8715871642033064,0.002854012178790872,0.01887520509163282,-0.5995944941783835,-1.0963738513902512,-1.5630586680638647,-1.7198682
2024-05-14,-0.11370770504641621,-0.27745901235129633,-0.33547592395442594,-0.20840151536989426,-0.02346147905881842,-0.43658172224762737,-0.9762478148104357,-1.4568056824991371,0.8204937
2024-05-15,-0.11370770504641621,-0.27745901235129633,0.039801944219790324,-0.4594897349816312,-0.07520631524270327,-0.04934483506771123,-0.7669348489857117,-1.3274179685253171,2.0536184
2024-05-16,-0.11370770504641621,-0.27745901235129633,-0.15932508787265096,-0.423213533281352,-0.791793895122563,-0.40005662821059823,-0.6884339431176966,-1.2072614885664963,-1.7257154
2024-05-17,-0.11370770504641621,-0.27745901235129633,-0.35845211996509224,-1.271792133838865,-1.6165752233869095,-0.454620685965766,-0.6363078426879013,-1.100082837717181,-0.27893782
2024-05-20,-0.11370770504641621,-0.27745901235129633,-0.7796823801606412,2.325953517141773,2.011835410840652,-0.5851574795491323,-0.6247193699704775,-1.0118825531002418,-0.65054893
2024-05-21,-0.11370770504641621,-0.27745901235129633,-0.4963092960290901,-0.04124646831958785,0.3497285516007147,-0.7633238318431346,-0.6575819174077546,-0.9482909088374389,-0.89796185
2024-05-22,-0.11370770504641621,-0.27745901235129633,-0.20527747989398357,-0.0049702666193085845,0.12079685212049691,-0.6039593847571209,-0.643813286494642,-0.8944979216206108,0.67795515
2024-05-23,-0.11370770504641621,-0.27745901235129633,-0.08273776783709663,0.014946079412217286,0.05964386390317845,-0.69600928412769,-0.6504032145605522,-0.8528609421853935,-0.42755008
2024-05-24,-0.11370770504641621,-0.27745901235129633,-0.34313465595798137,-0.022041420360616477,-0.06893421388708085,-0.08915861182862236,-0.5137856100960899,-0.7905812620055856,2.6707888
2024-05-27,-0.11370770504641621,-0.27745901235129633,-0.84861096819264,0.0007201179611273768,0.00946705305819921,-0.08915861182862236,-0.40357468504608784,-0.7173870220821059,0.0
2024-05-28,-0.11370770504641621,-0.27745901235129633,-0.5805553480681999,0.02419295435542573,0.014171129074916014,-0.007792521488378727,-0.296579983961712,-0.6361431425092599,0.3554821
2024-05-29,-0.11370770504641621,-0.27745901235129633,-0.35845211996509224,-0.03271089144893391,0.004762977041482406,-0.3200537552928421,-0.2733076008929069,-0.5662130731926803,-1.1585295
2024-05-30,-0.11370770504641621,-0.27745901235129633,-0.10571396384776292,0.01921386784754426,-0.014053327025384811,-0.6949536474181794,-0.3351730877284236,-0.5233877452915032,-1.5410244
2024-05-31,-0.11370770504641621,-0.27745901235129633,-0.4197219759935357,-0.18919646741092289,0.015739154413821614,-0.7059903719686076,-0.38492812131162607,-0.4996781593381195,-0.04710555
2024-06-03,-0.11370770504641621,-0.27745901235129633,-0.8715871642033064,0.12377468451305508,-0.01405332702538481,-0.12096343425391035,-0.304764571575396,-0.46371161410340206,2.2834897
2024-06-04,-0.11370770504641621,-0.27745901235129633,-0.5499204200539781,0.09461146353832077,0.03141940780287763,-0.14985007062244285,-0.2466744562975089,-0.4226202271213728,-0.10471344
2024-06-05,-0.11370770504641621,-0.27745901235129633,-0.5192854920397564,-0.5562262728490426,-0.036005681770063226,0.6474343061848338,-0.0019575723930340488,-0.33785430473248323,3.78834
2024-06-06,-0.11370770504641621,-0.27745901235129633,-0.5882140800717552,-0.9332142513029252,-0.03914173244787443,0.5671993675249412,0.1727920543904715,-0.23298548174284098,-0.26259422
2024-06-07,-0.11370770504641621,-0.27745901235129633,-0.10571396384776292,1.3550316481048867,0.04553163585302804,0.5153800349700135,0.29624044644542996,-0.12291289036867553,-0.1620233
2024-06-10,-0.11370770504641621,-0.27745901235129633,-0.8409522361890847,-0.034844785666597405,0.08473226932566806,0.8951360383931839,0.49310492864637,0.006890776902463465,1.955533
2024-06-11,-0.11370770504641621,-0.27745901235129633,-0.46567436801486833,-0.5875233880414404,-2.127751483870136,1.0667649827320405,0.6926953757604903,0.15305735240752336,0.96895695
2024-06-12,-0.11370770504641621,-0.27745901235129633,-0.8026585761713074,0.6351979986797374,1.734294925854361,1.1147903399165968,0.8535877512593414,0.30410823391732955,0.26996136
2024-06-13,-0.11370770504641621,-0.27745901235129633,-0.5422616880504226,0.054067473402714526,-0.3574508762457115,0.7647670481486935,0.9150148918129225,0.4379747142777838,-0.9315312
2024-06-14,-0.11370770504641621,-0.27745901235129633,-0.2895235319330933,0.017079973629880774,0.7009662275155695,0.7883434717506245,0.9562089525364648,0.5538031997338738,0.111079216
2024-06-17,-0.11370770504641621,-0.27745901235129633,-0.84861096819264,-0.2567697843036,-0.06423013787036405,0.8954633368065608,1.0021444447620478,0.6562067213945268,0.48992634
2024-06-18,-0.11370770504641621,-0.27745901235129633,-0.6801188641144205,0.27883766432993506,0.04239558517521684,0.35035601881945444,0.945294053478416,0.7260742744290435,-1.4093161
2024-06-19,-0.11370770504641621,-0.27745901235129633,-0.5882140800717552,-0.4509541581109772,0.017307179752727216,0.3503560188194539,0.887299800508395,0.7696704938988698,0.0
2024-06-20,-0.11370770504641621,-0.27745901235129633,-0.7337299881393086,0.14084583825436298,0.1145247507648745,0.46953680316818064,0.8534423052499528,0.7973679049289527,0.4424572
2024-06-21,-0.11370770504641621,-0.27745901235129633,-0.4580156360113129,0.09603405968342976,-0.280617634639337,-0.05563747597299286,0.7381964364824717,0.7950876658633237,-1.3793111
2024-06-24,-0.11370770504641621,-0.27745901235129633,-0.02146791180865315,0.2269129050334569,0.1176608014426857,0.18657816113789158,0.6823556478955328,0.7814222990339856,0.83471537
2024-06-25,-0.11370770504641621,-0.27745901235129633,-0.03678537581576402,0.006410502541563342,-0.07207026456489206,0.7663648611711835,0.7570635498082947,0.7863319985994762,2.3431063
2024-06-26,-0.11370770504641621,-0.27745901235129633,-0.3967457799828694,-0.012794545417408034,0.07532411729223447,0.8751193611024116,0.8320775154255692,0.8061666528367448,0.49353838
2024-06-27,-0.11370770504641621,-0.27745901235129633,-0.47333310001842377,-0.16145584258129755,0.039259534497405636,1.1374717080198078,0.9497047773622843,0.8469775243528878,1.2550712
2024-06-28,-0.11370770504641621,-0.27745901235129633,-0.029126643812208586,0.04695449267716957,-0.5503179929311006,0.06962107993774916,0.8591928329223713,0.8604329427272505,-2.9524982
2024-07-01,-0.11370770504641621,-0.27745901235129633,-0.4350394400006466,-1.1209969424573119,-0.13479127812111605,0.09202414512413255,0.780879437170873,0.854590730625062,0.09123087
2024-07-02,-0.11370770504641621,-0.27745901235129633,0.024484480212679453,0.43745713450958756,-6.797330943131016,0.3272434587289094,0.7610970291988076,0.845722053026402,0.95505714
2024-07-03,-0.11370770504641621,-0.27745901235129633,0.1470241922695664,0.7923948727142808,7.44190715947075,0.3497262531156712,0.7393166346539919,0.834008525098953,0.090277195
2024-07-04,-0.11370770504641621,-0.27745901235129633,-0.1440076238655401,0.002854012178790864,-0.0062132003308568,0.3497262531156712,0.7111461958676508,0.818664092423282,0.0
2024-07-05,-0.11370770504641621,-0.27745901235129633,-0.5728966160646444,-0.0035476704741995943,-0.06893421388708085,1.4795584021122632,1.0085713984931224,0.8694582867786316,5.8730006
2024-07-08,-0.11370770504641621,-0.27745901235129633,-0.9022220922175281,-0.048359449045132806,0.20390219508249377,0.8087903275485572,1.1106393676343653,0.9317374043579025,-1.9614339
2024-07-09,-0.11370770504641621,-0.27745901235129633,-0.45035690400775746,-0.32647699541394054,0.10198054805362969,0.8314962146391094,1.1827675249860188,0.9968556503166487,0.12845993
2024-07-10,-0.11370770504641621,-0.27745901235129633,0.1010718002482338,0.36490473110902905,-0.14576745549345532,0.9898610417633845,1.2748388599127631,1.0684741984827875,0.8849025
2024-07-11,-0.11370770504641621,-0.27745901235129633,-0.6571426681037542,0.09461146353832077,5.890102476560169e-05,-0.1896311720780718,1.0872654475042536,1.0859936368811325,-4.112661
2024-07-12,-0.11370770504641621,-0.27745901235129633,-0.4963092960290901,-0.19559815006391337,-0.04698185914240243,-0.7382845262903921,0.7727205902081302,1.033309182526724,-2.6974857
2024-07-15,-0.11370770504641621,-0.27745901235129633,-0.8715871642033064,0.12021819415028263,0.020443230430538417,-0.8367891072622495,0.4849108358292142,0.930130857827845,-0.5432248
2024-07-16,-0.11370770504641621,-0.27745901235129633,-0.7413887201428639,-0.02488661265083446,-0.08304644193723128,-1.0646665698429914,0.18096510013173894,0.783135762612523,-1.2838602
2024-07-17,-0.11370770504641621,-0.27745901235129633,-0.42738070799709116,0.017079973629880774,-0.02816555507553523,-1.8435299440352937,-0.36848435078017316,0.5490275886801487,-5.675906
2024-07-18,-0.11370770504641621,-0.27745901235129633,-0.4963092960290901,-0.08179045845519409,-0.16928783557703933,-1.2384184311583049,-0.6446011910384778,0.3031897993109639,3.0000687
2024-07-19,-0.11370770504641621,-0.27745901235129633,0.10873053225178923,0.12092949222283712,0.26975925931652905,-1.199291163626627,-0.8459005264531135,0.06383355219042859,0.19754171
2024-07-22,-0.11370770504641621,-0.27745901235129633,-0.8179760401784183,-0.5206613692213178,-0.11440694871534329,-0.7683158920714811,-0.8796505596493412,-0.1348082224590746,2.2252917
2024-07-23,-0.11370770504641621,-0.27745901235129633,-0.46567436801486833,0.3115573756674419,0.03612348381959443,-0.7173539238403661,-0.884522868926206,-0.29475482725847185,0.26466846
2024-07-24,-0.11370770504641621,-0.27745901235129633,0.4380560084046729,0.05904655991059602,0.012603103736010412,-1.4961358089695898,-1.1833228156521585,-0.48607336943735463,-5.610919
2024-07-25,-0.11370770504641621,3.604135946155105,0.27722263633000876,-0.3848034373634092,-0.8529468833398816,-1.6760547525284393,-1.4932985375874916,-0.7048593119429707,-1.7039895
2024-07-26,-0.11370770504641621,3.604135946155105,0.1240479962589001,-0.07823396809242159,-0.5754063983535901,-1.1810014829419833,-1.5862891224504583,-0.899606946540287,2.710569
2024-07-29,-0.11370770504641621,-0.27745901235129633,-0.8332935041855292,0.6124364603579934,1.4206898580732406,-1.1806073660992122,-1.6436381785375447,-1.0675660616014022,0.0021457672
2024-07-30,-0.11370770504641621,-0.27745901235129633,0.2159527803015653,0.011389589049444808,0.03141940780287763,-1.2513901286695035,-1.7003095842521478,-1.2139506636173245,-0.54110885
2024-07-31,-0.11370770504641621,-0.27745901235129633,1.1350006207282175,-0.6252221858868287,-0.32138629345088265,-0.773191881161696,-1.5996508551145148,-1.3097134159190433,2.5130033
2024-08-01,8.794478787447106,-0.27745901235129633,1.0890482287068848,3.129720339128353,1.8989375864394489,-0.010050758217003056,-1.2525927592692838,-1.3127291010592956,4.8248887
2024-08-02,-0.11370770504641621,-0.27745901235129633,0.3308337603548968,-0.13442651582422654,-0.882739364779088,-0.3281967981959435,-1.0749534516637402,-1.2774728002183755,-1.9287109
2024-08-05,-0.11370770504641621,-0.27745901235129633,-0.5116267600362009,-2.5386140010584213,-0.8231544019006751,-0.703151038988065,-1.0630623833048571,-1.2467462294634764,-2.542305
2024-08-06,-0.11370770504641621,-0.27745901235129633,-0.059761571826430326,0.06758213678124995,-0.032869631092252015,-0.14575642529855656,-0.8418428643637543,-1.175254833674717,3.8593292
2024-08-07,-0.11370770504641621,-0.27745901235129633,-0.45035690400775746,0.2190886262353575,0.03455545848068884,-0.30522224177923774,-0.7186228644916177,-1.0919326151813333,-1.0463655
2024-08-08,-0.11370770504641621,-0.27745901235129633,-0.15932508787265096,-0.1081084871397104,0.19606206838796578,0.2480874323007474,-0.38818948768532024,-0.9552056359534182,4.2358637
2024-08-09,-0.11370770504641621,-0.27745901235129633,-0.5882140800717552,-0.025597910723388954,-0.08147841659832566,0.43951877655720223,-0.03779335823843969,-0.7715216976936279,1.5972376
2024-08-12,-0.11370770504641621,-0.27745901235129633,-0.9328570202317499,-0.10455199677693794,-0.07050223922598647,0.3753913955310357,0.21441202526734215,-0.5710937796559918,-0.35150647
2024-08-13,-0.11370770504641621,-0.27745901235129633,-0.46567436801486833,-0.34497074530035743,0.1051165987314409,0.6734358363485478,0.5457245576698024,-0.34049581370170845,2.4401546
2024-08-14,-0.11370770504641621,-0.27745901235129633,-0.5192854920397564,0.39264535593865435,0.05493978788646165,0.6048746720888322,0.7767709172871354,-0.10702349619199877,-0.3367722
2024-08-15,-0.11370770504641621,-0.27745901235129633,-0.10571396384776292,-0.14865247727531666,-0.07207026456489206,0.8511410579171094,1.0628197694835064,0.14041171542338615,2.0066023
2024-08-16,-0.11370770504641621,-0.27745901235129633,-0.20527747989398357,0.06260305027336847,0.007899027719293608,0.4596459113866963,1.1628547609344846,0.35957254892716023,-1.8443108
2024-08-19,-0.11370770504641621,-0.27745901235129633,-0.8332935041855292,0.13302155945626354,-0.1112708980375321,0.5076756305657797,1.245808140936068,0.5524916825224124,0.35266876
2024-08-20,-0.11370770504641621,-0.27745901235129633,-0.7030950601250868,-0.10526329484949244,0.0957084466980073,0.40215060775643746,1.2658019377768346,0.7110667228413194,-0.48179626
2024-08-21,-0.11370770504641621,-0.27745901235129633,-0.4809918320219792,0.0768290117244584,-0.0046451749919512045,0.6361575947245408,1.3573248740226629,0.8573344172161701,1.6004443
2024-08-22,-0.11370770504641621,-0.27745901235129633,-0.6111902760824216,-0.029154401086161432,-0.04070975778678002,0.492339513616072,1.375262868333979,0.9781523682123457,-0.60355663
2024-08-23,-0.11370770504641621,-0.27745901235129633,-0.7107537921286422,0.0056992044690088485,0.14431723220408094,0.31558751265098417,1.3276240034860634,1.0647047913894938,-0.73881745
2024-08-26,-0.11370770504641621,-0.27745901235129633,-0.7337299881393086,0.03343982929863417,-0.07050223922598647,0.014107082072047685,1.1966189424563647,1.1061667868401246,-1.3030291
2024-08-27,-0.11370770504641621,-0.27745901235129633,0.46869093641889464,-0.028443103013606936,-0.06736618854817526,-0.07356236980336246,1.055385193785409,1.109387421917899,-0.38763285
2024-08-28,-0.11370770504641621,-0.27745901235129633,0.6448417725006697,-0.0028363724016451006,-0.1363593034600217,-0.17741705725291088,0.9044404169605789,1.0799557214641125,-0.44691563
2024-08-29,-0.11370770504641621,-0.27745901235129633,0.1010718002482338,-0.034133487594042895,0.15215735889860893,-0.11680141977062412,0.7890700899725677,1.0319458015418113,0.2786398
2024-08-30,-0.11370770504641621,-0.27745901235129633,-0.1210314278548738,0.058335261838041504,0.026715331786160822,0.016413592131577767,0.7210841660532664,0.9791212844228426,0.59627295
2024-09-02,-0.11370770504641621,-0.27745901235129633,-0.8256347721819738,0.016368675557326278,-0.16458375956032256,0.016413592131578357,0.6569205913593003,0.9232556280335229,0.0
2024-09-03,-0.11370770504641621,-0.27745901235129633,-0.8715871642033064,-0.015639737707626018,0.17410971364328737,-0.4804509881219898,0.49116724181893506,0.8434147004008496,-1.831919
2024-09-04,-0.11370770504641621,-0.27745901235129633,-0.38142831597575855,-0.026309208795943447,0.004762977041482406,-0.4296731642858137,0.36383264931614057,0.7525403470176278,0.1914978
2024-09-05,-0.11370770504641621,-0.27745901235129633,-0.08273776783709663,0.04268670424184261,-0.014053327025384808,-0.21417253776877673,0.3026765691193412,0.6668725681689958,0.8035302
2024-09-06,-0.11370770504641621,-0.27745901235129633,-0.35845211996509224,0.02348165628287123,-0.0030771496530456023,-0.9989115804081237,0.06568130998576897,0.5480829216748397,-3.2097638
2024-09-09,-0.11370770504641621,-0.27745901235129633,-0.8562697001961955,-0.024175314578279962,0.04553163585302804,-0.7571213031618509,-0.07358223888837709,0.42352002887470636,0.90351105
2024-09-10,-0.11370770504641621,-0.27745901235129633,-0.5882140800717552,0.0128121851945538,-0.018757403042101616,-0.7571213031618509,-0.18453407923139098,0.30034210595785066,0.0
2024-09-11,-0.11370770504641621,-0.27745901235129633,-0.4580156360113129,0.019213867847544256,-0.03130160575334642,-0.3772704843505089,-0.19440501680992323,0.19970661120711025,1.3946295
2024-09-12,-0.11370770504641621,-0.27745901235129633,-0.3661108519686477,-0.04195776639214235,-0.014053327025384806,0.2457160826359105,-0.05075077176285081,0.1496604488563856,2.690339
2024-09-13,-0.11370770504641621,-0.27745901235129633,-0.4580156360113129,0.039130213879070126,0.09884449737581849,0.19141756376046676,0.04888918379690821,0.1307524148619054,-0.18644929
2024-09-16,-0.11370770504641621,-0.27745901235129633,-0.8256347721819738,-0.05404983362556876,-0.061094087192552854,0.5596471052876227,0.22482801248088607,0.15293424591174526,1.7460346
2024-09-17,-0.11370770504641621,-0.27745901235129633,0.25424644031934246,-0.024886612650834458,-0.010917276347573607,0.6733537804015648,0.3909297953934944,0.2059019994202542,0.56911707
2024-09-18,-0.11370770504641621,-0.27745901235129633,0.27722263633000876,-0.02702050686849794,0.006331002380388006,0.7357051016010882,0.5319778116118716,0.27818577848968423,0.30486584
2024-09-19,-0.11370770504641621,-0.27745901235129633,-0.3737695839722031,-0.08676954496307554,0.07218806661442326,1.4005178796627145,0.8672016875355486,0.4070978432141411,3.931582
2024-09-20,-0.11370770504641621,-0.27745901235129633,-0.5192854920397564,0.26105521251607267,-0.15987968354360574,1.458553165166816,1.1421143110319978,0.5685233881120776,0.40242672
2024-09-23,-0.11370770504641621,-0.27745901235129633,-0.8715871642033064,-0.13015872738889978,0.2634871579609067,1.5386038159374655,1.3755825664530827,0.7471713376958946,0.5451083
2024-09-24,-0.11370770504641621,-0.27745901235129633,-0.565237884061089,0.10172444426386573,-0.272777507944809,1.45987605050964,1.5282218106032384,0.9224572218129898,-0.19134283
2024-09-25,-0.11370770504641621,-0.27745901235129633,0.07809560423756749,-0.08179045845519409,0.09100437068129047,1.5998949821076522,1.6826842230920047,1.0954400608548838,0.8840203
2024-09-26,-0.11370770504641621,-0.27745901235129633,2.360397741297087,0.02490425242798022,0.06905201593661206,1.5624243844592791,1.7766581624955569,1.2537537354127957,-0.082695484
2024-09-27,-0.11370770504641621,-0.27745901235129633,0.07809560423756749,-0.18706257319325942,-0.02502950439772402,1.5217236106262726,1.8220576048834427,1.3900317376778486,-0.08453727
2024-09-30,-0.11370770504641621,-0.27745901235129633,-0.7260712561357531,0.7966626611496077,-0.07991039125942008,1.681002342408505,1.8902565663844284,1.5135158958104284,0.895381
2024-10-01,-0.11370770504641621,-0.27745901235129633,-0.4197219759935357,-0.5747200227354594,0.1192288267815913,1.8002403271630887,1.963951170839598,1.6279303431452117,0.7040024
2024-10-02,-0.11370770504641621,-0.27745901235129633,-0.45035690400775746,-0.32078661083350457,-0.07991039125942007,1.4660324746557964,1.9562275608249848,1.7178240906492455,-0.63489676
2024-10-03,-0.11370770504641621,-0.27745901235129633,-0.389087047979314,0.1536492035603439,0.004762977041482404,1.775175174554805,2.035143211843675,1.8064733451541992,1.7387986
2024-10-04,-0.11370770504641621,-0.27745901235129633,-0.11337269585131836,0.4175407884780617,-0.1269511514265881,2.0952899695248983,2.2164728870749983,1.9158441491777967,2.2598982
2024-10-07,-0.11370770504641621,-0.27745901235129633,-0.6494839361001987,-0.3186527166158411,0.1207968521204969,1.2502042309875199,2.2074130576264315,2.0014196334390135,-1.8726647
2024-10-08,-0.11370770504641621,-0.27745901235129633,-0.389087047979314,-0.00781545890952657,-0.04384580846459124,1.479206020040116,2.2619990891429715,2.081455122124067,1.3868451
2024-10-09,-0.11370770504641621,-0.27745901235129633,-0.4963092960290901,0.1259085787307186,0.14745328288189213,1.3116512994350698,2.250036059873406,2.142946723503116,-0.40142536
2024-10-10,-0.11370770504641621,-0.27745901235129633,-0.22825367590464987,-0.06614190085899518,-0.010917276347573609,0.8576078453497455,2.1386050950571875,2.1685107964150943,-1.1312246
2024-10-11,-0.11370770504641621,-0.27745901235129633,-0.4197219759935357,-0.014217141562517027,0.07689214263114007,1.0652954690417011,2.0918041135804955,2.179037792339771,1.048255
2024-10-14,-0.11370770504641621,-0.27745901235129633,-0.8332935041855292,-0.11379887172014638,-0.13322325278221053,1.0811519842428519,2.0338047641213985,2.175160485398771,0.07966757
2024-10-15,-0.11370770504641621,-0.27745901235129633,-0.22825367590464987,0.12519728065816407,-0.4389881938688028,0.7851977164907891,1.9166976915188043,2.1472257991381873,-0.7028818
2024-10-16,-0.11370770504641621,-0.27745901235129633,-0.6648014001073096,-0.26174887081148146,0.22742257516607778,0.1747754911616789,1.6957803006485537,2.0780319779400678,-1.6170084
2024-10-17,-0.11370770504641621,-0.27745901235129633,-0.09039649984065207,0.28737324120058905,-0.18183203828828415,0.18133959729575092,1.5022368308012608,1.9816355555888983,0.024271011
2024-10-18,-0.11370770504641621,-0.27745901235129633,0.1700003882802327,-0.06898709314921317,0.34659250092290356,0.15114076414212807,1.3257219648580596,1.8670880093551017,-0.079739094
2024-10-21,-0.11370770504641621,-0.27745901235129633,-0.8256347721819738,-0.007104160836972072,0.022011255769444023,0.060897831275664296,1.1551777035711364,1.7392856453121173,-0.22724271
2024-10-22,-0.11370770504641621,-0.27745901235129633,-0.09805523184420749,-0.2688618515370264,0.006331002380388006,0.42452775927316233,1.0813285049475907,1.6213838511781047,1.1909842
2024-10-23,-0.11370770504641621,-0.27745901235129633,-0.03678537581576402,0.07540641557934939,0.05023571186974485,-0.6653173537709417,0.8062430270655085,1.468729868557959,-3.1477153
2024-10-24,-0.11370770504641621,-0.27745901235129633,-0.266547335922427,0.07398381943424041,-0.08461446727613688,-0.44230374195364963,0.6239988420789417,1.307961358015478,0.72557926
2024-10-25,-0.11370770504641621,-0.27745901235129633,-0.6265077400895325,-0.09743901605139302,0.01573915441382161,-0.15783842211623517,0.5318021152238421,1.1597960085177506,0.9634018
2024-10-28,-0.11370770504641621,-0.27745901235129633,-0.8409522361890847,0.2788376643299351,0.029851382463972027,0.08288170323878918,0.5050248632667558,1.0355855472550075,0.85651875
2024-10-29,-0.11370770504641621,-0.27745901235129633,-0.03678537581576402,-0.16501233294407003,-0.04070975778678003,0.7057752168189105,0.642509722528537,0.9653711783739579,2.6152015
2024-10-30,-0.11370770504641621,-0.27745901235129633,-0.212936211897539,0.014946079412217282,0.09884449737581849,0.6142624620851829,0.7238851593045755,0.9264555433472131,-0.24946928
2024-10-31,-0.11370770504641621,-0.27745901235129633,0.3997623483868957,1.616789338804941,0.9690985604684272,-0.5969679731515238,0.5093638014754706,0.8498332575609383,-4.0925922
2024-11-01,-0.11370770504641621,3.604135946155105,0.3767861523762294,-2.565643327815492,-0.8059061231727136,-0.6141828903378306,0.32817012843345333,0.7501128681086285,-0.07400513
2024-11-04,-0.11370770504641621,3.604135946155105,-0.794999844167752,0.7454491999256841,-0.30413801472292107,-0.8796565490823177,0.10825989894054182,0.6237040553865684,-1.1425316
2024-11-05,-0.11370770504641621,-0.27745901235129633,0.1700003882802327,-0.11308757364759192,-0.09245459397066488,-0.3354889823503167,0.0617507572117918,0.5127146281352047,2.0956755
2024-11-06,-0.11370770504641621,-0.27745901235129633,-0.24357113991176074,0.049799684967387604,-0.014053327025384806,-0.35249515586638985,0.017733657932351345,0.41458915294706394,-0.06638169
2024-11-07,-0.11370770504641621,-0.27745901235129633,-0.3507933879615368,0.04553189653206056,-0.026597529736629624,0.4077558396480049,0.19726725766462797,0.3741593110207968,3.4350157
2024-11-08,-0.11370770504641621,-0.27745901235129633,-0.3661108519686477,0.218377328162803,0.18038181499890976,0.2928463199611912,0.3069485296436191,0.36507361903235497,-0.39885044
2024-11-11,-0.11370770504641621,-0.27745901235129633,-0.8639284321997509,0.07967420401467636,0.020443230430538417,-0.00371630903563955,0.31859518849157786,0.36027476789015234,-1.0469437
2024-11-12,-0.11370770504641621,-0.27745901235129633,-0.6724601321108651,-0.1586106502910796,-0.009349251008668007,0.06202602844786016,0.3396224388539702,0.36089456676193454,0.28294325
2024-11-13,-0.11370770504641621,-0.27745901235129633,0.03214321221623489,0.14582492476224446,-0.017189377703196014,-0.17628930352498892,0.29634041037132186,0.352212346029731,-0.8241892
2024-11-14,-0.11370770504641621,-0.27745901235129633,-0.0750790358335412,-0.019196228070398495,-0.5079813087806493,-0.3150814245438562,0.2250234888396529,0.33014364208521363,-0.48965812
2024-11-15,-0.11370770504641621,3.604135946155105,-0.47333310001842377,-5.499036579030231,-3.294362336015903,-1.2343982506456799,-0.09086054845101565,0.24550469746854414,-3.9988816
2024-11-18,-0.11370770504641621,-0.27745901235129633,-0.9022220922175281,5.521815757129121,3.636309661946855,-1.2181317731264674,-0.33646013804792446,0.1257135490743929,0.0577569
2024-11-19,-0.11370770504641621,-0.27745901235129633,-0.3048409959402042,-3.2698284196444423,-0.1222470754098713,-0.8780613195775986,-0.45388214346015504,0.004981007379974365,1.206708
2024-11-20,-0.11370770504641621,-0.27745901235129633,-0.40440451198642485,2.8373768313084553,0.3058238421113579,-0.6625487544799821,-0.49448842710039853,-0.10021568757748747,0.78953505
2024-11-21,-0.11370770504641621,-0.27745901235129633,-0.6648014001073096,0.45523958632344996,0.07532411729223447,-0.7655363389726351,-0.5501709833947016,-0.19618066557625272,-0.42968988
2024-11-22,-0.11370770504641621,-0.27745901235129633,-0.45035690400775746,-0.16430103487151557,0.023579281108349615,-0.9331929097156904,-0.6338078725200706,-0.2906880545462496,-0.70148706
2024-11-25,-0.11370770504641621,-0.27745901235129633,-0.84861096819264,-0.01990752614295299,-0.004645174991951201,-0.6149408493882964,-0.6288954815245846,-0.3652522812161436,1.0677099
2024-11-26,-0.11370770504641621,-0.27745901235129633,-0.29718226393664876,0.17783333802719675,-0.2508251532001306,-0.2057915079765576,-0.5275087185352287,-0.4034043518850045,1.4917493
2024-11-27,-0.11370770504641621,-0.27745901235129633,-0.31249972794375963,0.05264487725760555,0.07218806661442327,-0.41826079445773684,-0.49264989791744607,-0.4265341103867424,-0.75669885
2024-11-28,-0.11370770504641621,-0.27745901235129633,-0.09805523184420749,-0.07112098736687665,0.04866768653083924,-0.4182607944577363,-0.46240537858411906,-0.43862449300975953,0.0
2024-11-29,-0.11370770504641621,-0.27745901235129633,0.7673814845575566,0.011389589049444808,-0.08147841659832566,-0.1541404694167437,-0.37960409833705505,-0.43073858544029675,0.8995056
2024-12-02,-0.11370770504641621,-0.27745901235129633,-0.7260712561357531,-0.20128853464434932,0.1145247507648745,0.6195094506047452,-0.1087675732681645,-0.3669983128912969,3.2229424
2024-12-03,-0.11370770504641621,-0.27745901235129633,-0.6571426681037542,0.16431867464866134,0.07062004127551767,1.2270112430026878,0.33180195880561497,-0.22258224975421817,3.5119653
2024-12-04,-0.11370770504641621,-0.27745901235129633,-0.0750790358335412,0.08536458859511233,-0.07363828990379767,1.230305406419994,0.6719507316377618,-0.03492002136015263,0.02118349
2024-12-05,-0.11370770504641621,-0.27745901235129633,-0.19761874789042813,-0.1130875736475919,0.06434793991989525,0.9457528997898071,0.8745742797890949,0.15817657952468367,-0.7901907
2024-12-06,-0.11370770504641621,-0.27745901235129633,-0.27420606792598246,0.008544396759226825,-0.1363593034600217,1.3415970152004917,1.184486345266156,0.3783714704876442,2.437067
2024-12-09,-0.11370770504641621,-0.27745901235129633,-0.8103173081748629,0.014946079412217282,0.09100437068129048,0.7903548814022175,1.2985251361863446,0.5787095873426403,-1.6352177
2024-12-10,-0.11370770504641621,-0.27745901235129633,-0.5269442240433118,-0.568318340082469,-0.2241687224387354,0.9512174533448865,1.4338637446590894,0.7676789632350621,0.93714
2024-12-11,-0.11370770504641621,-0.27745901235129633,-0.5116267600362009,0.34072059664217613,0.21801442313264421,1.286723909917414,1.668347438985202,0.9685773039138673,2.1571994
2024-12-12,-0.11370770504641621,-0.27745901235129633,2.2914691532650884,0.1372893478915905,-0.2900257866727706,1.1832574326560585,1.8095046260747754,1.1592287026693542,-0.29873252
2024-12-13,-0.11370770504641621,-0.27745901235129633,0.6065481124828924,0.15862829006822537,0.28387148736667944,0.6365748956146485,1.7815562540435206,1.3058233011377107,-1.655066
2024-12-16,-0.11370770504641621,-0.27745901235129633,-0.8792458962068618,-0.029865699158715925,-0.015621352364290408,0.7669641432014255,1.7851728607807626,1.4238658902023782,0.7076621
2024-12-17,-0.11370770504641621,-0.27745901235129633,-0.38142831597575855,-0.9132979052713993,0.054939787886461644,0.5198394083443653,1.7119557670836023,1.5027740979476565,-0.7689357
2024-12-18,-0.11370770504641621,3.604135946155105,-0.5192854920397564,-2.8387817876764183,-1.4284121827182372,-0.4339877653724105,1.3866014124648018,1.4969084787679354,-3.5919547
2024-12-19,-0.11370770504641621,-0.27745901235129633,-0.40440451198642485,3.6489679320931345,1.662165760264703,-0.4937600498149235,1.0953146128660423,1.4304479062793818,-0.2712667
2024-12-20,-0.11370770504641621,3.604135946155105,-0.5805553480681999,-0.0761000738747581,-0.17869598761047292,-0.861030480148083,0.7379287986539228,1.3014949136885814,-1.7327964
2024-12-23,-0.11370770504641621,-0.27745901235129633,-0.8409522361890847,0.10883742498941068,-0.07677434058160887,-0.296589666705075,0.6081243514083503,1.1708071696095423,2.494657
2024-12-24,-0.11370770504641621,-0.27745901235129633,-0.5805553480681999,0.13657804981903598,-0.0030771496530456015,-0.026892065568371582,0.5840874495967932,1.061159890621738,1.3170004
2024-12-25,-0.11370770504641621,-0.27745901235129633,-0.565237884061089,-0.028443103013606936,0.03455545848068883,-0.026892065568370992,0.5559180855736362,0.9674686850039412,0.0
2024-12-26,-0.11370770504641621,-0.27745901235129633,-1.0094443402673041,-0.09886161219650198,-0.04698185914240244,-0.21167165669311738,0.4762245195171297,0.8756165052246261,-0.7239878
2024-12-27,-0.11370770504641621,-0.27745901235129633,-0.8945633602139726,-0.22618396718375663,-0.03286963109225202,-0.35992305448942963,0.36657203837333857,0.7788826850155103,-0.5867183
2024-12-30,-0.11370770504641621,-0.27745901235129633,-0.9022220922175281,0.31724776024787776,0.03298743314178323,-0.7024837704611274,0.17912876815340043,0.6617478256825309,-1.4287889
2024-12-31,-0.11370770504641621,-0.27745901235129633,-0.7184125241321977,-0.036267381811706384,-0.010917276347573605,-0.9162150972693981,-0.035750403229106796,0.5224742852135285,-0.9691477
2025-01-01,-0.11370770504641621,-0.27745901235129633,-0.8715871642033064,0.0021427141062363682,0.09100437068129048,-0.9162150972693975,-0.2063763846901794,0.37487379681989985,0.0
2025-01-02,-0.11370770504641621,-0.27745901235129633,-0.8869046282104173,0.034862425443743156,-0.07834236592051447,-0.2860207590465444,-0.18870922896109488,0.26053976961857195,2.344966
2025-01-03,-0.11370770504641621,-0.27745901235129633,-0.20527747989398357,0.01138958904944481,0.05023571186974484,-0.06780442845638253,-0.11585352502592289,0.18452177778246193,0.89946985
2025-01-06,-0.11370770504641621,-0.27745901235129633,-0.5116267600362009,-0.13727170811444472,-0.026597529736629624,0.7597677210889449,0.222344196929879,0.195423037095399,4.229033
2025-01-07,-0.11370770504641621,-0.27745901235129633,0.5912306484757816,0.11168261727962868,0.0016269263636712037,0.22839526980335317,0.34610831897712896,0.23038852884404318,-1.9533455
2025-01-08,-0.11370770504641621,-0.27745901235129633,6.771827375345017,0.012100887121999306,-0.01405332702538481,-0.0536368274381379,0.3572407953829021,0.26072159104906784,-1.1604071
2025-01-09,-0.11370770504641621,-0.27745901235129633,3.0037312295957435,-0.03128829530382491,-0.014053327025384811,-0.0536368274381379,0.3592109345694852,0.28540581363846257,0.0
2025-01-10,-0.11370770504641621,-0.27745901235129633,1.4030562408526577,0.02490425242798022,0.003194951702576806,0.12613557618582277,0.4107628997128822,0.31608491180278175,0.8416295
2025-01-13,-0.11370770504641621,-0.27745901235129633,0.26956390432645333,0.013523483267108295,0.011035078397104811,-0.19502929656034143,0.36060569878060217,0.32999223339825956,-1.222676
2025-01-14,-0.11370770504641621,-0.27745901235129633,1.694088056987764,-0.02133012228806198,-0.03443765643115762,-0.7236612450160185,0.15897373324164135,0.2983615400193456,-2.3145378
2025-01-15,-0.11370770504641621,-0.27745901235129633,2.850556589524635,-0.00923805505463556,-0.3762671803125787,0.06715732933162924,0.2491567360110796,0.2921805112703029,3.8485527
2025-01-16,-0.11370770504641621,-0.27745901235129633,0.8899211966144435,-0.018484929997844,0.392065235751166,-0.1441434048984816,0.24999764278285536,0.2874140046054244,-0.9430945
2025-01-17,-0.11370770504641621,-0.27745901235129633,0.07809560423756749,0.023481656282871233,0.012603103736010413,-0.09575454079555801,0.2613669392545006,0.2860116863528872,0.2404809
2025-01-20,-0.11370770504641621,-0.27745901235129633,-0.5192854920397564,0.012100887121999304,0.004762977041482405,-0.09575454079555801,0.2646152007847667,0.28557863354024254,0.0
2025-01-21,-0.11370770504641621,-0.27745901235129633,0.192976584290899,-0.0014137762565361088,0.009467053058199209,0.0385399469180893,0.3022281023572753,0.2932080989150857,0.6021857
2025-01-22,-0.11370770504641621,-0.27745901235129633,0.1700003882802327,0.01921386784754426,0.004762977041482405,0.28714893876755304,0.40334399684733857,0.32075354355530883,1.1420012
2025-01-23,-0.11370770504641621,-0.27745901235129633,0.8592862686002218,-0.017773631925289503,0.032987433141783234,0.6932815519423263,0.6183496687961295,0.3883823770240868,2.0769835
2025-01-24,-0.11370770504641621,-0.27745901235129633,0.36146868836911855,-0.02702050686849794,-0.007781225669762405,0.9908596849220127,0.8990342752781859,0.5020053000041165,1.7346144
2025-01-27,-0.11370770504641621,-0.27745901235129633,-0.5039680280326455,0.08536458859511234,-0.017189377703196014,1.2817791902480953,1.2428928314430938,0.6658196848871317,1.9135475
2025-01-28,-0.11370770504641621,-0.27745901235129633,-0.10571396384776292,0.03628502158885215,-0.03286963109225203,1.5709624958592956,1.6550846176304739,0.884277467580923,2.1897912
2025-01-29,-0.11370770504641621,-0.27745901235129633,-0.3507933879615368,0.19134800140573216,0.05023571186974485,1.6113545935500648,1.9803464711924077,1.1280162640369142,0.32031536
2025-01-30,8.794478787447106,-0.27745901235129633,2.061707193158425,0.6622273254368081,0.37638498236211,1.8009053015136773,2.3260389102650603,1.3963122270494233,1.553607
2025-01-31,-0.11370770504641621,-0.27745901235129633,0.6371830404971142,-0.16643492908917898,-0.23514489981107461,1.8387892875386627,2.59177446891511,1.6672988715677544,0.3173232
2025-02-03,-0.11370770504641621,-0.27745901235129633,-0.7796823801606412,-0.7873981464292537,-0.2241687224387354,1.9796990646384378,2.8592265869849967,1.9408020619073658,1.201427
2025-02-04,-0.11370770504641621,-0.27745901235129633,-0.4120632439899803,0.06260305027336849,0.08630029466457367,2.087194510770648,3.107851688160693,2.212326173998114,0.9649277
2025-02-05,-0.11370770504641621,-0.27745901235129633,-0.0750790358335412,0.1415571363269175,0.04866768653083924,2.0981186776266987,3.272057608210155,2.464365729989734,0.096559525
2025-02-06,-0.11370770504641621,-0.27745901235129633,-0.4120632439899803,-0.15363156378319814,0.04866768653083925,2.212165470761565,3.4393957703633973,2.7014818406887438,1.0101199
2025-02-07,-0.11370770504641621,-0.27745901235129633,-0.3048409959402042,-0.020618824215507484,-0.1191110247320601,2.2518017759300704,3.556574314097146,2.916022725583621,0.35535097
2025-02-10,-0.11370770504641621,-0.27745901235129633,-0.6648014001073096,-0.2176483903131027,-0.20064834235515136,2.297727776479757,3.63698538090019,3.10470679656996,0.40307045
2025-02-11,-0.11370770504641621,-0.27745901235129633,-0.2359124079082053,0.38553237521310935,0.08786832000347927,2.3366432599071953,3.6823706117621744,3.265278102388984,0.33453703
2025-02-12,-0.11370770504641621,-0.27745901235129633,-0.17464255187976183,-0.030576997231270407,0.9471462057237487,2.4256320259539526,3.7349275699201283,3.4048799783598245,0.775218
2025-02-13,-0.11370770504641621,-0.27745901235129633,-0.4120632439899803,-0.05974021820600474,-0.713392628177283,2.474984777447678,3.7659910199666866,3.5231485595723484,0.43839216
2025-02-14,-0.11370770504641621,-0.27745901235129633,-0.1210314278548738,-0.13727170811444472,0.042395585175216854,2.5936227328639174,3.834322912365057,3.6322533691842978,1.1131525
2025-02-17,-0.11370770504641621,-0.27745901235129633,-0.7643649161535303,-0.06045151627855923,-0.18653611430500097,2.5936227328639174,3.841482541380809,3.7210554336896626,0.0
2025-02-18,-0.11370770504641621,-0.27745901235129633,-0.5192854920397564,0.05335617533016004,5.890102476560169e-05,1.099809925083281,3.5763747720813406,3.735880335450413,-2.755642
2025-02-19,-0.11370770504641621,-0.27745901235129633,-0.212936211897539,-0.06400800664133169,-0.3010019640451098,0.4077949789766406,3.1860388284463896,3.6649685668544056,-1.7588615
2025-02-20,-0.11370770504641621,3.604135946155105,-0.3661108519686477,-0.09103733339840252,0.22899060050498338,-0.015689971607741104,2.742579347458655,3.5142024861555834,-1.2688816
2025-02-21,-0.11370770504641621,-0.27745901235129633,-0.3967457799828694,0.1657412707937703,-0.18340006362718975,-0.4876634331006076,2.2364808234426716,3.286270193742817,-1.6248405
2025-02-24,-0.11370770504641621,-0.27745901235129633,-0.8639284321997509,0.016368675557326278,0.3481605262618091,-1.0263648684897055,1.6414500240627439,2.9777466258052776,-2.255869
2025-02-25,-0.11370770504641621,3.604135946155105,-0.7030950601250868,-0.19630944813646783,-0.17085586091594496,-1.341744546877815,1.0364392639925126,2.6026337624135913,-1.5910089
2025-02-26,-0.11370770504641621,-0.27745901235129633,-0.5728966160646444,-0.13158132353400878,0.06591596525880085,-0.6830586584091628,0.7269009109583922,2.236905108081241,2.4638772
2025-02-27,-0.11370770504641621,-0.27745901235129633,-0.2818647999295379,0.290218433490807,-0.08304644193723128,-1.132460453516746,0.3026308143817729,1.854354674616057,-2.2947907
2025-02-28,-0.11370770504641621,-0.27745901235129633,0.5759131844686707,0.02348165628287123,0.08316424398676248,-0.7645090495472788,0.07412597599418916,1.4998593188805063,1.5131235
2025-03-03,-0.11370770504641621,-0.27745901235129633,-0.9022220922175281,-0.0177736319252895,0.02201125576944402,-1.1272022726397852,-0.253698641323156,1.1467470236787893,-1.9679785
2025-03-04,-0.11370770504641621,-0.27745901235129633,-0.7567061841499748,-0.00852675698208106,0.004762977041482406,-1.4882529828858722,-0.6765914289884127,0.7745817392360015,-2.2975326
2025-03-05,-0.11370770504641621,-0.27745901235129633,-0.5116267600362009,0.023481656282871226,-0.018757403042101616,-0.9031648475755738,-0.8209403310570315,0.44623997451420966,2.5734305
2025-03-06,-0.11370770504641621,-0.27745901235129633,-0.46567436801486833,0.040552810024179126,0.03298743314178323,-1.5261165320176775,-1.2426465676997045,0.09414272549712595,-4.3474913
2025-03-07,-0.11370770504641621,-0.27745901235129633,-0.7413887201428639,-0.03697867988426088,-0.04070975778678003,-1.5696640774053567,-1.5866402134769535,-0.2604797662977032,-0.36150813
2025-03-10,-0.11370770504641621,-0.27745901235129633,-0.84861096819264,-0.03271089144893391,-0.03286963109225202,-2.042884999151682,-2.1464254996193426,-0.662881596593262,-4.4225273
2025-03-11,-0.11370770504641621,3.604135946155105,-0.618849008085977,-0.8997832418928638,-0.3919474337016347,-1.776162391445218,-2.477938905674768,-1.055101288102506,1.2910008
2025-03-12,-0.11370770504641621,-0.27745901235129633,-0.45035690400775746,0.8734828529854932,0.45478624930739003,-1.3245048578712002,-2.559110305961279,-1.386089634952157,2.2865653
2025-03-13,-0.11370770504641621,-0.27745901235129633,-0.3967457799828694,-0.23827603441718312,-0.025029504397724018,-1.8200958792575972,-2.9157082236792733,-1.726497771656301,-4.6678247
2025-03-14,-0.11370770504641621,-0.27745901235129633,-0.11337269585131836,0.1593395881407799,0.003194951702576804,-1.3078459685902055,-2.9712160401240317,-2.0105948490406207,2.9603362
2025-03-17,-0.11370770504641621,-0.27745901235129633,-0.7107537921286422,0.14297973247202647,0.07532411729223447,-1.356151916460958,-3.0133790647181615,-2.246813283270663,-0.44436455
2025-03-18,-0.11370770504641621,-0.27745901235129633,-0.7030950601250868,-0.1429620926948807,-0.09088656863175927,-1.7330888000462403,-3.2639786722174473,-2.488928289361197,-3.726244
2025-03-19,-0.11370770504641621,3.604135946155105,-0.3278171919508705,-0.40329718724982605,-0.07991039125942008,-1.680447105126031,-3.407004483111819,-2.7129492666868456,0.2919197
2025-03-20,-0.11370770504641621,-0.27745901235129633,-0.38142831597575855,0.5277919897240085,0.11295672542596889,-1.617117681536602,-3.461465945784058,-2.903714734695827,0.33215284
2025-03-21,-0.11370770504641621,-0.27745901235129633,-0.4350394400006466,0.009966992904335819,-0.015621352364290412,-1.2830349929186862,-3.3540345980183965,-3.0335460294739414,1.749146
2025-03-24,-0.11370770504641621,-0.27745901235129633,-0.6111902760824216,0.041264108096733615,0.003194951702576804,-0.6344044310429215,-2.9844340968695438,-3.059036376504639,3.7903547
2025-03-25,-0.11370770504641621,-0.27745901235129633,-0.46567436801486833,0.039130213879070126,0.05650781322536725,-0.442179382959498,-2.5810454250255876,-2.9938891012345636,1.2054682
2025-03-26,-0.11370770504641621,-0.27745901235129633,-0.48865056402553464,-0.09743901605139299,0.05650781322536726,-0.8018317370680154,-2.4077718072297736,-2.9050281872500614,-2.4476707
2025-03-27,-0.11370770504641621,-0.27745901235129633,-0.5192854920397564,-0.3663096874769923,-0.2947298626894874,-0.9858191824006951,-2.340136941455519,-2.8195973176182343,-1.3748348
2025-03-28,-0.11370770504641621,-0.27745901235129633,-0.266547335922427,0.3919340578660998,0.18038181499890976,-1.4837718505929274,-2.5488721906839835,-2.7955154412198544,-4.2882323
2025-03-31,-0.11370770504641621,3.604135946155105,-0.8792458962068618,-0.5839668976786679,-0.02346147905881842,-1.490534033672521,-2.6902465736403185,-2.8062287232275085,-0.065886974
2025-04-01,-0.11370770504641621,-0.27745901235129633,-0.5958728120753107,0.3983357405190903,0.02357928110834962,-1.189374804854726,-2.6664435423225847,-2.8097518579183602,1.6725659
2025-04-02,-0.11370770504641621,-0.27745901235129633,-0.12869015985842924,0.08749848281277582,-0.028165555075535222,-1.232971605109941,-2.642976765768441,-2.8075941783994858,-0.35324097
2025-04-03,-0.11370770504641621,3.604135946155105,-0.18230128388331726,-0.15007507342042564,0.012603103736010408,-2.0968741299717237,-3.175544879427582,-2.9188004037577104,-8.958268
2025-04-04,-0.11370770504641621,3.604135946155105,-0.5728966160646444,-0.703464973867823,-0.07991039125942008,-2.4049906726398924,-3.8566141491257127,-3.152187785778935,-5.0581217
2025-04-07,-0.11370770504641621,-0.27745901235129633,-0.5499204200539781,0.9695080927803501,0.04866768653083925,-2.0636749101689955,-4.22156924592755,-3.416287310852365,2.282405
2025-04-08,-0.11370770504641621,-0.27745901235129633,-0.22825367590464987,0.012812185194553799,0.006331002380388003,-2.1353403995563505,-4.526205140351087,-3.6921657162104795,-1.123482
2025-04-09,-0.11370770504641621,-0.27745901235129633,-0.0750790358335412,-0.012083247344853542,-0.06579816320926966,-0.427079518694881,-3.8831655592076983,-3.7765103270846154,14.755607
2025-04-10,-0.11370770504641621,-0.27745901235129633,-0.389087047979314,-0.0782339680924216,-0.14576745549345532,-1.0024590211773006,-3.774318806695962,-3.8209047961221874,-6.739855
2025-04-11,-0.11370770504641621,-0.27745901235129633,-0.5346029560468673,-0.15576545800086164,0.11452475076487449,-1.0387808759044486,-3.678783591471446,-3.8361618956775514,-0.49790144
2025-04-14,-0.11370770504641621,3.604135946155105,-0.4580156360113129,-0.20128853464434937,-0.5503179929311005,-1.2027666361836746,-3.698371224497262,-3.8525211807357813,-2.224189
2025-04-15,-0.11370770504641621,3.604135946155105,0.9894847126606642,-0.12944742931634523,0.41088153981803316,-1.3358630178966882,-3.784378628127548,-3.8838466887426493,-1.8740058
2025-04-16,-0.11370770504641621,3.604135946155105,0.40742108039045116,0.143691030544581,0.18194984033781536,-1.5808781780129093,-4.0237233829391235,-3.9596607348591206,-3.6834657
2025-04-17,-0.11370770504641621,3.604135946155105,-0.05210283982287489,0.28310545276526206,0.058075838564272855,-1.5913659576283214,-4.177247765066023,-4.052867191871717,-0.165236
2025-04-18,-0.11370770504641621,3.604135946155105,-0.5805553480681999,-0.039823872174478865,-0.03757370710896883,-1.5913659576283214,-4.252607203813022,-4.143412510487434,0.0
2025-04-21,-0.11370770504641621,-0.27745901235129633,-0.7567061841499748,0.18992540526062318,-0.08618249261504247,-1.8180227878306656,-4.451846576490003,-4.258097960876476,-3.3540726
2025-04-22,-0.11370770504641621,-0.27745901235129633,-0.6035315440788661,-0.09672771797883849,0.07218806661442326,-1.4173655942851282,-4.387182762535446,-4.3361342015368285,3.2228827
2025-04-23,-0.11370770504641621,-0.27745901235129633,-0.12869015985842924,-2.6886978943674196,-1.1728240524766242,-0.9508304250749022,-4.068174712174682,-4.33091675800405,3.9957643
2025-04-24,-0.11370770504641621,-0.27745901235129633,0.4380560084046729,0.12590857873071892,0.9926189405520115,-0.6735081257883826,-3.6321450038697667,-4.2342816387958795,2.4756432
2025-04-25,-0.11370770504641621,-0.27745901235129633,-0.03678537581576402,2.3408907766654172,0.40304141312350517,-0.3853025388583791,-3.095690030529279,-4.04321695636931,2.6484132
2025-04-28,-0.11370770504641621,-0.27745901235129633,-0.44269817200420203,0.1735655495918698,-0.39821953505725716,-0.33514181788023756,-2.615482415170786,-3.7885360129778767,0.45132637
2025-04-29,-0.11370770504641621,-0.27745901235129633,-0.20527747989398357,0.10599223269919271,0.14902130822079776,-0.2360397883444991,-2.1601576078091482,-3.4882385210113247,0.8549571
2025-04-30,-0.11370770504641621,-0.27745901235129633,0.9282148566322207,0.020636463992653252,0.11295672542596889,-0.36133225148507864,-1.8416355517868146,-3.180457147663231,-0.98116994
2025-05-01,8.794478787447106,-0.27745901235129633,1.1656355487424392,1.5677097717986808,2.7158787880092667,0.12760085522733366,-1.3171408072983997,-2.82301165765835,4.227686
2025-05-02,-0.11370770504641621,-0.27745901235129633,0.20063531629445444,1.4944460703255675,-1.6463677048261156,0.5643959753441086,-0.619557698279188,-2.389131063966813,4.3358207
2025-05-05,-0.11370770504641621,-0.27745901235129633,-0.8562697001961955,-3.940582502063332,-1.1916403565434914,0.6015082898439357,-0.043760657451652626,-1.919927420473984,0.37686825
2025-05-06,-0.11370770504641621,-0.27745901235129633,-0.7796823801606412,0.7298006423294853,-0.09402261930957048,0.28293249974512896,0.2729383112867755,-1.4774077160151962,-1.9957662
2025-05-07,-0.11370770504641621,-0.27745901235129633,-0.4963092960290901,-1.0925450195551323,0.3857931343955436,0.45897931592843555,0.620314607519991,-1.0497299605777612,1.6175389
2025-05-08,-0.11370770504641621,-0.27745901235129633,-0.5192854920397564,0.9730645831431226,-0.2429850265056026,0.48156445818099597,0.8959942063762693,-0.6491292241115225,0.20107031
2025-05-09,-0.11370770504641621,-0.27745901235129633,-0.266547335922427,0.2717246836043901,0.11922882678159129,0.31795044226740976,1.0380565154819716,-0.2985239753923611,-0.92306733
2025-05-12,-0.11370770504641621,-0.27745901235129633,-0.8256347721819738,0.061891752200813985,0.06748399059770646,1.113337608521961,1.6538641990719125,0.11254374662185983,7.9224944
2025-05-13,-0.11370770504641621,-0.27745901235129633,-0.5575791520575335,0.08323069437744887,-0.034437656431157634,1.3277127703162015,2.2983533641039404,0.5780634254489001,2.5960684
2025-05-14,-0.11370770504641621,-0.27745901235129633,-0.6801188641144205,-0.18279478475793243,-0.05168593515911924,1.369561392769041,2.8112412896496,1.05923830553757,0.50759315
2025-05-15,-0.11370770504641621,-0.27745901235129633,-0.8179760401784183,-0.02417531457827995,-0.042277783125685635,0.9040755250833322,3.0071967443734198,1.485731042284046,-2.3477256
2025-05-16,-0.11370770504641621,-0.27745901235129633,-0.34313465595798137,-0.13015872738889978,-0.08931854329285369,0.8005015957629974,3.084630751025269,1.8433453018769543,-0.5497873
2025-05-19,-0.11370770504641621,-0.27745901235129633,-1.0860316603028586,-1.5399515071919097,0.04396361051412243,0.8020518641803237,3.1084599573446714,2.1344897509395735,0.014054775
2025-05-20,-0.11370770504641621,-0.27745901235129633,-0.84861096819264,1.7398439053568688,0.05493978788646166,0.693493357199609,3.052204988621629,2.3554763067035913,-0.5199671
2025-05-21,-0.11370770504641621,-0.27745901235129633,-0.7567061841499748,-0.03555608373915188,0.018875205091632815,0.6390387373920027,2.9529756226701367,2.511223721957753,-0.25113225
2025-05-22,-0.11370770504641621,-0.27745901235129633,-0.9022220922175281,-0.29873637058431524,-0.16301573422141694,0.6623993195396413,2.8507298357831226,2.6141401853788886,0.1683712
2025-05-23,-0.11370770504641621,-0.27745901235129633,-0.9251982882281944,-0.12304574666335484,0.06434793991989525,0.3167115267579174,2.6303029791887305,2.6497313029171705,-1.4939427
2025-05-26,-0.11370770504641621,-0.27745901235129633,-1.1013491243099693,-1.005055356630929,0.13177302949283612,0.3167115267579174,2.424948145981384,2.6346582031125916,0.0
2025-05-27,-0.11370770504641621,-0.27745901235129633,-0.9251982882281944,1.450345589827189,-0.09402261930957048,0.6978227786257338,2.402472565264232,2.617833721494996,2.4335861
2025-05-28,-0.11370770504641621,-0.27745901235129633,-0.4580156360113129,0.0014314160336818742,-0.09088656863175928,0.7276802837062097,2.368735618327598,2.5972201342211463,0.1961708
2025-05-29,-0.11370770504641621,-0.27745901235129633,-0.6265077400895325,-0.033422189521488406,0.043963610514122446,0.7643831150182846,2.328882784222524,2.5722783736139117,0.228405
2025-05-30,-0.11370770504641621,-0.27745901235129633,-0.3737695839722031,0.040552810024179126,0.2854395127055851,0.8278311155183665,2.295417171842991,2.545228500303754,0.378263
2025-06-02,-0.11370770504641621,-0.27745901235129633,-0.8792458962068618,-0.0007024781839816116,-0.2351448998110746,1.3547379542100644,2.499203094180389,2.5668019041097536,3.6155105
2025-06-03,-0.11370770504641621,-0.27745901235129633,-0.2895235319330933,0.07398381943424041,-0.16458375956032256,1.164955911717389,2.5829216386470146,2.6018133489400457,-0.60367584
2025-06-04,-0.11370770504641621,-0.27745901235129633,0.13170672826245552,-0.039823872174478865,0.27132728465543465,1.5646051625530137,2.8497006586306997,2.686393647436416,3.1641364
2025-06-05,-0.11370770504641621,-0.27745901235129633,-0.42738070799709116,-0.3001589667294242,-0.1065668220208153,1.4099303044241098,2.9867390348437435,2.7831172085419107,-0.48404932
2025-06-06,-0.11370770504641621,-0.27745901235129633,-0.9558332162424161,0.02917204086330719,0.05180373720865045,1.6392040119364726,3.202124686589642,2.906169110826751,1.9120097
2025-06-09,-0.11370770504641621,-0.27745901235129633,-0.7873411121641966,0.2603439144435182,-0.004645174991951202,1.4645780359961826,3.2913433944686186,3.0235296775224887,-0.523144
2025-06-10,-0.11370770504641621,-0.27745901235129633,-0.5575791520575335,0.0007201179611273784,-0.09088656863175927,1.6149118722959706,3.4132711383851566,3.1432732067105253,1.2016296
2025-06-11,-0.11370770504641621,-0.27745901235129633,-0.4197219759935357,0.0035653102513453602,0.09257239602019608,1.2158654066640195,3.375888597469282,3.23114097097575,-1.1759698
2025-06-12,-0.11370770504641621,-0.27745901235129633,-0.25888860391887164,-0.17141401559706052,0.02514730644725522,1.1781700499488674,3.2968233796791067,3.2846692098870847,-0.11237264
2025-06-13,-0.11370770504641621,-0.27745901235129633,-0.15932508787265096,-0.04124646831958787,0.017307179752727213,0.6828842952479173,3.078638555418009,3.2812251762485927,-1.5129209
2025-06-16,-0.11370770504641621,-0.27745901235129633,-0.7490474521464194,0.18494631875274173,-0.39978756039616276,1.1460709105540678,3.0887518409035617,3.2806144962205255,2.8958678
2025-06-17,-0.11370770504641621,-0.27745901235129633,0.6142068444864479,0.11168261727962867,0.4438100719350508,0.9282494066915766,3.0046847152110026,3.2622993129124245,-0.6964624
2025-06-18,-0.11370770504641621,-0.27745901235129633,0.3078575643442305,-0.09957291026905646,-0.10343077134300409,0.861722208586062,2.885742302417417,3.222425137188965,-0.20939708
2025-06-19,-0.11370770504641621,-0.27745901235129633,-0.029126643812208586,-0.022041420360616477,0.7825035451386606,0.861722208586062,2.756987083889002,3.163222938115371,0.0
2025-06-20,-0.11370770504641621,-0.27745901235129633,-0.7337299881393086,0.17427684766442428,-2.510349666563102,0.24175976381983377,2.4735117058077405,3.055749532719124,-1.9288063
2025-06-23,-0.11370770504641621,-0.27745901235129633,-0.9941268762601932,-0.23471954405441064,1.7060704697540598,0.7005794807705048,2.39958688974608,2.9540948706401005,2.3712277
2025-06-24,-0.11370770504641621,-0.27745901235129633,-0.3737695839722031,0.08465329052255785,-0.17712796227156735,1.0253856455996149,2.462907842056692,2.8861985035370457,1.9569635
2025-06-25,-0.11370770504641621,-0.27745901235129633,-0.6265077400895325,-0.06116281435111372,-0.04227778312568565,0.8672031059415675,2.4428195308726206,2.827621634414606,-0.49424767000000003
2025-06-26,-0.11370770504641621,-0.27745901235129633,-0.27420606792598246,-0.20199983271690383,-0.16458375956032253,1.2499407515358154,2.5892124688442837,2.811803119088763,2.456689
2025-06-27,-0.11370770504641621,-0.27745901235129633,-0.34313465595798137,0.20130617442149512,0.33875237422837556,1.3959598916742988,2.7551543960540594,2.8343366977045905,1.0384321
2025-06-30,-0.11370770504641621,-0.27745901235129633,-0.8792458962068618,0.011389589049444815,0.18508589101562656,1.4804749806888327,2.900439586541078,2.883171640010248,0.60794353
2025-07-01,-0.11370770504641621,-0.27745901235129633,-0.4120632439899803,0.18921410718806866,-0.039141732447874424,0.6426785644998249,2.7697263291929035,2.894521528446905,-2.5566041
2025-07-02,-0.11370770504641621,-0.27745901235129633,-0.6571426681037542,-0.19559815006391332,-0.07677434058160887,0.4202061009586753,2.5705508360750637,2.8613657895162645,-0.7855654
2025-07-03,-0.11370770504641621,-0.27745901235129633,-0.7413887201428639,-0.16003324643618858,0.06121188924208405,0.5633833177076374,2.442723329429921,2.807735063447143,0.76236725
2025-07-04,-0.11370770504641621,-0.27745901235129633,-0.6724601321108651,0.18850280911551417,-0.10656682202081529,0.5633833177076374,2.312055504299708,2.7371220511967365,0.0
2025-07-07,-0.11370770504641621,-0.27745901235129633,-1.0171030722708596,-0.09957291026905646,-0.1097028726986265,0.5329706783445195,2.173348203238675,2.6512184194986683,-0.09179711
2025-07-08,-0.11370770504641621,-0.27745901235129633,-0.6265077400895325,0.12733117487582757,0.2399667778773226,0.6046084907018491,2.062898145139507,2.559074309613569,0.3229618
2025-07-09,-0.11370770504641621,-0.27745901235129633,-0.40440451198642485,0.08180809823233987,1.2387989187601909,0.9548634072856875,2.0841771429329063,2.489871285148517,1.6803861
2025-07-10,-0.11370770504641621,-0.27745901235129633,-0.4350394400006466,-0.28024262069789835,-1.0881506841757218,0.6716497628537302,2.0131136352009653,2.4194396752327623,-0.7560313
2025-07-11,-0.11370770504641621,-0.27745901235129633,-0.8869046282104173,0.24185016455710132,0.3042558167724523,0.2088641922226615,1.8241472969244978,2.3230236138339224,-1.3379335
2025-07-14,-0.11370770504641621,-0.27745901235129633,-1.0017856082637486,-1.5911649684158333,-1.7796498586330918,0.3246887587420478,1.69036142118794,2.217521143074734,0.47525167
2025-07-15,-0.11370770504641621,-0.27745901235129633,-0.3967457799828694,1.8152415010476453,1.3344484644334325,-0.14862138581346823,1.4470792935523662,2.081530597234452,-1.4606297
2025-07-16,-0.11370770504641621,-0.27745901235129633,-0.6954363281215313,-1.0719173754510518,0.007899027719293602,-0.45269171834338506,1.1545318045781778,1.9107027511569274,-1.0529459
2025-07-17,-0.11370770504641621,-0.27745901235129633,-0.4809918320219792,-1.3144700181921347,-0.7635694390222623,-0.5128961721601253,0.8928918184344393,1.7185590763374783,-0.21339655
2025-07-18,-0.11370770504641621,-0.27745901235129633,-0.02146791180865315,0.8557004011716308,-0.49700513140831004,-0.38629187513445057,0.7068051134659301,1.5253839962903788,0.4091859
2025-07-21,-0.11370770504641621,-0.27745901235129633,-0.8026585761713074,1.0776253998086336,0.9048095215732975,-0.02105457911038401,0.6463792549548231,1.3580304814022153,1.2331724
2025-07-22,-0.11370770504641621,-0.27745901235129633,-0.6035315440788661,0.23189199154133835,0.624132985909195,-0.3886280584506434,0.4987507813652858,1.1928426911747645,-1.1438191
2025-07-23,-0.11370770504641621,-0.27745901235129633,-0.6035315440788661,0.04837708882227858,-0.32295431878978825,-0.02948702761723149,0.4717675750702872,1.054970604207971,1.2443066
2025-07-24,-0.11370770504641621,-0.27745901235129633,-0.7490474521464194,-0.09815031412394748,-0.16301573422141694,0.01904505774103603,0.45606979320637087,0.9413441816580608,0.17096996
2025-07-25,-0.11370770504641621,-0.27745901235129633,-0.7796823801606412,0.039130213879070126,0.13647710550955292,-0.08703256201587767,0.41243390312515277,0.8411899465724362,-0.29658675
2025-07-28,-0.11370770504641621,-0.27745901235129633,-0.8869046282104173,0.00072011796112738,0.020443230430538417,0.12684044971832073,0.4256397262192534,0.7638668855381869,0.694561
2025-07-29,-0.11370770504641621,-0.27745901235129633,-0.8869046282104173,0.45168309596067746,-0.15360758218798332,-0.6890402890449369,0.23336958275701705,0.6612370832873855,-2.4567008
2025-07-30,-0.11370770504641621,-0.27745901235129633,-0.4963092960290901,-0.7802851657037085,0.02828335712506643,-0.8763118711266339,0.02438646286764081,0.5348178606007439,-0.68428516
2025-07-31,-0.11370770504641621,-0.27745901235129633,-0.4963092960290901,8.819888572882662e-06,5.890102476560169e-05,1.2705214598367092,0.723350678838967,0.581899551240768,11.252713
2025-08-01,-0.11370770504641621,-0.27745901235129633,-0.4963092960290901,8.819888572882662e-06,5.890102476560169e-05,0.5188458986966054,1.0007828609095408,0.6783950754192821,-3.0293226
2025-08-04,-0.11370770504641621,-0.27745901235129633,-0.4963092960290901,8.819888572882662e-06,5.890102476560169e-05,0.960519838154117,1.4957458250648012,0.8605495999555417,3.5146236
2025-08-05,-0.11370770504641621,-0.27745901235129633,-0.4963092960290901,8.819888572882662e-06,5.890102476560169e-05,0.5938322808197919,1.7209550768829474,1.0540293913684489,-1.6628623
2025-08-06,-0.11370770504641621,-0.27745901235129633,-0.4963092960290901,8.819888572882662e-06,5.890102476560169e-05,0.7380916465529317,1.9694972192748268,1.2615171927051494,1.1172771
2025-08-07,-0.11370770504641621,-0.27745901235129633,-0.4963092960290901,8.819888572882662e-06,5.890102476560169e-05,0.44841156315126784,2.026673045096202,1.439631707256919,-1.3160765
2025-08-08,-0.11370770504641621,-0.27745901235129633,-0.4963092960290901,8.819888572882662e-06,5.890102476560169e-05,0.5871579366615393,2.12835164432359,1.603684514152295,0.98053217
2025-08-11,-0.11370770504641621,-0.27745901235129633,-0.4963092960290901,8.819888572882662e-06,5.890102476560169e-05,0.4837227978820016,2.143124124197993,1.7380593000987106,-0.44586062
2025-08-12,-0.11370770504641621,-0.27745901235129633,-0.4963092960290901,8.819888572882662e-06,5.890102476560169e-05,0.9206481002904058,2.394605315201904,1.8988863294972278,3.1506658
2025-08-13,-0.11370770504641621,-0.27745901235129633,-0.4963092960290901,8.819888572882662e-06,5.890102476560169e-05,0.6179877899976502,2.45189500398782,2.0396963714181218,-1.255697
2025-08-14,-0.11370770504641621,-0.27745901235129633,-0.4963092960290901,8.819888572882662e-06,5.890102476560169e-05,0.6565100580595735,2.4888418265139376,2.160179068891518,0.26279688
2025-08-15,-0.11370770504641621,-0.27745901235129633,-0.4963092960290901,8.819888572882662e-06,5.890102476560169e-05,0.7172697627832345,2.521048261919601,2.2633946801425275,0.39634705
2025-08-18,-0.11370770504641621,-0.27745901235129633,-0.4963092960290901,8.819888572882662e-06,5.890102476560169e-05,0.15120282342768002,2.3172402675269694,2.3027491862559986,-2.2744894
2025-08-19,-0.11370770504641621,3.604135946155105,-0.4963092960290901,8.819888572882662e-06,5.890102476560169e-05,-0.2872848047631553,1.9526423674167075,2.2569189161210077,-2.070713
2025-08-20,-0.11370770504641621,3.604135946155105,-0.4963092960290901,8.819888572882662e-06,5.890102476560169e-05,-0.38618994189016814,1.6004492629758473,2.145571292200071,-0.50034523
2025-08-21,-0.11370770504641621,3.604135946155105,-0.4963092960290901,8.819888572882662e-06,5.890102476560169e-05,-0.6116951172067036,1.2082101554834392,1.9733179325154262,-1.1528373
