date,rsi,macd_signal,macd_hist,sma_20,MSFT US Equity_news_heat,AAPL US Equity_news_heat,GOOGL US Equity_news_heat,return
2018-02-20,0.0682010829455285,-0.4052987362789194,0.1748820559316441,-1.3525587294878978,-0.7719592468187153,-1.2072379161928022,0.0216102914585498,0.030541579807966
2018-02-21,-0.1172503817061385,-0.3888919313849349,0.1779232209019105,-1.3542188805823294,-0.9337226202374486,-0.8398904943425148,-0.6616594491484729,0.0131782317319941
2018-02-22,-0.0871962703932652,-0.3724949742322154,0.1778064427285122,-1.355359692941552,-0.5023967613537382,-0.7875022435746986,-0.346498129680289,0.0150117201045547
2018-02-23,0.4049511605744423,-0.3469887901393821,0.2858270389750345,-1.355206448548679,-0.340633387935005,-1.1547237321298711,-0.346498129680289,0.032450211687768
2018-02-26,0.7266920497380054,-0.3095239983166896,0.4276366508938197,-1.3550617212381597,-0.2328342758887612,0.2620258379132327,-0.8709265652753468,0.0211187881397254
2018-02-27,0.3857988322985862,-0.2715282148482247,0.4339333470410703,-1.3549765924742858,0.0368576202749509,0.1046092190195545,0.8095135901290095,0.020356332564654
2018-02-28,0.1552758804302244,-0.2387952852166021,0.3715244716061474,-1.3547807661746147,0.5221477405311507,-0.1578357679999859,-0.451131687743726,0.0022424095568966
2018-03-01,-0.3377245510573506,-0.2192757370781723,0.2148352863755051,-1.3559811560506492,0.5759825912049049,-0.7349880595117676,-0.2406039263389791,-0.0089324302336439
2018-03-02,-0.0981389821412589,-0.2048033268254381,0.1549844508067468,-1.356687775963398,-0.7181243961449608,-1.3646545350864805,-0.8192401088825648,-0.0142732547372739
2018-03-05,0.1479227638975766,-0.1896747877004091,0.1627650706623933,-1.3550786923133689,-0.6641601347724715,-0.2102240187678018,0.1262438495219868,-0.0020392579643336
2018-03-06,0.201177586963637,-0.1741983831433318,0.1668901881537509,-1.3509751339954317,0.9534735994148608,-1.3121403510235492,-0.2406039263389791,0.0107083835212062
2018-03-07,0.3390230128115973,-0.1569961772856662,0.1873553809432331,-1.3481060268730007,1.0074378607873504,-0.7349880595117676,0.3367716109267336,0.0322193963633929
2018-03-08,0.4483161012067818,-0.1378993566401561,0.2098224267623689,-1.3442663754340125,-0.1788700145162717,-0.7349880595117676,-0.6616594491484729,0.041814181497227
2018-03-09,0.883062477640826,-0.1098114783994148,0.316441727028872,-1.3370297925997792,-0.8259235081912047,-0.9973071132361928,-0.7662930072119098,0.0345183559918886
2018-03-12,0.9501661573758656,-0.0765181600063484,0.3781697696691964,-1.330899953795353,0.0906924709487051,0.2095116538503016,-0.6087123474778179,0.020431786945452
2018-03-13,0.4778080818316811,-0.0480163170234025,0.3213506746895182,-1.3264303116499965,0.2524558443674384,0.3669282727439798,0.9141471481924464,0.013932837079694
2018-03-14,0.4434364881705965,-0.0250880916241778,0.2552566473256385,-1.3221479682070405,0.7377459646236381,0.4718307075747268,1.8596311065969984,0.0101154157346152
2018-03-15,0.4593106195141224,-0.0072774520717137,0.1945704136700153,-1.318844679153052,-0.1249057531437822,-0.4201548217244112,0.5472993723314805,-0.0096754842851035
2018-03-16,0.4121435358962264,0.0051364675272419,0.1305741041054426,-1.3166756096056496,-0.6641601347724715,-0.2102240187678018,-0.0830232666048872,-0.0323283225592629
2018-03-19,-0.402659236882276,0.0029660437581706,-0.0423724562158043,-1.3155999546789212,0.2524558443674384,1.416330420936796,0.8624606917996643,-0.0215478573435539
2018-03-20,-0.4187057723374559,-0.00921303992641,-0.1610588627363205,-1.3146009885431005,0.5759825912049049,-0.6824738754488366,1.1246749095971933,-0.0265943823806905
2018-03-21,-0.642098246345219,-0.0306725454839763,-0.2711095520790827,-1.3135860888038304,-0.2866691265625155,0.1569974697873704,1.492783330736032,-0.0522660339099966
2018-03-22,-1.4326401591669495,-0.0699149061504613,-0.4819852525594276,-1.3141338773980795,0.1986209936936842,-0.0004191491063077,0.3897187125973886,-0.076569429935914
2018-03-23,-2.008953643436002,-0.1313182047732312,-0.7447778854752319,-1.3173766390877997,-0.7719592468187153,0.3144140886810486,-1.0285072250094387,-0.0221307858012415
2018-03-26,-0.8193118347478141,-0.1865679179832106,-0.6718063841926851,-1.3194465284379302,0.7377459646236381,0.7342756945942673,-0.0313368102121051,-0.0530790562027695
2018-03-27,-1.4619277630615155,-0.2505630667558107,-0.7755130071718284,-1.3227480930456148,1.2230360848798378,1.6787754079563366,1.0717278079265389,-0.0536955012302768
2018-03-28,-1.5747495047932123,-0.3199224002556413,-0.8391235019395299,-1.325999729324849,0.4681834791586611,1.8885802776178304,0.7048800320655725,-0.0093881133613383
2018-03-29,-1.049695426360116,-0.3800428332319568,-0.7295651881799287,-1.3272047072094444,0.7377459646236381,0.9440805642557616,-0.7133459055412549,-0.006533921316872
2018-04-02,-1.4767181193440533,-0.442169252397295,-0.7533529174378644,-1.3302868325200017,-0.8259235081912047,0.7866639453620833,-0.293551028009634,-0.0334229843860278
2018-04-03,-1.2259809646815227,-0.4975866631717511,-0.6737950041955626,-1.3334183428883233,-0.987686881609938,1.626261223893405,0.6519329303949175,0.0125423329634093
2018-04-04,-0.8830977533764551,-0.5391455715373988,-0.5094557355479586,-1.3359089550769083,-0.2328342758887612,0.6817615105313362,1.177622011267848,0.0235388327756556
2018-04-05,-0.7819589851928405,-0.5674596356044019,-0.3523934526848992,-1.338492484077512,-0.7181243961449608,-0.7349880595117676,-0.451131687743726,-0.0209415179496753
2018-04-06,-1.2678779936339428,-0.5968633541697883,-0.3653149804272525,-1.342706410463863,-1.0954859936561816,-1.3121403510235492,-1.4495627478189326,0.0108050445520349
2018-04-09,-1.0693094003038488,-0.6212677187620883,-0.3060307842412844,-1.3476085942138054,-1.2034145164011607,0.9440805642557616,-1.0814543266800938,0.0255851167242435
2018-04-10,-0.4920081305704187,-0.6293400976463598,-0.1123600319733752,-1.351340208390868,-0.987686881609938,0.2095116538503016,-0.293551028009634,0.0055054810349643
2018-04-11,-0.6217685162716198,-0.6288436039765632,-0.0107471587256134,-1.3547152652548484,-0.340633387935005,0.0520950349566234,-0.7662930072119098,0.0134022950557561
2018-04-12,-0.3463122561357557,-0.6167337390045545,0.1269685114124218,-1.3573645405232695,-0.3945976493074943,-0.5775714406180894,-0.7133459055412549,0.0354411925931767
2018-04-13,-0.4271848615920267,-0.5988946467271592,0.1949078166496673,-1.3602357611439142,-0.8798877695636941,-1.3121403510235492,-0.1359703682755421,0.0353211628344491
2018-04-16,-0.2418216353003008,-0.5741835163749462,0.2763989964337257,-1.3626099626920782,-0.8259235081912047,-0.8924046784054458,-0.7662930072119098,0.0291807726624266
2018-04-17,0.1754755933046447,-0.5371281673156971,0.4227813265367964,-1.362746575992042,1.115236972833594,-0.4726690057873421,-0.0830232666048872,0.0325479144234821
2018-04-18,0.0973792312116392,-0.4950913315834706,0.4818536456421108,-1.3630113065394485,0.5221477405311507,-1.4695569699172275,-0.8709265652753468,0.0090170088066252
2018-04-19,-0.2249652225885751,-0.4570832189892183,0.4340795503937273,-1.3635664380503776,-0.4484324999812489,-0.1578357679999859,-0.9768207686166568,-0.001658885657313
2018-04-20,-0.5948618711468747,-0.4299019577721062,0.3056907256427464,-1.3634212480835326,0.0368576202749509,1.1540113672123709,-0.8192401088825648,-0.0128683506812401
2018-04-23,-0.687323888766706,-0.4124141541534658,0.1907421052646276,-1.3619779426068286,-0.0171066410975385,0.2095116538503016,1.597416888799469,-0.0477454131042862
2018-04-24,-1.1067057687290374,-0.4098885318695806,0.013315002003911,-1.363600604519014,-0.2328342758887612,0.7866639453620833,1.8596311065969984,-0.0450728657967456
2018-04-25,-1.1019755491265617,-0.4166300547356249,-0.0965782470258407,-1.3633870851198684,0.3603843671124174,0.3669282727439798,0.7565664884583545,-0.0168302796128205
2018-04-26,-0.5672302555215476,-0.4202787235729457,-0.0599020352591817,-1.3617985791614031,1.3309646076248167,-0.6300856246810204,-0.5040787894143809,-0.004833062209273
2018-04-27,-0.616799632854009,-0.4224519831541486,-0.0424060843292884,-1.3613971862444223,2.031852951973504,-0.7875022435746986,-0.8709265652753468,-0.007730884182124
2018-04-30,-0.7977026072003652,-0.4264322649952729,-0.0638344254202168,-1.360030748312206,-0.2328342758887612,-0.4201548217244112,-0.398184586073071,0.022524168131661
2018-05-01,-0.4190188356953997,-0.4253167166169696,-0.0034061780736067,-1.3585020511987158,-0.5563610227262276,0.8391781294250144,-1.4495627478189326,0.0212861157105572
2018-05-02,-0.4516401810296631,-0.4213543213514507,0.0303527896413582,-1.3578017402358589,-0.7719592468187153,1.9410944616807615,-0.6616594491484729,0.00530175466978
2018-05-03,-0.3790568773924135,-0.4145542249330158,0.0640033038422496,-1.3572039462037724,-0.1788700145162717,-0.5775714406180894,-0.5040787894143809,0.0262557797901135
2018-05-04,0.1813764933940116,-0.3972219658712118,0.1888976001400061,-1.354155079574062,-0.5023967613537382,0.7866639453620833,-0.5040787894143809,0.0401774560630978
2018-05-07,0.3669746218923176,-0.3707234903189712,0.2975939996403231,-1.3511318237759402,1.2770003462523274,-0.0528073998741236,-0.188917469946197,0.0295715836188665
2018-05-08,0.4265243404440176,-0.3387231153375107,0.3628375664918165,-1.3493383610653211,1.7083262051360375,-1.1023354813620552,1.597416888799469,0.0433473693032024
2018-05-09,0.7467000238874218,-0.2989902570025425,0.4545322259622051,-1.346494419643015,0.7917102259961276,-0.7875022435746986,2.0172117663310902,0.0545514321727675
2018-05-10,1.049290984987764,-0.2501977450793347,0.5619649629905314,-1.3435565589866516,-1.5807761139123813,0.3144140886810486,0.1791909511926417,0.0334222322136186
2018-05-11,0.9819533170671884,-0.1991849296085567,0.5882941470841498,-1.340516230469128,-0.8259235081912047,-0.5775714406180894,0.3897187125973886,0.0261417041113385
2018-05-14,0.9747906243262688,-0.1498335222532194,0.5685925525999441,-1.3379199819245478,-0.7181243961449608,-0.0528073998741236,0.2321380528632966,0.0142144260757828
2018-05-15,0.5075629605213284,-0.1092070219322023,0.4651293645337374,-1.3369464058070697,0.1986209936936842,-0.1053215839370547,0.0745573931292047,0.0063691202408342
2018-05-16,0.6392009533420318,-0.0744955790047266,0.3949864170933748,-1.3355543500333205,0.3064201057399279,0.1046092190195545,-0.7133459055412549,-0.0117177159051495
2018-05-17,0.3841406236767778,-0.0484539228651739,0.2921768653807489,-1.3338292062400858,0.1986209936936842,0.3669282727439798,0.2321380528632966,-0.0144530981126765
2018-05-18,0.1814137713547464,-0.0319175936163309,0.1794591688075047,-1.3315574725530823,-0.5023967613537382,-0.7875022435746986,-0.0313368102121051,-0.0057251143900974
2018-05-21,0.4757130986157744,-0.0186443656362205,0.1407641020385487,-1.3285683902335412,-0.8798877695636941,-0.5775714406180894,-0.5040787894143809,0.0023122869403759
2018-05-22,0.4009109367497394,-0.0095397521650755,0.091331122956931,-1.3246825257365946,-0.8798877695636941,-0.1578357679999859,-0.6087123474778179,0.0051783544571168
2018-05-23,0.6505422439550941,-0.0006523756309304,0.0887550466756222,-1.3203696995507446,-0.8798877695636941,0.0520950349566234,-0.7133459055412549,0.0092536976515404
2018-05-24,0.5847685503941161,0.00630563833748,0.0658759488008487,-1.317132952393255,-1.419012740493648,0.6292473264684051,-0.555765245807163,0.0127773213748754
2018-05-25,0.5413797521650644,0.010558998482638,0.0338031592492352,-1.3138364104106783,-1.6347403752848708,0.4718307075747268,-0.5040787894143809,-0.0014386338649637
2018-05-29,0.2108757558003821,0.009416165588058,-0.0301869019761539,-1.310497121787613,-1.365177889819894,0.4718307075747268,-0.7133459055412549,0.0073513185789493
2018-05-30,0.5099634676342203,0.0077806570161835,-0.0360292331385437,-1.307422630306425,-0.8798877695636941,0.3144140886810486,-0.398184586073071,0.000286367430321
2018-05-31,0.5215293431983358,0.0052841637900897,-0.0462391089402242,-1.3042712537558885,-0.5023967613537382,-0.1053215839370547,0.8624606917996643,0.0184815219470939
2018-06-01,1.1262978699706174,0.0100359867798132,0.0397141167904929,-1.3002316857147151,-0.6641601347724715,0.4194424568069109,0.0216102914585498,0.0273837658876832
2018-06-04,1.360107456169248,0.0223354465302307,0.1292167967107885,-1.2967813981282468,1.4387637196710603,1.7836778427870836,-0.451131687743726,0.0366144864128572
2018-06-05,1.4572092203066132,0.0396790776291586,0.189032453979826,-1.2935190296242514,0.1986209936936842,1.9410944616807615,-0.555765245807163,0.035775725673627
2018-06-06,1.6324814615833625,0.0617528056770476,0.2451237003709542,-1.2899833609159133,0.4142192177861716,0.1569974697873704,-0.6616594491484729,0.0271817346596561
2018-06-07,1.0638631654574051,0.0806221638264679,0.2071250920035725,-1.287660412575676,-0.7181243961449608,-0.6824738754488366,1.177622011267848,0.0082993166803564
2018-06-08,0.9505396702849652,0.0946979247981887,0.1502808363159111,-1.2862085759967292,-0.7181243961449608,0.2095116538503016,0.4943522706608256,0.0013955835690422
2018-06-11,0.9903215825257616,0.104620362625319,0.1010291879123052,-1.2846029903089178,0.8456744873686171,-0.944918862468377,-0.6616594491484729,0.002781464316317
2018-06-12,1.1640101046990028,0.1128986532514886,0.0815322797627527,-1.2826899624829318,-0.340633387935005,-0.3152523868936639,-0.8709265652753468,-0.0088424783706633
2018-06-13,0.7791084449132998,0.1160716345183373,0.0209916252547072,-1.2805292873438576,-0.340633387935005,-0.262738202830733,-0.9238736669460018,0.00626730860576
2018-06-14,1.0482559854253677,0.118465335946334,0.0117506354990366,-1.278197786871545,-0.1788700145162717,-0.6824738754488366,-0.9238736669460018,0.0041021047691962
2018-06-15,0.7646007748016019,0.1172579353201379,-0.0309525701182822,-1.2757945255991845,-0.8798877695636941,-0.0004191491063077,-1.1860878847435308,0.0041011911584014
2018-06-18,0.8108775125078023,0.1133962550882959,-0.062428003488401,-1.2730750457383555,-0.3945976493074943,0.5768590757005891,1.8596311065969984,-0.0059211942420116
2018-06-19,0.4214105207684356,0.1044223251893539,-0.1230509587437392,-1.271185045579475,-0.6641601347724715,0.6817615105313362,0.4414051689901706,0.0013038689760418
2018-06-20,0.5223869225638251,0.0927809157754925,-0.1546829215405046,-1.269081157999372,-0.2866691265625155,-0.5775714406180894,-0.8192401088825648,-0.0134038029700948
2018-06-21,-0.0319085792083944,0.0751938762504385,-0.2251884116215625,-1.2678841679463344,-0.6101958733999822,-0.8398904943425148,-0.6087123474778179,-0.0128277340532306
2018-06-22,-0.2456617021663581,0.0522335796837009,-0.2889064892635325,-1.2668159645904224,-0.8259235081912047,-1.3646545350864805,-0.451131687743726,-0.0344009987199316
2018-06-25,-1.321109126401697,0.015776231426321,-0.4489595410513844,-1.2669649188973695,-0.340633387935005,-0.3676406376614802,-0.6087123474778179,-0.0254798869876134
2018-06-26,-1.0825214045047775,-0.0260368953350526,-0.512470351701852,-1.26654942547738,-0.3945976493074943,-0.5250572565551584,-0.0830232666048872,-0.0407934011141812
2018-06-27,-1.6205560482975718,-0.0764721467039984,-0.6147147075780192,-1.2673836439016917,-0.7181243961449608,-0.0004191491063077,0.6519329303949175,-0.0215403808300364
2018-06-28,-0.9593403444562718,-0.1242830131886257,-0.5835937769163769,-1.2675150453080504,-0.5563610227262276,0.1569974697873704,0.2838245092560787,-0.0187854335200016
2018-06-29,-0.9771510945573836,-0.168634537119025,-0.5425716080994901,-1.2686884328785482,-0.8259235081912047,-1.3121403510235492,-0.8709265652753468,0.0109619003238383
2018-07-02,-0.5260698329772421,-0.204462171012461,-0.4414921542461786,-1.2698172442130875,-1.0954859936561816,-1.2072379161928022,-0.7662930072119098,-0.0050279172724251
2018-07-03,-1.0345371358376352,-0.2392663995198171,-0.4293562330826135,-1.2718708985321632,-1.0416511429824271,-1.3121403510235492,-0.293551028009634,0.0230121199118522
2018-07-05,-0.3932998550126049,-0.2648533136561952,-0.3200538959369474,-1.2734860387740885,-1.1494502550286712,-1.049821297299124,-0.555765245807163,0.022446488744392
2018-07-06,0.0559993811602805,-0.2776497314306438,-0.1683794396534668,-1.2739030673718843,-0.987686881609938,-0.7349880595117676,-1.2390349864141856,0.030661094605151
2018-07-09,0.3212259655407067,-0.2780481257154751,-0.0213590724553118,-1.273754786019593,-0.8259235081912047,-0.3676406376614802,-0.5040787894143809,0.0239688621144522
2018-07-10,0.4029402178892751,-0.2695746446006274,0.0838469210717546,-1.27352917797146,0.7377459646236381,0.4194424568069109,0.2838245092560787,0.0321973951007865
2018-07-11,0.1977443821580743,-0.2581229312270116,0.1191639053194589,-1.2738424313534793,-0.6101958733999822,0.7866639453620833,0.5472993723314805,0.0338835421647381
2018-07-12,0.7328694901251371,-0.2375440558782061,0.2273971818730281,-1.272871210577294,0.0368576202749509,1.1014971831494396,-0.5040787894143809,0.0208273192660559
2018-07-13,0.6718026575284524,-0.2131125376122638,0.2730832524660707,-1.272404116957134,-0.2328342758887612,-0.3152523868936639,-1.1860878847435308,0.0107536143245356
2018-07-16,0.5369519567978271,-0.1890320943484076,0.2689200747011607,-1.2718470577115162,0.1446567323211947,-0.4726690057873421,-0.7133459055412549,0.0158840702988547
2018-07-17,0.7949519891112652,-0.1629257497522851,0.2929439651242155,-1.2708957521871562,1.49272798104355,-0.7349880595117676,1.1246749095971933,0.018184586891373
2018-07-18,0.6927519284268528,-0.1381617827379285,0.277025553197099,-1.2697301736946358,0.0368576202749509,-0.8398904943425148,3.33080414587448,-0.0012392592556718
2018-07-19,0.4680991161119338,-0.1178330988802926,0.2244303182489678,-1.26891596866137,1.115236972833594,-0.3676406376614802,2.070158868001745,0.0001376719193597
2018-07-20,0.4795274866988495,-0.1017013008402158,0.1746620874900088,-1.2676132546280336,1.9780181012997495,-0.1053215839370547,0.4414051689901706,0.007600029113516
2018-07-23,0.6923164993049368,-0.0869450671200713,0.1583501348960741,-1.2657963121089006,-0.340633387935005,-0.3152523868936639,1.4398362290653772,0.005623646463009
2018-07-24,0.9086810407725996,-0.0715443190328441,0.165993025635258,-1.2623766860189063,-0.1788700145162717,-0.6300856246810204,2.1231059696723995,0.0199200469870308
2018-07-25,1.335995217739434,-0.0506046335124039,0.2316758028941126,-1.2584085387954818,-0.340633387935005,-0.3676406376614802,0.8095135901290095,0.0078589819578676
2018-07-26,0.341111668892856,-0.036042896960176,0.1560437152421646,-1.254603218558821,-0.071070902470028,-1.3121403510235492,-0.0313368102121051,-0.0096486726465851
2018-07-27,-0.486179458427564,-0.0358097547817964,-0.0138700785202672,-1.2525891493953452,-0.7181243961449608,-0.6300856246810204,-0.346498129680289,-0.030033077707375
2018-07-30,-1.0668138711416166,-0.0532133237594413,-0.2230127497289461,-1.2515092744821332,-0.8798877695636941,1.258913802043118,-0.8192401088825648,-0.032733154661141
2018-07-31,-0.9489736780069116,-0.0800485590817282,-0.3348569521892003,-1.2507979193519936,-0.7181243961449608,2.5707609372554745,-1.1344014283507486,-0.0360991345475337
2018-08-01,-0.5650106066318942,-0.1074178060065041,-0.3411894601048179,-1.248826708988116,-0.3945976493074943,2.2559276994681183,0.2838245092560787,-0.0087551395101405
2018-08-02,-0.0874822676018201,-0.1278049108435153,-0.2583926260423136,-1.24692405587973,-0.6101958733999822,2.3608301342988653,0.3897187125973886,0.0121087632634897
2018-08-03,0.0407716970636719,-0.1413691979832888,-0.1774851197761756,-1.2455013666492836,-0.3945976493074943,1.5737470398304745,-0.555765245807163,0.0336495130333061
2018-08-06,0.2312822627780422,-0.1476126799781711,-0.0906722934019225,-1.2442072257778558,-0.8259235081912047,1.0491089323816238,-0.2406039263389791,0.0348279741100234
2018-08-07,0.3660506308161804,-0.1473751173833181,-0.013817659579971,-1.2428187801254336,0.5221477405311507,-0.262738202830733,1.0717278079265389,0.0283678580588706
2018-08-08,0.4631098670059468,-0.1420919523720704,0.0460149678235405,-1.2410189699102292,-0.2328342758887612,-0.5775714406180894,-0.6087123474778179,0.0160090193947917
2018-08-09,0.4783042011306935,-0.1341478224022116,0.0775696785920797,-1.240161892057476,-0.5563610227262276,-0.0004191491063077,-1.2390349864141856,0.0042631148170655
2018-08-10,0.0210395600424827,-0.1296035960065123,0.0372523592766373,-1.239741933302953,-0.2866691265625155,-0.4726690057873421,-1.3436685444776226,-0.0024622418584024
2018-08-13,-0.0540463921238505,-0.1286062078101761,-0.0048073653963727,-1.239261969425013,-0.6641601347724715,-0.262738202830733,-0.0830232666048872,-0.0001361888562744
2018-08-14,0.2200066262299622,-0.1271534461762663,0.0005926219532586,-1.2388591289545294,0.3064201057399279,0.5768590757005891,0.7565664884583545,-0.0118222330403005
2018-08-15,-0.2812091877342617,-0.1306563486936238,-0.058173484099065,-1.2389191340779453,-0.5023967613537382,-0.0004191491063077,-0.5040787894143809,-0.007878495586636
2018-08-16,-0.076482050080517,-0.1352705648116205,-0.0713518535202152,-1.2384820289996046,-0.6101958733999822,-0.6824738754488366,0.9141471481924464,0.0016428822621579
2018-08-17,-0.0057430283296092,-0.1400111609742905,-0.0728505150278301,-1.237967800513808,-1.2034145164011607,-0.6300856246810204,0.9141471481924464,0.0015084236770703
2018-08-20,-0.0970077017721096,-0.1458072577111256,-0.0853670328519464,-1.2378649436007376,-0.9337226202374486,-0.0004191491063077,-1.5012492042117145,-0.0029981234141646
2018-08-21,-0.0106538881138798,-0.1515375414620096,-0.0845865980214247,-1.2380020651216652,2.0858172133459933,-0.0004191491063077,-0.346498129680289,0.0090761166705302
2018-08-22,0.149259204041913,-0.1557785305370512,-0.0669259886273565,-1.2387391116977535,-0.2328342758887612,-0.2102240187678018,-0.8192401088825648,0.0068450958186876
2018-08-23,0.265563349309694,-0.1581332725671145,-0.0445581706109297,-1.2383620397826058,0.2524558443674384,-0.1053215839370547,-0.0313368102121051,0.015447886166126
2018-08-24,0.751212414106495,-0.1543222281639234,0.0285580149037711,-1.236279385323861,0.5221477405311507,-0.6300856246810204,-0.8192401088825648,0.0262868835010088
2018-08-27,1.1180929882844743,-0.1424217086537783,0.124486015174192,-1.232654038397782,-0.1788700145162717,0.4194424568069109,-1.1860878847435308,0.0263806087036433
2018-08-28,1.1831648277229805,-0.1255877038223915,0.1829891164227975,-1.2290801234332105,-0.2866691265625155,-0.1053215839370547,1.7020504468629063,0.0325701780237486
2018-08-29,1.498950730288689,-0.102184841400241,0.2608850694249227,-1.2254719158210046,-0.1249057531437822,-0.1578357679999859,1.754997548533561,0.027196238086923
2018-08-30,1.239256399450826,-0.078056106606754,0.2694927335951222,-1.2228322161365304,0.6839111139498839,1.206525551275302,0.5472993723314805,0.0177704550727417
2018-08-31,1.269251970029845,-0.0548947188601517,0.2580215730379478,-1.2203639095907848,0.7377459646236381,0.9965947483186924,-0.7133459055412549,0.0046691761269712
2018-09-04,0.9277973882111828,-0.0362524608334592,0.2044320544026868,-1.218478402806216,1.0612727114611045,0.7342756945942673,1.1246749095971933,-0.0095888311553358
2018-09-05,-0.013293243959301,-0.028782929802122,0.0719417081118058,-1.217638506327002,1.2770003462523274,-0.4726690057873421,1.2822555693312851,-0.0256039113026711
2018-09-06,-0.4554560252650208,-0.0332435307491978,-0.06953022777036,-1.2174328065207505,1.2770003462523274,0.4194424568069109,-0.1359703682755421,-0.0259461766606436
2018-09-07,-0.6468656053066603,-0.0474115048477069,-0.1846438639437725,-1.2174670991683845,1.0074378607873504,0.2620258379132327,-0.9238736669460018,-0.0236769709333474
2018-09-10,-0.4589631785413062,-0.0659397699782493,-0.2363498144250911,-1.216798595827899,1.2230360848798378,1.6787754079563366,-0.293551028009634,-0.0115524408264583
2018-09-11,0.0141694245035091,-0.0823621516112247,-0.2113774657803145,-1.2155044549564713,1.0612727114611045,1.3639421701689802,-0.451131687743726,-0.0032268924050625
2018-09-12,-0.2507409317197219,-0.0993820167792716,-0.2184626474461374,-1.2148616711017115,1.0612727114611045,2.3084418835310494,0.3367716109267336,0.0158470011340889
2018-09-13,0.3342472846784973,-0.1102339707631285,-0.1453212658457045,-1.2129076000517072,0.5759825912049049,1.7311636587241523,0.0745573931292047,0.0184829700541291
2018-09-14,0.2804224609326684,-0.1175884048580334,-0.1038463760144992,-1.2112792180249532,0.4142192177861716,1.416330420936796,-1.3966156461482775,0.0025738612406549
2018-09-17,-0.4837527605323167,-0.1295425983454949,-0.158392031254076,-1.2105507235809403,0.5759825912049049,1.311427986106049,-1.4495627478189326,0.0004031332983489
2018-09-18,-0.1590196296501199,-0.1408780458466811,-0.1510547115449498,-1.2093251469749484,0.8456744873686171,1.5213587890626583,0.0745573931292047,0.0020234333865736
2018-09-19,-0.3057542293022342,-0.153023257020065,-0.1606571899182102,-1.2083652542687917,1.0612727114611045,0.4718307075747268,-0.5040787894143809,0.002133445529252
2018-09-20,0.2604206820183425,-0.1591957073039768,-0.0898299729918719,-1.206839715135219,0.8456744873686171,-0.0004191491063077,-0.0830232666048872,-0.0010271394673346
2018-09-21,0.021601861490042,-0.1638116327897599,-0.0713721238382905,-1.2057058005612111,-0.340633387935005,0.7866639453620833,0.4414051689901706,0.0166791343204
2018-09-24,0.250418440776278,-0.164959139319438,-0.0302423236769469,-1.2048879643767856,1.1692012342060836,0.3669282727439798,-0.0830232666048872,0.0090497653070986
2018-09-25,0.172573268408209,-0.164900628971483,-0.015940927624159,-1.204730324748821,2.193616325392237,0.2620258379132327,0.0745573931292047,0.0078489067016147
2018-09-26,-0.0716585996729047,-0.1664727741558358,-0.035277846555983,-1.2049248717336531,1.115236972833594,-0.4201548217244112,0.3897187125973886,0.0019225752910714
2018-09-27,0.2294403696370547,-0.166228169999427,-0.0137341581277878,-1.2053238427148696,0.3603843671124174,-0.4201548217244112,0.3367716109267336,0.0096498082362277
2018-09-28,0.4105351420490951,-0.1632432986215894,0.0187609483263109,-1.205284895464204,0.3603843671124174,-0.9973071132361928,-0.398184586073071,0.009469343026413
2018-10-01,0.6334617112415993,-0.1565188678037563,0.0631060330479102,-1.204987778974019,-0.4484324999812489,-1.4171687191494116,-0.2406039263389791,0.0108159395267846
2018-10-02,0.6396844836858167,-0.1481369917566272,0.0827606341563857,-1.2044335377260196,0.5221477405311507,-1.5220711539801586,-0.0313368102121051,0.0176917157001563
2018-10-03,0.7866151483744255,-0.137939102580139,0.1042955923163406,-1.2028758579977203,1.2770003462523274,-1.4171687191494116,-0.8709265652753468,-0.0065290134446932
2018-10-04,-0.4808895729871727,-0.1373589709270603,-0.0097553484564876,-1.2020335220578815,0.4681834791586611,-0.3152523868936639,-0.8709265652753468,-0.0226997380874366
2018-10-05,-1.1021343520355749,-0.1499923881376417,-0.1664465184282947,-1.2017852788995256,0.1446567323211947,-0.6300856246810204,-1.1344014283507486,-0.0383141651042704
2018-10-08,-1.547762291750764,-0.1765871537753267,-0.3320053733581236,-1.2024479359464444,2.031852951973504,-1.1547237321298711,0.8095135901290095,-0.0350065141946341
2018-10-09,-1.3374478353810524,-0.2090430784095648,-0.4015091735889929,-1.2034269307508854,2.139781474718483,-0.4201548217244112,2.280686629406492,-0.0845512530034002
2018-10-10,-2.6021119926811256,-0.2690117230350775,-0.7277652255415191,-1.20718448522692,1.49272798104355,-0.3676406376614802,1.6503639904701235,-0.0795333489599413
2018-10-11,-2.798758726738577,-0.349508276682269,-0.971192794839559,-1.2124444460202577,0.2524558443674384,0.6817615105313362,-0.293551028009634,-0.037897562281611
2018-10-12,-1.5155075412593968,-0.4229216453886423,-0.8871977570979683,-1.2157610749982948,-0.6641601347724715,-0.8924046784054458,-0.188917469946197,-0.0428629149572872
2018-10-15,-1.8414018146584172,-0.496120605876115,-0.8846552248064742,-1.219269615222098,1.2770003462523274,-0.7875022435746986,-0.346498129680289,-0.0175223036193515
2018-10-16,-0.9213497246229796,-0.549997445821073,-0.6555263431273459,-1.2213750800396743,1.762290466508527,-0.4726690057873421,1.492783330736032,0.027765490409833
2018-10-17,-1.0249249684496922,-0.5908019181992101,-0.5005093534085653,-1.2236014874266772,-0.1788700145162717,-0.7875022435746986,0.1791909511926417,0.0205448969316632
2018-10-18,-1.435760058041608,-0.6306772136125264,-0.4894908278609696,-1.2277860456512817,-0.2328342758887612,-0.0528073998741236,-0.7662930072119098,-0.0115770058188279
2018-10-19,-1.4441913539017988,-0.667418266893566,-0.4523238205907252,-1.2317418693925846,-0.2328342758887612,-0.262738202830733,-1.1860878847435308,0.0132051340702006
2018-10-22,-1.182353199283326,-0.6953716809372511,-0.3481167307620339,-1.2355170678984837,-0.0171066410975385,-1.1547237321298711,-0.5040787894143809,-0.0202031387731056
2018-10-23,-1.2701403932133823,-0.7174550733407394,-0.2785078340112296,-1.239447052985007,-0.340633387935005,-0.2102240187678018,-0.555765245807163,-0.0597704939730991
2018-10-24,-2.0962837789662934,-0.7563012330245316,-0.4772869541565754,-1.245845162358724,0.7377459646236381,1.1540113672123709,0.0745573931292047,-0.0079950737236437
2018-10-25,-1.1709191821510003,-0.7861756573754709,-0.3708967844536969,-1.2506351204050064,1.8700895785547704,-0.262738202830733,1.1246749095971933,-0.0274245710482671
2018-10-26,-1.5045593044982084,-0.8177474210842021,-0.3910244649546585,-1.2568612057450053,-0.0171066410975385,-0.262738202830733,1.754997548533561,-0.0517070553638516
2018-10-29,-1.7543409003319277,-0.8558304600916594,-0.4682375857515896,-1.264385834201467,0.5759825912049049,0.6817615105313362,0.4943522706608256,-0.0374008131087825
2018-10-30,-1.472039051800219,-0.8894590986258469,-0.4154156505635955,-1.271274103417143,-0.340633387935005,2.4133443183617964,0.0216102914585498,0.0317104821006359
2018-10-31,-0.9166283853280808,-0.9057816042430908,-0.2101930988915592,-1.2769756346233554,-0.5023967613537382,1.1540113672123709,-0.5040787894143809,0.0090668315423245
2018-11-01,-0.6613823428393181,-0.9033201902136644,0.0125535966754284,-1.2808024683791472,-1.4729770018661377,1.6787754079563366,1.5444697871288144,0.0095461873731979
2018-11-02,-1.029935108231175,-0.897691187031908,0.050116045294631,-1.284999076698045,-1.257249367074915,1.9410944616807615,0.1791909511926417,0.025844024503181
2018-11-05,-1.0483289712227934,-0.8895872016966253,0.0794653028859758,-1.2885420988379794,-0.8259235081912047,1.5213587890626583,-1.0285072250094387,0.0208303816937389
2018-11-06,-0.895504174082373,-0.8760235448298471,0.144208115642701,-1.2919389355989752,0.7377459646236381,0.1046092190195545,-1.1860878847435308,0.0264068383146052
2018-11-07,-0.2453977535401538,-0.8440319319486451,0.3627336622526852,-1.2905458353435215,0.2524558443674384,-0.6300856246810204,-0.5040787894143809,0.0136931385020389
2018-11-08,-0.2651891214367585,-0.8014332347313095,0.4885164078093558,-1.2884475276791003,-0.071070902470028,-0.7875022435746986,0.5989858287242625,0.0160022521547673
2018-11-09,-0.6624592245743839,-0.7621297451261745,0.4494406120951771,-1.2892988854172849,-0.1788700145162717,-0.944918862468377,-0.6616594491484729,-0.0187855833877201
2018-11-12,-1.3200935637983324,-0.7435270217143332,0.2039632382565225,-1.2912681960862504,-0.6641601347724715,1.206525551275302,-0.7662930072119098,-0.0237335814092195
2018-11-13,-1.2915281776979406,-0.7373708571124024,0.0563673212041855,-1.2949746060084957,0.2524558443674384,1.5213587890626583,-0.0830232666048872,-0.0629828668504544
2018-11-14,-1.4915166848199748,-0.744198705851479,-0.0976019312899123,-1.2990937965022755,1.1692012342060836,1.1540113672123709,0.3897187125973886,-0.0386941785712237
2018-11-15,-0.8928741437907528,-0.7459584557941358,-0.0375025334568493,-1.3005729087745883,-0.5563610227262276,0.3669282727439798,-0.7662930072119098,-0.0233390139332849
2018-11-16,-0.9237691073881996,-0.7442959416008736,0.003079945704706,-1.3021208306603882,-1.0416511429824271,-1.049821297299124,-0.293551028009634,-0.0262688404944996
2018-11-19,-1.57390178760721,-0.758190029590436,-0.1813960207418678,-1.30640342646134,-0.6101958733999822,1.7311636587241523,-0.293551028009634,-0.0483250716820043
2018-11-20,-1.8622242266954216,-0.7901995260199048,-0.3962152621322385,-1.311666387510848,-0.6101958733999822,0.9440805642557616,-0.451131687743726,-0.0297076262848076
2018-11-21,-1.685324037498355,-0.8274932967533363,-0.4588781494218945,-1.3138162813555514,-0.8798877695636941,0.2620258379132327,-0.9238736669460018,-0.0620609192691005
2018-11-23,-1.8110280042878264,-0.8692292172966279,-0.5115548116932446,-1.3184600645378115,-1.0954859936561816,-0.9973071132361928,-0.293551028009634,-0.0392907019460565
2018-11-26,-1.2665890427244275,-0.8999979007452549,-0.3815012409642388,-1.320661576107547,0.4681834791586611,0.4194424568069109,-0.2406039263389791,0.0007620357953688
2018-11-27,-1.2194891476506988,-0.9200626863317808,-0.2545704446598488,-1.3217623266349563,1.1692012342060836,0.4194424568069109,1.6503639904701235,0.0585671353435859
2018-11-28,-0.4626826302755062,-0.914622910836996,0.0478721131028674,-1.3215301222292144,1.115236972833594,-0.7349880595117676,0.2321380528632966,0.040668092095851
2018-11-29,-0.6543134366059551,-0.8968685046869307,0.1939035770991365,-1.3232500260890665,1.3309646076248167,-1.1547237321298711,-0.8192401088825648,0.0602369491391101
2018-11-30,-0.4558598113073429,-0.8664782772924258,0.3437438383926825,-1.3251161258427733,0.4681834791586611,-0.6824738754488366,-0.8192401088825648,0.0596678014446416
2018-12-03,-0.024667753179604,-0.8178468743824383,0.5600544724754558,-1.3245141468739252,0.8456744873686171,-0.6300856246810204,-0.8709265652753468,0.017514346425709
2018-12-04,-0.784966824359407,-0.777992598985243,0.4559720345807074,-1.3261136794748127,1.2770003462523274,0.2620258379132327,0.1791909511926417,-0.0147146639450251
2018-12-06,-0.7401152283474239,-0.7436474924470067,0.3906422641314832,-1.3279539896433508,0.4681834791586611,-0.6824738754488366,0.6519329303949175,-0.0401189027632465
2018-12-07,-1.313301577132151,-0.7304596094026939,0.1397520500925289,-1.33356950182276,-0.0171066410975385,-1.3121403510235492,-0.346498129680289,-0.0360611779507273
2018-12-10,-1.0338124299776663,-0.7239717148004822,0.0603010987529051,-1.3383680785955892,-1.1494502550286712,1.1540113672123709,1.5444697871288144,-0.0557317629193603
2018-12-11,-1.0083470177946452,-0.7205644539089562,0.0237698000561957,-1.3420401012359513,-1.0954859936561816,1.1540113672123709,2.1747924260651823,-0.0109262448579623
2018-12-12,-0.8404232863244957,-0.7147477992911915,0.0523412857170495,-1.3431580366418718,-0.987686881609938,-0.944918862468377,2.0172117663310902,-0.0114996169858045
2018-12-13,-0.80307071802885,-0.7060742542724715,0.0862193531481287,-1.3442502034924562,-0.7181243961449608,1.416330420936796,0.4943522706608256,-0.0004644205059224
2018-12-14,-1.2524182499142182,-0.7067747400704573,-0.0249413858158741,-1.3460389274807116,-1.365177889819894,-0.3152523868936639,-0.6616594491484729,-0.034967090013625
2018-12-17,-1.5823347689768792,-0.7222389129209298,-0.2000146701561531,-1.350441922580405,-1.365177889819894,-1.2597521002557333,1.177622011267848,-0.0285190944994337
2018-12-18,-1.3913309069412518,-0.7416947289509097,-0.2473490574854447,-1.3543203355065347,-0.6101958733999822,-0.9973071132361928,0.4943522706608256,-0.0550850993712632
2018-12-19,-1.689357703415556,-0.770693203545206,-0.3605094469093987,-1.3570464187349172,1.1692012342060836,-1.2072379161928022,-0.346498129680289,-0.0735760025157683
2018-12-20,-1.9298795059532348,-0.811148381550981,-0.4963672910122521,-1.3595231056691022,-0.5563610227262276,0.7866639453620833,0.0745573931292047,-0.079186244543869
2018-12-21,-2.2796031992577377,-0.8688682269919028,-0.7010981296007553,-1.3640061157782852,-0.987686881609938,-0.6824738754488366,-1.1344014283507486,-0.0843340192452595
2018-12-24,-2.5334778727334246,-0.9444860457664896,-0.913338944745352,-1.3693463859987731,-1.5269412632386272,-1.5220711539801586,-1.3436685444776226,-0.0366533662140008
2018-12-26,-1.308027466967258,-1.0010325407585745,-0.6871841041930291,-1.3729279418026583,-1.5269412632386272,-1.5220711539801586,-1.5541963058823696,-0.0101359063016954
2018-12-27,-1.17652901109953,-1.0379888983938392,-0.4548769795877264,-1.3762412761068636,-1.365177889819894,-0.7349880595117676,-1.5541963058823696,0.0056508110250137
2018-12-28,-1.2079965873218987,-1.0601285102253564,-0.2791745048688365,-1.3816534333063972,-0.8259235081912047,-0.6824738754488366,-1.0814543266800938,0.0469593791221834
2018-12-31,-1.0198037605548975,-1.0660106862120369,-0.0863877925666718,-1.3859970822174414,-1.6347403752848708,-1.5220711539801586,-1.5012492042117145,0.076362330221535
2019-01-02,-1.006379685991322,-1.059440333889897,0.0612789130208253,-1.3908565403567268,-0.0171066410975385,0.0520950349566234,-0.398184586073071,-0.0361701187917125
2019-01-03,-1.7236058836082089,-1.0661836713695467,-0.0965997653879265,-1.3997093114195618,-0.1788700145162717,2.09851108057444,-0.188917469946197,-0.000650066088074
2019-01-04,-0.9162091356909816,-1.0605491118904746,0.0501819339318272,-1.4040461431597504,-0.9337226202374486,2.3084418835310494,-0.7133459055412549,0.0105862388082469
2019-01-07,-0.7644067057033934,-1.0418556004554826,0.2050398363539498,-1.4080369395132872,0.8995093380423713,1.311427986106049,-0.5040787894143809,0.0095193266773321
2019-01-08,-0.6194310662314388,-1.0106184107923517,0.3537874315380506,-1.4095491141880054,0.8456744873686171,1.311427986106049,0.3367716109267336,0.0219283758597521
2019-01-09,-0.3955932868601982,-0.9658114066514072,0.5147033314804635,-1.411127059665346,0.0906924709487051,1.6787754079563366,-0.7662930072119098,0.0809985059539606
2019-01-10,-0.317862861290783,-0.9114023831518951,0.6285676432493988,-1.4125319716769862,-0.4484324999812489,0.0520950349566234,0.4414051689901706,0.0331709112533269
2019-01-11,-0.3554483161731073,-0.8533716626846245,0.6715150710007863,-1.4144791098920542,-0.2328342758887612,0.6292473264684051,-0.6087123474778179,0.0145044386026813
2019-01-14,-0.5444664016304097,-0.7991574638703939,0.6262573397729388,-1.4170304036636827,-0.6641601347724715,0.0520950349566234,-0.555765245807163,0.0212561297611306
2019-01-15,-0.2428515708433978,-0.7423110279686995,0.6574713847758031,-1.4173680726817834,1.5465628317173044,0.6292473264684051,-0.555765245807163,0.0091512234488608
2019-01-16,-0.2238261609477195,-0.685434896467284,0.6578235262263226,-1.4164757733637732,0.6839111139498839,-0.262738202830733,-0.6087123474778179,0.0111532344035536
2019-01-17,-0.0890590871703157,-0.6277836022236597,0.6670156939208973,-1.415659332158268,1.6005270930897937,0.1569974697873704,0.1262438495219868,0.0284858627371722
2019-01-18,0.2201946610545045,-0.5649779855474092,0.7281375636557809,-1.4129129271012897,0.1446567323211947,-1.2072379161928022,-0.2406039263389791,0.020651284142624
2019-01-22,-0.2150793046720766,-0.5095900747711902,0.64017565213788,-1.4101534309732855,0.5759825912049049,-0.1578357679999859,0.9670942498631012,0.0089201436362988
2019-01-23,-0.1405554612354171,-0.4597791695429791,0.5740414490351907,-1.405601782994251,0.7377459646236381,-0.5775714406180894,0.5989858287242625,0.0164164648756783
2019-01-24,0.0439479854040952,-0.4119198168679006,0.5508992140484341,-1.3992191095179367,3.4877233127421032,-0.4201548217244112,0.1262438495219868,0.0242344272278745
2019-01-25,0.341739445402267,-0.3610237878220168,0.5869092502829715,-1.3950474881455828,0.5221477405311507,-0.6824738754488366,-0.1359703682755421,-0.0045906263539398
2019-01-28,-0.0417548851746055,-0.3171368187581537,0.5037932138330038,-1.3920159325733812,0.1446567323211947,0.4718307075747268,-0.0313368102121051,0.0015562385148537
2019-01-29,-0.3277068569683499,-0.28499849719783,0.3644733882576966,-1.389468059654583,-0.1249057531437822,2.1510252646373718,0.0216102914585498,0.0291611486573888
2019-01-30,0.3244569453675336,-0.2476906238016633,0.4257758539121627,-1.3856937128569191,1.3309646076248167,1.7836778427870836,-0.398184586073071,0.0195355913387555
2019-01-31,0.2944753539322022,-0.2097973572587852,0.4327176632624094,-1.3820143823495992,1.49272798104355,1.3639421701689802,1.1246749095971933,0.0112242808954556
2019-02-01,0.415146300854572,-0.1710130263136721,0.4432842358877557,-1.375294863523642,-0.1788700145162717,0.1569974697873704,0.5472993723314805,0.0413527098902763
2019-02-04,0.7284034217101016,-0.1264088310745178,0.5122983481992798,-1.3699054325636073,-0.071070902470028,-1.2597521002557333,2.070158868001745,0.0615383887729397
2019-02-05,0.8837288648130694,-0.0768849029739596,0.5706383676714284,-1.3644987431206466,-0.5563610227262276,0.0520950349566234,1.7020504468629063,0.0330066461001661
2019-02-06,0.9465446406075676,-0.0258120860353619,0.5890056667742569,-1.3593425049685035,-0.7181243961449608,-0.4201548217244112,-0.5040787894143809,0.0199153376202914
2019-02-07,0.4574727847328209,0.0161157619245696,0.4805612281598941,-1.35569772998173,-0.2866691265625155,-1.2072379161928022,0.2321380528632966,0.0197988403249427
2019-02-08,0.5819487272878996,0.0521094706941339,0.4101920016857404,-1.3519579562294737,-0.8798877695636941,-1.4171687191494116,-0.8709265652753468,0.0032480037180977
2019-02-11,0.5656728433420132,0.0814014262991568,0.330720123611997,-1.3481404351847166,-0.340633387935005,-0.3676406376614802,-0.0830232666048872,0.0080515125710649
2019-02-12,0.8587374848433934,0.1104582124328555,0.3279313966784796,-1.343036039075824,0.5759825912049049,-0.0004191491063077,1.1246749095971933,0.0059818074425217
2019-02-13,0.8872325086153244,0.1374756599538992,0.3037481619939337,-1.3386743991426715,0.0906924709487051,0.524344891637658,1.492783330736032,0.0217458278674609
2019-02-14,0.927214913560724,0.1615832164633319,0.2692415936371372,-1.334260927681186,0.0368576202749509,0.6817615105313362,1.597416888799469,0.0239740814288638
2019-02-15,1.109800505351734,0.1854135602444314,0.2659543021470315,-1.3297265732347996,-1.257249367074915,-0.7349880595117676,-0.6087123474778179,0.0247198480123516
2019-02-19,1.1164877235104274,0.2067795978544812,0.2367316443209837,-1.326021358508062,-0.7181243961449608,-1.1023354813620552,-0.6616594491484729,0.0124893390015978
2019-02-20,1.1449474398991708,0.2248210967807187,0.1973080298659944,-1.3212969714809888,0.6299468525773944,-0.6300856246810204,-0.188917469946197,0.0116027863449463
2019-02-21,1.1562773097763197,0.238773748390588,0.1488209597799381,-1.3167366697256864,-0.1788700145162717,-0.0004191491063077,-0.0830232666048872,0.0227304721439554
2019-02-22,1.474330926120151,0.2545029640210224,0.1698881157563118,-1.31187408164626,0.0906924709487051,-1.3646545350864805,-1.0285072250094387,0.0195347637795826
2019-02-25,1.584519966996506,0.2716151995583994,0.1862884794700398,-1.3075124311981912,1.2230360848798378,-0.944918862468377,-0.9238736669460018,0.0213958744328139
2019-02-26,1.6333921786756678,0.2883908926686869,0.1822976343768761,-1.302261204795482,0.5221477405311507,-1.2072379161928022,-0.9238736669460018,0.0192197861785545
2019-02-27,1.564711656361934,0.3021555037026341,0.1465911047918937,-1.2964658279596284,-0.071070902470028,-1.4171687191494116,-0.9238736669460018,0.0159135782587001
2019-02-28,1.3622062064083047,0.3104274652404515,0.0814572270824321,-1.2925706086919808,-0.6641601347724715,-1.5220711539801586,-0.9768207686166568,0.0099091033596552
2019-03-01,1.5520103454986482,0.3167929240490378,0.0588492096391208,-1.288200350032282,-0.6641601347724715,-1.2072379161928022,-1.5012492042117145,0.0012678662455996
2019-03-04,1.2723981434146334,0.3182111693633985,0.0001833146165947,-1.2844001190152008,-0.5563610227262276,-1.3121403510235492,0.0745573931292047,-0.0037959205749232
2019-03-05,1.0563878621775369,0.3134622702569298,-0.0729489744191308,-1.281705415802586,-0.071070902470028,-1.1023354813620552,0.0216102914585498,-0.0080213503678189
2019-03-06,0.6859855175386113,0.3009694904008566,-0.1647787884454558,-1.2798225517670276,0.6839111139498839,-0.262738202830733,0.0216102914585498,-0.0146769729280239
2019-03-07,0.0831609374381705,0.2780290732755836,-0.2886707514633689,-1.2787170555073109,-0.071070902470028,-0.2102240187678018,-0.8192401088825648,-0.0214465566507192
2019-03-08,0.0745617895068272,0.248275671863085,-0.3694616495014314,-1.2768083037473623,-0.8259235081912047,-1.049821297299124,0.2321380528632966,0.0033770380597706
2019-03-11,0.9128364697837884,0.2252317100727564,-0.2898986225583567,-1.273940843961848,0.5221477405311507,0.4194424568069109,0.5989858287242625,0.0122780583040256
2019-03-12,1.097465252684837,0.2093352122375003,-0.2051413403923461,-1.2706847388431066,2.139781474718483,0.2620258379132327,1.7020504468629063,0.0242587532800693
2019-03-13,1.2914612359059738,0.2008804458223241,-0.1168945253345698,-1.2677999925348884,1.4387637196710603,0.524344891637658,1.6503639904701235,0.0362363114991544
2019-03-14,1.35200908041004,0.1973881032815012,-0.0580482599753153,-1.264863449748058,0.7917102259961276,0.6817615105313362,1.2293084676606305,0.0489301201244563
2019-03-15,1.675953977979878,0.2022526540088505,0.0410508841706359,-1.261274133935806,-0.5563610227262276,0.8391781294250144,0.0216102914585498,0.031227418065957
2019-03-18,1.7788338677224271,0.213105727258426,0.1120650083920835,-1.257891197894405,-0.2328342758887612,1.7311636587241523,0.0745573931292047,0.0272866241749936
2019-03-19,1.8286949740024276,0.2269736832490325,0.1478166076705458,-1.2543955840079355,0.5221477405311507,1.258913802043118,1.177622011267848,0.0178211584494922
2019-03-20,1.608377187183926,0.2392878140051241,0.1293907709449225,-1.2511423249265898,1.2230360848798378,0.6817615105313362,2.280686629406492,0.0412247966670697
2019-03-21,2.166970600825448,0.2619014405757868,0.2515260175737249,-1.2463206889419058,1.2770003462523274,0.6292473264684051,0.7565664884583545,0.0045214498699084
2019-03-22,0.7421269607160428,0.275702947345379,0.1470286281283455,-1.2438014060810345,-0.2328342758887612,0.7342756945942673,-0.398184586073071,-0.0040927430903643
2019-03-25,0.5296899471685507,0.2795671013197418,0.0291878079237574,-1.2418530411257096,0.1446567323211947,1.6787754079563366,-0.0830232666048872,-0.0006802538263176
2019-03-26,0.6928771074573946,0.2784763190204837,-0.0295696666850997,-1.2396876272642725,-0.1788700145162717,2.2034135154051877,1.3868891273947226,-0.0036863351464782
2019-03-27,0.403995143621486,0.2699213028505429,-0.1180833241595902,-1.2378256879125218,-0.0171066410975385,1.0491089323816238,1.1246749095971933,-0.0241045698172874
2019-03-28,0.5381564223883302,0.257915508963692,-0.1590039279545584,-1.2355310667572994,-0.4484324999812489,-0.2102240187678018,-0.293551028009634,0.0092744054634172
2019-03-29,0.84118197330939,0.2482020703635394,-0.1318203275781533,-1.233027142684442,-0.7181243961449608,0.4718307075747268,-1.3966156461482775,0.027534245892183
2019-04-01,1.20702077020482,0.2463671852007588,-0.0383935148024949,-1.229414876314472,-0.3945976493074943,0.8916923134879455,-0.0830232666048872,0.0254766230622824
2019-04-02,1.2932908397650973,0.2501119731307983,0.0277723210373115,-1.2253959560643064,0.2524558443674384,0.4194424568069109,0.2838245092560787,0.0397369522883206
2019-04-03,1.4882512114239972,0.2602106753054495,0.1031193960102449,-1.220528916670234,-0.2328342758887612,-0.262738202830733,-0.346498129680289,0.0311136522788315
2019-04-04,1.2293971651638922,0.2701071018582429,0.1007207365605627,-1.215360463690106,-0.5023967613537382,-0.1578357679999859,-0.555765245807163,0.0259455827471271
2019-04-05,1.3543212432832068,0.2805679997401495,0.1074144472273115,-1.209871473995806,-1.257249367074915,-0.4726690057873421,-0.7662930072119098,0.0159978713940642
2019-04-08,1.4535099795407418,0.2915177152804458,0.1132110285686492,-1.205426720657773,0.5759825912049049,-0.1578357679999859,-0.188917469946197,0.0077055593269599
2019-04-09,1.139086898010903,0.2981854862638142,0.0624341396872183,-1.201656674460952,0.9534735994148608,0.3669282727439798,0.8624606917996643,0.0065891665027424
2019-04-10,1.3399186163381265,0.3041881569040519,0.0545471327983724,-1.1978333176375453,0.8995093380423713,0.3144140886810486,0.8624606917996643,0.0095285980535513
2019-04-11,1.2491214277777678,0.3072850488231027,0.0200893295087391,-1.1942261685269322,-0.1249057531437822,-0.5775714406180894,0.0216102914585498,0.0117232284859511
2019-04-12,1.452283145969688,0.3107459624302907,0.0244060338852724,-1.1909161919860585,-0.071070902470028,-0.4201548217244112,-0.293551028009634,0.0074794124281789
2019-04-15,1.4227655576359952,0.3125678119334467,0.0049694029869775,-1.1879008293852458,0.6839111139498839,-0.3152523868936639,-0.8192401088825648,0.0174027883370748
2019-04-16,1.5739189261522,0.3145957241515645,0.0074129711932256,-1.184677502766165,0.9534735994148608,1.206525551275302,-1.0814543266800938,0.0159725465269702
2019-04-17,1.73079893023355,0.3182583962298589,0.0267985607692749,-1.1809083538422176,0.8995093380423713,1.9410944616807615,-1.0814543266800938,0.0201891571481085
2019-04-18,1.8084160619155836,0.3228479824116638,0.0377902524670217,-1.178542855139932,-0.5563610227262276,0.4194424568069109,-0.188917469946197,0.015492681969129
2019-04-22,1.8722688919169537,0.3275739616912773,0.0394076524775863,-1.1744877285273314,-0.7719592468187153,-1.3121403510235492,-1.5012492042117145,0.0269599904410497
2019-04-23,2.144103081893725,0.3367392171308486,0.0920502379411154,-1.1694188167566082,0.1986209936936842,-0.944918862468377,-0.6616594491484729,0.0221590043009665
2019-04-24,2.152981930852624,0.3468926388477369,0.1037682806650744,-1.1646705047895562,0.6839111139498839,-0.6824738754488366,-0.8709265652753468,0.0162372851528618
2019-04-25,2.1272810237091884,0.3554367427830358,0.0846843927061638,-1.159575607155223,1.762290466508527,-0.262738202830733,-0.6087123474778179,0.0095091730200631
2019-04-26,1.7370240818691831,0.3587958169232043,0.0231983836619132,-1.1550005669919787,-0.1249057531437822,-0.8924046784054458,-0.7662930072119098,0.0074360716581991
2019-04-29,1.745582704191053,0.3572929481716573,-0.0344563408863249,-1.151032076281282,0.3064201057399279,-0.7349880595117676,0.6519329303949175,-0.0017756212314475
2019-04-30,1.8036179130131835,0.3521795463800185,-0.0772713826371248,-1.1478261062843476,0.7377459646236381,0.6292473264684051,2.070158868001745,-0.0046905916172007
2019-05-01,1.5164840533233253,0.3420689528231366,-0.136529938559439,-1.145018693681915,-1.5269412632386272,1.6787754079563366,-0.9238736669460018,-0.0096373671568925
2019-05-02,0.9629400440342936,0.3248672959136684,-0.2206184014338383,-1.1430951228996653,-0.1788700145162717,-0.3152523868936639,-0.555765245807163,0.0035641452956114
2019-05-03,1.384529975235269,0.3079399286241404,-0.2173657732487059,-1.1402530531324933,-1.0954859936561816,-1.3646545350864805,-1.4495627478189326,-0.0044544081045394
2019-05-06,0.6761867665248549,0.2862229431059341,-0.2741628450810809,-1.1382514756898032,0.7377459646236381,-0.262738202830733,-0.451131687743726,-0.0274426049080175
2019-05-07,-0.7143525656928332,0.2491516912386795,-0.45623943806268,-1.1379568897895194,1.115236972833594,-0.5250572565551584,1.2293084676606305,-0.0261114984488514
2019-05-08,-0.7734270282741901,0.2024232746850476,-0.5707576836099042,-1.137428332977524,-0.340633387935005,-1.4171687191494116,1.4398362290653772,-0.0276565323225472
2019-05-09,-1.105974613388046,0.1471304272135981,-0.6723178862853751,-1.1378095687996004,-0.5563610227262276,-1.2597521002557333,0.2838245092560787,-0.0337392317643544
2019-05-10,-0.9109024911309738,0.0899959446821001,-0.6941566788154964,-1.1378961906816154,-1.2034145164011607,-0.8398904943425148,-0.293551028009634,-0.0628915214354285
2019-05-13,-2.2237597659883086,0.0131044842128933,-0.9284422609940036,-1.1409288958846862,-0.987686881609938,0.9965947483186924,-1.1860878847435308,-0.0269102716518203
2019-05-14,-1.4356513225297378,-0.0644489273672064,-0.9362919231173424,-1.1429131447450067,-0.7181243961449608,0.7342756945942673,0.8095135901290095,-0.0151710528752172
2019-05-15,-0.9726875614488474,-0.133144243642032,-0.8312493390676915,-1.144533444305955,0.9534735994148608,-0.8398904943425148,0.5989858287242625,0.0006581616303487
2019-05-16,-0.613791196879328,-0.1881850478287536,-0.669329063405538,-1.1459284652861537,0.6299468525773944,-0.6824738754488366,-0.8192401088825648,-0.0105017651618444
2019-05-17,-0.8913183225201682,-0.2365001511916099,-0.5895732050933082,-1.1480426995440791,0.4142192177861716,-1.3121403510235492,-0.398184586073071,0.0103669747044139
2019-05-20,-1.4115257037469144,-0.2877066005664623,-0.6238598599570113,-1.1514479832879858,-0.071070902470028,-0.6300856246810204,2.0172117663310902,0.0065779927711262
2019-05-21,-0.9359900011842176,-0.3316056936019154,-0.5372065145132022,-1.154801267264895,0.7917102259961276,-0.0004191491063077,1.8596311065969984,-0.0094288102798957
2019-05-22,-1.0911138806040608,-0.3714328594484194,-0.4889200895822622,-1.1585184514715663,1.115236972833594,0.7342756945942673,0.8624606917996643,-0.0356626739473199
2019-05-23,-1.5619399716714524,-0.4159523506007346,-0.5445634258004336,-1.1633534203703553,0.3603843671124174,-0.3152523868936639,0.1262438495219868,-0.0275932629341172
2019-05-24,-1.550691511598795,-0.4607491694099322,-0.5478520801559601,-1.167911117931341,-0.340633387935005,-0.9973071132361928,-0.7133459055412549,-0.0132305882234723
2019-05-28,-1.6255387635549958,-0.5045929454282159,-0.5365505447787228,-1.1726681152194107,0.0368576202749509,0.4194424568069109,-0.8709265652753468,-0.0309417682419251
2019-05-29,-1.7790634117123998,-0.5482439296370898,-0.5342643478993622,-1.1779103338436632,-0.2866691265625155,-0.0004191491063077,-0.7662930072119098,-0.0198422257636023
2019-05-30,-1.489170974395965,-0.5857634486552628,-0.4615551564258604,-1.1825893455011252,0.0906924709487051,-0.4726690057873421,-0.398184586073071,-0.0189681929239421
2019-05-31,-1.9237180712289377,-0.6256696240851927,-0.4898570145668908,-1.1879701857743905,-0.7719592468187153,-0.4201548217244112,-0.451131687743726,-0.0364258770585536
2019-06-03,-2.290837222926608,-0.6733730725306672,-0.582319973912764,-1.1950840174735609,-0.7719592468187153,2.09851108057444,1.6503639904701235,-0.0013683152123622
2019-06-04,-1.0378368956238204,-0.7057258323327691,-0.4002858066938352,-1.199624379442233,-0.1788700145162717,2.2034135154051877,0.5989858287242625,0.0176167946879945
2019-06-05,-0.6401962130873368,-0.7190853833306151,-0.1750572825656621,-1.2018858645906343,0.6839111139498839,1.258913802043118,0.0216102914585498,0.0231160105079817
2019-06-06,-0.3100580567210953,-0.7127812453016569,0.0581220450595968,-1.2033242140367015,0.3064201057399279,-0.262738202830733,0.9141471481924464,0.059813597354982
2019-06-07,0.1623174794292707,-0.6836284195543235,0.329070270086322,-1.2031076067570812,-0.340633387935005,-0.8924046784054458,0.9141471481924464,0.0897638857723817
2019-06-10,0.3993259038852101,-0.6352796039817581,0.5567034468746304,-1.2024230856938147,2.732870707020926,-1.049821297299124,-0.2406039263389791,0.0545283994668206
2019-06-11,0.3993259038852101,-0.5767476757958502,0.6774585782782425,-1.199251737811898,1.7083262051360375,0.3144140886810486,0.5989858287242625,0.035163593608342
2019-06-12,0.1941943414349645,-0.5174398588995444,0.6866593547732308,-1.1974754389499576,0.4681834791586611,-0.4726690057873421,-0.293551028009634,0.0263370394333104
2019-06-13,0.2754897489445441,-0.4586840905719925,0.6801129578126677,-1.196201711036402,-0.2328342758887612,-0.8398904943425148,-0.555765245807163,-0.0011815046892792
2019-06-14,-0.055456387870256,-0.4078873481067789,0.5857318731340877,-1.1961064108433133,-0.8798877695636941,-0.7349880595117676,-1.1344014283507486,-0.010523680356676
2019-06-17,-0.0310383376149934,-0.3641428807447744,0.5021033757268613,-1.1954305400513432,-0.7181243961449608,-0.262738202830733,-1.1344014283507486,0.0074054555218079
2019-06-18,0.4895957564014281,-0.3171238963540668,0.5409338148173904,-1.1924238277218266,0.1446567323211947,-0.0528073998741236,0.5989858287242625,0.0167231146832806
2019-06-19,0.5853754368165737,-0.2685437761682577,0.5594463428856125,-1.189963014806564,0.0368576202749509,0.2095116538503016,-0.398184586073071,0.0285265180550904
2019-06-20,0.9483203708334496,-0.2134871266734366,0.63624743283176,-1.186176516270414,0.2524558443674384,1.1540113672123709,-0.5040787894143809,0.032677210765931
2019-06-21,0.731781339422875,-0.1602159052799509,0.6150751632934698,-1.181578336280955,-1.2034145164011607,0.2620258379132327,-0.8192401088825648,0.0338396956684678
2019-06-24,0.7820687909715224,-0.1101711621944978,0.5768143851943563,-1.1768670788796016,0.6299468525773944,-0.5250572565551584,-0.9238736669460018,-0.0031968205407822
2019-06-25,-0.0149286465587898,-0.0756708913699285,0.3924822598672409,-1.1732260086484034,0.1446567323211947,-0.7875022435746986,-0.9768207686166568,0.003919999858615
2019-06-26,0.3000295031781184,-0.0473242537228127,0.3195101921735776,-1.1684906230186856,-0.340633387935005,-0.262738202830733,0.0216102914585498,-0.0080320334621442
2019-06-27,0.37359090248999,-0.0235318096507972,0.2655048733206624,-1.1639712348034317,-0.6101958733999822,0.6292473264684051,-0.188917469946197,-0.0034481501979019
2019-06-28,0.3678223081452256,-0.0046216469407741,0.2076089676381201,-1.1584034533349266,-1.3112136284474043,1.7836778427870836,-0.293551028009634,0.0104508508545946
2019-07-01,0.8192630076202786,0.0184305601447404,0.2567268682087855,-1.1506656735013958,-1.0954859936561816,0.1046092190195545,-0.8709265652753468,0.0320696830806908
2019-07-02,0.8893382845515739,0.0435814905951114,0.2816143093405888,-1.1447901694969431,-0.9337226202374486,-0.5775714406180894,-0.8709265652753468,0.0289018975151291
2019-07-03,1.089138142051854,0.0722685337325595,0.3235468469054268,-1.13920742880725,-0.7719592468187153,-1.1547237321298711,-1.4495627478189326,0.0243430588439925
2019-07-05,0.985959920514251,0.0996592442610705,0.3081744533673359,-1.134500293253159,-1.5269412632386272,-1.2597521002557333,-0.9238736669460018,0.0166578705507174
2019-07-08,0.5735432261038601,0.1194120351582562,0.2176011656358016,-1.1315279927403306,-0.340633387935005,0.524344891637658,-1.1860878847435308,0.0042890022210195
2019-07-09,0.6852743798308761,0.134328028795649,0.160244627330055,-1.128988051573535,-0.1788700145162717,0.8916923134879455,-0.2406039263389791,0.0095611957194288
2019-07-10,0.9269410839912308,0.1489070106057348,0.1562482159147772,-1.1259002972776857,-0.5563610227262276,-0.4201548217244112,-0.7662930072119098,0.0056179882710656
2019-07-11,1.037169745772434,0.1635731894262981,0.1572822304502149,-1.1221791103928054,0.0906924709487051,0.2095116538503016,0.4414051689901706,0.014884446744346
2019-07-12,1.2453630460134069,0.1806464405075015,0.1858261873098031,-1.1181441864397472,-0.5563610227262276,-0.6824738754488366,-0.0830232666048872,0.0260903034283632
2019-07-15,1.337095017449187,0.1991072824377817,0.2022807549530186,-1.113293928852387,0.2524558443674384,-1.2072379161928022,-1.0285072250094387,0.012936190014966
2019-07-16,0.7466629679679152,0.2107719881216618,0.1216896472404729,-1.1091565195133075,0.1446567323211947,-0.1578357679999859,1.1246749095971933,0.0023673598874243
2019-07-17,0.5922103420601116,0.2148083008035594,0.0312293298178983,-1.1063974615068242,1.4387637196710603,-0.1053215839370547,0.8624606917996643,0.0060830117934165
2019-07-18,0.849789679112177,0.2169283329550263,0.0085053635764628,-1.1033592955571243,1.8162547278810164,-0.1578357679999859,0.9141471481924464,-0.0055456830071418
2019-07-19,0.5828214382421643,0.2139551526046495,-0.0518918419028136,-1.1016132235751102,1.2770003462523274,-1.049821297299124,-0.6616594491484729,0.0025798054272958
2019-07-22,0.9728074296249356,0.2134045207525548,-0.0231643620693514,-1.0987350525946682,0.7377459646236381,0.3144140886810486,-0.5040787894143809,0.0176067685415792
2019-07-23,1.1414708990628566,0.2163988036072492,0.0188725531143262,-1.0955960275660308,-0.1249057531437822,1.5737470398304745,0.2321380528632966,0.028717147477254
2019-07-24,1.3776004730965865,0.225108317134153,0.0866458810769682,-1.0906135343889374,0.0368576202749509,0.3144140886810486,0.5472993723314805,0.0169051785016345
2019-07-25,1.101382356465031,0.2332156468544471,0.0795049618455534,-1.0866484224714048,-0.1249057531437822,-0.0528073998741236,0.8095135901290095,0.0235463045785502
2019-07-26,1.169913504258406,0.240525381062208,0.0700467780288819,-1.082700730265518,0.0368576202749509,1.416330420936796,1.754997548533561,0.0112715823259408
2019-07-29,1.1258531255144808,0.2452812785088928,0.0397624332144037,-1.0787877933635912,-0.4484324999812489,-0.0004191491063077,-0.0830232666048872,-0.0007310193555104
2019-07-30,0.6650842330056322,0.2430428533980201,-0.0431788413827593,-1.076413938807671,0.4681834791586611,0.9965947483186924,0.1262438495219868,-0.0239275385502371
2019-07-31,-0.2310594183865496,0.2262770527973308,-0.215449855446168,-1.075300920877694,-0.2866691265625155,1.8361920268500147,-0.555765245807163,-0.0248755659218148
2019-08-01,-0.483393685135942,0.1970492929488079,-0.3632283966111579,-1.075074850173236,0.1446567323211947,0.8916923134879455,0.3367716109267336,-0.0428622032606372
2019-08-02,-1.1734680168041691,0.1508816740528571,-0.5641075367034085,-1.0758574403575991,-0.5563610227262276,0.6292473264684051,0.4943522706608256,-0.0822630461350846
2019-08-05,-2.273411166854545,0.0716056576911123,-0.9567192103979996,-1.0789790807243125,-0.5023967613537382,-0.3152523868936639,-0.6087123474778179,-0.0609678907501261
2019-08-06,-1.59621365539164,-0.0161020972489704,-1.056705898029639,-1.0812485922589652,-0.3945976493074943,0.6817615105313362,0.7048800320655725,-0.0406094390186694
2019-08-07,-1.3597352878429487,-0.1017598476205058,-1.0323961824787589,-1.0836485658674375,0.5221477405311507,-0.1578357679999859,-0.0830232666048872,-0.0120706956758753
2019-08-08,-0.5454315039548338,-0.168466237010654,-0.8076639053765529,-1.0846572477860916,0.4681834791586611,0.3144140886810486,-0.293551028009634,-0.0070837427893921
2019-08-09,-0.8602859450988171,-0.2266676012298478,-0.7068081581108355,-1.0869615216346489,-0.7719592468187153,-0.1053215839370547,0.3367716109267336,0.0225741958471525
2019-08-12,-1.1898939738894694,-0.284162784305509,-0.698433999833307,-1.0903962050850515,0.3603843671124174,-0.262738202830733,-0.555765245807163,0.0310345459294258
2019-08-13,-0.45971451265984,-0.3243211545895942,-0.4928476348132923,-1.091483146022142,0.2524558443674384,0.524344891637658,-0.2406039263389791,-0.0068394460279673
2019-08-14,-1.1733454311587312,-0.369132164888611,-0.5480203681129919,-1.0945091637383275,0.4681834791586611,0.1569974697873704,-0.451131687743726,-0.0323719814278582
2019-08-15,-1.2098627058601783,-0.4154409007165091,-0.5657809536936356,-1.0981786452738722,0.1986209936936842,-0.5775714406180894,-0.9768207686166568,-0.0026760868759173
2019-08-16,-0.6969025912447766,-0.449543962459182,-0.4210415371718338,-1.10027428915945,-0.7719592468187153,-0.4726690057873421,-1.0814543266800938,0.0259488952603554
2019-08-19,-0.3250748101572567,-0.4653618543217868,-0.2042092015741826,-1.1021438132709596,-0.5023967613537382,0.9440805642557616,0.4943522706608256,-0.0041560113013291
2019-08-20,-0.4538893670927705,-0.471476574060389,-0.0891453827443157,-1.1047524308622998,-0.8259235081912047,1.1540113672123709,-0.2406039263389791,0.0395015314609425
2019-08-21,-0.1646839379537416,-0.4641673869050106,0.0700402908785519,-1.1071436560602557,-0.3945976493074943,-0.0004191491063077,-0.451131687743726,0.0389225688584817
2019-08-22,-0.2322688190884532,-0.4499022498863222,0.152526527815612,-1.109404447224169,-0.2328342758887612,0.1569974697873704,0.5472993723314805,-0.0141795576104902
2019-08-23,-1.0511077096341586,-0.4508059486357452,-0.0273511604678368,-1.114117351962439,-0.9337226202374486,-0.4726690057873421,0.0745573931292047,-0.0154775024670839
2019-08-26,-0.6957745823643571,-0.4531855815274012,-0.0448533356922259,-1.1178563791556249,-1.419012740493648,0.0520950349566234,0.0216102914585498,-0.0120145707039862
2019-08-27,-0.7314678104048007,-0.4569602512543165,-0.0613962006050526,-1.1212388875904218,-0.2866691265625155,-0.0004191491063077,0.9141471481924464,-0.0226250937291625
2019-08-28,-0.7066071187468124,-0.4606268208059951,-0.0601143085784082,-1.1234822940924114,-0.4484324999812489,0.4194424568069109,0.5472993723314805,-0.0032579899997666
2019-08-29,-0.241910991964782,-0.4539350640559577,0.0627185718167552,-1.124186625258338,0.0906924709487051,1.626261223893405,0.4943522706608256,0.0305814892467894
2019-08-30,-0.249277864308235,-0.440973515489181,0.1370680917966907,-1.1237692601832143,0.3603843671124174,0.6817615105313362,0.9670942498631012,0.0040900678377342
2019-09-03,-0.6032496002943546,-0.4315155675500258,0.0955210943079392,-1.1213258389398204,-1.0416511429824271,-0.1053215839370547,0.4943522706608256,0.0227854914789822
2019-09-04,-0.1415395637056725,-0.4148615032885415,0.1808553143144965,-1.1188128650288407,0.3064201057399279,0.6817615105313362,1.2293084676606305,0.0432276752141298
2019-09-05,0.3465263448134162,-0.3823397043971949,0.3690208048734469,-1.1152651181864317,0.3064201057399279,0.2620258379132327,0.2838245092560787,0.024512868480697
2019-09-06,0.3182792062034293,-0.341972656093487,0.4620526861513298,-1.1134303844286035,-0.1249057531437822,0.3144140886810486,1.0717278079265389,0.0171007653039245
2019-09-09,0.0674950355673333,-0.3031873753923462,0.443295498447473,-1.111343502973431,0.6299468525773944,1.7836778427870836,1.492783330736032,0.0244399308644418
2019-09-10,-0.0992821575388161,-0.270455146194434,0.3715161656030679,-1.1087174726803892,1.3309646076248167,2.4133443183617964,0.9670942498631012,0.0177721374309212
2019-09-11,0.1783762713448681,-0.2373188218625094,0.3763080757841731,-1.1070479352705074,0.2524558443674384,1.8885802776178304,-0.2406039263389791,0.0023290510525302
2019-09-12,0.3185057980055596,-0.2027135161145631,0.3937278029988888,-1.102874144320385,-0.6101958733999822,1.206525551275302,1.3352026710019398,-0.0041718758237837
2019-09-13,0.0469123408966014,-0.1736296311621702,0.3282527445351265,-1.0991003267735178,0.3603843671124174,1.8361920268500147,1.2293084676606305,0.0008654631373896
2019-09-16,-0.0437100194421143,-0.1513399576348738,0.2476844620684832,-1.096769926862464,-0.340633387935005,0.7342756945942673,-1.1860878847435308,0.010064531199696
2019-09-17,0.0815187618834153,-0.132513709572429,0.2066138765810165,-1.0951873548218694,1.1692012342060836,1.5213587890626583,-0.293551028009634,-0.0004921052010682
2019-09-18,0.0763902155103131,-0.1173774007107775,0.1628572070849638,-1.0932656767245872,0.7377459646236381,0.7342756945942673,-0.7133459055412549,-0.0036689558611101
2019-09-19,0.1515828813432168,-0.1045431982337877,0.1355579745673269,-1.0919961687975148,2.3553796988109705,1.3639421701689802,0.9141471481924464,-0.0080082046799454
2019-09-20,-0.3522273099468818,-0.101201132144526,0.0229966958774261,-1.09138746729206,-0.1249057531437822,1.311427986106049,1.020041351533756,-0.002460115479848
2019-09-23,-0.2341004995215361,-0.1027059352065793,-0.034479278658717,-1.0882650838712489,-0.2866691265625155,0.5768590757005891,0.3897187125973886,-0.0161348881688825
2019-09-24,-0.6285368513637561,-0.1133418895843197,-0.1427598622935574,-1.0867534734970483,1.3309646076248167,0.4718307075747268,1.0717278079265389,-0.0042889972635239
2019-09-25,-0.1729107682102568,-0.1227726695469768,-0.1284684564745778,-1.0843088675730637,0.4142192177861716,-0.6824738754488366,0.3367716109267336,-0.0053812901795611
2019-09-26,-0.1315697142359108,-0.1307846819436941,-0.1116441837436885,-1.081846652668936,-0.1249057531437822,-0.3676406376614802,-1.0285072250094387,-0.0071018723409282
2019-09-27,-0.6794390068886884,-0.1457664532020409,-0.1942941729115173,-1.0815090327204453,0.0368576202749509,-0.2102240187678018,-0.2406039263389791,0.0002484549674621
2019-09-30,-0.2742223764700318,-0.1586826312619673,-0.1697996015979441,-1.080421299659646,-0.1249057531437822,0.0520950349566234,-0.8192401088825648,0.0006267604327692
2019-10-01,-0.6331993541309745,-0.1754547201174894,-0.2155244239074494,-1.0791443611915903,1.1692012342060836,-0.7349880595117676,-0.6616594491484729,-0.0297474854984033
2019-10-02,-1.2418853679796882,-0.2049806359805185,-0.3667640413670957,-1.0803409727076343,2.139781474718483,-0.7875022435746986,0.1262438495219868,-0.0189427859805473
2019-10-03,-0.7767694806996404,-0.2343006082380172,-0.3643218856047222,-1.0821523423210293,1.3309646076248167,-0.8398904943425148,0.1262438495219868,0.0107920851789422
2019-10-04,-0.2287498273728717,-0.2527028757178622,-0.2348556874872644,-1.082760174593388,0.8995093380423713,1.206525551275302,-0.5040787894143809,-0.0039738928611738
2019-10-07,-0.3754222696028635,-0.2659439788362011,-0.1736526836186149,-1.0831341761529216,-0.0171066410975385,-0.2102240187678018,-1.0814543266800938,-0.0130355631478117
2019-10-08,-0.9509505831615206,-0.286049005573609,-0.2550476391726771,-1.0844338829201428,0.3603843671124174,-0.3152523868936639,-0.8192401088825648,0.0208231053454519
2019-10-09,-0.4697697255280303,-0.3010457502767267,-0.1944717335807868,-1.0854434410818377,0.1986209936936842,0.1569974697873704,-0.7133459055412549,0.0153961243357427
2019-10-10,-0.2610611587278232,-0.3081507716633999,-0.1008887474877568,-1.086355869454975,-0.2328342758887612,1.1014971831494396,-0.555765245807163,0.0126627137818819
2019-10-11,0.1298883135865916,-0.3019643035145606,0.0567266719182439,-1.0857783692117076,-0.5563610227262276,0.1569974697873704,-0.6087123474778179,0.0163323157239041
2019-10-14,0.1072478956577354,-0.2882068006231826,0.1465068137973259,-1.085070582143229,-0.5023967613537382,-1.2072379161928022,-0.8192401088825648,0.0467362185842368
2019-10-15,0.4134262792188891,-0.2640176042216312,0.2702097097991485,-1.083864717500677,-0.071070902470028,-0.7349880595117676,1.1246749095971933,0.024276856595063
2019-10-16,0.1379733641510311,-0.2388430543581475,0.2818943971135895,-1.0831473408283625,-0.6101958733999822,-0.7875022435746986,0.4943522706608256,0.0152874320494207
2019-10-17,0.0603339032175254,-0.2157458128602072,0.2572609029972288,-1.0827260361645288,0.1986209936936842,-0.4201548217244112,-0.451131687743726,-0.0080911875377347
2019-10-18,-0.3104881048785949,-0.2010759128691208,0.1573263574723319,-1.0821590648576362,-0.2328342758887612,-0.8398904943425148,-0.7133459055412549,0.0031893057160155
2019-10-21,0.03881703168343,-0.1864653584033283,0.1566226161923125,-1.081051311395847,0.7917102259961276,-0.9973071132361928,-0.346498129680289,-0.0211112492473606
2019-10-22,-0.4579897157388791,-0.1809545338994212,0.0487146386408253,-1.080222658867329,0.7377459646236381,-0.7875022435746986,-0.0313368102121051,-0.0134390519376862
2019-10-23,-0.4279099881699364,-0.1812792578677581,-0.0204854624809736,-1.080161616272153,1.115236972833594,-0.8924046784054458,1.6503639904701235,0.0029379007295906
2019-10-24,0.05369646612531,-0.1770546140451123,0.0334626304315676,-1.0791498009083855,1.5465628317173044,-1.1547237321298711,0.7048800320655725,0.0248424563186528
2019-10-25,0.4045304756460606,-0.1633945963455036,0.1453507981870704,-1.076332420165124,0.8456744873686171,-0.7875022435746986,-0.1359703682755421,0.0267793494810995
2019-10-28,0.7338162178767598,-0.1373282638779877,0.2924694864425903,-1.0733318695766687,1.2770003462523274,0.8391781294250144,1.020041351533756,0.0313581929476116
2019-10-29,0.3504644454408814,-0.1108009045415058,0.2979365142813694,-1.070340025339064,0.6299468525773944,0.4194424568069109,1.5444697871288144,0.0367800831527378
2019-10-30,0.5175244918694771,-0.082194201768588,0.3225941410242054,-1.0655949729961227,-0.340633387935005,1.626261223893405,-0.5040787894143809,0.021237803842111
2019-10-31,0.4908970000384909,-0.0547200520129971,0.3091639067115974,-1.061730874376303,-0.8259235081912047,1.4688446049997272,-0.6087123474778179,0.0211047133155453
2019-11-01,0.8186068534909546,-0.0227971631012956,0.3619187078980868,-1.0581372053886258,-0.6641601347724715,0.7866639453620833,0.5989858287242625,0.0135761854661025
2019-11-04,0.9526637120843268,0.0127145444859634,0.4044762526494685,-1.0538631582147775,1.3309646076248167,0.2095116538503016,-0.5040787894143809,0.0216320963535001
2019-11-05,0.8911902992050145,0.0470995098739349,0.391114925175324,-1.048394132841913,1.5465628317173044,-0.6824738754488366,-0.6087123474778179,0.0149307889072951
2019-11-06,0.8651066613512038,0.0778169287167945,0.3476237961070298,-1.0439805597362342,0.0368576202749509,-0.3676406376614802,0.2321380528632966,0.0235446443536546
2019-11-07,1.0935664607214572,0.1085342868625882,0.3476230763386799,-1.0394622790921837,0.1446567323211947,-0.4726690057873421,0.3897187125973886,0.01712517170447
2019-11-08,1.2473931754945664,0.1401053414553627,0.3577465258720655,-1.0354935360234911,0.1446567323211947,-0.4726690057873421,0.3897187125973886,0.0123369580048446
2019-11-11,1.2603705634217568,0.169764665852355,0.3350765191888985,-1.0314462885883109,-0.1788700145162717,-0.0004191491063077,0.3367716109267336,0.0169389809838482
2019-11-12,1.357420983734784,0.1976204527041614,0.3136895011395347,-1.0279311309770651,-0.1249057531437822,0.2620258379132327,0.5989858287242625,0.0196537894339399
2019-11-13,1.4216637405813597,0.2230480136979834,0.2848946970661345,-1.0237530499410166,0.2524558443674384,0.8916923134879455,1.0717278079265389,0.0105092405473938
2019-11-14,1.3324338661352444,0.2436269332712106,0.2273977063026462,-1.0195226256506986,0.9534735994148608,0.3669282727439798,0.8095135901290095,0.0130049859242753
2019-11-15,1.5791217622892133,0.2638359247944302,0.2230109620934141,-1.0140012850633418,0.6839111139498839,0.1046092190195545,0.8624606917996643,0.0155525469070123
2019-11-18,1.6648749274299195,0.2832719455906301,0.213844788129071,-1.0090119922402538,0.5759825912049049,-0.7349880595117676,-0.188917469946197,0.014112355196993
2019-11-19,1.7214941750668518,0.301027094561162,0.1939123857401181,-1.0029149669852098,0.7377459646236381,-0.6824738754488366,0.1262438495219868,0.0057712559396823
2019-11-20,1.2017631378899345,0.3115147167535412,0.1077313540263729,-0.997341276133639,-0.1788700145162717,0.7866639453620833,0.1791909511926417,0.0018486789379499
2019-11-21,0.8023483631067055,0.3122414901902739,-0.0080164157227768,-0.9931806428490136,0.0368576202749509,0.8916923134879455,0.9141471481924464,-0.0074505348894109
2019-11-22,0.7037062586364093,0.3045426656874075,-0.1079302853796032,-0.989979481673886,0.7917102259961276,0.1569974697873704,0.5472993723314805,0.0039998409211583
2019-11-25,1.2665589207488903,0.2996279028065182,-0.0749158486584486,-0.9865951576635088,-0.987686881609938,-0.8398904943425148,-1.0285072250094387,0.0029655779008481
2019-11-26,1.297819176772665,0.295849764083388,-0.0614373372505634,-0.9824781332425246,-0.987686881609938,-1.1547237321298711,-0.1359703682755421,0.0146893534904495
2019-11-27,1.486604449175057,0.2950918479143337,-0.0256224164857933,-0.9783785145132976,-1.257249367074915,-0.262738202830733,-1.0814543266800938,0.016839608173311
2019-11-29,1.232479295717659,0.292950436774289,-0.0420284136854396,-0.9744621287187633,-1.5807761139123813,-0.5775714406180894,-1.0814543266800938,0.0035801363410661
2019-12-02,0.1808395847325829,0.2795069708609319,-0.1760523768000108,-0.9725170093676608,-1.2034145164011607,-0.3152523868936639,-0.346498129680289,-0.0195785799807377
2019-12-03,-0.3324171854308816,0.2527135326089149,-0.3343613070063981,-0.9716273002240782,-0.7181243961449608,0.1569974697873704,1.4398362290653772,-0.0164901684332942
2019-12-04,-0.131576136243958,0.2201518168550295,-0.4027636839768698,-0.970345083267946,-0.2328342758887612,-0.7349880595117676,1.492783330736032,-0.0183219443596631
2019-12-05,0.0482560487626074,0.1867333901097468,-0.4129228810975558,-0.9687488558558074,-0.2328342758887612,-0.7349880595117676,-0.0313368102121051,-0.0045371818368694
2019-12-06,0.5327694512409776,0.1602889288461475,-0.3302230082667775,-0.9668996886226158,-1.0416511429824271,-0.7875022435746986,-0.8192401088825648,0.0046030601615236
2019-12-09,0.2037866821441579,0.135146053481821,-0.3147883192608021,-0.9658704184974812,0.4681834791586611,-0.8398904943425148,-0.9768207686166568,0.0143968385813701
2019-12-10,0.2403142596139648,0.1115736078039082,-0.2961655807776247,-0.964814980250184,0.2524558443674384,-0.2102240187678018,-0.346498129680289,0.0171136547553687
2019-12-11,0.5413006132546624,0.0934741463850301,-0.2312649007533583,-0.9634978677912054,-0.3945976493074943,-0.262738202830733,1.1246749095971933,0.0241936984686286
2019-12-12,0.9558989569167088,0.085580978371066,-0.1102348829138865,-0.9615265452682188,-0.2328342758887612,-0.3676406376614802,0.0745573931292047,0.0197128525161049
2019-12-13,1.182155761515313,0.0878108373523527,0.009807730914437,-0.9589534190249922,0.3064201057399279,-0.4201548217244112,-0.451131687743726,0.0342495583780126
2019-12-16,1.455850578064845,0.1010955920623342,0.1409007902824176,-0.9562930400047612,-1.0954859936561816,-1.049821297299124,-0.451131687743726,0.0310173160889914
2019-12-17,1.2800802347461164,0.1181009733203786,0.1850213617397561,-0.9540426375783364,0.6839111139498839,0.3144140886810486,0.0745573931292047,0.0239882064007777
2019-12-18,1.2713332521282337,0.1354434331370028,0.1890185644792502,-0.951949229864998,-0.7719592468187153,-0.1578357679999859,-0.0313368102121051,0.0204724564624463
2019-12-19,1.5082038671515516,0.1557210187351014,0.2238243761093478,-0.9488265520265252,-0.5563610227262276,-0.2102240187678018,-0.451131687743726,0.0196300090038004
2019-12-20,1.6821937736448402,0.1794694433157644,0.2649828738432511,-0.9448606970548938,-1.257249367074915,-0.6824738754488366,0.3367716109267336,0.0134851016609667
2019-12-23,1.7649162640621847,0.2048651834035975,0.2845173529445498,-0.9405713401626415,-1.3112136284474043,-0.8924046784054458,-1.5012492042117145,0.0161820540859596
2019-12-24,1.774763858119352,0.2289511497151017,0.2689855690514464,-0.937354750100056,-0.7719592468187153,-0.8398904943425148,-1.0814543266800938,0.0238690823057372
2019-12-26,1.989387410451532,0.2546063643676658,0.2875942987026622,-0.9336128768694746,-1.5269412632386272,-1.3121403510235492,-1.2390349864141856,0.0164222391738173
2019-12-27,1.978332161144566,0.2784853045133811,0.2665305758874617,-0.9303072044344162,-1.6347403752848708,-1.3646545350864805,-1.5541963058823696,0.0047283378974103
2019-12-30,1.402459259852194,0.2947548343377447,0.1762953621420256,-0.92723850316724,-0.8798877695636941,-0.9973071132361928,-1.1344014283507486,0.0050431455358901
2019-12-31,1.5196505629007795,0.3060734724394576,0.1175858493207303,-0.9228170158344192,-0.3945976493074943,-0.9973071132361928,-1.3966156461482775,0.02356381111199
2020-01-02,2.0666401012545146,0.3247228671219423,0.2045166835176439,-0.916218744510467,-0.5563610227262276,-0.1053215839370547,-0.398184586073071,0.0045688093078324
2020-01-03,1.151923317766578,0.3378645108039093,0.139203726560412,-0.91084461275392,-0.7719592468187153,-0.0004191491063077,-0.7662930072119098,0.0070720674905138
2020-01-06,1.230946754710216,0.3469303350282329,0.0908711456616948,-0.9055570608197224,-0.9337226202374486,-0.1053215839370547,-1.0285072250094387,0.0124752258785372
2020-01-07,1.1966664136940632,0.3511232120169318,0.0330859275163411,-0.9011418614069608,-0.3945976493074943,-0.3152523868936639,-0.346498129680289,0.0200721458114019
2020-01-08,1.547081532590769,0.3576670157452103,0.0609640899346005,-0.8954590888117601,-0.8259235081912047,0.4718307075747268,-0.6616594491484729,0.0126353445348439
2020-01-09,1.852032245787529,0.3714594711860936,0.1469212941108282,-0.8889097819489128,0.6299468525773944,0.5768590757005891,-0.6087123474778179,0.021767599446467
2020-01-10,1.6616425493314368,0.3858664667391682,0.1542087390029924,-0.8830676102297222,0.0368576202749509,-0.3152523868936639,-0.346498129680289,0.0320872386838662
2020-01-13,1.9738203718119431,0.4068284593804936,0.2319403290184932,-0.8770127638096771,1.2230360848798378,-0.3676406376614802,-0.451131687743726,0.0276698954733818
2020-01-14,1.6006745312453372,0.425844216647418,0.2088611471119482,-0.8718662940149502,1.9780181012997495,0.6817615105313362,-0.0313368102121051,0.0179659518549326
2020-01-15,1.632982087506933,0.4417091805810518,0.1714978695529249,-0.8673213825924118,1.49272798104355,0.4718307075747268,-0.2406039263389791,0.0200909790411421
2020-01-16,1.9716701402220544,0.462291455047587,0.2274374898735095,-0.8614731753111579,1.5465628317173044,0.0520950349566234,0.4943522706608256,0.0293590807255221
2020-01-17,2.116813776639938,0.4876549215550446,0.2841346408419656,-0.855047411707082,1.2230360848798378,0.1569974697873704,0.7048800320655725,0.0162253793046542
2020-01-21,2.081778531199745,0.5125215222904179,0.2782426219793473,-0.8492236551116313,0.3603843671124174,0.1046092190195545,0.6519329303949175,0.0247158570331518
2020-01-22,2.1628695294990368,0.5363839802202419,0.2663351236498852,-0.843552995700223,0.0906924709487051,0.5768590757005891,0.1262438495219868,0.0283640047983728
2020-01-23,2.265816817096733,0.5597209387344662,0.2601035564078484,-0.8377073750884247,0.5221477405311507,0.4194424568069109,-0.1359703682755421,0.0099512695605559
2020-01-24,1.8332040447003897,0.5761281946465594,0.1779285692421529,-0.8322905387510545,-1.1494502550286712,-0.4201548217244112,-0.555765245807163,-0.0206963252547625
2020-01-27,0.1760331610222038,0.5684141410729816,-0.1081108773562154,-0.8294989896526275,-0.8259235081912047,-0.4201548217244112,0.0216102914585498,-0.0015452421690786
2020-01-28,0.8177243812635226,0.5571409364620339,-0.1503166122353301,-0.8251060117633737,-0.5023967613537382,1.311427986106049,-0.293551028009634,-0.0025659326460973
2020-01-29,0.8941933733655726,0.5440111366207003,-0.1723328080215577,-0.8200304545654311,0.4142192177861716,1.8885802776178304,0.4943522706608256,0.00132836889589
2020-01-30,1.1415148937159694,0.5345023083163639,-0.129393982697568,-0.8144735735603503,0.9534735994148608,0.4194424568069109,-0.188917469946197,-0.0215537848965894
2020-01-31,-0.1877362543534726,0.5062525318738409,-0.3516311061572222,-0.8127758561742846,0.0906924709487051,-0.4201548217244112,-0.1359703682755421,0.0155608324220379
2020-02-03,0.2221698668450742,0.4749685332433518,-0.3876120397801632,-0.8090566811434252,-0.071070902470028,-0.1578357679999859,1.597416888799469,0.0225939470310465
2020-02-04,0.8761100438505132,0.4599456645073234,-0.1947815220655769,-0.8033160204279948,0.4142192177861716,0.3669282727439798,1.807944650204216,0.0259311617079993
2020-02-05,1.0029811056015905,0.4583026970527325,-0.0361176833400425,-0.797032825071586,0.5221477405311507,-0.0004191491063077,0.8624606917996643,0.0264230334811073
2020-02-06,1.194547457047828,0.4699319830909937,0.1212696279277753,-0.7908196450390883,0.0368576202749509,0.1046092190195545,1.492783330736032,0.0457357289175386
2020-02-07,0.7862826657670164,0.4807584818019269,0.1117498776430097,-0.7863391409850015,-0.6641601347724715,0.2620258379132327,0.3897187125973886,0.0460712068744602
2020-02-10,1.0847532691304684,0.498457310278772,0.193244516408399,-0.7804847299030205,0.4142192177861716,-0.3676406376614802,-0.346498129680289,0.0159399634954648
2020-02-11,0.9335538497289128,0.5151692481691716,0.1815416013005924,-0.7759604767864058,0.7917102259961276,0.1569974697873704,0.7565664884583545,0.020962772031672
2020-02-12,1.1718249792904885,0.5363635368535566,0.2346949817724496,-0.7700886039331133,0.4681834791586611,-0.4201548217244112,0.2838245092560787,0.0090448834886647
2020-02-13,1.0447570079782544,0.5553117524335571,0.2080602127032471,-0.7645492407788987,0.8456744873686171,-0.6824738754488366,-0.398184586073071,0.022770503079158
2020-02-14,1.1460385235070092,0.5730255443563711,0.1934219585081617,-0.7597449614163615,0.2524558443674384,-0.7875022435746986,0.4414051689901706,0.0053445160696998
2020-02-18,0.9533570810192492,0.5842104751481157,0.1160002983798817,-0.7558420347149296,-0.071070902470028,2.1510252646373718,-0.451131687743726,0.0207546820100765
2020-02-19,1.2439014842971028,0.5974075110583448,0.1398605881759617,-0.7508452412514147,-0.4484324999812489,0.7342756945942673,0.2321380528632966,-0.0006874889136904
2020-02-20,0.7179793739859424,0.6012824494377139,0.0293156934036792,-0.7470910725784886,0.5221477405311507,0.3144140886810486,0.7048800320655725,-0.020488329502478
2020-02-21,-0.2014024179551976,0.5804267439877281,-0.2639494661504582,-0.7457346273219065,-0.4484324999812489,-0.0004191491063077,0.4414051689901706,-0.0650253002395128
2020-02-24,-1.3274205720667884,0.5132409708990331,-0.8133486153182791,-0.7475723192762393,0.4681834791586611,0.1046092190195545,-0.8192401088825648,-0.091553574694168
2020-02-25,-1.8971558786657972,0.3964641951445536,-1.4014171431569322,-0.7500488414767328,0.1986209936936842,0.4718307075747268,-0.7662930072119098,-0.0981613006471112
2020-02-26,-1.7611024355894178,0.2561097573432325,-1.6810098165135847,-0.7537505056666703,0.3064201057399279,0.4194424568069109,-0.7662930072119098,-0.137829414118874
2020-02-27,-2.4723696181159327,0.0706902973183614,-2.2154075873072774,-0.7620464382971334,1.115236972833594,0.4718307075747268,-0.0313368102121051,-0.111323626303826
2020-02-28,-2.2667236216562188,-0.129314045790622,-2.388360547782315,-0.7704911359660465,-0.1249057531437822,-0.2102240187678018,-1.1344014283507486,-0.0194061277537725
2020-03-02,-0.9761780979792172,-0.2913448029310177,-1.9380556618778912,-0.7721100545679628,-0.5023967613537382,0.8391781294250144,-0.188917469946197,-0.0254660600537104
2020-03-03,-1.499294865842374,-0.4469509760243679,-1.8618705581407469,-0.7779381993885606,-0.2866691265625155,1.0491089323816238,0.7565664884583545,0.0117585451528858
2020-03-04,-0.762002420737979,-0.5620936358845504,-1.3820391899674531,-0.7826024831529972,0.0906924709487051,-0.1053215839370547,0.2321380528632966,0.0356899894119271
2020-03-05,-1.1757445504591064,-0.666808398269072,-1.2583813087527334,-0.7903645874933332,-0.1788700145162717,-0.262738202830733,0.3367716109267336,0.0061107838252094
2020-03-06,-1.418075053945912,-0.7726788033797749,-1.2720853494085176,-0.8006032140341625,0.0906924709487051,-0.7349880595117676,-0.346498129680289,-0.1210958815835295
2020-03-09,-2.102465489173553,-0.9217283075684756,-1.7841191431054726,-0.8159436920740949,-0.9337226202374486,0.2095116538503016,-0.8709265652753468,-0.0254641807272293
2020-03-10,-1.210056485893226,-1.0489055562987828,-1.524749814467099,-0.8276700040491456,-0.0171066410975385,0.4194424568069109,-0.0313368102121051,-0.1097131432889686
2020-03-11,-1.6017830261009305,-1.1841336793678934,-1.6202200724923657,-0.8427216653729731,0.4142192177861716,-0.3676406376614802,0.4414051689901706,-0.17042840456947
2020-03-12,-2.203851544151901,-1.37454957139747,-2.274657133706958,-0.8658592343853638,-0.071070902470028,-0.262738202830733,-0.7662930072119098,-0.0530875046917702
2020-03-13,-1.115754061991304,-1.5230266467440146,-1.777331069293624,-0.8810246741155185,1.0074378607873504,0.1046092190195545,0.0216102914585498,-0.1168449848545888
2020-03-16,-1.86643736385364,-1.71915593341939,-2.342408689386519,-0.906752536724786,1.49272798104355,0.8916923134879455,-0.398184586073071,-0.1157003143954776
2020-03-17,-1.380289247077927,-1.895851370897213,-2.1119548878196435,-0.927824878000022,0.8456744873686171,-0.0528073998741236,-0.398184586073071,-0.1068265908508329
2020-03-18,-1.5565670304149757,-2.068743220865888,-2.066850534473843,-0.9525113783301954,0.6299468525773944,1.206525551275302,-0.346498129680289,-0.0066353505195804
2020-03-19,-1.5290456065447355,-2.224274278776274,-1.8609798144031848,-0.9760252341439694,1.0612727114611045,-0.3676406376614802,-0.398184586073071,-0.1516806102231096
2020-03-20,-1.742816126154167,-2.381364313134227,-1.879466736126352,-1.0005454796246036,-0.0171066410975385,-0.2102240187678018,0.2838245092560787,-0.0247020829766101
2020-03-23,-1.7832245907447712,-2.531267130558837,-1.794238048379647,-1.0220399737669366,-0.1788700145162717,-0.262738202830733,-1.1344014283507486,0.006648276007487
2020-03-24,-1.0165658154618933,-2.611183228152272,-0.9643095313712317,-1.034523009231794,0.7377459646236381,0.3144140886810486,-0.8709265652753468,0.0447139735718817
2020-03-25,-1.0242626305620546,-2.63858394598506,-0.3415626538203922,-1.0474615298490102,0.1446567323211947,0.1569974697873704,-0.9768207686166568,0.1054078324524312
2020-03-26,-0.5612423883026719,-2.5913519250549624,0.543460081223801,-1.0518021855138275,-0.3945976493074943,0.1046092190195545,-0.346498129680289,0.106137846953116
2020-03-27,-0.8732258399972426,-2.521820736497683,0.807891892915972,-1.060001521111502,-0.6101958733999822,-0.6300856246810204,-0.6087123474778179,0.163352119014922
2020-03-30,-0.5624209447630242,-2.412816618731526,1.2759765478237324,-1.0697609338384348,0.4142192177861716,-1.2072379161928022,-0.555765245807163,0.035562409899827
2020-03-31,-0.6970511306956522,-2.2912138889751152,1.4253755679615363,-1.077759602769882,0.1986209936936842,-0.8398904943425148,-0.346498129680289,-0.0125145322955207
2020-04-01,-1.0209377482957016,-2.191579196125131,1.1648704273388928,-1.0925052730140106,0.0368576202749509,-0.5775714406180894,-0.9238736669460018,-0.0483536861525377
2020-04-02,-0.8351079992966237,-2.09364076233957,1.1447555573579304,-1.1030860619472524,-0.1249057531437822,-0.7875022435746986,-0.6616594491484729,-0.0187047695646491
2020-04-03,-0.9424815827885044,-2.0067200782101624,1.0141029899142917,-1.1130510763412167,-0.5563610227262276,-0.0528073998741236,1.754997548533561,0.0219780989625497
2020-04-06,-0.2872383842692795,-1.8794308755300893,1.4928078758611942,-1.1113209379626512,0.1986209936936842,0.2095116538503016,-0.0313368102121051,0.0321015064387435
2020-04-07,-0.3618239363541009,-1.7354638003093947,1.6905802826532712,-1.1150460994859634,0.1986209936936842,0.2095116538503016,-0.398184586073071,0.1128821075269175
2020-04-08,-0.1502263955111715,-1.5691229223091925,1.955897145701406,-1.1131866977340583,-0.2328342758887612,-0.8398904943425148,0.1791909511926417,0.0877055837263929
2020-04-09,-0.1482887537762491,-1.3945183262856868,2.053891383188163,-1.104177671507263,-0.0171066410975385,-0.9973071132361928,0.9670942498631012,0.1072356480920817
2020-04-13,-0.1285406810471566,-1.2200841406049552,2.051870594052706,-1.1027373592767853,-1.1494502550286712,-0.1053215839370547,-0.0830232666048872,0.0629628508297897
2020-04-14,0.2340078695265343,-1.0267563027460869,2.27591853873277,-1.0879704629212432,2.644742021182401,2.550611610037084,2.696699571104494,0.0491860714893688
2020-04-15,-0.0202270093595111,-0.844300204870835,2.1469974082144483,-1.0792331281165686,3.2379606641835785,3.096406511065245,2.5189485869244383,0.0341628132113549
2020-04-16,0.0915038985644098,-0.6693249523447345,2.05828676565873,-1.067008016543179,2.4156850844214746,2.952968487929325,2.344979538578001,0.0476529549233633
2020-04-17,0.2162407022843055,-0.4989090807397957,2.004219933329624,-1.0539899891374367,1.1961186595429607,1.9306419981862213,1.9882169249400168,0.0285747908699012
2020-04-20,0.0063100154547885,-0.3503450792523452,1.7450923416348711,-1.039228301170528,2.325744648800659,1.9235897336597847,3.134143482526333,-0.0541754476852818
2020-04-21,-0.4935437501752023,-0.2500843565455518,1.172294121890065,-1.027132880577082,2.6618242334154183,2.6407798493393826,2.173531780787309,0.0041366109896303
2020-04-22,-0.1037246604862523,-0.1619024761769916,1.0290587233297344,-1.018529744146551,2.015676614631631,2.160596195066107,2.622321499710003,-0.0147574540824828
2020-04-23,-0.1863609381914036,-0.0906854809505847,0.8278828145114752,-1.0103664326527593,1.9725828519528803,2.441301509877314,2.420618255250365,-0.0070580561678713
2020-04-24,0.0353093526943734,-0.0209626065220471,0.8101649751699785,-1.0048069229185566,0.9049445873892408,2.363474733496279,2.022254347442581,0.0177614950790947
2020-04-27,0.1263073698839808,0.0490007290470714,0.8130164526828821,-0.995306520624462,1.9734887268440249,1.6883463383850723,0.6872309981753542,0.0481281275290359
2020-04-28,-0.0641988677985291,0.1058892268206504,0.6579701700745014,-0.9897646268803466,2.466025846229384,1.986556381217256,3.030770569740769,0.0506924036213771
2020-04-29,0.3761746647402426,0.1770150187778764,0.8268012922723955,-0.9796924374476086,3.0347858671696497,1.4968017965152447,3.366102213654917,0.0532319604596212
2020-04-30,0.3061215088643493,0.2491785337135682,0.8391069967640662,-0.966611783199273,3.1507378532361985,2.2051765815367967,1.8306362652059247,0.0030464726669372
2020-05-01,-0.1123477082325237,0.2985624119994343,0.5689776049539421,-0.9573136878983772,0.6973698266183225,2.574287069518693,0.1943186945271145,0.0077190710299308
2020-05-04,0.0455579081820727,0.3382483707758248,0.4539760735779736,-0.9459131911255748,-0.9355343700197384,0.3450158793939797,0.5472993723314805,0.0353742473852736
2020-05-05,0.2097987250216946,0.3772916661970409,0.4463551328254667,-0.9392101351538634,0.3289375673198156,0.4045823279833476,1.031387159034611,0.0022869464747254
2020-05-06,0.3042225142252008,0.4174449276882722,0.459517522728002,-0.9312227662526664,1.2877414342473317,-0.5250572565551584,0.959530378195865,0.0218792733125956
2020-05-07,0.4869004878541704,0.4645464698528262,0.541912815561835,-0.9239831130628195,0.9058504622803858,-0.843416626605733,1.1751007207121027,0.0661414390880685
2020-05-08,0.6625688475949018,0.5217109408228225,0.6612427627347841,-0.9155558911851068,0.1257627703058867,-0.911672472558032,1.258303309051703,0.0591695859872611
2020-05-11,0.7429781033742204,0.5848325210846851,0.7318843772036682,-0.9067416292514175,-0.1681289265212679,-0.7883837766405032,0.4464477501016616,0.0232151108175193
2020-05-12,0.3094792323743698,0.6319075840705054,0.5415988156259717,-0.9028095131418192,-0.0045538033202447,0.0529765680224279,0.8359871409643368,-0.0021733178326014
2020-05-13,-0.019776351180585,0.6525056403223713,0.227624636145359,-0.8985871152377525,-0.6901716852182038,-0.6851184746462504,1.178882656545721,-0.0043893994110328
2020-05-14,0.1661009264939801,0.6617178199848914,0.0926066828046209,-0.8942679590721776,-0.3586214750591682,-1.253581368795101,0.6241987342817173,-0.013821240403084
2020-05-15,0.2411222352134829,0.6644705983897148,0.0160087036523726,-0.8905645564160478,-0.6398309234102939,-0.2277287467887789,0.2094464378615874,0.003668549175372
2020-05-18,0.5897124468761847,0.6774657216184576,0.1374662326080009,-0.8835887855703443,0.161738944554213,0.1378556089298993,-1.4823395250436235,0.0210830265057577
2020-05-19,0.5054249698722438,0.6913389581663545,0.1478792264801065,-0.8736837412500744,1.730843666715925,-0.3117262546304457,-0.8646233388859832,0.0617448379643068
2020-05-20,0.8115418107844367,0.7179499760995773,0.2989285689925464,-0.8647902949852979,1.2186361211228482,0.4683045753115086,0.0959883628530411,0.0337637232577219
2020-05-21,0.4736877430036532,0.7388266146637507,0.230928168670895,-0.8565654081405614,-0.986781006718793,-0.2374256105126295,-0.202784568002797,0.0323095590161071
2020-05-22,0.5291778539566439,0.7551227884309354,0.1766113159116289,-0.8496512406855796,-0.5194789735867564,-1.2806570272448137,-1.3020672503078226,0.0065788860506346
2020-05-26,0.5023963459019003,0.7644810348011896,0.0943387960744885,-0.8434935583822972,-0.8008178326366173,-1.0551104956939517,-1.251641439192913,0.0160360275032191
2020-05-27,0.5993015233253339,0.7705094141495988,0.0548519962081526,-0.8358052617457518,-0.2966337503651095,-0.387789964879871,-0.2670774771743067,-0.0076925239674687
2020-05-28,0.5418414018442719,0.7702299901818799,-0.0199482782491074,-0.8314685176298673,0.2399030065901449,-1.111024878724986,0.2813032187003332,0.0190344169512075
2020-05-29,0.7689673489315292,0.7723972724253382,0.0090656727161037,-0.8256979314621163,-1.1629089676971096,-1.3418606086706757,-0.4851691102462899,0.0150275263908137
2020-06-01,0.7588795676863017,0.7732432378059052,-0.0066029933845915,-0.8177457594913717,-0.9175462828955752,0.3004354929232902,-0.9780814138945292,0.0256249404236978
2020-06-02,0.9338003943971316,0.7774062000832553,0.0327311877587642,-0.8100222869542069,-0.9535224571439016,0.2505659080577728,-0.6389678341467636,0.0277490474605113
2020-06-03,1.0754146032752836,0.7865152956925443,0.0913842738157219,-0.8027122609332883,-0.967887044703485,-0.6589243492623422,1.4347936479538863,0.0212922206535257
2020-06-04,0.7661159657031404,0.7897085113146991,0.0212315717550216,-0.7967481021629667,-0.9220756573512998,-0.2592120705675147,-0.1901781152240696,0.035113015981159
2020-06-05,1.2372785071454724,0.8054384729778648,0.1698969624895175,-0.7897107629762627,-0.8204882588443353,-0.690407673041078,-0.6553562227591092,0.0406372029282511
2020-06-08,1.3190701412682346,0.8293257308253509,0.2666292102842777,-0.7834299299710915,-0.456585374001553,-0.8259118985847562,-0.7587291355446735,0.035808285616359
2020-06-09,1.3969416433075033,0.857924316446582,0.3224978848247729,-0.7772810521578805,-0.3964093990897843,0.4762383729037499,0.2296167623075511,0.044966599647604
2020-06-10,1.6561991555702005,0.8977384511580859,0.4554960314214241,-0.7678949960756035,0.7944278506695623,-0.4866476015451008,-0.236821990505361,-0.006780990483822
2020-06-11,-0.1763533798871547,0.8961195967730826,-0.0358317416052156,-0.7623442978414167,1.4594694314686585,0.3214663532074855,-0.298593609121125,-0.0197218482003271
2020-06-12,0.0697937345476722,0.8750801012794786,-0.2661289167477839,-0.7567056107860712,0.4754304782878205,-0.5224126573577446,-0.9352194744468564,-0.015208153632618
2020-06-15,0.2490875461550674,0.8472202226317009,-0.3470075532980751,-0.7506359313238361,0.5535945403237523,0.278649032868405,-1.1016246511260577,0.0010742397403644
2020-06-16,0.6174681372138646,0.8294701514404551,-0.227121701669651,-0.7446981860237281,0.2371853819167099,2.7089097619965665,-0.3011148996768705,-0.0155605941060287
2020-06-17,0.6118980258920576,0.8161886760166824,-0.1741314334108291,-0.7384701449092631,-0.2839515018890808,1.0726584585681178,1.2520000826623396,0.0490118294644079
2020-06-18,0.6924048297314467,0.8071390596401409,-0.1239484771052675,-0.7336759668764973,-0.0854354900296114,1.2633214673721411,1.6579278621373603,0.0284679308516868
2020-06-19,0.4747199697197735,0.7934333625711097,-0.1791620112373293,-0.7283100017050884,-0.331704049722291,2.2663801629626588,0.1691057889696598,0.0378230725410917
2020-06-22,0.8256245741811281,0.7890148626907958,-0.0690309776842531,-0.7215574134667812,1.162860109968069,3.1252452356465668,-0.041421972435087,0.0234937952344178
2020-06-23,0.95239913372857,0.7935770506010789,0.0374653535875258,-0.714055307961433,1.5772331673174964,3.0543447904968537,0.6229380890038447,0.0006036709632477
2020-06-24,0.2378871554822088,0.7836883795108994,-0.1338982995266963,-0.7091187299196637,0.2578910937143078,1.035130336623865,0.7036193867876995,0.0088924584703953
2020-06-25,0.4879055941690318,0.7722988191363741,-0.151696402094666,-0.7028594665131783,-0.908616944682861,-0.1753404960209629,1.7222207713088702,-0.0041096058041109
2020-06-26,-0.0619481443800265,0.7431149345759298,-0.3627081071497274,-0.6994728712808401,1.467492894790228,-0.8005993062666527,-0.4158336199632894,-0.0118406474093931
2020-06-29,0.1628581223658006,0.7099748159587566,-0.4096225999500698,-0.6950807836545153,0.2506440945851488,0.0660736307143821,-1.1028852964039302,-0.0013379115758554
2020-06-30,0.5061768265163126,0.6871770132504843,-0.2869795767392065,-0.689874925611473,0.9498500998502812,-0.1323972423867675,-0.0212516479891232,0.0233694340890857
2020-07-01,0.5368873766312424,0.6709724694036491,-0.2087942644067426,-0.6851964537197239,0.2929613930714893,0.0897490901959912,0.7162258395664269,0.0163158141461521
2020-07-02,0.6504741757951222,0.6619226019546978,-0.1239514544151523,-0.6792585962605069,-0.1608819273921086,-0.115774047431595,0.4943522706608256,0.0548550681819159
2020-07-06,0.9713324381643964,0.6690255330037747,0.0675944293659743,-0.6739848398967396,-0.1797758894074166,-0.979802385215216,-0.7120852602633821,0.0325376309622518
2020-07-07,0.6158472125108141,0.6753975777123606,0.0589273076873391,-0.670147659463125,1.176318822636508,0.019730178112083,1.472613006290068,0.0309119866581759
2020-07-08,0.9170613692669884,0.6913361246255283,0.1723704438531467,-0.6652066791763201,1.5125278179500028,0.0740074283066235,-0.2116090849479063,0.0329637812762484
2020-07-09,0.9819556428605006,0.71295145023343,0.2396877939857207,-0.6614259287945163,0.7260990017374894,-0.4735505388531468,0.9078439218030828,0.0266932335279346
2020-07-10,0.9714070520368872,0.7343854147743135,0.23753714709505,-0.6524199939531681,-0.8411939706419331,-0.6116993635942388,-0.3805355521828527,-0.0118567811065497
2020-07-13,0.2323216854080762,0.7357544037432486,-0.0004007854213961,-0.6465071479752998,1.4315167205419017,0.5094847628140947,1.782731744646761,0.0100953912653916
2020-07-14,0.4854208361847441,0.7309640171739485,-0.0734409481619354,-0.6403626233375144,1.249177046024305,0.2357057792342095,1.693225929917797,-0.0007426850465784
2020-07-15,0.6018383001518371,0.7243805881720456,-0.0947035112683797,-0.6355889774316745,1.8062901040784225,2.1098450771347848,1.4537033271219777,-0.016649729177823
2020-07-16,0.1769448310018471,0.7048726759570731,-0.2479668333957465,-0.6319709208476927,2.225969000075984,0.5750960095689799,-0.0741987496597781,-0.0115653684379873
2020-07-17,0.2948054641633809,0.6797235762213321,-0.3148621301687856,-0.6282988035730823,0.5472534160857379,-0.5216570575870549,-1.2919820880848405,0.0351471955548692
2020-07-20,0.8412280117533911,0.670023219061846,-0.1316652029962511,-0.6215940511948441,0.1662683190099373,-1.2946356230025722,-0.8003304297144738,0.0130767790155137
2020-07-21,0.4887970255671355,0.6601757018884163,-0.1334102810972053,-0.6175540800818724,1.7083262051360375,0.013559446651451,-0.6919149358174184,0.015700559417471
2020-07-22,0.6588990870261483,0.6548521543762789,-0.0797633686394667,-0.613408237779771,2.6196363456278133,-0.0248502083586064,-0.8684052747196014,0.0016929991777949
2020-07-23,-0.1652316760837598,0.6296058402391408,-0.3160149346462318,-0.609685845184467,2.951315966485584,0.1702204657744396,-0.9440439913919656,-0.015258038808794
2020-07-24,-0.4842929385546118,0.5815590730242791,-0.5863911753896428,-0.6082568680339616,-0.4547736242192631,-0.3563066411011353,-1.3348440275325135,-0.0246439898323014
2020-07-27,-0.1069144374476732,0.5318001175544265,-0.6066949396285113,-0.6035641519353455,-1.1592854681325302,-0.4279626860215376,2.082765320780472,-0.0262767688744135
2020-07-28,-0.416714452230444,0.4724552917696839,-0.7203677500397225,-0.6009531439529905,-0.5500198984882134,-0.4717874727215377,0.9242323104154284,-0.0200311612640846
2020-07-29,-0.0752331630597289,0.4195705653091275,-0.6437614929557772,-0.5986156079186146,-0.456585374001553,1.9235897336597847,2.7723382877768583,0.0117385769992159
2020-07-30,0.0531729354076011,0.3761797267927583,-0.5311794436588521,-0.5958987567869074,-0.8646173071129657,2.4386569106798994,2.512645360535075,0.0497147215667534
2020-07-31,0.5714730968651935,0.3590795281686004,-0.2194152714047568,-0.5913471789073165,0.6964639517271773,2.0233289033908197,1.550773013518178,0.0588621613766757
2020-08-03,0.9963578507112746,0.3776783314294259,0.2039167516498226,-0.5860193338131429,3.5416875741145923,0.4569705787511636,0.9973497365320472,0.0741406547582945
2020-08-04,1.0382378684046727,0.4181770521629135,0.4636141067271409,-0.5794477283174003,2.101087675796722,0.596882469623865,1.3755433198938674,0.0627217836790947
2020-08-05,1.1011727451787243,0.4716376463275444,0.6173208159472514,-0.5740316770937944,1.127789810610888,-0.1647620992313075,0.397282584264625,0.0716540625927308
2020-08-06,1.33252201562109,0.540291644093564,0.7974898387222576,-0.5675482777274841,1.1566483964287897,-1.429384248775561,-0.2607742507849429,0.0299737742428853
2020-08-07,0.7893467119523377,0.6002893970595706,0.6948408729317984,-0.5625556481708978,0.1033747194247339,-1.0708521575833194,-1.1003640058481847,0.0023860542004365
2020-08-10,0.6918401551678554,0.6472444345411019,0.5401755086183309,-0.5558694160655645,0.7215696272817649,0.8374150632934051,-1.0537201305668935,-0.0181595421924357
2020-08-11,0.1041705326103318,0.6663976332488518,0.2104909787633663,-0.552058782291106,0.1239510205235968,0.89257384655375,-0.1624439191108694,0.0004391556235057
2020-08-12,0.5731785907573221,0.6833545743936191,0.1844469408857311,-0.5465280553882993,0.6290409776862496,-0.0616227305321697,-0.2519497338398339,-0.0129916164624669
2020-08-13,0.5818927527446464,0.6960924110453335,0.1344152328206922,-0.5397800376336916,-1.0056749687341011,1.6805384740879454,-0.6616594491484729,0.0012308912981917
2020-08-14,0.5573711949319385,0.7025840547319876,0.0603455567886443,-0.5335613127352333,-1.5269412632386272,1.4049964243764514,0.6935342245647177,0.0107565629334498
2020-08-17,0.7042253847051837,0.7080185819452073,0.0478098770308402,-0.529080282935322,-1.131462167904508,-0.1490204373419398,-0.1031935910508509,0.0331299312193431
2020-08-18,0.7874900173952548,0.7132766903200973,0.04571783692351,-0.5232496495844892,0.2893378935069095,0.0582657664172554,-0.8205007541604376,0.0089542979814056
2020-08-19,0.7361997662760711,0.7147364086193874,0.0006751166750616,-0.5183099451075515,-0.1078235409107642,1.429553416923865,-0.6629200944263456,0.0219375375782475
2020-08-20,1.0404782819212777,0.7225441988485097,0.0759529113094914,-0.5095154582268008,-0.7459476963729831,0.7185340327048992,0.992307155420556,0.0356516848208758
2020-08-21,1.300366273828437,0.7423431293460264,0.2181483061528946,-0.4982776061822105,-1.4324714531620866,0.1675758665770255,-1.394094355592532,0.0376833115861803
2020-08-24,1.4643468782319513,0.7736301784897088,0.3543786837763664,-0.487604285983888,-0.0305653537659771,1.1365066391913938,-1.2049975639116215,0.0390197954343558
2020-08-25,1.5578147731206555,0.8123431254835167,0.4424377384809921,-0.4752991138363708,-0.6705012590104859,0.8400596624908189,-0.7133459055412549,0.0614286160771824
2020-08-26,1.892826829448083,0.8688497786212066,0.6534421145640336,-0.4622000654941284,-1.3930011900479158,0.0975569544931176,-0.91378850472302,0.0483426300323228
2020-08-27,1.9054411472591144,0.931536572422897,0.7267285178781203,-0.4495420688288813,1.107989973704435,-0.6116993635942388,-1.1923911111328944,0.0442598524523345
2020-08-28,2.039969923189692,0.9997559400929944,0.792335833622061,-0.4383130212743625,-0.5203848484779015,-0.8267934316505606,-1.5529356606044968,0.0385843003880823
2020-08-31,2.0878647075191274,1.0676799838577236,0.7888337730681347,-0.4291392753758351,-1.075815567448464,0.3170586878784624,-1.2113007903009854,0.0531112846674088
2020-09-01,2.347513879694343,1.145932855759387,0.911316853269624,-0.4181396072194954,-1.410083402280934,1.8659122844971407,-0.2582529602291974,0.0413148735955284
2020-09-02,2.4530075949870604,1.2313796411820634,0.996624951640046,-0.4065224821372398,-0.9355343700197384,-0.3152523868936639,-0.8192401088825648,-0.0188386348101806
2020-09-03,0.0839346709978285,1.2603066134752776,0.3263920159448147,-0.4027030578925987,-1.3957188147213506,-0.3842638326166526,-0.5280310496939629,-0.040922507808389
2020-09-04,-0.2832552323539061,1.2364365807400657,-0.2996944786276891,-0.3988394920285477,-1.30668425399168,-0.6028840329361929,-0.836889142772783,-0.0871710992860472
2020-09-08,-1.2134299915989797,1.1380685302769011,-1.1831196416039176,-0.3994040098549268,0.3783724542365805,1.2642030004379454,-0.3767536163492345,-0.0750534783457196
2020-09-09,-0.5426755783901696,1.0217369327252406,-1.3961380546875557,-0.3949229660351267,0.6219233892558252,0.149189605490244,-0.6326646077573999,-0.1039124839768954
2020-09-10,-0.9374177621560136,0.8779076953395253,-1.722215280534964,-0.3949935561744723,0.9750851861036038,-0.85046889113217,-0.4624774952445806,-0.0570162353754279
2020-09-11,-1.0610108102406688,0.7152540046419449,-1.945442639358138,-0.3958756455085742,0.4080075042468924,-1.148678933964354,-0.9806027044502748,-0.0236200670257196
2020-09-14,-0.6402872035078063,0.5642790587430718,-1.806951746018773,-0.3945966110671652,2.088534838019428,0.2891014963629452,0.106073525076023,0.0327185961435054
2020-09-15,-0.4493839505827393,0.4348327683593728,-1.5516569531210085,-0.3929823680981134,0.8438627375863272,2.830561325077601,-0.2834658657866521,-0.0153701920426152
2020-09-16,-0.743130910942927,0.3107408290503647,-1.4881630694573644,-0.3933352066357318,-0.1383644658122208,2.499986425400877,-1.2869395069733496,-0.0009661598312784
2020-09-17,-0.8931483076687217,0.1880879558033544,-1.4710980896213028,-0.3944025267386588,-0.3451627623907294,-0.089579922047687,-1.0524594852890208,-0.010623357809251
2020-09-18,-1.1899704796732962,0.0572330470303849,-1.5683608731455236,-0.3985483690407602,-1.5340588516690512,-0.4726690057873421,0.1300257853556051,-0.0228990654244246
2020-09-21,-1.0021892553945069,-0.0659968674065486,-1.4779408583660183,-0.4031801967629756,0.9750851861036038,-0.93786659794194,-0.9339588291689837,-0.0171462429999286
2020-09-22,-0.654951033755812,-0.1655447194219435,-1.1971101665916375,-0.4071381585372973,0.923838549404549,-0.5110786607973997,-0.598627185254836,-0.0328324376747255
2020-09-23,-1.2098008507672782,-0.271524416009151,-1.2733813683280464,-0.4147725767417665,-0.1590701776098187,-0.9833285174784344,0.4073677464876069,-0.0192887738106501
2020-09-24,-1.0861019382284212,-0.3715757387153988,-1.2030805090340997,-0.4240023391053892,-0.7154067714715261,-1.3103772848919402,1.715917544919506,0.0217642576131633
2020-09-25,-0.5849087018600795,-0.4430730767385873,-0.8644767536379675,-0.4309687656953085,-0.9778516685060789,-0.6186256948255606,1.0704671626486657,0.0327285723675099
2020-09-28,-0.2198888441026078,-0.4766892267490825,-0.4152675570113835,-0.436951830285473,-0.8960641069055675,-1.2351951077083194,0.4981342064944437,0.013220334464729
2020-09-29,-0.2914472719989045,-0.4873356133222414,-0.142883571141375,-0.4436236499452756,-0.77467687149215,-0.764708317158894,2.4294427721954746,0.0545817017976784
2020-09-30,-0.1251551153465682,-0.4755642182017581,0.1229548102044484,-0.4515196932918155,-1.4469654514204051,-1.0865938194726872,3.1454892900271885,0.0597589771821833
2020-10-01,0.0815695838419708,-0.4410161953839552,0.3930485207382179,-0.4593163145980042,-0.4529618744369733,-1.3890855943387794,2.788726676389204,0.0087765479737136
2020-10-02,-0.5037592066063552,-0.4156887704880116,0.2837072460266857,-0.4633698779930206,-1.596952451254255,-1.5220711539801586,-0.1435342399427785,0.0115397558248824
2020-10-05,-0.076446322911161,-0.378801119008342,0.4207927063548237,-0.4637225693218083,-0.7630299086060013,-1.1495604670301585,0.1287651400777322,-0.0007777287962188
2020-10-06,-0.4117733401558714,-0.3498478828501595,0.3267034626100779,-0.4609738439732585,-0.8420998455330779,0.8680168540063361,1.177622011267848,0.0090832002141683
2020-10-07,-0.0633336717916523,-0.3118019992694348,0.4345274527795595,-0.4595970418383588,-1.2501317786444908,0.1718575986109337,1.879801431042962,0.003731045478748
2020-10-08,0.0334043080484113,-0.2656291725759795,0.5308997625781962,-0.4553610726820801,-1.257249367074915,-0.9850915836100436,1.0389510307018472,0.0455892650304268
2020-10-09,0.3129605193207334,-0.2036646939501869,0.718163036252584,-0.448757550909829,-0.7837356204035991,-0.440304148942802,-0.4196155557969075,0.051081212172763
2020-10-12,0.7557633195042768,-0.1112929835155472,1.078743284367125,-0.4413449343537246,-0.5482081487059235,1.027196539031624,-0.2557316696734519,0.0607920028036759
2020-10-13,0.5811898098354876,-0.0110070584649993,1.1725929806425224,-0.4356363020739117,-0.8672055210876655,2.7377484865778885,-0.7070426791518912,0.0361751014455455
2020-10-14,0.4353856060747027,0.0834781612771039,1.1038060626978992,-0.4289145295508541,-1.5242236385651924,2.180745522284498,-0.7309949394314732,0.0261892469565743
2020-10-15,0.3092133861058526,0.1643887206028461,0.942832697816393,-0.4218409910116597,-0.8591820577660961,0.2620258379132327,-0.2090877943921608,0.0078213855576301
2020-10-16,0.2261802351195971,0.2288458450049947,0.7477217556437579,-0.413347966786575,-1.548423439228635,-0.1525465696051583,0.2548296678650059,-0.0369350811401451
2020-10-19,-0.2762856523806764,0.2620461738535206,0.3770670651134755,-0.407637042254968,-1.2437906544064763,-0.4612090759318824,-0.7662930072119098,-0.0273906413094937
2020-10-20,-0.195844545594889,0.2755626390743967,0.1436484995784951,-0.403137253844045,1.1439661479527614,0.0984384875589221,1.9856956343842715,-0.0236845371584014
2020-10-21,-0.2379141613931736,0.2733230654860233,-0.0431924604555114,-0.3956493785256751,0.0583397962649586,-0.1927192907468248,1.9163601441012712,-0.023874286423025
2020-10-22,-0.3734704492950613,0.2558332927296873,-0.2240349861529735,-0.3892046950818679,-1.093674243873892,-0.1297526431893537,0.6380658323383176,-0.0221268887879383
2020-10-23,-0.4061186954790043,0.2274032704670826,-0.35376852803552,-0.3852264955982818,-1.3884718155921916,-0.4088208251640663,-0.675526547205073,-0.0254833713764277
2020-10-26,-1.002837990197083,0.1734779524674165,-0.6561012139049532,-0.3854474911030493,-0.2911985010182401,-0.2347810113152157,-0.5406375024726902,-0.0239710875780569
2020-10-27,-0.8479838796827083,0.1094957580523441,-0.7753593895889829,-0.3848109951683484,1.1853775715479566,-0.5644743779261354,-0.3389342580130525,-0.0639639186905881
2020-10-28,-1.745451430257446,0.005322450149274,-1.2519605404140746,-0.3893992070169782,0.91400333630069,-0.1272339772870549,1.807944650204216,-0.0438558354751795
2020-10-29,-1.2746285215952335,-0.1057135249919472,-1.3333405973365913,-0.3934304297194331,-0.5680079856123764,0.6336549917974281,0.9885252195869376,-0.0639986074684546
2020-10-30,-1.6601512499847195,-0.2341597599121454,-1.5397979240116075,-0.3970373334819946,-1.517882514327178,0.9520143618480028,0.6052890551136264,-0.0408219059589051
2020-11-02,-1.5889281350989293,-0.364959883652539,-1.5677112118819347,-0.4026245114664452,-0.843005720424223,0.1535972708192671,-1.3550143519784774,-0.0287678740797016
2020-11-03,-1.1058244046264207,-0.4759341129255384,-1.332608391898639,-0.4048700139417876,-0.8420998455330779,-0.5399173853787215,-1.48990339671086,0.053717163242956
2020-11-04,-0.2289186680599312,-0.5360718708567237,-0.7297706339293076,-0.4050998910460137,-1.3292017155715676,-0.9492005945022848,-1.4016582272597684,0.0686247568182685
2020-11-05,0.3285855933562893,-0.5339646102247753,0.0083539141546373,-0.402642232605697,-0.2588458263344936,-0.249641140138779,-1.5352866267142786,0.0966986434124468
2020-11-06,0.3886564769191412,-0.489345144450416,0.512479431877257,-0.4014045848755785,-1.143109130790657,-0.5487327160367675,-1.5541963058823696,0.0860178283713009
2020-11-09,0.2007665624536665,-0.4265195027534695,0.7283750277885362,-0.4038445432064766,-0.0558004400192995,0.259381238715819,-1.5239408192134238,0.0473034442046695
2020-11-10,-0.2529051837630137,-0.3718674468118894,0.631449612210327,-0.4075752145460278,1.317505894956378,1.4566290753735778,-0.9200917311123836,0.0320002094710329
2020-11-11,0.1934480455639548,-0.3045091022696622,0.7821255015855406,-0.4082470756498444,0.3009848563930585,0.2891014963629452,-0.4208762010747803,-0.0080064309586622
2020-11-12,-0.0217760102543097,-0.2407062946879028,0.7399626237726082,-0.4093874814322965,0.28571439394233,-0.5373987194764227,0.3960219389867521,-0.0031255824922509
2020-11-13,0.1408821023245942,-0.1752095124841247,0.7600504039871014,-0.4093167581040087,0.1104923078551582,-1.2562259679925147,-0.7839420411021282,0.0138359076385106
2020-11-16,0.3239612465586848,-0.1038662639630375,0.8293799729705971,-0.4062491153384258,-0.6543249216686124,-1.1775176585456757,-1.0688478739013665,0.0273533016643965
2020-11-17,0.1704554566179267,-0.0381108755085286,0.7631170529553025,-0.4041450805494918,0.2362795070255651,-0.7813315121140665,-0.4385252349649986,-0.0071747094288128
2020-11-18,-0.118422276547512,0.0104858607074582,0.5596433819426976,-0.4030311863764741,-0.3324805139147009,0.6485151206209914,0.2296167623075511,0.0098183154082938
2020-11-19,0.0586781658959567,0.0521084068585899,0.476940845921256,-0.4005647094261974,-0.5473022738147785,0.0678366968459911,0.0695148120177137,-0.0089934522297761
2020-11-20,-0.2247942184311704,0.0771294948389791,0.280074589107712,-0.3990883520620042,-1.007486718516391,-1.0961647499014229,-1.003294319451984,-0.0187138140735917
2020-11-23,-0.2316862583779949,0.0892756459466224,0.1273988058855427,-0.395366548302023,-0.2462929885571998,-1.4258581165123425,0.5271290478855167,0.0004930052357208
2020-11-24,0.1063014617147186,0.1039977057964169,0.1579448884491984,-0.3906811155355601,0.6119587654532312,-1.3087401520554458,-0.5381162119169447,0.0134562605831474
2020-11-25,0.1575926776429875,0.1204704813186322,0.1787055251131339,-0.3813986243707299,-1.0434628927647172,-1.4101164546229747,-0.836889142772783,0.0107121330669728
2020-11-27,0.288975834035206,0.1409077023913481,0.2257173928563919,-0.3731858436998415,-0.8933464822321328,-1.4127610538203883,-0.9642143158379294,0.0280577555247971
2020-11-30,0.4532463418445519,0.1676891441454149,0.3009495179559639,-0.3620291808304151,-0.1312468773817968,-0.0869353228502732,-0.8621020483302376,0.0414724323396276
2020-12-01,0.7501974451320759,0.2074865953767404,0.4552981925171799,-0.3497232586188553,0.1392214829743252,-0.4778322708870548,-0.2973329638432522,0.0256262448093391
2020-12-02,0.6881368904436223,0.2507275558264779,0.4961326037574181,-0.3393180407511594,0.8015454390999867,-0.0729567270925144,-0.5645897627522721,0.0227850042730737
2020-12-03,0.6604565308140093,0.2919400486423332,0.4720782811766719,-0.3328733362775191,-0.9328167453463037,-0.9973071132361928,0.1174193325768777,0.0275556474955596
2020-12-04,0.9105040457236796,0.3374608087196997,0.5231673144653719,-0.3285503667022319,-1.4522712900685395,-1.3244818139448136,-0.4776052385790534,0.0236476153347096
2020-12-07,0.9803307487882404,0.3844049660482406,0.5400464877232515,-0.3242892598856063,-0.949898957579322,-0.4594460098002733,0.4161922634327159,0.0139932971055614
2020-12-08,1.0615893766228666,0.4311491005322991,0.5376745425443733,-0.3188877472865289,-1.0604156942990004,1.5247589880307617,1.2570426637738306,-0.0039238668732657
2020-12-09,0.165697047569736,0.4557512312541863,0.275106438334575,-0.3136453464037241,0.1159275572020276,0.2663075699471406,2.492475036089111,-0.0018430967176535
2020-12-10,0.2101248807718212,0.4647048278593446,0.0895403088720021,-0.310728003854398,-0.0728826522523176,-1.1644205958537217,1.9730891816055445,-0.0138051638460816
2020-12-11,0.1178953618940521,0.4596527996469531,-0.0765435919401039,-0.3070857699724418,-0.7261478594665302,-1.0261458378175148,-0.3780142616271073,-0.0130538280405463
2020-12-14,0.2417660988640783,0.4475780370260372,-0.1598217848182693,-0.3039473968686266,0.3037024810664932,0.6642567825103591,2.3386763121886376,0.0001576999863435
2020-12-15,0.7537996231518359,0.4452071011153669,-0.0447502036616159,-0.3000045555442124,0.0377634951660957,1.9524284582411064,2.018472411608963,0.0266119866971303
2020-12-16,0.9380288939540758,0.4535733053651374,0.0825747921627608,-0.2947002708729128,0.0494104580522444,0.2995539598574854,1.9529188571595808,0.0332369362639841
2020-12-17,1.141990325890183,0.4738422575448173,0.2237219978272634,-0.2873538632409512,0.1006570947512992,-1.012167242059756,3.1908725200306063,0.0317781871690887
2020-12-18,0.9492340835625562,0.4953669945297713,0.2386135604499585,-0.2812627683988054,2.3212152743449344,-1.3717067996129173,0.6279806701153356,0.0290844470027555
2020-12-21,0.9779123477362168,0.5156002829862022,0.2232990841513775,-0.2739532120441565,-0.3370098883704255,-0.0353026718531466,-1.119273685016276,0.0209799189917494
2020-12-22,1.2208504213065312,0.5401860283657166,0.2749121348591606,-0.2656335577621001,-0.4618912126496874,2.1588331289344973,0.1779303059147691,0.0064107066264937
2020-12-23,0.7736317163307219,0.5570137163248031,0.1829142086049571,-0.2596586457371848,-1.442436076964681,0.7709222834727155,-1.2264285336354583,0.0051327280417503
2020-12-24,0.973714324727534,0.572313609895907,0.1647970553254375,-0.25316040631874,-1.4549889147419746,-1.3069770859238363,-1.5327653361585332,0.0200700544213034
2020-12-28,1.2829266379049833,0.5945202777194427,0.2467001496047529,-0.2459430727916216,-1.535870601451341,-0.9833285174784344,-1.546632434215133,0.014209729048636
2020-12-29,0.9985376978340776,0.6132169018415509,0.2050767477538353,-0.2400000700332703,-1.5520469387932143,-0.8915231453396412,-1.5541963058823696,0.004953802354688
2020-12-30,0.9657554786122357,0.6260591693209827,0.1356536123616476,-0.2355158787484688,-1.4918709638814456,-1.1775176585456757,-1.5012492042117145,0.0141175756282607
2020-12-31,1.0127674530087811,0.6337668696692837,0.0747660083290684,-0.2306953222952109,-0.7899473339428784,-1.3786331308442388,-1.5541963058823696,-0.008988017876367
2021-01-04,0.0622029111684043,0.6200614360546737,-0.1791588870969559,-0.2276826024434085,-1.0820272809877431,-0.7708790486195262,0.2321380528632966,-0.0137145492862732
2021-01-05,0.3068070230771114,0.5975792963670133,-0.283236327402722,-0.2250394678862154,-0.1537643389616842,-0.0336655390166525,-0.4839084649684171,-0.0260968891245331
2021-01-06,-0.4944616196207914,0.552331209305037,-0.5532033866996172,-0.2246817644472357,-0.3522803508211538,0.5086032297482902,-1.347450480311241,0.0006932992366761
2021-01-07,0.4013740807458386,0.5182322181443524,-0.4209932666987913,-0.2216648947083934,-0.4026211126290636,-0.0485256678402158,-1.3008066050299496,0.0056911892344606
2021-01-08,0.5804739157676946,0.4971404981090824,-0.2667482147591899,-0.2157554906131888,-0.6901716852182038,0.4946246339905314,-0.0225122932669958,0.0139168755538143
2021-01-11,0.2197807021028163,0.4754728586724115,-0.2735776809189709,-0.2109622028433521,0.2157032059267022,0.2829307649023131,0.0430412611823861,0.0025634913333603
2021-01-12,0.0199280604953423,0.4481769301852684,-0.3403200228407095,-0.2064884143159279,0.5741708414226152,-0.8653290199557332,-0.422136846352653,0.0266382294432943
2021-01-13,0.2255698252931173,0.42302867738498,-0.3148520868936318,-0.2016858593996945,-0.2255872767596019,0.338089548162658,0.6645393831736449,-0.0090823943012752
2021-01-14,-0.1484015337981234,0.3904385024535766,-0.4031011634736915,-0.1997322580159597,0.1842564061341005,-0.6203887609571699,0.3518993542612065,-0.0255427721871127
2021-01-15,-0.5436839552281818,0.3435369839180037,-0.5728103912022875,-0.1997086064638097,-0.195046351858145,-0.0423549363795834,-0.6629200944263456,-0.0046265890421806
2021-01-19,-0.0903326403319811,0.3007818559607531,-0.5236409517442644,-0.1991069008827903,1.4765516437016766,-1.0201010396519974,-0.493993627191399,0.0199905566078522
2021-01-20,0.486760450339645,0.2802380889412688,-0.2602503843868233,-0.1958389840078623,0.5401358276553138,-1.144271268635331,0.1287651400777322,0.0266399564811334
2021-01-21,0.8060326158973071,0.2857892514125179,0.0491929812391916,-0.1911780790365899,0.2453382559370143,0.0259009095727154,0.558645179832335,0.0317692380864127
2021-01-22,0.6394139203428071,0.3022426567052729,0.1784758257380402,-0.1879526774739888,1.0730490850459884,-0.8547506231660779,1.5255601079607233,0.0511693019080761
2021-01-25,0.8489078893068106,0.3313758958009013,0.3288380042958713,-0.1828752976905218,0.2902437683980546,1.4758968695261638,0.6229380890038447,0.038348291225962
2021-01-26,0.865916277110369,0.3660737202516538,0.3948249241384516,-0.1784713632582892,1.4729281441370972,0.8644907217431178,0.3645058070399338,-0.0010636303213066
2021-01-27,0.0371108622510219,0.3822455505754339,0.175136805178259,-0.1776030344448956,3.099491216537144,2.2445937029077734,-0.0918477835499965,-0.0097497643736241
2021-01-28,0.1612552969097393,0.3882943279393651,0.0550938834520861,-0.175706788425622,1.0568727477041149,2.983570278642256,-0.5671110533080176,-0.0293606471810067
2021-01-29,-0.6728073795940381,0.3631724652791383,-0.3145391428114141,-0.1765042607217856,-0.7764886212744398,0.0206117111778878,-0.7952878486029827,-0.0132892971308467
2021-02-01,0.0431643084146474,0.3419849270670873,-0.2678844622865813,-0.1746079796527904,1.172695323071928,0.524344891637658,1.843242717984652,-0.0005968495175446
2021-02-02,0.3721395133900646,0.3359908552931792,-0.0877146943700029,-0.1692470546313506,1.0919430470612967,0.8234364675356466,2.9286583022330777,0.0151333004982829
2021-02-03,0.2513619680262236,0.3349246531429233,-0.0292781861490992,-0.1650292061811502,1.3039177715892043,0.3197032870758762,2.719391186106204,0.0271132959285629
2021-02-04,0.6271297580973912,0.3511356583435008,0.1756013554169719,-0.1569567926354114,0.7629810508769606,0.0101592476833473,1.0225626420895018,0.0495618961810437
2021-02-05,0.542587192673198,0.3735583835368105,0.2492622381398047,-0.1521718046396548,-0.5878078225188293,-0.4717874727215377,0.0770786836849502,0.0346545457723423
2021-02-08,0.7863082027292829,0.4075239214757453,0.3861411987081969,-0.1468729036055963,-0.7971943330720377,1.2878784599195547,-0.5418981477505629,0.0196340908690917
2021-02-09,0.7368711700726848,0.4440768296969849,0.4168231964718408,-0.1407587740864007,-0.3370098883704255,0.0512135018908189,-0.6187975097007998,0.0216495948745865
2021-02-10,0.6716811635623611,0.4770910361096572,0.3748599561427655,-0.1342724936329732,-0.5949254109492537,-0.7270542619195263,-0.7763781694348917,0.0166643703346884
2021-02-11,0.94826006362988,0.5153341236254646,0.4368659702838264,-0.12718363836543,1.6607030680015624,-1.5220711539801586,-0.9049639877779108,0.0241648203645148
2021-02-12,1.0716024749032511,0.5581324112577676,0.49088322507844,-0.1184555146275973,0.6155822650178108,-1.5220711539801586,-0.0187303574333777,0.0102385591454807
2021-02-16,0.9064225719930428,0.5962001347728109,0.4347864388321171,-0.1089564862825903,0.6281351027951044,-0.8538690901002735,-0.3641471635705073,0.0024894828328205
2021-02-17,0.4731227374333122,0.6182180947220021,0.2444623815441787,-0.1020094281688391,0.978708685668183,0.3809068685017385,0.8473329484651916,-0.0009532842015504
2021-02-18,0.2463742342989724,0.6219258168389533,0.0273327808593692,-0.0979244812530827,0.7324401259755037,-0.2347810113152157,1.0893768418167566,-0.0132723895694546
2021-02-19,0.1775647903848591,0.6103132989654498,-0.1543403149245465,-0.0955231126656898,0.3118553550867973,-0.3143708538278595,-0.1700077907781058,-0.0399740620171233
2021-02-22,-0.7218852019647213,0.5655005663451187,-0.5480407920388114,-0.0953281520941431,0.4951009044955383,-0.3598327733643536,-0.7007394527625276,-0.0395249042110487
2021-02-23,-0.8175705193441102,0.4974571758296804,-0.8235185612859488,-0.0964446189167274,0.825874650462164,-0.2995107250042962,0.0064825481240769,-0.0161404145344158
2021-02-24,-0.249815085203312,0.4314473703013936,-0.799403555229538,-0.0958420160628347,-0.2328342758887612,-0.7323434603143538,0.2044038567500964,-0.0458714424433122
2021-02-25,-1.3126049914906732,0.3338031238480784,-1.1745365048324223,-0.0971711365564407,-0.7548770345856971,-0.3851453656824571,0.4653574292697527,-0.0393975568740827
2021-02-26,-1.129375554236503,0.2249990897612551,-1.3068734113648075,-0.0983673555156027,-1.037121768526703,-1.288590824837055,-1.4067008083712595,0.0139045199024687
2021-03-01,-0.1869538244772682,0.1445774096755898,-0.970304916338745,-0.0930773220611141,-0.793570833507458,-0.0204425430295836,-1.2856788616954766,0.0006026241069079
2021-03-02,-0.6207474382834939,0.0693381295124807,-0.9088500933002204,-0.0925457019034493,0.9589088487617302,-0.4088208251640663,-0.7587291355446735,-0.0392700768334611
2021-03-03,-1.1918416897219937,-0.0241814805937588,-1.1256250351281,-0.0965597712721427,1.7164790791563416,-1.1320557390091814,0.5208258214961529,-0.0264616491964035
2021-03-04,-1.5962395631512007,-0.1459873365523931,-1.4610538440313106,-0.1027004754902715,-0.3109983379246931,0.2873384302313362,0.0228709367364223,-0.0133139064878259
2021-03-05,-1.0984531276151552,-0.2619972376572145,-1.392323258742041,-0.1086107978881827,-0.3342922636969908,-1.218571912753147,-1.1797846583541671,-0.0672348686989906
2021-03-08,-1.5213031837615911,-0.3913930710562907,-1.5510586154574952,-0.1170199341095388,1.2059538726468195,-0.7577819859275722,-0.9465652819477112,-0.0199606644262971
2021-03-09,-0.7471995739307878,-0.4908030244220541,-1.1954749131883884,-0.1228947791792247,1.0379787856888072,0.2751229006051867,-0.8444530144400195,0.0013137275049686
2021-03-10,-0.8223840520612249,-0.5696731073587246,-0.9519055010787352,-0.1290886327952204,-0.0863413649207565,0.5829038738661063,-0.4864297555241626,0.0458282532823561
2021-03-11,-0.3735080530377411,-0.6106356245516413,-0.502383507520477,-0.1326507570334383,-0.611101748291127,0.0285455087701292,-0.8545381766630012,0.0190771887469978
2021-03-12,-0.5254053004150215,-0.6320449401944133,-0.2705143814287839,-0.1383838750487763,0.3558549926566928,-0.9711129878522848,-0.4788658838569262,0.0554716621229252
2021-03-15,-0.2995924106578089,-0.629106146717717,0.0182145394611223,-0.1435055506704283,0.4547247664902226,-0.6509905516701009,-0.6402284794246363,0.0284374796502731
2021-03-16,-0.1410847097067787,-0.6030375314725561,0.2924965564677338,-0.1473423735968822,0.4448895533863635,1.4881123991523133,0.9053226312473374,0.0317152460749003
2021-03-17,-0.1620875914375983,-0.5640344863897112,0.4458778293639799,-0.1501956452550843,-0.5643844860477969,1.125172642631049,0.1464141739679506,-0.0179057720735701
2021-03-18,-0.8149956264879704,-0.5457178422003591,0.2005708045856774,-0.1557426422386678,-1.006580843625246,-0.3361573138827445,0.6796671265081177,-0.0137735535899499
2021-03-19,-0.8775629722766053,-0.5437122251203639,0.007148587164895,-0.1614580250948651,-1.339036928675427,-1.0454136319701008,-1.3487111255891135,-0.0049819276534303
2021-03-22,-0.4078188373757945,-0.532824764662604,0.112472784678234,-0.1622569694793368,0.1357273941084807,0.0276639757043244,-0.5242491138603447,-0.01855888496996
2021-03-23,-0.5545326781475509,-0.5225291817016465,0.1054540814963022,-0.1634562097245024,1.8926070401346584,-0.6449457535045836,0.34433548259397,-0.0296684527594263
2021-03-24,-0.8315012062180988,-0.5244280633808933,-0.0391524092632234,-0.167866123639244,-0.3819154008314658,-0.8862339469448136,-0.2544710243955793,-0.0025917724931674
2021-03-25,-0.8454930806527602,-0.5340269742100585,-0.1304622147338745,-0.168173516707808,0.1392214829743252,-1.3244818139448136,0.6393264776161901,0.0258489108529533
2021-03-26,-0.2123004201940551,-0.5232576064150459,0.1110723980234539,-0.1661708807635248,-0.9993338444960868,-0.7358695925775722,-0.5318129855275809,0.0008342091981157
2021-03-29,-0.3480622182252053,-0.5049385113997696,0.2005998673897273,-0.1685114310739602,-1.516070764544888,-0.9019756088341816,-1.0297678702873116,-0.0024417230924331
2021-03-30,-0.5911688976609778,-0.4916669864672983,0.140743906667128,-0.1700656619096519,-0.8672055210876655,1.647292084177601,0.5094800139952984,0.0258766849334515
2021-03-31,-0.1955312067919959,-0.466573622496474,0.2809316646457833,-0.1668133071111239,0.0125284089127732,1.4373612812209915,1.4688310704564502,0.0471480762278415
2021-04-01,0.2484311246274562,-0.4154158043014869,0.5900136432422104,-0.1586558278910098,0.7638869257681054,0.1081353512827728,-0.4259187821862712,0.0422855707976661
2021-04-05,0.64600984866335,-0.3297916747203223,0.9987279645374816,-0.1501298148679348,-1.5340588516690512,0.0434056375936924,1.1751007207121027,0.0432638860061664
2021-04-06,0.5130158129074668,-0.2314101679341074,1.1500096815581495,-0.1393631081913242,-0.9706046693769196,1.042938200920991,1.1612336226555025,0.0588232949706999
2021-04-07,0.6183261525977846,-0.1250466743938578,1.2446630450181997,-0.1317406840015942,-0.852840933528082,0.6799984443997269,0.1678451436917872,0.0572995425451985
2021-04-08,0.893778159317975,-0.0049997574985447,1.4069261612216797,-0.1218815407967598,-0.7405124470261136,1.4679630719339225,-0.7852026863800009,0.0464277040504526
2021-04-09,1.066415214916727,0.1265253636532132,1.5430389703296143,-0.1132781029386234,-1.143109130790657,-0.3134893207620548,-0.8444530144400195,0.0203211591956393
2021-04-12,0.8866749086522406,0.2522902735137033,1.474732245480255,-0.1044366914905658,2.823587606834152,1.1522483010807618,0.6784064812302448,0.0343527687699809
2021-04-13,1.066777942098293,0.376312503017279,1.4540668945719324,-0.0956548435394319,1.4036934203138791,1.615808760398865,-0.1826142435568332,0.0179891199769319
2021-04-14,0.6617421272545835,0.4799980390017694,1.2129068297215833,-0.0890999006813479,-0.0305653537659771,0.4937431009247269,-0.3830568427385982,0.0207237666900914
2021-04-15,1.0019833275955454,0.5814725749404747,1.1866879700074782,-0.0802985931247702,-0.7557829094768419,0.1955330580925428,0.515783240384662,0.0107917602991249
2021-04-16,0.9937357658673884,0.6739333553090505,1.0797995087245449,-0.0682365258464189,-1.4082716524986445,-0.6973340042723997,1.0855949059831382,0.0072291451343682
2021-04-19,0.6622910324578087,0.7448332353559834,0.8241223449358694,-0.0568855823700452,0.2785968055119057,0.5165370273405315,-0.2141303755036518,-0.0110235382479206
2021-04-20,0.3276443636293353,0.7867613228631927,0.4805640688004814,-0.0489115393730086,0.2255384190305613,2.78849960450921,-0.3893600691279619,0.009651320608252
2021-04-21,0.5717556057759443,0.8162378176476891,0.3329084577405278,-0.0389484597236783,0.5535945403237523,2.9572502199632336,-0.0603316516031779,-0.0190470168632909
2021-04-22,0.1385230007964934,0.8214400230398297,0.0450549185915553,-0.0290564468899075,-0.6552307965597574,1.3061387877112214,-0.4725626574675625,-0.0041869028311533
2021-04-23,0.5043749884175942,0.823990549760018,0.0136103280591666,-0.0172286169011527,-0.7396065721349687,0.0031069831569108,-1.1722207866869307,0.0092887412425732
2021-04-26,0.6235281432489592,0.8274829958318025,0.024779957561701,-0.0076739926877097,0.4367366793660594,1.983911782019842,0.1892761134156236,0.0158321029016068
2021-04-27,0.5257068302092646,0.8261563209732072,-0.0323669682648297,0.0021825077681147,1.9941944386416224,2.133520536616394,1.0339084495903563,-0.0036552296240397
2021-04-28,0.1595120757031629,0.8094360981678246,-0.2149093770217101,0.0119679554282675,2.040911700884953,1.981267182822428,2.478607938032511,0.0073258715853474
2021-04-29,0.1265957030561321,0.7804534490206486,-0.3603217828798319,0.0197998858240176,-0.1465173398325252,1.7923672401500146,-0.6742659019272003,-0.0210231973126385
2021-04-30,-0.381771398112717,0.7285456720220892,-0.6321764633938379,0.0235471216620072,-0.3775154370744761,1.1242911095652444,-0.8961394708328015,-0.0287247527215626
2021-05-03,-0.478862199776442,0.6596946632201169,-0.8330955988792058,0.0244617371377737,0.2624204681700324,0.5339158220663937,-1.1684388508533123,-0.0438215731984613
2021-05-04,-1.0485342890524243,0.5631510247192802,-1.1614850869632682,0.0236803386439457,2.882987117553512,-0.238307143578434,-0.874708501108965,-0.0371781517195166
2021-05-05,-1.1176117877716298,0.4498345707756686,-1.3603833619511128,0.0219576588461417,0.8609449498193456,-0.885352413879009,-0.1397523041091602,-0.0266893635616735
2021-05-06,-0.7405215799758603,0.3402507053072049,-1.3161209415197097,0.0196755854912592,0.6434055652458329,-0.85046889113217,-0.4586955594109624,-0.0047958058567736
2021-05-07,-0.4383923944497283,0.2459061376096394,-1.1354076886374445,0.0172425179356322,-0.6219722469848659,-1.2981617552657907,-0.6213188002565453,-0.0272056910178424
2021-05-10,-1.1993615739313035,0.1388794606174433,-1.2857968508216564,0.0122964694590807,-0.0934589533511805,-0.4594460098002733,-0.8822723727762014,-0.012425700554119
2021-05-11,-1.2767755651287296,0.0254159392179027,-1.3621273424647549,0.0058054012136797,-0.5563610227262276,0.2829307649023131,-0.5671110533080176,-0.0378808202445037
2021-05-12,-1.900131484233248,-0.114947389755851,-1.681115251338495,-0.0027191887906973,-0.5536433980527928,-0.5338725872132044,-1.265508537249513,-0.0348206202834596
2021-05-13,-1.4400311026877737,-0.2524951497324994,-1.6477271884611475,-0.011847594369335,-0.7792062459478745,-1.4031901233916528,1.2267871771048848,-0.0219378008415899
2021-05-14,-0.7692185153753237,-0.3596698174112293,-1.287551779346701,-0.0183475512241389,-0.7603122839325666,-1.363773002020676,-0.6805691283165639,-0.0039845515762984
2021-05-17,-0.9491525199361824,-0.449497801786508,-1.081848366130937,-0.0246787927389462,1.9780181012997495,-0.0370657379847558,-0.6578775133148547,-0.0089559546756708
2021-05-18,-1.139325067668106,-0.5314377458115772,-0.9883090540193856,-0.0308502495828258,0.2291619185951408,0.2882199632971407,1.467570425178577,0.023303504185858
2021-05-19,-1.0267082984190266,-0.6002266261509859,-0.8323588564954556,-0.037865269106801,-0.3019395890132439,-0.6020024998703882,2.140755003562618,0.029237240769445
2021-05-20,-0.4542506387071191,-0.6376283024866162,-0.46015773412919,-0.0411152615540919,0.8124159377937255,-0.6545166839333193,0.5901613117791535,0.0015444928183754
2021-05-21,-0.6091227651659095,-0.6582298962627366,-0.2609361155440229,-0.0468959560615587,0.0079990344570489,0.1614051351163935,-0.3893600691279619,0.0268929287995285
2021-05-24,-0.1180468112036938,-0.6486561735676212,0.096893994363163,-0.0511759897278599,-1.2285201919557478,-0.4079392920982617,0.4867883989935891,0.0354740327999909
2021-05-25,-0.110286777667785,-0.6196601891934789,0.3272103868317278,-0.0551097321445409,-0.1932346020758554,-0.7113126000301583,1.5356452701837051,0.0317780386561969
2021-05-26,-0.1127485289820095,-0.5794337526365301,0.4603852598346896,-0.0578713137309817,-0.4951497622245789,-0.8347272292428022,0.1892761134156236,0.0070834311906866
2021-05-27,-0.2992198285192852,-0.5390959955777442,0.461705339690198,-0.0611745957750254,-0.5069261358094627,-1.2072379161928022,0.5409961459421166,0.0162270610693129
2021-05-28,-0.1832770571129452,-0.49672676972482,0.4857952511439041,-0.0623289653665714,-0.2363283647546058,-0.9177172707235492,-0.6314039624795271,-0.0064209227539185
2021-06-01,-0.3684861559965496,-0.4599443362821243,0.4195449917941329,-0.0637408522728144,-1.4253538647316626,-0.931695866481308,-0.3439768391245435,0.0001445059882301
2021-06-02,-0.128439501167338,-0.4213071554078951,0.4415392756952949,-0.0620892112507925,0.0215871578242224,-0.0800089916189513,-0.141012949387033,-0.0090882463205835
2021-06-03,-0.4876337044023076,-0.3928374944357501,0.320969048452958,-0.0612900074983808,-0.3729860626187516,-0.8145779020244113,-0.0956297193836145,0.0152998771805938
2021-06-04,0.1409330180755737,-0.3526518043788785,0.4599020727034185,-0.0593630999826326,-1.339036928675427,-0.2906953943462502,-0.0351187460457232,0.0114884990662584
2021-06-07,0.132178572991938,-0.3074086405452155,0.5198754751075674,-0.0585106627130225,-1.0774979065320187,2.1710486585606468,1.4385755837875045,0.0165553446381883
2021-06-08,0.1345437112831305,-0.2613548531441086,0.529488150438025,-0.054532519308991,-1.139615041924812,2.017158171930187,0.1917974039713691,0.0103122973337317
2021-06-09,0.1598022070499091,-0.2166367857857364,0.513648686081368,-0.0501015475214991,-1.0092984682986803,0.1439004070954165,-0.0149484215997594,0.0272964397587094
2021-06-10,0.4186448150833369,-0.1677808071652085,0.56271757465905,-0.0413816464483591,-0.4969615120068688,-0.7393957248407905,-0.8482349502736376,0.0139267244650314
2021-06-11,0.6179098048082337,-0.1130837307557661,0.631983481638957,-0.0334608720182431,-0.9211697824601548,-0.6912892061068826,-0.2607742507849429,0.024430565511865
2021-06-14,0.9311274648321556,-0.0474891649379953,0.7612099583989156,-0.0268631965395581,0.0035990707000593,-0.630967157746825,-0.6074517021999452,0.0180714209187844
2021-06-15,0.5879832584952431,0.014360612326228,0.7168028649067105,-0.0201589839270334,-0.2057874398531489,0.2296609810686924,0.2170103095288238,0.0118485591454269
2021-06-16,0.3000975365165151,0.0641538841907746,0.57383234605978,-0.0131795048207818,1.0676138356991192,-0.3738113691221122,0.5208258214961529,0.0160847414394902
2021-06-17,0.6882082662974934,0.114953511709864,0.5857660851744645,-0.0051610538264513,0.3585726173301275,-0.6081732313310204,0.0468231970160045,0.0008449803573762
2021-06-18,0.2166821603304323,0.15304632958257,0.4350840170453929,-0.0005879904675067,-0.7297713590311097,-1.1302926728775724,-0.2330400546717427,0.0014138298141719
2021-06-21,0.5699642175558152,0.1912849493994712,0.4368129906508819,0.0060032358623999,-0.7684651579528706,0.5489018841850719,-0.79402720332511,0.0167346228013582
2021-06-22,0.8398367121059516,0.2360067883559104,0.5136934110920268,0.0116020783942059,0.2965848926360688,0.3030800921207039,2.037382090777054,0.0211266272263159
2021-06-23,0.7790902689254893,0.2799671491598915,0.5046635203452068,0.017023106678282,1.7182908289386318,0.6922139740258764,0.1917974039713691,0.0158054552619175
2021-06-24,0.9695670309589774,0.3264613538385703,0.5347107820875994,0.023262489882664,2.566577959146469,0.192888458895129,0.8195987523519913,0.023972270530338
2021-06-25,0.8985884950102357,0.3693456414958698,0.4919030453154824,0.02999885009986,2.325744648800659,-0.2199208824916524,0.3128193506471518,0.0237181908651433
2021-06-28,1.2120055697529166,0.4173334368190443,0.552422334673491,0.0376523353528916,0.8798389118346536,0.2471657090896694,-0.3528013560696527,0.0219147826727397
2021-06-29,1.4087877825041393,0.472187924356838,0.6338501212618505,0.046861495490145,0.8313098998090335,-1.0130487751255608,0.1665844984139143,0.0219389396737239
2021-06-30,1.3353239968012536,0.5254516961622446,0.6149868233112314,0.0550847349979655,0.3631019917858521,-0.5460881168393538,-0.0376400366014686,0.0172628589699816
2021-07-01,1.3846007866604737,0.5748119232182153,0.5686971398857149,0.0646758810213381,-0.4331620375305204,-0.5443250507077446,-0.4360039444092531,0.0318805911324062
2021-07-02,1.7334382596210245,0.6314569747831841,0.6550832945162443,0.0736574843459364,-0.5185730986956115,-1.062918359991078,-1.399136936704023,0.025076591715895
2021-07-06,1.8238342596583057,0.6917040553476405,0.6977974921951389,0.0831728108114979,1.0352611610153726,-0.9458003955341814,-0.874708501108965,0.0232038531256004
2021-07-07,1.949697219014768,0.754763726348209,0.7311502341899826,0.0934087174939293,1.4476930578837746,-0.7760423137192388,1.2293084676606305,0.0146281751987016
2021-07-08,1.2478976676096063,0.8032447307962332,0.5582709916551155,0.1022836855454669,0.8411451129128925,-0.5329910541473998,1.472613006290068,0.0222429330577824
2021-07-09,1.502683871314712,0.847638390599007,0.5098017408012712,0.1114716896707498,-0.4422207864419695,-0.6571612831307331,-0.6843510641501821,0.0097426136154505
2021-07-12,1.524040031410989,0.8853351259278098,0.4303871231336989,0.1200205691322106,-0.6668777594459062,-0.547851182970963,-0.5078607252479991,0.0100381154207269
2021-07-13,1.6361137350890929,0.918654110957538,0.3784741341793858,0.1278423210888016,-0.330798174831146,-0.0842907236528594,1.6453214093586328,0.011967179344831
2021-07-14,1.8260577767811508,0.952892519148972,0.3893769955070565,0.1374418650254749,0.28571439394233,1.4601552076367963,-0.579717506086745,0.0132159948060861
2021-07-15,1.2047124930261266,0.9736794491616156,0.2298643713488658,0.1466042407943082,0.1599271947719231,-0.6011209668045837,-0.9478259272255838,-0.00595211106855
2021-07-16,0.5598213911369706,0.9708942360046804,-0.0496628571114758,0.1529759016480894,-0.6030782849695577,0.0800522264721406,-1.19491240168864,-0.0204204612665703
2021-07-19,-0.1786528543663399,0.9352287100374732,-0.4395698182496499,0.1586693644083844,1.1430602730616162,-0.2443519417439514,-1.0159007722307114,-0.009938353085364
2021-07-20,0.3705920705255064,0.8941667816606046,-0.5035623622613508,0.1649677433041997,0.1851622810252456,1.190783889385934,0.1199406231326232,-0.007709351457527
2021-07-21,0.6779420726417594,0.8597765251212546,-0.424447199735727,0.1713995775200605,-1.2968490408878208,0.5121293620115085,-0.7738568788791462,0.007905193327055
2021-07-22,0.8952514569794231,0.8369147634222859,-0.2877380262054213,0.1789700790521808,-0.82320588351777,-0.6798292762514228,-1.0814543266800938,0.0280771565811783
2021-07-23,1.1644369225323752,0.831025571985916,-0.0864709843746446,0.1870832624341095,-1.577282025046537,-0.8241488324531469,-0.6124942833114361,0.0418945179808416
2021-07-26,1.1338765486903566,0.8328368697352018,0.004844276370635,0.1952765414398882,-1.055109855650866,0.2409949776290371,-0.5444194383063083,0.0169514200723335
2021-07-27,0.5906594782655813,0.8259443694276324,-0.098368593600861,0.2008187576414423,0.5059714031892771,2.1570700628028883,0.8334658504085913,0.0059913500014059
2021-07-28,0.5223454781897225,0.8099111327987826,-0.2067628397919259,0.2052400837455439,0.9965673620936116,2.9301745615135206,2.346240183855874,0.0032677217302774
2021-07-29,0.6840532056940465,0.7916209391299599,-0.2335266746116552,0.210435349762712,-1.091991904790337,0.4394658507301868,1.3717613840602496,-0.0072482281785923
2021-07-30,0.6439925909175029,0.7695709521174364,-0.2781117004783197,0.2153192620927732,-1.0416511429824271,-0.4944554658422274,-0.5708929891416358,-0.0102953508823667
2021-08-02,0.4180882407760749,0.739745261000636,-0.3703188876636272,0.2179791854666229,-1.1278386683399284,-0.7638267840930895,0.349378063705461,0.0055563894306214
2021-08-03,0.6715780269451659,0.7113939684104538,-0.3528349223395281,0.2210038502635535,-0.128529252708362,0.0616659653853591,0.1829728870262598,0.0088356154280875
2021-08-04,0.7496291246449788,0.6853573203297009,-0.3253870080817057,0.2235748034240398,-0.7414183219172584,0.2514474411235776,-0.6251007360901635,0.0097069645771665
2021-08-05,0.9593717594595612,0.6660854080381221,-0.2451682586531561,0.22817405593498,-0.5643844860477969,0.2724783014077729,-0.4423071707986168,0.0095176805798098
2021-08-06,0.8960405226902955,0.6488244569848738,-0.2213215334127816,0.2314300488946126,-1.1647207174793996,0.4316579864330601,-0.9251343122238744,0.0098790826676564
2021-08-09,0.6478021403625764,0.6277980032151835,-0.2659742631418852,0.2341344433552555,-1.044239356957127,-0.4726690057873421,-1.404179517815514,-0.0037705311537523
2021-08-10,0.1334294384472585,0.5951285925338592,-0.4040407704246174,0.2352997905196129,-0.8646173071129657,0.5531836162189797,0.0821212647964411,-0.0056441161037921
2021-08-11,0.1402360344609744,0.5549035123607491,-0.4936387054535765,0.2354865915159667,-1.0972977434384716,-0.2242026145255606,-0.1082361721623419,-0.0054195595676188
2021-08-12,0.436387676316137,0.5165192099376653,-0.4718100792241059,0.2375771672117981,-0.930228531371604,-0.6387750220439514,-0.4763445933011807,0.0008392768968552
2021-08-13,0.6954786834599692,0.4855607610760977,-0.3837515497102575,0.2417493879343918,-0.7890414590517335,-0.7367511256433767,-1.0171614175085844,0.0086158787657268
2021-08-16,0.8968072253879054,0.4641768974035455,-0.2702125625129918,0.2483858003654124,-1.5196942641094675,-0.3248233173223996,-0.2759019941194157,0.0075039939202943
2021-08-17,0.2570881945243898,0.4385749173265698,-0.3202325534560848,0.2519175084552074,-0.975134043832644,-0.2820059969833192,0.4867883989935891,-0.0065243421238661
2021-08-18,-0.5856320984757674,0.3941902709601271,-0.542964386247851,0.2522644446197051,-1.3399428035665717,-0.556540580333894,-0.2721200582857976,-0.0025300411071615
2021-08-19,-0.090839752228341,0.3496956182512489,-0.544268882313095,0.2529405397298934,-0.5087378855917526,-0.1219447788922273,-0.141012949387033,0.004839157571109
2021-08-20,0.4522656838304761,0.3205181881061106,-0.3626315682958404,0.2540258613698452,-0.3262688003754213,0.1028461528879452,-0.7347768752650914,0.0132315292906282
2021-08-23,0.8977638166473272,0.3158122351435236,-0.0724397030946709,0.2569704165230381,-0.8978758566878572,-0.4323703513505607,-0.7335162299872187,0.0205312272733071
2021-08-24,0.8267128907367909,0.3238810936306655,0.0790487556745187,0.261053695072045,0.2902437683980546,0.37738073623852,0.1464141739679506,0.0342154754520633
2021-08-25,0.7891840661942167,0.3373696921484322,0.1433180458632567,0.2652259438344159,0.5715826274479155,0.8068132725804741,0.7918645562387912,0.0177551066635768
2021-08-26,0.3797357067441709,0.3447111149126242,0.0704225527002524,0.2678859092679317,1.2366242082470114,1.8370735599158197,-0.3212852241228343,0.0145113099836331
2021-08-27,0.7530843135051878,0.3574108985119623,0.1339639855926114,0.2719780764263421,-0.1734347651694023,1.7426235885796124,-1.2907214428069678,0.0123612182711299
2021-08-30,1.1108865148439455,0.3837728693245978,0.2959752757398702,0.2780718210274426,-0.678524722332055,2.0355444330169687,-0.4801265291347989,0.00818691469886
2021-08-31,0.7691398982985053,0.4094804080363809,0.2882147768301739,0.2825465208476292,1.0918136363625617,1.973459318525302,1.752476257977816,0.0090169067752594
2021-09-01,0.7782633066856447,0.4320299485423084,0.2507660612163629,0.286781031935488,0.7224755021729097,1.6481736172434052,2.028557573831945,0.014313862037746
2021-09-02,0.7037767212119286,0.4484168749785548,0.1776874947671396,0.2901081618101232,-0.4395031617685347,2.561190006826739,0.2775212828667152,0.0086076015527116
2021-09-03,0.8632858422191234,0.4629476067499917,0.1556760490362879,0.2941113587551701,-1.0416511429824271,1.0823553222919682,-1.2289498241912038,-0.0018783382716109
2021-09-07,0.8736068270164506,0.4740312592586977,0.1147993028845912,0.2985949331648708,-0.8186765090620454,1.6105195620040371,-1.1722207866869307,-0.0004407682561935
2021-09-08,0.569441419146877,0.4760289816278124,0.0070549687511569,0.3035233306016139,0.5526886654326073,1.0753030577655316,-0.6213188002565453,-0.0044679660058095
2021-09-09,0.2808004649673878,0.4659524026196391,-0.1361265814077598,0.3079001996388107,1.6463384804419792,-0.09398758737671,0.0480838422938771,-0.01323000536742
2021-09-10,-0.3844927966430372,0.4354989768859544,-0.3777627978929141,0.310106411376215,-0.0719767773611728,1.934042197154325,-0.4851691102462899,-0.0168171946328729
2021-09-13,-0.3654414145336807,0.3924846468961105,-0.5267146657150662,0.3116098621752221,-0.4053387373024983,2.4920526278086355,-0.4233974916305257,-0.0183187499870234
2021-09-14,-0.4498311055301323,0.3407195571584326,-0.6304844248598841,0.312312665173286,-0.4053387373024983,2.4920526278086355,-0.4233974916305257,-0.0059196973624817
2021-09-15,0.0792931794835944,0.2947555727442774,-0.5616927633878989,0.3153818150768986,-0.4053387373024983,2.4920526278086355,-0.4233974916305257,-0.0015807539938521
2021-09-16,0.1118481267958274,0.2540673480939679,-0.4991308446772731,0.3204258205154375,1.2266595844444177,0.8575643905117959,0.4376232331565526,-0.0073422616625012
2021-09-17,-0.8845267616413568,0.1993227889419732,-0.6658160797575674,0.3219559231227651,-0.3415392628261499,1.1619451648046122,0.5258684026076439,-0.0257336699591623
2021-09-20,-1.673043875032023,0.1165215402138857,-0.9985227250785892,0.3192053191091363,-1.0622274440812902,-0.3274679165198135,-1.2289498241912038,-0.0241044814901801
2021-09-21,-1.6478210007741658,0.0198911889877868,-1.1625133586647602,0.3147200623127978,-0.6721835980940406,0.0582657664172554,0.2674361206437333,-0.0193108273639909
2021-09-22,-0.8427916636481921,-0.0656972540886485,-1.031574310832553,0.3122574548517878,1.5745155426440618,0.4858093033324856,-0.2683381224521793,-0.0067401415401784
2021-09-23,-0.208203312634917,-0.1251865951987749,-0.7220814664414914,0.3117196238834515,1.224847834662128,0.7901900776253018,0.3468567731497155,0.0096839996938875
2021-09-24,-0.1770105779004516,-0.164862174032339,-0.4871225144830087,0.3121605353615601,-0.5832784480631048,0.19112539276352,-0.1800929530010877,0.0184404004930434
2021-09-27,-0.6518471142922108,-0.2016629774147446,-0.4530323594840676,0.3099035716272479,-0.7414183219172584,-0.323941784256595,1.705832382696524,-0.0121356828623006
2021-09-28,-1.6940843777162318,-0.2690430899280407,-0.8156531643933667,0.3020349792226818,0.9822027745340282,-0.7629452510272848,0.8700245634669008,-0.02672596244933
2021-09-29,-1.728482226836377,-0.3536110856016127,-1.0194734665325706,0.2947442866282097,0.2624204681700324,-0.514604793060618,1.3137717012781034,-0.0464876132687709
2021-09-30,-1.9235905865347864,-0.4524594163072148,-1.1888149830960746,0.2864555742404004,-0.2561282016610589,-1.0690890914517102,0.3229045128701337,-0.0327996824477065
2021-10-01,-1.2058588513895967,-0.5381731824443603,-1.0330604382317643,0.280323162786407,-1.268119865768654,-1.5220711539801586,-0.7650323619340371,-0.045943697112516
2021-10-04,-1.82918455352189,-0.6366463274623818,-1.1843658918678008,0.2705023149074165,0.6164881399089558,-1.2763752952109055,-0.7625110713782917,-0.0027893332553294
2021-10-05,-1.2573801630531558,-0.7216661534452575,-1.02483143815125,0.2625262460364702,2.399508747079601,-1.0261458378175148,0.0090038386798224,0.0049866622761973
2021-10-06,-1.0123662868326873,-0.7856685102192159,-0.7755984823290055,0.2559662139588072,0.4996302789512629,-1.3409790756048712,1.6768375413054517,0.0214972354601554
2021-10-07,-0.682489824686974,-0.8219113134597881,-0.4464153865594979,0.2511697016145816,0.3342434059679501,-1.209882515390216,0.2296167623075511,0.0025731565929418
2021-10-08,-0.8033424452504271,-0.8419578235083822,-0.2543537265434711,0.2472530214023852,-0.5896195723011192,-0.7988362401350434,0.2649148300879878,0.0206672596380608
2021-10-11,-0.9813023228120992,-0.8558552216322916,-0.1814352735443465,0.242543264129117,-0.7450418214818381,-1.340223475834181,-0.1233639154968147,0.0011318446007952
2021-10-12,-1.1441773873264665,-0.8697480727162354,-0.1813813530556526,0.2373163131636026,-0.2624693258990731,0.3214663532074855,0.7313535829008998,0.0007275357718097
2021-10-13,-0.8880405232016174,-0.8748875708625521,-0.0775808429031494,0.2316904963660369,-0.5293141866906155,0.9502512957163938,-0.5103820158037446,0.0140300240534441
2021-10-14,-0.0822387302876178,-0.8478285158079789,0.3042415595796739,0.2290235350080857,1.5116219430588578,-0.6580428161965376,-0.9163097952787652,0.0259937069719931
2021-10-15,0.1635578046007083,-0.7916686502154915,0.6493297790552243,0.2296500277522353,0.6883110777068732,-0.9518451936996988,-1.0234646438979478,0.0404315446415763
2021-10-18,0.4102176216780713,-0.7094116613812128,0.9587991589960504,0.2339721491242594,0.5517827905414625,1.8317843615209917,-0.8255433352719285,0.0562063664076957
2021-10-19,0.6803652236233855,-0.6027212141520089,1.248540183293274,0.2396310808988135,1.1880951962213913,1.0604429289419683,1.9087962724340344,0.0468731165036275
2021-10-20,0.5528087898577443,-0.4889505221660357,1.3325003552404189,0.2430353622206818,0.3091377304133626,-0.6318486908126296,1.346548478502795,0.0277366035224864
2021-10-21,0.663709749895077,-0.3718437960061863,1.3720602874860417,0.245138541796408,-0.0745649913358725,-0.9265326013815952,0.301473543146297,0.0160350688235653
2021-10-22,0.4911267977747057,-0.2627656513207964,1.2768543865257913,0.2466535309637724,-0.5850901978453946,-0.8364902953744113,0.1237225589662413,0.0108121212945928
2021-10-25,0.5959298533533819,-0.1607566733865514,1.19302558168374,0.2499864931120855,0.9121915865184,-0.2531672724019972,0.2989522525905516,0.0037154943107422
2021-10-26,0.687920860162045,-0.0655945500954887,1.1118330363852045,0.2578198254967005,1.78390205319727,-0.5950761686390664,0.8259019787413548,0.0056205198799574
2021-10-27,0.6365112540378821,0.0186401616361224,0.9822517316440632,0.2656977411272179,2.785929093502271,-0.4735505388531468,1.9403124043808528,0.0118267487208802
2021-10-28,0.9694083528681048,0.1026344420153788,0.9794006073710084,0.2759639588089074,-0.0467416911078503,0.5523020831531752,0.4136709728769704,0.0196955007789056
2021-10-29,1.101759841077412,0.1861801992611684,0.9740818534716976,0.2848399923719825,1.3642231571997083,1.3061387877112214,-0.8179794636046921,0.0148492843959868
2021-11-01,1.0021431768768834,0.2621045075860169,0.8837038815411625,0.2966301298901059,-0.1833993889719964,-0.3212971850591812,-1.3701420953129502,0.0208935821165128
2021-11-02,1.2795154491682357,0.3384108988468959,0.8882347629032106,0.3078053971517686,1.1206722221804637,0.1999407234215659,-0.5822387966424905,0.0277566357360572
2021-11-03,1.4482459535912011,0.4164465787947347,0.9087413104155118,0.3189538724062242,1.123389846853898,-1.0830676872094689,-0.7385588110987097,0.0334493903096271
2021-11-04,1.8332121554790284,0.5086907100633046,1.0772304032326343,0.3311539514684318,-0.0970824529157603,-1.000833245499411,0.1577599814688053,0.0343591421263818
2021-11-05,1.9439646565876152,0.6094417078612404,1.1781079860102806,0.3446284243889054,-0.9031816953359916,-1.4538153080278595,-0.5734142796973812,0.0414781361130367
2021-11-08,2.0551669312817875,0.714745661344805,1.2320986255100883,0.3596535110137996,-0.6254663358507104,-1.490587830201423,0.1148980420211323,0.0281480029017902
2021-11-09,1.7419828031370972,0.8098907918687998,1.1116315298421564,0.3747588194415409,-0.3828212757226106,-0.0213240760953881,-0.470041366911817,0.0053162728126068
2021-11-10,0.6654777482875442,0.8706685196773348,0.704090104299195,0.3865846656160521,0.6695465263903002,0.4753568398379454,1.5961562435215966,-0.005534706627328
2021-11-11,0.8158708387703958,0.9096654586321744,0.4458054206302607,0.3960577922167809,-0.9706046693769196,-1.2553444349267102,-0.7410801016544551,0.0013764131114977
2021-11-12,1.171831398715193,0.9449910142011816,0.4022687928796934,0.4062170942276367,-1.247414153971056,-1.0156933743229746,-0.8028517202702192,-0.0050004851293796
2021-11-15,1.1088351573145996,0.9719910840981584,0.3035420916736545,0.4150485725845865,-0.0036479284290999,-1.2037117839295837,-0.9768207686166568,0.0096243040054528
2021-11-16,1.3982900656570294,1.0023922233342986,0.3438732350634823,0.4240582857859257,0.441266053821784,-1.0017147785652158,0.6569755115064084,0.0234604767327675
2021-11-17,1.201106606869892,1.0265140564093431,0.2694108904545161,0.4330055964628899,0.3576667424389827,0.5505390170215659,-0.0426826177129596,0.0288565578712451
2021-11-18,1.4707061743496326,1.054754531178015,0.3182512733318221,0.4429064558463982,0.4133133428950268,0.5418496196586351,0.2699574111994787,0.0239076232988209
2021-11-19,1.6490166457885942,1.0900973357419312,0.4024733378676432,0.454402470120563,-0.5491140235970684,-0.6203887609571699,-1.2239072430797129,0.0135216197103755
2021-11-22,0.9383410008744008,1.1106719129408251,0.2273462128150329,0.4637330144537364,-0.9562400818173362,-0.6326042905833192,-1.4243498422614778,0.0006510776872603
2021-11-23,0.8024983938258765,1.1147346736606,0.0315429604739176,0.47231495281263,-0.8655231820041105,0.4753568398379454,-0.7826813958242554,0.0109866506920177
2021-11-24,1.0298306570201137,1.1140263306865492,-0.0250345591278314,0.4821178131744848,-1.2159673541784544,0.0276639757043244,-1.251641439192913,-0.0239901058377499
2021-11-26,-0.2357759444376762,1.0756426969933837,-0.4718021491763688,0.4867073358827032,-1.5520469387932143,-0.3283494495856181,-0.0300761649342322,-0.0068295902934577
2021-11-29,0.5246001226589639,1.043124800599694,-0.4022440577290409,0.4943802947610669,-1.024568930749409,-1.0112857089939515,-1.0196827080643298,-0.0040141803912711
2021-11-30,0.1828543526144179,1.0023504710377449,-0.5001519086990918,0.5010016918913451,-0.4395031617685347,-0.9352219987445264,-0.6503136416476182,-0.0153835470717961
2021-12-01,-0.3211668542851542,0.9384141349156768,-0.7748155849186419,0.5042990154827133,-0.4745734611257162,-0.6501090186042963,-0.7221704224863641,-0.013510672499772
2021-12-02,-0.0404445984224469,0.871722290246814,-0.8074914286696039,0.5081132103088886,-0.6937951847827835,0.726341897002026,-0.5608078269186539,-0.0051808953630493
2021-12-03,-0.6001101685357575,0.7832763865228133,-1.065459140459723,0.5071418703636497,-1.2501317786444908,-1.087475352538492,-0.0225122932669958,-0.0202186546220091
2021-12-06,-0.306172757745455,0.6948916439999248,-1.0647338682215035,0.5068032059334546,-0.9328167453463037,-0.67466601115171,-0.770074943045528,0.0225226985092128
2021-12-07,0.5621192844224716,0.6518609382406696,-0.5269088556707484,0.5108491495189907,-0.0027420535379548,0.1955330580925428,0.4792245273263527,0.041463654437561
2021-12-08,0.6596762409404252,0.6431055259227282,-0.120459696110235,0.5162139860893633,-0.5087378855917526,1.0954523849839226,2.181095652454545,0.020840989446297
2021-12-09,0.2761262900902311,0.6402395164507969,-0.0506209698226607,0.5223719277605859,-0.4646088373231221,0.4071009938856465,0.7843006845715547,0.0590441034685389
2021-12-10,0.7133958915414569,0.6644259824875502,0.2701773321193104,0.5309092828735771,0.1077746831817235,-0.9667053225232618,-0.3149819977334706,0.0334733143063901
2021-12-13,0.2143120957084015,0.6828021921522394,0.201277154114997,0.5353383900158787,0.0368576202749509,0.4482811813882327,-1.1280982019613848,-0.0177953976555126
2021-12-14,-0.2671144216879634,0.673332455165132,-0.128930423339251,0.5373969583059253,-0.4035269875202084,1.2773000631298996,1.0389510307018472,0.0036352287955652
2021-12-15,0.3134111007517486,0.6778045440053091,0.0363969253511805,0.5418884259129357,-0.3559038503857334,-0.4997446642370549,0.6090709909472445,-0.0141741696879256
2021-12-16,-0.4178038110388272,0.6520257010451164,-0.3223298592126087,0.5424409497245758,-1.229426066846893,-0.4263255531850434,-0.1637045643887423,-0.0400274051495664
2021-12-17,-0.5673497722309567,0.5980352374946394,-0.6568737340416957,0.5404892830854741,-1.06585094364587,-1.218571912753147,-0.7020000980404003,-0.0371300347040223
2021-12-20,-0.8255900387758545,0.5123052777626869,-1.03325246789333,0.5356531505359279,-1.4388125774001013,-0.82855649778217,-1.1167523944605302,0.0037250941254032
2021-12-21,-0.2585913849036643,0.4402820543467307,-0.8707128979406126,0.536260197694522,0.448383642252208,-0.4332518844163652,-0.9679962516715476,-0.0093976254498521
2021-12-22,0.0075145185952699,0.3953037973300509,-0.5500036418069074,0.5391969437697378,-0.0583886539939993,-0.6195072278913653,-0.7196491319306186,0.0251891550954497
2021-12-23,0.1200710339811922,0.375082575868821,-0.2564255193627818,0.5418946647633843,-0.9031816953359916,-1.187970122040216,0.058169004516859,0.0542302239821395
2021-12-27,0.5256446162987407,0.3973015638498104,0.2468462466075768,0.5516922957067726,-1.4289773642962422,-0.8775445495818825,-1.294503378640586,0.0613637624552068
2021-12-28,0.3754373769903738,0.4364747005575968,0.4478948390250098,0.5569701949476357,-1.623999287289867,0.0188486450462785,-1.3272801558652771,0.0360507314409248
2021-12-29,0.3925781734251797,0.48357516431886,0.5419000274550909,0.5636474753540669,-1.6311168757202914,-0.2478780740071697,-1.2163433714124765,0.0159318789690687
2021-12-30,0.1878022566434965,0.5227187956270237,0.4475449530379008,0.5713476187965204,-1.577282025046537,-1.4023085903258483,-1.3361046728103865,0.005377420951685
2021-12-31,0.0372218259180887,0.5465740053019539,0.2662491711513336,0.5769254034555764,-1.6347403752848708,-1.5220711539801586,-1.5365472719921511,-0.0063965845060093
2022-01-03,0.2636848447151957,0.5698102032494871,0.2589087001852892,0.586480532385011,-1.1836146794947076,0.4902169686615087,-1.5541963058823696,-0.0117795734945344
2022-01-04,-0.0768976211931478,0.5756021853464236,0.0520487098016322,0.5929758206168948,-0.6992304341296528,1.1041417823468531,-0.770074943045528,-0.0429838740276987
2022-01-05,-0.8909001959601642,0.5285292613462008,-0.5748429808625434,0.5895166654508562,-0.6156311227468515,-0.920361869920963,1.4385755837875045,-0.0414948323896827
2022-01-06,-1.0032041390128548,0.4425267762352705,-1.0364841750538871,0.5845946190236715,-1.239261279950752,-1.2597521002557333,1.7902956163139976,-0.0456663941386825
2022-01-07,-1.2048383407328611,0.3234547146633232,-1.4286354948556066,0.5799640180417128,-1.5862113632592507,-0.6571612831307331,0.0695148120177137,-0.0544667004653537
2022-01-10,-1.1992224473296655,0.1886204332495231,-1.6155497518698738,0.5722946342349541,-0.6263722107418553,-0.3571881741669399,-1.3915730650367866,-0.0328801690999759
2022-01-11,-0.8281186903239854,0.0645231038520975,-1.4882269871277116,0.5687190438936891,1.436951969888771,1.0954523849839226,-0.0464645535465779,0.0024952847253461
2022-01-12,-0.6855435592444897,-0.0413965438222702,-1.272669286017271,0.5683708319193247,0.1544919454250537,-0.9842100505442388,-1.1318801377950032,-0.018510800506353
2022-01-13,-1.3192155833862813,-0.1634068679419372,-1.4634785034248443,0.5601194825347637,0.778251513327689,-0.9789208521494112,-0.9427833461140928,-0.0010244898109822
2022-01-14,-1.060636469885279,-0.2792002960346734,-1.3897562413660935,0.55750265629862,0.778251513327689,-0.9789208521494112,-0.9427833461140928,-0.025186763367216
2022-01-18,-1.5619072564909082,-0.4146327095296315,-1.622642624236062,0.552339313567904,1.992382688859333,-0.7288173280511354,-1.4016582272597684,-0.0501935562888614
2022-01-19,-1.80759687335315,-0.5718320076904921,-1.8807624268820933,0.5469375486108313,3.0186095298277773,-1.0690890914517102,-0.8734478558310923,-0.0668483066425736
2022-01-20,-2.015244320941505,-0.7491507978479501,-2.119346835409567,0.5359554473749683,1.271565096905458,-1.3708252665471123,0.0090038386798224,-0.0610818023619718
2022-01-21,-2.299593569557642,-0.9520236607591788,-2.422376520973078,0.5201965597782079,-0.591301911384674,-1.520308087848549,-0.5721536344195085,-0.064128866084365
2022-01-24,-2.132337245880477,-1.1529448051771556,-2.399232318206756,0.5042948095161186,-0.8942523571232776,-0.7376326587091814,0.1564993361909324,-0.0632960303199452
2022-01-25,-2.444122881229266,-1.3668357614789397,-2.5530331645469158,0.4818752831207529,1.074860834828278,-0.9675868555890664,0.1754090153590236,-0.0444459450307668
2022-01-26,-2.2547149901701142,-1.56869783550271,-2.410390210935967,0.4610717872302422,1.714667329374052,-0.8469427588689515,-0.7347768752650914,-0.0386131438760812
2022-01-27,-2.3490391132363606,-1.7574024182012222,-2.254363792074451,0.439196877429319,-0.5518316482705031,0.6992662385523133,-1.2365136958584402,0.0237801048952899
2022-01-28,-1.1081736411944534,-1.8756895823594275,-1.4193278898105035,0.4242683597974362,-1.4622359138711338,1.5195957229310488,-0.5015574988586354,0.0440922823778247
2022-01-31,-0.5399439297903852,-1.9107199788432208,-0.4320382169465847,0.4136434292447837,-0.6425485480837286,-1.3584838036258484,-1.0688478739013665,0.071598098683558
2022-02-01,-0.4833429061097265,-1.8850269002852544,0.2880433029556747,0.4019202226750689,-0.2184696883291776,-1.5220711539801586,0.2434838603641511,0.0740013923303981
2022-02-02,-0.302068730138565,-1.8093082790518,0.8812647676186949,0.3930363660141278,-1.0784037814231635,-1.4835355656749862,2.1722711355094364,0.050072827432489
2022-02-03,-0.9304300357328504,-1.7380257338254177,0.8286601307566219,0.38467927862938,-1.0865566554434678,-1.084830753341078,0.0959883628530411,0.0101267219164018
2022-02-04,-0.8355672688230991,-1.6653206432723735,0.8455292015772249,0.3776525104387172,-1.5269412632386272,-1.2307874423792964,-1.042374323066039,-0.0211768816392248
2022-02-07,-0.9713796346988536,-1.600353038142569,0.7537752257061762,0.3710543442639295,-0.901369945553702,-0.944918862468377,-0.188917469946197,-0.0116386322837542
2022-02-08,-0.6639898527134065,-1.526237744227809,0.8622519167936629,0.3661793205432719,-0.6650660096636164,-0.1831483603180894,-0.9390014102804746,0.0021380547854596
2022-02-09,-0.163107398146845,-1.421187710271486,1.229087553449678,0.3627061454885847,-0.340633387935005,-0.5810975728813078,-0.7927665580472373,0.005095358938215
2022-02-10,-0.7476013251376546,-1.3315549039890406,1.0462643416942563,0.3546972280185347,-0.6048900347518477,-0.9728760539838942,-0.3641471635705073,-0.0295114553820722
2022-02-11,-1.2904170548103902,-1.2901577720441426,0.474267800544317,0.3462329445651798,-1.4172009907113583,-0.9405111971393538,-0.2191729566151427,-0.02333819504462
2022-02-14,-1.295600832740455,-1.2793556967604762,0.1114602555715536,0.3364829672233078,-0.908616944682861,-0.8110517697611929,-1.0764117455686026,-0.0099062741007812
2022-02-15,-0.7070153856367611,-1.255995215219487,0.2603825011957411,0.3339204680556767,-0.5680079856123764,-0.7744051808827446,-0.7864633316578736,-0.0323662920124504
2022-02-16,-0.7267807898570159,-1.2250723336448852,0.350060249489426,0.3332329887959053,-0.7890414590517335,-1.218571912753147,0.4212348445442068,-0.0361145138159425
2022-02-17,-1.2720068262152964,-1.2241843936765533,-0.0061052431334057,0.3301436642725276,-0.8987817315790022,-0.8364902953744113,-0.0187303574333777,-0.0158175125429206
2022-02-18,-1.4316594122884536,-1.2516949348755204,-0.3428649800852371,0.3284561743952309,-1.3499074273691654,-1.3094957518261354,-1.460908555319787,-0.0246059556557758
2022-02-22,-1.5738567496416245,-1.3039161094567515,-0.6358928483258426,0.3247954693099802,-1.412801026954369,-0.6265594924178021,-1.260465956138022,-0.0733749368215573
2022-02-23,-1.924710470484981,-1.3946767652602772,-1.0929083303236895,0.3209651375919707,-1.093674243873892,-0.8871154800106182,-0.6843510641501821,-0.0407560626376612
2022-02-24,-1.1484284585622893,-1.4651609637465424,-0.8524625687264621,0.3208312196155997,-1.2590611168572048,-1.2737306960134918,-0.8961394708328015,0.002272965959551
2022-02-25,-0.8671882875298863,-1.50133119145245,-0.4455547589147026,0.3234829974341445,-1.490059214099156,-1.3979009249968253,-1.2402956316920584,0.0106929221194993
2022-02-28,-0.8992286716262297,-1.513511899551548,-0.1610781256469779,0.3199741277429583,-0.9913103811745176,0.0468058365617958,1.4184052593415408,-0.0002647035216588
2022-03-01,-1.2427851273745971,-1.5301442406284111,-0.2138672428454214,0.31017058040656,0.1257627703058867,0.53051562309829,0.6506722851170449,0.0476062054389299
2022-03-02,-0.7776854952439842,-1.5217481601885996,0.0829290751203617,0.3029117269792084,-0.3298922999400011,1.9909640465462792,0.21070708313946,0.0009195792002281
2022-03-03,-0.9891005939872732,-1.5090274269538808,0.1342124141497009,0.2928314270408873,-0.8609938075483861,0.4063453941149569,-0.3540620013475254,-0.0298022064058243
2022-03-04,-1.278579406208333,-1.511362425541895,-0.0443240455423413,0.2846082576325106,0.3531373679832581,0.0722443621750142,0.1892761134156236,-0.0636075822938485
2022-03-07,-1.7855226650930989,-1.5609199883151563,-0.6043067502345641,0.2709208226034646,-0.678524722332055,0.4666674424750142,-0.4070091030181802,-0.0491423352616257
2022-03-08,-1.8441328272019968,-1.6398670939311435,-0.9528188646164908,0.2575548075415765,0.5347005783084441,2.523535951587371,1.641539473525015,-0.0324775694978354
2022-03-09,-1.0199401923680318,-1.688048468023576,-0.5879873937372219,0.2475102583193092,-0.3002572499296893,1.8300212953893824,-0.4977755630250172,-0.0379217441900714
2022-03-10,-1.273388057857668,-1.73066802060707,-0.5220332486092109,0.2319567200315844,-1.0182278065113948,0.4219611227092097,0.4023251653761159,-0.0379969411103983
2022-03-11,-1.5085336688202284,-1.7834951131353418,-0.6430780483813545,0.2179300036972436,-1.1467326303552363,-0.3720483029905031,1.1864465282129573,-0.0199626678856744
2022-03-14,-1.736419149734711,-1.8564247416451665,-0.8814613861849234,0.2058765025708568,-1.3103077535562595,1.4138117550344975,-1.008336900563475,0.0179006938583241
2022-03-15,-1.084085688248954,-1.8994780928658015,-0.5271773939623793,0.198108713165674,-0.0162007662063937,0.7675220845046121,-0.5759355702531268,0.0109880629579257
2022-03-16,-0.5324717443859053,-1.8827978003434256,0.181166338773397,0.1909480129787513,0.1168334320931724,0.0731258952408187,-0.2910297374538886,0.0362793364238314
2022-03-17,-0.4166857946635237,-1.8180970884046477,0.7506103071221604,0.1848855187094487,-0.2984455001473994,-0.3895530310114801,-0.2519497338398339,0.0764265880423022
2022-03-18,-0.0906449586481268,-1.7002718692975265,1.3805804437049451,0.1858409040214055,-1.045145231848272,-0.7699975155537216,-0.0262942291006141,0.0946706311045937
2022-03-21,-0.127085726087595,-1.5543941387606788,1.713237543014576,0.1879261381396615,0.0233989076065123,0.6485151206209914,0.101030943964532,0.0743091328779932
2022-03-22,0.1083708216786613,-1.3793260051735563,2.0593881837766004,0.193256079207188,0.1392214829743252,-0.4148656233295836,0.2144890189730783,0.024488646107891
2022-03-23,-0.2094855166477914,-1.210641675144875,1.9836866702193023,0.1998052318512601,0.91037983673611,-0.254048805467802,0.8246413334634822,0.0437124743025987
2022-03-24,0.2127434318365236,-1.0230462580394737,2.2079413644021333,0.2054503400156064,0.1464684821034846,0.3520681439204165,1.5495123682403054,0.0221985612006163
2022-03-25,0.200166433275038,-0.8325302319930661,2.2425750299463645,0.209166690038903,-0.5265965620171807,0.278649032868405,0.244744505642024,0.036312963650209
2022-03-28,0.3952157580851552,-0.6350840166367775,2.324755788673327,0.2148147003201995,-0.91845215778672,1.1207649773020256,-0.7725962336012735,0.043328294566433
2022-03-29,0.7211447276171389,-0.4177286378973666,2.5608460423856174,0.2262539901248925,0.5230536154222954,0.4893354355957039,0.4250167803778252,0.0454960952137457
2022-03-30,0.3837715501441641,-0.2152755097763232,2.384129619818254,0.2328236819058347,0.0314223709280815,0.5007953654511638,0.1136373967432594,0.0039162169558055
2022-03-31,0.0347471850917237,-0.0507828695420282,1.9339800558329423,0.238898331418596,0.7081109146133263,0.537441954329612,-0.5381162119169447,0.0015170158078119
2022-04-01,-0.0332487097070327,0.0771599220033113,1.500558375370141,0.2469364803564777,-0.1230940033614926,-0.3764559683195261,-0.7688142977676553,0.0085571195981035
2022-04-04,0.3102552802448704,0.1968856894431751,1.4031178517032177,0.2625599358288928,-0.9131463191385856,-1.4223319842491242,-1.3966156461482775,-0.033210806105815
2022-04-05,-0.1863233752754982,0.2787436252739531,0.9540670402712116,0.2757670775126155,0.3378669055325296,-0.7769238467850434,-0.4007058766288165,-0.0433303159577906
2022-04-06,-0.6630542486183126,0.3034243826799713,0.2760388227571571,0.2805573369865041,0.6533701890484269,-0.4875291346109054,1.0477755476469566,-0.0274333045368299
2022-04-07,-0.6310770601902891,0.2913016379036767,-0.1603907750374469,0.2878926969462108,-0.5769373238250904,-1.062918359991078,1.4461394554547409,-0.038180012073036
2022-04-08,-0.8993881072402049,0.2392916698861662,-0.6333882824505712,0.2955994717959947,-0.5069261358094627,-1.2937540899367677,-0.1863961793904515,-0.0798910676946176
2022-04-11,-1.327714807163216,0.1352043700034147,-1.2509406253655344,0.302255259713128,-0.6695953841193408,-0.5469696499051584,-0.3565832919032708,-0.0642754517736298
2022-04-12,-1.396944303194029,-0.002035452293065,-1.6440755490808507,0.3040795977235231,-0.5436787742501991,0.2777674998026005,-0.7499046185995643,-0.0261775936064196
2022-04-13,-1.020893920385015,-0.1359561380492184,-1.6047159952496888,0.3037918254891223,-0.2884808763448054,-0.3090816554330319,0.3342503203709882,-0.0513038860597754
2022-04-14,-1.4220774684145232,-0.2883140744360781,-1.823351760871595,0.2992837583339522,-0.2228696520861672,-0.2915769274120549,-0.2065665038364153,-0.0347090248092167
2022-04-18,-1.34418486178622,-0.4407840371057961,-1.8246802101405823,0.2924282851427977,-0.4413149115508245,-1.1425082025037216,-0.1611832738329968,0.0088175850811562
2022-04-19,-0.9086633284495717,-0.5646073121901837,-1.4849771492992196,0.288304629314483,1.3228117336045129,-0.297747658872687,0.1375896570228415,0.0123726610191188
2022-04-20,-0.92644776284295,-0.6644983612235489,-1.2011799242949963,0.2820699708125754,-0.1941404769670002,-0.163880566165503,-0.4297007180198894,-0.0205600954273424
2022-04-21,-1.2441627557421502,-0.7622490242661377,-1.1757984322714297,0.2757190313542169,-0.3711743128364618,0.4858093033324856,0.9078439218030828,-0.0242769683198575
2022-04-22,-1.690359268292001,-0.8831321510135064,-1.4501117783400863,0.2620957373157387,-0.7999119577454724,-0.4884106676767101,-0.2191729566151427,-0.0128468064039712
2022-04-25,-1.3264034417525297,-0.9949720736643336,-1.342874105493701,0.2504761377231368,0.6299468525773944,0.6844061097287499,-0.470041366911817,-0.0671204153551049
2022-04-26,-1.853344207915268,-1.1339214623203908,-1.664348221910125,0.2323356215422008,2.826305231507587,-0.4114654243614801,1.787774325758252,-0.052424397178205
2022-04-27,-1.5188312451223729,-1.265395215620605,-1.5756993613900654,0.2130054336901017,3.435700211850638,0.5068401636166809,2.313463406631183,0.0025134911418762
2022-04-28,-0.725211924627445,-1.3410191271365623,-0.9134111947353794,0.2007059956770418,1.6993968669233237,1.920945134462371,0.5334322742748803,-0.0116021160163403
2022-04-29,-1.3259520072456843,-1.421016553735099,-0.9652739609195212,0.1850432284368563,-0.1052353269360644,2.224444375689383,-0.7473833280438188,-0.0114298202303576
2022-05-02,-1.0542594289111482,-1.4811297977236972,-0.729479938493569,0.1717240958826088,0.0503163329433895,0.7691592173411063,-0.6679626755378365,0.0286082411822363
2022-05-03,-1.0222281757123468,-1.521159834344984,-0.4913258065763706,0.1559361310367915,-0.2094109394177287,0.1019646198221407,-1.014640126952839,0.0491930454308364
2022-05-04,-0.4157750378991072,-1.5063238020770044,0.1592964157136923,0.1477066947381884,0.3469256544439788,-0.3554251080353307,0.0606902950726044,-0.0397098389816431
2022-05-05,-1.1174169874430746,-1.5083378957027993,-0.0405186353154087,0.1364181047165792,2.699612157446035,0.8478675267879453,0.4363625878786797,-0.0060100158063814
2022-05-06,-1.2158833252101875,-1.5265913856199167,-0.2330914278920642,0.1238950775193519,1.0594609616788149,0.1439004070954165,-0.4612168499667078,-0.0587868101233652
2022-05-09,-1.6492940800257678,-1.5917184696771798,-0.7889359161810795,0.1084380661649725,0.7853691017581134,-0.4603275428660779,-0.1208426249410692,-0.0460991671158425
2022-05-10,-1.3915698041131903,-1.6646580222734444,-0.881579069687759,0.0982586596337948,1.870995453445916,0.940680365287658,0.1451535286900779,-0.1075434076553122
2022-05-11,-1.71970704446638,-1.7677706991641895,-1.2393831839488034,0.0847964120562226,1.3605996576351287,2.33904367424398,2.060073705778763,-0.0721191296566267
2022-05-12,-1.8176333600037693,-1.8912892624133373,-1.4813637631861716,0.0679797799404821,0.1473743569946294,1.6936355367799,2.3664105083018376,-0.0335066023987842
2022-05-13,-1.261589295702301,-1.9851452693370115,-1.1296141535278967,0.0583370687666606,-0.890628857558698,-0.1936008238126295,-0.1952206963355606,-0.0034781158348162
2022-05-16,-1.361694800742008,-2.0606317579996603,-0.9117815835016474,0.0471915657285984,0.7611693010946707,-0.3799821005827444,-0.6238400908122907,0.0099859968922857
2022-05-17,-0.8932727639115426,-2.0877717237237143,-0.3384705584710162,0.037065785271501,0.527453579179285,0.5977640026896696,-0.3944026502394528,-0.0048172710640146
2022-05-18,-1.4259525939811903,-2.126237758889291,-0.4727792964403478,0.0213940593224692,0.3118553550867973,0.4063453941149569,1.004913608199283,-0.005475909906117
2022-05-19,-1.5357049897458777,-2.176462274484293,-0.612215724502771,0.0066973535394461,-0.0350947282217017,0.2602627717816234,0.3947612937088795,-0.0353304648405049
2022-05-20,-1.4983571536720277,-2.2250730021118432,-0.5930788274196749,-0.0040545621546402,-0.5922077862758189,-0.4831214692818825,-0.5973665399769633,-0.0043813546548474
2022-05-23,-1.1135516763841635,-2.2434781021517214,-0.2348892770361504,-0.0140371855287468,-0.1366821267286662,-0.4148656233295836,-0.8595807577744922,-0.0467667707524434
2022-05-24,-1.2937342172717097,-2.25240207640802,-0.1224585661796176,-0.0209606411599585,0.5545004152148971,-0.1918377576810203,1.0578607098699384,0.0105882486821884
2022-05-25,-1.092908580401688,-2.2391162582112245,0.1409134015040377,-0.0283582073655983,0.9247444242956938,0.9564220271770258,0.6090709909472445,0.0463411235829815
2022-05-26,-0.69442047453153,-2.1844437244087627,0.6316924462901928,-0.0379651538034782,0.1913739945645248,0.8872846481589225,0.0846425553521866,0.0793529856531627
2022-05-27,-0.1882994599611542,-2.068121695855731,1.362755051825658,-0.0379293329879811,0.0054108204823492,-0.5906685033100434,-0.1901781152240696,0.0475869044534995
2022-05-31,-0.3060109268166975,-1.9228003370705733,1.706639880145122,-0.0407202161416968,-0.6596307603167471,0.0468058365617958,-0.3376736127351798,0.0601907553377378
2022-06-01,-0.3568052605773871,-1.7664168722101743,1.8378184424803952,-0.0441103934555845,0.0421634589230853,0.3906037322255889,-0.8520168861072558,0.0733425936374156
2022-06-02,0.0194312100307029,-1.5828772973030891,2.1598456812641205,-0.0489854311961309,1.4082227947696035,-0.4560458108321698,-0.2645561866185612,0.0230941570227192
2022-06-03,-0.4088659930429084,-1.414545875470367,1.979501753760597,-0.0505240018162021,-1.142203255899512,-0.677310610349124,-1.0776723908464756,-0.0103210982491482
2022-06-06,-0.4076767300086469,-1.262034450995036,1.7919023495083533,-0.0510339051663506,-0.7279596092488199,2.162359261197716,0.0304348084036588,0.0086864820528844
2022-06-07,-0.2043303057735645,-1.1129264325892072,1.7515434963023049,-0.0451838542697399,-0.6794305972232,2.085414017882486,-1.065065938067748,0.0002858660611171
2022-06-08,-0.4203493319658389,-0.9838665064230572,1.5138057726104233,-0.0426076857106765,0.0287047462546468,-0.0536889329399284,-1.0902788436252029,-0.0494350936949758
2022-06-09,-0.8841180774968707,-0.9004112374029413,0.9730088104840976,-0.0395037524633265,1.1565189857300546,0.3354449489652443,-0.370450389959871,-0.0635758519009984
2022-06-10,-1.4243183155292771,-0.8875096809675435,0.1363566828215651,-0.0398615610514708,-0.5293141866906155,-0.1691697645603306,-0.284726511064525,-0.1051428852909763
2022-06-13,-1.9025876627754417,-0.9613600855706452,-0.8923802910776496,-0.0493254205058032,1.5421628679603143,0.0503319688250141,1.6730556054718333,-0.1101150694388359
2022-06-14,-1.7860781551818818,-1.0784219852877128,-1.4047982490010849,-0.057009202738204,1.8215605665291503,0.5855484730635201,1.2091381432146668,-0.0809597789277782
2022-06-15,-1.400368568866904,-1.1949962353380104,-1.399015518138168,-0.0658021824809246,3.18580815259338,0.1815544623347843,0.0758180384070773,-0.094183373406823
2022-06-16,-1.8330812321985872,-1.342077019988874,-1.760773335638229,-0.0736111833487899,1.374964245194712,-0.6283225585494112,-0.4813871744126716,-0.0493554381974687
2022-06-17,-1.6704642928419435,-1.4898860816840258,-1.7694095153133906,-0.0791123633362703,-0.0305653537659771,-1.2815385603106182,0.2094464378615874,0.0200449934243844
2022-06-21,-1.2308973788100608,-1.6042363913275577,-1.3726432068174697,-0.0820363022432054,-0.127623377817217,-0.786620710508894,0.2031432114722235,0.0093585287730375
2022-06-22,-1.2825588646334198,-1.6927442134060051,-1.0661933913033914,-0.0881369726692986,0.536512328090734,-0.4656167412609054,0.0808606195185682,0.0032997755100698
2022-06-23,-1.0163729544048044,-1.7431824329393713,-0.6147499051741022,-0.0907536026270015,-0.2130344389823082,-0.703504735733032,-0.3263278052343252,0.0834625857735185
2022-06-24,-0.4330279971207068,-1.7294568117768976,0.1461287484150226,-0.0905954302432684,-0.6543249216686124,-1.0331981023439516,-0.6477923510918727,0.0663977632663626
2022-06-27,-0.5400963597129442,-1.6797500231845857,0.5728067952975081,-0.0941157682033692,-1.244696529297621,-0.4778322708870548,-0.3250671599564524,0.0087869574757299
2022-06-28,-0.9848166664064226,-1.6365674920792803,0.4954397268903343,-0.10533810724117,-0.8662996461965206,-0.7305803941827447,0.5132619498289165,0.0151276387980165
2022-06-29,-0.9495324645899208,-1.5948353327834204,0.4782406793020488,-0.1154237767968436,-0.96698116981234,0.2715967683419681,0.3720696787071703,-0.0131968907289317
2022-06-30,-1.140281916381879,-1.5661239688300566,0.323835252173371,-0.1266763286946816,-0.8115589206316212,-0.0179238771272847,0.8864129520792462,-0.0452603273449726
2022-07-01,-1.0958923419695608,-1.542113578628398,0.2680893594717323,-0.1407011453341106,-1.0963918685473268,-0.3370388469485492,-0.5242491138603447,-0.0267073051498698
2022-07-05,-0.8475775994991885,-1.5076515999480695,0.3920281773990275,-0.1502229069285613,-0.9642635451389052,-1.1171956101856182,-0.4196155557969075,0.011977092618882
2022-07-06,-0.6776786381853985,-1.4575123686418812,0.5779348616090082,-0.1587581240085341,0.2848085190511852,-0.1097292492660778,-0.6213188002565453,0.0308134264585064
2022-07-07,-0.2869835558777729,-1.3776015505240429,0.9309773952665762,-0.1663746948947534,-0.5850901978453946,-0.3869084318140663,-1.4205679064278594,0.0452330006472863
2022-07-08,-0.2784231734350393,-1.280395277906843,1.1360733182969305,-0.1725062791753164,-0.5850901978453946,-0.3869084318140663,-1.4205679064278594,0.0284906767539538
2022-07-11,-0.5664557471434026,-1.1889032873486445,1.068311239342027,-0.1769336057917594,-1.2788609537636575,-0.1368049077157903,-1.0020336741741114,0.001860639269849
2022-07-12,-0.832850238623703,-1.117158862163349,0.8341372748528374,-0.1782790314158638,-0.1995757263138696,0.4403473837959913,-0.1485768210542695,-0.0092990409797073
2022-07-13,-0.8832881606004479,-1.062298183956884,0.6339235325101868,-0.1747323150352704,1.083790173040992,-0.1131294482341812,1.0263445779231202,-0.0204804922441808
2022-07-14,-0.6689355793939831,-1.010457472312323,0.5981116473956702,-0.1708340219070367,1.383893583407426,-0.5722822422232619,0.6229380890038447,-0.0036878817816522
2022-07-15,-0.2780004238504728,-0.9446483438900806,0.7637543214518521,-0.1672613617224994,-0.2848573767802259,-1.205474850061193,-1.0285072250094387,0.0004577449624492
2022-07-18,-0.5021041061172193,-0.8816661904072383,0.7302310026745749,-0.1601494577580181,-1.440624327182391,0.2802861657048993,1.6554065715816146,0.0452608553930595
2022-07-19,0.1199138371738923,-0.7927497586992137,1.0377693059273885,-0.1504610347372573,-0.7486653210464177,0.8662537878747272,1.622629794356924,0.0643859000547588
2022-07-20,0.4003159067505062,-0.6754958418900067,1.3738057288731147,-0.1417169703860313,0.4098192540291823,-0.1875560256471121,1.007434898755029,0.0695672294352551
2022-07-21,0.638327685958108,-0.5314903113730135,1.691036299839175,-0.130757749608443,-0.0567063149104443,-0.5722822422232619,1.3553729954479037,0.0365616239932529
2022-07-22,0.2642939185067469,-0.3921016827892307,1.63628736198574,-0.1232243867613525,-1.486435714534576,-1.234313574642515,1.0011316723656654,0.0400457463982044
2022-07-25,0.0997599403656576,-0.2692552741337949,1.4401235742517589,-0.1206235992778225,-1.0820272809877431,0.695740106289095,2.7988118386121856,-0.0071057902893356
2022-07-26,-0.3003685906200588,-0.179807754330616,1.0440671458072324,-0.1191976784630426,0.5221477405311507,0.0695997629776004,2.716869895550458,0.0196777265699155
2022-07-27,0.4751396401438842,-0.0734060481572958,1.2451161846134229,-0.1090366309760502,1.2239419597709829,-0.2163947502284342,2.5845021413738207,0.0208423332564466
2022-07-28,0.7088149355818534,0.0532972176187154,1.4858596184343411,-0.0971985173989715,-0.1815876391897065,2.143973000110934,1.110807811540593,0.0510127798533606
2022-07-29,0.9317200706737744,0.2014190434415072,1.7398488583781515,-0.0818627570515694,-1.5026120518764494,2.4552801056350724,-0.8305859163834194,0.0554455727065614
2022-08-01,0.870211252735812,0.3516732552234146,1.7651354830550523,-0.0670651220901649,-1.363366140037604,0.3249924854707038,-1.085236262513712,0.0652304742574554
2022-08-02,0.6624700319273048,0.4862352472653222,1.5790513132467792,-0.0546171293369851,-1.2563434921837702,-0.661568948459756,-0.965474961115802,0.048459774604868
2022-08-03,1.071901185632681,0.6303096032162219,1.691852457396385,-0.0397567133142128,-1.2043203912923055,-0.5050338626318825,-1.3650995142014593,0.0374542416520626
2022-08-04,1.138111472955469,0.7755798151280976,1.7060333615256615,-0.0267078842131097,-1.3561191409084448,-0.7174833314907906,-1.5100737211568238,0.0194148868711476
2022-08-05,1.0619751524598278,0.9089251077318404,1.5646232394236776,-0.0140177679829686,-1.449553665395105,-0.841653560474124,-1.4684724269870233,0.0129248646513067
2022-08-08,0.7786865148456258,1.015672154331151,1.2492113596451542,-0.0008074998640772,-1.4738828767572825,0.0687182299117959,-1.0297678702873116,0.0099376166590139
2022-08-09,0.4588695553086748,1.086212648302059,0.8198606113694348,0.0126987000644081,-1.0793096563143083,0.2671891030129453,1.1738400754342302,0.010634945450519
2022-08-10,0.9441075109502928,1.1564381728247684,0.8161255866722219,0.0300433562363753,-0.7117832719069466,-0.3195341189275721,-0.4448284613543623,0.0021037817574931
2022-08-11,0.8168613751526039,1.2150718141656636,0.6786647306466155,0.0458095972647317,-1.0011455942783765,-0.0528073998741236,-0.6402284794246363,0.024418237438873
2022-08-12,1.1448993548302386,1.2817084605909683,0.7735673372745097,0.062158750213374,-1.5196942641094675,-1.1451528017011354,-0.5103820158037446,0.0397201009925414
2022-08-15,1.243111283719362,1.3532529916054663,0.8317668555343071,0.080507854297623,-0.611101748291127,0.6074608664135202,-1.1167523944605302,0.0473978890194237
2022-08-16,1.1431217052066525,1.4172263556812057,0.7419851460233504,0.0949019337742223,-0.5023967613537382,1.0185071416686924,-0.4788658838569262,0.0122763276718675
2022-08-17,0.8766225503358932,1.4610733652617869,0.5033193594391909,0.1064351287930835,-0.8384763459684984,1.1810870256620836,-0.646531705814,0.0215343986871319
2022-08-18,0.9770799459426288,1.491718209217215,0.3467631761373692,0.1169369787432899,-1.0307806442886884,0.4473996483224282,-0.5683716985858903,-0.0165988980568708
2022-08-19,0.3233841252805441,1.4879342895620862,-0.0615058896892596,0.1267034294543239,-1.489153339208011,0.2751229006051867,-0.8091549466595829,-0.0500132800070138
2022-08-22,-0.4725543887357154,1.4278884476844835,-0.7286806592280605,0.1335462286661403,-1.30228429023469,1.4486952777813364,-0.8305859163834194,-0.0499503712819702
2022-08-23,-0.5382187357789467,1.3288827773280971,-1.19068077511143,0.1420302100630465,-1.275237454199078,1.40852255663967,0.0266528725700407,-0.0425133587340953
2022-08-24,-0.5213140625292998,1.2075269437724694,-1.455717311236962,0.1454202471780477,-0.7459476963729831,1.2231487462304742,-0.8999214066664197,-0.031355681117376
2022-08-25,-0.0809293805184568,1.0930891186980336,-1.373680997300589,0.1490792979164377,-0.6947010596739283,0.0048700492885198,-0.3086787713441069,-0.0555671658678771
2022-08-26,-1.1108552683462185,0.939306893329848,-1.840241508596805,0.1451870403502676,-0.2030698151797142,-1.1653021289195262,-1.1633962697418214,-0.0413251908629017
2022-08-29,-1.3515829585679684,0.7522590611707493,-2.2347174288566105,0.1399136975732153,-0.5652903609389417,-0.2015346214048709,-0.9490865725034564,-0.0488160197051177
2022-08-30,-1.530560999968357,0.5409762800759642,-2.522104454259245,0.134263682447842,-0.4440325362242592,-0.4288442190873422,-0.4158336199632894,-0.0586681573036934
2022-08-31,-1.6911747836605475,0.3136888995420621,-2.7118929385582877,0.1240129427232203,-0.7225243599019504,-0.3773375013853307,0.0745573931292047,-0.0788393156034367
2022-09-01,-1.7707468475236077,0.081897558238671,-2.7653025781456675,0.1125694189121556,1.2015539088898302,-0.1944823568784341,-1.0045549647298568,-0.0502573013433135
2022-09-02,-1.977214971513547,-0.1545347067208995,-2.8203363745118,0.099861343204656,-0.1572584278275291,-0.0082270134034341,-0.7007394527625276,-0.0439034494912189
2022-09-06,-2.077777511098899,-0.3884385312719551,-2.790353189078265,0.087485118261468,-0.8771701448902594,2.249756968007486,-0.3313703863458161,-0.0183763607133042
2022-09-07,-1.5806109912193755,-0.5926741648391889,-2.438536761548564,0.0783105592093988,-0.4772910857991508,3.3150267113847853,0.9380994084720286,-0.0053230674423179
2022-09-08,-1.475701667012936,-0.7635966235365882,-2.0434967613419985,0.0660150187253833,-0.7854179594871539,2.938108359105762,-0.5330736308054537,0.0193164487894075
2022-09-09,-0.9035692819836206,-0.8839100509659913,-1.4433560722398366,0.0566252123228926,-0.9337226202374486,1.1697530291017388,-0.1296671418861786,0.0493037448733129
2022-09-12,-0.488139902886902,-0.9485749151778164,-0.7834547415842184,0.0465717744912223,-0.1132587902576336,0.726341897002026,0.3897187125973886,0.0002272003877805
2022-09-13,-1.5274535959892104,-1.0286269704209896,-0.965921767676844,0.0290298094163598,0.8456744873686171,0.7797376141307616,1.7512156126999427,-0.0119331564154196
2022-09-14,-1.438574095248279,-1.1089732162168346,-0.9694103885135628,0.0122860386619264,1.3039177715892043,0.3249924854707038,2.9816054039037323,-0.0379812543972224
2022-09-15,-1.7814304324136032,-1.206218496000166,-1.1698054098824926,-0.006224483410278,1.8818659521396544,0.234824246168405,0.6620180926178995,-0.0618801586976039
2022-09-16,-1.8577944736253973,-1.3123273566209233,-1.274913043409739,-0.0260802137983132,-0.6021724100784128,0.2357057792342095,-0.7499046185995643,-0.0691564700459899
2022-09-19,-1.640670707246136,-1.4083915649329066,-1.155799825722222,-0.0425374040088811,-0.7279596092488199,-0.6467088196361928,-0.8948788255549288,-0.0227445446691391
2022-09-20,-1.732292629566493,-1.4963444595360522,-1.0596128551997526,-0.0559739321007276,1.461281181250948,0.2707152352761636,-0.7221704224863641,-0.0414947294887846
2022-09-21,-1.9665300525762783,-1.5869454690137912,-1.0910151848994485,-0.0708767162269958,1.3524467836148244,-1.0751338896172276,0.5031767876059347,-0.0288992901967924
2022-09-22,-2.108714806009683,-1.6812233351952433,-1.134616717286255,-0.0870200221605555,1.840454528544459,-1.1040985474936642,1.3087291201666125,-0.036240462193256
2022-09-23,-2.281890133892614,-1.7820254877143766,-1.2119841278154448,-0.1068170162250971,0.1535860705339086,-0.859158288495101,0.1766696606368962,-0.0506797189081608
2022-09-26,-2.3702652297733007,-1.8847473462198971,-1.234748714385846,-0.1217909653061456,0.1419391076477599,0.173620664742543,-0.4927329819135262,-0.0438297091848769
2022-09-27,-2.3271046013300447,-1.9785606254730543,-1.1291074729417323,-0.1349619707268768,-0.0431181915432708,-0.6177441617597561,-0.5482013741399265,-0.0183944391524539
2022-09-28,-1.9734271365579985,-2.048428738785306,-0.8451568019173767,-0.1456728011372788,-0.455679499110408,1.0149810094054743,0.34433548259397,-0.0341361035012021
2022-09-29,-2.3520670722482926,-2.119884249365446,-0.8639807482834683,-0.1581037106561406,0.3531373679832581,0.3809068685017385,2.062594996334509,-0.0400841364027497
2022-09-30,-2.581731418230154,-2.2018229366151614,-0.9882941507104674,-0.1720285094099507,0.3891135422315844,-0.7909024425428021,0.8334658504085913,-0.0034179699583373
2022-10-03,-1.6980382861399457,-2.254333359034136,-0.6393228566131987,-0.1810753683062642,-0.9266050318070242,-1.3979009249968253,-0.0338581007678506,0.0286900675626649
2022-10-04,-0.910536879180525,-2.2506156968636954,0.0274506537054019,-0.1856379658183328,-0.3155277123804175,-0.5496142491025722,0.287606445089697,0.0213125515225722
2022-10-05,-0.8372752154582435,-2.2043501783879123,0.5319989361590107,-0.1917152720999929,-0.3280805501577112,-0.9474375283706756,-0.4586955594109624,0.0400493607803411
2022-10-06,-0.9938256753713364,-2.137336416562171,0.7780393117545312,-0.1991401350288318,-0.0863413649207565,-1.1888516551060206,1.85584917076338,0.016753719735659
2022-10-07,-1.660189869574764,-2.095356206483889,0.4811821576067209,-0.2136075805827289,-0.6928893098916384,-1.282420093376423,1.0906374870946294,-0.0303772859178413
2022-10-10,-1.8765941744268395,-2.0823940503901106,0.1370752960775165,-0.2318730980908555,-0.7639357834971461,-0.5110786607973997,-0.7473833280438188,-0.0762425738002805
2022-10-11,-2.0591832438954865,-2.097889570475888,-0.2003863973148537,-0.2451383592229709,1.026331822802658,-0.3895530310114801,1.3616762218372678,-0.0821324654874636
2022-10-12,-2.095191830145016,-2.12907495085046,-0.3864425878744127,-0.2591577501654931,2.985350980252885,-1.0261458378175148,1.0515574834805748,-0.04581177437787
2022-10-13,-1.3578839547577453,-2.137369450524434,-0.1149940227939115,-0.2671872908917447,2.3168153105879448,-0.9728760539838942,0.944402634861392,-0.0328722888722434
2022-10-14,-1.741055157115394,-2.151981449805216,-0.1899092794672735,-0.2776098934213649,0.6506525643749922,-1.383040796173262,-0.5608078269186539,0.0136432030033852
2022-10-17,-1.1159190981563645,-2.1390924221906427,0.1362081114109887,-0.2857731838853239,0.2417147563724345,-0.7332249933801585,-0.370450389959871,0.0381458515460317
2022-10-18,-0.9502198649738616,-2.097920851451193,0.4715930119960877,-0.2923361811694364,1.667044192239577,1.1610636317388074,-0.1057148816065964,0.0383494889421704
2022-10-19,-0.9972191389487272,-2.0397713699529865,0.6729233834137798,-0.2974067823367416,0.9067563371715308,0.5278710239008763,-1.1243162661277668,0.0076553043413947
2022-10-20,-0.9845338817705982,-1.9696195610596985,0.8152514393603687,-0.3012546669553392,0.8465803622597619,-0.9325773995471124,1.4007562254513222,0.0645546150788718
2022-10-21,-0.4264193975978855,-1.8677300251171411,1.1916091941852378,-0.3007152517395856,-0.6129134980734168,-1.2937540899367677,0.7817793940158092,0.047358038927344
2022-10-24,-0.1614535672564301,-1.7349655239092794,1.5577359993438844,-0.2978562950165363,0.1024688445335891,0.7070741028494396,-0.3263278052343252,0.0584116622133055
2022-10-25,0.1817504669475833,-1.568641736124658,1.9556944835776875,-0.2929744786598286,2.341015111251387,0.8287256659304741,1.9680466004940531,0.0378416816337647
2022-10-26,-0.309513302975948,-1.4085205812552744,1.8821413587947573,-0.2918326989282891,3.1623848161223465,0.5138924281431178,2.6929176352708764,0.0254334472598309
2022-10-27,-0.5360977606064927,-1.26889805200338,1.6390610429795225,-0.2890636587610874,0.7413694641882179,1.2992124564798997,0.4414051689901706,0.0421425639375292
2022-10-28,0.2106582192798785,-1.1070372855536823,1.9027703190103984,-0.2793540026189685,-0.0449299413255607,1.6149272273330606,-1.085236262513712,0.0143581966031833
2022-10-31,-0.0644762964849282,-0.9507157332053772,1.837084260917516,-0.2744901877992853,-0.6138193729645617,0.2943906947577727,-1.1772633677984217,-0.0129991798054183
2022-11-01,-0.2335211206590607,-0.8126363071819401,1.6207623517839171,-0.2742834154715519,-0.7261478594665302,-0.764708317158894,-0.7915059127693646,-0.0253958869938212
2022-11-02,-0.8549471814142606,-0.7248067244467514,1.0248810471489564,-0.2783920209494027,-0.4898439235764444,-0.5128417269290089,-0.0805019760491417,-0.0431631805731059
2022-11-03,-1.2796354115891464,-0.6990373880592271,0.2889475966209296,-0.2848021804174128,-0.4008093628467737,-0.760300651829871,-0.5204671780267265,-0.0662911231927769
2022-11-04,-0.945218391793309,-0.6965010317263701,0.0134422903432717,-0.2846043948383032,-0.8672055210876655,-0.8731368842528596,-1.5541963058823696,-0.0380073301671636
2022-11-07,-0.6509098915136255,-0.6927680044928984,0.0276328583294579,-0.2807654829484406,-0.6003606602961231,1.647292084177601,-1.4306530686508412,-0.0205835597657318
2022-11-08,-0.4835198698656532,-0.6788626602017473,0.1482599720245154,-0.2742294318903107,0.7728162639808196,-0.8223857663215377,-0.9679962516715476,-0.0119263836941293
2022-11-09,-0.9107001903758556,-0.6826160660932646,-0.0611440461474573,-0.2702736572186179,0.1949974941291044,-0.370285236858894,-1.3575356425342229,0.1016663755265949
2022-11-10,0.2649096371932045,-0.6223100722302107,0.6984961079704592,-0.2606359301152105,0.9516618496325708,0.1246326129428304,-0.7536865544331824,0.1004216017929466
2022-11-11,0.4679200132618766,-0.5076508851234276,1.343036460372391,-0.2459455963715783,-1.045145231848272,-0.9921438481364804,-1.499988558933842,0.0730833299527393
2022-11-14,0.3094455843111845,-0.3730424744547324,1.5796017625632264,-0.2354807589274041,-0.2957278754739647,-0.9361035318103308,0.6103316362251173,0.0757708383743549
2022-11-15,0.4635892140348739,-0.2209648891172769,1.786757723882437,-0.2244944797647239,-0.0341888533305569,0.0643105645827728,1.417144614063668,0.0893686748230562
2022-11-16,0.1958519835712099,-0.0798171830573143,1.6571471560242463,-0.2148387651441805,0.1949974941291044,-0.4682613404583192,-0.6099729927556906,0.0079450901018154
2022-11-17,0.2143653463434028,0.0477685239266072,1.4963239340187082,-0.2050931549976223,-0.1501408393971047,-1.3733439324494112,-0.6793084830386912,-0.0078863795389844
2022-11-18,0.2317859721781835,0.1604135110705792,1.3191513291342545,-0.1981255647569451,-1.35340151623501,-1.4608675725542966,-0.9705175422272928,-0.0100757231276934
2022-11-21,-0.0025090009553248,0.2460701913008495,0.999113962223973,-0.1939809982647107,-1.0820272809877431,-1.393493259667802,-1.2579446655822766,-0.0029938410844546
2022-11-22,0.3136399746577709,0.3278680391999108,0.9533544952601012,-0.1897285276994928,-0.8860994831029735,-1.072615223714929,-0.1725290813338513,0.0198069658999757
2022-11-23,0.4537169833190687,0.4102507571624791,0.960290101695436,-0.1818439386019787,-0.5967371607315434,0.1412558078980027,-0.6213188002565453,0.0125813057785149
2022-11-25,0.3097370019660432,0.4811668781297852,0.8243149358015723,-0.1733749795157592,-0.5069261358094627,-0.2286102798545836,-1.273072408916749,-0.0102202061620041
2022-11-28,-0.189500080822059,0.5179889208186254,0.4200146929458925,-0.1723320680389694,-0.2750221636763668,1.427790350792256,-0.470041366911817,-0.0092597106547028
2022-11-29,-0.3969961981873123,0.5200218163220186,0.007472064840826,-0.1709025721525841,-0.5240083480424811,1.887698744552026,-0.470041366911817,0.0207206935089256
2022-11-30,0.4421106998786531,0.5466754802092977,0.2994342805545631,-0.162667345639969,-0.7801121208390195,0.5960009365580603,-0.4347432991313804,0.0131714522680201
2022-12-01,0.4631936455713814,0.5867725408381337,0.4588510720285714,-0.1503235486992253,-0.7585005341502766,1.0193886747344971,0.092206427019423,0.0131737645255101
2022-12-02,0.3214264869193567,0.625202513762285,0.4390821268656961,-0.1354533958637864,-1.168344217043979,-1.0551104956939517,-0.6553562227591092,0.0181275168533716
2022-12-05,-0.0695961269069369,0.6416047176206924,0.1778686601131981,-0.1245569911972879,-0.2839515018890808,-0.163880566165503,-0.4183549105190348,0.0061792809369081
2022-12-06,-0.5161605724004773,0.6198594913126535,-0.2744977348556188,-0.1180389486861267,0.4663717293763712,0.9695190898689798,0.0090038386798224,-0.0467784140424476
2022-12-07,-0.6147551832614687,0.5682469430331346,-0.6286755315947373,-0.1131751268564996,1.944759551724858,1.3175987175666812,2.236564044680946,-0.0325373177066182
2022-12-08,-0.2857809780618686,0.5143744608942233,-0.6554746666447466,-0.1035014177088754,1.7892078918454042,-0.1062031170028593,1.622629794356924,-0.0328751291169082
2022-12-09,-0.4187598158734085,0.4539340557801368,-0.7333595366281027,-0.1034924029204742,1.2366242082470114,-0.9737575870496986,-0.2128697302257789,0.0049582729750516
2022-12-12,0.0111198489079595,0.4120798414869817,-0.5129575829137337,-0.102925999419072,2.546907532938751,-1.016574907388779,-0.1637045643887423,0.0390757941327946
2022-12-13,0.2282780732462054,0.3941522650229596,-0.2292266251201563,-0.099914190860032,0.4178427173507514,-0.2968661258068824,-0.0817626213270145,0.0355709086253566
2022-12-14,0.0165712011918483,0.3819982783964917,-0.1607612525001061,-0.0993657608558772,0.1473743569946294,-0.5600667125971124,-0.6213188002565453,-0.0192075034282623
2022-12-15,-0.7858491574539934,0.3350261597229945,-0.5736475938588717,-0.1016853093731169,0.5319829536350094,-1.266678431487055,-0.1788323077232151,-0.0262014104516175
2022-12-16,-1.0173287513377205,0.2544136106979133,-0.9725683111115608,-0.1056950465962181,-0.4313502877482306,-1.5220711539801586,-0.6099729927556906,-0.0597284988222412
2022-12-19,-1.237422502200969,0.1429215537224221,-1.3387489851173466,-0.1113678931102559,-0.7530652848034072,-1.481898432838492,1.0187807062558834,-0.0692968597070998
2022-12-20,-1.2020251089627354,0.0182528790662743,-1.4950022114047588,-0.1155927725346133,-0.5463963989236337,-1.1888516551060206,-0.0590710063253053,-0.0458486984005922
2022-12-21,-0.8189132612732475,-0.0933847763309494,-1.340475545277885,-0.1202168682882387,-0.2911985010182401,-1.3218372147473998,0.1514567550794415,-0.0337688314952129
2022-12-22,-1.26689160162016,-0.2156368965032948,-1.4663458108211904,-0.128805038487637,0.7862749766492582,-1.4591045064226873,0.1716270795254053,-0.0197852462141751
2022-12-23,-1.2420331582623825,-0.3374313877258679,-1.4609190767702036,-0.136574748617565,-0.4951497622245789,-1.466156770949124,-0.2292581188381246,-0.0159463462850387
2022-12-27,-1.4038287542736296,-0.4613734195985758,-1.4863854114017043,-0.1428371384592192,-1.406459902716355,-0.2959845927410778,-1.460908555319787,-0.0332775997672201
2022-12-28,-1.663129780476332,-0.5947596096097515,-1.5983777461926287,-0.1497429921202322,-1.219590853743034,-0.1140109812999857,-0.8910968897213106,-0.0241209520661898
2022-12-29,-1.0245873455873626,-0.7026933827950285,-1.2965535343771015,-0.1596254433899449,-1.3768248527060425,-0.462090608997687,-1.198694337522258,-0.000240920883693
2022-12-30,-1.0496640135750237,-0.7894478823431547,-1.0454018415502788,-0.1698319363459917,-1.45045954028625,-1.2150457804899286,-1.2264285336354583,-0.0107543145486314
2023-01-03,-1.2271324174427314,-0.8661686724903648,-0.9264183889283631,-0.1803921370727533,0.4421719287129288,1.5098988592071985,-0.3679290994041255,0.0012963046372593
2023-01-04,-1.1580960380398575,-0.928973031717984,-0.7613921824850993,-0.1886409979270789,2.054370413553392,1.7705807800951294,0.6141135720587354,-0.0020589178186573
2023-01-05,-1.5196218014997531,-0.996358917951092,-0.815721631307272,-0.1964914766355111,0.6739464901472898,-0.2119870848994111,-0.3994452313509438,0.0009630999689782
2023-01-06,-0.7879649854490175,-1.035021361812014,-0.4751083836964468,-0.2005478229784242,-0.6857717214612143,-1.3244818139448136,-0.4990362083028899,0.0139825890372513
2023-01-09,-0.5255094584109427,-1.041210970046373,-0.0900334383407783,-0.2052027835169097,0.1419391076477599,0.3485420116571983,-0.855798821940874,0.0300177698991079
2023-01-10,-0.3865712440697005,-1.019277321765779,0.2434625824643765,-0.2084262713647103,2.474955184442098,0.5899561383925431,-0.0741987496597781,0.0451530056779729
2023-01-11,-0.0137019491862262,-0.9628494751310426,0.6525075977830725,-0.2122374308849929,1.1197663472893185,0.9415618983534626,1.6138052774118146,0.0737746789764972
2023-01-12,0.1398430710548394,-0.8791462010485913,0.9759497466229964,-0.2166035186278191,1.0236141981292233,0.7491358234178306,1.030126513756738,0.0461795810818628
2023-01-13,0.2000634608460378,-0.7787258464969207,1.1741870955943037,-0.2196111072003759,-0.4907497984675894,0.524344891637658,0.2951703167569335,0.0388334170191813
2023-01-17,0.2990673223118295,-0.6676656250971619,1.3003585883532425,-0.2175735266836362,1.6993968669233237,0.9755638880344972,0.1174193325768777,0.0191399447055609
2023-01-18,-0.0945763893184133,-0.5676396260473087,1.1695106815890897,-0.2155223258450742,3.0536798291849583,1.0376490025261638,-0.0149484215997594,-0.0099102869700938
2023-01-19,-0.4201708381961365,-0.4905360800968787,0.8976877192772383,-0.2133043374012048,1.2095773722113996,-0.4044131598350434,0.7212684206779179,0.009376012780029
2023-01-20,0.2027049738208465,-0.4056053295601196,0.9905056183061364,-0.2081380294640402,1.5565274555198985,-1.3856853953706758,2.6614015033240577,0.0294277185602698
2023-01-23,0.6391962443373276,-0.2976935809074482,1.2630228291672856,-0.2021512425934394,2.110017014009436,0.0556211672198416,1.5242994626828503,0.0243364191343229
2023-01-24,0.6251791966191387,-0.1815668831892445,1.360438746239886,-0.1933153129218436,2.606177632959374,-0.1044400508712503,3.1064092864131334,0.0355515069503948
2023-01-25,0.5557984590027791,-0.0688212800129606,1.3203444714144654,-0.184849052664189,3.227996040380985,-1.3008063544632045,2.6248427902657485,0.0645136755524273
2023-01-26,0.8700798918242414,0.051296458478027,1.4077659900065147,-0.1733894270110114,0.4843598165005344,-1.4643937048175149,0.7641303601255909,0.0408099671876507
2023-01-27,0.9495149119975912,0.1731226694052101,1.4280256906860402,-0.1596216510100653,-0.707253897451222,-1.056873561825561,-0.3616258730147618,-0.0017868216233197
2023-01-30,0.2825254077938653,0.2689544111559659,1.1197736207782871,-0.1510742716766901,-0.330798174831146,0.5392050204612212,0.2485264414756421,0.0125864148526713
2023-01-31,0.5760621357850885,0.3560821037880577,1.016557773622618,-0.1406875810918431,-0.4484324999812489,0.6310103926000143,-0.2179123113372698,0.0385849358554046
2023-02-01,1.0076347490652502,0.4555489840635192,1.1628804435041813,-0.1263517682724672,-0.4593029986749877,0.4649043763434052,1.177622011267848,0.0501725900362108
2023-02-02,1.4183621464469458,0.5841586566811178,1.5084664988063576,-0.1088783113834862,0.1221392707413069,1.966407053998865,2.2579950144047825,0.0370886078685124
2023-02-03,1.130131008183236,0.7132981584783924,1.5147494099988963,-0.0903138758294835,0.3037024810664932,2.779810207146279,2.561810526372112,0.0443732709045086
2023-02-06,0.7287288493510118,0.820672158175526,1.2566460023311543,-0.076510033664989,0.4672776042675163,0.4115086592146696,1.5545549493517965,0.0557516856847066
2023-02-07,1.1309084943159555,0.932322268905792,1.3073537151208343,-0.060857858450677,2.245768836982437,-0.2740721993910778,2.414315028861002,0.0190427940485988
2023-02-08,0.7508637559993758,1.0249727132607804,1.082048614717126,-0.0474687456222404,2.6196363456278133,-0.867973619153147,2.827806680003259,-0.01350018490722
2023-02-09,0.5833029610262654,1.0919252772667856,0.7773136052790658,-0.0367664743538583,0.9831086494251726,-1.1389820702405034,1.9138388535455253,-0.0098045785849735
2023-02-10,0.4412782559502154,1.131148518346184,0.4484889952724815,-0.0275158153462051,0.2166090808178473,-1.266678431487055,0.0732967478513318,0.019780115820384
2023-02-13,0.7690866898484289,1.1657713614456189,0.3939357674262533,-0.016407801490389,-0.4431266613331144,-0.547851182970963,0.4111496823212249,-0.0008359783774414
2023-02-14,0.8472099450938035,1.1968394574573495,0.3517822562179233,-0.0052817720776599,-0.5698197353946663,-0.3930791632746986,-0.0855445571606326,0.0160775776427755
2023-02-15,0.934678192014624,1.2255723382435488,0.3240904067685408,0.0079720558352629,-0.5033026362448831,0.0285455087701292,-0.6074517021999452,0.0039705912511596
2023-02-16,0.3346460079419693,1.229080489776988,0.0249661987590511,0.0203333005274296,-0.3955035241986393,-0.163880566165503,-0.1624439191108694,-0.0039891979069283
2023-02-17,-0.0450136124078486,1.1997918818151978,-0.3639499561374332,0.0279790608218156,-0.1392703407033659,-0.6230333601545837,-0.2759019941194157,-0.0441846902828502
2023-02-21,-0.663523474914021,1.123152521047986,-0.9254527690972588,0.0299355643225006,0.3891135422315844,-0.8713738181212504,-0.5154245969152356,-0.0496443658471084
2023-02-22,-0.6981616025687969,1.01603448106463,-1.286880267103285,0.0317658467656824,0.5877589647897888,-0.7961916409376296,0.1275044947998596,-0.0383785884353576
2023-02-23,-0.2779464959204011,0.9092550160822778,-1.2828653189937416,0.0358862499798313,-0.8043119215024619,-0.065148862795388,-0.0174697121555048,-0.038844485659193
2023-02-24,-0.7221148537925914,0.7869756773069422,-1.466668579124508,0.0358501768063385,-1.6258110370721568,-0.7795684459824572,-1.0713691644571115,-0.0214560581752442
2023-02-27,-0.5836359567949042,0.664296222134114,-1.47141330797025,0.0359583963268166,-1.3166488777942738,0.8321258648985775,-0.7448620374880733,0.0001467245286845
2023-02-28,-0.6394883617681998,0.5432770632447385,-1.4517248980026958,0.0381493684452605,-0.3955035241986393,1.3411482437531754,-1.289460797529095,-0.0057225525452415
2023-03-01,-0.8284091581698833,0.4201625474675025,-1.4765724181999598,0.0377526756959493,-0.9795340075896338,-0.2478780740071697,-1.294503378640586,-0.0098875133475145
2023-03-02,-0.4756197326015446,0.3129600615955716,-1.2878816578134282,0.035976453943396,-0.8537468084192268,0.309250823581336,-1.303327895585695,0.0297597528698623
2023-03-03,0.0675135318813897,0.2419410254419401,-0.8588048724261986,0.0334338770375348,-1.227614317064603,0.3328003497678305,-1.4205679064278594,0.029162275984278
2023-03-06,0.1803010467579861,0.2010221214232564,-0.5018663263023754,0.0325683171521493,-1.0505804811951414,0.7709222834727155,-1.4281317780950955,0.018605198411826
2023-03-07,-0.2051442111446619,0.1668045586077133,-0.4223993334199254,0.0316847276899621,-1.1170975803449246,0.756943687714957,-1.217604016690349,0.0346072835082722
2023-03-08,0.0054626223007815,0.1460407058455488,-0.2628602428639444,0.028682326476205,-1.276143329090223,0.2637889040448417,-0.7877239769357464,0.0073622345195007
2023-03-09,-0.4227517633854695,0.1186686095768088,-0.3412232486837972,0.0254274691275532,-1.0182278065113948,-0.7926655086744112,-1.1860878847435308,-0.0311831029204616
2023-03-10,-0.8782446769297281,0.0693808952527998,-0.6011067871009055,0.0206849193347357,-1.507141426332174,-0.1114923153976868,-1.5504143700487514,-0.0305375729954272
2023-03-13,-0.7223990568774574,0.0135556726433867,-0.6786309883968626,0.0171956354279915,-1.4577065394154092,-0.8381274282109055,-1.3436685444776226,0.0043146643348588
2023-03-14,-0.1218196712975137,-0.0206720667343061,-0.4225200108735001,0.0143555144253416,0.4897950658474038,-0.7323434603143538,-0.1574013379993785,-0.0033522432814565
2023-03-15,-0.1075954300906332,-0.0396852071163864,-0.2420996452417599,0.0110375255181052,0.1635506943365026,-0.7760423137192388,0.0367380347930226,0.0395080428152037
2023-03-16,0.5220139467920203,-0.0195156257072986,0.2225436223230203,0.0106498755969723,0.9076622120626756,-0.9615420574235491,-0.4019665219066892,0.0566401138693652
2023-03-17,0.4759108857366313,0.0219421527484176,0.474986969393869,0.0123359494655153,0.4960067793866833,-1.4976400947278596,-0.1914387605019425,0.053745763042005
2023-03-20,0.5357844981868912,0.0766509937900031,0.6321229910163259,0.0159666379691691,-0.6714071339016308,-0.236544077446825,-0.8671446294417287,0.038303077321842
2023-03-21,0.7158714398605053,0.144556570015408,0.7886147781279358,0.0236389238928781,0.6030294272405172,-0.6475903527019974,0.750263262068991,0.0273812915056883
2023-03-22,0.3427099394527956,0.2052878238666989,0.7035389988536438,0.0301903337390223,0.7666045504415401,-1.2037117839295837,0.2359199886969147,0.0156018859120412
2023-03-23,0.7131444567191553,0.2745754106478116,0.8050031725798449,0.0368095017070051,-0.456585374001553,-1.2431289053005607,-1.0058156100077296,0.0196722139502709
2023-03-24,0.7703115797889092,0.3470543922247961,0.842847917361648,0.0459990340001511,-0.2390459894280405,-1.2090009823244114,-1.3978762914261502,0.0090574546097632
2023-03-27,0.463567095473653,0.4077104680323656,0.7026475096898729,0.0535092920707481,-0.2686810394383523,-0.1140109812999857,-1.2692904730831314,-0.0037322003371794
2023-03-28,0.2821187836025809,0.4509875645824476,0.4965611190563442,0.0606755581534642,1.2544828846724398,0.901263243916681,-0.2406039263389791,0.0273646486846659
2023-03-29,0.7878247810340681,0.5019524888070548,0.5877262349001227,0.0714723725409481,0.053939832507969,0.1824359954005888,0.7817793940158092,0.0226680018527198
2023-03-30,1.031746228268699,0.565977280173978,0.7425949899424377,0.0823087089945317,-0.3019395890132439,-0.8172225012218252,0.3203832223143882,0.0345984226122015
2023-03-31,1.3041088985932967,0.6487463803563205,0.9648719655608806,0.0924098985669392,-1.0092984682986803,-1.4608675725542966,-0.1926994057798151,0.0410136586141356
2023-04-03,1.2335589105903058,0.7348857337684775,1.0048376800808667,0.1016901675794186,-1.1161917054537795,-0.7070308679962504,0.5876400212234081,0.040166539067225
2023-04-04,0.9844635011081336,0.8099628383887546,0.8736574253586898,0.111798254937041,-1.0111102180809706,-0.8915231453396412,0.916668438748192,0.0072025124822885
2023-04-05,0.4988456333506927,0.8587438991960449,0.5618291714050059,0.1193242994022566,-0.3855389003960452,-0.3825007664850433,0.8536361748545551,0.0012760984007866
2023-04-06,0.6415956388400754,0.8920637792223206,0.3784847473808518,0.1294216475251746,-0.370268437945317,-0.7857391774430894,1.346548478502795,-0.0133763350931656
2023-04-10,0.6179561818268786,0.9105513578794324,0.2025978089898779,0.1416376672007754,-1.509859051005609,-0.843416626605733,-0.8835330180540742,-0.0210919118959885
2023-04-11,0.2077849909796998,0.90544076815436,-0.0772380361073737,0.1519213957233873,-0.3442568874995846,-0.0685490617634917,1.8306362652059247,-0.0212751030321693
2023-04-12,-0.0258808457369521,0.8766847185897426,-0.3576346808701744,0.1586059945116929,-0.1519525891793946,-0.9606605243577448,-0.0830232666048872,0.0084327017250487
2023-04-13,0.5186829331806088,0.8523203586790853,-0.3055563938685217,0.1676853164601723,-0.5859960727365395,0.6083423994793247,0.902801340691592,-0.0028174731210774
2023-04-14,0.2848318772026556,0.8230595617601022,-0.3636201624627299,0.1724802725967582,-1.139615041924812,-1.494995495530446,-0.6830904188723094,0.0013424287891043
2023-04-17,0.3914901495421423,0.7936739117448928,-0.365100716848548,0.1779435147655549,1.272470971796603,1.4023518251790377,2.705524088049604,0.0139578317350343
2023-04-18,0.4838992336734373,0.7666278615431305,-0.3373568733272162,0.1834736598429829,0.8402392380217477,2.7727579426198425,1.946615630770217,0.016831441358289
2023-04-19,0.3456095285257863,0.7367332606443481,-0.3711360454516416,0.1875670467317056,-0.1806817642985616,1.2773000631298996,0.8738064993005189,-0.0082951339704927
2023-04-20,0.0349141096298078,0.6968328253604688,-0.4897889457831171,0.1920760812591928,0.3467962437452436,0.0565027002856464,1.278473633497667,-0.00598737270153
2023-04-21,-0.1143946802344748,0.6468039060547257,-0.6098962710597714,0.1940459316938712,-0.9526165822527566,-1.1513235331617675,0.5422567912199896,-0.013942084948108
2023-04-24,-0.3163754314279642,0.5859405600151664,-0.7383749272037231,0.195085099860392,0.0692102949586974,-0.4279626860215376,1.2028349168253027,-0.0379553404498343
2023-04-25,-1.1386256275526407,0.4958409499831876,-1.085069404050564,0.1943079914524901,1.8251840660937304,-0.2312548790519974,2.466001485253784,-0.0208418593973029
2023-04-26,-0.547317610555831,0.4062898156368218,-1.0785653756652642,0.1960790819257978,3.423923838265754,-0.7332249933801585,2.440788579696329,0.0065434739264245
2023-04-27,0.1396658751019896,0.3433278452654994,-0.7632611939643231,0.1979224729648666,1.5780096315099064,-0.7839761113114803,0.1438928834122051,0.0207769944261888
2023-04-28,0.4398533974742284,0.3109314511076525,-0.4008032390901723,0.1996844925702187,0.4403601789306389,-1.2806570272448137,-0.4990362083028899,0.025898972670463
2023-05-01,0.4562895333458174,0.2985953041067063,-0.1629213778755093,0.1996031912359454,-1.0136984320556703,-1.3349342774393538,-0.5129033063594901,0.0384801781792878
2023-05-02,0.0612669475135761,0.2874667778893227,-0.1486009621105138,0.1984646220589067,-0.4215150746443716,0.1412558078980027,2.6046724658197844,0.0146467285114768
2023-05-03,-0.2668123014169709,0.2668161759058238,-0.2615172730688926,0.1969375477475274,-0.2273990265418918,-0.5163678591922274,0.978440057363956,-0.011192456132543
2023-05-04,-0.4452692558328095,0.2345871261829415,-0.3988188066282027,0.1963140552595478,1.3435174454021106,1.0114548771422558,1.4915226854581591,0.0027184537926117
2023-05-05,0.3320559358040206,0.2232305227147928,-0.1513055868585728,0.1982749049257144,-0.4916556733587344,3.031676797376164,0.6468903492834266,0.0015901905761366
2023-05-08,0.3105085990442603,0.2236810201584373,-0.0112925990584418,0.2002357265521032,-1.101827117894196,-0.219039349425848,-0.1170606891074512,0.0032774132863606
2023-05-09,-0.0039205932647565,0.2215408733947231,-0.0420134202413204,0.2024134498757738,0.082669007627136,-0.0161608109956754,0.0291741631257862,0.0241481729556622
2023-05-10,0.3610632821576207,0.2303405164477082,0.087714670471582,0.2070037997574222,1.3596937827439834,-0.9571343920945262,1.727263352420361,0.0244677650385354
2023-05-11,0.1726336379743424,0.239151058741486,0.0878439177169082,0.208512830472111,0.96330881251872,-0.6378934889781469,2.6727473108249127,-0.00191767094847
2023-05-12,0.1157819927072798,0.2447004241586252,0.0491716711041271,0.2105911247454865,-0.7315831088133995,-1.2107640484560207,0.5435174364978622,0.0068802960686895
2023-05-15,0.3828113811736032,0.2559657987032501,0.1169542302785559,0.2133109971631972,1.1790364473099426,-0.1499019704077445,-0.4473497519101078,0.0157334006355089
2023-05-16,0.4166674160009952,0.2700773177791936,0.1507048691964379,0.2157597810139995,0.2740674310561813,0.6152687307106466,-0.3036361902326159,0.016860984200862
2023-05-17,0.8211067721622965,0.299072956929629,0.3272062930407939,0.2204314462498102,-0.8573703079838064,0.1097724841192671,-0.0918477835499965,0.0423422067719856
2023-05-18,1.3214160726694342,0.3581225487528481,0.683597225951103,0.2288440664134952,-0.8951582320144225,-0.1902006248445259,0.3052554789799154,0.0432593293356229
2023-05-19,1.297443530313776,0.4308109119852695,0.8453308427967122,0.2376271901744963,0.0314223709280815,-0.5758083744864803,-0.2279974735602517,0.0366621146798922
2023-05-22,1.3429206421832418,0.5087424219921031,0.9075060245660824,0.2472687376975604,-0.6919834350004935,-0.2233210814597558,-0.9226130216681292,0.020280962791249
2023-05-23,0.5483044642141018,0.5664871219845075,0.6681233339810715,0.2576422355671887,0.9660264371921544,0.7464912242204166,0.0115251292355679,-0.000518150075597
2023-05-24,0.2067497671786758,0.5979529223838401,0.3564983825545508,0.2650518728969556,1.3255293582779473,-0.0851722567186639,-0.4095303935739257,0.0170103680611484
2023-05-25,1.1673278199388486,0.6535516113071335,0.6426751376894416,0.2750096530283765,0.8078865633380009,-0.9684683886548712,-0.5066000799701263,0.0463551417338148
2023-05-26,1.6492251397340558,0.7532187994945048,1.1652557691184895,0.2876150610913031,-0.890628857558698,-1.516781955585331,-1.3625782236457138,0.0499429753026714
2023-05-30,1.728737376866557,0.8794006451616383,1.47967642512648,0.3009343198245482,-0.3864447752871902,-0.3195341189275721,-1.212561435578858,0.0568026728133228
2023-05-31,1.3549499552535211,1.0024754371850444,1.4428318290513331,0.31428069302244,-1.016416056729105,0.5602358807454166,-1.085236262513712,0.0754324336851897
2023-06-01,1.5289092418295402,1.1266229694837275,1.4555527816541027,0.3302746100325052,-1.305778379100535,1.1391512383888076,-1.0209433533422023,0.0416278976313486
2023-06-02,1.6240758314069537,1.2487269045256817,1.4313190463864551,0.3477685850285236,-1.4388125774001013,0.818147269140819,-1.499988558933842,0.0070397245162254
2023-06-05,1.3508016657561488,1.3523443885915596,1.2120998447960174,0.3610516864689442,-0.1537643389616842,2.966947083687084,-0.6818297735944366,0.0014487932280131
2023-06-06,1.3390819500306277,1.4347990453516628,0.9611431786748598,0.3743709592220782,-0.1321527522729416,3.133053099943693,-0.7688142977676553,-0.0052349696615615
2023-06-07,0.6458802207220273,1.477043652179303,0.4843174724582544,0.3864974478887696,-1.1665324672616897,1.1409143045204164,-0.7221704224863641,-0.0045794388329232
2023-06-08,0.9023549060999032,1.5010111338340144,0.2675805339856877,0.3985697496858338,-1.3902835653744812,-0.091342988179296,-0.2859871563423976,-0.0053324860157268
2023-06-09,1.0156321771065482,1.5142304111311902,0.1401243348028854,0.4119974943174417,-1.4873415894257214,-0.0711936609609054,-1.1860878847435308,0.0221767522261602
2023-06-12,1.452996252489413,1.542868533103947,0.3229667215650678,0.428867976825481,1.231188958900142,-0.2959845927410778,-0.5066000799701263,0.0286315874923579
2023-06-13,1.561662004033217,1.5831121941494302,0.4605895142169504,0.4455396152528181,0.5975941778936479,-0.2137501510310204,-0.6994788074846549,0.0550117352583441
2023-06-14,1.7380402103154524,1.6373439757538868,0.6264658430297314,0.4636570687169267,0.8348039886748783,-0.6807108093172273,1.5016078476811412,0.0571461793798384
2023-06-15,1.9384926345542752,1.709648321524161,0.840777021105483,0.4819462097374263,-0.0827178653561767,-1.20106718473217,-0.0767200402155236,0.0432502825774352
2023-06-16,1.521520785155407,1.7740365523016035,0.7469047894547269,0.4960787341713977,0.133009769435046,-0.9107909394922272,-0.5683716985858903,0.0141466727232846
2023-06-20,1.1965804384966243,1.8165084379513656,0.4870126291429213,0.50921689800297,-0.6272780856330004,-0.6300856246810204,0.3292077392594972,-0.0068897653903006
2023-06-21,0.5518759264790914,1.819034293415473,0.0133177671415873,0.5197839824950578,-0.4780675499915607,-0.6292040916152158,0.5674696967774443,-0.0090069343504481
2023-06-22,0.7474572987839183,1.8018490266404048,-0.2204240411327882,0.5337060543805258,0.4278073411533454,-1.3979009249968253,-0.1447948852206511,-0.0322209121232586
2023-06-23,0.3104208224428677,1.7544440752752772,-0.578780284671411,0.5469830852091615,-0.7099715221246568,-1.1294111398117677,-0.9843846402838932,-0.0311754870419569
2023-06-26,0.0415891832388567,1.67673271002335,-0.9381649964222738,0.5538150750868301,-0.9337226202374486,-0.5101971277315951,0.4590542028803889,-0.005359405309852
2023-06-27,0.5517402658048087,1.6043059824770045,-0.8754977997812586,0.5595237914859749,-0.0162007662063937,-0.609054764396825,1.3036865390551216,0.0101702838204049
2023-06-28,0.5661052231587639,1.5353209085048276,-0.8346853934596488,0.5645278682816426,0.2246325441394165,-1.058510694662055,0.606549700391499,0.0037535884296306
2023-06-29,0.6116788168320875,1.4701015154218786,-0.7900305508914756,0.571050565395835,0.5392299527641687,-1.007885510025848,-0.0880658477163781,0.0308924105930947
2023-06-30,0.9984406200333394,1.4269816671627311,-0.5279659405422299,0.5785272458331187,-0.6129134980734168,1.330695780258635,-0.3729716805156163,0.0361324415423305
2023-07-03,0.898901144032198,1.3931800209390448,-0.4174672400011762,0.5848104271696385,-0.9571459567084812,0.7070741028494396,-1.2352530505805674,0.0098394659741516
2023-07-05,0.6095994895439893,1.355015492147867,-0.4692039218724659,0.5909921886316749,-0.7117832719069466,-0.7577819859275722,-0.154880047443633,0.0065558651919519
2023-07-06,0.4853413519786003,1.308811185160802,-0.5645425977138884,0.5967935624748983,-1.0811214060965983,-1.3296450790445262,-0.5040787894143809,0.000409192991446
2023-07-07,0.2803838084529451,1.250610797317304,-0.7067965798852089,0.6041567799533496,-1.4657300027369784,-1.3646545350864805,-1.4596479100419144,-0.0126538596934779
2023-07-10,0.3677217899957188,1.1877104939733778,-0.7625299234501672,0.6103280545386767,-1.4244479898405176,-0.6729029450201008,-0.8948788255549288,-0.0084156117589921
2023-07-11,0.44157965935104,1.1244720263874848,-0.7665400006264843,0.6160933832481845,2.084005463563704,0.2217271834764511,-0.3944026502394528,0.009047661680168
2023-07-12,0.8080707386316063,1.0756604254151187,-0.5954608581473807,0.6203624253217849,3.167820065469216,-0.5119601938632042,0.4439264595459161,0.0249474470952719
2023-07-13,1.1698784978740744,1.0522886182659723,-0.2937863345858398,0.6257562410019945,1.985135689730174,-1.1801622577430897,2.068898222723872,0.0279188246468367
2023-07-14,1.083752822578867,1.0409738828886963,-0.1508090994870844,0.6293242606033893,0.9965673620936116,-1.266678431487055,-0.6314039624795271,0.038331563551029
2023-07-17,1.41271348977877,1.0515770878343935,0.1091019772429543,0.632923670735468,1.2095773722113996,-0.2505226732045835,-0.7902452674914918,0.0478404766038393
2023-07-18,1.6644460225455704,1.0873776936816342,0.4079021155138932,0.6396533855254453,2.0202059890873554,0.5330342890005889,-0.5116426610816174,0.0335095297249872
2023-07-19,1.5087421117146604,1.1304740958954518,0.4944183785065753,0.6470332446117223,2.408438085292315,0.7726853496043248,-0.4536529782994714,-0.0001700706566273
2023-07-20,0.4263003866598466,1.145577350042593,0.1624652320036948,0.6534623309294078,0.3180670686260766,0.5172926271112211,1.1019832945954844,0.0007953926522117
2023-07-21,0.4021786822736611,1.1382941142660203,-0.1030020799124755,0.6585603129392437,-0.2192461525215874,-0.4463489471083193,0.1829728870262598,-0.0100987358012722
2023-07-24,0.4602677390191947,1.1163338558544469,-0.2770476654028153,0.6656142096144414,-0.6507014221040329,1.0114548771422558,-0.5545046005292903,-0.0099855701095125
2023-07-25,0.8188643295893484,1.0981934213090956,-0.2317507753045991,0.6755928793799493,1.6265386435355258,1.0123364102080603,1.4511820365662316,-0.0208554126444576
2023-07-26,0.1494407659200654,1.0621041357523282,-0.4445949168480751,0.6804101411593748,2.122699262485465,-0.293339993543664,2.4533950324750564,-0.0038019366048684
2023-07-27,0.0180005335534364,1.0096431383558448,-0.6387367563399189,0.6846750894254899,0.9678381869744442,-0.2390627433491239,-0.3061574807883614,0.0102766814401928
2023-07-28,0.4712397356562932,0.964561382149714,-0.5512309736352848,0.6908325544204982,-1.379542477379477,-1.1959039196324572,-0.4902116913577808,0.0108252372062707
2023-07-31,0.5435461621705133,0.9265876255355596,-0.4669416745440351,0.6948982800689172,-0.8466292199888026,0.6546858520816234,-0.6477923510918727,0.0010646140290466
2023-08-01,0.5983842376120752,0.8944391899431944,-0.3978628543282346,0.6995706603190486,-0.7999119577454724,0.8400596624908189,-0.5532439552514175,-0.0103941234868725
2023-08-02,-0.5261848236841529,0.8316234069890074,-0.761527649277543,0.7012096133418434,-1.4451537016381155,0.8374150632934051,-0.903703342500038,-0.0115638187607731
2023-08-03,-0.6750333986566868,0.7448878552202477,-1.0451771517452937,0.70262218722263,-0.8879112328852633,2.736111353741394,-0.4259187821862712,-0.0381027575950874
2023-08-04,-1.13265622258486,0.6275185955501095,-1.4084430374788863,0.7025769029822951,-1.1198152050183594,3.042129260870704,0.2661754753658604,-0.0376226002982861
2023-08-07,-1.0146561096780244,0.49851512270987,-1.5464058582270757,0.7025588033060501,-1.418106865602503,0.9117157074112214,-0.7814207505463827,-0.0466274080007182
2023-08-08,-1.263401662042783,0.357167804799551,-1.6927837576043436,0.7010103907241473,-1.507141426332174,0.537441954329612,-0.2267368282823791,-0.0350686601192797
2023-08-09,-1.6369210928101023,0.1973905773143379,-1.911332470259942,0.6957041012087708,-0.3810095259403208,1.2921601919534629,1.0767703890380296,-0.0310050287396064
2023-08-10,-1.6312660823795364,0.0333761521780673,-1.9615787337124455,0.688360469514762,-0.9957103449315072,-0.9081463402948136,-0.6616594491484729,-0.024889013842638
2023-08-11,-1.8359497793992252,-0.1348491342342016,-2.0115126906481,0.6801294209289643,-1.437906702508956,-1.1189586763172277,-0.2948116732875068,-0.0121184294085384
2023-08-14,-1.0999349365965951,-0.2773674843703275,-1.7066702926623851,0.6722696330144696,-1.2428847795153315,-0.297747658872687,-1.008336900563475,-0.0142672566881714
2023-08-15,-1.3986833942595465,-0.4089772645064634,-1.5773124181311449,0.661068527098027,-1.4486477905039603,-0.7620637179614802,-1.2352530505805674,-0.0108850190773787
2023-08-16,-1.6605181061232297,-0.5386997356596187,-1.55493200725948,0.6488260799323236,-1.373201353141463,-0.8092887036295837,-0.7045213885961458,-0.0203996370803142
2023-08-17,-1.8983416396639488,-0.6718421343372287,-1.5954867780144697,0.6384037087308663,-0.8860994831029735,-0.4935739327764227,-0.0338581007678506,-0.0116238845264882
2023-08-18,-1.825392987848824,-0.7975014315184761,-1.5067493812271802,0.6282892002642426,-1.024568930749409,-1.251818302663492,-0.989427221395384,-0.0085517692777319
2023-08-21,-0.9911500615262024,-0.8871644805461484,-1.0798925015216014,0.6207463038928716,-1.6203757877252871,-1.0821861541436644,-0.7776388147127644,0.0001787236585488
2023-08-22,-1.0272727945442668,-0.949732542458384,-0.7585900811578421,0.6112022787152466,1.0999665103828655,-0.7875022435746986,-0.6087123474778179,0.0280232725300868
2023-08-23,-0.3450530221556083,-0.9678740130994572,-0.2317630617124799,0.6065751406457845,-0.9049934451182816,-1.080423088012055,-0.9150491500008926,0.013963869158311
2023-08-24,-1.0762378635853729,-0.9853721782167612,-0.2241345058862804,0.5988420925246724,-1.0307806442886884,-1.1695838609534344,0.2346593434190421,0.0227329511782738
2023-08-25,-0.7275352334310276,-0.9872953686020556,-0.0394406709278496,0.590484262085826,-1.2267084421734582,-1.4983956944985497,-0.5671110533080176,0.0117781156414893
2023-08-28,-0.4606478210741005,-0.9675007716677516,0.2180969171508207,0.5830047636509238,-1.4927768387725906,-0.7130756661617677,-0.7045213885961458,0.0332299294066273
2023-08-29,0.1187906271767623,-0.9080724314325836,0.6880885652881406,0.5783413981891935,-0.7306772339222546,1.109430980741681,1.8104659407599613,0.022579717842059
2023-08-30,0.3155383865630095,-0.8157691631568065,1.077931671827737,0.5788665832179689,-1.248320028862201,0.943199031189957,1.4095807423964315,0.0517933210274597
2023-08-31,0.4412000224169197,-0.7002165305294591,1.3536312691832384,0.5808043701673081,-0.3137159625981279,-0.6116993635942388,0.258611603698624,0.044395558287519
2023-09-01,0.5221696499635301,-0.571258754986821,1.5125944325778122,0.5853680962804131,-0.8978758566878572,-1.3384604097025723,-0.6603988038706001,0.0396261558717336
2023-09-05,0.6186421189222934,-0.4353861926428799,1.5945925426375214,0.5900676610946338,-0.4358796622039551,0.7491358234178306,-0.2683381224521793,0.0084152181054086
2023-09-06,0.1594985350638823,-0.3161194145615868,1.3976749854194397,0.5942692254441686,0.1968092439113943,1.874601681860072,1.3011652484993763,-0.0136147215459653
2023-09-07,-0.3859889872035905,-0.2325601157428379,0.974242434473224,0.5981719698870485,0.3298434422109605,2.628438386418118,0.5561238892765895,-0.0163384293492013
2023-09-08,-0.3157941920531726,-0.1732895109156843,0.6862180802365646,0.6023825630448731,-0.4593029986749877,1.7950118393474284,-0.0855445571606326,-0.0142450863445742
2023-09-11,-0.1378263587900193,-0.1259557458729924,0.5446666006989753,0.608530943152037,0.1913739945645248,2.0005349769750147,-0.1019329457729783,-0.0355709809861108
2023-09-12,-0.785172442563774,-0.1127229820093927,0.1402842635164869,0.6094183179841594,1.3920464574277307,3.349154634360935,2.070158868001745,-0.0228052822833316
2023-09-13,-0.6925304185174266,-0.1188325544672407,-0.0890843443774184,0.6122072804131309,0.2695380566004567,3.080664849175877,0.1754090153590236,-0.0012757724807758
2023-09-14,-0.4269720020709398,-0.1279213266002294,-0.1244128006077699,0.6175678969970201,-0.0943648282423256,1.329814247192831,0.1829728870262598,-0.0225127470501207
2023-09-15,-1.0572864906278705,-0.1637363167999239,-0.4413422206298916,0.6213619732829846,-0.2255872767596019,1.0682507932390952,-0.6301433172016544,-0.0229041976751628
2023-09-18,-0.8775681165527235,-0.2087161292506568,-0.5500220867216022,0.6256647472086737,0.3882076673404393,0.8540382582485777,-1.1684388508533123,-0.0053856151663338
2023-09-19,-0.8947265237654052,-0.2580464676734945,-0.6016122394955178,0.6270334668777675,2.193616325392237,0.3066062243839222,0.5094800139952984,-0.0234785014423836
2023-09-20,-1.3721760738288566,-0.3277160122036498,-0.8428020995503065,0.6261604484116211,0.3486079935275334,-0.0494072009060203,0.0896851364636775,-0.0452910450404735
2023-09-21,-1.755580911092475,-0.4256181307827533,-1.1775944482744016,0.6202388540232366,0.9156856753842448,-0.1140109812999857,1.027605223200993,-0.0245047342555865
2023-09-22,-1.6643731963909505,-0.533240960909011,-1.292866256098188,0.6182025212765864,1.724502542477911,0.7691592173411063,-0.6843510641501821,-0.026040808052462
2023-09-25,-1.5217946006800678,-0.6368711772043589,-1.2455203584240662,0.6151077990960785,0.1446567323211947,-0.1560727018683766,-0.2632955413406884,-0.0430696631457516
2023-09-26,-1.9660969900779568,-0.7542353416964674,-1.4083826169654476,0.6080683849658547,0.6012176774582274,-0.0711936609609054,0.0329560989594042,-0.0262904674891294
2023-09-27,-1.8957738172159464,-0.8712160599318896,-1.4038355688407207,0.5981680863778924,0.8313098998090335,-0.2163947502284342,0.8700245634669008,-0.0042059283229277
2023-09-28,-1.5710187500963706,-0.9719434315882948,-1.2110973485714105,0.5881250793433764,0.4250897164799104,-0.613462429725848,-0.1649652096666149,-0.0029195206340325
2023-09-29,-1.4149130551672129,-1.051534209945802,-0.9604517750471764,0.5778205453060103,-0.5347494360374849,-1.111024878724986,-0.9503472177813292,0.0045469277186303
2023-10-02,-0.94714674192236,-1.0988204642853925,-0.5773727312582074,0.5686241572873154,-0.0152948913152486,-0.8819522149109056,0.1262438495219868,0.0056183279970345
2023-10-03,-1.4592376795373212,-1.1427913515623194,-0.5380578772931688,0.5563073906918863,0.4447601426876286,-0.7839761113114803,0.0543870686832409,0.0165822390827647
2023-10-04,-0.9626672637842668,-1.165254594908648,-0.283012247569062,0.5475260053970773,-0.5104202246753073,-0.045881068642802,1.589853017132233,0.0107733390428497
2023-10-05,-0.9106732941335878,-1.1695094671893247,-0.0670906208360374,0.5412352252809101,0.5526886654326073,-0.4376595497453882,1.5255601079607233,0.0261698775871419
2023-10-06,-0.2416553353159401,-1.1369633043680856,0.3693097214029412,0.5374224464634885,-0.8008178326366173,-1.0489397642333196,-0.1372310135534147,0.0205203648305225
2023-10-09,-0.0742986897293456,-1.0746782250551965,0.7219648382721047,0.5335841794885037,-1.2159673541784544,-1.5220711539801586,-1.049938194733275,0.0397225653325612
2023-10-10,-0.0232938038706871,-0.9933735380961956,0.9475064096716066,0.5328342135850257,-0.5356553109286297,-1.3646545350864805,-0.1309277871640511,0.0364441578037963
2023-10-11,0.2786675379171134,-0.8910887765953127,1.1962959256436678,0.5331195323389128,0.3647843308694067,-0.9658237894574572,0.3544206448169519,0.036032109795606
2023-10-12,0.3089789647604936,-0.7785425497541432,1.3179801927837886,0.5324272021976694,0.3235023179729462,-1.2265057103453885,0.0140464197913133,0.0024373447728791
2023-10-13,-0.3182713944598724,-0.6828957847298354,1.1175800980552286,0.5325088820689357,2.358097323484405,-1.444244377599124,-0.3805355521828527,0.0068602276472446
2023-10-16,0.0169394728909205,-0.5898653076031474,1.0865551844691026,0.5333255546026036,0.1581154449896332,-0.4647352081951008,-0.8444530144400195,0.000649380328958
2023-10-17,-0.1783618574706222,-0.5087162418516282,0.945660995595164,0.5335070560810482,-0.1214116642779377,-0.2889323282146411,-0.8116762372153283,-0.018722143218972
2023-10-18,-0.5840839817390799,-0.4519694925228801,0.6562892643699539,0.5345233858489602,-0.254316451878769,-0.7070308679962504,-0.0477251988244505,-0.0252513457727455
2023-10-19,-0.7932435403730459,-0.4204513163019589,0.3571194744994647,0.5369734735494068,-0.8313587575380741,-1.148678933964354,0.6733639001187539,-0.0278124305976499
2023-10-20,-1.337338819777749,-0.4274310870591223,-0.0994034790046194,0.5365470025566057,-1.0191336814025396,-1.2256241772795835,-0.6944362263731638,-0.035947100904127
2023-10-23,-1.286834988699228,-0.4565321347966209,-0.3617257973374237,0.5358119678345384,0.5768884660960499,-0.3799821005827444,0.448969040657407,-0.0247846141124219
2023-10-24,-0.985248556724526,-0.4891875775022102,-0.4038751329806089,0.538797433022808,1.762290466508527,-0.6571612831307331,1.8281149746501797,-0.0262937976638297
2023-10-25,-1.3615894478081176,-0.5366856821664856,-0.5798849310900873,0.5397865361669645,2.305944811894206,0.0634290315169681,2.9639563700135145,-0.0393979605837878
2023-10-26,-1.8619441975337736,-0.6140235601370004,-0.9337360455251392,0.5369008925858728,0.0152460335862079,-0.5443250507077446,0.501916142328062,-0.0172014957232334
2023-10-27,-1.6078537620860276,-0.6983716448156274,-1.0168656802789957,0.5343509972981372,-0.5598551115920722,-0.6948153383701009,0.0657328761840954,-0.0077985743106319
2023-10-30,-1.161073032432998,-0.7688382564920646,-0.8522540178037363,0.5317739034264233,-0.8088412959581864,0.5786221418321982,0.1640632078581688,-0.0075638823984426
2023-10-31,-0.8812694792922294,-0.8171875378967902,-0.5899785010076084,0.5327992900424023,-0.4664205871054119,1.811635034302601,-0.5444194383063083,0.0236971061688253
2023-11-01,-0.2130065488663841,-0.8241748723694016,-0.0994931723515839,0.5348591762019818,-0.8860994831029735,0.019730178112083,-0.9629536705600568,0.061302230425833
2023-11-02,0.2733091589081924,-0.7824499337162452,0.4781550542391077,0.5392874701907415,-0.958051831599626,1.2249118123620832,-0.9906878666732568,0.0660377955546553
2023-11-03,0.5376103359341926,-0.6981848050840037,0.9826124265486536,0.542499805217122,-1.6293051259380014,1.698798801879612,-1.4407382308738232,0.0616516001842415
2023-11-06,0.69960908249246,-0.5823375836076055,1.357124613166352,0.5459480669296809,-0.5976430356226884,0.0170855789146693,-0.9188310858345108,0.0656667593605777
2023-11-07,0.9548586169572932,-0.4379747563455031,1.6952732573436218,0.5508754409145525,-0.5689138605035213,-0.3195341189275721,-0.7574684902668006,0.0513818665097831
2023-11-08,1.0814967001803062,-0.2756174233095713,1.9086587900160883,0.5552765363193342,-0.6677836343370511,-0.2312548790519974,-0.2822052205087795,0.0290570574020059
2023-11-09,0.861126906517867,-0.1167995062378606,1.8666870809640297,0.5587883221473593,-0.1221881284703475,0.6092239325451292,-0.4473497519101078,0.045179431340881
2023-11-10,1.4115125554058134,0.0653823846001532,2.14374575932567,0.5686703528204125,-0.6560072607521673,-0.644064220438779,-1.2856788616954766,0.0322749684906915
2023-11-13,1.1414280171049376,0.243842522121504,2.0996118262277883,0.5761295224167743,-0.4160798252975022,-0.8959308106686642,0.2333986981411692,0.0415379209603388
2023-11-14,1.5147889388892168,0.4361722604813527,2.2640827041766345,0.5875451186096512,0.5230536154222954,0.0223747773094968,1.3099897654444852,0.0369801438969323
2023-11-15,1.536938644580208,0.6270884654715803,2.2473205004896863,0.6007483767842182,1.2653533833661783,-0.4498750793715376,0.2460051509198966,0.0470420476456501
2023-11-16,1.6268155547807492,0.8117697927347333,2.173385004752181,0.6156485462012538,1.5456569568261591,0.3573573423152441,0.4187135539884614,0.0182707926365686
2023-11-17,1.5169137803457948,0.9773890333439106,1.94733970150062,0.6327628626126689,0.4403601789306389,-0.4594460098002733,-0.7335162299872187,0.0391101182252158
2023-11-20,1.7837143633268584,1.1393383695909636,1.9038206125624884,0.6521094817742641,3.262160464847021,-1.0944016837698136,-1.1545717527967123,0.0104923539666184
2023-11-21,1.3563758632199805,1.2758471260411737,1.6021367686338122,0.6690695653906565,2.023829488651935,-0.8241488324531469,-0.8167188183268193,0.0137158244463981
2023-11-22,1.448530792220585,1.391757178829516,1.357869690199098,0.6885432187632962,1.618515180213957,-1.3681806673496986,-0.9490865725034564,0.006714788771299
2023-11-24,1.3416169296287317,1.4820361085733709,1.0539263136715873,0.7105214411236704,-1.2510376535356356,-1.3584838036258484,-1.3436685444776226,0.0087527048993765
2023-11-27,1.3384661462004497,1.547302063973094,0.757313174014942,0.7316466513990003,-1.489153339208011,-1.3418606086706757,-0.5242491138603447,-0.0037746308450522
2023-11-28,1.3861614319160105,1.5918152988991594,0.5112197070237737,0.7515195631605739,-0.611101748291127,-0.9090278733606182,0.5195651762182804,0.0051099397146379
2023-11-29,1.4061583290431048,1.6176516264669083,0.2897420029167298,0.770466923933235,0.0862925071917158,-1.0436505658384918,1.7575188390893062,0.0021108294144798
2023-11-30,1.4466786103846776,1.6280110524929754,0.1062111562738543,0.7867827235667826,0.5454416663034483,-0.7682344494221124,0.9242323104154284,0.0063444308720357
2023-12-01,1.5116429148764543,1.6268158850097785,-0.0308075049651783,0.8009115607700393,-0.5689138605035213,-1.1626575297221124,-0.3376736127351798,-0.0058566452828161
2023-12-04,0.6594186430189911,1.5969580675605817,-0.3706998536449855,0.8114015919541149,-0.7252419845753851,-1.1932593204350437,-0.9024426972221652,-0.0017861704961161
2023-12-05,0.8708122604430314,1.5545792129257792,-0.5191789629377798,0.8218643824945462,-0.4026211126290636,-0.8844708808132045,-1.1003640058481847,-0.0109794839111102
2023-12-06,0.3503284944118918,1.4905250038962596,-0.7762133656335107,0.8291965038599748,0.3109494801956525,0.6730721131684053,1.5495123682403054,-0.0004322240916702
2023-12-07,0.7826398325311269,1.4287960441810357,-0.7486396956609339,0.837644748560716,-0.688359935435914,-0.3467357106723996,2.836631196948368,0.0058196557741543
2023-12-08,1.0482655502032725,1.3796365050028456,-0.5995868386171973,0.848270884823792,0.130292144761611,-0.3152523868936639,0.4527509764910254,0.0271108590249151
2023-12-11,1.2944313081059964,1.3492965117007791,-0.3764176739896874,0.8562291063764884,-0.5302200615817603,0.2715967683419681,3.117755093913988,0.0277627865696721
2023-12-12,1.4675160697584946,1.337915739629271,-0.1515921871334904,0.8662744687522974,-0.7450418214818381,0.2646704371106465,2.704263442771731,0.0456633790018381
2023-12-13,1.6793098939522992,1.3477754210794948,0.1002849994870622,0.8745957072817709,-0.5436787742501991,-0.0817720577505606,0.9910465101426836,0.0305814742443326
2023-12-14,1.5099999251317069,1.3630592969742898,0.1646071117707616,0.8822817186764672,-0.9795340075896338,-0.6790736764807331,0.0569083592389864,0.0270009521081253
2023-12-15,1.637773213668636,1.384300052446738,0.2352460022031935,0.8900131124507182,-1.074909692557319,-1.3839223292390668,-0.5482013741399265,0.021154970923382
2023-12-18,1.7128740191386862,1.4085594418100933,0.2710420840100676,0.8986095333545859,-1.2141556043961643,1.6349506212563365,-1.309631121975059,0.018280456014907
2023-12-19,1.8082108520161024,1.4349745768901443,0.2966057173682335,0.9054651467446274,-0.7199361459272507,1.5475529144465665,1.183925237657212,-0.0058654936110382
2023-12-20,0.7501523369262,1.4353684614423776,-0.0119639357509701,0.9110354167433676,-0.6552307965597574,0.6074608664135202,0.0127857745134407,0.0077759120794382
2023-12-21,1.0985517523471504,1.4314690010991138,-0.0628760140812746,0.9177987372064348,-0.8753583951079696,0.2357057792342095,-1.404179517815514,0.0040361623381888
2023-12-22,1.1371245632966216,1.4229445754708223,-0.1177205701553095,0.925116081609228,-1.2239908175000234,-1.034079635409756,-1.3260195105874042,0.0052124841200391
2023-12-26,1.2621966281427404,1.4139986399691955,-0.1227189907831782,0.9331700590013944,-1.535870601451341,1.5650576424675433,-1.4697330722648962,0.0013501132899225
2023-12-27,1.258451859924622,1.401197346127515,-0.1684372618696901,0.9408973449482712,0.9165915502753896,2.2969819536755893,-1.5541963058823696,0.0179258470686314
2023-12-28,1.2976789903516184,1.3844302837605436,-0.2154648179393616,0.9487067453829632,-0.0629180284497239,0.8435857947540375,-1.4634298458755324,0.0035451778291517
2023-12-29,1.0536765460457032,1.357687661839383,-0.3337587080817867,0.9557345370254976,-1.3354134291108468,-1.0017147785652158,-0.775117524157019,-0.0240043551460413
2024-01-02,-0.523233134073659,1.284212626746558,-0.8879290200115706,0.9577976337395776,-0.9247932820247344,1.291278658887658,-1.2339924053026947,-0.0379569647761726
2024-01-03,-0.9476454549884163,1.167199048174392,-1.4042252389182444,0.9601744955616128,-0.890628857558698,0.0363533730672556,-1.136922718906494,-0.0449595660009219
2024-01-04,-1.2203340376449872,1.015347389521798,-1.817348131465798,0.9603163628148474,0.7081109146133263,0.6573304512790372,-0.6843510641501821,-0.0463562563926902
2024-01-05,-1.2303449473058472,0.8461667565206674,-2.022841545317038,0.9618283517260412,-0.4825969244472853,-0.1420941061106178,-0.4801265291347989,-0.0194304776859659
2024-01-08,-0.1260791244001835,0.7071595229570319,-1.6650341683079384,0.965527471306189,0.0170577833684978,0.9598222261451296,-1.395355000870405,0.0085360784586583
2024-01-09,-0.0664876945524416,0.5942409052752878,-1.355665671800461,0.968065631947126,1.4891044814789702,0.0853414248669682,-0.8305859163834194,0.0275965904346211
2024-01-10,0.2458768910070072,0.5136241986792657,-0.9726176131319122,0.9705888894464292,-0.4655147122142671,-0.5758083744864803,-0.9427833461140928,0.040451687886533
2024-01-11,0.423321658731907,0.4628655238459462,-0.6185499831388819,0.9728599852284991,1.0909077614714164,0.6389441901922557,1.3440271879470491,0.0441016415538459
2024-01-12,0.5356930546378447,0.4363429123270942,-0.3311497430187735,0.9741795091083254,-0.1599760525009638,-0.4717874727215377,-0.8053730108259647,0.0210870661833939
2024-01-16,0.6239260402444455,0.4282662629374859,-0.1124106732117377,0.9763620552736916,2.2915802243346217,2.060857025335072,-0.2254761830045062,0.0144414939314507
2024-01-17,0.3329888266171585,0.4232692083679397,-0.075891694065888,0.9768095140397992,0.8438627375863272,1.853696754870992,1.0666852268150475,0.0262786173852229
2024-01-18,1.0070044616218017,0.4480866584143379,0.277659774854785,0.9802745154994044,0.7000874512917571,1.3236435157321984,1.0893768418167566,0.0446195099907795
2024-01-19,1.5571832749445618,0.5225335202277271,0.8661837720807891,0.9871771656158612,1.0361670359065172,0.2891014963629452,-0.4776052385790534,0.0458281078879947
2024-01-22,1.646941725576399,0.6288709503496639,1.2443539753238262,0.9975266053565692,-0.0602004037762892,0.0337087738698418,-0.5494620194177993,0.047426341043558
2024-01-23,1.7292907696309496,0.7535383064649165,1.4617170455349044,1.006675564091966,-0.0440240664344156,-0.0580965982689512,-0.3074181260662341,0.0598632994156953
2024-01-24,1.8664423778756236,0.8911670144570265,1.6154175699705855,1.0168612935929244,1.1952127846518157,0.4946246339905314,0.5422567912199896,0.0431360378390333
2024-01-25,1.9475508033035,1.033324953572604,1.6691268748009165,1.0270925316524355,2.3635325728312746,0.7500173564836351,0.2813032187003332,0.0078933311317563
2024-01-26,1.2188359246842873,1.1500222243463514,1.367204813444845,1.0351956487543152,0.9867321489897524,-0.4288442190873422,-0.836889142772783,0.0126835302961665
2024-01-29,1.440405337902701,1.2552185423192848,1.2308222436489171,1.0447720879144955,0.950755974741426,-0.8600398215609056,-0.4334826538535076,0.0002973058651123
2024-01-30,0.966926005630685,1.3313936435704647,0.8866778772067468,1.05335723682789,2.032758826864649,-0.6640876143620549,0.9633123140294833,-0.0274046060101517
2024-01-31,-0.0199356579146792,1.3495995382512116,0.1992574957799791,1.062669947862702,2.50821373401699,-0.8713738181212504,2.077722739668981,-0.0192553909437357
2024-02-01,0.3584323873425344,1.3454652874647313,-0.0656602463587188,1.0759841734559226,0.3891135422315844,0.4307764533672556,0.4893096895493346,0.0024287994826059
2024-02-02,0.6397182455931513,1.3393345432695545,-0.0893354067019033,1.0924177962336723,-0.3666449383807373,1.7477868536793246,-0.2834658657866521,-0.0044204907182339
2024-02-05,0.7004742175555941,1.331929774428394,-0.1044432641300562,1.109315238987583,-0.1401762155945107,-0.4717874727215377,-0.4927329819135262,-0.0007427765382475
2024-02-06,0.4830893518242958,1.313300494178422,-0.2375476892285673,1.1211652834899013,-0.2399518643191853,-0.690407673041078,0.1212012684104958,0.0341966131154434
2024-02-07,0.8503545336376173,1.3050014525129892,-0.1150478834155291,1.1351707036133851,-0.1401762155945107,-0.889760079208032,-0.3086787713441069,0.0245291510764418
2024-02-08,0.9325733107100792,1.304704481920092,-0.0201563526473341,1.148293950283435,0.2615145932788876,-0.930940266710618,1.1650155584891209,0.0276898766742053
2024-02-09,1.2623089826991176,1.3265265409016405,0.2421393151117379,1.1630451163239133,-0.8177706341709006,-1.5220711539801586,-0.1145393985517057,0.0175628114887582
2024-02-12,0.8682530090288996,1.3453622064976465,0.2067255531916829,1.1757954900354657,-1.3471898026957307,-1.509855624354009,-0.2406039263389791,0.0049064734536774
2024-02-13,0.1067145784696955,1.3311039487552832,-0.1857144809241742,1.1849263070349512,0.0646809205029728,-1.1844439897769976,-0.751165263877437,0.00215230131404
2024-02-14,0.4087041571743695,1.309049576858481,-0.278163698064659,1.1968491007394673,-0.0089537670772344,-1.2859462256396412,0.2245741811960602,-0.0030719828876413
2024-02-15,0.3185389101868254,1.27627488869869,-0.4052891898645995,1.2048430730082176,1.6679500671307217,-0.9282956675132044,0.6418477681719357,-0.0253560053495834
2024-02-16,-0.0673397337024544,1.2206443071638118,-0.6763228622448231,1.20702575937247,0.2929613930714893,-1.323600280879009,-0.289769092176016,-0.0278774272445121
2024-02-20,-0.4542649253889689,1.1345179383180473,-1.0379532343922933,1.206534656692999,-0.2328342758887612,-0.3440911114749859,-0.5822387966424905,-0.0173111240548571
2024-02-21,-0.6764852069521332,1.0209382595121774,-1.36350478013017,1.2041610194453531,0.7035815401576017,0.2095116538503016,0.4439264595459161,0.004343965107423
2024-02-22,0.327286965011516,0.9422081479705304,-0.950245668290804,1.2064528226029574,0.584135465225209,-1.1364634043382045,1.9907382154957625,0.0041087243983248
2024-02-23,0.2386578312248457,0.8829173921388132,-0.7197265684550268,1.2075350598674066,-0.6390544592178841,-1.2045933169953884,0.697316160398336,0.0144147207407554
2024-02-26,0.2664709693264888,0.8376535256717412,-0.5533905047457545,1.21093638299277,0.8753095373789289,-0.9185988037893538,0.7439600356796271,0.0257345317835355
2024-02-27,0.2930275250414033,0.8022412361527201,-0.4365668463943828,1.2128189315808338,1.0416022852533864,0.4946246339905314,-0.2885084468981431,0.027352592512128
2024-02-28,0.0831181381742006,0.7649511607452691,-0.4588343288739608,1.2153471801604965,0.2435265061547244,1.795893372413233,0.9393600537499012,0.0058804033055701
2024-02-29,0.4392705186544567,0.7431355526978016,-0.2753323476617265,1.2238050004451844,0.1159275572020276,0.1824359954005888,0.0178283556249317,0.0266450738235237
2024-03-01,0.9324783542352508,0.7582257195579268,0.1623100380936059,1.2334359909920962,0.4250897164799104,-0.4131025571979743,-0.7133459055412549,0.0256459038820813
2024-03-04,0.9324783542352508,0.7931665420387937,0.3977064850296491,1.2411844189310557,-0.4772910857991508,2.195605651108061,-0.2406039263389791,-0.0004377349077399
2024-03-05,-0.1383661207032035,0.7970663550519114,0.0296106660491738,1.2438036005084925,-0.166317176738978,1.906085005638808,0.5876400212234081,0.0122617904075652
2024-03-06,0.0992837059031486,0.7910250938344311,-0.0882742843181658,1.2487509388147997,0.4034781297911678,0.7185340327048992,1.0086955440329015,0.0169098383518719
2024-03-07,0.5274122399986604,0.8011761935819953,0.1037407458904449,1.2542439872668631,-0.5203848484779015,0.3144140886810486,0.6103316362251173,-0.0161794712302539
2024-03-08,-0.0333933588709541,0.7947411049641863,-0.0929444358997872,1.2563084298902538,-0.6730894729851855,-0.5994838339680894,-0.8709265652753468,-0.0188839127931335
2024-03-11,-0.1298644490030138,0.7713737090015482,-0.2937340250978977,1.2553444223467782,0.0961277202955745,-0.2119870848994111,-1.0915394889030756,0.0264617900039954
2024-03-12,0.425648103158566,0.7680879060029283,-0.0555990373745453,1.259673385424463,-0.929322656480459,-0.003819348074411,-0.2595136055070703,0.0073838823512868
2024-03-13,0.0347937945635247,0.7578465583464369,-0.1380804692350222,1.2651118544500175,-0.5887136974099743,-0.4376595497453882,-0.3956632955173256,-0.0080768024252966
2024-03-14,0.0401805413797545,0.7415950462168089,-0.209351231748241,1.268658675979776,-0.1590701776098187,-1.0148118412571698,-0.4473497519101078,-0.0082951528896756
2024-03-15,-0.4775953414116026,0.6962102464754583,-0.5548245764270849,1.2697318283563808,-0.8628055573306759,-0.7883837766405032,-0.3969239407951983,-0.0006738032555626
2024-03-18,-0.3233873490059508,0.6402209596652276,-0.6805765226240291,1.2734338640733671,0.0035990707000593,2.0277365687198423,2.578198914984457,-0.0156741621093576
2024-03-19,-0.16014368656467,0.5863850099688184,-0.6550414513733125,1.2799840822289763,1.050531623466101,-0.4481120132399284,0.4338412973229342,0.0062098650040263
2024-03-20,0.1756552344947687,0.5521549410793254,-0.4225476350896122,1.2897935599782733,0.2255384190305613,0.8671353209405316,1.2179626601597755,0.0067366912579476
2024-03-21,0.1969636386878449,0.531120959792429,-0.2660635272366545,1.2938101038573135,0.1590213198807783,2.470140234458636,-0.3011148996768705,0.022499829819927
2024-03-22,0.2075842513632994,0.5180173715530999,-0.1720219811099317,1.2983269614826662,-0.5104202246753073,2.15278833076898,-0.8507562408293831,0.0107609658430125
2024-03-25,-0.0853761194088014,0.4981241353224441,-0.2525361486840629,1.3013957188293963,-0.2902926261270953,2.0434782306092103,1.1297174907086842,0.0013984077062789
2024-03-26,-0.2623424300143298,0.4666216047050852,-0.390203473243816,1.3035173485785845,-0.4646088373231221,1.063969061205187,-0.298593609121125,-0.0046258113151932
2024-03-27,-0.0672082010147059,0.4356791648772167,-0.3835617086428558,1.307486757591988,-0.8088412959581864,0.0774076272747268,0.1287651400777322,-0.0074817466987688
2024-03-28,-0.1677457514287959,0.4015542285310627,-0.4213009343441969,1.3089727115699614,-1.083839030770033,-0.4498750793715376,-0.7738568788791462,-0.0050498085150796
2024-04-01,-0.0526874213715117,0.3699293551637552,-0.3916542590111223,1.3075493423749154,0.3693137053251313,-1.4451259106649288,-0.1347097229976695,-0.0080567632844001
2024-04-02,-0.511412748761312,0.3247342648219184,-0.552574931909082,1.3042949757223663,0.0906924709487051,-1.420568918117515,0.2031432114722235,-0.0013001067685446
2024-04-03,-0.3907195992383557,0.276057250051308,-0.5938648849812971,1.3062525447345887,-0.6192546223114311,-0.5986023009022848,-0.346498129680289,-0.0220870498285896
2024-04-04,-1.0572034142576587,0.2015706802994286,-0.8999241736852485,1.3037398021517712,-1.1378032921425223,-0.7262986621488365,0.9519665065286286,-0.0087387475397886
2024-04-05,-0.5470991171747019,0.1312743193454603,-0.8502351215051371,1.3003847726987254,-1.257249367074915,-0.9230064691183768,-0.79402720332511,-0.0126406230068711
2024-04-08,-0.5954552819491087,0.0644145803795111,-0.8094823816008333,1.2996577012734107,-0.53384356114634,-1.1302926728775724,0.0468231970160045,0.0019822970552609
2024-04-09,-0.3716702692925036,0.0101645304687541,-0.6599520055129483,1.3003963951864157,1.329152857842527,-1.264915365355446,1.5444697871288144,-0.0129225578611249
2024-04-10,-0.8902474917273632,-0.0533186338842799,-0.7694417057722653,1.2949652445427349,1.3633172823085633,-1.2116455815218252,0.5561238892765895,0.0229779259295452
2024-04-11,-0.0904770791800818,-0.088992549503873,-0.4396693058635821,1.2953333927987578,-0.5652903609389417,0.0485689026934051,-0.0199910027112503,-0.004989071961347
2024-04-12,-0.7062599886527897,-0.1314685986205753,-0.5203315312024324,1.292586153558405,-0.9553342069261912,-0.7699975155537216,-0.7045213885961458,-0.0227438468040325
2024-04-15,-1.2792448765495383,-0.2059167423687002,-0.8994685038612089,1.2891509864218431,-1.2923196664320964,0.6808799774655317,-1.0713691644571115,-0.0264898522957649
2024-04-16,-1.232198562498161,-0.2949806039905893,-1.0727871147240584,1.2850152875091796,1.579821381292196,-0.1350418415841813,-0.4952542724692718,-0.0286258345386255
2024-04-17,-1.615057783946919,-0.4106173990086029,-1.3878988281920996,1.2772540453919956,0.2606087183877425,0.1649312673796118,0.0279135178479133,-0.0585249547590808
2024-04-18,-1.878782086640779,-0.5538286544390134,-1.7148870209888485,1.2653115817837055,0.4052898795734577,-0.4323703513505607,1.8785407857650889,-0.0627494438156813
2024-04-19,-2.2804134464922914,-0.7369218918163547,-2.1878223751877086,1.249543160662664,-0.8555585582015167,-0.5496142491025722,-0.2431252168947246,-0.0360758011182552
2024-04-22,-1.9193478108242783,-0.9214983881230572,-2.205411410458309,1.2352777697439703,0.0134342838039183,-0.6606874153939514,0.1678451436917872,-0.0229480635437894
2024-04-23,-1.365173247589352,-1.0742258178356645,-1.827733349959096,1.2249021128114894,0.8932976245030921,0.8453488608856464,-0.3048968355104887,-0.004123740703395
2024-04-24,-1.2017913950909356,-1.190496731443566,-1.3954184419442894,1.2161297282851933,0.6650171519345756,-0.613462429725848,-0.3754929710713618,0.0051887548037574
2024-04-25,-1.259040063675736,-1.2791204291247154,-1.0675674872367311,1.2060000362791636,2.02473536354308,-0.4026500937034341,1.1196323284857024,0.0379162031916922
2024-04-26,-0.8430578719878131,-1.326763622204883,-0.5816054434119565,1.1983116695431748,2.760694007248949,-1.1713469270850436,2.6790505372142763,0.0331530789478395
2024-04-29,-0.6894879383211182,-1.337462514424385,-0.1435062025964452,1.1908783526214808,0.7260990017374894,0.4744753067721406,-0.5292916949718357,-0.0043625546997904
2024-04-30,-1.3212788378274924,-1.3555607985933162,-0.2312509404862541,1.181249675356196,1.7479258789489436,-0.4953369989080318,0.1224619136883687,-0.019037496459944
2024-05-01,-1.5651488331025176,-1.390210431367734,-0.4275229794641669,1.169288971872774,0.1815387814606658,-0.9099094064264228,-0.7738568788791462,-0.002732826293205
2024-05-02,-1.0511897808998345,-1.4098510815620384,-0.2495408896538976,1.1628668253999697,0.8878623751562227,1.2808261953931177,-0.2532103791177065,0.0136114616284184
2024-05-03,-0.2321637010592939,-1.375114581116995,0.3952835584431181,1.1593141435567562,-0.8439115953153679,2.339925207309785,-0.6818297735944366,0.0211271423828827
2024-05-06,0.063572244268124,-1.2877581809711167,1.0192698722636648,1.1581481234377435,0.1141158074197377,1.3717500344661062,-0.7448620374880733,0.0407091941202597
2024-05-07,-0.0409843110273298,-1.1748901897975712,1.3217957937412157,1.155424381530765,1.44419896901793,3.0028380727948427,0.4678787198254983,0.0544630865677204
2024-05-08,0.0354742472433476,-1.0456496976030532,1.5159469916375063,1.15554280753018,1.2742827215788926,1.8151611665658192,-0.0376400366014686,0.0391758764173888
2024-05-09,0.0249102390533174,-0.9117544476481616,1.5711448379491924,1.1518807985952848,0.324408192864091,1.329814247192831,0.2182709548066964,0.014761811953226
2024-05-10,0.1356126187306372,-0.7749011479495876,1.6062224904371731,1.1519901116670777,-0.4404090366596796,0.6948585732232901,-0.2481677980062155,0.007709895251768
2024-05-13,0.2777615507465312,-0.6350333276650956,1.6419697951457994,1.15653571006416,1.278812096034617,0.9633483584083478,0.7716942317928274,0.0199744978515761
2024-05-14,0.535627112917082,-0.4860930714848079,1.7495541095245075,1.1625297171774147,-0.3280805501577112,0.2751229006051867,2.547943428315512,0.0399823915367576
2024-05-15,1.0869561664107834,-0.3034849113578504,2.1488006188714905,1.175446899524108,0.0395752449483856,0.0835783587353589,2.658880212768312,0.0366734783298172
2024-05-16,0.925378403006217,-0.1150096050781002,2.2183754170246965,1.1897578270411322,0.3675019555428415,-0.0747197932241237,0.916668438748192,0.0305537457868747
2024-05-17,0.8198603536139272,0.0632113693650126,2.096775741620251,1.207329948896478,0.827686400244454,-0.7420403240382044,-0.593584604143345,0.0377707106624407
2024-05-20,1.1088906960623208,0.2435738121347709,2.1221700683845373,1.2256034998008,1.0478139987926662,-0.4463489471083193,-0.8759691463868378,0.0303351109162859
2024-05-21,1.1479342505107315,0.4171514442375182,2.041713263598736,1.24157236326985,2.7588822574666585,-0.3685221707272847,-1.0877575530694574,0.0099046681917733
2024-05-22,1.2036181962208805,0.5792918431962277,1.9060863051585035,1.257158609957792,1.618515180213957,-1.0087670430916529,-0.7385588110987097,0.0051815436073017
2024-05-23,0.7553237284800443,0.7104565266997027,1.5387647668287885,1.271542398836123,1.144872022843906,-1.1783991916114804,-0.3137213524555978,0.0159097164317523
2024-05-24,0.9923187695642514,0.8265522444466522,1.3600713742347108,1.2855345000653906,-0.6705012590104859,-1.2990432883315952,0.5170438856625349,0.0083524215458665
2024-05-28,1.106783401085126,0.9313483539794896,1.226076423327796,1.2995721799526545,-0.833170507320364,-0.2452334748097559,-0.5809781513646177,0.0003260784230079
2024-05-29,0.7473681476211629,1.0103303464661153,0.9199630359633916,1.316388209213183,-0.6120076231822719,0.1500711385560488,-0.0994116552172329,-0.0246816024778178
2024-05-30,-0.3069723650371584,1.0288972011624822,0.2035378937066932,1.3305715978031714,-0.7117832719069466,-0.1787406949890663,0.5283896931633894,-0.0151365538301534
2024-05-31,-0.2504290927184404,1.0080105725404327,-0.264316164609734,1.3425049625037289,-1.1961675172720014,-0.786620710508894,-0.0439432629908325,-0.0209117406791959
2024-06-03,-0.1561613558670931,0.9644361898550624,-0.5333559785836551,1.3499200675900682,0.6380997265976985,-0.7813315121140665,-0.8999214066664197,-0.0229986475447488
2024-06-04,-0.0754641006370865,0.9092908418316784,-0.6705687830485328,1.355567937672478,0.6290409776862496,-0.6640876143620549,-0.7284736488757277,0.0050761486808486
2024-06-05,0.6624594946757162,0.882392539894227,-0.3356048195349273,1.366098458294971,0.0888807211664155,0.6773538452023131,0.3392929014824791,0.0251155699531764
2024-06-06,0.4978631875821723,0.8663946008499487,-0.2063442679244591,1.3754447329432071,1.7982666407568533,0.5462572849876581,-0.593584604143345,0.0258850563332175
2024-06-07,0.5718410228151244,0.8591094192031151,-0.1030251547647272,1.3853011492796996,-0.6605366352078919,-0.8241488324531469,-1.1318801377950032,0.0259146824738814
2024-06-10,0.6553771362010549,0.8591033680266202,-0.016706522159405,1.3949662502156934,0.3469256544439788,2.268143229094268,-1.0436349683439117,0.0428171969754347
2024-06-11,1.189713061519714,0.8913200953833604,0.3654031533117193,1.4074097706243944,1.097248885709431,3.493348257267544,-0.0968903646614874,0.0427207255313724
2024-06-12,1.6672952214483072,0.9760544646596842,0.9881768563833778,1.4226225414986269,1.662514817783852,1.7495499198109343,0.0178283556249317,0.0544863811951685
2024-06-13,1.8116428245699812,1.0997292880234806,1.4499472235388844,1.435184473886854,0.673040615256145,0.6101054656109339,-0.5116426610816174,0.0559833034482073
2024-06-14,1.878743523417694,1.2444830220380787,1.6999087747985109,1.4491948009713649,0.0323282458192263,-0.4997446642370549,-1.4445201667074414,0.0692576160023057
2024-06-17,2.1270749318060918,1.417334336466158,2.0331003188562407,1.4667760217344434,-0.736112483269124,0.2068670546528878,-0.9969910930626203,0.0510514150494303
2024-06-18,2.1465290252056706,1.5969346486591829,2.113132440948349,1.482353155494763,0.8725919127054942,0.3083692905155315,-0.6944362263731638,0.0167526261444566
2024-06-20,1.4680055678312822,1.7472998309288152,1.7664514123132242,1.4952430130784806,-0.3388216381527151,-1.1757545924140664,-1.1482685264073489,0.0070099309503819
2024-06-21,1.3681419927786342,1.8636913264708967,1.3635788171820409,1.5073312554889386,-0.986781006718793,-0.9667053225232618,-1.4836001703214965,-0.0213458613329875
2024-06-24,0.1725608206517352,1.905358814305856,0.4774737810995318,1.5159125349130658,-0.8366645961862086,1.269492198832773,-1.1205343302941486,-0.0182704918993442
2024-06-25,0.6596367298665828,1.9237891012702983,0.2019184228199234,1.526577253909703,1.125072185937453,-0.3904345640772848,0.3317290298152427,-0.0206261707814192
2024-06-26,0.6104980384941694,1.919573765579394,-0.0666217812705226,1.5361757603746156,-0.3613390997326028,-0.9300587336448136,0.6796671265081177,-0.0090158292584706
2024-06-27,0.6237494745522794,1.8970812731943785,-0.2833590935329853,1.547122657670082,-0.2013874760961595,-0.8837152810425147,-0.0868052024385055,-0.0078067657693333
2024-06-28,0.597842817444899,1.858317702841919,-0.4763075791917376,1.5624236697234688,-0.82320588351777,-0.4245624870534341,-0.646531705814,0.0248179127290752
2024-07-01,0.82030191900645,1.8193358509386135,-0.4788960428920092,1.5789845229907045,-0.9813457573719236,-0.5994838339680894,-0.09815100993936,0.0113908000624309
2024-07-02,0.9622240484861267,1.7859824180674952,-0.4121521595988237,1.5961028631101617,-0.5122319744575973,-0.2155132171626294,0.34433548259397,0.0262110661143919
2024-07-03,1.3099546192587024,1.7764652282246352,-0.1294931369268763,1.6156401387374886,-0.6083841236176922,-0.6081732313310204,0.6557148662285356,0.0288491932185903
2024-07-05,1.3835305565098956,1.7829513585998722,0.0602801778942002,1.6315530207911646,-1.59345836238841,-1.4941139624646411,-1.3298014464210226,0.0364232179406704
2024-07-08,1.5446888473673894,1.806339281950032,0.2607079163608397,1.649572727591616,-0.5976430356226884,-0.0616227305321697,-0.8936181802770561,0.0278143993805513
2024-07-09,1.491986173359536,1.8327775171862488,0.2968796475995068,1.6669635722867353,0.0988453449690093,-0.2374256105126295,-1.0398530325102937,0.0375414352376273
2024-07-10,1.8189135300061627,1.8805418162121583,0.5497720325734163,1.686956045658704,1.432422595433046,0.4622597771459914,0.5851187306676626,-0.0018951486933043
2024-07-11,0.4514927544468475,1.889076834559272,0.0845766524270459,1.6978568736000714,-0.532937686255195,0.9598222261451296,-0.1208426249410692,0.0039504661511795
2024-07-12,0.6961922099137151,1.8831795851486652,-0.0865665388258902,1.7062103859132145,-1.4244479898405176,-0.7935470417402158,-0.6893936452616729,-0.0010662159274653
2024-07-15,0.7450679701918975,1.8666711473930144,-0.2123979512444726,1.713325675680804,-1.092768368982747,0.1561159367215659,2.027296928554072,-0.0035855273123982
2024-07-16,0.5786216458355851,1.8334556207564068,-0.4105168162512535,1.718954871271534,-0.4404090366596796,-0.4254440201192387,0.8826310162456281,-0.0560417246268741
2024-07-17,-0.8938482432475254,1.7178293174007486,-1.3877744141632582,1.713155418153056,-0.9813457573719236,-0.7411587909723998,1.422187195175159,-0.031717940816426
2024-07-18,-0.8907703527532546,1.5520850433217122,-1.982091924946176,1.7071100561876813,-1.1818029297124175,-0.8119333028269975,1.492783330736032,-0.0553037129647645
2024-07-19,-1.3187715391987325,1.3327446523038806,-2.617654585344079,1.7002301182908353,3.164196565904637,-1.4635121717517103,-0.3490194202360344,-0.0346683413383787
2024-07-22,-0.5475244243323606,1.1271032406900243,-2.4552069997350454,1.6984871517141562,1.6401267669027,-1.448652042928147,0.7225290659557908,-0.0352981222168211
2024-07-23,-0.6621765414915178,0.9306839151182532,-2.345848078341185,1.7010240225253377,-0.099800077589195,-1.0690890914517102,3.488384805608572,-0.0377963428646088
2024-07-24,-1.620074488940999,0.676901870299105,-3.0260765078401817,1.6913328445964575,-0.1383644658122208,0.0250193765069106,3.020685407517788,-0.0481771654451762
2024-07-25,-1.8055069974597795,0.3806771739846137,-3.5293772325834656,1.6797709368456444,-0.5176672238044667,-0.3343942477511352,1.9945201513293809,-0.0207814479395024
2024-07-26,-1.418806269236295,0.0922650449543867,-3.436732908118785,1.6705816288707172,-1.042557017873572,-0.176977628857457,0.9633123140294833,-0.0476778957605302
2024-07-29,-1.5050776423772685,-0.1843709731695785,-3.2970874113140165,1.6606258255435953,-0.6910775601093487,0.8103394048436926,0.3871974220416431,-0.0678951501943775
2024-07-30,-1.9473782293572288,-0.4804221387206923,-3.5273194403415564,1.644172701100735,1.575421417535206,0.2365873123000143,1.2482181468287212,0.013526013913732
2024-07-31,-0.8373305223364691,-0.7054887045195607,-2.6855576926138705,1.6347917692877594,1.6850322793637402,-0.5365171864106182,0.3720696787071703,-0.0137192158943553
2024-08-01,-1.4699940207129136,-0.9351939942413524,-2.740565403726063,1.6151447319522023,-0.2301166512153265,0.6056978002819109,-0.0653742327146688,-0.0534492082636682
2024-08-02,-1.839960348867756,-1.1992125937285116,-3.14746537497657,1.5894475238294656,-1.0011455942783765,1.4932756642520262,-0.0136877763218868,-0.0809029301691409
2024-08-05,-2.199155626008904,-1.520556929957581,-3.8272552521903336,1.5560758426803902,-0.1016118273714846,1.4828232007574855,1.122153619041448,-0.0444000011710579
2024-08-06,-1.90394041361842,-1.8379183359669653,-3.78002418637464,1.5253322877977096,-0.2219637771950224,0.1334479436008762,2.854280230838586,-0.0980804552778211
2024-08-07,-2.077747739322774,-2.157323645093969,-3.804261548654316,1.4885203362726052,-0.7199361459272507,-0.3658775715298709,0.4565329123246435,-0.0281522590120444
2024-08-08,-1.322939402821267,-2.4013171420227897,-2.9100002714644524,1.4638634459472577,-1.0991094932207617,0.5400865535270257,-0.1031935910508509,0.0044451625574004
2024-08-09,-1.2358333585686097,-2.573577396416358,-2.0593608395679945,1.438157138916787,-1.1494502550286712,-0.8320826300453882,-0.727213003597855,0.0475492889254591
2024-08-12,-1.0727918621302377,-2.6740244943382385,-1.2077737585330093,1.4136006169742752,-1.5520469387932143,-0.7227725298856181,-0.5721536344195085,0.0652574338271794
2024-08-13,-0.5026582472106192,-2.6706386288435766,0.0235160854938735,1.3955687829701429,-1.0622274440812902,-0.5933131025074572,1.3705007387823764,0.0887302137093393
2024-08-14,-0.4051194133794079,-2.588167198143013,0.9613420902907176,1.3868905279762336,-0.7405124470261136,0.7202970988365086,2.492475036089111,0.0797225630340017
2024-08-15,0.0762307074708329,-2.408527567269324,2.1135986964667297,1.38383351929619,-1.363366140037604,0.2977908937258764,0.4905703348272075,0.0766910193668257
2024-08-16,0.1035712455238304,-2.1698732959610054,2.8134162209319977,1.3843171633949,-1.516070764544888,-0.5259387896209629,-0.593584604143345,0.0855723160591057
2024-08-19,0.371432171553673,-1.8749246595514624,3.480975710176398,1.3833590021449906,-1.4055540278252097,-0.7611821848956757,-1.1495291716852214,0.0495132922953256
2024-08-20,0.2866944997095947,-1.5626228487898823,3.686756096657096,1.3825012092779168,-1.5367764763424858,-0.6099362974626296,-0.9818633497281476,0.0499417172033325
2024-08-21,0.3888357249326326,-1.2430231994717609,3.7732965766968367,1.3913528622546316,-1.012792557164525,-0.9055017410973998,-0.4372645896871259,-0.0028956009289444
2024-08-22,-0.1726862218026898,-0.9728228267956204,3.187501607255992,1.3975763889649515,-1.0856507805523228,-0.4875291346109054,-1.2150827261346036,0.0115628400026563
2024-08-23,0.1260023907959011,-0.7192674705638323,2.9901188202563187,1.4045847210020417,-1.25453174240148,-0.5977207678364802,-1.2201253072460945,-0.0173295088190725
2024-08-26,-0.1657878425261381,-0.5098322797948948,2.466925511853268,1.409904820107737,-1.6167522881607077,1.4617923404732909,-1.5302440456027877,-0.0078926412259928
2024-08-27,-0.0472283101860944,-0.3284853156933536,2.1338448879906085,1.4213845853309584,-0.996616219822652,1.370868501400302,-1.140704654740112,-0.027307382526201
2024-08-28,-0.3701110108307116,-0.1975044647646385,1.5365848118813905,1.4219503579373711,-0.9040875702271366,0.8793508505666812,-0.7196491319306186,-0.0133852975738643
2024-08-29,-0.5698348183516505,-0.1202595738317542,0.899363840575078,1.4281556587924484,-0.3648331885984475,0.8680168540063361,-0.2179123113372698,-0.0162082824039081
2024-08-30,-0.2775382039036275,-0.0593540258412186,0.7056058434901045,1.4424004404748294,-1.2401671548418969,-0.4498750793715376,-1.266769182527386,-0.0494685421010206
2024-09-03,-1.1818807775809066,-0.0891217012256453,-0.3696309155619449,1.4536338622346063,-1.093674243873892,0.8269625997988649,-1.003294319451984,-0.0576205246905054
2024-09-04,-1.223041808796005,-0.1788082201345857,-1.0801708160904544,1.4619197426049089,-0.1123529153664888,-0.0336655390166525,-0.9100065688894016,-0.0458936817530101
2024-09-05,-1.2488249077777454,-0.3041261004761495,-1.5027007335391074,1.4728793839791563,-0.6965128094562182,-0.2024161544706754,-1.0297678702873116,-0.0621781375951822
2024-09-06,-1.662490247262925,-0.486384048145958,-2.177917199607008,1.4721584672849588,-1.0622274440812902,0.3582388753810488,-0.6780478377608185,-0.059320185469889
2024-09-09,-1.2686732474230749,-0.6691448881433747,-2.183880683603308,1.4736458793313516,-0.910428694465151,3.515260650617544,0.1867548228598781,0.0007133988599066
2024-09-10,-0.9273518495290508,-0.8184087240583888,-1.7866607683194622,1.4764291216457537,-1.1665324672616897,3.2414816670376587,1.6213691490790512,0.0375351408101771
2024-09-11,-0.2455465019308207,-0.8833935412688947,-0.7872488630739541,1.4799515345493752,-0.5850901978453946,0.9546589610454166,-0.7826813958242554,0.0477190984272453
2024-09-12,-0.0934754344077694,-0.8772689750754326,0.0559926155408335,1.4840488329870307,1.095437135927141,0.5400865535270257,-0.0136877763218868,0.0810122824762347
2024-09-13,0.0006183718810131,-0.8173303881190012,0.694139260415845,1.4835104412231483,-0.6434544229748737,0.5523020831531752,-1.0675872286234935,0.0595389067106526
2024-09-16,-0.0917874462075631,-0.7320625834506941,0.9945025313808168,1.4818678850889704,-0.0431181915432708,0.3686913388755891,-1.0827149719579665,0.0418805696607595
2024-09-17,-0.1412340099314708,-0.6377377264575367,1.1019044216617548,1.4765021232059468,1.849513277455908,-0.2155132171626294,-0.6238400908122907,-0.0017008382152774
2024-09-18,-0.37411644766664,-0.557130026127227,0.9392412833659344,1.470032196952628,1.1906834101960913,0.1693389327086348,1.3062078296108677,0.0195129809864358
2024-09-19,0.2508532515312647,-0.440008508325857,1.372235692264845,1.4682435956383983,-0.0719767773611728,0.774448415735934,-0.6074517021999452,0.0094809478146078
2024-09-20,0.1183794291970756,-0.3141512815742788,1.4758269734615117,1.470196439948146,1.0001908616581907,0.6223209952370834,-1.2264285336354583,0.0131553521883329
2024-09-23,0.1131502039260158,-0.1897731723313512,1.4582870486958317,1.468854021590157,0.5554062901060419,-0.3799821005827444,-0.5948452494212179,0.0220908586707702
2024-09-24,0.2654048746339363,-0.0616440935557488,1.502767438534162,1.4714653940896167,0.0646809205029728,-0.8267934316505606,0.1779303059147691,0.0344560318960771
2024-09-25,0.3304513957361384,0.0663517273558324,1.50118721729028,1.473439057934007,2.1810634876149435,-0.9719945209180894,1.0149987704222652,0.0179240039490959
2024-09-26,0.6232380895138209,0.2091656632292961,1.6769059279948413,1.4809293376632808,-0.0583886539939993,-1.3926117266019975,-0.0162090668776322,0.013366004146287
2024-09-27,0.2974999130084809,0.3364638907928531,1.492914896281418,1.4882883772149147,-0.7306772339222546,-1.4101164546229747,-0.5078607252479991,0.0165247499052418
2024-09-30,0.3676972079377924,0.4508405000560215,1.3396855473526603,1.4936135234805237,-0.4431266613331144,-1.3103772848919402,0.9191897293039374,-0.0149814244465106
2024-10-01,-0.4107276316446398,0.5076205932564108,0.6566846683838753,1.503145575673242,0.1662683190099373,-1.0830676872094689,0.3771122598186612,-0.0105239502857795
2024-10-02,-0.2152674528630866,0.5357669713674076,0.317135440217365,1.5146605588567486,0.8509803260167516,-1.3008063544632045,-0.4435678160764895,-0.0194085252290782
2024-10-03,-0.1049512882939195,0.5494849691906666,0.1460383480272842,1.5273085873811665,-0.1554466780452392,-1.2526998357292964,0.4565329123246435,0.0008440591663061
2024-10-04,0.1839925648461391,0.570234468827069,0.22942050804566,1.54717890546334,-1.5618821518970734,-1.4591045064226873,-0.0603316516031779,-0.0089474731056138
2024-10-07,-0.0496452656526618,0.580486596597467,0.1049387737072779,1.5625843656871587,-1.3606485153641692,-0.894167744537055,0.3304683845373701,0.0347771311845059
2024-10-08,0.4179601255468783,0.6132379601546788,0.3717430679421914,1.5789822097090775,-0.2390459894280405,-0.9325773995471124,1.7133962543637609,0.0386677467089007
2024-10-09,0.668835675332923,0.6755541066235693,0.7223332441463923,1.5911591559550144,0.3027966061753483,-1.2737306960134918,2.739561510552168,0.0341098521883691
2024-10-10,0.6587399851642866,0.7503775950164078,0.8706499499399931,1.6016386862424925,-0.1437997151590905,-1.0708521575833194,0.2132283736952054,0.0245017280145294
2024-10-11,0.7005633104162172,0.8296792908078586,0.9237541964906496,1.6114800592384648,-0.8384763459684984,-1.3409790756048712,-1.0461562588996571,0.0450523644166667
2024-10-14,1.0031482553508697,0.9278058931003468,1.1469869293993415,1.6248396812311294,-0.1923287271847103,-1.1976669857640665,-0.6503136416476182,0.0033344633025342
2024-10-15,0.1326759317874353,0.9907288369383286,0.7295288727152067,1.6338928000077242,0.8771212871612188,0.3126510225494396,0.8208593976298639,-0.0046859746219682
2024-10-16,0.2139039140384897,1.03065310882999,0.4568020790089658,1.645420092653464,0.0457869584876649,-0.2959845927410778,0.0228709367364223,-0.0013888994274942
2024-10-17,0.2963642946563515,1.056267008524353,0.2871043705838319,1.651701409344794,-0.1419879653768006,-0.5224126573577446,-0.2317794093938701,0.0004332830771032
2024-10-18,0.3952329082263607,1.0746182204630124,0.2009807217955143,1.6597270104823354,-0.0827178653561767,-0.5994838339680894,-0.7473833280438188,-0.007826528341396
2024-10-21,0.5264379934637866,1.092435007766027,0.1946433159793351,1.6687774234204216,0.4754304782878205,-0.3090816554330319,-0.9125278594451472,0.0134249031507476
2024-10-22,0.4785065956378555,1.103910645980572,0.1194476149689416,1.6762188718775313,0.304608355957638,0.0966754214273132,-1.1659175602975669,-0.0041850920627992
2024-10-23,-0.145766628584981,1.0823532130964058,-0.2722708106883685,1.6800401467474742,0.8725919127054942,0.8759506515985774,-1.1003640058481847,-0.0043025985220944
2024-10-24,-0.0455979624650568,1.043073911264202,-0.4824233146225642,1.6817588168571251,0.5733943772302051,0.1893623266319107,-0.2859871563423976,-0.002685045515865
2024-10-25,0.1327023142477794,1.0006314891080348,-0.5199327702152676,1.686503413553685,0.1104923078551582,0.3651652066123705,-0.5292916949718357,-0.0076297243526077
2024-10-28,0.1184434396547469,0.954857943711801,-0.5594344667838362,1.6905806775704617,0.4609364800295018,2.0792432864218537,0.3304683845373701,0.0067745752059971
2024-10-29,0.5709800128746256,0.9299682945266784,-0.3117854691789375,1.702519902584474,0.9220267996222592,1.9069665387046124,2.051249188833653,0.005165687289917
2024-10-30,-0.1550424162916332,0.888454635304197,-0.5089191544026456,1.709577374331277,1.557433330411043,0.3372080150968533,2.587023431929566,-0.0299432895995142
2024-10-31,-1.1987028428291184,0.7800163779060649,-1.3025358955398894,1.7090562971298755,3.530040611228444,0.9258202364640948,1.7663433560344155,-0.0277041614778607
2024-11-01,-0.9365543673019378,0.6454411350662566,-1.612477976251877,1.707794731469723,0.275879180838471,1.364823703234785,0.740178099846009,-0.0281469778045656
2024-11-04,-0.9584732809024324,0.4980160513307732,-1.764856162057229,1.707794731469723,-0.552737523161648,0.6423443891603591,-0.8520168861072558,-0.0275587251768533
2024-11-05,-0.4702126181220549,0.3722578592492589,-1.5079221136843708,1.706853127708308,-0.4871262989030098,1.0613244620077733,-0.8179794636046921,0.0162885821228482
2024-11-06,0.3220774231422048,0.3140550614564596,-0.7068251579590832,1.709485992697066,-1.2267084421734582,0.0092777146175428,-1.2856788616954766,0.0683045493490204
2024-11-07,0.713044800010983,0.330634950061341,0.1799757118294665,1.7158943996789948,-0.881699519345984,-0.4437043479109055,-1.313413057808677,0.0591755531364248
2024-11-08,0.6713727023541038,0.3897305820215836,0.6841431869953548,1.7216994607529326,-1.469353502301558,-1.0768969557488368,-1.4810788797657508,0.0541253767084297
2024-11-11,0.4557733186826198,0.4607911466636978,0.8260278025442062,1.7235552453735663,-1.2492259037533455,-0.75161125446694,-1.5176375928240602,0.0408126613764481
2024-11-12,0.4884808437553903,0.5360887824292254,0.8762725655849103,1.7303841789155094,-0.7306772339222546,-0.275835265522687,-0.8444530144400195,0.0084850437360244
2024-11-13,0.3427368056754187,0.6018922862383768,0.7636876227008225,1.7358144042465389,-0.2004816012050144,-0.5531403813657906,-1.0864969077915847,-0.012172554876166
2024-11-14,0.1979810372739549,0.6500944749263415,0.5549646908194296,1.7398733723086293,0.9471324751768466,-0.205942286733894,0.2195316000845693,-0.0356298837591128
2024-11-15,-0.7059145064908907,0.638355054262734,-0.1558451753416298,1.7378621912422147,-0.0458358162167055,-1.3340527443735493,-0.7763781694348917,-0.0271359744979581
2024-11-18,-0.5958722616861916,0.5930558999482035,-0.5538089611469146,1.7355401471847955,-0.0332829784394118,-0.574045308354871,0.0859032006300592,-0.020410682741403
2024-11-19,-0.320176830204069,0.5412412077253271,-0.6310726295518609,1.7351561985142665,1.9313008390564192,-0.2181578163600432,1.3377239615576857,-0.0178471872713211
2024-11-20,-0.3518086182120759,0.4845466820513178,-0.6889395069982702,1.7376245120699556,1.560021544385743,-0.0519258668083191,-0.1057148816065964,-0.004477016400033
2024-11-21,-0.0072657648464989,0.4437215849924704,-0.5007539285324857,1.7416286203077644,0.8087924382291459,-0.2871692620830318,2.4307034174733477,0.0213807482675167
2024-11-22,0.0100575305221836,0.4141200743822576,-0.3676604719552863,1.7446545749344506,-0.736112483269124,-0.3221787181249859,-0.1914387605019425,0.0180431449276534
2024-11-25,0.0081168967855745,0.3913232695443009,-0.2869677436223943,1.747735361345642,-0.1383644658122208,0.4150347914778878,-0.6364465435910182,0.0148272537036477
2024-11-26,0.1937626201361801,0.381206007759563,-0.1366090128819517,1.749051772810188,-1.0730979427750291,-0.5066709954683767,0.1375896570228415,0.0019469082331551
2024-11-27,-0.4252785136555728,0.3538185007832582,-0.341405994577678,1.7508527256463176,-0.3388216381527151,-0.843416626605733,-0.8658839841638559,0.0010707219007917
2024-11-29,-0.0713147992685835,0.3317792034260764,-0.277984938575111,1.7613566645599323,-1.5898348628238306,-1.216808846621538,-0.8015910749923465,0.0100599174127484
2024-12-02,0.2595212782329011,0.3295658608146778,-0.04288140378829,1.7723634127600394,-0.6138193729645617,-0.929177200579009,-1.4470414572631871,0.0137420657743043
2024-12-03,0.3802999566012556,0.3448283677218449,0.1643537103789713,1.784302623754163,-0.2669987003547977,0.3057246913181177,-1.251641439192913,0.027134126843157
2024-12-04,0.9213845699032204,0.4015352600795007,0.6558166256037583,1.7973205670405732,-0.4871262989030098,-0.3476172437382043,-0.6969575169289093,0.0359702649271209
2024-12-05,0.6631653072339326,0.4703163949901398,0.7989974782022237,1.8033175884298875,-0.9346284951285934,-0.7305803941827447,-0.241864571616852,0.0304197161675101
2024-12-06,0.7772404504982865,0.5482789761383285,0.9078744777001758,1.8064440796780727,-0.2660928254636526,-1.1163140771198137,-1.119273685016276,0.0140708375692306
2024-12-09,0.436914249320941,0.6139910153519943,0.762603001557365,1.8083730200776749,-0.765747533279436,-0.5259387896209629,-0.2809445752309067,-0.0035895179470069
2024-12-10,-0.2025442355722372,0.6412394383832201,0.3064871553785816,1.808464429751664,0.3522314930921132,-0.5216570575870549,2.3613679271903467,-0.0072989901377168
2024-12-11,0.2812505291225005,0.6666650417861129,0.2848714832258429,1.8114081016518715,0.8762154122700737,1.1198834442362215,1.8571098160412525,-0.0078363121798886
2024-12-12,0.0375183290930819,0.6771712582060816,0.1079518512830751,1.8138763871677843,-0.2893867512359502,0.8943369126853593,1.2028349168253027,-0.0074322679044822
2024-12-13,0.1818280919995002,0.683205972710038,0.0549271208355216,1.8180084969889545,-0.7755827463832948,0.0791706934063361,0.0178283556249317,0.0090691156408866
2024-12-16,0.5018373745906565,0.7019282282456445,0.2053806945746734,1.8296459999793608,-1.1943557674897114,-0.058978131334756,0.0594296497947319,0.0170798655631678
2024-12-17,0.2141886639358613,0.7141869386216835,0.1287335754949856,1.8392723359232408,-0.2777397883498015,-0.4507566124373422,0.3783729050965338,-0.0297864524106967
2024-12-18,-0.9731822808243926,0.6606617230091493,-0.6513566511992711,1.84010424807587,1.8944187899169485,-0.6116993635942388,0.4981342064944437,-0.0232743454913811
2024-12-19,-0.9338086808800335,0.5683384968880031,-1.11143786949273,1.8413475177813363,-0.0943648282423256,0.8085763387120833,0.1754090153590236,-0.0129261217285177
2024-12-20,-0.4132997008983514,0.4807965578619465,-1.0547395913366524,1.8436147020144733,-1.1296504181222182,-1.1547237321298711,-0.5217278233045992,-0.0123421658685412
2024-12-23,-0.0811396453929546,0.4179433841798685,-0.7619710424158888,1.8480577028664256,-1.2788609537636575,-0.2347810113152157,-0.4725626574675625,0.0039341399336292
2024-12-24,0.219327053346351,0.3908321848551785,-0.3381294358234464,1.8547624201949424,-0.92026390756901,-0.4795953370186641,-1.1054065869596756,0.038082926001091
2024-12-26,0.2386706953364966,0.387107365928179,-0.0608050513049322,1.8605440680548369,-1.1125682058892,-0.5241757234893537,-1.5541963058823696,0.0231800595181161
2024-12-27,-0.279980998103361,0.3722829103829362,-0.1924286647580633,1.866302611138239,-0.8195823839531904,-0.6667322135594687,-1.541589853103642,-0.0046865271200738
2024-12-30,-0.7084804940466979,0.3267267422131304,-0.5568567268983872,1.8673303250557336,-0.8357587212950638,-0.914317071755446,-1.246598858081422,-0.0233125003215632
2024-12-31,-0.96173370786983,0.2479769333075065,-0.9504792469484942,1.864542974913957,-1.4360949527266664,-0.8662105530215377,-1.5151163022683147,-0.0355880557685696
2025-01-02,-1.032599590264417,0.1470449877480387,-1.2135232618932066,1.8604749500037996,-1.0694744432104493,1.462673873539095,-1.4495627478189326,-0.0205243458081851
2025-01-03,-0.4464891601641399,0.0651182713072769,-0.9881521964119084,1.8559097938620523,-0.4538677493281183,1.3079018538428304,-1.5491537247708784,0.0053054710679885
2025-01-06,-0.0463429334844129,0.0212773190244008,-0.536517059875518,1.8552069628242116,2.169416524728794,-0.1516650365393536,-1.1154917491826577,-0.0021750809215123
2025-01-07,-0.703282849378577,-0.0335914260528985,-0.6672887225828077,1.8492678575949044,1.7083262051360375,0.7211786319023133,-1.085236262513712,0.0058489902218099
2025-01-08,-0.7134486209562443,-0.0937889871966804,-0.7304798026353474,1.84469074248814,0.3540432428744029,1.0254334729000143,-1.3777059669801863,-0.0137517704708141
2025-01-10,-1.3088025445507832,-0.1934610789238053,-1.198583447236285,1.8384787541461771,-0.3262688003754213,-0.2775983316542962,-0.9011820519442924,-0.0364368559755815
2025-01-13,-1.4747371256200337,-0.3252772618229777,-1.5797600187537564,1.827656886217679,0.7755338886542543,1.5379819840178306,-0.8595807577744922,-0.0460313726556506
2025-01-14,-1.3759737579306734,-0.4657935198698442,-1.682928741085722,1.818609417456209,1.074860834828278,0.0092777146175428,1.0855949059831382,-0.0071380686260831
2025-01-15,-0.6907580880481149,-0.5696852436973157,-1.248621411864565,1.812777480255732,1.9591241392844412,0.0844598918011637,-0.2065665038364153,-0.0144518836488443
2025-01-16,-0.9084167072852996,-0.658236324298519,-1.066706366932559,1.8031216184263577,0.8384274882394578,0.8811139166982904,-0.1397523041091602,0.0232974439046562
2025-01-17,-0.4180506044589899,-0.7043687431929944,-0.5636901220125414,1.798106045321998,0.1357273941084807,0.3048431582523132,-0.6427497699803818,0.0391793146041341
2025-01-21,-0.1764997797684339,-0.7058391140040544,-0.0340709682382109,1.801951798917521,0.0386693700572405,1.6971616690431175,0.0342167442372771,0.0598436479877468
2025-01-22,0.3990081131887942,-0.6379031427642425,0.7889752134975615,1.8104495899047464,1.6212328048873916,0.5172926271112211,1.0036529629214106,0.0410264488815563
2025-01-23,0.441374010000827,-0.5260673464409821,1.3095556438466756,1.8161689193595985,0.4556306413813674,0.4377027845985775,1.1637549132112484,0.0381778458587565
2025-01-24,0.0647056362018279,-0.4112848207496654,1.34449905511606,1.817295193094292,-0.6714071339016308,-0.2408258094807328,-0.3376736127351798,-0.0279355020143358
2025-01-27,-1.2256076753580527,-0.3896033517005638,0.2404721474773177,1.8054280022681568,2.137969724936193,0.6039347341503016,0.1943186945271145,-0.0102516189122154
2025-01-28,-0.5723062905920993,-0.381176006176729,0.0832998280986449,1.7989724464007024,2.4255202975253334,-0.7087939341278595,2.452134387197184,-0.0399767142686249
2025-01-29,-0.7484610495997668,-0.3958241578429782,-0.1903379878812368,1.7937073052585095,2.824493481725297,-0.600365367033894,0.8675032729111554,-0.0399058146517239
2025-01-30,-0.702298729871496,-0.4207612093049898,-0.3123475829836173,1.7916012375857215,2.770658631051542,0.2401134445632326,0.7943858467945366,-0.0354785162860649
2025-01-31,-0.8380243090752012,-0.4609741125119033,-0.4934943064658613,1.7900354123021174,-0.4637029624319772,2.527062083850589,0.5989858287242625,0.0005712073162977
2025-02-03,-1.1370109850636678,-0.5319897799945155,-0.8587649254741159,1.7861254616364728,-0.4611147484572774,-0.946681928599986,-0.5343342760833265,-0.0113850184371215
2025-02-04,-0.7439712735588445,-0.5932223591616635,-0.7427534307648196,1.7817576634672316,0.0763278833891218,-0.2321364121178019,3.323240274207244,0.0105721540129535
2025-02-05,-0.3914281131663861,-0.6201383554655019,-0.3358146459032757,1.7775821761105826,0.1428449825389048,0.3126510225494396,3.488384805608572,0.0114571694375507
2025-02-06,-0.3226468875851725,-0.6186212422347499,0.0013557270889643,1.778378814223372,-0.0081773028848245,-0.1665251653629168,1.5381665607394504,0.008708600878535
2025-02-07,-0.5556918923191364,-0.6139831230727186,0.0383657745718211,1.7774082033123428,0.2875261437246199,0.8706614532037499,0.2422232150862785,0.0374176668575207
2025-02-10,-0.1743328276582701,-0.5811666589587247,0.3725150545230326,1.7842208597635647,0.2884320186157647,-0.3833822995508479,0.4502296859352799,0.0231621816056786
2025-02-11,-0.1622279303772849,-0.5310106567187592,0.5781337375705038,1.7926176234331883,-0.235551900562196,1.1391512383888076,1.415883968785795,0.0069601597214785
2025-02-12,-0.2308843366072907,-0.4760416441506467,0.6352082016062662,1.7999980012553454,-0.6937951847827835,1.6901094045166811,0.8397690767979551,0.0184388827695076
2025-02-13,0.1549261047815159,-0.3952422939215916,0.9415139390445282,1.8062887393118463,-0.649795547212888,2.442183042943118,1.56085817574116,0.0307103416328711
2025-02-14,0.24401534170258,-0.2961966721200642,1.1578850040637745,1.8149602226995392,-1.1925440177074216,1.3814468981899573,0.6935342245647177,0.025146078181067
2025-02-18,0.4806662461847819,-0.1743573114063452,1.4281816257386477,1.8223314595542968,-0.5958312858403986,-0.2452334748097559,-0.6389678341467636,0.0247534967521076
2025-02-19,0.4828382355417523,-0.0448310866690831,1.5193353142511774,1.82793541934546,0.5715826274479155,2.0801248194876583,0.044301906460259,0.0237045163882347
2025-02-20,0.3453253031153465,0.0762141803646099,1.4187649679524366,1.827953743339924,1.1439661479527614,1.4688446049997272,-0.7725962336012735,-0.0179378269117786
2025-02-21,-0.645130172045569,0.1349817398707914,0.6802527819881323,1.8215897513652333,-0.5463963989236337,1.1312174407965665,-0.9679962516715476,-0.0352544041287467
2025-02-24,-1.0456561371942987,0.1250404533304938,-0.1345222330757141,1.814456614279394,0.931862012726118,1.978748516920129,-0.446089106632235,-0.0563677552783006
2025-02-25,-1.3644753871986848,0.0487185487998854,-0.9216882551395418,1.8153173373031952,0.9291443880526834,0.6021716680186926,-0.4385252349649986,-0.0461639420956885
2025-02-26,-0.9973976692165164,-0.0471662338421385,-1.1536721294886816,1.8128999580029657,0.2013386183671189,0.5269894908350717,-0.6969575169289093,-0.0779586844449405
2025-02-27,-1.775125398558422,-0.2148269872336796,-2.0048182484192703,1.80452147626814,0.7288166264109242,-0.2837690631149284,-1.0928001341809483,-0.0397666550760825
2025-02-28,-1.3739199819446597,-0.3966251997976234,-2.1724654899748463,1.7984413730186948,1.8440780281090388,-1.1136694779224,-1.487382106155115,-0.0554619341167111
2025-03-03,-1.8967158072849304,-0.6297239900476973,-2.780806793345383,1.7873250453689105,-0.9831575071542136,-0.2277287467887789,-1.313413057808677,-0.0438055222474929
2025-03-04,-1.9085066272112952,-0.8833757567617652,-3.0245316216845097,1.778900788697647,-1.0982036183296164,0.6371811240606464,-0.3351523221794343,-0.040822473079637
2025-03-05,-1.488774703818731,-1.1120401592766131,-2.7282221766378982,1.7702842632734566,-0.3622449746237478,0.6896953081235775,-0.4309613632977622,-0.0322117298697839
2025-03-06,-1.940618666354864,-1.3580018422883604,-2.9333397530252427,1.7530969453018483,-0.7819238706213092,-0.635248889780733,-0.770074943045528,-0.0309936526884967
2025-03-07,-1.5402007285329873,-1.5758771638693572,-2.6002812478314827,1.7381805268338697,-1.1629089676971096,-0.6633320145913654,-1.0776723908464756,-0.0430786509144046
2025-03-10,-2.134505864884859,-1.8324684950694343,-3.059390069121532,1.716597945731157,-1.0398393932001375,0.0600288325488647,-0.8129368824932011,-0.0462243146281381
2025-03-11,-2.1816259035891377,-2.1029178445373886,-3.2237235966461544,1.6911237239373758,-0.7684651579528706,0.1587605359189797,-0.9289162480574928,-0.044636108600024
2025-03-12,-1.7709369471413527,-2.3389282448743183,-2.8153337471349014,1.6685522219490596,-0.3900682748517699,-0.5163678591922274,0.0506051328496226,-0.0360226535004082
2025-03-13,-2.0219285553549398,-2.5669497974022844,-2.720599022737296,1.6427666745079477,-0.5841843229542498,-0.8819522149109056,-0.0489858441023234,-0.0210487576294469
2025-03-14,-1.3060838773387582,-2.725216298182039,-1.8934177118987707,1.6196732401050224,-1.0200395562936846,-0.6378934889781469,-1.1381833641843666,0.0295340023745269
2025-03-17,-1.1502451219711802,-2.814697153764806,-1.0777319839847916,1.5972024569967578,-0.7154067714715261,-0.6072916982652158,0.5397355006642441,0.0179942922026374
2025-03-18,-1.395010968557312,-2.8756368299927897,-0.7392800789272888,1.569722900430128,0.8465803622597619,-0.5312279880157904,2.264298240794146,0.0152589806958653
2025-03-19,-1.095257684178674,-2.8887343000398418,-0.171949429313601,1.5447523431360457,0.3423962799882542,-0.3177710527959628,1.5432091418509413,0.0275450468683848
2025-03-20,-1.217836213930552,-2.876959303826697,0.1229975132986798,1.519085838569449,-0.3586214750591682,-0.3913160971430893,-0.3401949032909253,9.346570252422026e-05
2025-03-21,-1.1504648274840608,-2.840010779449216,0.4215145597854315,1.4999389888012076,-1.179085305038983,-1.0611552938594688,-1.5504143700487514,0.0119859093818173
2025-03-24,-0.6956210898923485,-2.75272819109594,1.0183945846130962,1.48757925124707,-1.0380276434178477,0.6555673851474282,-0.874708501108965,0.0310317549728353
2025-03-25,-0.6176869796948252,-2.6274815543400805,1.4685863705175557,1.4786270055693016,-0.7692416221452807,0.3241109524048993,0.0455625517381316,-0.0049099505186303
2025-03-26,-1.082908408815066,-2.5168386392110724,1.2954100156060433,1.4629275062208562,0.6677347766080103,0.2409949776290371,0.4300593614893161,-0.0070233740782453
2025-03-27,-1.2548708664383337,-2.4311661072004127,0.999301938523226,1.4531218138414952,0.2219149194659818,-0.7875022435746986,-0.0036026140989049,-0.0337336001269755
2025-03-28,-1.662403048596302,-2.399894577654601,0.3541946466207944,1.4359183589780522,-0.6507014221040329,-1.2037117839295837,-0.9226130216681292,-0.05123379090991
2025-03-31,-1.6491759987885763,-2.398891078501319,-0.0047348993992881,1.4250881772555848,0.3118553550867973,0.9030263100482904,-0.2343006999496155,-0.0474467890452187
2025-04-01,-1.4426064182341798,-2.4007151687516672,-0.0382655047216084,1.4157987812955954,-0.2893867512359502,0.2671891030129453,-0.5545046005292903,-0.0185029134827222
2025-04-02,-1.2328468887384805,-2.3877871294306066,0.136670726715571,1.405110845363357,-1.1296504181222182,-0.5941946355732618,-0.6931755810952911,-0.0769703083039643
2025-04-03,-2.249406122081816,-2.470430275375106,-0.9966478835510174,1.3869371581258785,0.1284803949793214,1.0613244620077733,-0.8721872105532196,-0.1163388775822985
2025-04-04,-2.803313006919565,-2.701636732984372,-2.7583668100733965,1.354110219750243,0.3522314930921132,-0.5356356533448136,-1.2062582091894944,-0.1114877601163567
2025-04-07,-2.6747814855644614,-3.000149170813052,-3.5565061211318887,1.330789803350098,0.8914858747208022,1.760883916371279,-0.9125278594451472,-0.1358719203214454
2025-04-08,-2.81720892743799,-3.3475077709639915,-4.135742055541377,1.304826245382815,-0.2201520274127325,1.9612437888991523,0.0632115856283499,-0.0270605440776037
2025-04-09,-0.7050194485692479,-3.5167809709634144,-2.023939239162412,1.2979933862720507,0.8411451129128925,3.03079526431036,1.8646736877084893,-0.0044050838995937
2025-04-10,-1.1910420780587638,-3.6305236655271047,-1.365437881530882,1.2861365000640712,-0.4736675862345712,1.4854677999548995,0.9519665065286286,0.0876241113829472
2025-04-11,-0.9350013152035268,-3.6656985705693534,-0.4337518531036054,1.2721799392525284,-0.6479837974305982,-0.2242026145255606,-0.0174697121555048,0.0910279896238888
2025-04-14,-0.8188282929519849,-3.62841813093701,0.4254505341517721,1.258519324270467,-0.5643844860477969,2.302271152070417,-0.5053394346922536,0.117732132944013
2025-04-15,-0.7701020577047126,-3.534615317022052,1.0957138409523093,1.248531751875668,-0.4960556371157238,-0.0572150652031467,1.5331239796279594,-0.0488079865869579
2025-04-16,-1.1620084282783232,-3.4561248881780493,0.9141338917211516,1.2296142254260511,-2.4428864520190005e-05,-0.5846237051445262,1.2898194409985213,-0.0077686400771241
2025-04-17,-1.2184748303133115,-3.392221619460676,0.7411539292302418,1.2111345541188174,-0.870829020652245,-1.0970462829672274,1.782731744646761,-0.0527854356563411
2025-04-21,-1.481704852773338,-3.371738391632735,0.2262629580468871,1.1875556950913242,-1.2339554413026177,-1.1950223865666527,0.7477419715132455,-0.0384692066978411
2025-04-22,-1.120858492803784,-3.337768011558557,0.3861986185462921,1.1644675742261972,-0.552737523161648,-1.1223588752853308,0.8649819823554098,-0.0141869024675848
2025-04-23,-0.7152307595130301,-3.247816863784158,1.050039353338704,1.145837455493876,-0.7099715221246568,0.5558282154163935,0.3607238712063155,0.0594089615252833
2025-04-24,-0.2389562880447236,-3.064616529312101,2.1558228421907777,1.1384532923017838,-0.6721835980940406,-0.8294380308479744,1.3528517048921584,0.0809395198742151
2025-04-25,-0.0582035862488002,-2.803216349279339,3.083145654476294,1.135664750469472,-1.150356129919816,-0.2653828020281468,1.945354985492344,0.1077815463715323
2025-04-28,-0.0833256181838543,-2.5034652095939225,3.537925577683957,1.1372699996799558,-0.3657390634895924,-0.7043862687988366,-0.403227167184562,0.0864595504403562
2025-04-29,-0.0203306586852632,-2.1830644100094494,3.782796914104535,1.1396733030119823,-0.0180125159886833,-1.1189586763172277,-0.3578439371811436,0.0602403715472867
2025-04-30,0.0386371724977493,-1.855682654352924,3.865579683952232,1.1414895235068496,2.702329782119469,-0.6168626286939515,0.1212012684104958,0.0370929255317249
2025-05-01,0.2479504610766986,-1.514181561955494,4.033012022984384,1.1447183739620583,3.1103617152308827,0.4360656517620832,-1.1999549828001308,0.0390463591385255
2025-05-02,0.4785679444504581,-1.1519527664316296,4.278808824980671,1.1643299690191111,0.5634297534276114,1.2056440182094972,-0.6389678341467636,0.0352183696214831
2025-05-05,0.3636370454798581,-0.8026085022817121,4.126019266599833,1.1946830139233746,1.2357183333558668,-0.514604793060618,-0.8860543086098197,0.0218555001920925
2025-05-06,0.1817654898526692,-0.4922074941883084,3.664215672654783,1.2223942491499222,1.9357008028134088,-0.4831214692818825,0.3481174184275881,0.0278135003175539
2025-05-07,0.3410169029199614,-0.2058422542140193,3.379190607351328,1.2554899628108394,1.6957733673587436,-0.1106107823318823,1.472613006290068,0.0226238082113201
2025-05-08,0.4922070196431223,0.0658294925823192,3.2049497080454863,1.2683411535416635,2.0390999511026635,-0.3012737911359053,1.1864465282129573,0.0045704765307788
2025-05-09,0.4602451802494044,0.3110835597635896,2.89167905157487,1.289649743960516,0.1599271947719231,-0.9702314547864804,0.7086619678991906,0.0568086609491946
2025-05-12,1.1248955356687615,0.6023108477480884,3.436846578433712,1.3165721221124749,0.2246325441394165,1.6131641612014511,-0.3427161938466708,0.0886881436335735
2025-05-13,1.3795325378432932,0.9423920279080952,4.016174176313909,1.3463472531867555,1.752455253404668,0.4518073136514509,0.4640967839918799,0.0848895624210954
2025-05-14,1.4536134357005857,1.3038473507832598,4.269636699042627,1.3768378892782156,0.6424996903546881,-0.3658775715298709,0.0783393289628228,0.0761004280482027
2025-05-15,1.4699056574297564,1.6584528274990258,4.188408679233745,1.4140247045860057,-0.0952707031334704,1.184613157925302,-0.4297007180198894,0.0794576793290851
2025-05-16,1.493631760795883,1.9889823276704115,3.902906807489972,1.4525782767784785,-0.0027420535379548,-0.2942215266094686,-1.2680298278052584,0.0300834563040479
2025-05-19,1.4420636333396653,2.2792120202715767,3.425016721868615,1.4953880628464389,1.598715343307504,-0.4219178878560203,-1.413004034760623,0.0045138034051657
2025-05-20,1.302667255051624,2.5163147914317827,2.795017955944473,1.533189453993027,1.0280141618862129,-0.6545166839333193,1.425969131008777,-0.0207150726217275
2025-05-21,0.6486222667442813,2.667785143054204,1.7795569209613775,1.5618455035354903,0.507783152971567,-0.6912892061068826,2.5492040735933843,-0.0217957022305562
2025-05-22,0.653675006497464,2.7512566653493584,0.9732015478560118,1.5837778388003183,0.4043840046823129,-0.3860268987482617,0.7048800320655725,-0.034399099964342
2025-05-23,0.2893998594094157,2.761446663167157,0.1042020136541313,1.600600878005171,-0.8052177963936068,2.430849046382773,-0.8331072069391648,-0.0100192003993213
2025-05-27,0.763272771641623,2.759132048122532,-0.0440823299143368,1.6226799734643718,-0.4502442497635386,0.3214663532074855,-1.265508537249513,-0.0103992175012025
2025-05-28,0.6249210641542922,2.7347451786318207,-0.3058233208289168,1.642988707484475,-0.5545492729439379,0.1037276859537497,-1.2352530505805674,0.0102495588528701
2025-05-29,0.6596902448145273,2.6937750930889224,-0.5024732558254645,1.6628571609214582,-0.8753583951079696,-0.4822399362160778,-0.7360375205429641,0.0068457797542538
2025-05-30,0.5452827804314848,2.63217798919487,-0.7470761003618819,1.679239919543191,-0.7801121208390195,-1.034079635409756,-0.8268039805498012,0.027071101864097
2025-06-02,0.7442089951133388,2.5696439047981205,-0.7581871631598729,1.6942283862189351,-0.4780675499915607,-1.3331712113077447,-1.0915394889030756,0.0183031776665516
2025-06-03,1.0553520450003846,2.529816330965804,-0.4889249276295502,1.7134822357773425,0.7449929637527974,-1.292998490166078,-0.4410465255207441,0.0240442659260371
2025-06-04,1.0852033482653936,2.502444124980689,-0.3412245497413154,1.734699094064768,0.1688565329846371,-0.3510174427063078,-0.7927665580472373,0.0194275323363852
2025-06-05,0.9587298671717916,2.472749543397493,-0.3687641421197302,1.7533383818042656,-0.8160882950873457,0.019730178112083,-1.1066672322375484,0.032263628799251
2025-06-06,1.1660898609721333,2.4537279140539963,-0.2422003104990538,1.772133598745312,-1.2285201919557478,-1.042769032772687,-1.3978762914261502,0.0282464479852506
2025-06-09,1.2706928063527556,2.4449419553747767,-0.1208219262072675,1.792249699495384,-0.5878078225188293,1.8851800786497277,-0.8709265652753468,0.0186931812195292
2025-06-10,1.3890663301274144,2.446894744319675,0.0065221315184053,1.8043303711659715,-0.0890589895941912,1.81339810043421,0.8485935937430641,0.0149492872604433
2025-06-11,1.2707945133525134,2.445103828912388,-0.0378721051113686,1.811411830942252,-0.3568097252768782,-0.4438302812060204,0.7590877790141,0.0272730785659078
2025-06-12,1.4771070908660942,2.451695374612109,0.0615302319634548,1.8191537256131012,-1.0038632189518113,-0.9361035318103308,0.6872309981753542,0.0033982002542558
2025-06-13,0.7503366083864641,2.430972117698712,-0.2623788422118586,1.8234833195857756,-1.5457058145552,-0.8084071705637791,-0.622579445534418,0.0146536493680649
2025-06-16,1.1366459075150104,2.417362018091402,-0.1780283810310835,1.8309592008894064,-0.813370670413911,-0.5023892634344687,-1.303327895585695,0.0018682655461261
2025-06-17,0.8030405108076722,2.3895634563782,-0.3462804343146139,1.8371692404668465,-0.2022933509873043,-0.9413927302051583,-0.317503288289216,0.005284180590479
2025-06-18,0.8338837751462004,2.3503275478830656,-0.4819087403151924,1.8444525025203349,-0.3226453008108418,-0.8232672993873423,0.0909457817415501,-0.0083687842626857
2025-06-20,0.6164087569319071,2.2917183595284403,-0.7116442881757314,1.854781150766177,-0.6390544592178841,-1.1189586763172277,-0.1712684360559787,0.0171950836863532
2025-06-23,0.928407923263093,2.238923835787524,-0.6426918356047611,1.8675704717283952,-0.8717348955433899,-0.8513504241979746,-1.1003640058481847,0.0189671876526977
2025-06-24,1.3437896941323175,2.2199101962619814,-0.2421055642703198,1.886686533821164,0.0215871578242224,-0.6186256948255606,1.1423239434874113,0.0349878206191913
2025-06-25,1.5169438762420806,2.23332818678225,0.1424807500049281,1.9027970963047849,1.575421417535206,-0.4988631311712503,0.3846761314858976,0.0408763234556681
2025-06-26,1.6504874499182405,2.273628683344441,0.4612634908829383,1.921368597882667,0.4745246033966753,-0.3423280453433767,-0.0464645535465779,0.0442572394299256
2025-06-27,1.5821657649724163,2.320435221162903,0.5384145444604864,1.939306708931183,0.0754220084979767,-0.6423011543071698,-0.0489858441023234,0.0426135978123038
2025-06-30,1.7770957740913496,2.381566300637496,0.7082802795910358,1.9601655273023015,-0.6156311227468515,0.6573304512790372,-0.4158336199632894,0.015086537957718
2025-07-01,1.2636933007659994,2.425054486711673,0.4990642970322582,1.9770765973879785,-0.4574912488926979,0.2182010512132325,-0.5040787894143809,0.0171244792827445
2025-07-02,1.4966809835207353,2.469114911773859,0.5058501194831339,1.993211989094396,1.9357008028134088,0.4718307075747268,0.258611603698624,0.0234595290518049
2025-07-03,1.753466959345577,2.530293529854712,0.7088440100400278,2.0120951387770463,0.9616264734351648,0.6817615105313362,-0.8671446294417287,0.016549004369659
2025-07-07,1.316291123238269,2.5769157293422382,0.536228592068527,2.0297185033254026,-0.77467687149215,0.2077485877186923,-1.056241421122639,0.012083927137428
2025-07-08,1.4333717967011863,2.6157777371824222,0.4442053573589105,2.0465550997625783,-0.7522888206109974,1.0394120686577728,-0.4637381405224533,0.0273338857958957
2025-07-09,1.561486669647557,2.6527530877654195,0.4218326748937574,2.0637334169656745,1.5771037566187611,1.8142796335000149,1.2293084676606305,0.0132482293739817
2025-07-10,1.3678937416859274,2.673320617089812,0.2272626365015972,2.0789016045940043,1.742490629602074,-0.0580965982689512,0.8422903673537006,-0.0043196816176597
2025-07-11,1.1103082870709238,2.6670574900030704,-0.0909052521974276,2.093517703027242,-0.7181243961449608,-0.370285236858894,-0.36540780884838,0.0028244203117635
2025-07-14,1.0613075555503029,2.635864261890574,-0.3865356492654017,2.1058952878996293,-0.909522819574006,-0.2906953943462502,-0.6276220266459089,0.0063209452697159
2025-07-15,1.307517074466774,2.6012138000911165,-0.4275328103509967,2.123477349856027,-0.6695953841193408,1.1925469555175434,0.8397690767979551,0.0034131207719931
2025-07-16,1.3900192417712638,2.565620021234611,-0.4387190143638858,2.138244554649119,-0.5302200615817603,0.1762652639399567,0.3645058070399338,0.0158766689930707
2025-07-17,1.6192502161168396,2.5426040520016966,-0.289566676416027,2.1567486766421555,-0.4637029624319772,0.9939501491212788,-0.0338581007678506,0.0196990753358932
2025-07-18,1.5731704370991624,2.5208253888981,-0.2748942407958655,2.174830617728318,-0.7999119577454724,-0.4935739327764227,-0.7499046185995643,0.021866732944868
2025-07-21,1.6080004956675746,2.4970480718645938,-0.2985950214019947,2.1942064543378565,2.152334312495777,-0.475187671689641,0.0518657781274954,0.0034895656768065
2025-07-22,0.9379429677970584,2.44836490080422,-0.5939378885517733,2.2088430498482987,1.329152857842527,-0.2986291919384916,0.7124439037328089,0.0061072905648411
2025-07-23,1.126136288509208,2.3915622406924086,-0.6902218053231398,2.2208334895155435,1.249177046024305,0.2926276286261637,2.3802776063584377,0.0012641426987283
2025-07-24,1.2602059693711365,2.3348200082374846,-0.6895052317247797,2.2318959387332526,-0.1877993527289857,-0.738514191774986,3.0118608905726783,0.0042162425703404
2025-07-25,1.333016324651127,2.2795799379002077,-0.6716920354267966,2.2419293000843776,-0.6407367983014389,-0.8381274282109055,0.401064520098243,0.0109098322018088
2025-07-28,1.573368075766394,2.2381503891055,-0.507921741711264,2.254158610614418,0.1177393069843175,-0.898575409866078,0.0115251292355679,0.0204010618952288
2025-07-29,1.5744897067133514,2.2017619463095235,-0.4481424344983948,2.264136859783265,0.3271258175375258,1.534455851754612,0.2636541848101149,0.0204010618952288
